AUDITDEV|BASE|c5e98477efe4fe3c36d6bffe68818d84c2d08325
AUDITDEV|FAIL|design/audit_impacts/job-review-separate-v2-20261001.json: files contain an unsafe path, directory, or wildcard
AUDITDEV|FAIL|design/audit_impacts/job-review-separate-v2-20261001.json: files contain an unsafe path, directory, or wildcard
AUDITDEV|FAIL|design/audit_impacts/job-review-separate-v2-20261001.json: files contain an unsafe path, directory, or wildcard
AUDITDEV|FAIL|design/audit_impacts/job-review-separate-v2-20261001.json: files contain an unsafe path, directory, or wildcard
AUDITDEV|FAIL|design/audit_impacts/job-review-separate-v2-20261001.json: files contain an unsafe path, directory, or wildcard
AUDITDEV|FAIL|design/audit_impacts/job-review-separate-v2-20261001.json: files contain an unsafe path, directory, or wildcard
AUDITDEV|FAIL|no changed audit-impact record covers assets_src/imagegen/day2_doctor_wash_motion_v1_20261001/.gdignore
AUDITDEV|FAIL|no changed audit-impact record covers assets_src/imagegen/day2_doctor_wash_motion_v1_20261001/MOTION_KEY01_ATTEMPT01_ALPHA.json
AUDITDEV|FAIL|no changed audit-impact record covers assets_src/imagegen/day2_doctor_wash_motion_v1_20261001/MOTION_KEY01_ATTEMPT01_PROMPT.json
AUDITDEV|FAIL|no changed audit-impact record covers assets_src/imagegen/day2_doctor_wash_motion_v1_20261001/MOTION_KEY01_ATTEMPT01_REVIEW.json
AUDITDEV|FAIL|no changed audit-impact record covers assets_src/imagegen/day2_doctor_wash_motion_v1_20261001/PROFILE.json
AUDITDEV|FAIL|no changed audit-impact record covers assets_src/imagegen/day2_doctor_wash_motion_v1_20261001/executed_inspect_doctor_motion_source_v23.py
AUDITDEV|FAIL|no changed audit-impact record covers assets_src/imagegen/day2_doctor_wash_motion_v1_20261001/executed_prepare_doctor_motion_gap_v22.py
AUDITDEV|FAIL|no changed audit-impact record covers assets_src/imagegen/day2_doctor_wash_motion_v1_20261001/executed_review_doctor_motion_key_v24.py
AUDITDEV|FAIL|no changed audit-impact record covers assets_src/imagegen/day2_doctor_wash_motion_v1_20261001/index.html
AUDITDEV|FAIL|no changed audit-impact record covers assets_src/imagegen/day2_doctor_wash_motion_v1_20261001/motion_key01_attempt01_native.png
AUDITDEV|FAIL|no changed audit-impact record covers assets_src/imagegen/day2_doctor_wash_motion_v1_20261001/motion_key01_attempt01_review_aqua.png
AUDITDEV|FAIL|no changed audit-impact record covers assets_src/imagegen/day2_doctor_wash_motion_v1_20261001/motion_key01_attempt01_review_white.png
AUDITDEV|FAIL|no changed audit-impact record covers assets_src/imagegen/day2_doctor_wash_pose_v1_20261001/.gdignore
AUDITDEV|FAIL|no changed audit-impact record covers assets_src/imagegen/day2_doctor_wash_pose_v1_20261001/ATTEMPT_01_PROMPT.json
AUDITDEV|FAIL|no changed audit-impact record covers assets_src/imagegen/day2_doctor_wash_pose_v1_20261001/ATTEMPT_01_REVIEW.json
AUDITDEV|FAIL|no changed audit-impact record covers assets_src/imagegen/day2_doctor_wash_pose_v1_20261001/ATTEMPT_02_PROMPT.json
AUDITDEV|FAIL|no changed audit-impact record covers assets_src/imagegen/day2_doctor_wash_pose_v1_20261001/ATTEMPT_02_REVIEW.json
AUDITDEV|FAIL|no changed audit-impact record covers assets_src/imagegen/day2_doctor_wash_pose_v1_20261001/ATTEMPT_03_PROMPT.json
AUDITDEV|FAIL|no changed audit-impact record covers assets_src/imagegen/day2_doctor_wash_pose_v1_20261001/ATTEMPT_03_REVIEW.json
AUDITDEV|FAIL|no changed audit-impact record covers assets_src/imagegen/day2_doctor_wash_pose_v1_20261001/ATTEMPT_04_PROMPT.json
AUDITDEV|FAIL|no changed audit-impact record covers assets_src/imagegen/day2_doctor_wash_pose_v1_20261001/ATTEMPT_04_REVIEW.json
AUDITDEV|FAIL|no changed audit-impact record covers assets_src/imagegen/day2_doctor_wash_pose_v1_20261001/ATTEMPT_05_PROMPT.json
AUDITDEV|FAIL|no changed audit-impact record covers assets_src/imagegen/day2_doctor_wash_pose_v1_20261001/ATTEMPT_05_REVIEW.json
AUDITDEV|FAIL|no changed audit-impact record covers assets_src/imagegen/day2_doctor_wash_pose_v1_20261001/ATTEMPT_06_PROMPT.json
AUDITDEV|FAIL|no changed audit-impact record covers assets_src/imagegen/day2_doctor_wash_pose_v1_20261001/ATTEMPT_06_REVIEW.json
AUDITDEV|FAIL|no changed audit-impact record covers assets_src/imagegen/day2_doctor_wash_pose_v1_20261001/QUALIFICATION_CORRECTION_V1.json
AUDITDEV|FAIL|no changed audit-impact record covers assets_src/imagegen/day2_doctor_wash_pose_v1_20261001/attempt_01_native.png
AUDITDEV|FAIL|no changed audit-impact record covers assets_src/imagegen/day2_doctor_wash_pose_v1_20261001/attempt_02_native.png
AUDITDEV|FAIL|no changed audit-impact record covers assets_src/imagegen/day2_doctor_wash_pose_v1_20261001/attempt_03_native.png
AUDITDEV|FAIL|no changed audit-impact record covers assets_src/imagegen/day2_doctor_wash_pose_v1_20261001/attempt_04_native.png
AUDITDEV|FAIL|no changed audit-impact record covers assets_src/imagegen/day2_doctor_wash_pose_v1_20261001/attempt_05_native.png
AUDITDEV|FAIL|no changed audit-impact record covers assets_src/imagegen/day2_doctor_wash_pose_v1_20261001/attempt_06_native.png
AUDITDEV|FAIL|no changed audit-impact record covers assets_src/imagegen/day2_doctor_wash_pose_v1_20261001/executed_finalize_doctor_wash_source_and_review_links_v7.py
AUDITDEV|FAIL|no changed audit-impact record covers assets_src/imagegen/day2_doctor_wash_pose_v1_20261001/executed_prepare_doctor_wash_attempt05_and_preview_v5.py
AUDITDEV|FAIL|no changed audit-impact record covers assets_src/imagegen/day2_doctor_wash_pose_v1_20261001/executed_prepare_doctor_wash_attempt06_and_browser_archive_v6.py
AUDITDEV|FAIL|no changed audit-impact record covers assets_src/imagegen/day2_doctor_wash_pose_v1_20261001/executed_prepare_doctor_wash_source_v1.py
AUDITDEV|FAIL|no changed audit-impact record covers assets_src/imagegen/day2_doctor_wash_pose_v1_20261001/executed_review_doctor_wash_attempt01_v1.py
AUDITDEV|FAIL|no changed audit-impact record covers assets_src/imagegen/day2_doctor_wash_pose_v1_20261001/executed_review_doctor_wash_attempt02_v1.py
AUDITDEV|FAIL|no changed audit-impact record covers assets_src/imagegen/day2_doctor_wash_pose_v1_20261001/executed_review_doctor_wash_attempt03_v1.py
AUDITDEV|FAIL|no changed audit-impact record covers assets_src/imagegen/day2_doctor_wash_pose_v1_20261001/index.html
AUDITDEV|FAIL|no changed audit-impact record covers assets_src/imagegen/day2_wash_foam_v1_20261001/.gdignore
AUDITDEV|FAIL|no changed audit-impact record covers assets_src/imagegen/day2_wash_foam_v1_20261001/ATTEMPT_01_PROMPT.json
AUDITDEV|FAIL|no changed audit-impact record covers assets_src/imagegen/day2_wash_foam_v1_20261001/ATTEMPT_01_REVIEW.json
AUDITDEV|FAIL|no changed audit-impact record covers assets_src/imagegen/day2_wash_foam_v1_20261001/ATTEMPT_02_PROMPT.json
AUDITDEV|FAIL|no changed audit-impact record covers assets_src/imagegen/day2_wash_foam_v1_20261001/ATTEMPT_02_REVIEW.json
AUDITDEV|FAIL|no changed audit-impact record covers assets_src/imagegen/day2_wash_foam_v1_20261001/NATIVE_CONTEXT_REVIEW_V2.json
AUDITDEV|FAIL|no changed audit-impact record covers assets_src/imagegen/day2_wash_foam_v1_20261001/NORMALIZATION_PROFILE.json
AUDITDEV|FAIL|no changed audit-impact record covers assets_src/imagegen/day2_wash_foam_v1_20261001/attempt_01_native.png
AUDITDEV|FAIL|no changed audit-impact record covers assets_src/imagegen/day2_wash_foam_v1_20261001/attempt_02_native.png
AUDITDEV|FAIL|no changed audit-impact record covers assets_src/imagegen/day2_wash_foam_v1_20261001/attempt_02_whole_canvas_1024x608.png
AUDITDEV|FAIL|no changed audit-impact record covers assets_src/imagegen/day2_wash_foam_v1_20261001/native_fit_v1/PROCESS_RECEIPT.json
AUDITDEV|FAIL|no changed audit-impact record covers assets_src/imagegen/day2_wash_foam_v1_20261001/native_fit_v1/PROFILE.json
AUDITDEV|FAIL|no changed audit-impact record covers assets_src/imagegen/day2_wash_foam_v1_20261001/native_fit_v1/analyzer.stderr.log
AUDITDEV|FAIL|no changed audit-impact record covers assets_src/imagegen/day2_wash_foam_v1_20261001/native_fit_v1/analyzer.stdout.log
AUDITDEV|FAIL|no changed audit-impact record covers assets_src/imagegen/day2_wash_foam_v1_20261001/native_fit_v1/executed_capture_foam_native_fit_v1.gd
AUDITDEV|FAIL|no changed audit-impact record covers assets_src/imagegen/day2_wash_foam_v1_20261001/native_fit_v1/executed_prepare_foam_native_fit_v1.py
AUDITDEV|FAIL|no changed audit-impact record covers assets_src/imagegen/day2_wash_foam_v1_20261001/native_fit_v1/executed_run_foam_native_fit_v1.py
AUDITDEV|FAIL|no changed audit-impact record covers assets_src/imagegen/day2_wash_foam_v1_20261001/native_fit_v1/inference.stderr.log
AUDITDEV|FAIL|no changed audit-impact record covers assets_src/imagegen/day2_wash_foam_v1_20261001/native_fit_v1/inference.stdout.log
AUDITDEV|FAIL|no changed audit-impact record covers assets_src/imagegen/day2_wash_foam_v1_20261001/native_fit_v1/native.stderr.log
AUDITDEV|FAIL|no changed audit-impact record covers assets_src/imagegen/day2_wash_foam_v1_20261001/native_fit_v1/native.stdout.log
AUDITDEV|FAIL|no changed audit-impact record covers assets_src/imagegen/day2_wash_foam_v1_20261001/native_fit_v1/native_views/CAPTURE_RECEIPT.json
AUDITDEV|FAIL|no changed audit-impact record covers assets_src/imagegen/day2_wash_foam_v1_20261001/native_fit_v1/native_views/doctor_1280_fresh_foam02.webp
AUDITDEV|FAIL|no changed audit-impact record covers assets_src/imagegen/day2_wash_foam_v1_20261001/native_fit_v1/native_views/doctor_1280_original.webp
AUDITDEV|FAIL|no changed audit-impact record covers assets_src/imagegen/day2_wash_foam_v1_20261001/native_fit_v1/native_views/doctor_1600_fresh_foam02.webp
AUDITDEV|FAIL|no changed audit-impact record covers assets_src/imagegen/day2_wash_foam_v1_20261001/native_fit_v1/native_views/doctor_1600_original.webp
AUDITDEV|FAIL|no changed audit-impact record covers assets_src/imagegen/day2_wash_foam_v1_20261001/native_fit_v1/native_views/nursery_1280_fresh_foam02.webp
AUDITDEV|FAIL|no changed audit-impact record covers assets_src/imagegen/day2_wash_foam_v1_20261001/native_fit_v1/native_views/nursery_1280_original.webp
AUDITDEV|FAIL|no changed audit-impact record covers assets_src/imagegen/day2_wash_foam_v1_20261001/native_fit_v1/native_views/nursery_1600_fresh_foam02.webp
AUDITDEV|FAIL|no changed audit-impact record covers assets_src/imagegen/day2_wash_foam_v1_20261001/native_fit_v1/native_views/nursery_1600_original.webp
AUDITDEV|FAIL|no changed audit-impact record covers assets_src/imagegen/day2_wash_foam_v1_20261001/native_fit_v1/parser.stderr.log
AUDITDEV|FAIL|no changed audit-impact record covers assets_src/imagegen/day2_wash_foam_v1_20261001/native_fit_v1/parser.stdout.log
AUDITDEV|FAIL|no changed audit-impact record covers audit/day_two_wash_bubble_reuse_v1_20261001/.gdignore
AUDITDEV|FAIL|no changed audit-impact record covers audit/day_two_wash_bubble_reuse_v1_20261001/PROCESS_RECEIPT.json
AUDITDEV|FAIL|no changed audit-impact record covers audit/day_two_wash_bubble_reuse_v1_20261001/PROFILE.json
AUDITDEV|FAIL|no changed audit-impact record covers audit/day_two_wash_bubble_reuse_v1_20261001/REVIEW.json
AUDITDEV|FAIL|no changed audit-impact record covers audit/day_two_wash_bubble_reuse_v1_20261001/analyzer.stderr.log
AUDITDEV|FAIL|no changed audit-impact record covers audit/day_two_wash_bubble_reuse_v1_20261001/analyzer.stdout.log
AUDITDEV|FAIL|no changed audit-impact record covers audit/day_two_wash_bubble_reuse_v1_20261001/executed_capture_wash_bubble_reuse_v1.gd
AUDITDEV|FAIL|no changed audit-impact record covers audit/day_two_wash_bubble_reuse_v1_20261001/executed_run_wash_bubble_reuse_v1.py
AUDITDEV|FAIL|no changed audit-impact record covers audit/day_two_wash_bubble_reuse_v1_20261001/index.html
AUDITDEV|FAIL|no changed audit-impact record covers audit/day_two_wash_bubble_reuse_v1_20261001/inference.stderr.log
AUDITDEV|FAIL|no changed audit-impact record covers audit/day_two_wash_bubble_reuse_v1_20261001/inference.stdout.log
AUDITDEV|FAIL|no changed audit-impact record covers audit/day_two_wash_bubble_reuse_v1_20261001/native.stderr.log
AUDITDEV|FAIL|no changed audit-impact record covers audit/day_two_wash_bubble_reuse_v1_20261001/native.stdout.log
AUDITDEV|FAIL|no changed audit-impact record covers audit/day_two_wash_bubble_reuse_v1_20261001/native_views/CAPTURE_RECEIPT.json
AUDITDEV|FAIL|no changed audit-impact record covers audit/day_two_wash_bubble_reuse_v1_20261001/native_views/doctor_1280_cell0_131.webp
AUDITDEV|FAIL|no changed audit-impact record covers audit/day_two_wash_bubble_reuse_v1_20261001/native_views/doctor_1280_cell2_131.webp
AUDITDEV|FAIL|no changed audit-impact record covers audit/day_two_wash_bubble_reuse_v1_20261001/native_views/doctor_1280_cell2_180.webp
AUDITDEV|FAIL|no changed audit-impact record covers audit/day_two_wash_bubble_reuse_v1_20261001/native_views/doctor_1280_original.webp
AUDITDEV|FAIL|no changed audit-impact record covers audit/day_two_wash_bubble_reuse_v1_20261001/native_views/doctor_1280_original_activity_initial.webp
AUDITDEV|FAIL|no changed audit-impact record covers audit/day_two_wash_bubble_reuse_v1_20261001/native_views/doctor_1600_cell0_131.webp
AUDITDEV|FAIL|no changed audit-impact record covers audit/day_two_wash_bubble_reuse_v1_20261001/native_views/doctor_1600_cell2_131.webp
AUDITDEV|FAIL|no changed audit-impact record covers audit/day_two_wash_bubble_reuse_v1_20261001/native_views/doctor_1600_cell2_180.webp
AUDITDEV|FAIL|no changed audit-impact record covers audit/day_two_wash_bubble_reuse_v1_20261001/native_views/doctor_1600_original.webp
AUDITDEV|FAIL|no changed audit-impact record covers audit/day_two_wash_bubble_reuse_v1_20261001/native_views/doctor_1600_original_activity_initial.webp
AUDITDEV|FAIL|no changed audit-impact record covers audit/day_two_wash_bubble_reuse_v1_20261001/native_views/nursery_1280_cell0_131.webp
AUDITDEV|FAIL|no changed audit-impact record covers audit/day_two_wash_bubble_reuse_v1_20261001/native_views/nursery_1280_cell2_131.webp
AUDITDEV|FAIL|no changed audit-impact record covers audit/day_two_wash_bubble_reuse_v1_20261001/native_views/nursery_1280_cell2_180.webp
AUDITDEV|FAIL|no changed audit-impact record covers audit/day_two_wash_bubble_reuse_v1_20261001/native_views/nursery_1280_original.webp
AUDITDEV|FAIL|no changed audit-impact record covers audit/day_two_wash_bubble_reuse_v1_20261001/native_views/nursery_1280_original_activity_initial.webp
AUDITDEV|FAIL|no changed audit-impact record covers audit/day_two_wash_bubble_reuse_v1_20261001/native_views/nursery_1600_cell0_131.webp
AUDITDEV|FAIL|no changed audit-impact record covers audit/day_two_wash_bubble_reuse_v1_20261001/native_views/nursery_1600_cell2_131.webp
AUDITDEV|FAIL|no changed audit-impact record covers audit/day_two_wash_bubble_reuse_v1_20261001/native_views/nursery_1600_cell2_180.webp
AUDITDEV|FAIL|no changed audit-impact record covers audit/day_two_wash_bubble_reuse_v1_20261001/native_views/nursery_1600_original.webp
AUDITDEV|FAIL|no changed audit-impact record covers audit/day_two_wash_bubble_reuse_v1_20261001/native_views/nursery_1600_original_activity_initial.webp
AUDITDEV|FAIL|no changed audit-impact record covers audit/day_two_wash_bubble_reuse_v1_20261001/parser.stderr.log
AUDITDEV|FAIL|no changed audit-impact record covers audit/day_two_wash_bubble_reuse_v1_20261001/parser.stdout.log
AUDITDEV|FAIL|no changed audit-impact record covers audit/day_two_wash_bubble_reuse_v1_20261001/prepare_wash_foam_candidate_v1.py
AUDITDEV|FAIL|no changed audit-impact record covers audit/day_two_wash_complete_action_v1_20261001/.gdignore
AUDITDEV|FAIL|no changed audit-impact record covers audit/day_two_wash_complete_action_v1_20261001/FINALIZER_COUNT_FAILURE_V3.json
AUDITDEV|FAIL|no changed audit-impact record covers audit/day_two_wash_complete_action_v1_20261001/FRAME_VIEWER_DATA_V2.json
AUDITDEV|FAIL|no changed audit-impact record covers audit/day_two_wash_complete_action_v1_20261001/KEY_BOARD_REGISTER_V2.json
AUDITDEV|FAIL|no changed audit-impact record covers audit/day_two_wash_complete_action_v1_20261001/REVIEW.json
AUDITDEV|FAIL|no changed audit-impact record covers audit/day_two_wash_complete_action_v1_20261001/executed_build_complete_wash_library_v2.py
AUDITDEV|FAIL|no changed audit-impact record covers audit/day_two_wash_complete_action_v1_20261001/executed_finalize_selected_wash_review_v4.py
AUDITDEV|FAIL|no changed audit-impact record covers audit/day_two_wash_complete_action_v1_20261001/failed_attempt_01/FAILURE.json
AUDITDEV|FAIL|no changed audit-impact record covers audit/day_two_wash_complete_action_v1_20261001/failed_attempt_01/PROCESS_RECEIPT.json
AUDITDEV|FAIL|no changed audit-impact record covers audit/day_two_wash_complete_action_v1_20261001/failed_attempt_01/PROFILE.json
AUDITDEV|FAIL|no changed audit-impact record covers audit/day_two_wash_complete_action_v1_20261001/failed_attempt_01/Roaming/Godot/app_userdata/Mermaid Roshan Reef of Light/logs/godot.log
AUDITDEV|FAIL|no changed audit-impact record covers audit/day_two_wash_complete_action_v1_20261001/failed_attempt_01/Roaming/Godot/app_userdata/Mermaid Roshan Reef of Light/logs/godot2026-10-01T14.32.18.log
AUDITDEV|FAIL|no changed audit-impact record covers audit/day_two_wash_complete_action_v1_20261001/failed_attempt_01/analyzer.stderr.log
AUDITDEV|FAIL|no changed audit-impact record covers audit/day_two_wash_complete_action_v1_20261001/failed_attempt_01/analyzer.stdout.log
AUDITDEV|FAIL|no changed audit-impact record covers audit/day_two_wash_complete_action_v1_20261001/failed_attempt_01/executed_capture_complete_wash_v1.gd
AUDITDEV|FAIL|no changed audit-impact record covers audit/day_two_wash_complete_action_v1_20261001/failed_attempt_01/executed_prepare_complete_wash_retry_v2.py
AUDITDEV|FAIL|no changed audit-impact record covers audit/day_two_wash_complete_action_v1_20261001/failed_attempt_01/executed_run_complete_wash_v1.py
AUDITDEV|FAIL|no changed audit-impact record covers audit/day_two_wash_complete_action_v1_20261001/failed_attempt_01/inference.stderr.log
AUDITDEV|FAIL|no changed audit-impact record covers audit/day_two_wash_complete_action_v1_20261001/failed_attempt_01/inference.stdout.log
AUDITDEV|FAIL|no changed audit-impact record covers audit/day_two_wash_complete_action_v1_20261001/failed_attempt_01/native.stderr.log
AUDITDEV|FAIL|no changed audit-impact record covers audit/day_two_wash_complete_action_v1_20261001/failed_attempt_01/native.stdout.log
AUDITDEV|FAIL|no changed audit-impact record covers audit/day_two_wash_complete_action_v1_20261001/failed_attempt_01/native_frames/opera_training_doctor_1280/0000.webp
AUDITDEV|FAIL|no changed audit-impact record covers audit/day_two_wash_complete_action_v1_20261001/failed_attempt_01/native_frames/opera_training_doctor_1280/0001.webp
AUDITDEV|FAIL|no changed audit-impact record covers audit/day_two_wash_complete_action_v1_20261001/failed_attempt_01/native_frames/opera_training_doctor_1280/0002.webp
AUDITDEV|FAIL|no changed audit-impact record covers audit/day_two_wash_complete_action_v1_20261001/failed_attempt_01/native_frames/opera_training_doctor_1280/0003.webp
AUDITDEV|FAIL|no changed audit-impact record covers audit/day_two_wash_complete_action_v1_20261001/failed_attempt_01/native_frames/opera_training_doctor_1280/0004.webp
AUDITDEV|FAIL|no changed audit-impact record covers audit/day_two_wash_complete_action_v1_20261001/failed_attempt_01/native_frames/opera_training_doctor_1280/0005.webp
AUDITDEV|FAIL|no changed audit-impact record covers audit/day_two_wash_complete_action_v1_20261001/failed_attempt_01/native_frames/opera_training_doctor_1280/0006.webp
AUDITDEV|FAIL|no changed audit-impact record covers audit/day_two_wash_complete_action_v1_20261001/failed_attempt_01/native_frames/opera_training_doctor_1280/0007.webp
AUDITDEV|FAIL|no changed audit-impact record covers audit/day_two_wash_complete_action_v1_20261001/failed_attempt_01/native_frames/opera_training_doctor_1280/0008.webp
AUDITDEV|FAIL|no changed audit-impact record covers audit/day_two_wash_complete_action_v1_20261001/failed_attempt_01/native_frames/opera_training_doctor_1280/0009.webp
AUDITDEV|FAIL|no changed audit-impact record covers audit/day_two_wash_complete_action_v1_20261001/failed_attempt_01/native_frames/opera_training_doctor_1280/0010.webp
AUDITDEV|FAIL|no changed audit-impact record covers audit/day_two_wash_complete_action_v1_20261001/failed_attempt_01/native_frames/opera_training_doctor_1280/0011.webp
AUDITDEV|FAIL|no changed audit-impact record covers audit/day_two_wash_complete_action_v1_20261001/failed_attempt_01/parser.stderr.log
AUDITDEV|FAIL|no changed audit-impact record covers audit/day_two_wash_complete_action_v1_20261001/failed_attempt_01/parser.stdout.log
AUDITDEV|FAIL|no changed audit-impact record covers audit/day_two_wash_complete_action_v1_20261001/failed_finalize_selected_wash_review_v3.py
AUDITDEV|FAIL|no changed audit-impact record covers audit/day_two_wash_complete_action_v1_20261001/index.html
AUDITDEV|FAIL|no changed audit-impact record covers audit/day_two_wash_complete_action_v1_20261001/key_boards_v2/birthday_story_catalog_doctor_1280_key_00.webp
AUDITDEV|FAIL|no changed audit-impact record covers audit/day_two_wash_complete_action_v1_20261001/key_boards_v2/birthday_story_catalog_doctor_1280_key_01.webp
AUDITDEV|FAIL|no changed audit-impact record covers audit/day_two_wash_complete_action_v1_20261001/key_boards_v2/birthday_story_catalog_doctor_1600_key_00.webp
AUDITDEV|FAIL|no changed audit-impact record covers audit/day_two_wash_complete_action_v1_20261001/key_boards_v2/birthday_story_catalog_doctor_1600_key_01.webp
AUDITDEV|FAIL|no changed audit-impact record covers audit/day_two_wash_complete_action_v1_20261001/key_boards_v2/birthday_story_catalog_nursery_1280_key_00.webp
AUDITDEV|FAIL|no changed audit-impact record covers audit/day_two_wash_complete_action_v1_20261001/key_boards_v2/birthday_story_catalog_nursery_1280_key_01.webp
AUDITDEV|FAIL|no changed audit-impact record covers audit/day_two_wash_complete_action_v1_20261001/key_boards_v2/birthday_story_catalog_nursery_1280_key_02.webp
AUDITDEV|FAIL|no changed audit-impact record covers audit/day_two_wash_complete_action_v1_20261001/key_boards_v2/birthday_story_catalog_nursery_1600_key_00.webp
AUDITDEV|FAIL|no changed audit-impact record covers audit/day_two_wash_complete_action_v1_20261001/key_boards_v2/birthday_story_catalog_nursery_1600_key_01.webp
AUDITDEV|FAIL|no changed audit-impact record covers audit/day_two_wash_complete_action_v1_20261001/key_boards_v2/birthday_story_catalog_nursery_1600_key_02.webp
AUDITDEV|FAIL|no changed audit-impact record covers audit/day_two_wash_complete_action_v1_20261001/key_boards_v2/opera_training_doctor_1280_key_00.webp
AUDITDEV|FAIL|no changed audit-impact record covers audit/day_two_wash_complete_action_v1_20261001/key_boards_v2/opera_training_doctor_1280_key_01.webp
AUDITDEV|FAIL|no changed audit-impact record covers audit/day_two_wash_complete_action_v1_20261001/key_boards_v2/opera_training_doctor_1600_key_00.webp
AUDITDEV|FAIL|no changed audit-impact record covers audit/day_two_wash_complete_action_v1_20261001/key_boards_v2/opera_training_doctor_1600_key_01.webp
AUDITDEV|FAIL|no changed audit-impact record covers audit/day_two_wash_complete_action_v1_20261001/key_boards_v2/opera_training_nursery_1280_key_00.webp
AUDITDEV|FAIL|no changed audit-impact record covers audit/day_two_wash_complete_action_v1_20261001/key_boards_v2/opera_training_nursery_1280_key_01.webp
AUDITDEV|FAIL|no changed audit-impact record covers audit/day_two_wash_complete_action_v1_20261001/key_boards_v2/opera_training_nursery_1280_key_02.webp
AUDITDEV|FAIL|no changed audit-impact record covers audit/day_two_wash_complete_action_v1_20261001/key_boards_v2/opera_training_nursery_1600_key_00.webp
AUDITDEV|FAIL|no changed audit-impact record covers audit/day_two_wash_complete_action_v1_20261001/key_boards_v2/opera_training_nursery_1600_key_01.webp
AUDITDEV|FAIL|no changed audit-impact record covers audit/day_two_wash_complete_action_v1_20261001/key_boards_v2/opera_training_nursery_1600_key_02.webp
AUDITDEV|FAIL|no changed audit-impact record covers audit/day_two_wash_complete_action_v1_20261001/local_hold_attempt_02/CAPTURE_QUALIFICATION_V2.json
AUDITDEV|FAIL|no changed audit-impact record covers audit/day_two_wash_complete_action_v1_20261001/local_hold_attempt_02/PROCESS_RECEIPT.json
AUDITDEV|FAIL|no changed audit-impact record covers audit/day_two_wash_complete_action_v1_20261001/local_hold_attempt_02/PROFILE.json
AUDITDEV|FAIL|no changed audit-impact record covers audit/day_two_wash_complete_action_v1_20261001/local_hold_attempt_02/Roaming/Godot/app_userdata/Mermaid Roshan Reef of Light/logs/godot.log
AUDITDEV|FAIL|no changed audit-impact record covers audit/day_two_wash_complete_action_v1_20261001/local_hold_attempt_02/Roaming/Godot/app_userdata/Mermaid Roshan Reef of Light/logs/godot2026-10-01T14.34.18.log
AUDITDEV|FAIL|no changed audit-impact record covers audit/day_two_wash_complete_action_v1_20261001/local_hold_attempt_02/analyzer.stderr.log
AUDITDEV|FAIL|no changed audit-impact record covers audit/day_two_wash_complete_action_v1_20261001/local_hold_attempt_02/analyzer.stdout.log
AUDITDEV|FAIL|no changed audit-impact record covers audit/day_two_wash_complete_action_v1_20261001/local_hold_attempt_02/executed_capture_complete_wash_v2.gd
AUDITDEV|FAIL|no changed audit-impact record covers audit/day_two_wash_complete_action_v1_20261001/local_hold_attempt_02/executed_run_complete_wash_v2.py
AUDITDEV|FAIL|no changed audit-impact record covers audit/day_two_wash_complete_action_v1_20261001/local_hold_attempt_02/inference.stderr.log
AUDITDEV|FAIL|no changed audit-impact record covers audit/day_two_wash_complete_action_v1_20261001/local_hold_attempt_02/inference.stdout.log
AUDITDEV|FAIL|no changed audit-impact record covers audit/day_two_wash_complete_action_v1_20261001/local_hold_attempt_02/native.stderr.log
AUDITDEV|FAIL|no changed audit-impact record covers audit/day_two_wash_complete_action_v1_20261001/local_hold_attempt_02/native.stdout.log
AUDITDEV|FAIL|no changed audit-impact record covers audit/day_two_wash_complete_action_v1_20261001/local_hold_attempt_02/native_frames/CAPTURE_RECEIPT.json
AUDITDEV|FAIL|no changed audit-impact record covers audit/day_two_wash_complete_action_v1_20261001/local_hold_attempt_02/native_frames/birthday_story_catalog_doctor_1280/0000.webp
AUDITDEV|FAIL|no changed audit-impact record covers audit/day_two_wash_complete_action_v1_20261001/local_hold_attempt_02/native_frames/birthday_story_catalog_doctor_1280/0001.webp
AUDITDEV|FAIL|no changed audit-impact record covers audit/day_two_wash_complete_action_v1_20261001/local_hold_attempt_02/native_frames/birthday_story_catalog_doctor_1280/0002.webp
AUDITDEV|FAIL|no changed audit-impact record covers audit/day_two_wash_complete_action_v1_20261001/local_hold_attempt_02/native_frames/birthday_story_catalog_doctor_1280/0003.webp
AUDITDEV|FAIL|no changed audit-impact record covers audit/day_two_wash_complete_action_v1_20261001/local_hold_attempt_02/native_frames/birthday_story_catalog_doctor_1280/0004.webp
AUDITDEV|FAIL|no changed audit-impact record covers audit/day_two_wash_complete_action_v1_20261001/local_hold_attempt_02/native_frames/birthday_story_catalog_doctor_1280/0005.webp
AUDITDEV|FAIL|no changed audit-impact record covers audit/day_two_wash_complete_action_v1_20261001/local_hold_attempt_02/native_frames/birthday_story_catalog_doctor_1280/0006.webp
AUDITDEV|FAIL|no changed audit-impact record covers audit/day_two_wash_complete_action_v1_20261001/local_hold_attempt_02/native_frames/birthday_story_catalog_doctor_1280/0007.webp
AUDITDEV|FAIL|no changed audit-impact record covers audit/day_two_wash_complete_action_v1_20261001/local_hold_attempt_02/native_frames/birthday_story_catalog_doctor_1280/0008.webp
AUDITDEV|FAIL|no changed audit-impact record covers audit/day_two_wash_complete_action_v1_20261001/local_hold_attempt_02/native_frames/birthday_story_catalog_doctor_1280/0009.webp
AUDITDEV|FAIL|no changed audit-impact record covers audit/day_two_wash_complete_action_v1_20261001/local_hold_attempt_02/native_frames/birthday_story_catalog_doctor_1280/0010.webp
AUDITDEV|FAIL|no changed audit-impact record covers audit/day_two_wash_complete_action_v1_20261001/local_hold_attempt_02/native_frames/birthday_story_catalog_doctor_1280/0011.webp
AUDITDEV|FAIL|no changed audit-impact record covers audit/day_two_wash_complete_action_v1_20261001/local_hold_attempt_02/native_frames/birthday_story_catalog_doctor_1280/0012.webp
AUDITDEV|FAIL|no changed audit-impact record covers audit/day_two_wash_complete_action_v1_20261001/local_hold_attempt_02/native_frames/birthday_story_catalog_doctor_1280/0013.webp
AUDITDEV|FAIL|no changed audit-impact record covers audit/day_two_wash_complete_action_v1_20261001/local_hold_attempt_02/native_frames/birthday_story_catalog_doctor_1280/0014.webp
AUDITDEV|FAIL|no changed audit-impact record covers audit/day_two_wash_complete_action_v1_20261001/local_hold_attempt_02/native_frames/birthday_story_catalog_doctor_1280/0015.webp
AUDITDEV|FAIL|no changed audit-impact record covers audit/day_two_wash_complete_action_v1_20261001/local_hold_attempt_02/native_frames/birthday_story_catalog_doctor_1280/0016.webp
AUDITDEV|FAIL|no changed audit-impact record covers audit/day_two_wash_complete_action_v1_20261001/local_hold_attempt_02/native_frames/birthday_story_catalog_doctor_1280/0017.webp
AUDITDEV|FAIL|no changed audit-impact record covers audit/day_two_wash_complete_action_v1_20261001/local_hold_attempt_02/native_frames/birthday_story_catalog_doctor_1280/0018.webp
AUDITDEV|FAIL|no changed audit-impact record covers audit/day_two_wash_complete_action_v1_20261001/local_hold_attempt_02/native_frames/birthday_story_catalog_doctor_1280/0019.webp
AUDITDEV|FAIL|no changed audit-impact record covers audit/day_two_wash_complete_action_v1_20261001/local_hold_attempt_02/native_frames/birthday_story_catalog_doctor_1280/0020.webp
AUDITDEV|FAIL|no changed audit-impact record covers audit/day_two_wash_complete_action_v1_20261001/local_hold_attempt_02/native_frames/birthday_story_catalog_doctor_1280/0021.webp
AUDITDEV|FAIL|no changed audit-impact record covers audit/day_two_wash_complete_action_v1_20261001/local_hold_attempt_02/native_frames/birthday_story_catalog_doctor_1280/0022.webp
AUDITDEV|FAIL|no changed audit-impact record covers audit/day_two_wash_complete_action_v1_20261001/local_hold_attempt_02/native_frames/birthday_story_catalog_doctor_1280/0023.webp
AUDITDEV|FAIL|no changed audit-impact record covers audit/day_two_wash_complete_action_v1_20261001/local_hold_attempt_02/native_frames/birthday_story_catalog_doctor_1280/0024.webp
AUDITDEV|FAIL|no changed audit-impact record covers audit/day_two_wash_complete_action_v1_20261001/local_hold_attempt_02/native_frames/birthday_story_catalog_doctor_1280/0025.webp
AUDITDEV|FAIL|no changed audit-impact record covers audit/day_two_wash_complete_action_v1_20261001/local_hold_attempt_02/native_frames/birthday_story_catalog_doctor_1280/0026.webp
AUDITDEV|FAIL|no changed audit-impact record covers audit/day_two_wash_complete_action_v1_20261001/local_hold_attempt_02/native_frames/birthday_story_catalog_doctor_1280/0027.webp
AUDITDEV|FAIL|no changed audit-impact record covers audit/day_two_wash_complete_action_v1_20261001/local_hold_attempt_02/native_frames/birthday_story_catalog_doctor_1280/0028.webp
AUDITDEV|FAIL|no changed audit-impact record covers audit/day_two_wash_complete_action_v1_20261001/local_hold_attempt_02/native_frames/birthday_story_catalog_doctor_1280/0029.webp
AUDITDEV|FAIL|no changed audit-impact record covers audit/day_two_wash_complete_action_v1_20261001/local_hold_attempt_02/native_frames/birthday_story_catalog_doctor_1280/0030.webp
AUDITDEV|FAIL|no changed audit-impact record covers audit/day_two_wash_complete_action_v1_20261001/local_hold_attempt_02/native_frames/birthday_story_catalog_doctor_1280/0031.webp
AUDITDEV|FAIL|no changed audit-impact record covers audit/day_two_wash_complete_action_v1_20261001/local_hold_attempt_02/native_frames/birthday_story_catalog_doctor_1280/0032.webp
AUDITDEV|FAIL|no changed audit-impact record covers audit/day_two_wash_complete_action_v1_20261001/local_hold_attempt_02/native_frames/birthday_story_catalog_doctor_1280/0033.webp
AUDITDEV|FAIL|no changed audit-impact record covers audit/day_two_wash_complete_action_v1_20261001/local_hold_attempt_02/native_frames/birthday_story_catalog_doctor_1280/0034.webp
AUDITDEV|FAIL|no changed audit-impact record covers audit/day_two_wash_complete_action_v1_20261001/local_hold_attempt_02/native_frames/birthday_story_catalog_doctor_1280/0035.webp
AUDITDEV|FAIL|no changed audit-impact record covers audit/day_two_wash_complete_action_v1_20261001/local_hold_attempt_02/native_frames/birthday_story_catalog_doctor_1280/0036.webp
AUDITDEV|FAIL|no changed audit-impact record covers audit/day_two_wash_complete_action_v1_20261001/local_hold_attempt_02/native_frames/birthday_story_catalog_doctor_1280/0037.webp
AUDITDEV|FAIL|no changed audit-impact record covers audit/day_two_wash_complete_action_v1_20261001/local_hold_attempt_02/native_frames/birthday_story_catalog_doctor_1280/0038.webp
AUDITDEV|FAIL|no changed audit-impact record covers audit/day_two_wash_complete_action_v1_20261001/local_hold_attempt_02/native_frames/birthday_story_catalog_doctor_1280/0039.webp
AUDITDEV|FAIL|no changed audit-impact record covers audit/day_two_wash_complete_action_v1_20261001/local_hold_attempt_02/native_frames/birthday_story_catalog_doctor_1280/0040.webp
AUDITDEV|FAIL|no changed audit-impact record covers audit/day_two_wash_complete_action_v1_20261001/local_hold_attempt_02/native_frames/birthday_story_catalog_doctor_1280/0041.webp
AUDITDEV|FAIL|no changed audit-impact record covers audit/day_two_wash_complete_action_v1_20261001/local_hold_attempt_02/native_frames/birthday_story_catalog_doctor_1280/0042.webp
AUDITDEV|FAIL|no changed audit-impact record covers audit/day_two_wash_complete_action_v1_20261001/local_hold_attempt_02/native_frames/birthday_story_catalog_doctor_1280/0043.webp
AUDITDEV|FAIL|no changed audit-impact record covers audit/day_two_wash_complete_action_v1_20261001/local_hold_attempt_02/native_frames/birthday_story_catalog_doctor_1280/0044.webp
AUDITDEV|FAIL|no changed audit-impact record covers audit/day_two_wash_complete_action_v1_20261001/local_hold_attempt_02/native_frames/birthday_story_catalog_doctor_1280/0045.webp
AUDITDEV|FAIL|no changed audit-impact record covers audit/day_two_wash_complete_action_v1_20261001/local_hold_attempt_02/native_frames/birthday_story_catalog_doctor_1280/0046.webp
AUDITDEV|FAIL|no changed audit-impact record covers audit/day_two_wash_complete_action_v1_20261001/local_hold_attempt_02/native_frames/birthday_story_catalog_doctor_1280/0047.webp
AUDITDEV|FAIL|no changed audit-impact record covers audit/day_two_wash_complete_action_v1_20261001/local_hold_attempt_02/native_frames/birthday_story_catalog_doctor_1280/0048.webp
AUDITDEV|FAIL|no changed audit-impact record covers audit/day_two_wash_complete_action_v1_20261001/local_hold_attempt_02/native_frames/birthday_story_catalog_doctor_1280/0049.webp
AUDITDEV|FAIL|no changed audit-impact record covers audit/day_two_wash_complete_action_v1_20261001/local_hold_attempt_02/native_frames/birthday_story_catalog_doctor_1280/0050.webp
AUDITDEV|FAIL|no changed audit-impact record covers audit/day_two_wash_complete_action_v1_20261001/local_hold_attempt_02/native_frames/birthday_story_catalog_doctor_1280/0051.webp
AUDITDEV|FAIL|no changed audit-impact record covers audit/day_two_wash_complete_action_v1_20261001/local_hold_attempt_02/native_frames/birthday_story_catalog_doctor_1280/0052.webp
AUDITDEV|FAIL|no changed audit-impact record covers audit/day_two_wash_complete_action_v1_20261001/local_hold_attempt_02/native_frames/birthday_story_catalog_doctor_1280/0053.webp
AUDITDEV|FAIL|no changed audit-impact record covers audit/day_two_wash_complete_action_v1_20261001/local_hold_attempt_02/native_frames/birthday_story_catalog_doctor_1280/0054.webp
AUDITDEV|FAIL|no changed audit-impact record covers audit/day_two_wash_complete_action_v1_20261001/local_hold_attempt_02/native_frames/birthday_story_catalog_doctor_1280/0055.webp
AUDITDEV|FAIL|no changed audit-impact record covers audit/day_two_wash_complete_action_v1_20261001/local_hold_attempt_02/native_frames/birthday_story_catalog_doctor_1280/0056.webp
AUDITDEV|FAIL|no changed audit-impact record covers audit/day_two_wash_complete_action_v1_20261001/local_hold_attempt_02/native_frames/birthday_story_catalog_doctor_1280/0057.webp
AUDITDEV|FAIL|no changed audit-impact record covers audit/day_two_wash_complete_action_v1_20261001/local_hold_attempt_02/native_frames/birthday_story_catalog_doctor_1280/0058.webp
AUDITDEV|FAIL|no changed audit-impact record covers audit/day_two_wash_complete_action_v1_20261001/local_hold_attempt_02/native_frames/birthday_story_catalog_doctor_1280/0059.webp
AUDITDEV|FAIL|no changed audit-impact record covers audit/day_two_wash_complete_action_v1_20261001/local_hold_attempt_02/native_frames/birthday_story_catalog_doctor_1280/0060.webp
AUDITDEV|FAIL|no changed audit-impact record covers audit/day_two_wash_complete_action_v1_20261001/local_hold_attempt_02/native_frames/birthday_story_catalog_doctor_1280/0061.webp
AUDITDEV|FAIL|no changed audit-impact record covers audit/day_two_wash_complete_action_v1_20261001/local_hold_attempt_02/native_frames/birthday_story_catalog_doctor_1280/0062.webp
AUDITDEV|FAIL|no changed audit-impact record covers audit/day_two_wash_complete_action_v1_20261001/local_hold_attempt_02/native_frames/birthday_story_catalog_doctor_1280/0063.webp
AUDITDEV|FAIL|no changed audit-impact record covers audit/day_two_wash_complete_action_v1_20261001/local_hold_attempt_02/native_frames/birthday_story_catalog_doctor_1280/0064.webp
AUDITDEV|FAIL|no changed audit-impact record covers audit/day_two_wash_complete_action_v1_20261001/local_hold_attempt_02/native_frames/birthday_story_catalog_doctor_1280/0065.webp
AUDITDEV|FAIL|no changed audit-impact record covers audit/day_two_wash_complete_action_v1_20261001/local_hold_attempt_02/native_frames/birthday_story_catalog_doctor_1280/0066.webp
AUDITDEV|FAIL|no changed audit-impact record covers audit/day_two_wash_complete_action_v1_20261001/local_hold_attempt_02/native_frames/birthday_story_catalog_doctor_1280/0067.webp
AUDITDEV|FAIL|no changed audit-impact record covers audit/day_two_wash_complete_action_v1_20261001/local_hold_attempt_02/native_frames/birthday_story_catalog_doctor_1280/0068.webp
AUDITDEV|FAIL|no changed audit-impact record covers audit/day_two_wash_complete_action_v1_20261001/local_hold_attempt_02/native_frames/birthday_story_catalog_doctor_1280/0069.webp
AUDITDEV|FAIL|no changed audit-impact record covers audit/day_two_wash_complete_action_v1_20261001/local_hold_attempt_02/native_frames/birthday_story_catalog_doctor_1280/0070.webp
AUDITDEV|FAIL|no changed audit-impact record covers audit/day_two_wash_complete_action_v1_20261001/local_hold_attempt_02/native_frames/birthday_story_catalog_doctor_1280/0071.webp
AUDITDEV|FAIL|no changed audit-impact record covers audit/day_two_wash_complete_action_v1_20261001/local_hold_attempt_02/native_frames/birthday_story_catalog_doctor_1280/0072.webp
AUDITDEV|FAIL|no changed audit-impact record covers audit/day_two_wash_complete_action_v1_20261001/local_hold_attempt_02/native_frames/birthday_story_catalog_doctor_1280/0073.webp
AUDITDEV|FAIL|no changed audit-impact record covers audit/day_two_wash_complete_action_v1_20261001/local_hold_attempt_02/native_frames/birthday_story_catalog_doctor_1280/0074.webp
AUDITDEV|FAIL|no changed audit-impact record covers audit/day_two_wash_complete_action_v1_20261001/local_hold_attempt_02/native_frames/birthday_story_catalog_doctor_1280/0075.webp
AUDITDEV|FAIL|no changed audit-impact record covers audit/day_two_wash_complete_action_v1_20261001/local_hold_attempt_02/native_frames/birthday_story_catalog_doctor_1280/0076.webp
AUDITDEV|FAIL|no changed audit-impact record covers audit/day_two_wash_complete_action_v1_20261001/local_hold_attempt_02/native_frames/birthday_story_catalog_doctor_1280/0077.webp
AUDITDEV|FAIL|no changed audit-impact record covers audit/day_two_wash_complete_action_v1_20261001/local_hold_attempt_02/native_frames/birthday_story_catalog_doctor_1280/0078.webp
AUDITDEV|FAIL|no changed audit-impact record covers audit/day_two_wash_complete_action_v1_20261001/local_hold_attempt_02/native_frames/birthday_story_catalog_doctor_1280/0079.webp
AUDITDEV|FAIL|no changed audit-impact record covers audit/day_two_wash_complete_action_v1_20261001/local_hold_attempt_02/native_frames/birthday_story_catalog_doctor_1280/0080.webp
AUDITDEV|FAIL|no changed audit-impact record covers audit/day_two_wash_complete_action_v1_20261001/local_hold_attempt_02/native_frames/birthday_story_catalog_doctor_1280/0081.webp
AUDITDEV|FAIL|no changed audit-impact record covers audit/day_two_wash_complete_action_v1_20261001/local_hold_attempt_02/native_frames/birthday_story_catalog_doctor_1280/0082.webp
AUDITDEV|FAIL|no changed audit-impact record covers audit/day_two_wash_complete_action_v1_20261001/local_hold_attempt_02/native_frames/birthday_story_catalog_doctor_1280/0083.webp
AUDITDEV|FAIL|no changed audit-impact record covers audit/day_two_wash_complete_action_v1_20261001/local_hold_attempt_02/native_frames/birthday_story_catalog_doctor_1280/0084.webp
AUDITDEV|FAIL|no changed audit-impact record covers audit/day_two_wash_complete_action_v1_20261001/local_hold_attempt_02/native_frames/birthday_story_catalog_doctor_1280/0085.webp
AUDITDEV|FAIL|no changed audit-impact record covers audit/day_two_wash_complete_action_v1_20261001/local_hold_attempt_02/native_frames/birthday_story_catalog_doctor_1280/0086.webp
AUDITDEV|FAIL|no changed audit-impact record covers audit/day_two_wash_complete_action_v1_20261001/local_hold_attempt_02/native_frames/birthday_story_catalog_doctor_1280/0087.webp
AUDITDEV|FAIL|no changed audit-impact record covers audit/day_two_wash_complete_action_v1_20261001/local_hold_attempt_02/native_frames/birthday_story_catalog_doctor_1280/0088.webp
AUDITDEV|FAIL|no changed audit-impact record covers audit/day_two_wash_complete_action_v1_20261001/local_hold_attempt_02/native_frames/birthday_story_catalog_doctor_1280/0089.webp
AUDITDEV|FAIL|no changed audit-impact record covers audit/day_two_wash_complete_action_v1_20261001/local_hold_attempt_02/native_frames/birthday_story_catalog_doctor_1280/0090.webp
AUDITDEV|FAIL|no changed audit-impact record covers audit/day_two_wash_complete_action_v1_20261001/local_hold_attempt_02/native_frames/birthday_story_catalog_doctor_1280/0091.webp
AUDITDEV|FAIL|no changed audit-impact record covers audit/day_two_wash_complete_action_v1_20261001/local_hold_attempt_02/native_frames/birthday_story_catalog_doctor_1280/0092.webp
AUDITDEV|FAIL|no changed audit-impact record covers audit/day_two_wash_complete_action_v1_20261001/local_hold_attempt_02/native_frames/birthday_story_catalog_doctor_1280/0093.webp
AUDITDEV|FAIL|no changed audit-impact record covers audit/day_two_wash_complete_action_v1_20261001/local_hold_attempt_02/native_frames/birthday_story_catalog_doctor_1280/0094.webp
AUDITDEV|FAIL|no changed audit-impact record covers audit/day_two_wash_complete_action_v1_20261001/local_hold_attempt_02/native_frames/birthday_story_catalog_doctor_1280/0095.webp
AUDITDEV|FAIL|no changed audit-impact record covers audit/day_two_wash_complete_action_v1_20261001/local_hold_attempt_02/native_frames/birthday_story_catalog_doctor_1280/0096.webp
AUDITDEV|FAIL|no changed audit-impact record covers audit/day_two_wash_complete_action_v1_20261001/local_hold_attempt_02/native_frames/birthday_story_catalog_doctor_1280/0097.webp
AUDITDEV|FAIL|no changed audit-impact record covers audit/day_two_wash_complete_action_v1_20261001/local_hold_attempt_02/native_frames/birthday_story_catalog_doctor_1280/0098.webp
AUDITDEV|FAIL|no changed audit-impact record covers audit/day_two_wash_complete_action_v1_20261001/local_hold_attempt_02/native_frames/birthday_story_catalog_doctor_1280/0099.webp
AUDITDEV|FAIL|no changed audit-impact record covers audit/day_two_wash_complete_action_v1_20261001/local_hold_attempt_02/native_frames/birthday_story_catalog_doctor_1280/0100.webp
AUDITDEV|FAIL|no changed audit-impact record covers audit/day_two_wash_complete_action_v1_20261001/local_hold_attempt_02/native_frames/birthday_story_catalog_doctor_1280/0101.webp
AUDITDEV|FAIL|no changed audit-impact record covers audit/day_two_wash_complete_action_v1_20261001/local_hold_attempt_02/native_frames/birthday_story_catalog_doctor_1280/0102.webp
AUDITDEV|FAIL|no changed audit-impact record covers audit/day_two_wash_complete_action_v1_20261001/local_hold_attempt_02/native_frames/birthday_story_catalog_doctor_1280/0103.webp
AUDITDEV|FAIL|no changed audit-impact record covers audit/day_two_wash_complete_action_v1_20261001/local_hold_attempt_02/native_frames/birthday_story_catalog_doctor_1280/0104.webp
AUDITDEV|FAIL|no changed audit-impact record covers audit/day_two_wash_complete_action_v1_20261001/local_hold_attempt_02/native_frames/birthday_story_catalog_doctor_1280/0105.webp
AUDITDEV|FAIL|no changed audit-impact record covers audit/day_two_wash_complete_action_v1_20261001/local_hold_attempt_02/native_frames/birthday_story_catalog_doctor_1280/0106.webp
AUDITDEV|FAIL|no changed audit-impact record covers audit/day_two_wash_complete_action_v1_20261001/local_hold_attempt_02/native_frames/birthday_story_catalog_doctor_1280/0107.webp
AUDITDEV|FAIL|no changed audit-impact record covers audit/day_two_wash_complete_action_v1_20261001/local_hold_attempt_02/native_frames/birthday_story_catalog_doctor_1280/0108.webp
AUDITDEV|FAIL|no changed audit-impact record covers audit/day_two_wash_complete_action_v1_20261001/local_hold_attempt_02/native_frames/birthday_story_catalog_doctor_1280/0109.webp
AUDITDEV|FAIL|no changed audit-impact record covers audit/day_two_wash_complete_action_v1_20261001/local_hold_attempt_02/native_frames/birthday_story_catalog_doctor_1280/0110.webp
AUDITDEV|FAIL|no changed audit-impact record covers audit/day_two_wash_complete_action_v1_20261001/local_hold_attempt_02/native_frames/birthday_story_catalog_doctor_1280/0111.webp
AUDITDEV|FAIL|no changed audit-impact record covers audit/day_two_wash_complete_action_v1_20261001/local_hold_attempt_02/native_frames/birthday_story_catalog_doctor_1280/0112.webp
AUDITDEV|FAIL|no changed audit-impact record covers audit/day_two_wash_complete_action_v1_20261001/local_hold_attempt_02/native_frames/birthday_story_catalog_doctor_1280/0113.webp
AUDITDEV|FAIL|no changed audit-impact record covers audit/day_two_wash_complete_action_v1_20261001/local_hold_attempt_02/native_frames/birthday_story_catalog_doctor_1280/0114.webp
AUDITDEV|FAIL|no changed audit-impact record covers audit/day_two_wash_complete_action_v1_20261001/local_hold_attempt_02/native_frames/birthday_story_catalog_doctor_1280/0115.webp
AUDITDEV|FAIL|no changed audit-impact record covers audit/day_two_wash_complete_action_v1_20261001/local_hold_attempt_02/native_frames/birthday_story_catalog_doctor_1280/0116.webp
AUDITDEV|FAIL|no changed audit-impact record covers audit/day_two_wash_complete_action_v1_20261001/local_hold_attempt_02/native_frames/birthday_story_catalog_doctor_1280/0117.webp
AUDITDEV|FAIL|no changed audit-impact record covers audit/day_two_wash_complete_action_v1_20261001/local_hold_attempt_02/native_frames/birthday_story_catalog_doctor_1280/0118.webp
AUDITDEV|FAIL|no changed audit-impact record covers audit/day_two_wash_complete_action_v1_20261001/local_hold_attempt_02/native_frames/birthday_story_catalog_doctor_1280/0119.webp
AUDITDEV|FAIL|no changed audit-impact record covers audit/day_two_wash_complete_action_v1_20261001/local_hold_attempt_02/native_frames/birthday_story_catalog_doctor_1280/0120.webp
AUDITDEV|FAIL|no changed audit-impact record covers audit/day_two_wash_complete_action_v1_20261001/local_hold_attempt_02/native_frames/birthday_story_catalog_doctor_1280/0121.webp
AUDITDEV|FAIL|no changed audit-impact record covers audit/day_two_wash_complete_action_v1_20261001/local_hold_attempt_02/native_frames/birthday_story_catalog_doctor_1280/0122.webp
AUDITDEV|FAIL|no changed audit-impact record covers audit/day_two_wash_complete_action_v1_20261001/local_hold_attempt_02/native_frames/birthday_story_catalog_doctor_1280/0123.webp
AUDITDEV|FAIL|no changed audit-impact record covers audit/day_two_wash_complete_action_v1_20261001/local_hold_attempt_02/native_frames/birthday_story_catalog_doctor_1280/0124.webp
AUDITDEV|FAIL|no changed audit-impact record covers audit/day_two_wash_complete_action_v1_20261001/local_hold_attempt_02/native_frames/birthday_story_catalog_doctor_1280/0125.webp
AUDITDEV|FAIL|no changed audit-impact record covers audit/day_two_wash_complete_action_v1_20261001/local_hold_attempt_02/native_frames/birthday_story_catalog_doctor_1280/0126.webp
AUDITDEV|FAIL|no changed audit-impact record covers audit/day_two_wash_complete_action_v1_20261001/local_hold_attempt_02/native_frames/birthday_story_catalog_doctor_1280/0127.webp
AUDITDEV|FAIL|no changed audit-impact record covers audit/day_two_wash_complete_action_v1_20261001/local_hold_attempt_02/native_frames/birthday_story_catalog_doctor_1280/0128.webp
AUDITDEV|FAIL|no changed audit-impact record covers audit/day_two_wash_complete_action_v1_20261001/local_hold_attempt_02/native_frames/birthday_story_catalog_doctor_1280/0129.webp
AUDITDEV|FAIL|no changed audit-impact record covers audit/day_two_wash_complete_action_v1_20261001/local_hold_attempt_02/native_frames/birthday_story_catalog_doctor_1280/0130.webp
AUDITDEV|FAIL|no changed audit-impact record covers audit/day_two_wash_complete_action_v1_20261001/local_hold_attempt_02/native_frames/birthday_story_catalog_doctor_1280/0131.webp
AUDITDEV|FAIL|no changed audit-impact record covers audit/day_two_wash_complete_action_v1_20261001/local_hold_attempt_02/native_frames/birthday_story_catalog_doctor_1280/0132.webp
AUDITDEV|FAIL|no changed audit-impact record covers audit/day_two_wash_complete_action_v1_20261001/local_hold_attempt_02/native_frames/birthday_story_catalog_doctor_1280/0133.webp
AUDITDEV|FAIL|no changed audit-impact record covers audit/day_two_wash_complete_action_v1_20261001/local_hold_attempt_02/native_frames/birthday_story_catalog_doctor_1280/0134.webp
AUDITDEV|FAIL|no changed audit-impact record covers audit/day_two_wash_complete_action_v1_20261001/local_hold_attempt_02/native_frames/birthday_story_catalog_doctor_1280/0135.webp
AUDITDEV|FAIL|no changed audit-impact record covers audit/day_two_wash_complete_action_v1_20261001/local_hold_attempt_02/native_frames/birthday_story_catalog_doctor_1280/0136.webp
AUDITDEV|FAIL|no changed audit-impact record covers audit/day_two_wash_complete_action_v1_20261001/local_hold_attempt_02/native_frames/birthday_story_catalog_doctor_1280/0137.webp
AUDITDEV|FAIL|no changed audit-impact record covers audit/day_two_wash_complete_action_v1_20261001/local_hold_attempt_02/native_frames/birthday_story_catalog_doctor_1280/0138.webp
AUDITDEV|FAIL|no changed audit-impact record covers audit/day_two_wash_complete_action_v1_20261001/local_hold_attempt_02/native_frames/birthday_story_catalog_doctor_1280/0139.webp
AUDITDEV|FAIL|no changed audit-impact record covers audit/day_two_wash_complete_action_v1_20261001/local_hold_attempt_02/native_frames/birthday_story_catalog_doctor_1280/0140.webp
AUDITDEV|FAIL|no changed audit-impact record covers audit/day_two_wash_complete_action_v1_20261001/local_hold_attempt_02/native_frames/birthday_story_catalog_doctor_1280/0141.webp
AUDITDEV|FAIL|no changed audit-impact record covers audit/day_two_wash_complete_action_v1_20261001/local_hold_attempt_02/native_frames/birthday_story_catalog_doctor_1280/0142.webp
AUDITDEV|FAIL|no changed audit-impact record covers audit/day_two_wash_complete_action_v1_20261001/local_hold_attempt_02/native_frames/birthday_story_catalog_doctor_1280/0143.webp
AUDITDEV|FAIL|no changed audit-impact record covers audit/day_two_wash_complete_action_v1_20261001/local_hold_attempt_02/native_frames/birthday_story_catalog_doctor_1280/0144.webp
AUDITDEV|FAIL|no changed audit-impact record covers audit/day_two_wash_complete_action_v1_20261001/local_hold_attempt_02/native_frames/birthday_story_catalog_doctor_1280/0145.webp
AUDITDEV|FAIL|no changed audit-impact record covers audit/day_two_wash_complete_action_v1_20261001/local_hold_attempt_02/native_frames/birthday_story_catalog_doctor_1280/0146.webp
AUDITDEV|FAIL|no changed audit-impact record covers audit/day_two_wash_complete_action_v1_20261001/local_hold_attempt_02/native_frames/birthday_story_catalog_doctor_1280/0147.webp
AUDITDEV|FAIL|no changed audit-impact record covers audit/day_two_wash_complete_action_v1_20261001/local_hold_attempt_02/native_frames/birthday_story_catalog_doctor_1280/0148.webp
AUDITDEV|FAIL|no changed audit-impact record covers audit/day_two_wash_complete_action_v1_20261001/local_hold_attempt_02/native_frames/birthday_story_catalog_doctor_1280/0149.webp
AUDITDEV|FAIL|no changed audit-impact record covers audit/day_two_wash_complete_action_v1_20261001/local_hold_attempt_02/native_frames/birthday_story_catalog_doctor_1280/0150.webp
AUDITDEV|FAIL|no changed audit-impact record covers audit/day_two_wash_complete_action_v1_20261001/local_hold_attempt_02/native_frames/birthday_story_catalog_doctor_1280/0151.webp
AUDITDEV|FAIL|no changed audit-impact record covers audit/day_two_wash_complete_action_v1_20261001/local_hold_attempt_02/native_frames/birthday_story_catalog_doctor_1280/0152.webp
AUDITDEV|FAIL|no changed audit-impact record covers audit/day_two_wash_complete_action_v1_20261001/local_hold_attempt_02/native_frames/birthday_story_catalog_doctor_1280/0153.webp
AUDITDEV|FAIL|no changed audit-impact record covers audit/day_two_wash_complete_action_v1_20261001/local_hold_attempt_02/native_frames/birthday_story_catalog_doctor_1280/0154.webp
AUDITDEV|FAIL|no changed audit-impact record covers audit/day_two_wash_complete_action_v1_20261001/local_hold_attempt_02/native_frames/birthday_story_catalog_doctor_1280/0155.webp
AUDITDEV|FAIL|no changed audit-impact record covers audit/day_two_wash_complete_action_v1_20261001/local_hold_attempt_02/native_frames/birthday_story_catalog_doctor_1280/0156.webp
AUDITDEV|FAIL|no changed audit-impact record covers audit/day_two_wash_complete_action_v1_20261001/local_hold_attempt_02/native_frames/birthday_story_catalog_doctor_1280/0157.webp
AUDITDEV|FAIL|no changed audit-impact record covers audit/day_two_wash_complete_action_v1_20261001/local_hold_attempt_02/native_frames/birthday_story_catalog_doctor_1280/0158.webp
AUDITDEV|FAIL|no changed audit-impact record covers audit/day_two_wash_complete_action_v1_20261001/local_hold_attempt_02/native_frames/birthday_story_catalog_doctor_1280/0159.webp
AUDITDEV|FAIL|no changed audit-impact record covers audit/day_two_wash_complete_action_v1_20261001/local_hold_attempt_02/native_frames/birthday_story_catalog_doctor_1280/0160.webp
AUDITDEV|FAIL|no changed audit-impact record covers audit/day_two_wash_complete_action_v1_20261001/local_hold_attempt_02/native_frames/birthday_story_catalog_doctor_1280/0161.webp
AUDITDEV|FAIL|no changed audit-impact record covers audit/day_two_wash_complete_action_v1_20261001/local_hold_attempt_02/native_frames/birthday_story_catalog_doctor_1280/0162.webp
AUDITDEV|FAIL|no changed audit-impact record covers audit/day_two_wash_complete_action_v1_20261001/local_hold_attempt_02/native_frames/birthday_story_catalog_doctor_1280/0163.webp
AUDITDEV|FAIL|no changed audit-impact record covers audit/day_two_wash_complete_action_v1_20261001/local_hold_attempt_02/native_frames/birthday_story_catalog_doctor_1280/0164.webp
AUDITDEV|FAIL|no changed audit-impact record covers audit/day_two_wash_complete_action_v1_20261001/local_hold_attempt_02/native_frames/birthday_story_catalog_doctor_1280/0165.webp
AUDITDEV|FAIL|no changed audit-impact record covers audit/day_two_wash_complete_action_v1_20261001/local_hold_attempt_02/native_frames/birthday_story_catalog_doctor_1280/0166.webp
AUDITDEV|FAIL|no changed audit-impact record covers audit/day_two_wash_complete_action_v1_20261001/local_hold_attempt_02/native_frames/birthday_story_catalog_doctor_1280/0167.webp
AUDITDEV|FAIL|no changed audit-impact record covers audit/day_two_wash_complete_action_v1_20261001/local_hold_attempt_02/native_frames/birthday_story_catalog_doctor_1280/0168.webp
AUDITDEV|FAIL|no changed audit-impact record covers audit/day_two_wash_complete_action_v1_20261001/local_hold_attempt_02/native_frames/birthday_story_catalog_doctor_1280/0169.webp
AUDITDEV|FAIL|no changed audit-impact record covers audit/day_two_wash_complete_action_v1_20261001/local_hold_attempt_02/native_frames/birthday_story_catalog_doctor_1280/0170.webp
AUDITDEV|FAIL|no changed audit-impact record covers audit/day_two_wash_complete_action_v1_20261001/local_hold_attempt_02/native_frames/birthday_story_catalog_doctor_1280/0171.webp
AUDITDEV|FAIL|no changed audit-impact record covers audit/day_two_wash_complete_action_v1_20261001/local_hold_attempt_02/native_frames/birthday_story_catalog_doctor_1280/0172.webp
AUDITDEV|FAIL|no changed audit-impact record covers audit/day_two_wash_complete_action_v1_20261001/local_hold_attempt_02/native_frames/birthday_story_catalog_doctor_1280/0173.webp
AUDITDEV|FAIL|no changed audit-impact record covers audit/day_two_wash_complete_action_v1_20261001/local_hold_attempt_02/native_frames/birthday_story_catalog_doctor_1280/0174.webp
AUDITDEV|FAIL|no changed audit-impact record covers audit/day_two_wash_complete_action_v1_20261001/local_hold_attempt_02/native_frames/birthday_story_catalog_doctor_1280/0175.webp
AUDITDEV|FAIL|no changed audit-impact record covers audit/day_two_wash_complete_action_v1_20261001/local_hold_attempt_02/native_frames/birthday_story_catalog_doctor_1280/0176.webp
AUDITDEV|FAIL|no changed audit-impact record covers audit/day_two_wash_complete_action_v1_20261001/local_hold_attempt_02/native_frames/birthday_story_catalog_doctor_1280/0177.webp
AUDITDEV|FAIL|no changed audit-impact record covers audit/day_two_wash_complete_action_v1_20261001/local_hold_attempt_02/native_frames/birthday_story_catalog_doctor_1280/0178.webp
AUDITDEV|FAIL|no changed audit-impact record covers audit/day_two_wash_complete_action_v1_20261001/local_hold_attempt_02/native_frames/birthday_story_catalog_doctor_1280/0179.webp
AUDITDEV|FAIL|no changed audit-impact record covers audit/day_two_wash_complete_action_v1_20261001/local_hold_attempt_02/native_frames/birthday_story_catalog_doctor_1280/0180.webp
AUDITDEV|FAIL|no changed audit-impact record covers audit/day_two_wash_complete_action_v1_20261001/local_hold_attempt_02/native_frames/birthday_story_catalog_doctor_1280/0181.webp
AUDITDEV|FAIL|no changed audit-impact record covers audit/day_two_wash_complete_action_v1_20261001/local_hold_attempt_02/native_frames/birthday_story_catalog_doctor_1280/0182.webp
AUDITDEV|FAIL|no changed audit-impact record covers audit/day_two_wash_complete_action_v1_20261001/local_hold_attempt_02/native_frames/birthday_story_catalog_doctor_1280/0183.webp
AUDITDEV|FAIL|no changed audit-impact record covers audit/day_two_wash_complete_action_v1_20261001/local_hold_attempt_02/native_frames/birthday_story_catalog_doctor_1280/0184.webp
AUDITDEV|FAIL|no changed audit-impact record covers audit/day_two_wash_complete_action_v1_20261001/local_hold_attempt_02/native_frames/birthday_story_catalog_doctor_1280/0185.webp
AUDITDEV|FAIL|no changed audit-impact record covers audit/day_two_wash_complete_action_v1_20261001/local_hold_attempt_02/native_frames/birthday_story_catalog_doctor_1280/0186.webp
AUDITDEV|FAIL|no changed audit-impact record covers audit/day_two_wash_complete_action_v1_20261001/local_hold_attempt_02/native_frames/birthday_story_catalog_doctor_1280/0187.webp
AUDITDEV|FAIL|no changed audit-impact record covers audit/day_two_wash_complete_action_v1_20261001/local_hold_attempt_02/native_frames/birthday_story_catalog_doctor_1280/0188.webp
AUDITDEV|FAIL|no changed audit-impact record covers audit/day_two_wash_complete_action_v1_20261001/local_hold_attempt_02/native_frames/birthday_story_catalog_doctor_1280/0189.webp
AUDITDEV|FAIL|no changed audit-impact record covers audit/day_two_wash_complete_action_v1_20261001/local_hold_attempt_02/native_frames/birthday_story_catalog_doctor_1280/0190.webp
AUDITDEV|FAIL|no changed audit-impact record covers audit/day_two_wash_complete_action_v1_20261001/local_hold_attempt_02/native_frames/birthday_story_catalog_doctor_1280/0191.webp
AUDITDEV|FAIL|no changed audit-impact record covers audit/day_two_wash_complete_action_v1_20261001/local_hold_attempt_02/native_frames/birthday_story_catalog_doctor_1280/0192.webp
AUDITDEV|FAIL|no changed audit-impact record covers audit/day_two_wash_complete_action_v1_20261001/local_hold_attempt_02/native_frames/birthday_story_catalog_doctor_1600/0000.webp
AUDITDEV|FAIL|no changed audit-impact record covers audit/day_two_wash_complete_action_v1_20261001/local_hold_attempt_02/native_frames/birthday_story_catalog_doctor_1600/0001.webp
AUDITDEV|FAIL|no changed audit-impact record covers audit/day_two_wash_complete_action_v1_20261001/local_hold_attempt_02/native_frames/birthday_story_catalog_doctor_1600/0002.webp
AUDITDEV|FAIL|no changed audit-impact record covers audit/day_two_wash_complete_action_v1_20261001/local_hold_attempt_02/native_frames/birthday_story_catalog_doctor_1600/0003.webp
AUDITDEV|FAIL|no changed audit-impact record covers audit/day_two_wash_complete_action_v1_20261001/local_hold_attempt_02/native_frames/birthday_story_catalog_doctor_1600/0004.webp
AUDITDEV|FAIL|no changed audit-impact record covers audit/day_two_wash_complete_action_v1_20261001/local_hold_attempt_02/native_frames/birthday_story_catalog_doctor_1600/0005.webp
AUDITDEV|FAIL|no changed audit-impact record covers audit/day_two_wash_complete_action_v1_20261001/local_hold_attempt_02/native_frames/birthday_story_catalog_doctor_1600/0006.webp
AUDITDEV|FAIL|no changed audit-impact record covers audit/day_two_wash_complete_action_v1_20261001/local_hold_attempt_02/native_frames/birthday_story_catalog_doctor_1600/0007.webp
AUDITDEV|FAIL|no changed audit-impact record covers audit/day_two_wash_complete_action_v1_20261001/local_hold_attempt_02/native_frames/birthday_story_catalog_doctor_1600/0008.webp
AUDITDEV|FAIL|no changed audit-impact record covers audit/day_two_wash_complete_action_v1_20261001/local_hold_attempt_02/native_frames/birthday_story_catalog_doctor_1600/0009.webp
AUDITDEV|FAIL|no changed audit-impact record covers audit/day_two_wash_complete_action_v1_20261001/local_hold_attempt_02/native_frames/birthday_story_catalog_doctor_1600/0010.webp
AUDITDEV|FAIL|no changed audit-impact record covers audit/day_two_wash_complete_action_v1_20261001/local_hold_attempt_02/native_frames/birthday_story_catalog_doctor_1600/0011.webp
AUDITDEV|FAIL|no changed audit-impact record covers audit/day_two_wash_complete_action_v1_20261001/local_hold_attempt_02/native_frames/birthday_story_catalog_doctor_1600/0012.webp
AUDITDEV|FAIL|no changed audit-impact record covers audit/day_two_wash_complete_action_v1_20261001/local_hold_attempt_02/native_frames/birthday_story_catalog_doctor_1600/0013.webp
AUDITDEV|FAIL|no changed audit-impact record covers audit/day_two_wash_complete_action_v1_20261001/local_hold_attempt_02/native_frames/birthday_story_catalog_doctor_1600/0014.webp
AUDITDEV|FAIL|no changed audit-impact record covers audit/day_two_wash_complete_action_v1_20261001/local_hold_attempt_02/native_frames/birthday_story_catalog_doctor_1600/0015.webp
AUDITDEV|FAIL|no changed audit-impact record covers audit/day_two_wash_complete_action_v1_20261001/local_hold_attempt_02/native_frames/birthday_story_catalog_doctor_1600/0016.webp
AUDITDEV|FAIL|no changed audit-impact record covers audit/day_two_wash_complete_action_v1_20261001/local_hold_attempt_02/native_frames/birthday_story_catalog_doctor_1600/0017.webp
AUDITDEV|FAIL|no changed audit-impact record covers audit/day_two_wash_complete_action_v1_20261001/local_hold_attempt_02/native_frames/birthday_story_catalog_doctor_1600/0018.webp
AUDITDEV|FAIL|no changed audit-impact record covers audit/day_two_wash_complete_action_v1_20261001/local_hold_attempt_02/native_frames/birthday_story_catalog_doctor_1600/0019.webp
AUDITDEV|FAIL|no changed audit-impact record covers audit/day_two_wash_complete_action_v1_20261001/local_hold_attempt_02/native_frames/birthday_story_catalog_doctor_1600/0020.webp
AUDITDEV|FAIL|no changed audit-impact record covers audit/day_two_wash_complete_action_v1_20261001/local_hold_attempt_02/native_frames/birthday_story_catalog_doctor_1600/0021.webp
AUDITDEV|FAIL|no changed audit-impact record covers audit/day_two_wash_complete_action_v1_20261001/local_hold_attempt_02/native_frames/birthday_story_catalog_doctor_1600/0022.webp
AUDITDEV|FAIL|no changed audit-impact record covers audit/day_two_wash_complete_action_v1_20261001/local_hold_attempt_02/native_frames/birthday_story_catalog_doctor_1600/0023.webp
AUDITDEV|FAIL|no changed audit-impact record covers audit/day_two_wash_complete_action_v1_20261001/local_hold_attempt_02/native_frames/birthday_story_catalog_doctor_1600/0024.webp
AUDITDEV|FAIL|no changed audit-impact record covers audit/day_two_wash_complete_action_v1_20261001/local_hold_attempt_02/native_frames/birthday_story_catalog_doctor_1600/0025.webp
AUDITDEV|FAIL|no changed audit-impact record covers audit/day_two_wash_complete_action_v1_20261001/local_hold_attempt_02/native_frames/birthday_story_catalog_doctor_1600/0026.webp
AUDITDEV|FAIL|no changed audit-impact record covers audit/day_two_wash_complete_action_v1_20261001/local_hold_attempt_02/native_frames/birthday_story_catalog_doctor_1600/0027.webp
AUDITDEV|FAIL|no changed audit-impact record covers audit/day_two_wash_complete_action_v1_20261001/local_hold_attempt_02/native_frames/birthday_story_catalog_doctor_1600/0028.webp
AUDITDEV|FAIL|no changed audit-impact record covers audit/day_two_wash_complete_action_v1_20261001/local_hold_attempt_02/native_frames/birthday_story_catalog_doctor_1600/0029.webp
AUDITDEV|FAIL|no changed audit-impact record covers audit/day_two_wash_complete_action_v1_20261001/local_hold_attempt_02/native_frames/birthday_story_catalog_doctor_1600/0030.webp
AUDITDEV|FAIL|no changed audit-impact record covers audit/day_two_wash_complete_action_v1_20261001/local_hold_attempt_02/native_frames/birthday_story_catalog_doctor_1600/0031.webp
AUDITDEV|FAIL|no changed audit-impact record covers audit/day_two_wash_complete_action_v1_20261001/local_hold_attempt_02/native_frames/birthday_story_catalog_doctor_1600/0032.webp
AUDITDEV|FAIL|no changed audit-impact record covers audit/day_two_wash_complete_action_v1_20261001/local_hold_attempt_02/native_frames/birthday_story_catalog_doctor_1600/0033.webp
AUDITDEV|FAIL|no changed audit-impact record covers audit/day_two_wash_complete_action_v1_20261001/local_hold_attempt_02/native_frames/birthday_story_catalog_doctor_1600/0034.webp
AUDITDEV|FAIL|no changed audit-impact record covers audit/day_two_wash_complete_action_v1_20261001/local_hold_attempt_02/native_frames/birthday_story_catalog_doctor_1600/0035.webp
AUDITDEV|FAIL|no changed audit-impact record covers audit/day_two_wash_complete_action_v1_20261001/local_hold_attempt_02/native_frames/birthday_story_catalog_doctor_1600/0036.webp
AUDITDEV|FAIL|no changed audit-impact record covers audit/day_two_wash_complete_action_v1_20261001/local_hold_attempt_02/native_frames/birthday_story_catalog_doctor_1600/0037.webp
AUDITDEV|FAIL|no changed audit-impact record covers audit/day_two_wash_complete_action_v1_20261001/local_hold_attempt_02/native_frames/birthday_story_catalog_doctor_1600/0038.webp
AUDITDEV|FAIL|no changed audit-impact record covers audit/day_two_wash_complete_action_v1_20261001/local_hold_attempt_02/native_frames/birthday_story_catalog_doctor_1600/0039.webp
AUDITDEV|FAIL|no changed audit-impact record covers audit/day_two_wash_complete_action_v1_20261001/local_hold_attempt_02/native_frames/birthday_story_catalog_doctor_1600/0040.webp
AUDITDEV|FAIL|no changed audit-impact record covers audit/day_two_wash_complete_action_v1_20261001/local_hold_attempt_02/native_frames/birthday_story_catalog_doctor_1600/0041.webp
AUDITDEV|FAIL|no changed audit-impact record covers audit/day_two_wash_complete_action_v1_20261001/local_hold_attempt_02/native_frames/birthday_story_catalog_doctor_1600/0042.webp
AUDITDEV|FAIL|no changed audit-impact record covers audit/day_two_wash_complete_action_v1_20261001/local_hold_attempt_02/native_frames/birthday_story_catalog_doctor_1600/0043.webp
AUDITDEV|FAIL|no changed audit-impact record covers audit/day_two_wash_complete_action_v1_20261001/local_hold_attempt_02/native_frames/birthday_story_catalog_doctor_1600/0044.webp
AUDITDEV|FAIL|no changed audit-impact record covers audit/day_two_wash_complete_action_v1_20261001/local_hold_attempt_02/native_frames/birthday_story_catalog_doctor_1600/0045.webp
AUDITDEV|FAIL|no changed audit-impact record covers audit/day_two_wash_complete_action_v1_20261001/local_hold_attempt_02/native_frames/birthday_story_catalog_doctor_1600/0046.webp
AUDITDEV|FAIL|no changed audit-impact record covers audit/day_two_wash_complete_action_v1_20261001/local_hold_attempt_02/native_frames/birthday_story_catalog_doctor_1600/0047.webp
AUDITDEV|FAIL|no changed audit-impact record covers audit/day_two_wash_complete_action_v1_20261001/local_hold_attempt_02/native_frames/birthday_story_catalog_doctor_1600/0048.webp
AUDITDEV|FAIL|no changed audit-impact record covers audit/day_two_wash_complete_action_v1_20261001/local_hold_attempt_02/native_frames/birthday_story_catalog_doctor_1600/0049.webp
AUDITDEV|FAIL|no changed audit-impact record covers audit/day_two_wash_complete_action_v1_20261001/local_hold_attempt_02/native_frames/birthday_story_catalog_doctor_1600/0050.webp
AUDITDEV|FAIL|no changed audit-impact record covers audit/day_two_wash_complete_action_v1_20261001/local_hold_attempt_02/native_frames/birthday_story_catalog_doctor_1600/0051.webp
AUDITDEV|FAIL|no changed audit-impact record covers audit/day_two_wash_complete_action_v1_20261001/local_hold_attempt_02/native_frames/birthday_story_catalog_doctor_1600/0052.webp
AUDITDEV|FAIL|no changed audit-impact record covers audit/day_two_wash_complete_action_v1_20261001/local_hold_attempt_02/native_frames/birthday_story_catalog_doctor_1600/0053.webp
AUDITDEV|FAIL|no changed audit-impact record covers audit/day_two_wash_complete_action_v1_20261001/local_hold_attempt_02/native_frames/birthday_story_catalog_doctor_1600/0054.webp
AUDITDEV|FAIL|no changed audit-impact record covers audit/day_two_wash_complete_action_v1_20261001/local_hold_attempt_02/native_frames/birthday_story_catalog_doctor_1600/0055.webp
AUDITDEV|FAIL|no changed audit-impact record covers audit/day_two_wash_complete_action_v1_20261001/local_hold_attempt_02/native_frames/birthday_story_catalog_doctor_1600/0056.webp
AUDITDEV|FAIL|no changed audit-impact record covers audit/day_two_wash_complete_action_v1_20261001/local_hold_attempt_02/native_frames/birthday_story_catalog_doctor_1600/0057.webp
AUDITDEV|FAIL|no changed audit-impact record covers audit/day_two_wash_complete_action_v1_20261001/local_hold_attempt_02/native_frames/birthday_story_catalog_doctor_1600/0058.webp
AUDITDEV|FAIL|no changed audit-impact record covers audit/day_two_wash_complete_action_v1_20261001/local_hold_attempt_02/native_frames/birthday_story_catalog_doctor_1600/0059.webp
AUDITDEV|FAIL|no changed audit-impact record covers audit/day_two_wash_complete_action_v1_20261001/local_hold_attempt_02/native_frames/birthday_story_catalog_doctor_1600/0060.webp
AUDITDEV|FAIL|no changed audit-impact record covers audit/day_two_wash_complete_action_v1_20261001/local_hold_attempt_02/native_frames/birthday_story_catalog_doctor_1600/0061.webp
AUDITDEV|FAIL|no changed audit-impact record covers audit/day_two_wash_complete_action_v1_20261001/local_hold_attempt_02/native_frames/birthday_story_catalog_doctor_1600/0062.webp
AUDITDEV|FAIL|no changed audit-impact record covers audit/day_two_wash_complete_action_v1_20261001/local_hold_attempt_02/native_frames/birthday_story_catalog_doctor_1600/0063.webp
AUDITDEV|FAIL|no changed audit-impact record covers audit/day_two_wash_complete_action_v1_20261001/local_hold_attempt_02/native_frames/birthday_story_catalog_doctor_1600/0064.webp
AUDITDEV|FAIL|no changed audit-impact record covers audit/day_two_wash_complete_action_v1_20261001/local_hold_attempt_02/native_frames/birthday_story_catalog_doctor_1600/0065.webp
AUDITDEV|FAIL|no changed audit-impact record covers audit/day_two_wash_complete_action_v1_20261001/local_hold_attempt_02/native_frames/birthday_story_catalog_doctor_1600/0066.webp
AUDITDEV|FAIL|no changed audit-impact record covers audit/day_two_wash_complete_action_v1_20261001/local_hold_attempt_02/native_frames/birthday_story_catalog_doctor_1600/0067.webp
AUDITDEV|FAIL|no changed audit-impact record covers audit/day_two_wash_complete_action_v1_20261001/local_hold_attempt_02/native_frames/birthday_story_catalog_doctor_1600/0068.webp
AUDITDEV|FAIL|no changed audit-impact record covers audit/day_two_wash_complete_action_v1_20261001/local_hold_attempt_02/native_frames/birthday_story_catalog_doctor_1600/0069.webp
AUDITDEV|FAIL|no changed audit-impact record covers audit/day_two_wash_complete_action_v1_20261001/local_hold_attempt_02/native_frames/birthday_story_catalog_doctor_1600/0070.webp
AUDITDEV|FAIL|no changed audit-impact record covers audit/day_two_wash_complete_action_v1_20261001/local_hold_attempt_02/native_frames/birthday_story_catalog_doctor_1600/0071.webp
AUDITDEV|FAIL|no changed audit-impact record covers audit/day_two_wash_complete_action_v1_20261001/local_hold_attempt_02/native_frames/birthday_story_catalog_doctor_1600/0072.webp
AUDITDEV|FAIL|no changed audit-impact record covers audit/day_two_wash_complete_action_v1_20261001/local_hold_attempt_02/native_frames/birthday_story_catalog_doctor_1600/0073.webp
AUDITDEV|FAIL|no changed audit-impact record covers audit/day_two_wash_complete_action_v1_20261001/local_hold_attempt_02/native_frames/birthday_story_catalog_doctor_1600/0074.webp
AUDITDEV|FAIL|no changed audit-impact record covers audit/day_two_wash_complete_action_v1_20261001/local_hold_attempt_02/native_frames/birthday_story_catalog_doctor_1600/0075.webp
AUDITDEV|FAIL|no changed audit-impact record covers audit/day_two_wash_complete_action_v1_20261001/local_hold_attempt_02/native_frames/birthday_story_catalog_doctor_1600/0076.webp
AUDITDEV|FAIL|no changed audit-impact record covers audit/day_two_wash_complete_action_v1_20261001/local_hold_attempt_02/native_frames/birthday_story_catalog_doctor_1600/0077.webp
AUDITDEV|FAIL|no changed audit-impact record covers audit/day_two_wash_complete_action_v1_20261001/local_hold_attempt_02/native_frames/birthday_story_catalog_doctor_1600/0078.webp
AUDITDEV|FAIL|no changed audit-impact record covers audit/day_two_wash_complete_action_v1_20261001/local_hold_attempt_02/native_frames/birthday_story_catalog_doctor_1600/0079.webp
AUDITDEV|FAIL|no changed audit-impact record covers audit/day_two_wash_complete_action_v1_20261001/local_hold_attempt_02/native_frames/birthday_story_catalog_doctor_1600/0080.webp
AUDITDEV|FAIL|no changed audit-impact record covers audit/day_two_wash_complete_action_v1_20261001/local_hold_attempt_02/native_frames/birthday_story_catalog_doctor_1600/0081.webp
AUDITDEV|FAIL|no changed audit-impact record covers audit/day_two_wash_complete_action_v1_20261001/local_hold_attempt_02/native_frames/birthday_story_catalog_doctor_1600/0082.webp
AUDITDEV|FAIL|no changed audit-impact record covers audit/day_two_wash_complete_action_v1_20261001/local_hold_attempt_02/native_frames/birthday_story_catalog_doctor_1600/0083.webp
AUDITDEV|FAIL|no changed audit-impact record covers audit/day_two_wash_complete_action_v1_20261001/local_hold_attempt_02/native_frames/birthday_story_catalog_doctor_1600/0084.webp
AUDITDEV|FAIL|no changed audit-impact record covers audit/day_two_wash_complete_action_v1_20261001/local_hold_attempt_02/native_frames/birthday_story_catalog_doctor_1600/0085.webp
AUDITDEV|FAIL|no changed audit-impact record covers audit/day_two_wash_complete_action_v1_20261001/local_hold_attempt_02/native_frames/birthday_story_catalog_doctor_1600/0086.webp
AUDITDEV|FAIL|no changed audit-impact record covers audit/day_two_wash_complete_action_v1_20261001/local_hold_attempt_02/native_frames/birthday_story_catalog_doctor_1600/0087.webp
AUDITDEV|FAIL|no changed audit-impact record covers audit/day_two_wash_complete_action_v1_20261001/local_hold_attempt_02/native_frames/birthday_story_catalog_doctor_1600/0088.webp
AUDITDEV|FAIL|no changed audit-impact record covers audit/day_two_wash_complete_action_v1_20261001/local_hold_attempt_02/native_frames/birthday_story_catalog_doctor_1600/0089.webp
AUDITDEV|FAIL|no changed audit-impact record covers audit/day_two_wash_complete_action_v1_20261001/local_hold_attempt_02/native_frames/birthday_story_catalog_doctor_1600/0090.webp
AUDITDEV|FAIL|no changed audit-impact record covers audit/day_two_wash_complete_action_v1_20261001/local_hold_attempt_02/native_frames/birthday_story_catalog_doctor_1600/0091.webp
AUDITDEV|FAIL|no changed audit-impact record covers audit/day_two_wash_complete_action_v1_20261001/local_hold_attempt_02/native_frames/birthday_story_catalog_doctor_1600/0092.webp
AUDITDEV|FAIL|no changed audit-impact record covers audit/day_two_wash_complete_action_v1_20261001/local_hold_attempt_02/native_frames/birthday_story_catalog_doctor_1600/0093.webp
AUDITDEV|FAIL|no changed audit-impact record covers audit/day_two_wash_complete_action_v1_20261001/local_hold_attempt_02/native_frames/birthday_story_catalog_doctor_1600/0094.webp
AUDITDEV|FAIL|no changed audit-impact record covers audit/day_two_wash_complete_action_v1_20261001/local_hold_attempt_02/native_frames/birthday_story_catalog_doctor_1600/0095.webp
AUDITDEV|FAIL|no changed audit-impact record covers audit/day_two_wash_complete_action_v1_20261001/local_hold_attempt_02/native_frames/birthday_story_catalog_doctor_1600/0096.webp
AUDITDEV|FAIL|no changed audit-impact record covers audit/day_two_wash_complete_action_v1_20261001/local_hold_attempt_02/native_frames/birthday_story_catalog_doctor_1600/0097.webp
AUDITDEV|FAIL|no changed audit-impact record covers audit/day_two_wash_complete_action_v1_20261001/local_hold_attempt_02/native_frames/birthday_story_catalog_doctor_1600/0098.webp
AUDITDEV|FAIL|no changed audit-impact record covers audit/day_two_wash_complete_action_v1_20261001/local_hold_attempt_02/native_frames/birthday_story_catalog_doctor_1600/0099.webp
AUDITDEV|FAIL|no changed audit-impact record covers audit/day_two_wash_complete_action_v1_20261001/local_hold_attempt_02/native_frames/birthday_story_catalog_doctor_1600/0100.webp
AUDITDEV|FAIL|no changed audit-impact record covers audit/day_two_wash_complete_action_v1_20261001/local_hold_attempt_02/native_frames/birthday_story_catalog_doctor_1600/0101.webp
AUDITDEV|FAIL|no changed audit-impact record covers audit/day_two_wash_complete_action_v1_20261001/local_hold_attempt_02/native_frames/birthday_story_catalog_doctor_1600/0102.webp
AUDITDEV|FAIL|no changed audit-impact record covers audit/day_two_wash_complete_action_v1_20261001/local_hold_attempt_02/native_frames/birthday_story_catalog_doctor_1600/0103.webp
AUDITDEV|FAIL|no changed audit-impact record covers audit/day_two_wash_complete_action_v1_20261001/local_hold_attempt_02/native_frames/birthday_story_catalog_doctor_1600/0104.webp
AUDITDEV|FAIL|no changed audit-impact record covers audit/day_two_wash_complete_action_v1_20261001/local_hold_attempt_02/native_frames/birthday_story_catalog_doctor_1600/0105.webp
AUDITDEV|FAIL|no changed audit-impact record covers audit/day_two_wash_complete_action_v1_20261001/local_hold_attempt_02/native_frames/birthday_story_catalog_doctor_1600/0106.webp
AUDITDEV|FAIL|no changed audit-impact record covers audit/day_two_wash_complete_action_v1_20261001/local_hold_attempt_02/native_frames/birthday_story_catalog_doctor_1600/0107.webp
AUDITDEV|FAIL|no changed audit-impact record covers audit/day_two_wash_complete_action_v1_20261001/local_hold_attempt_02/native_frames/birthday_story_catalog_doctor_1600/0108.webp
AUDITDEV|FAIL|no changed audit-impact record covers audit/day_two_wash_complete_action_v1_20261001/local_hold_attempt_02/native_frames/birthday_story_catalog_doctor_1600/0109.webp
AUDITDEV|FAIL|no changed audit-impact record covers audit/day_two_wash_complete_action_v1_20261001/local_hold_attempt_02/native_frames/birthday_story_catalog_doctor_1600/0110.webp
AUDITDEV|FAIL|no changed audit-impact record covers audit/day_two_wash_complete_action_v1_20261001/local_hold_attempt_02/native_frames/birthday_story_catalog_doctor_1600/0111.webp
AUDITDEV|FAIL|no changed audit-impact record covers audit/day_two_wash_complete_action_v1_20261001/local_hold_attempt_02/native_frames/birthday_story_catalog_doctor_1600/0112.webp
AUDITDEV|FAIL|no changed audit-impact record covers audit/day_two_wash_complete_action_v1_20261001/local_hold_attempt_02/native_frames/birthday_story_catalog_doctor_1600/0113.webp
AUDITDEV|FAIL|no changed audit-impact record covers audit/day_two_wash_complete_action_v1_20261001/local_hold_attempt_02/native_frames/birthday_story_catalog_doctor_1600/0114.webp
AUDITDEV|FAIL|no changed audit-impact record covers audit/day_two_wash_complete_action_v1_20261001/local_hold_attempt_02/native_frames/birthday_story_catalog_doctor_1600/0115.webp
AUDITDEV|FAIL|no changed audit-impact record covers audit/day_two_wash_complete_action_v1_20261001/local_hold_attempt_02/native_frames/birthday_story_catalog_doctor_1600/0116.webp
AUDITDEV|FAIL|no changed audit-impact record covers audit/day_two_wash_complete_action_v1_20261001/local_hold_attempt_02/native_frames/birthday_story_catalog_doctor_1600/0117.webp
AUDITDEV|FAIL|no changed audit-impact record covers audit/day_two_wash_complete_action_v1_20261001/local_hold_attempt_02/native_frames/birthday_story_catalog_doctor_1600/0118.webp
AUDITDEV|FAIL|no changed audit-impact record covers audit/day_two_wash_complete_action_v1_20261001/local_hold_attempt_02/native_frames/birthday_story_catalog_doctor_1600/0119.webp
AUDITDEV|FAIL|no changed audit-impact record covers audit/day_two_wash_complete_action_v1_20261001/local_hold_attempt_02/native_frames/birthday_story_catalog_doctor_1600/0120.webp
AUDITDEV|FAIL|no changed audit-impact record covers audit/day_two_wash_complete_action_v1_20261001/local_hold_attempt_02/native_frames/birthday_story_catalog_doctor_1600/0121.webp
AUDITDEV|FAIL|no changed audit-impact record covers audit/day_two_wash_complete_action_v1_20261001/local_hold_attempt_02/native_frames/birthday_story_catalog_doctor_1600/0122.webp
AUDITDEV|FAIL|no changed audit-impact record covers audit/day_two_wash_complete_action_v1_20261001/local_hold_attempt_02/native_frames/birthday_story_catalog_doctor_1600/0123.webp
AUDITDEV|FAIL|no changed audit-impact record covers audit/day_two_wash_complete_action_v1_20261001/local_hold_attempt_02/native_frames/birthday_story_catalog_doctor_1600/0124.webp
AUDITDEV|FAIL|no changed audit-impact record covers audit/day_two_wash_complete_action_v1_20261001/local_hold_attempt_02/native_frames/birthday_story_catalog_doctor_1600/0125.webp
AUDITDEV|FAIL|no changed audit-impact record covers audit/day_two_wash_complete_action_v1_20261001/local_hold_attempt_02/native_frames/birthday_story_catalog_doctor_1600/0126.webp
AUDITDEV|FAIL|no changed audit-impact record covers audit/day_two_wash_complete_action_v1_20261001/local_hold_attempt_02/native_frames/birthday_story_catalog_doctor_1600/0127.webp
AUDITDEV|FAIL|no changed audit-impact record covers audit/day_two_wash_complete_action_v1_20261001/local_hold_attempt_02/native_frames/birthday_story_catalog_doctor_1600/0128.webp
AUDITDEV|FAIL|no changed audit-impact record covers audit/day_two_wash_complete_action_v1_20261001/local_hold_attempt_02/native_frames/birthday_story_catalog_doctor_1600/0129.webp
AUDITDEV|FAIL|no changed audit-impact record covers audit/day_two_wash_complete_action_v1_20261001/local_hold_attempt_02/native_frames/birthday_story_catalog_doctor_1600/0130.webp
AUDITDEV|FAIL|no changed audit-impact record covers audit/day_two_wash_complete_action_v1_20261001/local_hold_attempt_02/native_frames/birthday_story_catalog_doctor_1600/0131.webp
AUDITDEV|FAIL|no changed audit-impact record covers audit/day_two_wash_complete_action_v1_20261001/local_hold_attempt_02/native_frames/birthday_story_catalog_doctor_1600/0132.webp
AUDITDEV|FAIL|no changed audit-impact record covers audit/day_two_wash_complete_action_v1_20261001/local_hold_attempt_02/native_frames/birthday_story_catalog_doctor_1600/0133.webp
AUDITDEV|FAIL|no changed audit-impact record covers audit/day_two_wash_complete_action_v1_20261001/local_hold_attempt_02/native_frames/birthday_story_catalog_doctor_1600/0134.webp
AUDITDEV|FAIL|no changed audit-impact record covers audit/day_two_wash_complete_action_v1_20261001/local_hold_attempt_02/native_frames/birthday_story_catalog_doctor_1600/0135.webp
AUDITDEV|FAIL|no changed audit-impact record covers audit/day_two_wash_complete_action_v1_20261001/local_hold_attempt_02/native_frames/birthday_story_catalog_doctor_1600/0136.webp
AUDITDEV|FAIL|no changed audit-impact record covers audit/day_two_wash_complete_action_v1_20261001/local_hold_attempt_02/native_frames/birthday_story_catalog_doctor_1600/0137.webp
AUDITDEV|FAIL|no changed audit-impact record covers audit/day_two_wash_complete_action_v1_20261001/local_hold_attempt_02/native_frames/birthday_story_catalog_doctor_1600/0138.webp
AUDITDEV|FAIL|no changed audit-impact record covers audit/day_two_wash_complete_action_v1_20261001/local_hold_attempt_02/native_frames/birthday_story_catalog_doctor_1600/0139.webp
AUDITDEV|FAIL|no changed audit-impact record covers audit/day_two_wash_complete_action_v1_20261001/local_hold_attempt_02/native_frames/birthday_story_catalog_doctor_1600/0140.webp
AUDITDEV|FAIL|no changed audit-impact record covers audit/day_two_wash_complete_action_v1_20261001/local_hold_attempt_02/native_frames/birthday_story_catalog_doctor_1600/0141.webp
AUDITDEV|FAIL|no changed audit-impact record covers audit/day_two_wash_complete_action_v1_20261001/local_hold_attempt_02/native_frames/birthday_story_catalog_doctor_1600/0142.webp
AUDITDEV|FAIL|no changed audit-impact record covers audit/day_two_wash_complete_action_v1_20261001/local_hold_attempt_02/native_frames/birthday_story_catalog_doctor_1600/0143.webp
AUDITDEV|FAIL|no changed audit-impact record covers audit/day_two_wash_complete_action_v1_20261001/local_hold_attempt_02/native_frames/birthday_story_catalog_doctor_1600/0144.webp
AUDITDEV|FAIL|no changed audit-impact record covers audit/day_two_wash_complete_action_v1_20261001/local_hold_attempt_02/native_frames/birthday_story_catalog_doctor_1600/0145.webp
AUDITDEV|FAIL|no changed audit-impact record covers audit/day_two_wash_complete_action_v1_20261001/local_hold_attempt_02/native_frames/birthday_story_catalog_doctor_1600/0146.webp
AUDITDEV|FAIL|no changed audit-impact record covers audit/day_two_wash_complete_action_v1_20261001/local_hold_attempt_02/native_frames/birthday_story_catalog_doctor_1600/0147.webp
AUDITDEV|FAIL|no changed audit-impact record covers audit/day_two_wash_complete_action_v1_20261001/local_hold_attempt_02/native_frames/birthday_story_catalog_doctor_1600/0148.webp
AUDITDEV|FAIL|no changed audit-impact record covers audit/day_two_wash_complete_action_v1_20261001/local_hold_attempt_02/native_frames/birthday_story_catalog_doctor_1600/0149.webp
AUDITDEV|FAIL|no changed audit-impact record covers audit/day_two_wash_complete_action_v1_20261001/local_hold_attempt_02/native_frames/birthday_story_catalog_doctor_1600/0150.webp
AUDITDEV|FAIL|no changed audit-impact record covers audit/day_two_wash_complete_action_v1_20261001/local_hold_attempt_02/native_frames/birthday_story_catalog_doctor_1600/0151.webp
AUDITDEV|FAIL|no changed audit-impact record covers audit/day_two_wash_complete_action_v1_20261001/local_hold_attempt_02/native_frames/birthday_story_catalog_doctor_1600/0152.webp
AUDITDEV|FAIL|no changed audit-impact record covers audit/day_two_wash_complete_action_v1_20261001/local_hold_attempt_02/native_frames/birthday_story_catalog_doctor_1600/0153.webp
AUDITDEV|FAIL|no changed audit-impact record covers audit/day_two_wash_complete_action_v1_20261001/local_hold_attempt_02/native_frames/birthday_story_catalog_doctor_1600/0154.webp
AUDITDEV|FAIL|no changed audit-impact record covers audit/day_two_wash_complete_action_v1_20261001/local_hold_attempt_02/native_frames/birthday_story_catalog_doctor_1600/0155.webp
AUDITDEV|FAIL|no changed audit-impact record covers audit/day_two_wash_complete_action_v1_20261001/local_hold_attempt_02/native_frames/birthday_story_catalog_doctor_1600/0156.webp
AUDITDEV|FAIL|no changed audit-impact record covers audit/day_two_wash_complete_action_v1_20261001/local_hold_attempt_02/native_frames/birthday_story_catalog_doctor_1600/0157.webp
AUDITDEV|FAIL|no changed audit-impact record covers audit/day_two_wash_complete_action_v1_20261001/local_hold_attempt_02/native_frames/birthday_story_catalog_doctor_1600/0158.webp
AUDITDEV|FAIL|no changed audit-impact record covers audit/day_two_wash_complete_action_v1_20261001/local_hold_attempt_02/native_frames/birthday_story_catalog_doctor_1600/0159.webp
AUDITDEV|FAIL|no changed audit-impact record covers audit/day_two_wash_complete_action_v1_20261001/local_hold_attempt_02/native_frames/birthday_story_catalog_doctor_1600/0160.webp
AUDITDEV|FAIL|no changed audit-impact record covers audit/day_two_wash_complete_action_v1_20261001/local_hold_attempt_02/native_frames/birthday_story_catalog_doctor_1600/0161.webp
AUDITDEV|FAIL|no changed audit-impact record covers audit/day_two_wash_complete_action_v1_20261001/local_hold_attempt_02/native_frames/birthday_story_catalog_doctor_1600/0162.webp
AUDITDEV|FAIL|no changed audit-impact record covers audit/day_two_wash_complete_action_v1_20261001/local_hold_attempt_02/native_frames/birthday_story_catalog_doctor_1600/0163.webp
AUDITDEV|FAIL|no changed audit-impact record covers audit/day_two_wash_complete_action_v1_20261001/local_hold_attempt_02/native_frames/birthday_story_catalog_doctor_1600/0164.webp
AUDITDEV|FAIL|no changed audit-impact record covers audit/day_two_wash_complete_action_v1_20261001/local_hold_attempt_02/native_frames/birthday_story_catalog_doctor_1600/0165.webp
AUDITDEV|FAIL|no changed audit-impact record covers audit/day_two_wash_complete_action_v1_20261001/local_hold_attempt_02/native_frames/birthday_story_catalog_doctor_1600/0166.webp
AUDITDEV|FAIL|no changed audit-impact record covers audit/day_two_wash_complete_action_v1_20261001/local_hold_attempt_02/native_frames/birthday_story_catalog_doctor_1600/0167.webp
AUDITDEV|FAIL|no changed audit-impact record covers audit/day_two_wash_complete_action_v1_20261001/local_hold_attempt_02/native_frames/birthday_story_catalog_doctor_1600/0168.webp
AUDITDEV|FAIL|no changed audit-impact record covers audit/day_two_wash_complete_action_v1_20261001/local_hold_attempt_02/native_frames/birthday_story_catalog_doctor_1600/0169.webp
AUDITDEV|FAIL|no changed audit-impact record covers audit/day_two_wash_complete_action_v1_20261001/local_hold_attempt_02/native_frames/birthday_story_catalog_doctor_1600/0170.webp
AUDITDEV|FAIL|no changed audit-impact record covers audit/day_two_wash_complete_action_v1_20261001/local_hold_attempt_02/native_frames/birthday_story_catalog_doctor_1600/0171.webp
AUDITDEV|FAIL|no changed audit-impact record covers audit/day_two_wash_complete_action_v1_20261001/local_hold_attempt_02/native_frames/birthday_story_catalog_doctor_1600/0172.webp
AUDITDEV|FAIL|no changed audit-impact record covers audit/day_two_wash_complete_action_v1_20261001/local_hold_attempt_02/native_frames/birthday_story_catalog_doctor_1600/0173.webp
AUDITDEV|FAIL|no changed audit-impact record covers audit/day_two_wash_complete_action_v1_20261001/local_hold_attempt_02/native_frames/birthday_story_catalog_doctor_1600/0174.webp
AUDITDEV|FAIL|no changed audit-impact record covers audit/day_two_wash_complete_action_v1_20261001/local_hold_attempt_02/native_frames/birthday_story_catalog_doctor_1600/0175.webp
AUDITDEV|FAIL|no changed audit-impact record covers audit/day_two_wash_complete_action_v1_20261001/local_hold_attempt_02/native_frames/birthday_story_catalog_doctor_1600/0176.webp
AUDITDEV|FAIL|no changed audit-impact record covers audit/day_two_wash_complete_action_v1_20261001/local_hold_attempt_02/native_frames/birthday_story_catalog_doctor_1600/0177.webp
AUDITDEV|FAIL|no changed audit-impact record covers audit/day_two_wash_complete_action_v1_20261001/local_hold_attempt_02/native_frames/birthday_story_catalog_doctor_1600/0178.webp
AUDITDEV|FAIL|no changed audit-impact record covers audit/day_two_wash_complete_action_v1_20261001/local_hold_attempt_02/native_frames/birthday_story_catalog_doctor_1600/0179.webp
AUDITDEV|FAIL|no changed audit-impact record covers audit/day_two_wash_complete_action_v1_20261001/local_hold_attempt_02/native_frames/birthday_story_catalog_doctor_1600/0180.webp
AUDITDEV|FAIL|no changed audit-impact record covers audit/day_two_wash_complete_action_v1_20261001/local_hold_attempt_02/native_frames/birthday_story_catalog_doctor_1600/0181.webp
AUDITDEV|FAIL|no changed audit-impact record covers audit/day_two_wash_complete_action_v1_20261001/local_hold_attempt_02/native_frames/birthday_story_catalog_doctor_1600/0182.webp
AUDITDEV|FAIL|no changed audit-impact record covers audit/day_two_wash_complete_action_v1_20261001/local_hold_attempt_02/native_frames/birthday_story_catalog_doctor_1600/0183.webp
AUDITDEV|FAIL|no changed audit-impact record covers audit/day_two_wash_complete_action_v1_20261001/local_hold_attempt_02/native_frames/birthday_story_catalog_doctor_1600/0184.webp
AUDITDEV|FAIL|no changed audit-impact record covers audit/day_two_wash_complete_action_v1_20261001/local_hold_attempt_02/native_frames/birthday_story_catalog_doctor_1600/0185.webp
AUDITDEV|FAIL|no changed audit-impact record covers audit/day_two_wash_complete_action_v1_20261001/local_hold_attempt_02/native_frames/birthday_story_catalog_doctor_1600/0186.webp
AUDITDEV|FAIL|no changed audit-impact record covers audit/day_two_wash_complete_action_v1_20261001/local_hold_attempt_02/native_frames/birthday_story_catalog_doctor_1600/0187.webp
AUDITDEV|FAIL|no changed audit-impact record covers audit/day_two_wash_complete_action_v1_20261001/local_hold_attempt_02/native_frames/birthday_story_catalog_doctor_1600/0188.webp
AUDITDEV|FAIL|no changed audit-impact record covers audit/day_two_wash_complete_action_v1_20261001/local_hold_attempt_02/native_frames/birthday_story_catalog_doctor_1600/0189.webp
AUDITDEV|FAIL|no changed audit-impact record covers audit/day_two_wash_complete_action_v1_20261001/local_hold_attempt_02/native_frames/birthday_story_catalog_doctor_1600/0190.webp
AUDITDEV|FAIL|no changed audit-impact record covers audit/day_two_wash_complete_action_v1_20261001/local_hold_attempt_02/native_frames/birthday_story_catalog_doctor_1600/0191.webp
AUDITDEV|FAIL|no changed audit-impact record covers audit/day_two_wash_complete_action_v1_20261001/local_hold_attempt_02/native_frames/birthday_story_catalog_doctor_1600/0192.webp
AUDITDEV|FAIL|no changed audit-impact record covers audit/day_two_wash_complete_action_v1_20261001/local_hold_attempt_02/native_frames/birthday_story_catalog_nursery_1280/0000.webp
AUDITDEV|FAIL|no changed audit-impact record covers audit/day_two_wash_complete_action_v1_20261001/local_hold_attempt_02/native_frames/birthday_story_catalog_nursery_1280/0001.webp
AUDITDEV|FAIL|no changed audit-impact record covers audit/day_two_wash_complete_action_v1_20261001/local_hold_attempt_02/native_frames/birthday_story_catalog_nursery_1280/0002.webp
AUDITDEV|FAIL|no changed audit-impact record covers audit/day_two_wash_complete_action_v1_20261001/local_hold_attempt_02/native_frames/birthday_story_catalog_nursery_1280/0003.webp
AUDITDEV|FAIL|no changed audit-impact record covers audit/day_two_wash_complete_action_v1_20261001/local_hold_attempt_02/native_frames/birthday_story_catalog_nursery_1280/0004.webp
AUDITDEV|FAIL|no changed audit-impact record covers audit/day_two_wash_complete_action_v1_20261001/local_hold_attempt_02/native_frames/birthday_story_catalog_nursery_1280/0005.webp
AUDITDEV|FAIL|no changed audit-impact record covers audit/day_two_wash_complete_action_v1_20261001/local_hold_attempt_02/native_frames/birthday_story_catalog_nursery_1280/0006.webp
AUDITDEV|FAIL|no changed audit-impact record covers audit/day_two_wash_complete_action_v1_20261001/local_hold_attempt_02/native_frames/birthday_story_catalog_nursery_1280/0007.webp
AUDITDEV|FAIL|no changed audit-impact record covers audit/day_two_wash_complete_action_v1_20261001/local_hold_attempt_02/native_frames/birthday_story_catalog_nursery_1280/0008.webp
AUDITDEV|FAIL|no changed audit-impact record covers audit/day_two_wash_complete_action_v1_20261001/local_hold_attempt_02/native_frames/birthday_story_catalog_nursery_1280/0009.webp
AUDITDEV|FAIL|no changed audit-impact record covers audit/day_two_wash_complete_action_v1_20261001/local_hold_attempt_02/native_frames/birthday_story_catalog_nursery_1280/0010.webp
AUDITDEV|FAIL|no changed audit-impact record covers audit/day_two_wash_complete_action_v1_20261001/local_hold_attempt_02/native_frames/birthday_story_catalog_nursery_1280/0011.webp
AUDITDEV|FAIL|no changed audit-impact record covers audit/day_two_wash_complete_action_v1_20261001/local_hold_attempt_02/native_frames/birthday_story_catalog_nursery_1280/0012.webp
AUDITDEV|FAIL|no changed audit-impact record covers audit/day_two_wash_complete_action_v1_20261001/local_hold_attempt_02/native_frames/birthday_story_catalog_nursery_1280/0013.webp
AUDITDEV|FAIL|no changed audit-impact record covers audit/day_two_wash_complete_action_v1_20261001/local_hold_attempt_02/native_frames/birthday_story_catalog_nursery_1280/0014.webp
AUDITDEV|FAIL|no changed audit-impact record covers audit/day_two_wash_complete_action_v1_20261001/local_hold_attempt_02/native_frames/birthday_story_catalog_nursery_1280/0015.webp
AUDITDEV|FAIL|no changed audit-impact record covers audit/day_two_wash_complete_action_v1_20261001/local_hold_attempt_02/native_frames/birthday_story_catalog_nursery_1280/0016.webp
AUDITDEV|FAIL|no changed audit-impact record covers audit/day_two_wash_complete_action_v1_20261001/local_hold_attempt_02/native_frames/birthday_story_catalog_nursery_1280/0017.webp
AUDITDEV|FAIL|no changed audit-impact record covers audit/day_two_wash_complete_action_v1_20261001/local_hold_attempt_02/native_frames/birthday_story_catalog_nursery_1280/0018.webp
AUDITDEV|FAIL|no changed audit-impact record covers audit/day_two_wash_complete_action_v1_20261001/local_hold_attempt_02/native_frames/birthday_story_catalog_nursery_1280/0019.webp
AUDITDEV|FAIL|no changed audit-impact record covers audit/day_two_wash_complete_action_v1_20261001/local_hold_attempt_02/native_frames/birthday_story_catalog_nursery_1280/0020.webp
AUDITDEV|FAIL|no changed audit-impact record covers audit/day_two_wash_complete_action_v1_20261001/local_hold_attempt_02/native_frames/birthday_story_catalog_nursery_1280/0021.webp
AUDITDEV|FAIL|no changed audit-impact record covers audit/day_two_wash_complete_action_v1_20261001/local_hold_attempt_02/native_frames/birthday_story_catalog_nursery_1280/0022.webp
AUDITDEV|FAIL|no changed audit-impact record covers audit/day_two_wash_complete_action_v1_20261001/local_hold_attempt_02/native_frames/birthday_story_catalog_nursery_1280/0023.webp
AUDITDEV|FAIL|no changed audit-impact record covers audit/day_two_wash_complete_action_v1_20261001/local_hold_attempt_02/native_frames/birthday_story_catalog_nursery_1280/0024.webp
AUDITDEV|FAIL|no changed audit-impact record covers audit/day_two_wash_complete_action_v1_20261001/local_hold_attempt_02/native_frames/birthday_story_catalog_nursery_1280/0025.webp
AUDITDEV|FAIL|no changed audit-impact record covers audit/day_two_wash_complete_action_v1_20261001/local_hold_attempt_02/native_frames/birthday_story_catalog_nursery_1280/0026.webp
AUDITDEV|FAIL|no changed audit-impact record covers audit/day_two_wash_complete_action_v1_20261001/local_hold_attempt_02/native_frames/birthday_story_catalog_nursery_1280/0027.webp
AUDITDEV|FAIL|no changed audit-impact record covers audit/day_two_wash_complete_action_v1_20261001/local_hold_attempt_02/native_frames/birthday_story_catalog_nursery_1280/0028.webp
AUDITDEV|FAIL|no changed audit-impact record covers audit/day_two_wash_complete_action_v1_20261001/local_hold_attempt_02/native_frames/birthday_story_catalog_nursery_1280/0029.webp
AUDITDEV|FAIL|no changed audit-impact record covers audit/day_two_wash_complete_action_v1_20261001/local_hold_attempt_02/native_frames/birthday_story_catalog_nursery_1280/0030.webp
AUDITDEV|FAIL|no changed audit-impact record covers audit/day_two_wash_complete_action_v1_20261001/local_hold_attempt_02/native_frames/birthday_story_catalog_nursery_1280/0031.webp
AUDITDEV|FAIL|no changed audit-impact record covers audit/day_two_wash_complete_action_v1_20261001/local_hold_attempt_02/native_frames/birthday_story_catalog_nursery_1280/0032.webp
AUDITDEV|FAIL|no changed audit-impact record covers audit/day_two_wash_complete_action_v1_20261001/local_hold_attempt_02/native_frames/birthday_story_catalog_nursery_1280/0033.webp
AUDITDEV|FAIL|no changed audit-impact record covers audit/day_two_wash_complete_action_v1_20261001/local_hold_attempt_02/native_frames/birthday_story_catalog_nursery_1280/0034.webp
AUDITDEV|FAIL|no changed audit-impact record covers audit/day_two_wash_complete_action_v1_20261001/local_hold_attempt_02/native_frames/birthday_story_catalog_nursery_1280/0035.webp
AUDITDEV|FAIL|no changed audit-impact record covers audit/day_two_wash_complete_action_v1_20261001/local_hold_attempt_02/native_frames/birthday_story_catalog_nursery_1280/0036.webp
AUDITDEV|FAIL|no changed audit-impact record covers audit/day_two_wash_complete_action_v1_20261001/local_hold_attempt_02/native_frames/birthday_story_catalog_nursery_1280/0037.webp
AUDITDEV|FAIL|no changed audit-impact record covers audit/day_two_wash_complete_action_v1_20261001/local_hold_attempt_02/native_frames/birthday_story_catalog_nursery_1280/0038.webp
AUDITDEV|FAIL|no changed audit-impact record covers audit/day_two_wash_complete_action_v1_20261001/local_hold_attempt_02/native_frames/birthday_story_catalog_nursery_1280/0039.webp
AUDITDEV|FAIL|no changed audit-impact record covers audit/day_two_wash_complete_action_v1_20261001/local_hold_attempt_02/native_frames/birthday_story_catalog_nursery_1280/0040.webp
AUDITDEV|FAIL|no changed audit-impact record covers audit/day_two_wash_complete_action_v1_20261001/local_hold_attempt_02/native_frames/birthday_story_catalog_nursery_1280/0041.webp
AUDITDEV|FAIL|no changed audit-impact record covers audit/day_two_wash_complete_action_v1_20261001/local_hold_attempt_02/native_frames/birthday_story_catalog_nursery_1280/0042.webp
AUDITDEV|FAIL|no changed audit-impact record covers audit/day_two_wash_complete_action_v1_20261001/local_hold_attempt_02/native_frames/birthday_story_catalog_nursery_1280/0043.webp
AUDITDEV|FAIL|no changed audit-impact record covers audit/day_two_wash_complete_action_v1_20261001/local_hold_attempt_02/native_frames/birthday_story_catalog_nursery_1280/0044.webp
AUDITDEV|FAIL|no changed audit-impact record covers audit/day_two_wash_complete_action_v1_20261001/local_hold_attempt_02/native_frames/birthday_story_catalog_nursery_1280/0045.webp
AUDITDEV|FAIL|no changed audit-impact record covers audit/day_two_wash_complete_action_v1_20261001/local_hold_attempt_02/native_frames/birthday_story_catalog_nursery_1280/0046.webp
AUDITDEV|FAIL|no changed audit-impact record covers audit/day_two_wash_complete_action_v1_20261001/local_hold_attempt_02/native_frames/birthday_story_catalog_nursery_1280/0047.webp
AUDITDEV|FAIL|no changed audit-impact record covers audit/day_two_wash_complete_action_v1_20261001/local_hold_attempt_02/native_frames/birthday_story_catalog_nursery_1280/0048.webp
AUDITDEV|FAIL|no changed audit-impact record covers audit/day_two_wash_complete_action_v1_20261001/local_hold_attempt_02/native_frames/birthday_story_catalog_nursery_1280/0049.webp
AUDITDEV|FAIL|no changed audit-impact record covers audit/day_two_wash_complete_action_v1_20261001/local_hold_attempt_02/native_frames/birthday_story_catalog_nursery_1280/0050.webp
AUDITDEV|FAIL|no changed audit-impact record covers audit/day_two_wash_complete_action_v1_20261001/local_hold_attempt_02/native_frames/birthday_story_catalog_nursery_1280/0051.webp
AUDITDEV|FAIL|no changed audit-impact record covers audit/day_two_wash_complete_action_v1_20261001/local_hold_attempt_02/native_frames/birthday_story_catalog_nursery_1280/0052.webp
AUDITDEV|FAIL|no changed audit-impact record covers audit/day_two_wash_complete_action_v1_20261001/local_hold_attempt_02/native_frames/birthday_story_catalog_nursery_1280/0053.webp
AUDITDEV|FAIL|no changed audit-impact record covers audit/day_two_wash_complete_action_v1_20261001/local_hold_attempt_02/native_frames/birthday_story_catalog_nursery_1280/0054.webp
AUDITDEV|FAIL|no changed audit-impact record covers audit/day_two_wash_complete_action_v1_20261001/local_hold_attempt_02/native_frames/birthday_story_catalog_nursery_1280/0055.webp
AUDITDEV|FAIL|no changed audit-impact record covers audit/day_two_wash_complete_action_v1_20261001/local_hold_attempt_02/native_frames/birthday_story_catalog_nursery_1280/0056.webp
AUDITDEV|FAIL|no changed audit-impact record covers audit/day_two_wash_complete_action_v1_20261001/local_hold_attempt_02/native_frames/birthday_story_catalog_nursery_1280/0057.webp
AUDITDEV|FAIL|no changed audit-impact record covers audit/day_two_wash_complete_action_v1_20261001/local_hold_attempt_02/native_frames/birthday_story_catalog_nursery_1280/0058.webp
AUDITDEV|FAIL|no changed audit-impact record covers audit/day_two_wash_complete_action_v1_20261001/local_hold_attempt_02/native_frames/birthday_story_catalog_nursery_1280/0059.webp
AUDITDEV|FAIL|no changed audit-impact record covers audit/day_two_wash_complete_action_v1_20261001/local_hold_attempt_02/native_frames/birthday_story_catalog_nursery_1280/0060.webp
AUDITDEV|FAIL|no changed audit-impact record covers audit/day_two_wash_complete_action_v1_20261001/local_hold_attempt_02/native_frames/birthday_story_catalog_nursery_1280/0061.webp
AUDITDEV|FAIL|no changed audit-impact record covers audit/day_two_wash_complete_action_v1_20261001/local_hold_attempt_02/native_frames/birthday_story_catalog_nursery_1280/0062.webp
AUDITDEV|FAIL|no changed audit-impact record covers audit/day_two_wash_complete_action_v1_20261001/local_hold_attempt_02/native_frames/birthday_story_catalog_nursery_1280/0063.webp
AUDITDEV|FAIL|no changed audit-impact record covers audit/day_two_wash_complete_action_v1_20261001/local_hold_attempt_02/native_frames/birthday_story_catalog_nursery_1280/0064.webp
AUDITDEV|FAIL|no changed audit-impact record covers audit/day_two_wash_complete_action_v1_20261001/local_hold_attempt_02/native_frames/birthday_story_catalog_nursery_1280/0065.webp
AUDITDEV|FAIL|no changed audit-impact record covers audit/day_two_wash_complete_action_v1_20261001/local_hold_attempt_02/native_frames/birthday_story_catalog_nursery_1280/0066.webp
AUDITDEV|FAIL|no changed audit-impact record covers audit/day_two_wash_complete_action_v1_20261001/local_hold_attempt_02/native_frames/birthday_story_catalog_nursery_1280/0067.webp
AUDITDEV|FAIL|no changed audit-impact record covers audit/day_two_wash_complete_action_v1_20261001/local_hold_attempt_02/native_frames/birthday_story_catalog_nursery_1280/0068.webp
AUDITDEV|FAIL|no changed audit-impact record covers audit/day_two_wash_complete_action_v1_20261001/local_hold_attempt_02/native_frames/birthday_story_catalog_nursery_1280/0069.webp
AUDITDEV|FAIL|no changed audit-impact record covers audit/day_two_wash_complete_action_v1_20261001/local_hold_attempt_02/native_frames/birthday_story_catalog_nursery_1280/0070.webp
AUDITDEV|FAIL|no changed audit-impact record covers audit/day_two_wash_complete_action_v1_20261001/local_hold_attempt_02/native_frames/birthday_story_catalog_nursery_1280/0071.webp
AUDITDEV|FAIL|no changed audit-impact record covers audit/day_two_wash_complete_action_v1_20261001/local_hold_attempt_02/native_frames/birthday_story_catalog_nursery_1280/0072.webp
AUDITDEV|FAIL|no changed audit-impact record covers audit/day_two_wash_complete_action_v1_20261001/local_hold_attempt_02/native_frames/birthday_story_catalog_nursery_1280/0073.webp
AUDITDEV|FAIL|no changed audit-impact record covers audit/day_two_wash_complete_action_v1_20261001/local_hold_attempt_02/native_frames/birthday_story_catalog_nursery_1280/0074.webp
AUDITDEV|FAIL|no changed audit-impact record covers audit/day_two_wash_complete_action_v1_20261001/local_hold_attempt_02/native_frames/birthday_story_catalog_nursery_1280/0075.webp
AUDITDEV|FAIL|no changed audit-impact record covers audit/day_two_wash_complete_action_v1_20261001/local_hold_attempt_02/native_frames/birthday_story_catalog_nursery_1280/0076.webp
AUDITDEV|FAIL|no changed audit-impact record covers audit/day_two_wash_complete_action_v1_20261001/local_hold_attempt_02/native_frames/birthday_story_catalog_nursery_1280/0077.webp
AUDITDEV|FAIL|no changed audit-impact record covers audit/day_two_wash_complete_action_v1_20261001/local_hold_attempt_02/native_frames/birthday_story_catalog_nursery_1280/0078.webp
AUDITDEV|FAIL|no changed audit-impact record covers audit/day_two_wash_complete_action_v1_20261001/local_hold_attempt_02/native_frames/birthday_story_catalog_nursery_1280/0079.webp
AUDITDEV|FAIL|no changed audit-impact record covers audit/day_two_wash_complete_action_v1_20261001/local_hold_attempt_02/native_frames/birthday_story_catalog_nursery_1280/0080.webp
AUDITDEV|FAIL|no changed audit-impact record covers audit/day_two_wash_complete_action_v1_20261001/local_hold_attempt_02/native_frames/birthday_story_catalog_nursery_1280/0081.webp
AUDITDEV|FAIL|no changed audit-impact record covers audit/day_two_wash_complete_action_v1_20261001/local_hold_attempt_02/native_frames/birthday_story_catalog_nursery_1280/0082.webp
AUDITDEV|FAIL|no changed audit-impact record covers audit/day_two_wash_complete_action_v1_20261001/local_hold_attempt_02/native_frames/birthday_story_catalog_nursery_1280/0083.webp
AUDITDEV|FAIL|no changed audit-impact record covers audit/day_two_wash_complete_action_v1_20261001/local_hold_attempt_02/native_frames/birthday_story_catalog_nursery_1280/0084.webp
AUDITDEV|FAIL|no changed audit-impact record covers audit/day_two_wash_complete_action_v1_20261001/local_hold_attempt_02/native_frames/birthday_story_catalog_nursery_1280/0085.webp
AUDITDEV|FAIL|no changed audit-impact record covers audit/day_two_wash_complete_action_v1_20261001/local_hold_attempt_02/native_frames/birthday_story_catalog_nursery_1280/0086.webp
AUDITDEV|FAIL|no changed audit-impact record covers audit/day_two_wash_complete_action_v1_20261001/local_hold_attempt_02/native_frames/birthday_story_catalog_nursery_1280/0087.webp
AUDITDEV|FAIL|no changed audit-impact record covers audit/day_two_wash_complete_action_v1_20261001/local_hold_attempt_02/native_frames/birthday_story_catalog_nursery_1280/0088.webp
AUDITDEV|FAIL|no changed audit-impact record covers audit/day_two_wash_complete_action_v1_20261001/local_hold_attempt_02/native_frames/birthday_story_catalog_nursery_1280/0089.webp
AUDITDEV|FAIL|no changed audit-impact record covers audit/day_two_wash_complete_action_v1_20261001/local_hold_attempt_02/native_frames/birthday_story_catalog_nursery_1280/0090.webp
AUDITDEV|FAIL|no changed audit-impact record covers audit/day_two_wash_complete_action_v1_20261001/local_hold_attempt_02/native_frames/birthday_story_catalog_nursery_1280/0091.webp
AUDITDEV|FAIL|no changed audit-impact record covers audit/day_two_wash_complete_action_v1_20261001/local_hold_attempt_02/native_frames/birthday_story_catalog_nursery_1280/0092.webp
AUDITDEV|FAIL|no changed audit-impact record covers audit/day_two_wash_complete_action_v1_20261001/local_hold_attempt_02/native_frames/birthday_story_catalog_nursery_1280/0093.webp
AUDITDEV|FAIL|no changed audit-impact record covers audit/day_two_wash_complete_action_v1_20261001/local_hold_attempt_02/native_frames/birthday_story_catalog_nursery_1280/0094.webp
AUDITDEV|FAIL|no changed audit-impact record covers audit/day_two_wash_complete_action_v1_20261001/local_hold_attempt_02/native_frames/birthday_story_catalog_nursery_1280/0095.webp
AUDITDEV|FAIL|no changed audit-impact record covers audit/day_two_wash_complete_action_v1_20261001/local_hold_attempt_02/native_frames/birthday_story_catalog_nursery_1280/0096.webp
AUDITDEV|FAIL|no changed audit-impact record covers audit/day_two_wash_complete_action_v1_20261001/local_hold_attempt_02/native_frames/birthday_story_catalog_nursery_1280/0097.webp
AUDITDEV|FAIL|no changed audit-impact record covers audit/day_two_wash_complete_action_v1_20261001/local_hold_attempt_02/native_frames/birthday_story_catalog_nursery_1280/0098.webp
AUDITDEV|FAIL|no changed audit-impact record covers audit/day_two_wash_complete_action_v1_20261001/local_hold_attempt_02/native_frames/birthday_story_catalog_nursery_1280/0099.webp
AUDITDEV|FAIL|no changed audit-impact record covers audit/day_two_wash_complete_action_v1_20261001/local_hold_attempt_02/native_frames/birthday_story_catalog_nursery_1280/0100.webp
AUDITDEV|FAIL|no changed audit-impact record covers audit/day_two_wash_complete_action_v1_20261001/local_hold_attempt_02/native_frames/birthday_story_catalog_nursery_1280/0101.webp
AUDITDEV|FAIL|no changed audit-impact record covers audit/day_two_wash_complete_action_v1_20261001/local_hold_attempt_02/native_frames/birthday_story_catalog_nursery_1280/0102.webp
AUDITDEV|FAIL|no changed audit-impact record covers audit/day_two_wash_complete_action_v1_20261001/local_hold_attempt_02/native_frames/birthday_story_catalog_nursery_1280/0103.webp
AUDITDEV|FAIL|no changed audit-impact record covers audit/day_two_wash_complete_action_v1_20261001/local_hold_attempt_02/native_frames/birthday_story_catalog_nursery_1280/0104.webp
AUDITDEV|FAIL|no changed audit-impact record covers audit/day_two_wash_complete_action_v1_20261001/local_hold_attempt_02/native_frames/birthday_story_catalog_nursery_1280/0105.webp
AUDITDEV|FAIL|no changed audit-impact record covers audit/day_two_wash_complete_action_v1_20261001/local_hold_attempt_02/native_frames/birthday_story_catalog_nursery_1280/0106.webp
AUDITDEV|FAIL|no changed audit-impact record covers audit/day_two_wash_complete_action_v1_20261001/local_hold_attempt_02/native_frames/birthday_story_catalog_nursery_1280/0107.webp
AUDITDEV|FAIL|no changed audit-impact record covers audit/day_two_wash_complete_action_v1_20261001/local_hold_attempt_02/native_frames/birthday_story_catalog_nursery_1280/0108.webp
AUDITDEV|FAIL|no changed audit-impact record covers audit/day_two_wash_complete_action_v1_20261001/local_hold_attempt_02/native_frames/birthday_story_catalog_nursery_1280/0109.webp
AUDITDEV|FAIL|no changed audit-impact record covers audit/day_two_wash_complete_action_v1_20261001/local_hold_attempt_02/native_frames/birthday_story_catalog_nursery_1280/0110.webp
AUDITDEV|FAIL|no changed audit-impact record covers audit/day_two_wash_complete_action_v1_20261001/local_hold_attempt_02/native_frames/birthday_story_catalog_nursery_1280/0111.webp
AUDITDEV|FAIL|no changed audit-impact record covers audit/day_two_wash_complete_action_v1_20261001/local_hold_attempt_02/native_frames/birthday_story_catalog_nursery_1280/0112.webp
AUDITDEV|FAIL|no changed audit-impact record covers audit/day_two_wash_complete_action_v1_20261001/local_hold_attempt_02/native_frames/birthday_story_catalog_nursery_1280/0113.webp
AUDITDEV|FAIL|no changed audit-impact record covers audit/day_two_wash_complete_action_v1_20261001/local_hold_attempt_02/native_frames/birthday_story_catalog_nursery_1280/0114.webp
AUDITDEV|FAIL|no changed audit-impact record covers audit/day_two_wash_complete_action_v1_20261001/local_hold_attempt_02/native_frames/birthday_story_catalog_nursery_1280/0115.webp
AUDITDEV|FAIL|no changed audit-impact record covers audit/day_two_wash_complete_action_v1_20261001/local_hold_attempt_02/native_frames/birthday_story_catalog_nursery_1280/0116.webp
AUDITDEV|FAIL|no changed audit-impact record covers audit/day_two_wash_complete_action_v1_20261001/local_hold_attempt_02/native_frames/birthday_story_catalog_nursery_1280/0117.webp
AUDITDEV|FAIL|no changed audit-impact record covers audit/day_two_wash_complete_action_v1_20261001/local_hold_attempt_02/native_frames/birthday_story_catalog_nursery_1280/0118.webp
AUDITDEV|FAIL|no changed audit-impact record covers audit/day_two_wash_complete_action_v1_20261001/local_hold_attempt_02/native_frames/birthday_story_catalog_nursery_1280/0119.webp
AUDITDEV|FAIL|no changed audit-impact record covers audit/day_two_wash_complete_action_v1_20261001/local_hold_attempt_02/native_frames/birthday_story_catalog_nursery_1280/0120.webp
AUDITDEV|FAIL|no changed audit-impact record covers audit/day_two_wash_complete_action_v1_20261001/local_hold_attempt_02/native_frames/birthday_story_catalog_nursery_1280/0121.webp
AUDITDEV|FAIL|no changed audit-impact record covers audit/day_two_wash_complete_action_v1_20261001/local_hold_attempt_02/native_frames/birthday_story_catalog_nursery_1280/0122.webp
AUDITDEV|FAIL|no changed audit-impact record covers audit/day_two_wash_complete_action_v1_20261001/local_hold_attempt_02/native_frames/birthday_story_catalog_nursery_1280/0123.webp
AUDITDEV|FAIL|no changed audit-impact record covers audit/day_two_wash_complete_action_v1_20261001/local_hold_attempt_02/native_frames/birthday_story_catalog_nursery_1280/0124.webp
AUDITDEV|FAIL|no changed audit-impact record covers audit/day_two_wash_complete_action_v1_20261001/local_hold_attempt_02/native_frames/birthday_story_catalog_nursery_1280/0125.webp
AUDITDEV|FAIL|no changed audit-impact record covers audit/day_two_wash_complete_action_v1_20261001/local_hold_attempt_02/native_frames/birthday_story_catalog_nursery_1280/0126.webp
AUDITDEV|FAIL|no changed audit-impact record covers audit/day_two_wash_complete_action_v1_20261001/local_hold_attempt_02/native_frames/birthday_story_catalog_nursery_1280/0127.webp
AUDITDEV|FAIL|no changed audit-impact record covers audit/day_two_wash_complete_action_v1_20261001/local_hold_attempt_02/native_frames/birthday_story_catalog_nursery_1280/0128.webp
AUDITDEV|FAIL|no changed audit-impact record covers audit/day_two_wash_complete_action_v1_20261001/local_hold_attempt_02/native_frames/birthday_story_catalog_nursery_1280/0129.webp
AUDITDEV|FAIL|no changed audit-impact record covers audit/day_two_wash_complete_action_v1_20261001/local_hold_attempt_02/native_frames/birthday_story_catalog_nursery_1280/0130.webp
AUDITDEV|FAIL|no changed audit-impact record covers audit/day_two_wash_complete_action_v1_20261001/local_hold_attempt_02/native_frames/birthday_story_catalog_nursery_1280/0131.webp
AUDITDEV|FAIL|no changed audit-impact record covers audit/day_two_wash_complete_action_v1_20261001/local_hold_attempt_02/native_frames/birthday_story_catalog_nursery_1280/0132.webp
AUDITDEV|FAIL|no changed audit-impact record covers audit/day_two_wash_complete_action_v1_20261001/local_hold_attempt_02/native_frames/birthday_story_catalog_nursery_1280/0133.webp
AUDITDEV|FAIL|no changed audit-impact record covers audit/day_two_wash_complete_action_v1_20261001/local_hold_attempt_02/native_frames/birthday_story_catalog_nursery_1280/0134.webp
AUDITDEV|FAIL|no changed audit-impact record covers audit/day_two_wash_complete_action_v1_20261001/local_hold_attempt_02/native_frames/birthday_story_catalog_nursery_1280/0135.webp
AUDITDEV|FAIL|no changed audit-impact record covers audit/day_two_wash_complete_action_v1_20261001/local_hold_attempt_02/native_frames/birthday_story_catalog_nursery_1280/0136.webp
AUDITDEV|FAIL|no changed audit-impact record covers audit/day_two_wash_complete_action_v1_20261001/local_hold_attempt_02/native_frames/birthday_story_catalog_nursery_1280/0137.webp
AUDITDEV|FAIL|no changed audit-impact record covers audit/day_two_wash_complete_action_v1_20261001/local_hold_attempt_02/native_frames/birthday_story_catalog_nursery_1280/0138.webp
AUDITDEV|FAIL|no changed audit-impact record covers audit/day_two_wash_complete_action_v1_20261001/local_hold_attempt_02/native_frames/birthday_story_catalog_nursery_1280/0139.webp
AUDITDEV|FAIL|no changed audit-impact record covers audit/day_two_wash_complete_action_v1_20261001/local_hold_attempt_02/native_frames/birthday_story_catalog_nursery_1280/0140.webp
AUDITDEV|FAIL|no changed audit-impact record covers audit/day_two_wash_complete_action_v1_20261001/local_hold_attempt_02/native_frames/birthday_story_catalog_nursery_1280/0141.webp
AUDITDEV|FAIL|no changed audit-impact record covers audit/day_two_wash_complete_action_v1_20261001/local_hold_attempt_02/native_frames/birthday_story_catalog_nursery_1280/0142.webp
AUDITDEV|FAIL|no changed audit-impact record covers audit/day_two_wash_complete_action_v1_20261001/local_hold_attempt_02/native_frames/birthday_story_catalog_nursery_1280/0143.webp
AUDITDEV|FAIL|no changed audit-impact record covers audit/day_two_wash_complete_action_v1_20261001/local_hold_attempt_02/native_frames/birthday_story_catalog_nursery_1280/0144.webp
AUDITDEV|FAIL|no changed audit-impact record covers audit/day_two_wash_complete_action_v1_20261001/local_hold_attempt_02/native_frames/birthday_story_catalog_nursery_1280/0145.webp
AUDITDEV|FAIL|no changed audit-impact record covers audit/day_two_wash_complete_action_v1_20261001/local_hold_attempt_02/native_frames/birthday_story_catalog_nursery_1280/0146.webp
AUDITDEV|FAIL|no changed audit-impact record covers audit/day_two_wash_complete_action_v1_20261001/local_hold_attempt_02/native_frames/birthday_story_catalog_nursery_1280/0147.webp
AUDITDEV|FAIL|no changed audit-impact record covers audit/day_two_wash_complete_action_v1_20261001/local_hold_attempt_02/native_frames/birthday_story_catalog_nursery_1280/0148.webp
AUDITDEV|FAIL|no changed audit-impact record covers audit/day_two_wash_complete_action_v1_20261001/local_hold_attempt_02/native_frames/birthday_story_catalog_nursery_1280/0149.webp
AUDITDEV|FAIL|no changed audit-impact record covers audit/day_two_wash_complete_action_v1_20261001/local_hold_attempt_02/native_frames/birthday_story_catalog_nursery_1280/0150.webp
AUDITDEV|FAIL|no changed audit-impact record covers audit/day_two_wash_complete_action_v1_20261001/local_hold_attempt_02/native_frames/birthday_story_catalog_nursery_1280/0151.webp
AUDITDEV|FAIL|no changed audit-impact record covers audit/day_two_wash_complete_action_v1_20261001/local_hold_attempt_02/native_frames/birthday_story_catalog_nursery_1280/0152.webp
AUDITDEV|FAIL|no changed audit-impact record covers audit/day_two_wash_complete_action_v1_20261001/local_hold_attempt_02/native_frames/birthday_story_catalog_nursery_1280/0153.webp
AUDITDEV|FAIL|no changed audit-impact record covers audit/day_two_wash_complete_action_v1_20261001/local_hold_attempt_02/native_frames/birthday_story_catalog_nursery_1280/0154.webp
AUDITDEV|FAIL|no changed audit-impact record covers audit/day_two_wash_complete_action_v1_20261001/local_hold_attempt_02/native_frames/birthday_story_catalog_nursery_1280/0155.webp
AUDITDEV|FAIL|no changed audit-impact record covers audit/day_two_wash_complete_action_v1_20261001/local_hold_attempt_02/native_frames/birthday_story_catalog_nursery_1280/0156.webp
AUDITDEV|FAIL|no changed audit-impact record covers audit/day_two_wash_complete_action_v1_20261001/local_hold_attempt_02/native_frames/birthday_story_catalog_nursery_1280/0157.webp
AUDITDEV|FAIL|no changed audit-impact record covers audit/day_two_wash_complete_action_v1_20261001/local_hold_attempt_02/native_frames/birthday_story_catalog_nursery_1280/0158.webp
AUDITDEV|FAIL|no changed audit-impact record covers audit/day_two_wash_complete_action_v1_20261001/local_hold_attempt_02/native_frames/birthday_story_catalog_nursery_1280/0159.webp
AUDITDEV|FAIL|no changed audit-impact record covers audit/day_two_wash_complete_action_v1_20261001/local_hold_attempt_02/native_frames/birthday_story_catalog_nursery_1280/0160.webp
AUDITDEV|FAIL|no changed audit-impact record covers audit/day_two_wash_complete_action_v1_20261001/local_hold_attempt_02/native_frames/birthday_story_catalog_nursery_1280/0161.webp
AUDITDEV|FAIL|no changed audit-impact record covers audit/day_two_wash_complete_action_v1_20261001/local_hold_attempt_02/native_frames/birthday_story_catalog_nursery_1280/0162.webp
AUDITDEV|FAIL|no changed audit-impact record covers audit/day_two_wash_complete_action_v1_20261001/local_hold_attempt_02/native_frames/birthday_story_catalog_nursery_1280/0163.webp
AUDITDEV|FAIL|no changed audit-impact record covers audit/day_two_wash_complete_action_v1_20261001/local_hold_attempt_02/native_frames/birthday_story_catalog_nursery_1280/0164.webp
AUDITDEV|FAIL|no changed audit-impact record covers audit/day_two_wash_complete_action_v1_20261001/local_hold_attempt_02/native_frames/birthday_story_catalog_nursery_1280/0165.webp
AUDITDEV|FAIL|no changed audit-impact record covers audit/day_two_wash_complete_action_v1_20261001/local_hold_attempt_02/native_frames/birthday_story_catalog_nursery_1280/0166.webp
AUDITDEV|FAIL|no changed audit-impact record covers audit/day_two_wash_complete_action_v1_20261001/local_hold_attempt_02/native_frames/birthday_story_catalog_nursery_1280/0167.webp
AUDITDEV|FAIL|no changed audit-impact record covers audit/day_two_wash_complete_action_v1_20261001/local_hold_attempt_02/native_frames/birthday_story_catalog_nursery_1280/0168.webp
AUDITDEV|FAIL|no changed audit-impact record covers audit/day_two_wash_complete_action_v1_20261001/local_hold_attempt_02/native_frames/birthday_story_catalog_nursery_1280/0169.webp
AUDITDEV|FAIL|no changed audit-impact record covers audit/day_two_wash_complete_action_v1_20261001/local_hold_attempt_02/native_frames/birthday_story_catalog_nursery_1280/0170.webp
AUDITDEV|FAIL|no changed audit-impact record covers audit/day_two_wash_complete_action_v1_20261001/local_hold_attempt_02/native_frames/birthday_story_catalog_nursery_1280/0171.webp
AUDITDEV|FAIL|no changed audit-impact record covers audit/day_two_wash_complete_action_v1_20261001/local_hold_attempt_02/native_frames/birthday_story_catalog_nursery_1280/0172.webp
AUDITDEV|FAIL|no changed audit-impact record covers audit/day_two_wash_complete_action_v1_20261001/local_hold_attempt_02/native_frames/birthday_story_catalog_nursery_1280/0173.webp
AUDITDEV|FAIL|no changed audit-impact record covers audit/day_two_wash_complete_action_v1_20261001/local_hold_attempt_02/native_frames/birthday_story_catalog_nursery_1280/0174.webp
AUDITDEV|FAIL|no changed audit-impact record covers audit/day_two_wash_complete_action_v1_20261001/local_hold_attempt_02/native_frames/birthday_story_catalog_nursery_1280/0175.webp
AUDITDEV|FAIL|no changed audit-impact record covers audit/day_two_wash_complete_action_v1_20261001/local_hold_attempt_02/native_frames/birthday_story_catalog_nursery_1280/0176.webp
AUDITDEV|FAIL|no changed audit-impact record covers audit/day_two_wash_complete_action_v1_20261001/local_hold_attempt_02/native_frames/birthday_story_catalog_nursery_1280/0177.webp
AUDITDEV|FAIL|no changed audit-impact record covers audit/day_two_wash_complete_action_v1_20261001/local_hold_attempt_02/native_frames/birthday_story_catalog_nursery_1280/0178.webp
AUDITDEV|FAIL|no changed audit-impact record covers audit/day_two_wash_complete_action_v1_20261001/local_hold_attempt_02/native_frames/birthday_story_catalog_nursery_1280/0179.webp
AUDITDEV|FAIL|no changed audit-impact record covers audit/day_two_wash_complete_action_v1_20261001/local_hold_attempt_02/native_frames/birthday_story_catalog_nursery_1280/0180.webp
AUDITDEV|FAIL|no changed audit-impact record covers audit/day_two_wash_complete_action_v1_20261001/local_hold_attempt_02/native_frames/birthday_story_catalog_nursery_1280/0181.webp
AUDITDEV|FAIL|no changed audit-impact record covers audit/day_two_wash_complete_action_v1_20261001/local_hold_attempt_02/native_frames/birthday_story_catalog_nursery_1280/0182.webp
AUDITDEV|FAIL|no changed audit-impact record covers audit/day_two_wash_complete_action_v1_20261001/local_hold_attempt_02/native_frames/birthday_story_catalog_nursery_1280/0183.webp
AUDITDEV|FAIL|no changed audit-impact record covers audit/day_two_wash_complete_action_v1_20261001/local_hold_attempt_02/native_frames/birthday_story_catalog_nursery_1280/0184.webp
AUDITDEV|FAIL|no changed audit-impact record covers audit/day_two_wash_complete_action_v1_20261001/local_hold_attempt_02/native_frames/birthday_story_catalog_nursery_1280/0185.webp
AUDITDEV|FAIL|no changed audit-impact record covers audit/day_two_wash_complete_action_v1_20261001/local_hold_attempt_02/native_frames/birthday_story_catalog_nursery_1280/0186.webp
AUDITDEV|FAIL|no changed audit-impact record covers audit/day_two_wash_complete_action_v1_20261001/local_hold_attempt_02/native_frames/birthday_story_catalog_nursery_1600/0000.webp
AUDITDEV|FAIL|no changed audit-impact record covers audit/day_two_wash_complete_action_v1_20261001/local_hold_attempt_02/native_frames/birthday_story_catalog_nursery_1600/0001.webp
AUDITDEV|FAIL|no changed audit-impact record covers audit/day_two_wash_complete_action_v1_20261001/local_hold_attempt_02/native_frames/birthday_story_catalog_nursery_1600/0002.webp
AUDITDEV|FAIL|no changed audit-impact record covers audit/day_two_wash_complete_action_v1_20261001/local_hold_attempt_02/native_frames/birthday_story_catalog_nursery_1600/0003.webp
AUDITDEV|FAIL|no changed audit-impact record covers audit/day_two_wash_complete_action_v1_20261001/local_hold_attempt_02/native_frames/birthday_story_catalog_nursery_1600/0004.webp
AUDITDEV|FAIL|no changed audit-impact record covers audit/day_two_wash_complete_action_v1_20261001/local_hold_attempt_02/native_frames/birthday_story_catalog_nursery_1600/0005.webp
AUDITDEV|FAIL|no changed audit-impact record covers audit/day_two_wash_complete_action_v1_20261001/local_hold_attempt_02/native_frames/birthday_story_catalog_nursery_1600/0006.webp
AUDITDEV|FAIL|no changed audit-impact record covers audit/day_two_wash_complete_action_v1_20261001/local_hold_attempt_02/native_frames/birthday_story_catalog_nursery_1600/0007.webp
AUDITDEV|FAIL|no changed audit-impact record covers audit/day_two_wash_complete_action_v1_20261001/local_hold_attempt_02/native_frames/birthday_story_catalog_nursery_1600/0008.webp
AUDITDEV|FAIL|no changed audit-impact record covers audit/day_two_wash_complete_action_v1_20261001/local_hold_attempt_02/native_frames/birthday_story_catalog_nursery_1600/0009.webp
AUDITDEV|FAIL|no changed audit-impact record covers audit/day_two_wash_complete_action_v1_20261001/local_hold_attempt_02/native_frames/birthday_story_catalog_nursery_1600/0010.webp
AUDITDEV|FAIL|no changed audit-impact record covers audit/day_two_wash_complete_action_v1_20261001/local_hold_attempt_02/native_frames/birthday_story_catalog_nursery_1600/0011.webp
AUDITDEV|FAIL|no changed audit-impact record covers audit/day_two_wash_complete_action_v1_20261001/local_hold_attempt_02/native_frames/birthday_story_catalog_nursery_1600/0012.webp
AUDITDEV|FAIL|no changed audit-impact record covers audit/day_two_wash_complete_action_v1_20261001/local_hold_attempt_02/native_frames/birthday_story_catalog_nursery_1600/0013.webp
AUDITDEV|FAIL|no changed audit-impact record covers audit/day_two_wash_complete_action_v1_20261001/local_hold_attempt_02/native_frames/birthday_story_catalog_nursery_1600/0014.webp
AUDITDEV|FAIL|no changed audit-impact record covers audit/day_two_wash_complete_action_v1_20261001/local_hold_attempt_02/native_frames/birthday_story_catalog_nursery_1600/0015.webp
AUDITDEV|FAIL|no changed audit-impact record covers audit/day_two_wash_complete_action_v1_20261001/local_hold_attempt_02/native_frames/birthday_story_catalog_nursery_1600/0016.webp
AUDITDEV|FAIL|no changed audit-impact record covers audit/day_two_wash_complete_action_v1_20261001/local_hold_attempt_02/native_frames/birthday_story_catalog_nursery_1600/0017.webp
AUDITDEV|FAIL|no changed audit-impact record covers audit/day_two_wash_complete_action_v1_20261001/local_hold_attempt_02/native_frames/birthday_story_catalog_nursery_1600/0018.webp
AUDITDEV|FAIL|no changed audit-impact record covers audit/day_two_wash_complete_action_v1_20261001/local_hold_attempt_02/native_frames/birthday_story_catalog_nursery_1600/0019.webp
AUDITDEV|FAIL|no changed audit-impact record covers audit/day_two_wash_complete_action_v1_20261001/local_hold_attempt_02/native_frames/birthday_story_catalog_nursery_1600/0020.webp
AUDITDEV|FAIL|no changed audit-impact record covers audit/day_two_wash_complete_action_v1_20261001/local_hold_attempt_02/native_frames/birthday_story_catalog_nursery_1600/0021.webp
AUDITDEV|FAIL|no changed audit-impact record covers audit/day_two_wash_complete_action_v1_20261001/local_hold_attempt_02/native_frames/birthday_story_catalog_nursery_1600/0022.webp
AUDITDEV|FAIL|no changed audit-impact record covers audit/day_two_wash_complete_action_v1_20261001/local_hold_attempt_02/native_frames/birthday_story_catalog_nursery_1600/0023.webp
AUDITDEV|FAIL|no changed audit-impact record covers audit/day_two_wash_complete_action_v1_20261001/local_hold_attempt_02/native_frames/birthday_story_catalog_nursery_1600/0024.webp
AUDITDEV|FAIL|no changed audit-impact record covers audit/day_two_wash_complete_action_v1_20261001/local_hold_attempt_02/native_frames/birthday_story_catalog_nursery_1600/0025.webp
AUDITDEV|FAIL|no changed audit-impact record covers audit/day_two_wash_complete_action_v1_20261001/local_hold_attempt_02/native_frames/birthday_story_catalog_nursery_1600/0026.webp
AUDITDEV|FAIL|no changed audit-impact record covers audit/day_two_wash_complete_action_v1_20261001/local_hold_attempt_02/native_frames/birthday_story_catalog_nursery_1600/0027.webp
AUDITDEV|FAIL|no changed audit-impact record covers audit/day_two_wash_complete_action_v1_20261001/local_hold_attempt_02/native_frames/birthday_story_catalog_nursery_1600/0028.webp
AUDITDEV|FAIL|no changed audit-impact record covers audit/day_two_wash_complete_action_v1_20261001/local_hold_attempt_02/native_frames/birthday_story_catalog_nursery_1600/0029.webp
AUDITDEV|FAIL|no changed audit-impact record covers audit/day_two_wash_complete_action_v1_20261001/local_hold_attempt_02/native_frames/birthday_story_catalog_nursery_1600/0030.webp
AUDITDEV|FAIL|no changed audit-impact record covers audit/day_two_wash_complete_action_v1_20261001/local_hold_attempt_02/native_frames/birthday_story_catalog_nursery_1600/0031.webp
AUDITDEV|FAIL|no changed audit-impact record covers audit/day_two_wash_complete_action_v1_20261001/local_hold_attempt_02/native_frames/birthday_story_catalog_nursery_1600/0032.webp
AUDITDEV|FAIL|no changed audit-impact record covers audit/day_two_wash_complete_action_v1_20261001/local_hold_attempt_02/native_frames/birthday_story_catalog_nursery_1600/0033.webp
AUDITDEV|FAIL|no changed audit-impact record covers audit/day_two_wash_complete_action_v1_20261001/local_hold_attempt_02/native_frames/birthday_story_catalog_nursery_1600/0034.webp
AUDITDEV|FAIL|no changed audit-impact record covers audit/day_two_wash_complete_action_v1_20261001/local_hold_attempt_02/native_frames/birthday_story_catalog_nursery_1600/0035.webp
AUDITDEV|FAIL|no changed audit-impact record covers audit/day_two_wash_complete_action_v1_20261001/local_hold_attempt_02/native_frames/birthday_story_catalog_nursery_1600/0036.webp
AUDITDEV|FAIL|no changed audit-impact record covers audit/day_two_wash_complete_action_v1_20261001/local_hold_attempt_02/native_frames/birthday_story_catalog_nursery_1600/0037.webp
AUDITDEV|FAIL|no changed audit-impact record covers audit/day_two_wash_complete_action_v1_20261001/local_hold_attempt_02/native_frames/birthday_story_catalog_nursery_1600/0038.webp
AUDITDEV|FAIL|no changed audit-impact record covers audit/day_two_wash_complete_action_v1_20261001/local_hold_attempt_02/native_frames/birthday_story_catalog_nursery_1600/0039.webp
AUDITDEV|FAIL|no changed audit-impact record covers audit/day_two_wash_complete_action_v1_20261001/local_hold_attempt_02/native_frames/birthday_story_catalog_nursery_1600/0040.webp
AUDITDEV|FAIL|no changed audit-impact record covers audit/day_two_wash_complete_action_v1_20261001/local_hold_attempt_02/native_frames/birthday_story_catalog_nursery_1600/0041.webp
AUDITDEV|FAIL|no changed audit-impact record covers audit/day_two_wash_complete_action_v1_20261001/local_hold_attempt_02/native_frames/birthday_story_catalog_nursery_1600/0042.webp
AUDITDEV|FAIL|no changed audit-impact record covers audit/day_two_wash_complete_action_v1_20261001/local_hold_attempt_02/native_frames/birthday_story_catalog_nursery_1600/0043.webp
AUDITDEV|FAIL|no changed audit-impact record covers audit/day_two_wash_complete_action_v1_20261001/local_hold_attempt_02/native_frames/birthday_story_catalog_nursery_1600/0044.webp
AUDITDEV|FAIL|no changed audit-impact record covers audit/day_two_wash_complete_action_v1_20261001/local_hold_attempt_02/native_frames/birthday_story_catalog_nursery_1600/0045.webp
AUDITDEV|FAIL|no changed audit-impact record covers audit/day_two_wash_complete_action_v1_20261001/local_hold_attempt_02/native_frames/birthday_story_catalog_nursery_1600/0046.webp
AUDITDEV|FAIL|no changed audit-impact record covers audit/day_two_wash_complete_action_v1_20261001/local_hold_attempt_02/native_frames/birthday_story_catalog_nursery_1600/0047.webp
AUDITDEV|FAIL|no changed audit-impact record covers audit/day_two_wash_complete_action_v1_20261001/local_hold_attempt_02/native_frames/birthday_story_catalog_nursery_1600/0048.webp
AUDITDEV|FAIL|no changed audit-impact record covers audit/day_two_wash_complete_action_v1_20261001/local_hold_attempt_02/native_frames/birthday_story_catalog_nursery_1600/0049.webp
AUDITDEV|FAIL|no changed audit-impact record covers audit/day_two_wash_complete_action_v1_20261001/local_hold_attempt_02/native_frames/birthday_story_catalog_nursery_1600/0050.webp
AUDITDEV|FAIL|no changed audit-impact record covers audit/day_two_wash_complete_action_v1_20261001/local_hold_attempt_02/native_frames/birthday_story_catalog_nursery_1600/0051.webp
AUDITDEV|FAIL|no changed audit-impact record covers audit/day_two_wash_complete_action_v1_20261001/local_hold_attempt_02/native_frames/birthday_story_catalog_nursery_1600/0052.webp
AUDITDEV|FAIL|no changed audit-impact record covers audit/day_two_wash_complete_action_v1_20261001/local_hold_attempt_02/native_frames/birthday_story_catalog_nursery_1600/0053.webp
AUDITDEV|FAIL|no changed audit-impact record covers audit/day_two_wash_complete_action_v1_20261001/local_hold_attempt_02/native_frames/birthday_story_catalog_nursery_1600/0054.webp
AUDITDEV|FAIL|no changed audit-impact record covers audit/day_two_wash_complete_action_v1_20261001/local_hold_attempt_02/native_frames/birthday_story_catalog_nursery_1600/0055.webp
AUDITDEV|FAIL|no changed audit-impact record covers audit/day_two_wash_complete_action_v1_20261001/local_hold_attempt_02/native_frames/birthday_story_catalog_nursery_1600/0056.webp
AUDITDEV|FAIL|no changed audit-impact record covers audit/day_two_wash_complete_action_v1_20261001/local_hold_attempt_02/native_frames/birthday_story_catalog_nursery_1600/0057.webp
AUDITDEV|FAIL|no changed audit-impact record covers audit/day_two_wash_complete_action_v1_20261001/local_hold_attempt_02/native_frames/birthday_story_catalog_nursery_1600/0058.webp
AUDITDEV|FAIL|no changed audit-impact record covers audit/day_two_wash_complete_action_v1_20261001/local_hold_attempt_02/native_frames/birthday_story_catalog_nursery_1600/0059.webp
AUDITDEV|FAIL|no changed audit-impact record covers audit/day_two_wash_complete_action_v1_20261001/local_hold_attempt_02/native_frames/birthday_story_catalog_nursery_1600/0060.webp
AUDITDEV|FAIL|no changed audit-impact record covers audit/day_two_wash_complete_action_v1_20261001/local_hold_attempt_02/native_frames/birthday_story_catalog_nursery_1600/0061.webp
AUDITDEV|FAIL|no changed audit-impact record covers audit/day_two_wash_complete_action_v1_20261001/local_hold_attempt_02/native_frames/birthday_story_catalog_nursery_1600/0062.webp
AUDITDEV|FAIL|no changed audit-impact record covers audit/day_two_wash_complete_action_v1_20261001/local_hold_attempt_02/native_frames/birthday_story_catalog_nursery_1600/0063.webp
AUDITDEV|FAIL|no changed audit-impact record covers audit/day_two_wash_complete_action_v1_20261001/local_hold_attempt_02/native_frames/birthday_story_catalog_nursery_1600/0064.webp
AUDITDEV|FAIL|no changed audit-impact record covers audit/day_two_wash_complete_action_v1_20261001/local_hold_attempt_02/native_frames/birthday_story_catalog_nursery_1600/0065.webp
AUDITDEV|FAIL|no changed audit-impact record covers audit/day_two_wash_complete_action_v1_20261001/local_hold_attempt_02/native_frames/birthday_story_catalog_nursery_1600/0066.webp
AUDITDEV|FAIL|no changed audit-impact record covers audit/day_two_wash_complete_action_v1_20261001/local_hold_attempt_02/native_frames/birthday_story_catalog_nursery_1600/0067.webp
AUDITDEV|FAIL|no changed audit-impact record covers audit/day_two_wash_complete_action_v1_20261001/local_hold_attempt_02/native_frames/birthday_story_catalog_nursery_1600/0068.webp
AUDITDEV|FAIL|no changed audit-impact record covers audit/day_two_wash_complete_action_v1_20261001/local_hold_attempt_02/native_frames/birthday_story_catalog_nursery_1600/0069.webp
AUDITDEV|FAIL|no changed audit-impact record covers audit/day_two_wash_complete_action_v1_20261001/local_hold_attempt_02/native_frames/birthday_story_catalog_nursery_1600/0070.webp
AUDITDEV|FAIL|no changed audit-impact record covers audit/day_two_wash_complete_action_v1_20261001/local_hold_attempt_02/native_frames/birthday_story_catalog_nursery_1600/0071.webp
AUDITDEV|FAIL|no changed audit-impact record covers audit/day_two_wash_complete_action_v1_20261001/local_hold_attempt_02/native_frames/birthday_story_catalog_nursery_1600/0072.webp
AUDITDEV|FAIL|no changed audit-impact record covers audit/day_two_wash_complete_action_v1_20261001/local_hold_attempt_02/native_frames/birthday_story_catalog_nursery_1600/0073.webp
AUDITDEV|FAIL|no changed audit-impact record covers audit/day_two_wash_complete_action_v1_20261001/local_hold_attempt_02/native_frames/birthday_story_catalog_nursery_1600/0074.webp
AUDITDEV|FAIL|no changed audit-impact record covers audit/day_two_wash_complete_action_v1_20261001/local_hold_attempt_02/native_frames/birthday_story_catalog_nursery_1600/0075.webp
AUDITDEV|FAIL|no changed audit-impact record covers audit/day_two_wash_complete_action_v1_20261001/local_hold_attempt_02/native_frames/birthday_story_catalog_nursery_1600/0076.webp
AUDITDEV|FAIL|no changed audit-impact record covers audit/day_two_wash_complete_action_v1_20261001/local_hold_attempt_02/native_frames/birthday_story_catalog_nursery_1600/0077.webp
AUDITDEV|FAIL|no changed audit-impact record covers audit/day_two_wash_complete_action_v1_20261001/local_hold_attempt_02/native_frames/birthday_story_catalog_nursery_1600/0078.webp
AUDITDEV|FAIL|no changed audit-impact record covers audit/day_two_wash_complete_action_v1_20261001/local_hold_attempt_02/native_frames/birthday_story_catalog_nursery_1600/0079.webp
AUDITDEV|FAIL|no changed audit-impact record covers audit/day_two_wash_complete_action_v1_20261001/local_hold_attempt_02/native_frames/birthday_story_catalog_nursery_1600/0080.webp
AUDITDEV|FAIL|no changed audit-impact record covers audit/day_two_wash_complete_action_v1_20261001/local_hold_attempt_02/native_frames/birthday_story_catalog_nursery_1600/0081.webp
AUDITDEV|FAIL|no changed audit-impact record covers audit/day_two_wash_complete_action_v1_20261001/local_hold_attempt_02/native_frames/birthday_story_catalog_nursery_1600/0082.webp
AUDITDEV|FAIL|no changed audit-impact record covers audit/day_two_wash_complete_action_v1_20261001/local_hold_attempt_02/native_frames/birthday_story_catalog_nursery_1600/0083.webp
AUDITDEV|FAIL|no changed audit-impact record covers audit/day_two_wash_complete_action_v1_20261001/local_hold_attempt_02/native_frames/birthday_story_catalog_nursery_1600/0084.webp
AUDITDEV|FAIL|no changed audit-impact record covers audit/day_two_wash_complete_action_v1_20261001/local_hold_attempt_02/native_frames/birthday_story_catalog_nursery_1600/0085.webp
AUDITDEV|FAIL|no changed audit-impact record covers audit/day_two_wash_complete_action_v1_20261001/local_hold_attempt_02/native_frames/birthday_story_catalog_nursery_1600/0086.webp
AUDITDEV|FAIL|no changed audit-impact record covers audit/day_two_wash_complete_action_v1_20261001/local_hold_attempt_02/native_frames/birthday_story_catalog_nursery_1600/0087.webp
AUDITDEV|FAIL|no changed audit-impact record covers audit/day_two_wash_complete_action_v1_20261001/local_hold_attempt_02/native_frames/birthday_story_catalog_nursery_1600/0088.webp
AUDITDEV|FAIL|no changed audit-impact record covers audit/day_two_wash_complete_action_v1_20261001/local_hold_attempt_02/native_frames/birthday_story_catalog_nursery_1600/0089.webp
AUDITDEV|FAIL|no changed audit-impact record covers audit/day_two_wash_complete_action_v1_20261001/local_hold_attempt_02/native_frames/birthday_story_catalog_nursery_1600/0090.webp
AUDITDEV|FAIL|no changed audit-impact record covers audit/day_two_wash_complete_action_v1_20261001/local_hold_attempt_02/native_frames/birthday_story_catalog_nursery_1600/0091.webp
AUDITDEV|FAIL|no changed audit-impact record covers audit/day_two_wash_complete_action_v1_20261001/local_hold_attempt_02/native_frames/birthday_story_catalog_nursery_1600/0092.webp
AUDITDEV|FAIL|no changed audit-impact record covers audit/day_two_wash_complete_action_v1_20261001/local_hold_attempt_02/native_frames/birthday_story_catalog_nursery_1600/0093.webp
AUDITDEV|FAIL|no changed audit-impact record covers audit/day_two_wash_complete_action_v1_20261001/local_hold_attempt_02/native_frames/birthday_story_catalog_nursery_1600/0094.webp
AUDITDEV|FAIL|no changed audit-impact record covers audit/day_two_wash_complete_action_v1_20261001/local_hold_attempt_02/native_frames/birthday_story_catalog_nursery_1600/0095.webp
AUDITDEV|FAIL|no changed audit-impact record covers audit/day_two_wash_complete_action_v1_20261001/local_hold_attempt_02/native_frames/birthday_story_catalog_nursery_1600/0096.webp
AUDITDEV|FAIL|no changed audit-impact record covers audit/day_two_wash_complete_action_v1_20261001/local_hold_attempt_02/native_frames/birthday_story_catalog_nursery_1600/0097.webp
AUDITDEV|FAIL|no changed audit-impact record covers audit/day_two_wash_complete_action_v1_20261001/local_hold_attempt_02/native_frames/birthday_story_catalog_nursery_1600/0098.webp
AUDITDEV|FAIL|no changed audit-impact record covers audit/day_two_wash_complete_action_v1_20261001/local_hold_attempt_02/native_frames/birthday_story_catalog_nursery_1600/0099.webp
AUDITDEV|FAIL|no changed audit-impact record covers audit/day_two_wash_complete_action_v1_20261001/local_hold_attempt_02/native_frames/birthday_story_catalog_nursery_1600/0100.webp
AUDITDEV|FAIL|no changed audit-impact record covers audit/day_two_wash_complete_action_v1_20261001/local_hold_attempt_02/native_frames/birthday_story_catalog_nursery_1600/0101.webp
AUDITDEV|FAIL|no changed audit-impact record covers audit/day_two_wash_complete_action_v1_20261001/local_hold_attempt_02/native_frames/birthday_story_catalog_nursery_1600/0102.webp
AUDITDEV|FAIL|no changed audit-impact record covers audit/day_two_wash_complete_action_v1_20261001/local_hold_attempt_02/native_frames/birthday_story_catalog_nursery_1600/0103.webp
AUDITDEV|FAIL|no changed audit-impact record covers audit/day_two_wash_complete_action_v1_20261001/local_hold_attempt_02/native_frames/birthday_story_catalog_nursery_1600/0104.webp
AUDITDEV|FAIL|no changed audit-impact record covers audit/day_two_wash_complete_action_v1_20261001/local_hold_attempt_02/native_frames/birthday_story_catalog_nursery_1600/0105.webp
AUDITDEV|FAIL|no changed audit-impact record covers audit/day_two_wash_complete_action_v1_20261001/local_hold_attempt_02/native_frames/birthday_story_catalog_nursery_1600/0106.webp
AUDITDEV|FAIL|no changed audit-impact record covers audit/day_two_wash_complete_action_v1_20261001/local_hold_attempt_02/native_frames/birthday_story_catalog_nursery_1600/0107.webp
AUDITDEV|FAIL|no changed audit-impact record covers audit/day_two_wash_complete_action_v1_20261001/local_hold_attempt_02/native_frames/birthday_story_catalog_nursery_1600/0108.webp
AUDITDEV|FAIL|no changed audit-impact record covers audit/day_two_wash_complete_action_v1_20261001/local_hold_attempt_02/native_frames/birthday_story_catalog_nursery_1600/0109.webp
AUDITDEV|FAIL|no changed audit-impact record covers audit/day_two_wash_complete_action_v1_20261001/local_hold_attempt_02/native_frames/birthday_story_catalog_nursery_1600/0110.webp
AUDITDEV|FAIL|no changed audit-impact record covers audit/day_two_wash_complete_action_v1_20261001/local_hold_attempt_02/native_frames/birthday_story_catalog_nursery_1600/0111.webp
AUDITDEV|FAIL|no changed audit-impact record covers audit/day_two_wash_complete_action_v1_20261001/local_hold_attempt_02/native_frames/birthday_story_catalog_nursery_1600/0112.webp
AUDITDEV|FAIL|no changed audit-impact record covers audit/day_two_wash_complete_action_v1_20261001/local_hold_attempt_02/native_frames/birthday_story_catalog_nursery_1600/0113.webp
AUDITDEV|FAIL|no changed audit-impact record covers audit/day_two_wash_complete_action_v1_20261001/local_hold_attempt_02/native_frames/birthday_story_catalog_nursery_1600/0114.webp
AUDITDEV|FAIL|no changed audit-impact record covers audit/day_two_wash_complete_action_v1_20261001/local_hold_attempt_02/native_frames/birthday_story_catalog_nursery_1600/0115.webp
AUDITDEV|FAIL|no changed audit-impact record covers audit/day_two_wash_complete_action_v1_20261001/local_hold_attempt_02/native_frames/birthday_story_catalog_nursery_1600/0116.webp
AUDITDEV|FAIL|no changed audit-impact record covers audit/day_two_wash_complete_action_v1_20261001/local_hold_attempt_02/native_frames/birthday_story_catalog_nursery_1600/0117.webp
AUDITDEV|FAIL|no changed audit-impact record covers audit/day_two_wash_complete_action_v1_20261001/local_hold_attempt_02/native_frames/birthday_story_catalog_nursery_1600/0118.webp
AUDITDEV|FAIL|no changed audit-impact record covers audit/day_two_wash_complete_action_v1_20261001/local_hold_attempt_02/native_frames/birthday_story_catalog_nursery_1600/0119.webp
AUDITDEV|FAIL|no changed audit-impact record covers audit/day_two_wash_complete_action_v1_20261001/local_hold_attempt_02/native_frames/birthday_story_catalog_nursery_1600/0120.webp
AUDITDEV|FAIL|no changed audit-impact record covers audit/day_two_wash_complete_action_v1_20261001/local_hold_attempt_02/native_frames/birthday_story_catalog_nursery_1600/0121.webp
AUDITDEV|FAIL|no changed audit-impact record covers audit/day_two_wash_complete_action_v1_20261001/local_hold_attempt_02/native_frames/birthday_story_catalog_nursery_1600/0122.webp
AUDITDEV|FAIL|no changed audit-impact record covers audit/day_two_wash_complete_action_v1_20261001/local_hold_attempt_02/native_frames/birthday_story_catalog_nursery_1600/0123.webp
AUDITDEV|FAIL|no changed audit-impact record covers audit/day_two_wash_complete_action_v1_20261001/local_hold_attempt_02/native_frames/birthday_story_catalog_nursery_1600/0124.webp
AUDITDEV|FAIL|no changed audit-impact record covers audit/day_two_wash_complete_action_v1_20261001/local_hold_attempt_02/native_frames/birthday_story_catalog_nursery_1600/0125.webp
AUDITDEV|FAIL|no changed audit-impact record covers audit/day_two_wash_complete_action_v1_20261001/local_hold_attempt_02/native_frames/birthday_story_catalog_nursery_1600/0126.webp
AUDITDEV|FAIL|no changed audit-impact record covers audit/day_two_wash_complete_action_v1_20261001/local_hold_attempt_02/native_frames/birthday_story_catalog_nursery_1600/0127.webp
AUDITDEV|FAIL|no changed audit-impact record covers audit/day_two_wash_complete_action_v1_20261001/local_hold_attempt_02/native_frames/birthday_story_catalog_nursery_1600/0128.webp
AUDITDEV|FAIL|no changed audit-impact record covers audit/day_two_wash_complete_action_v1_20261001/local_hold_attempt_02/native_frames/birthday_story_catalog_nursery_1600/0129.webp
AUDITDEV|FAIL|no changed audit-impact record covers audit/day_two_wash_complete_action_v1_20261001/local_hold_attempt_02/native_frames/birthday_story_catalog_nursery_1600/0130.webp
AUDITDEV|FAIL|no changed audit-impact record covers audit/day_two_wash_complete_action_v1_20261001/local_hold_attempt_02/native_frames/birthday_story_catalog_nursery_1600/0131.webp
AUDITDEV|FAIL|no changed audit-impact record covers audit/day_two_wash_complete_action_v1_20261001/local_hold_attempt_02/native_frames/birthday_story_catalog_nursery_1600/0132.webp
AUDITDEV|FAIL|no changed audit-impact record covers audit/day_two_wash_complete_action_v1_20261001/local_hold_attempt_02/native_frames/birthday_story_catalog_nursery_1600/0133.webp
AUDITDEV|FAIL|no changed audit-impact record covers audit/day_two_wash_complete_action_v1_20261001/local_hold_attempt_02/native_frames/birthday_story_catalog_nursery_1600/0134.webp
AUDITDEV|FAIL|no changed audit-impact record covers audit/day_two_wash_complete_action_v1_20261001/local_hold_attempt_02/native_frames/birthday_story_catalog_nursery_1600/0135.webp
AUDITDEV|FAIL|no changed audit-impact record covers audit/day_two_wash_complete_action_v1_20261001/local_hold_attempt_02/native_frames/birthday_story_catalog_nursery_1600/0136.webp
AUDITDEV|FAIL|no changed audit-impact record covers audit/day_two_wash_complete_action_v1_20261001/local_hold_attempt_02/native_frames/birthday_story_catalog_nursery_1600/0137.webp
AUDITDEV|FAIL|no changed audit-impact record covers audit/day_two_wash_complete_action_v1_20261001/local_hold_attempt_02/native_frames/birthday_story_catalog_nursery_1600/0138.webp
AUDITDEV|FAIL|no changed audit-impact record covers audit/day_two_wash_complete_action_v1_20261001/local_hold_attempt_02/native_frames/birthday_story_catalog_nursery_1600/0139.webp
AUDITDEV|FAIL|no changed audit-impact record covers audit/day_two_wash_complete_action_v1_20261001/local_hold_attempt_02/native_frames/birthday_story_catalog_nursery_1600/0140.webp
AUDITDEV|FAIL|no changed audit-impact record covers audit/day_two_wash_complete_action_v1_20261001/local_hold_attempt_02/native_frames/birthday_story_catalog_nursery_1600/0141.webp
AUDITDEV|FAIL|no changed audit-impact record covers audit/day_two_wash_complete_action_v1_20261001/local_hold_attempt_02/native_frames/birthday_story_catalog_nursery_1600/0142.webp
AUDITDEV|FAIL|no changed audit-impact record covers audit/day_two_wash_complete_action_v1_20261001/local_hold_attempt_02/native_frames/birthday_story_catalog_nursery_1600/0143.webp
AUDITDEV|FAIL|no changed audit-impact record covers audit/day_two_wash_complete_action_v1_20261001/local_hold_attempt_02/native_frames/birthday_story_catalog_nursery_1600/0144.webp
AUDITDEV|FAIL|no changed audit-impact record covers audit/day_two_wash_complete_action_v1_20261001/local_hold_attempt_02/native_frames/birthday_story_catalog_nursery_1600/0145.webp
AUDITDEV|FAIL|no changed audit-impact record covers audit/day_two_wash_complete_action_v1_20261001/local_hold_attempt_02/native_frames/birthday_story_catalog_nursery_1600/0146.webp
AUDITDEV|FAIL|no changed audit-impact record covers audit/day_two_wash_complete_action_v1_20261001/local_hold_attempt_02/native_frames/birthday_story_catalog_nursery_1600/0147.webp
AUDITDEV|FAIL|no changed audit-impact record covers audit/day_two_wash_complete_action_v1_20261001/local_hold_attempt_02/native_frames/birthday_story_catalog_nursery_1600/0148.webp
AUDITDEV|FAIL|no changed audit-impact record covers audit/day_two_wash_complete_action_v1_20261001/local_hold_attempt_02/native_frames/birthday_story_catalog_nursery_1600/0149.webp
AUDITDEV|FAIL|no changed audit-impact record covers audit/day_two_wash_complete_action_v1_20261001/local_hold_attempt_02/native_frames/birthday_story_catalog_nursery_1600/0150.webp
AUDITDEV|FAIL|no changed audit-impact record covers audit/day_two_wash_complete_action_v1_20261001/local_hold_attempt_02/native_frames/birthday_story_catalog_nursery_1600/0151.webp
AUDITDEV|FAIL|no changed audit-impact record covers audit/day_two_wash_complete_action_v1_20261001/local_hold_attempt_02/native_frames/birthday_story_catalog_nursery_1600/0152.webp
AUDITDEV|FAIL|no changed audit-impact record covers audit/day_two_wash_complete_action_v1_20261001/local_hold_attempt_02/native_frames/birthday_story_catalog_nursery_1600/0153.webp
AUDITDEV|FAIL|no changed audit-impact record covers audit/day_two_wash_complete_action_v1_20261001/local_hold_attempt_02/native_frames/birthday_story_catalog_nursery_1600/0154.webp
AUDITDEV|FAIL|no changed audit-impact record covers audit/day_two_wash_complete_action_v1_20261001/local_hold_attempt_02/native_frames/birthday_story_catalog_nursery_1600/0155.webp
AUDITDEV|FAIL|no changed audit-impact record covers audit/day_two_wash_complete_action_v1_20261001/local_hold_attempt_02/native_frames/birthday_story_catalog_nursery_1600/0156.webp
AUDITDEV|FAIL|no changed audit-impact record covers audit/day_two_wash_complete_action_v1_20261001/local_hold_attempt_02/native_frames/birthday_story_catalog_nursery_1600/0157.webp
AUDITDEV|FAIL|no changed audit-impact record covers audit/day_two_wash_complete_action_v1_20261001/local_hold_attempt_02/native_frames/birthday_story_catalog_nursery_1600/0158.webp
AUDITDEV|FAIL|no changed audit-impact record covers audit/day_two_wash_complete_action_v1_20261001/local_hold_attempt_02/native_frames/birthday_story_catalog_nursery_1600/0159.webp
AUDITDEV|FAIL|no changed audit-impact record covers audit/day_two_wash_complete_action_v1_20261001/local_hold_attempt_02/native_frames/birthday_story_catalog_nursery_1600/0160.webp
AUDITDEV|FAIL|no changed audit-impact record covers audit/day_two_wash_complete_action_v1_20261001/local_hold_attempt_02/native_frames/birthday_story_catalog_nursery_1600/0161.webp
AUDITDEV|FAIL|no changed audit-impact record covers audit/day_two_wash_complete_action_v1_20261001/local_hold_attempt_02/native_frames/birthday_story_catalog_nursery_1600/0162.webp
AUDITDEV|FAIL|no changed audit-impact record covers audit/day_two_wash_complete_action_v1_20261001/local_hold_attempt_02/native_frames/birthday_story_catalog_nursery_1600/0163.webp
AUDITDEV|FAIL|no changed audit-impact record covers audit/day_two_wash_complete_action_v1_20261001/local_hold_attempt_02/native_frames/birthday_story_catalog_nursery_1600/0164.webp
AUDITDEV|FAIL|no changed audit-impact record covers audit/day_two_wash_complete_action_v1_20261001/local_hold_attempt_02/native_frames/birthday_story_catalog_nursery_1600/0165.webp
AUDITDEV|FAIL|no changed audit-impact record covers audit/day_two_wash_complete_action_v1_20261001/local_hold_attempt_02/native_frames/birthday_story_catalog_nursery_1600/0166.webp
AUDITDEV|FAIL|no changed audit-impact record covers audit/day_two_wash_complete_action_v1_20261001/local_hold_attempt_02/native_frames/birthday_story_catalog_nursery_1600/0167.webp
AUDITDEV|FAIL|no changed audit-impact record covers audit/day_two_wash_complete_action_v1_20261001/local_hold_attempt_02/native_frames/birthday_story_catalog_nursery_1600/0168.webp
AUDITDEV|FAIL|no changed audit-impact record covers audit/day_two_wash_complete_action_v1_20261001/local_hold_attempt_02/native_frames/birthday_story_catalog_nursery_1600/0169.webp
AUDITDEV|FAIL|no changed audit-impact record covers audit/day_two_wash_complete_action_v1_20261001/local_hold_attempt_02/native_frames/birthday_story_catalog_nursery_1600/0170.webp
AUDITDEV|FAIL|no changed audit-impact record covers audit/day_two_wash_complete_action_v1_20261001/local_hold_attempt_02/native_frames/birthday_story_catalog_nursery_1600/0171.webp
AUDITDEV|FAIL|no changed audit-impact record covers audit/day_two_wash_complete_action_v1_20261001/local_hold_attempt_02/native_frames/birthday_story_catalog_nursery_1600/0172.webp
AUDITDEV|FAIL|no changed audit-impact record covers audit/day_two_wash_complete_action_v1_20261001/local_hold_attempt_02/native_frames/birthday_story_catalog_nursery_1600/0173.webp
AUDITDEV|FAIL|no changed audit-impact record covers audit/day_two_wash_complete_action_v1_20261001/local_hold_attempt_02/native_frames/birthday_story_catalog_nursery_1600/0174.webp
AUDITDEV|FAIL|no changed audit-impact record covers audit/day_two_wash_complete_action_v1_20261001/local_hold_attempt_02/native_frames/birthday_story_catalog_nursery_1600/0175.webp
AUDITDEV|FAIL|no changed audit-impact record covers audit/day_two_wash_complete_action_v1_20261001/local_hold_attempt_02/native_frames/birthday_story_catalog_nursery_1600/0176.webp
AUDITDEV|FAIL|no changed audit-impact record covers audit/day_two_wash_complete_action_v1_20261001/local_hold_attempt_02/native_frames/birthday_story_catalog_nursery_1600/0177.webp
AUDITDEV|FAIL|no changed audit-impact record covers audit/day_two_wash_complete_action_v1_20261001/local_hold_attempt_02/native_frames/birthday_story_catalog_nursery_1600/0178.webp
AUDITDEV|FAIL|no changed audit-impact record covers audit/day_two_wash_complete_action_v1_20261001/local_hold_attempt_02/native_frames/birthday_story_catalog_nursery_1600/0179.webp
AUDITDEV|FAIL|no changed audit-impact record covers audit/day_two_wash_complete_action_v1_20261001/local_hold_attempt_02/native_frames/birthday_story_catalog_nursery_1600/0180.webp
AUDITDEV|FAIL|no changed audit-impact record covers audit/day_two_wash_complete_action_v1_20261001/local_hold_attempt_02/native_frames/birthday_story_catalog_nursery_1600/0181.webp
AUDITDEV|FAIL|no changed audit-impact record covers audit/day_two_wash_complete_action_v1_20261001/local_hold_attempt_02/native_frames/birthday_story_catalog_nursery_1600/0182.webp
AUDITDEV|FAIL|no changed audit-impact record covers audit/day_two_wash_complete_action_v1_20261001/local_hold_attempt_02/native_frames/birthday_story_catalog_nursery_1600/0183.webp
AUDITDEV|FAIL|no changed audit-impact record covers audit/day_two_wash_complete_action_v1_20261001/local_hold_attempt_02/native_frames/birthday_story_catalog_nursery_1600/0184.webp
AUDITDEV|FAIL|no changed audit-impact record covers audit/day_two_wash_complete_action_v1_20261001/local_hold_attempt_02/native_frames/birthday_story_catalog_nursery_1600/0185.webp
AUDITDEV|FAIL|no changed audit-impact record covers audit/day_two_wash_complete_action_v1_20261001/local_hold_attempt_02/native_frames/birthday_story_catalog_nursery_1600/0186.webp
AUDITDEV|FAIL|no changed audit-impact record covers audit/day_two_wash_complete_action_v1_20261001/local_hold_attempt_02/native_frames/opera_training_doctor_1280/0000.webp
AUDITDEV|FAIL|no changed audit-impact record covers audit/day_two_wash_complete_action_v1_20261001/local_hold_attempt_02/native_frames/opera_training_doctor_1280/0001.webp
AUDITDEV|FAIL|no changed audit-impact record covers audit/day_two_wash_complete_action_v1_20261001/local_hold_attempt_02/native_frames/opera_training_doctor_1280/0002.webp
AUDITDEV|FAIL|no changed audit-impact record covers audit/day_two_wash_complete_action_v1_20261001/local_hold_attempt_02/native_frames/opera_training_doctor_1280/0003.webp
AUDITDEV|FAIL|no changed audit-impact record covers audit/day_two_wash_complete_action_v1_20261001/local_hold_attempt_02/native_frames/opera_training_doctor_1280/0004.webp
AUDITDEV|FAIL|no changed audit-impact record covers audit/day_two_wash_complete_action_v1_20261001/local_hold_attempt_02/native_frames/opera_training_doctor_1280/0005.webp
AUDITDEV|FAIL|no changed audit-impact record covers audit/day_two_wash_complete_action_v1_20261001/local_hold_attempt_02/native_frames/opera_training_doctor_1280/0006.webp
AUDITDEV|FAIL|no changed audit-impact record covers audit/day_two_wash_complete_action_v1_20261001/local_hold_attempt_02/native_frames/opera_training_doctor_1280/0007.webp
AUDITDEV|FAIL|no changed audit-impact record covers audit/day_two_wash_complete_action_v1_20261001/local_hold_attempt_02/native_frames/opera_training_doctor_1280/0008.webp
AUDITDEV|FAIL|no changed audit-impact record covers audit/day_two_wash_complete_action_v1_20261001/local_hold_attempt_02/native_frames/opera_training_doctor_1280/0009.webp
AUDITDEV|FAIL|no changed audit-impact record covers audit/day_two_wash_complete_action_v1_20261001/local_hold_attempt_02/native_frames/opera_training_doctor_1280/0010.webp
AUDITDEV|FAIL|no changed audit-impact record covers audit/day_two_wash_complete_action_v1_20261001/local_hold_attempt_02/native_frames/opera_training_doctor_1280/0011.webp
AUDITDEV|FAIL|no changed audit-impact record covers audit/day_two_wash_complete_action_v1_20261001/local_hold_attempt_02/native_frames/opera_training_doctor_1280/0012.webp
AUDITDEV|FAIL|no changed audit-impact record covers audit/day_two_wash_complete_action_v1_20261001/local_hold_attempt_02/native_frames/opera_training_doctor_1280/0013.webp
AUDITDEV|FAIL|no changed audit-impact record covers audit/day_two_wash_complete_action_v1_20261001/local_hold_attempt_02/native_frames/opera_training_doctor_1280/0014.webp
AUDITDEV|FAIL|no changed audit-impact record covers audit/day_two_wash_complete_action_v1_20261001/local_hold_attempt_02/native_frames/opera_training_doctor_1280/0015.webp
AUDITDEV|FAIL|no changed audit-impact record covers audit/day_two_wash_complete_action_v1_20261001/local_hold_attempt_02/native_frames/opera_training_doctor_1280/0016.webp
AUDITDEV|FAIL|no changed audit-impact record covers audit/day_two_wash_complete_action_v1_20261001/local_hold_attempt_02/native_frames/opera_training_doctor_1280/0017.webp
AUDITDEV|FAIL|no changed audit-impact record covers audit/day_two_wash_complete_action_v1_20261001/local_hold_attempt_02/native_frames/opera_training_doctor_1280/0018.webp
AUDITDEV|FAIL|no changed audit-impact record covers audit/day_two_wash_complete_action_v1_20261001/local_hold_attempt_02/native_frames/opera_training_doctor_1280/0019.webp
AUDITDEV|FAIL|no changed audit-impact record covers audit/day_two_wash_complete_action_v1_20261001/local_hold_attempt_02/native_frames/opera_training_doctor_1280/0020.webp
AUDITDEV|FAIL|no changed audit-impact record covers audit/day_two_wash_complete_action_v1_20261001/local_hold_attempt_02/native_frames/opera_training_doctor_1280/0021.webp
AUDITDEV|FAIL|no changed audit-impact record covers audit/day_two_wash_complete_action_v1_20261001/local_hold_attempt_02/native_frames/opera_training_doctor_1280/0022.webp
AUDITDEV|FAIL|no changed audit-impact record covers audit/day_two_wash_complete_action_v1_20261001/local_hold_attempt_02/native_frames/opera_training_doctor_1280/0023.webp
AUDITDEV|FAIL|no changed audit-impact record covers audit/day_two_wash_complete_action_v1_20261001/local_hold_attempt_02/native_frames/opera_training_doctor_1280/0024.webp
AUDITDEV|FAIL|no changed audit-impact record covers audit/day_two_wash_complete_action_v1_20261001/local_hold_attempt_02/native_frames/opera_training_doctor_1280/0025.webp
AUDITDEV|FAIL|no changed audit-impact record covers audit/day_two_wash_complete_action_v1_20261001/local_hold_attempt_02/native_frames/opera_training_doctor_1280/0026.webp
AUDITDEV|FAIL|no changed audit-impact record covers audit/day_two_wash_complete_action_v1_20261001/local_hold_attempt_02/native_frames/opera_training_doctor_1280/0027.webp
AUDITDEV|FAIL|no changed audit-impact record covers audit/day_two_wash_complete_action_v1_20261001/local_hold_attempt_02/native_frames/opera_training_doctor_1280/0028.webp
AUDITDEV|FAIL|no changed audit-impact record covers audit/day_two_wash_complete_action_v1_20261001/local_hold_attempt_02/native_frames/opera_training_doctor_1280/0029.webp
AUDITDEV|FAIL|no changed audit-impact record covers audit/day_two_wash_complete_action_v1_20261001/local_hold_attempt_02/native_frames/opera_training_doctor_1280/0030.webp
AUDITDEV|FAIL|no changed audit-impact record covers audit/day_two_wash_complete_action_v1_20261001/local_hold_attempt_02/native_frames/opera_training_doctor_1280/0031.webp
AUDITDEV|FAIL|no changed audit-impact record covers audit/day_two_wash_complete_action_v1_20261001/local_hold_attempt_02/native_frames/opera_training_doctor_1280/0032.webp
AUDITDEV|FAIL|no changed audit-impact record covers audit/day_two_wash_complete_action_v1_20261001/local_hold_attempt_02/native_frames/opera_training_doctor_1280/0033.webp
AUDITDEV|FAIL|no changed audit-impact record covers audit/day_two_wash_complete_action_v1_20261001/local_hold_attempt_02/native_frames/opera_training_doctor_1280/0034.webp
AUDITDEV|FAIL|no changed audit-impact record covers audit/day_two_wash_complete_action_v1_20261001/local_hold_attempt_02/native_frames/opera_training_doctor_1280/0035.webp
AUDITDEV|FAIL|no changed audit-impact record covers audit/day_two_wash_complete_action_v1_20261001/local_hold_attempt_02/native_frames/opera_training_doctor_1280/0036.webp
AUDITDEV|FAIL|no changed audit-impact record covers audit/day_two_wash_complete_action_v1_20261001/local_hold_attempt_02/native_frames/opera_training_doctor_1280/0037.webp
AUDITDEV|FAIL|no changed audit-impact record covers audit/day_two_wash_complete_action_v1_20261001/local_hold_attempt_02/native_frames/opera_training_doctor_1280/0038.webp
AUDITDEV|FAIL|no changed audit-impact record covers audit/day_two_wash_complete_action_v1_20261001/local_hold_attempt_02/native_frames/opera_training_doctor_1280/0039.webp
AUDITDEV|FAIL|no changed audit-impact record covers audit/day_two_wash_complete_action_v1_20261001/local_hold_attempt_02/native_frames/opera_training_doctor_1280/0040.webp
AUDITDEV|FAIL|no changed audit-impact record covers audit/day_two_wash_complete_action_v1_20261001/local_hold_attempt_02/native_frames/opera_training_doctor_1280/0041.webp
AUDITDEV|FAIL|no changed audit-impact record covers audit/day_two_wash_complete_action_v1_20261001/local_hold_attempt_02/native_frames/opera_training_doctor_1280/0042.webp
AUDITDEV|FAIL|no changed audit-impact record covers audit/day_two_wash_complete_action_v1_20261001/local_hold_attempt_02/native_frames/opera_training_doctor_1280/0043.webp
AUDITDEV|FAIL|no changed audit-impact record covers audit/day_two_wash_complete_action_v1_20261001/local_hold_attempt_02/native_frames/opera_training_doctor_1280/0044.webp
AUDITDEV|FAIL|no changed audit-impact record covers audit/day_two_wash_complete_action_v1_20261001/local_hold_attempt_02/native_frames/opera_training_doctor_1280/0045.webp
AUDITDEV|FAIL|no changed audit-impact record covers audit/day_two_wash_complete_action_v1_20261001/local_hold_attempt_02/native_frames/opera_training_doctor_1280/0046.webp
AUDITDEV|FAIL|no changed audit-impact record covers audit/day_two_wash_complete_action_v1_20261001/local_hold_attempt_02/native_frames/opera_training_doctor_1280/0047.webp
AUDITDEV|FAIL|no changed audit-impact record covers audit/day_two_wash_complete_action_v1_20261001/local_hold_attempt_02/native_frames/opera_training_doctor_1280/0048.webp
AUDITDEV|FAIL|no changed audit-impact record covers audit/day_two_wash_complete_action_v1_20261001/local_hold_attempt_02/native_frames/opera_training_doctor_1280/0049.webp
AUDITDEV|FAIL|no changed audit-impact record covers audit/day_two_wash_complete_action_v1_20261001/local_hold_attempt_02/native_frames/opera_training_doctor_1280/0050.webp
AUDITDEV|FAIL|no changed audit-impact record covers audit/day_two_wash_complete_action_v1_20261001/local_hold_attempt_02/native_frames/opera_training_doctor_1280/0051.webp
AUDITDEV|FAIL|no changed audit-impact record covers audit/day_two_wash_complete_action_v1_20261001/local_hold_attempt_02/native_frames/opera_training_doctor_1280/0052.webp
AUDITDEV|FAIL|no changed audit-impact record covers audit/day_two_wash_complete_action_v1_20261001/local_hold_attempt_02/native_frames/opera_training_doctor_1280/0053.webp
AUDITDEV|FAIL|no changed audit-impact record covers audit/day_two_wash_complete_action_v1_20261001/local_hold_attempt_02/native_frames/opera_training_doctor_1280/0054.webp
AUDITDEV|FAIL|no changed audit-impact record covers audit/day_two_wash_complete_action_v1_20261001/local_hold_attempt_02/native_frames/opera_training_doctor_1280/0055.webp
AUDITDEV|FAIL|no changed audit-impact record covers audit/day_two_wash_complete_action_v1_20261001/local_hold_attempt_02/native_frames/opera_training_doctor_1280/0056.webp
AUDITDEV|FAIL|no changed audit-impact record covers audit/day_two_wash_complete_action_v1_20261001/local_hold_attempt_02/native_frames/opera_training_doctor_1280/0057.webp
AUDITDEV|FAIL|no changed audit-impact record covers audit/day_two_wash_complete_action_v1_20261001/local_hold_attempt_02/native_frames/opera_training_doctor_1280/0058.webp
AUDITDEV|FAIL|no changed audit-impact record covers audit/day_two_wash_complete_action_v1_20261001/local_hold_attempt_02/native_frames/opera_training_doctor_1280/0059.webp
AUDITDEV|FAIL|no changed audit-impact record covers audit/day_two_wash_complete_action_v1_20261001/local_hold_attempt_02/native_frames/opera_training_doctor_1280/0060.webp
AUDITDEV|FAIL|no changed audit-impact record covers audit/day_two_wash_complete_action_v1_20261001/local_hold_attempt_02/native_frames/opera_training_doctor_1280/0061.webp
AUDITDEV|FAIL|no changed audit-impact record covers audit/day_two_wash_complete_action_v1_20261001/local_hold_attempt_02/native_frames/opera_training_doctor_1280/0062.webp
AUDITDEV|FAIL|no changed audit-impact record covers audit/day_two_wash_complete_action_v1_20261001/local_hold_attempt_02/native_frames/opera_training_doctor_1280/0063.webp
AUDITDEV|FAIL|no changed audit-impact record covers audit/day_two_wash_complete_action_v1_20261001/local_hold_attempt_02/native_frames/opera_training_doctor_1280/0064.webp
AUDITDEV|FAIL|no changed audit-impact record covers audit/day_two_wash_complete_action_v1_20261001/local_hold_attempt_02/native_frames/opera_training_doctor_1280/0065.webp
AUDITDEV|FAIL|no changed audit-impact record covers audit/day_two_wash_complete_action_v1_20261001/local_hold_attempt_02/native_frames/opera_training_doctor_1280/0066.webp
AUDITDEV|FAIL|no changed audit-impact record covers audit/day_two_wash_complete_action_v1_20261001/local_hold_attempt_02/native_frames/opera_training_doctor_1280/0067.webp
AUDITDEV|FAIL|no changed audit-impact record covers audit/day_two_wash_complete_action_v1_20261001/local_hold_attempt_02/native_frames/opera_training_doctor_1280/0068.webp
AUDITDEV|FAIL|no changed audit-impact record covers audit/day_two_wash_complete_action_v1_20261001/local_hold_attempt_02/native_frames/opera_training_doctor_1280/0069.webp
AUDITDEV|FAIL|no changed audit-impact record covers audit/day_two_wash_complete_action_v1_20261001/local_hold_attempt_02/native_frames/opera_training_doctor_1280/0070.webp
AUDITDEV|FAIL|no changed audit-impact record covers audit/day_two_wash_complete_action_v1_20261001/local_hold_attempt_02/native_frames/opera_training_doctor_1280/0071.webp
AUDITDEV|FAIL|no changed audit-impact record covers audit/day_two_wash_complete_action_v1_20261001/local_hold_attempt_02/native_frames/opera_training_doctor_1280/0072.webp
AUDITDEV|FAIL|no changed audit-impact record covers audit/day_two_wash_complete_action_v1_20261001/local_hold_attempt_02/native_frames/opera_training_doctor_1280/0073.webp
AUDITDEV|FAIL|no changed audit-impact record covers audit/day_two_wash_complete_action_v1_20261001/local_hold_attempt_02/native_frames/opera_training_doctor_1280/0074.webp
AUDITDEV|FAIL|no changed audit-impact record covers audit/day_two_wash_complete_action_v1_20261001/local_hold_attempt_02/native_frames/opera_training_doctor_1280/0075.webp
AUDITDEV|FAIL|no changed audit-impact record covers audit/day_two_wash_complete_action_v1_20261001/local_hold_attempt_02/native_frames/opera_training_doctor_1280/0076.webp
AUDITDEV|FAIL|no changed audit-impact record covers audit/day_two_wash_complete_action_v1_20261001/local_hold_attempt_02/native_frames/opera_training_doctor_1280/0077.webp
AUDITDEV|FAIL|no changed audit-impact record covers audit/day_two_wash_complete_action_v1_20261001/local_hold_attempt_02/native_frames/opera_training_doctor_1280/0078.webp
AUDITDEV|FAIL|no changed audit-impact record covers audit/day_two_wash_complete_action_v1_20261001/local_hold_attempt_02/native_frames/opera_training_doctor_1280/0079.webp
AUDITDEV|FAIL|no changed audit-impact record covers audit/day_two_wash_complete_action_v1_20261001/local_hold_attempt_02/native_frames/opera_training_doctor_1280/0080.webp
AUDITDEV|FAIL|no changed audit-impact record covers audit/day_two_wash_complete_action_v1_20261001/local_hold_attempt_02/native_frames/opera_training_doctor_1280/0081.webp
AUDITDEV|FAIL|no changed audit-impact record covers audit/day_two_wash_complete_action_v1_20261001/local_hold_attempt_02/native_frames/opera_training_doctor_1280/0082.webp
AUDITDEV|FAIL|no changed audit-impact record covers audit/day_two_wash_complete_action_v1_20261001/local_hold_attempt_02/native_frames/opera_training_doctor_1280/0083.webp
AUDITDEV|FAIL|no changed audit-impact record covers audit/day_two_wash_complete_action_v1_20261001/local_hold_attempt_02/native_frames/opera_training_doctor_1280/0084.webp
AUDITDEV|FAIL|no changed audit-impact record covers audit/day_two_wash_complete_action_v1_20261001/local_hold_attempt_02/native_frames/opera_training_doctor_1280/0085.webp
AUDITDEV|FAIL|no changed audit-impact record covers audit/day_two_wash_complete_action_v1_20261001/local_hold_attempt_02/native_frames/opera_training_doctor_1280/0086.webp
AUDITDEV|FAIL|no changed audit-impact record covers audit/day_two_wash_complete_action_v1_20261001/local_hold_attempt_02/native_frames/opera_training_doctor_1280/0087.webp
AUDITDEV|FAIL|no changed audit-impact record covers audit/day_two_wash_complete_action_v1_20261001/local_hold_attempt_02/native_frames/opera_training_doctor_1280/0088.webp
AUDITDEV|FAIL|no changed audit-impact record covers audit/day_two_wash_complete_action_v1_20261001/local_hold_attempt_02/native_frames/opera_training_doctor_1280/0089.webp
AUDITDEV|FAIL|no changed audit-impact record covers audit/day_two_wash_complete_action_v1_20261001/local_hold_attempt_02/native_frames/opera_training_doctor_1280/0090.webp
AUDITDEV|FAIL|no changed audit-impact record covers audit/day_two_wash_complete_action_v1_20261001/local_hold_attempt_02/native_frames/opera_training_doctor_1280/0091.webp
AUDITDEV|FAIL|no changed audit-impact record covers audit/day_two_wash_complete_action_v1_20261001/local_hold_attempt_02/native_frames/opera_training_doctor_1280/0092.webp
AUDITDEV|FAIL|no changed audit-impact record covers audit/day_two_wash_complete_action_v1_20261001/local_hold_attempt_02/native_frames/opera_training_doctor_1280/0093.webp
AUDITDEV|FAIL|no changed audit-impact record covers audit/day_two_wash_complete_action_v1_20261001/local_hold_attempt_02/native_frames/opera_training_doctor_1280/0094.webp
AUDITDEV|FAIL|no changed audit-impact record covers audit/day_two_wash_complete_action_v1_20261001/local_hold_attempt_02/native_frames/opera_training_doctor_1280/0095.webp
AUDITDEV|FAIL|no changed audit-impact record covers audit/day_two_wash_complete_action_v1_20261001/local_hold_attempt_02/native_frames/opera_training_doctor_1280/0096.webp
AUDITDEV|FAIL|no changed audit-impact record covers audit/day_two_wash_complete_action_v1_20261001/local_hold_attempt_02/native_frames/opera_training_doctor_1280/0097.webp
AUDITDEV|FAIL|no changed audit-impact record covers audit/day_two_wash_complete_action_v1_20261001/local_hold_attempt_02/native_frames/opera_training_doctor_1280/0098.webp
AUDITDEV|FAIL|no changed audit-impact record covers audit/day_two_wash_complete_action_v1_20261001/local_hold_attempt_02/native_frames/opera_training_doctor_1280/0099.webp
AUDITDEV|FAIL|no changed audit-impact record covers audit/day_two_wash_complete_action_v1_20261001/local_hold_attempt_02/native_frames/opera_training_doctor_1280/0100.webp
AUDITDEV|FAIL|no changed audit-impact record covers audit/day_two_wash_complete_action_v1_20261001/local_hold_attempt_02/native_frames/opera_training_doctor_1280/0101.webp
AUDITDEV|FAIL|no changed audit-impact record covers audit/day_two_wash_complete_action_v1_20261001/local_hold_attempt_02/native_frames/opera_training_doctor_1280/0102.webp
AUDITDEV|FAIL|no changed audit-impact record covers audit/day_two_wash_complete_action_v1_20261001/local_hold_attempt_02/native_frames/opera_training_doctor_1280/0103.webp
AUDITDEV|FAIL|no changed audit-impact record covers audit/day_two_wash_complete_action_v1_20261001/local_hold_attempt_02/native_frames/opera_training_doctor_1280/0104.webp
AUDITDEV|FAIL|no changed audit-impact record covers audit/day_two_wash_complete_action_v1_20261001/local_hold_attempt_02/native_frames/opera_training_doctor_1280/0105.webp
AUDITDEV|FAIL|no changed audit-impact record covers audit/day_two_wash_complete_action_v1_20261001/local_hold_attempt_02/native_frames/opera_training_doctor_1280/0106.webp
AUDITDEV|FAIL|no changed audit-impact record covers audit/day_two_wash_complete_action_v1_20261001/local_hold_attempt_02/native_frames/opera_training_doctor_1280/0107.webp
AUDITDEV|FAIL|no changed audit-impact record covers audit/day_two_wash_complete_action_v1_20261001/local_hold_attempt_02/native_frames/opera_training_doctor_1280/0108.webp
AUDITDEV|FAIL|no changed audit-impact record covers audit/day_two_wash_complete_action_v1_20261001/local_hold_attempt_02/native_frames/opera_training_doctor_1280/0109.webp
AUDITDEV|FAIL|no changed audit-impact record covers audit/day_two_wash_complete_action_v1_20261001/local_hold_attempt_02/native_frames/opera_training_doctor_1280/0110.webp
AUDITDEV|FAIL|no changed audit-impact record covers audit/day_two_wash_complete_action_v1_20261001/local_hold_attempt_02/native_frames/opera_training_doctor_1280/0111.webp
AUDITDEV|FAIL|no changed audit-impact record covers audit/day_two_wash_complete_action_v1_20261001/local_hold_attempt_02/native_frames/opera_training_doctor_1280/0112.webp
AUDITDEV|FAIL|no changed audit-impact record covers audit/day_two_wash_complete_action_v1_20261001/local_hold_attempt_02/native_frames/opera_training_doctor_1280/0113.webp
AUDITDEV|FAIL|no changed audit-impact record covers audit/day_two_wash_complete_action_v1_20261001/local_hold_attempt_02/native_frames/opera_training_doctor_1280/0114.webp
AUDITDEV|FAIL|no changed audit-impact record covers audit/day_two_wash_complete_action_v1_20261001/local_hold_attempt_02/native_frames/opera_training_doctor_1280/0115.webp
AUDITDEV|FAIL|no changed audit-impact record covers audit/day_two_wash_complete_action_v1_20261001/local_hold_attempt_02/native_frames/opera_training_doctor_1280/0116.webp
AUDITDEV|FAIL|no changed audit-impact record covers audit/day_two_wash_complete_action_v1_20261001/local_hold_attempt_02/native_frames/opera_training_doctor_1280/0117.webp
AUDITDEV|FAIL|no changed audit-impact record covers audit/day_two_wash_complete_action_v1_20261001/local_hold_attempt_02/native_frames/opera_training_doctor_1280/0118.webp
AUDITDEV|FAIL|no changed audit-impact record covers audit/day_two_wash_complete_action_v1_20261001/local_hold_attempt_02/native_frames/opera_training_doctor_1280/0119.webp
AUDITDEV|FAIL|no changed audit-impact record covers audit/day_two_wash_complete_action_v1_20261001/local_hold_attempt_02/native_frames/opera_training_doctor_1280/0120.webp
AUDITDEV|FAIL|no changed audit-impact record covers audit/day_two_wash_complete_action_v1_20261001/local_hold_attempt_02/native_frames/opera_training_doctor_1280/0121.webp
AUDITDEV|FAIL|no changed audit-impact record covers audit/day_two_wash_complete_action_v1_20261001/local_hold_attempt_02/native_frames/opera_training_doctor_1280/0122.webp
AUDITDEV|FAIL|no changed audit-impact record covers audit/day_two_wash_complete_action_v1_20261001/local_hold_attempt_02/native_frames/opera_training_doctor_1280/0123.webp
AUDITDEV|FAIL|no changed audit-impact record covers audit/day_two_wash_complete_action_v1_20261001/local_hold_attempt_02/native_frames/opera_training_doctor_1280/0124.webp
AUDITDEV|FAIL|no changed audit-impact record covers audit/day_two_wash_complete_action_v1_20261001/local_hold_attempt_02/native_frames/opera_training_doctor_1280/0125.webp
AUDITDEV|FAIL|no changed audit-impact record covers audit/day_two_wash_complete_action_v1_20261001/local_hold_attempt_02/native_frames/opera_training_doctor_1280/0126.webp
AUDITDEV|FAIL|no changed audit-impact record covers audit/day_two_wash_complete_action_v1_20261001/local_hold_attempt_02/native_frames/opera_training_doctor_1280/0127.webp
AUDITDEV|FAIL|no changed audit-impact record covers audit/day_two_wash_complete_action_v1_20261001/local_hold_attempt_02/native_frames/opera_training_doctor_1280/0128.webp
AUDITDEV|FAIL|no changed audit-impact record covers audit/day_two_wash_complete_action_v1_20261001/local_hold_attempt_02/native_frames/opera_training_doctor_1280/0129.webp
AUDITDEV|FAIL|no changed audit-impact record covers audit/day_two_wash_complete_action_v1_20261001/local_hold_attempt_02/native_frames/opera_training_doctor_1280/0130.webp
AUDITDEV|FAIL|no changed audit-impact record covers audit/day_two_wash_complete_action_v1_20261001/local_hold_attempt_02/native_frames/opera_training_doctor_1280/0131.webp
AUDITDEV|FAIL|no changed audit-impact record covers audit/day_two_wash_complete_action_v1_20261001/local_hold_attempt_02/native_frames/opera_training_doctor_1280/0132.webp
AUDITDEV|FAIL|no changed audit-impact record covers audit/day_two_wash_complete_action_v1_20261001/local_hold_attempt_02/native_frames/opera_training_doctor_1280/0133.webp
AUDITDEV|FAIL|no changed audit-impact record covers audit/day_two_wash_complete_action_v1_20261001/local_hold_attempt_02/native_frames/opera_training_doctor_1280/0134.webp
AUDITDEV|FAIL|no changed audit-impact record covers audit/day_two_wash_complete_action_v1_20261001/local_hold_attempt_02/native_frames/opera_training_doctor_1280/0135.webp
AUDITDEV|FAIL|no changed audit-impact record covers audit/day_two_wash_complete_action_v1_20261001/local_hold_attempt_02/native_frames/opera_training_doctor_1280/0136.webp
AUDITDEV|FAIL|no changed audit-impact record covers audit/day_two_wash_complete_action_v1_20261001/local_hold_attempt_02/native_frames/opera_training_doctor_1280/0137.webp
AUDITDEV|FAIL|no changed audit-impact record covers audit/day_two_wash_complete_action_v1_20261001/local_hold_attempt_02/native_frames/opera_training_doctor_1280/0138.webp
AUDITDEV|FAIL|no changed audit-impact record covers audit/day_two_wash_complete_action_v1_20261001/local_hold_attempt_02/native_frames/opera_training_doctor_1280/0139.webp
AUDITDEV|FAIL|no changed audit-impact record covers audit/day_two_wash_complete_action_v1_20261001/local_hold_attempt_02/native_frames/opera_training_doctor_1280/0140.webp
AUDITDEV|FAIL|no changed audit-impact record covers audit/day_two_wash_complete_action_v1_20261001/local_hold_attempt_02/native_frames/opera_training_doctor_1280/0141.webp
AUDITDEV|FAIL|no changed audit-impact record covers audit/day_two_wash_complete_action_v1_20261001/local_hold_attempt_02/native_frames/opera_training_doctor_1280/0142.webp
AUDITDEV|FAIL|no changed audit-impact record covers audit/day_two_wash_complete_action_v1_20261001/local_hold_attempt_02/native_frames/opera_training_doctor_1280/0143.webp
AUDITDEV|FAIL|no changed audit-impact record covers audit/day_two_wash_complete_action_v1_20261001/local_hold_attempt_02/native_frames/opera_training_doctor_1280/0144.webp
AUDITDEV|FAIL|no changed audit-impact record covers audit/day_two_wash_complete_action_v1_20261001/local_hold_attempt_02/native_frames/opera_training_doctor_1280/0145.webp
AUDITDEV|FAIL|no changed audit-impact record covers audit/day_two_wash_complete_action_v1_20261001/local_hold_attempt_02/native_frames/opera_training_doctor_1280/0146.webp
AUDITDEV|FAIL|no changed audit-impact record covers audit/day_two_wash_complete_action_v1_20261001/local_hold_attempt_02/native_frames/opera_training_doctor_1280/0147.webp
AUDITDEV|FAIL|no changed audit-impact record covers audit/day_two_wash_complete_action_v1_20261001/local_hold_attempt_02/native_frames/opera_training_doctor_1280/0148.webp
AUDITDEV|FAIL|no changed audit-impact record covers audit/day_two_wash_complete_action_v1_20261001/local_hold_attempt_02/native_frames/opera_training_doctor_1280/0149.webp
AUDITDEV|FAIL|no changed audit-impact record covers audit/day_two_wash_complete_action_v1_20261001/local_hold_attempt_02/native_frames/opera_training_doctor_1280/0150.webp
AUDITDEV|FAIL|no changed audit-impact record covers audit/day_two_wash_complete_action_v1_20261001/local_hold_attempt_02/native_frames/opera_training_doctor_1280/0151.webp
AUDITDEV|FAIL|no changed audit-impact record covers audit/day_two_wash_complete_action_v1_20261001/local_hold_attempt_02/native_frames/opera_training_doctor_1280/0152.webp
AUDITDEV|FAIL|no changed audit-impact record covers audit/day_two_wash_complete_action_v1_20261001/local_hold_attempt_02/native_frames/opera_training_doctor_1280/0153.webp
AUDITDEV|FAIL|no changed audit-impact record covers audit/day_two_wash_complete_action_v1_20261001/local_hold_attempt_02/native_frames/opera_training_doctor_1280/0154.webp
AUDITDEV|FAIL|no changed audit-impact record covers audit/day_two_wash_complete_action_v1_20261001/local_hold_attempt_02/native_frames/opera_training_doctor_1280/0155.webp
AUDITDEV|FAIL|no changed audit-impact record covers audit/day_two_wash_complete_action_v1_20261001/local_hold_attempt_02/native_frames/opera_training_doctor_1280/0156.webp
AUDITDEV|FAIL|no changed audit-impact record covers audit/day_two_wash_complete_action_v1_20261001/local_hold_attempt_02/native_frames/opera_training_doctor_1280/0157.webp
AUDITDEV|FAIL|no changed audit-impact record covers audit/day_two_wash_complete_action_v1_20261001/local_hold_attempt_02/native_frames/opera_training_doctor_1280/0158.webp
AUDITDEV|FAIL|no changed audit-impact record covers audit/day_two_wash_complete_action_v1_20261001/local_hold_attempt_02/native_frames/opera_training_doctor_1280/0159.webp
AUDITDEV|FAIL|no changed audit-impact record covers audit/day_two_wash_complete_action_v1_20261001/local_hold_attempt_02/native_frames/opera_training_doctor_1280/0160.webp
AUDITDEV|FAIL|no changed audit-impact record covers audit/day_two_wash_complete_action_v1_20261001/local_hold_attempt_02/native_frames/opera_training_doctor_1280/0161.webp
AUDITDEV|FAIL|no changed audit-impact record covers audit/day_two_wash_complete_action_v1_20261001/local_hold_attempt_02/native_frames/opera_training_doctor_1280/0162.webp
AUDITDEV|FAIL|no changed audit-impact record covers audit/day_two_wash_complete_action_v1_20261001/local_hold_attempt_02/native_frames/opera_training_doctor_1280/0163.webp
AUDITDEV|FAIL|no changed audit-impact record covers audit/day_two_wash_complete_action_v1_20261001/local_hold_attempt_02/native_frames/opera_training_doctor_1280/0164.webp
AUDITDEV|FAIL|no changed audit-impact record covers audit/day_two_wash_complete_action_v1_20261001/local_hold_attempt_02/native_frames/opera_training_doctor_1280/0165.webp
AUDITDEV|FAIL|no changed audit-impact record covers audit/day_two_wash_complete_action_v1_20261001/local_hold_attempt_02/native_frames/opera_training_doctor_1280/0166.webp
AUDITDEV|FAIL|no changed audit-impact record covers audit/day_two_wash_complete_action_v1_20261001/local_hold_attempt_02/native_frames/opera_training_doctor_1280/0167.webp
AUDITDEV|FAIL|no changed audit-impact record covers audit/day_two_wash_complete_action_v1_20261001/local_hold_attempt_02/native_frames/opera_training_doctor_1280/0168.webp
AUDITDEV|FAIL|no changed audit-impact record covers audit/day_two_wash_complete_action_v1_20261001/local_hold_attempt_02/native_frames/opera_training_doctor_1280/0169.webp
AUDITDEV|FAIL|no changed audit-impact record covers audit/day_two_wash_complete_action_v1_20261001/local_hold_attempt_02/native_frames/opera_training_doctor_1280/0170.webp
AUDITDEV|FAIL|no changed audit-impact record covers audit/day_two_wash_complete_action_v1_20261001/local_hold_attempt_02/native_frames/opera_training_doctor_1280/0171.webp
AUDITDEV|FAIL|no changed audit-impact record covers audit/day_two_wash_complete_action_v1_20261001/local_hold_attempt_02/native_frames/opera_training_doctor_1280/0172.webp
AUDITDEV|FAIL|no changed audit-impact record covers audit/day_two_wash_complete_action_v1_20261001/local_hold_attempt_02/native_frames/opera_training_doctor_1280/0173.webp
AUDITDEV|FAIL|no changed audit-impact record covers audit/day_two_wash_complete_action_v1_20261001/local_hold_attempt_02/native_frames/opera_training_doctor_1280/0174.webp
AUDITDEV|FAIL|no changed audit-impact record covers audit/day_two_wash_complete_action_v1_20261001/local_hold_attempt_02/native_frames/opera_training_doctor_1280/0175.webp
AUDITDEV|FAIL|no changed audit-impact record covers audit/day_two_wash_complete_action_v1_20261001/local_hold_attempt_02/native_frames/opera_training_doctor_1280/0176.webp
AUDITDEV|FAIL|no changed audit-impact record covers audit/day_two_wash_complete_action_v1_20261001/local_hold_attempt_02/native_frames/opera_training_doctor_1280/0177.webp
AUDITDEV|FAIL|no changed audit-impact record covers audit/day_two_wash_complete_action_v1_20261001/local_hold_attempt_02/native_frames/opera_training_doctor_1280/0178.webp
AUDITDEV|FAIL|no changed audit-impact record covers audit/day_two_wash_complete_action_v1_20261001/local_hold_attempt_02/native_frames/opera_training_doctor_1280/0179.webp
AUDITDEV|FAIL|no changed audit-impact record covers audit/day_two_wash_complete_action_v1_20261001/local_hold_attempt_02/native_frames/opera_training_doctor_1280/0180.webp
AUDITDEV|FAIL|no changed audit-impact record covers audit/day_two_wash_complete_action_v1_20261001/local_hold_attempt_02/native_frames/opera_training_doctor_1280/0181.webp
AUDITDEV|FAIL|no changed audit-impact record covers audit/day_two_wash_complete_action_v1_20261001/local_hold_attempt_02/native_frames/opera_training_doctor_1280/0182.webp
AUDITDEV|FAIL|no changed audit-impact record covers audit/day_two_wash_complete_action_v1_20261001/local_hold_attempt_02/native_frames/opera_training_doctor_1280/0183.webp
AUDITDEV|FAIL|no changed audit-impact record covers audit/day_two_wash_complete_action_v1_20261001/local_hold_attempt_02/native_frames/opera_training_doctor_1280/0184.webp
AUDITDEV|FAIL|no changed audit-impact record covers audit/day_two_wash_complete_action_v1_20261001/local_hold_attempt_02/native_frames/opera_training_doctor_1280/0185.webp
AUDITDEV|FAIL|no changed audit-impact record covers audit/day_two_wash_complete_action_v1_20261001/local_hold_attempt_02/native_frames/opera_training_doctor_1280/0186.webp
AUDITDEV|FAIL|no changed audit-impact record covers audit/day_two_wash_complete_action_v1_20261001/local_hold_attempt_02/native_frames/opera_training_doctor_1280/0187.webp
AUDITDEV|FAIL|no changed audit-impact record covers audit/day_two_wash_complete_action_v1_20261001/local_hold_attempt_02/native_frames/opera_training_doctor_1280/0188.webp
AUDITDEV|FAIL|no changed audit-impact record covers audit/day_two_wash_complete_action_v1_20261001/local_hold_attempt_02/native_frames/opera_training_doctor_1280/0189.webp
AUDITDEV|FAIL|no changed audit-impact record covers audit/day_two_wash_complete_action_v1_20261001/local_hold_attempt_02/native_frames/opera_training_doctor_1280/0190.webp
AUDITDEV|FAIL|no changed audit-impact record covers audit/day_two_wash_complete_action_v1_20261001/local_hold_attempt_02/native_frames/opera_training_doctor_1280/0191.webp
AUDITDEV|FAIL|no changed audit-impact record covers audit/day_two_wash_complete_action_v1_20261001/local_hold_attempt_02/native_frames/opera_training_doctor_1280/0192.webp
AUDITDEV|FAIL|no changed audit-impact record covers audit/day_two_wash_complete_action_v1_20261001/local_hold_attempt_02/native_frames/opera_training_doctor_1600/0000.webp
AUDITDEV|FAIL|no changed audit-impact record covers audit/day_two_wash_complete_action_v1_20261001/local_hold_attempt_02/native_frames/opera_training_doctor_1600/0001.webp
AUDITDEV|FAIL|no changed audit-impact record covers audit/day_two_wash_complete_action_v1_20261001/local_hold_attempt_02/native_frames/opera_training_doctor_1600/0002.webp
AUDITDEV|FAIL|no changed audit-impact record covers audit/day_two_wash_complete_action_v1_20261001/local_hold_attempt_02/native_frames/opera_training_doctor_1600/0003.webp
AUDITDEV|FAIL|no changed audit-impact record covers audit/day_two_wash_complete_action_v1_20261001/local_hold_attempt_02/native_frames/opera_training_doctor_1600/0004.webp
AUDITDEV|FAIL|no changed audit-impact record covers audit/day_two_wash_complete_action_v1_20261001/local_hold_attempt_02/native_frames/opera_training_doctor_1600/0005.webp
AUDITDEV|FAIL|no changed audit-impact record covers audit/day_two_wash_complete_action_v1_20261001/local_hold_attempt_02/native_frames/opera_training_doctor_1600/0006.webp
AUDITDEV|FAIL|no changed audit-impact record covers audit/day_two_wash_complete_action_v1_20261001/local_hold_attempt_02/native_frames/opera_training_doctor_1600/0007.webp
AUDITDEV|FAIL|no changed audit-impact record covers audit/day_two_wash_complete_action_v1_20261001/local_hold_attempt_02/native_frames/opera_training_doctor_1600/0008.webp
AUDITDEV|FAIL|no changed audit-impact record covers audit/day_two_wash_complete_action_v1_20261001/local_hold_attempt_02/native_frames/opera_training_doctor_1600/0009.webp
AUDITDEV|FAIL|no changed audit-impact record covers audit/day_two_wash_complete_action_v1_20261001/local_hold_attempt_02/native_frames/opera_training_doctor_1600/0010.webp
AUDITDEV|FAIL|no changed audit-impact record covers audit/day_two_wash_complete_action_v1_20261001/local_hold_attempt_02/native_frames/opera_training_doctor_1600/0011.webp
AUDITDEV|FAIL|no changed audit-impact record covers audit/day_two_wash_complete_action_v1_20261001/local_hold_attempt_02/native_frames/opera_training_doctor_1600/0012.webp
AUDITDEV|FAIL|no changed audit-impact record covers audit/day_two_wash_complete_action_v1_20261001/local_hold_attempt_02/native_frames/opera_training_doctor_1600/0013.webp
AUDITDEV|FAIL|no changed audit-impact record covers audit/day_two_wash_complete_action_v1_20261001/local_hold_attempt_02/native_frames/opera_training_doctor_1600/0014.webp
AUDITDEV|FAIL|no changed audit-impact record covers audit/day_two_wash_complete_action_v1_20261001/local_hold_attempt_02/native_frames/opera_training_doctor_1600/0015.webp
AUDITDEV|FAIL|no changed audit-impact record covers audit/day_two_wash_complete_action_v1_20261001/local_hold_attempt_02/native_frames/opera_training_doctor_1600/0016.webp
AUDITDEV|FAIL|no changed audit-impact record covers audit/day_two_wash_complete_action_v1_20261001/local_hold_attempt_02/native_frames/opera_training_doctor_1600/0017.webp
AUDITDEV|FAIL|no changed audit-impact record covers audit/day_two_wash_complete_action_v1_20261001/local_hold_attempt_02/native_frames/opera_training_doctor_1600/0018.webp
AUDITDEV|FAIL|no changed audit-impact record covers audit/day_two_wash_complete_action_v1_20261001/local_hold_attempt_02/native_frames/opera_training_doctor_1600/0019.webp
AUDITDEV|FAIL|no changed audit-impact record covers audit/day_two_wash_complete_action_v1_20261001/local_hold_attempt_02/native_frames/opera_training_doctor_1600/0020.webp
AUDITDEV|FAIL|no changed audit-impact record covers audit/day_two_wash_complete_action_v1_20261001/local_hold_attempt_02/native_frames/opera_training_doctor_1600/0021.webp
AUDITDEV|FAIL|no changed audit-impact record covers audit/day_two_wash_complete_action_v1_20261001/local_hold_attempt_02/native_frames/opera_training_doctor_1600/0022.webp
AUDITDEV|FAIL|no changed audit-impact record covers audit/day_two_wash_complete_action_v1_20261001/local_hold_attempt_02/native_frames/opera_training_doctor_1600/0023.webp
AUDITDEV|FAIL|no changed audit-impact record covers audit/day_two_wash_complete_action_v1_20261001/local_hold_attempt_02/native_frames/opera_training_doctor_1600/0024.webp
AUDITDEV|FAIL|no changed audit-impact record covers audit/day_two_wash_complete_action_v1_20261001/local_hold_attempt_02/native_frames/opera_training_doctor_1600/0025.webp
AUDITDEV|FAIL|no changed audit-impact record covers audit/day_two_wash_complete_action_v1_20261001/local_hold_attempt_02/native_frames/opera_training_doctor_1600/0026.webp
AUDITDEV|FAIL|no changed audit-impact record covers audit/day_two_wash_complete_action_v1_20261001/local_hold_attempt_02/native_frames/opera_training_doctor_1600/0027.webp
AUDITDEV|FAIL|no changed audit-impact record covers audit/day_two_wash_complete_action_v1_20261001/local_hold_attempt_02/native_frames/opera_training_doctor_1600/0028.webp
AUDITDEV|FAIL|no changed audit-impact record covers audit/day_two_wash_complete_action_v1_20261001/local_hold_attempt_02/native_frames/opera_training_doctor_1600/0029.webp
AUDITDEV|FAIL|no changed audit-impact record covers audit/day_two_wash_complete_action_v1_20261001/local_hold_attempt_02/native_frames/opera_training_doctor_1600/0030.webp
AUDITDEV|FAIL|no changed audit-impact record covers audit/day_two_wash_complete_action_v1_20261001/local_hold_attempt_02/native_frames/opera_training_doctor_1600/0031.webp
AUDITDEV|FAIL|no changed audit-impact record covers audit/day_two_wash_complete_action_v1_20261001/local_hold_attempt_02/native_frames/opera_training_doctor_1600/0032.webp
AUDITDEV|FAIL|no changed audit-impact record covers audit/day_two_wash_complete_action_v1_20261001/local_hold_attempt_02/native_frames/opera_training_doctor_1600/0033.webp
AUDITDEV|FAIL|no changed audit-impact record covers audit/day_two_wash_complete_action_v1_20261001/local_hold_attempt_02/native_frames/opera_training_doctor_1600/0034.webp
AUDITDEV|FAIL|no changed audit-impact record covers audit/day_two_wash_complete_action_v1_20261001/local_hold_attempt_02/native_frames/opera_training_doctor_1600/0035.webp
AUDITDEV|FAIL|no changed audit-impact record covers audit/day_two_wash_complete_action_v1_20261001/local_hold_attempt_02/native_frames/opera_training_doctor_1600/0036.webp
AUDITDEV|FAIL|no changed audit-impact record covers audit/day_two_wash_complete_action_v1_20261001/local_hold_attempt_02/native_frames/opera_training_doctor_1600/0037.webp
AUDITDEV|FAIL|no changed audit-impact record covers audit/day_two_wash_complete_action_v1_20261001/local_hold_attempt_02/native_frames/opera_training_doctor_1600/0038.webp
AUDITDEV|FAIL|no changed audit-impact record covers audit/day_two_wash_complete_action_v1_20261001/local_hold_attempt_02/native_frames/opera_training_doctor_1600/0039.webp
AUDITDEV|FAIL|no changed audit-impact record covers audit/day_two_wash_complete_action_v1_20261001/local_hold_attempt_02/native_frames/opera_training_doctor_1600/0040.webp
AUDITDEV|FAIL|no changed audit-impact record covers audit/day_two_wash_complete_action_v1_20261001/local_hold_attempt_02/native_frames/opera_training_doctor_1600/0041.webp
AUDITDEV|FAIL|no changed audit-impact record covers audit/day_two_wash_complete_action_v1_20261001/local_hold_attempt_02/native_frames/opera_training_doctor_1600/0042.webp
AUDITDEV|FAIL|no changed audit-impact record covers audit/day_two_wash_complete_action_v1_20261001/local_hold_attempt_02/native_frames/opera_training_doctor_1600/0043.webp
AUDITDEV|FAIL|no changed audit-impact record covers audit/day_two_wash_complete_action_v1_20261001/local_hold_attempt_02/native_frames/opera_training_doctor_1600/0044.webp
AUDITDEV|FAIL|no changed audit-impact record covers audit/day_two_wash_complete_action_v1_20261001/local_hold_attempt_02/native_frames/opera_training_doctor_1600/0045.webp
AUDITDEV|FAIL|no changed audit-impact record covers audit/day_two_wash_complete_action_v1_20261001/local_hold_attempt_02/native_frames/opera_training_doctor_1600/0046.webp
AUDITDEV|FAIL|no changed audit-impact record covers audit/day_two_wash_complete_action_v1_20261001/local_hold_attempt_02/native_frames/opera_training_doctor_1600/0047.webp
AUDITDEV|FAIL|no changed audit-impact record covers audit/day_two_wash_complete_action_v1_20261001/local_hold_attempt_02/native_frames/opera_training_doctor_1600/0048.webp
AUDITDEV|FAIL|no changed audit-impact record covers audit/day_two_wash_complete_action_v1_20261001/local_hold_attempt_02/native_frames/opera_training_doctor_1600/0049.webp
AUDITDEV|FAIL|no changed audit-impact record covers audit/day_two_wash_complete_action_v1_20261001/local_hold_attempt_02/native_frames/opera_training_doctor_1600/0050.webp
AUDITDEV|FAIL|no changed audit-impact record covers audit/day_two_wash_complete_action_v1_20261001/local_hold_attempt_02/native_frames/opera_training_doctor_1600/0051.webp
AUDITDEV|FAIL|no changed audit-impact record covers audit/day_two_wash_complete_action_v1_20261001/local_hold_attempt_02/native_frames/opera_training_doctor_1600/0052.webp
AUDITDEV|FAIL|no changed audit-impact record covers audit/day_two_wash_complete_action_v1_20261001/local_hold_attempt_02/native_frames/opera_training_doctor_1600/0053.webp
AUDITDEV|FAIL|no changed audit-impact record covers audit/day_two_wash_complete_action_v1_20261001/local_hold_attempt_02/native_frames/opera_training_doctor_1600/0054.webp
AUDITDEV|FAIL|no changed audit-impact record covers audit/day_two_wash_complete_action_v1_20261001/local_hold_attempt_02/native_frames/opera_training_doctor_1600/0055.webp
AUDITDEV|FAIL|no changed audit-impact record covers audit/day_two_wash_complete_action_v1_20261001/local_hold_attempt_02/native_frames/opera_training_doctor_1600/0056.webp
AUDITDEV|FAIL|no changed audit-impact record covers audit/day_two_wash_complete_action_v1_20261001/local_hold_attempt_02/native_frames/opera_training_doctor_1600/0057.webp
AUDITDEV|FAIL|no changed audit-impact record covers audit/day_two_wash_complete_action_v1_20261001/local_hold_attempt_02/native_frames/opera_training_doctor_1600/0058.webp
AUDITDEV|FAIL|no changed audit-impact record covers audit/day_two_wash_complete_action_v1_20261001/local_hold_attempt_02/native_frames/opera_training_doctor_1600/0059.webp
AUDITDEV|FAIL|no changed audit-impact record covers audit/day_two_wash_complete_action_v1_20261001/local_hold_attempt_02/native_frames/opera_training_doctor_1600/0060.webp
AUDITDEV|FAIL|no changed audit-impact record covers audit/day_two_wash_complete_action_v1_20261001/local_hold_attempt_02/native_frames/opera_training_doctor_1600/0061.webp
AUDITDEV|FAIL|no changed audit-impact record covers audit/day_two_wash_complete_action_v1_20261001/local_hold_attempt_02/native_frames/opera_training_doctor_1600/0062.webp
AUDITDEV|FAIL|no changed audit-impact record covers audit/day_two_wash_complete_action_v1_20261001/local_hold_attempt_02/native_frames/opera_training_doctor_1600/0063.webp
AUDITDEV|FAIL|no changed audit-impact record covers audit/day_two_wash_complete_action_v1_20261001/local_hold_attempt_02/native_frames/opera_training_doctor_1600/0064.webp
AUDITDEV|FAIL|no changed audit-impact record covers audit/day_two_wash_complete_action_v1_20261001/local_hold_attempt_02/native_frames/opera_training_doctor_1600/0065.webp
AUDITDEV|FAIL|no changed audit-impact record covers audit/day_two_wash_complete_action_v1_20261001/local_hold_attempt_02/native_frames/opera_training_doctor_1600/0066.webp
AUDITDEV|FAIL|no changed audit-impact record covers audit/day_two_wash_complete_action_v1_20261001/local_hold_attempt_02/native_frames/opera_training_doctor_1600/0067.webp
AUDITDEV|FAIL|no changed audit-impact record covers audit/day_two_wash_complete_action_v1_20261001/local_hold_attempt_02/native_frames/opera_training_doctor_1600/0068.webp
AUDITDEV|FAIL|no changed audit-impact record covers audit/day_two_wash_complete_action_v1_20261001/local_hold_attempt_02/native_frames/opera_training_doctor_1600/0069.webp
AUDITDEV|FAIL|no changed audit-impact record covers audit/day_two_wash_complete_action_v1_20261001/local_hold_attempt_02/native_frames/opera_training_doctor_1600/0070.webp
AUDITDEV|FAIL|no changed audit-impact record covers audit/day_two_wash_complete_action_v1_20261001/local_hold_attempt_02/native_frames/opera_training_doctor_1600/0071.webp
AUDITDEV|FAIL|no changed audit-impact record covers audit/day_two_wash_complete_action_v1_20261001/local_hold_attempt_02/native_frames/opera_training_doctor_1600/0072.webp
AUDITDEV|FAIL|no changed audit-impact record covers audit/day_two_wash_complete_action_v1_20261001/local_hold_attempt_02/native_frames/opera_training_doctor_1600/0073.webp
AUDITDEV|FAIL|no changed audit-impact record covers audit/day_two_wash_complete_action_v1_20261001/local_hold_attempt_02/native_frames/opera_training_doctor_1600/0074.webp
AUDITDEV|FAIL|no changed audit-impact record covers audit/day_two_wash_complete_action_v1_20261001/local_hold_attempt_02/native_frames/opera_training_doctor_1600/0075.webp
AUDITDEV|FAIL|no changed audit-impact record covers audit/day_two_wash_complete_action_v1_20261001/local_hold_attempt_02/native_frames/opera_training_doctor_1600/0076.webp
AUDITDEV|FAIL|no changed audit-impact record covers audit/day_two_wash_complete_action_v1_20261001/local_hold_attempt_02/native_frames/opera_training_doctor_1600/0077.webp
AUDITDEV|FAIL|no changed audit-impact record covers audit/day_two_wash_complete_action_v1_20261001/local_hold_attempt_02/native_frames/opera_training_doctor_1600/0078.webp
AUDITDEV|FAIL|no changed audit-impact record covers audit/day_two_wash_complete_action_v1_20261001/local_hold_attempt_02/native_frames/opera_training_doctor_1600/0079.webp
AUDITDEV|FAIL|no changed audit-impact record covers audit/day_two_wash_complete_action_v1_20261001/local_hold_attempt_02/native_frames/opera_training_doctor_1600/0080.webp
AUDITDEV|FAIL|no changed audit-impact record covers audit/day_two_wash_complete_action_v1_20261001/local_hold_attempt_02/native_frames/opera_training_doctor_1600/0081.webp
AUDITDEV|FAIL|no changed audit-impact record covers audit/day_two_wash_complete_action_v1_20261001/local_hold_attempt_02/native_frames/opera_training_doctor_1600/0082.webp
AUDITDEV|FAIL|no changed audit-impact record covers audit/day_two_wash_complete_action_v1_20261001/local_hold_attempt_02/native_frames/opera_training_doctor_1600/0083.webp
AUDITDEV|FAIL|no changed audit-impact record covers audit/day_two_wash_complete_action_v1_20261001/local_hold_attempt_02/native_frames/opera_training_doctor_1600/0084.webp
AUDITDEV|FAIL|no changed audit-impact record covers audit/day_two_wash_complete_action_v1_20261001/local_hold_attempt_02/native_frames/opera_training_doctor_1600/0085.webp
AUDITDEV|FAIL|no changed audit-impact record covers audit/day_two_wash_complete_action_v1_20261001/local_hold_attempt_02/native_frames/opera_training_doctor_1600/0086.webp
AUDITDEV|FAIL|no changed audit-impact record covers audit/day_two_wash_complete_action_v1_20261001/local_hold_attempt_02/native_frames/opera_training_doctor_1600/0087.webp
AUDITDEV|FAIL|no changed audit-impact record covers audit/day_two_wash_complete_action_v1_20261001/local_hold_attempt_02/native_frames/opera_training_doctor_1600/0088.webp
AUDITDEV|FAIL|no changed audit-impact record covers audit/day_two_wash_complete_action_v1_20261001/local_hold_attempt_02/native_frames/opera_training_doctor_1600/0089.webp
AUDITDEV|FAIL|no changed audit-impact record covers audit/day_two_wash_complete_action_v1_20261001/local_hold_attempt_02/native_frames/opera_training_doctor_1600/0090.webp
AUDITDEV|FAIL|no changed audit-impact record covers audit/day_two_wash_complete_action_v1_20261001/local_hold_attempt_02/native_frames/opera_training_doctor_1600/0091.webp
AUDITDEV|FAIL|no changed audit-impact record covers audit/day_two_wash_complete_action_v1_20261001/local_hold_attempt_02/native_frames/opera_training_doctor_1600/0092.webp
AUDITDEV|FAIL|no changed audit-impact record covers audit/day_two_wash_complete_action_v1_20261001/local_hold_attempt_02/native_frames/opera_training_doctor_1600/0093.webp
AUDITDEV|FAIL|no changed audit-impact record covers audit/day_two_wash_complete_action_v1_20261001/local_hold_attempt_02/native_frames/opera_training_doctor_1600/0094.webp
AUDITDEV|FAIL|no changed audit-impact record covers audit/day_two_wash_complete_action_v1_20261001/local_hold_attempt_02/native_frames/opera_training_doctor_1600/0095.webp
AUDITDEV|FAIL|no changed audit-impact record covers audit/day_two_wash_complete_action_v1_20261001/local_hold_attempt_02/native_frames/opera_training_doctor_1600/0096.webp
AUDITDEV|FAIL|no changed audit-impact record covers audit/day_two_wash_complete_action_v1_20261001/local_hold_attempt_02/native_frames/opera_training_doctor_1600/0097.webp
AUDITDEV|FAIL|no changed audit-impact record covers audit/day_two_wash_complete_action_v1_20261001/local_hold_attempt_02/native_frames/opera_training_doctor_1600/0098.webp
AUDITDEV|FAIL|no changed audit-impact record covers audit/day_two_wash_complete_action_v1_20261001/local_hold_attempt_02/native_frames/opera_training_doctor_1600/0099.webp
AUDITDEV|FAIL|no changed audit-impact record covers audit/day_two_wash_complete_action_v1_20261001/local_hold_attempt_02/native_frames/opera_training_doctor_1600/0100.webp
AUDITDEV|FAIL|no changed audit-impact record covers audit/day_two_wash_complete_action_v1_20261001/local_hold_attempt_02/native_frames/opera_training_doctor_1600/0101.webp
AUDITDEV|FAIL|no changed audit-impact record covers audit/day_two_wash_complete_action_v1_20261001/local_hold_attempt_02/native_frames/opera_training_doctor_1600/0102.webp
AUDITDEV|FAIL|no changed audit-impact record covers audit/day_two_wash_complete_action_v1_20261001/local_hold_attempt_02/native_frames/opera_training_doctor_1600/0103.webp
AUDITDEV|FAIL|no changed audit-impact record covers audit/day_two_wash_complete_action_v1_20261001/local_hold_attempt_02/native_frames/opera_training_doctor_1600/0104.webp
AUDITDEV|FAIL|no changed audit-impact record covers audit/day_two_wash_complete_action_v1_20261001/local_hold_attempt_02/native_frames/opera_training_doctor_1600/0105.webp
AUDITDEV|FAIL|no changed audit-impact record covers audit/day_two_wash_complete_action_v1_20261001/local_hold_attempt_02/native_frames/opera_training_doctor_1600/0106.webp
AUDITDEV|FAIL|no changed audit-impact record covers audit/day_two_wash_complete_action_v1_20261001/local_hold_attempt_02/native_frames/opera_training_doctor_1600/0107.webp
AUDITDEV|FAIL|no changed audit-impact record covers audit/day_two_wash_complete_action_v1_20261001/local_hold_attempt_02/native_frames/opera_training_doctor_1600/0108.webp
AUDITDEV|FAIL|no changed audit-impact record covers audit/day_two_wash_complete_action_v1_20261001/local_hold_attempt_02/native_frames/opera_training_doctor_1600/0109.webp
AUDITDEV|FAIL|no changed audit-impact record covers audit/day_two_wash_complete_action_v1_20261001/local_hold_attempt_02/native_frames/opera_training_doctor_1600/0110.webp
AUDITDEV|FAIL|no changed audit-impact record covers audit/day_two_wash_complete_action_v1_20261001/local_hold_attempt_02/native_frames/opera_training_doctor_1600/0111.webp
AUDITDEV|FAIL|no changed audit-impact record covers audit/day_two_wash_complete_action_v1_20261001/local_hold_attempt_02/native_frames/opera_training_doctor_1600/0112.webp
AUDITDEV|FAIL|no changed audit-impact record covers audit/day_two_wash_complete_action_v1_20261001/local_hold_attempt_02/native_frames/opera_training_doctor_1600/0113.webp
AUDITDEV|FAIL|no changed audit-impact record covers audit/day_two_wash_complete_action_v1_20261001/local_hold_attempt_02/native_frames/opera_training_doctor_1600/0114.webp
AUDITDEV|FAIL|no changed audit-impact record covers audit/day_two_wash_complete_action_v1_20261001/local_hold_attempt_02/native_frames/opera_training_doctor_1600/0115.webp
AUDITDEV|FAIL|no changed audit-impact record covers audit/day_two_wash_complete_action_v1_20261001/local_hold_attempt_02/native_frames/opera_training_doctor_1600/0116.webp
AUDITDEV|FAIL|no changed audit-impact record covers audit/day_two_wash_complete_action_v1_20261001/local_hold_attempt_02/native_frames/opera_training_doctor_1600/0117.webp
AUDITDEV|FAIL|no changed audit-impact record covers audit/day_two_wash_complete_action_v1_20261001/local_hold_attempt_02/native_frames/opera_training_doctor_1600/0118.webp
AUDITDEV|FAIL|no changed audit-impact record covers audit/day_two_wash_complete_action_v1_20261001/local_hold_attempt_02/native_frames/opera_training_doctor_1600/0119.webp
AUDITDEV|FAIL|no changed audit-impact record covers audit/day_two_wash_complete_action_v1_20261001/local_hold_attempt_02/native_frames/opera_training_doctor_1600/0120.webp
AUDITDEV|FAIL|no changed audit-impact record covers audit/day_two_wash_complete_action_v1_20261001/local_hold_attempt_02/native_frames/opera_training_doctor_1600/0121.webp
AUDITDEV|FAIL|no changed audit-impact record covers audit/day_two_wash_complete_action_v1_20261001/local_hold_attempt_02/native_frames/opera_training_doctor_1600/0122.webp
AUDITDEV|FAIL|no changed audit-impact record covers audit/day_two_wash_complete_action_v1_20261001/local_hold_attempt_02/native_frames/opera_training_doctor_1600/0123.webp
AUDITDEV|FAIL|no changed audit-impact record covers audit/day_two_wash_complete_action_v1_20261001/local_hold_attempt_02/native_frames/opera_training_doctor_1600/0124.webp
AUDITDEV|FAIL|no changed audit-impact record covers audit/day_two_wash_complete_action_v1_20261001/local_hold_attempt_02/native_frames/opera_training_doctor_1600/0125.webp
AUDITDEV|FAIL|no changed audit-impact record covers audit/day_two_wash_complete_action_v1_20261001/local_hold_attempt_02/native_frames/opera_training_doctor_1600/0126.webp
AUDITDEV|FAIL|no changed audit-impact record covers audit/day_two_wash_complete_action_v1_20261001/local_hold_attempt_02/native_frames/opera_training_doctor_1600/0127.webp
AUDITDEV|FAIL|no changed audit-impact record covers audit/day_two_wash_complete_action_v1_20261001/local_hold_attempt_02/native_frames/opera_training_doctor_1600/0128.webp
AUDITDEV|FAIL|no changed audit-impact record covers audit/day_two_wash_complete_action_v1_20261001/local_hold_attempt_02/native_frames/opera_training_doctor_1600/0129.webp
AUDITDEV|FAIL|no changed audit-impact record covers audit/day_two_wash_complete_action_v1_20261001/local_hold_attempt_02/native_frames/opera_training_doctor_1600/0130.webp
AUDITDEV|FAIL|no changed audit-impact record covers audit/day_two_wash_complete_action_v1_20261001/local_hold_attempt_02/native_frames/opera_training_doctor_1600/0131.webp
AUDITDEV|FAIL|no changed audit-impact record covers audit/day_two_wash_complete_action_v1_20261001/local_hold_attempt_02/native_frames/opera_training_doctor_1600/0132.webp
AUDITDEV|FAIL|no changed audit-impact record covers audit/day_two_wash_complete_action_v1_20261001/local_hold_attempt_02/native_frames/opera_training_doctor_1600/0133.webp
AUDITDEV|FAIL|no changed audit-impact record covers audit/day_two_wash_complete_action_v1_20261001/local_hold_attempt_02/native_frames/opera_training_doctor_1600/0134.webp
AUDITDEV|FAIL|no changed audit-impact record covers audit/day_two_wash_complete_action_v1_20261001/local_hold_attempt_02/native_frames/opera_training_doctor_1600/0135.webp
AUDITDEV|FAIL|no changed audit-impact record covers audit/day_two_wash_complete_action_v1_20261001/local_hold_attempt_02/native_frames/opera_training_doctor_1600/0136.webp
AUDITDEV|FAIL|no changed audit-impact record covers audit/day_two_wash_complete_action_v1_20261001/local_hold_attempt_02/native_frames/opera_training_doctor_1600/0137.webp
AUDITDEV|FAIL|no changed audit-impact record covers audit/day_two_wash_complete_action_v1_20261001/local_hold_attempt_02/native_frames/opera_training_doctor_1600/0138.webp
AUDITDEV|FAIL|no changed audit-impact record covers audit/day_two_wash_complete_action_v1_20261001/local_hold_attempt_02/native_frames/opera_training_doctor_1600/0139.webp
AUDITDEV|FAIL|no changed audit-impact record covers audit/day_two_wash_complete_action_v1_20261001/local_hold_attempt_02/native_frames/opera_training_doctor_1600/0140.webp
AUDITDEV|FAIL|no changed audit-impact record covers audit/day_two_wash_complete_action_v1_20261001/local_hold_attempt_02/native_frames/opera_training_doctor_1600/0141.webp
AUDITDEV|FAIL|no changed audit-impact record covers audit/day_two_wash_complete_action_v1_20261001/local_hold_attempt_02/native_frames/opera_training_doctor_1600/0142.webp
AUDITDEV|FAIL|no changed audit-impact record covers audit/day_two_wash_complete_action_v1_20261001/local_hold_attempt_02/native_frames/opera_training_doctor_1600/0143.webp
AUDITDEV|FAIL|no changed audit-impact record covers audit/day_two_wash_complete_action_v1_20261001/local_hold_attempt_02/native_frames/opera_training_doctor_1600/0144.webp
AUDITDEV|FAIL|no changed audit-impact record covers audit/day_two_wash_complete_action_v1_20261001/local_hold_attempt_02/native_frames/opera_training_doctor_1600/0145.webp
AUDITDEV|FAIL|no changed audit-impact record covers audit/day_two_wash_complete_action_v1_20261001/local_hold_attempt_02/native_frames/opera_training_doctor_1600/0146.webp
AUDITDEV|FAIL|no changed audit-impact record covers audit/day_two_wash_complete_action_v1_20261001/local_hold_attempt_02/native_frames/opera_training_doctor_1600/0147.webp
AUDITDEV|FAIL|no changed audit-impact record covers audit/day_two_wash_complete_action_v1_20261001/local_hold_attempt_02/native_frames/opera_training_doctor_1600/0148.webp
AUDITDEV|FAIL|no changed audit-impact record covers audit/day_two_wash_complete_action_v1_20261001/local_hold_attempt_02/native_frames/opera_training_doctor_1600/0149.webp
AUDITDEV|FAIL|no changed audit-impact record covers audit/day_two_wash_complete_action_v1_20261001/local_hold_attempt_02/native_frames/opera_training_doctor_1600/0150.webp
AUDITDEV|FAIL|no changed audit-impact record covers audit/day_two_wash_complete_action_v1_20261001/local_hold_attempt_02/native_frames/opera_training_doctor_1600/0151.webp
AUDITDEV|FAIL|no changed audit-impact record covers audit/day_two_wash_complete_action_v1_20261001/local_hold_attempt_02/native_frames/opera_training_doctor_1600/0152.webp
AUDITDEV|FAIL|no changed audit-impact record covers audit/day_two_wash_complete_action_v1_20261001/local_hold_attempt_02/native_frames/opera_training_doctor_1600/0153.webp
AUDITDEV|FAIL|no changed audit-impact record covers audit/day_two_wash_complete_action_v1_20261001/local_hold_attempt_02/native_frames/opera_training_doctor_1600/0154.webp
AUDITDEV|FAIL|no changed audit-impact record covers audit/day_two_wash_complete_action_v1_20261001/local_hold_attempt_02/native_frames/opera_training_doctor_1600/0155.webp
AUDITDEV|FAIL|no changed audit-impact record covers audit/day_two_wash_complete_action_v1_20261001/local_hold_attempt_02/native_frames/opera_training_doctor_1600/0156.webp
AUDITDEV|FAIL|no changed audit-impact record covers audit/day_two_wash_complete_action_v1_20261001/local_hold_attempt_02/native_frames/opera_training_doctor_1600/0157.webp
AUDITDEV|FAIL|no changed audit-impact record covers audit/day_two_wash_complete_action_v1_20261001/local_hold_attempt_02/native_frames/opera_training_doctor_1600/0158.webp
AUDITDEV|FAIL|no changed audit-impact record covers audit/day_two_wash_complete_action_v1_20261001/local_hold_attempt_02/native_frames/opera_training_doctor_1600/0159.webp
AUDITDEV|FAIL|no changed audit-impact record covers audit/day_two_wash_complete_action_v1_20261001/local_hold_attempt_02/native_frames/opera_training_doctor_1600/0160.webp
AUDITDEV|FAIL|no changed audit-impact record covers audit/day_two_wash_complete_action_v1_20261001/local_hold_attempt_02/native_frames/opera_training_doctor_1600/0161.webp
AUDITDEV|FAIL|no changed audit-impact record covers audit/day_two_wash_complete_action_v1_20261001/local_hold_attempt_02/native_frames/opera_training_doctor_1600/0162.webp
AUDITDEV|FAIL|no changed audit-impact record covers audit/day_two_wash_complete_action_v1_20261001/local_hold_attempt_02/native_frames/opera_training_doctor_1600/0163.webp
AUDITDEV|FAIL|no changed audit-impact record covers audit/day_two_wash_complete_action_v1_20261001/local_hold_attempt_02/native_frames/opera_training_doctor_1600/0164.webp
AUDITDEV|FAIL|no changed audit-impact record covers audit/day_two_wash_complete_action_v1_20261001/local_hold_attempt_02/native_frames/opera_training_doctor_1600/0165.webp
AUDITDEV|FAIL|no changed audit-impact record covers audit/day_two_wash_complete_action_v1_20261001/local_hold_attempt_02/native_frames/opera_training_doctor_1600/0166.webp
AUDITDEV|FAIL|no changed audit-impact record covers audit/day_two_wash_complete_action_v1_20261001/local_hold_attempt_02/native_frames/opera_training_doctor_1600/0167.webp
AUDITDEV|FAIL|no changed audit-impact record covers audit/day_two_wash_complete_action_v1_20261001/local_hold_attempt_02/native_frames/opera_training_doctor_1600/0168.webp
AUDITDEV|FAIL|no changed audit-impact record covers audit/day_two_wash_complete_action_v1_20261001/local_hold_attempt_02/native_frames/opera_training_doctor_1600/0169.webp
AUDITDEV|FAIL|no changed audit-impact record covers audit/day_two_wash_complete_action_v1_20261001/local_hold_attempt_02/native_frames/opera_training_doctor_1600/0170.webp
AUDITDEV|FAIL|no changed audit-impact record covers audit/day_two_wash_complete_action_v1_20261001/local_hold_attempt_02/native_frames/opera_training_doctor_1600/0171.webp
AUDITDEV|FAIL|no changed audit-impact record covers audit/day_two_wash_complete_action_v1_20261001/local_hold_attempt_02/native_frames/opera_training_doctor_1600/0172.webp
AUDITDEV|FAIL|no changed audit-impact record covers audit/day_two_wash_complete_action_v1_20261001/local_hold_attempt_02/native_frames/opera_training_doctor_1600/0173.webp
AUDITDEV|FAIL|no changed audit-impact record covers audit/day_two_wash_complete_action_v1_20261001/local_hold_attempt_02/native_frames/opera_training_doctor_1600/0174.webp
AUDITDEV|FAIL|no changed audit-impact record covers audit/day_two_wash_complete_action_v1_20261001/local_hold_attempt_02/native_frames/opera_training_doctor_1600/0175.webp
AUDITDEV|FAIL|no changed audit-impact record covers audit/day_two_wash_complete_action_v1_20261001/local_hold_attempt_02/native_frames/opera_training_doctor_1600/0176.webp
AUDITDEV|FAIL|no changed audit-impact record covers audit/day_two_wash_complete_action_v1_20261001/local_hold_attempt_02/native_frames/opera_training_doctor_1600/0177.webp
AUDITDEV|FAIL|no changed audit-impact record covers audit/day_two_wash_complete_action_v1_20261001/local_hold_attempt_02/native_frames/opera_training_doctor_1600/0178.webp
AUDITDEV|FAIL|no changed audit-impact record covers audit/day_two_wash_complete_action_v1_20261001/local_hold_attempt_02/native_frames/opera_training_doctor_1600/0179.webp
AUDITDEV|FAIL|no changed audit-impact record covers audit/day_two_wash_complete_action_v1_20261001/local_hold_attempt_02/native_frames/opera_training_doctor_1600/0180.webp
AUDITDEV|FAIL|no changed audit-impact record covers audit/day_two_wash_complete_action_v1_20261001/local_hold_attempt_02/native_frames/opera_training_doctor_1600/0181.webp
AUDITDEV|FAIL|no changed audit-impact record covers audit/day_two_wash_complete_action_v1_20261001/local_hold_attempt_02/native_frames/opera_training_doctor_1600/0182.webp
AUDITDEV|FAIL|no changed audit-impact record covers audit/day_two_wash_complete_action_v1_20261001/local_hold_attempt_02/native_frames/opera_training_doctor_1600/0183.webp
AUDITDEV|FAIL|no changed audit-impact record covers audit/day_two_wash_complete_action_v1_20261001/local_hold_attempt_02/native_frames/opera_training_doctor_1600/0184.webp
AUDITDEV|FAIL|no changed audit-impact record covers audit/day_two_wash_complete_action_v1_20261001/local_hold_attempt_02/native_frames/opera_training_doctor_1600/0185.webp
AUDITDEV|FAIL|no changed audit-impact record covers audit/day_two_wash_complete_action_v1_20261001/local_hold_attempt_02/native_frames/opera_training_doctor_1600/0186.webp
AUDITDEV|FAIL|no changed audit-impact record covers audit/day_two_wash_complete_action_v1_20261001/local_hold_attempt_02/native_frames/opera_training_doctor_1600/0187.webp
AUDITDEV|FAIL|no changed audit-impact record covers audit/day_two_wash_complete_action_v1_20261001/local_hold_attempt_02/native_frames/opera_training_doctor_1600/0188.webp
AUDITDEV|FAIL|no changed audit-impact record covers audit/day_two_wash_complete_action_v1_20261001/local_hold_attempt_02/native_frames/opera_training_doctor_1600/0189.webp
AUDITDEV|FAIL|no changed audit-impact record covers audit/day_two_wash_complete_action_v1_20261001/local_hold_attempt_02/native_frames/opera_training_doctor_1600/0190.webp
AUDITDEV|FAIL|no changed audit-impact record covers audit/day_two_wash_complete_action_v1_20261001/local_hold_attempt_02/native_frames/opera_training_doctor_1600/0191.webp
AUDITDEV|FAIL|no changed audit-impact record covers audit/day_two_wash_complete_action_v1_20261001/local_hold_attempt_02/native_frames/opera_training_doctor_1600/0192.webp
AUDITDEV|FAIL|no changed audit-impact record covers audit/day_two_wash_complete_action_v1_20261001/local_hold_attempt_02/native_frames/opera_training_nursery_1280/0000.webp
AUDITDEV|FAIL|no changed audit-impact record covers audit/day_two_wash_complete_action_v1_20261001/local_hold_attempt_02/native_frames/opera_training_nursery_1280/0001.webp
AUDITDEV|FAIL|no changed audit-impact record covers audit/day_two_wash_complete_action_v1_20261001/local_hold_attempt_02/native_frames/opera_training_nursery_1280/0002.webp
AUDITDEV|FAIL|no changed audit-impact record covers audit/day_two_wash_complete_action_v1_20261001/local_hold_attempt_02/native_frames/opera_training_nursery_1280/0003.webp
AUDITDEV|FAIL|no changed audit-impact record covers audit/day_two_wash_complete_action_v1_20261001/local_hold_attempt_02/native_frames/opera_training_nursery_1280/0004.webp
AUDITDEV|FAIL|no changed audit-impact record covers audit/day_two_wash_complete_action_v1_20261001/local_hold_attempt_02/native_frames/opera_training_nursery_1280/0005.webp
AUDITDEV|FAIL|no changed audit-impact record covers audit/day_two_wash_complete_action_v1_20261001/local_hold_attempt_02/native_frames/opera_training_nursery_1280/0006.webp
AUDITDEV|FAIL|no changed audit-impact record covers audit/day_two_wash_complete_action_v1_20261001/local_hold_attempt_02/native_frames/opera_training_nursery_1280/0007.webp
AUDITDEV|FAIL|no changed audit-impact record covers audit/day_two_wash_complete_action_v1_20261001/local_hold_attempt_02/native_frames/opera_training_nursery_1280/0008.webp
AUDITDEV|FAIL|no changed audit-impact record covers audit/day_two_wash_complete_action_v1_20261001/local_hold_attempt_02/native_frames/opera_training_nursery_1280/0009.webp
AUDITDEV|FAIL|no changed audit-impact record covers audit/day_two_wash_complete_action_v1_20261001/local_hold_attempt_02/native_frames/opera_training_nursery_1280/0010.webp
AUDITDEV|FAIL|no changed audit-impact record covers audit/day_two_wash_complete_action_v1_20261001/local_hold_attempt_02/native_frames/opera_training_nursery_1280/0011.webp
AUDITDEV|FAIL|no changed audit-impact record covers audit/day_two_wash_complete_action_v1_20261001/local_hold_attempt_02/native_frames/opera_training_nursery_1280/0012.webp
AUDITDEV|FAIL|no changed audit-impact record covers audit/day_two_wash_complete_action_v1_20261001/local_hold_attempt_02/native_frames/opera_training_nursery_1280/0013.webp
AUDITDEV|FAIL|no changed audit-impact record covers audit/day_two_wash_complete_action_v1_20261001/local_hold_attempt_02/native_frames/opera_training_nursery_1280/0014.webp
AUDITDEV|FAIL|no changed audit-impact record covers audit/day_two_wash_complete_action_v1_20261001/local_hold_attempt_02/native_frames/opera_training_nursery_1280/0015.webp
AUDITDEV|FAIL|no changed audit-impact record covers audit/day_two_wash_complete_action_v1_20261001/local_hold_attempt_02/native_frames/opera_training_nursery_1280/0016.webp
AUDITDEV|FAIL|no changed audit-impact record covers audit/day_two_wash_complete_action_v1_20261001/local_hold_attempt_02/native_frames/opera_training_nursery_1280/0017.webp
AUDITDEV|FAIL|no changed audit-impact record covers audit/day_two_wash_complete_action_v1_20261001/local_hold_attempt_02/native_frames/opera_training_nursery_1280/0018.webp
AUDITDEV|FAIL|no changed audit-impact record covers audit/day_two_wash_complete_action_v1_20261001/local_hold_attempt_02/native_frames/opera_training_nursery_1280/0019.webp
AUDITDEV|FAIL|no changed audit-impact record covers audit/day_two_wash_complete_action_v1_20261001/local_hold_attempt_02/native_frames/opera_training_nursery_1280/0020.webp
AUDITDEV|FAIL|no changed audit-impact record covers audit/day_two_wash_complete_action_v1_20261001/local_hold_attempt_02/native_frames/opera_training_nursery_1280/0021.webp
AUDITDEV|FAIL|no changed audit-impact record covers audit/day_two_wash_complete_action_v1_20261001/local_hold_attempt_02/native_frames/opera_training_nursery_1280/0022.webp
AUDITDEV|FAIL|no changed audit-impact record covers audit/day_two_wash_complete_action_v1_20261001/local_hold_attempt_02/native_frames/opera_training_nursery_1280/0023.webp
AUDITDEV|FAIL|no changed audit-impact record covers audit/day_two_wash_complete_action_v1_20261001/local_hold_attempt_02/native_frames/opera_training_nursery_1280/0024.webp
AUDITDEV|FAIL|no changed audit-impact record covers audit/day_two_wash_complete_action_v1_20261001/local_hold_attempt_02/native_frames/opera_training_nursery_1280/0025.webp
AUDITDEV|FAIL|no changed audit-impact record covers audit/day_two_wash_complete_action_v1_20261001/local_hold_attempt_02/native_frames/opera_training_nursery_1280/0026.webp
AUDITDEV|FAIL|no changed audit-impact record covers audit/day_two_wash_complete_action_v1_20261001/local_hold_attempt_02/native_frames/opera_training_nursery_1280/0027.webp
AUDITDEV|FAIL|no changed audit-impact record covers audit/day_two_wash_complete_action_v1_20261001/local_hold_attempt_02/native_frames/opera_training_nursery_1280/0028.webp
AUDITDEV|FAIL|no changed audit-impact record covers audit/day_two_wash_complete_action_v1_20261001/local_hold_attempt_02/native_frames/opera_training_nursery_1280/0029.webp
AUDITDEV|FAIL|no changed audit-impact record covers audit/day_two_wash_complete_action_v1_20261001/local_hold_attempt_02/native_frames/opera_training_nursery_1280/0030.webp
AUDITDEV|FAIL|no changed audit-impact record covers audit/day_two_wash_complete_action_v1_20261001/local_hold_attempt_02/native_frames/opera_training_nursery_1280/0031.webp
AUDITDEV|FAIL|no changed audit-impact record covers audit/day_two_wash_complete_action_v1_20261001/local_hold_attempt_02/native_frames/opera_training_nursery_1280/0032.webp
AUDITDEV|FAIL|no changed audit-impact record covers audit/day_two_wash_complete_action_v1_20261001/local_hold_attempt_02/native_frames/opera_training_nursery_1280/0033.webp
AUDITDEV|FAIL|no changed audit-impact record covers audit/day_two_wash_complete_action_v1_20261001/local_hold_attempt_02/native_frames/opera_training_nursery_1280/0034.webp
AUDITDEV|FAIL|no changed audit-impact record covers audit/day_two_wash_complete_action_v1_20261001/local_hold_attempt_02/native_frames/opera_training_nursery_1280/0035.webp
AUDITDEV|FAIL|no changed audit-impact record covers audit/day_two_wash_complete_action_v1_20261001/local_hold_attempt_02/native_frames/opera_training_nursery_1280/0036.webp
AUDITDEV|FAIL|no changed audit-impact record covers audit/day_two_wash_complete_action_v1_20261001/local_hold_attempt_02/native_frames/opera_training_nursery_1280/0037.webp
AUDITDEV|FAIL|no changed audit-impact record covers audit/day_two_wash_complete_action_v1_20261001/local_hold_attempt_02/native_frames/opera_training_nursery_1280/0038.webp
AUDITDEV|FAIL|no changed audit-impact record covers audit/day_two_wash_complete_action_v1_20261001/local_hold_attempt_02/native_frames/opera_training_nursery_1280/0039.webp
AUDITDEV|FAIL|no changed audit-impact record covers audit/day_two_wash_complete_action_v1_20261001/local_hold_attempt_02/native_frames/opera_training_nursery_1280/0040.webp
AUDITDEV|FAIL|no changed audit-impact record covers audit/day_two_wash_complete_action_v1_20261001/local_hold_attempt_02/native_frames/opera_training_nursery_1280/0041.webp
AUDITDEV|FAIL|no changed audit-impact record covers audit/day_two_wash_complete_action_v1_20261001/local_hold_attempt_02/native_frames/opera_training_nursery_1280/0042.webp
AUDITDEV|FAIL|no changed audit-impact record covers audit/day_two_wash_complete_action_v1_20261001/local_hold_attempt_02/native_frames/opera_training_nursery_1280/0043.webp
AUDITDEV|FAIL|no changed audit-impact record covers audit/day_two_wash_complete_action_v1_20261001/local_hold_attempt_02/native_frames/opera_training_nursery_1280/0044.webp
AUDITDEV|FAIL|no changed audit-impact record covers audit/day_two_wash_complete_action_v1_20261001/local_hold_attempt_02/native_frames/opera_training_nursery_1280/0045.webp
AUDITDEV|FAIL|no changed audit-impact record covers audit/day_two_wash_complete_action_v1_20261001/local_hold_attempt_02/native_frames/opera_training_nursery_1280/0046.webp
AUDITDEV|FAIL|no changed audit-impact record covers audit/day_two_wash_complete_action_v1_20261001/local_hold_attempt_02/native_frames/opera_training_nursery_1280/0047.webp
AUDITDEV|FAIL|no changed audit-impact record covers audit/day_two_wash_complete_action_v1_20261001/local_hold_attempt_02/native_frames/opera_training_nursery_1280/0048.webp
AUDITDEV|FAIL|no changed audit-impact record covers audit/day_two_wash_complete_action_v1_20261001/local_hold_attempt_02/native_frames/opera_training_nursery_1280/0049.webp
AUDITDEV|FAIL|no changed audit-impact record covers audit/day_two_wash_complete_action_v1_20261001/local_hold_attempt_02/native_frames/opera_training_nursery_1280/0050.webp
AUDITDEV|FAIL|no changed audit-impact record covers audit/day_two_wash_complete_action_v1_20261001/local_hold_attempt_02/native_frames/opera_training_nursery_1280/0051.webp
AUDITDEV|FAIL|no changed audit-impact record covers audit/day_two_wash_complete_action_v1_20261001/local_hold_attempt_02/native_frames/opera_training_nursery_1280/0052.webp
AUDITDEV|FAIL|no changed audit-impact record covers audit/day_two_wash_complete_action_v1_20261001/local_hold_attempt_02/native_frames/opera_training_nursery_1280/0053.webp
AUDITDEV|FAIL|no changed audit-impact record covers audit/day_two_wash_complete_action_v1_20261001/local_hold_attempt_02/native_frames/opera_training_nursery_1280/0054.webp
AUDITDEV|FAIL|no changed audit-impact record covers audit/day_two_wash_complete_action_v1_20261001/local_hold_attempt_02/native_frames/opera_training_nursery_1280/0055.webp
AUDITDEV|FAIL|no changed audit-impact record covers audit/day_two_wash_complete_action_v1_20261001/local_hold_attempt_02/native_frames/opera_training_nursery_1280/0056.webp
AUDITDEV|FAIL|no changed audit-impact record covers audit/day_two_wash_complete_action_v1_20261001/local_hold_attempt_02/native_frames/opera_training_nursery_1280/0057.webp
AUDITDEV|FAIL|no changed audit-impact record covers audit/day_two_wash_complete_action_v1_20261001/local_hold_attempt_02/native_frames/opera_training_nursery_1280/0058.webp
AUDITDEV|FAIL|no changed audit-impact record covers audit/day_two_wash_complete_action_v1_20261001/local_hold_attempt_02/native_frames/opera_training_nursery_1280/0059.webp
AUDITDEV|FAIL|no changed audit-impact record covers audit/day_two_wash_complete_action_v1_20261001/local_hold_attempt_02/native_frames/opera_training_nursery_1280/0060.webp
AUDITDEV|FAIL|no changed audit-impact record covers audit/day_two_wash_complete_action_v1_20261001/local_hold_attempt_02/native_frames/opera_training_nursery_1280/0061.webp
AUDITDEV|FAIL|no changed audit-impact record covers audit/day_two_wash_complete_action_v1_20261001/local_hold_attempt_02/native_frames/opera_training_nursery_1280/0062.webp
AUDITDEV|FAIL|no changed audit-impact record covers audit/day_two_wash_complete_action_v1_20261001/local_hold_attempt_02/native_frames/opera_training_nursery_1280/0063.webp
AUDITDEV|FAIL|no changed audit-impact record covers audit/day_two_wash_complete_action_v1_20261001/local_hold_attempt_02/native_frames/opera_training_nursery_1280/0064.webp
AUDITDEV|FAIL|no changed audit-impact record covers audit/day_two_wash_complete_action_v1_20261001/local_hold_attempt_02/native_frames/opera_training_nursery_1280/0065.webp
AUDITDEV|FAIL|no changed audit-impact record covers audit/day_two_wash_complete_action_v1_20261001/local_hold_attempt_02/native_frames/opera_training_nursery_1280/0066.webp
AUDITDEV|FAIL|no changed audit-impact record covers audit/day_two_wash_complete_action_v1_20261001/local_hold_attempt_02/native_frames/opera_training_nursery_1280/0067.webp
AUDITDEV|FAIL|no changed audit-impact record covers audit/day_two_wash_complete_action_v1_20261001/local_hold_attempt_02/native_frames/opera_training_nursery_1280/0068.webp
AUDITDEV|FAIL|no changed audit-impact record covers audit/day_two_wash_complete_action_v1_20261001/local_hold_attempt_02/native_frames/opera_training_nursery_1280/0069.webp
AUDITDEV|FAIL|no changed audit-impact record covers audit/day_two_wash_complete_action_v1_20261001/local_hold_attempt_02/native_frames/opera_training_nursery_1280/0070.webp
AUDITDEV|FAIL|no changed audit-impact record covers audit/day_two_wash_complete_action_v1_20261001/local_hold_attempt_02/native_frames/opera_training_nursery_1280/0071.webp
AUDITDEV|FAIL|no changed audit-impact record covers audit/day_two_wash_complete_action_v1_20261001/local_hold_attempt_02/native_frames/opera_training_nursery_1280/0072.webp
AUDITDEV|FAIL|no changed audit-impact record covers audit/day_two_wash_complete_action_v1_20261001/local_hold_attempt_02/native_frames/opera_training_nursery_1280/0073.webp
AUDITDEV|FAIL|no changed audit-impact record covers audit/day_two_wash_complete_action_v1_20261001/local_hold_attempt_02/native_frames/opera_training_nursery_1280/0074.webp
AUDITDEV|FAIL|no changed audit-impact record covers audit/day_two_wash_complete_action_v1_20261001/local_hold_attempt_02/native_frames/opera_training_nursery_1280/0075.webp
AUDITDEV|FAIL|no changed audit-impact record covers audit/day_two_wash_complete_action_v1_20261001/local_hold_attempt_02/native_frames/opera_training_nursery_1280/0076.webp
AUDITDEV|FAIL|no changed audit-impact record covers audit/day_two_wash_complete_action_v1_20261001/local_hold_attempt_02/native_frames/opera_training_nursery_1280/0077.webp
AUDITDEV|FAIL|no changed audit-impact record covers audit/day_two_wash_complete_action_v1_20261001/local_hold_attempt_02/native_frames/opera_training_nursery_1280/0078.webp
AUDITDEV|FAIL|no changed audit-impact record covers audit/day_two_wash_complete_action_v1_20261001/local_hold_attempt_02/native_frames/opera_training_nursery_1280/0079.webp
AUDITDEV|FAIL|no changed audit-impact record covers audit/day_two_wash_complete_action_v1_20261001/local_hold_attempt_02/native_frames/opera_training_nursery_1280/0080.webp
AUDITDEV|FAIL|no changed audit-impact record covers audit/day_two_wash_complete_action_v1_20261001/local_hold_attempt_02/native_frames/opera_training_nursery_1280/0081.webp
AUDITDEV|FAIL|no changed audit-impact record covers audit/day_two_wash_complete_action_v1_20261001/local_hold_attempt_02/native_frames/opera_training_nursery_1280/0082.webp
AUDITDEV|FAIL|no changed audit-impact record covers audit/day_two_wash_complete_action_v1_20261001/local_hold_attempt_02/native_frames/opera_training_nursery_1280/0083.webp
AUDITDEV|FAIL|no changed audit-impact record covers audit/day_two_wash_complete_action_v1_20261001/local_hold_attempt_02/native_frames/opera_training_nursery_1280/0084.webp
AUDITDEV|FAIL|no changed audit-impact record covers audit/day_two_wash_complete_action_v1_20261001/local_hold_attempt_02/native_frames/opera_training_nursery_1280/0085.webp
AUDITDEV|FAIL|no changed audit-impact record covers audit/day_two_wash_complete_action_v1_20261001/local_hold_attempt_02/native_frames/opera_training_nursery_1280/0086.webp
AUDITDEV|FAIL|no changed audit-impact record covers audit/day_two_wash_complete_action_v1_20261001/local_hold_attempt_02/native_frames/opera_training_nursery_1280/0087.webp
AUDITDEV|FAIL|no changed audit-impact record covers audit/day_two_wash_complete_action_v1_20261001/local_hold_attempt_02/native_frames/opera_training_nursery_1280/0088.webp
AUDITDEV|FAIL|no changed audit-impact record covers audit/day_two_wash_complete_action_v1_20261001/local_hold_attempt_02/native_frames/opera_training_nursery_1280/0089.webp
AUDITDEV|FAIL|no changed audit-impact record covers audit/day_two_wash_complete_action_v1_20261001/local_hold_attempt_02/native_frames/opera_training_nursery_1280/0090.webp
AUDITDEV|FAIL|no changed audit-impact record covers audit/day_two_wash_complete_action_v1_20261001/local_hold_attempt_02/native_frames/opera_training_nursery_1280/0091.webp
AUDITDEV|FAIL|no changed audit-impact record covers audit/day_two_wash_complete_action_v1_20261001/local_hold_attempt_02/native_frames/opera_training_nursery_1280/0092.webp
AUDITDEV|FAIL|no changed audit-impact record covers audit/day_two_wash_complete_action_v1_20261001/local_hold_attempt_02/native_frames/opera_training_nursery_1280/0093.webp
AUDITDEV|FAIL|no changed audit-impact record covers audit/day_two_wash_complete_action_v1_20261001/local_hold_attempt_02/native_frames/opera_training_nursery_1280/0094.webp
AUDITDEV|FAIL|no changed audit-impact record covers audit/day_two_wash_complete_action_v1_20261001/local_hold_attempt_02/native_frames/opera_training_nursery_1280/0095.webp
AUDITDEV|FAIL|no changed audit-impact record covers audit/day_two_wash_complete_action_v1_20261001/local_hold_attempt_02/native_frames/opera_training_nursery_1280/0096.webp
AUDITDEV|FAIL|no changed audit-impact record covers audit/day_two_wash_complete_action_v1_20261001/local_hold_attempt_02/native_frames/opera_training_nursery_1280/0097.webp
AUDITDEV|FAIL|no changed audit-impact record covers audit/day_two_wash_complete_action_v1_20261001/local_hold_attempt_02/native_frames/opera_training_nursery_1280/0098.webp
AUDITDEV|FAIL|no changed audit-impact record covers audit/day_two_wash_complete_action_v1_20261001/local_hold_attempt_02/native_frames/opera_training_nursery_1280/0099.webp
AUDITDEV|FAIL|no changed audit-impact record covers audit/day_two_wash_complete_action_v1_20261001/local_hold_attempt_02/native_frames/opera_training_nursery_1280/0100.webp
AUDITDEV|FAIL|no changed audit-impact record covers audit/day_two_wash_complete_action_v1_20261001/local_hold_attempt_02/native_frames/opera_training_nursery_1280/0101.webp
AUDITDEV|FAIL|no changed audit-impact record covers audit/day_two_wash_complete_action_v1_20261001/local_hold_attempt_02/native_frames/opera_training_nursery_1280/0102.webp
AUDITDEV|FAIL|no changed audit-impact record covers audit/day_two_wash_complete_action_v1_20261001/local_hold_attempt_02/native_frames/opera_training_nursery_1280/0103.webp
AUDITDEV|FAIL|no changed audit-impact record covers audit/day_two_wash_complete_action_v1_20261001/local_hold_attempt_02/native_frames/opera_training_nursery_1280/0104.webp
AUDITDEV|FAIL|no changed audit-impact record covers audit/day_two_wash_complete_action_v1_20261001/local_hold_attempt_02/native_frames/opera_training_nursery_1280/0105.webp
AUDITDEV|FAIL|no changed audit-impact record covers audit/day_two_wash_complete_action_v1_20261001/local_hold_attempt_02/native_frames/opera_training_nursery_1280/0106.webp
AUDITDEV|FAIL|no changed audit-impact record covers audit/day_two_wash_complete_action_v1_20261001/local_hold_attempt_02/native_frames/opera_training_nursery_1280/0107.webp
AUDITDEV|FAIL|no changed audit-impact record covers audit/day_two_wash_complete_action_v1_20261001/local_hold_attempt_02/native_frames/opera_training_nursery_1280/0108.webp
AUDITDEV|FAIL|no changed audit-impact record covers audit/day_two_wash_complete_action_v1_20261001/local_hold_attempt_02/native_frames/opera_training_nursery_1280/0109.webp
AUDITDEV|FAIL|no changed audit-impact record covers audit/day_two_wash_complete_action_v1_20261001/local_hold_attempt_02/native_frames/opera_training_nursery_1280/0110.webp
AUDITDEV|FAIL|no changed audit-impact record covers audit/day_two_wash_complete_action_v1_20261001/local_hold_attempt_02/native_frames/opera_training_nursery_1280/0111.webp
AUDITDEV|FAIL|no changed audit-impact record covers audit/day_two_wash_complete_action_v1_20261001/local_hold_attempt_02/native_frames/opera_training_nursery_1280/0112.webp
AUDITDEV|FAIL|no changed audit-impact record covers audit/day_two_wash_complete_action_v1_20261001/local_hold_attempt_02/native_frames/opera_training_nursery_1280/0113.webp
AUDITDEV|FAIL|no changed audit-impact record covers audit/day_two_wash_complete_action_v1_20261001/local_hold_attempt_02/native_frames/opera_training_nursery_1280/0114.webp
AUDITDEV|FAIL|no changed audit-impact record covers audit/day_two_wash_complete_action_v1_20261001/local_hold_attempt_02/native_frames/opera_training_nursery_1280/0115.webp
AUDITDEV|FAIL|no changed audit-impact record covers audit/day_two_wash_complete_action_v1_20261001/local_hold_attempt_02/native_frames/opera_training_nursery_1280/0116.webp
AUDITDEV|FAIL|no changed audit-impact record covers audit/day_two_wash_complete_action_v1_20261001/local_hold_attempt_02/native_frames/opera_training_nursery_1280/0117.webp
AUDITDEV|FAIL|no changed audit-impact record covers audit/day_two_wash_complete_action_v1_20261001/local_hold_attempt_02/native_frames/opera_training_nursery_1280/0118.webp
AUDITDEV|FAIL|no changed audit-impact record covers audit/day_two_wash_complete_action_v1_20261001/local_hold_attempt_02/native_frames/opera_training_nursery_1280/0119.webp
AUDITDEV|FAIL|no changed audit-impact record covers audit/day_two_wash_complete_action_v1_20261001/local_hold_attempt_02/native_frames/opera_training_nursery_1280/0120.webp
AUDITDEV|FAIL|no changed audit-impact record covers audit/day_two_wash_complete_action_v1_20261001/local_hold_attempt_02/native_frames/opera_training_nursery_1280/0121.webp
AUDITDEV|FAIL|no changed audit-impact record covers audit/day_two_wash_complete_action_v1_20261001/local_hold_attempt_02/native_frames/opera_training_nursery_1280/0122.webp
AUDITDEV|FAIL|no changed audit-impact record covers audit/day_two_wash_complete_action_v1_20261001/local_hold_attempt_02/native_frames/opera_training_nursery_1280/0123.webp
AUDITDEV|FAIL|no changed audit-impact record covers audit/day_two_wash_complete_action_v1_20261001/local_hold_attempt_02/native_frames/opera_training_nursery_1280/0124.webp
AUDITDEV|FAIL|no changed audit-impact record covers audit/day_two_wash_complete_action_v1_20261001/local_hold_attempt_02/native_frames/opera_training_nursery_1280/0125.webp
AUDITDEV|FAIL|no changed audit-impact record covers audit/day_two_wash_complete_action_v1_20261001/local_hold_attempt_02/native_frames/opera_training_nursery_1280/0126.webp
AUDITDEV|FAIL|no changed audit-impact record covers audit/day_two_wash_complete_action_v1_20261001/local_hold_attempt_02/native_frames/opera_training_nursery_1280/0127.webp
AUDITDEV|FAIL|no changed audit-impact record covers audit/day_two_wash_complete_action_v1_20261001/local_hold_attempt_02/native_frames/opera_training_nursery_1280/0128.webp
AUDITDEV|FAIL|no changed audit-impact record covers audit/day_two_wash_complete_action_v1_20261001/local_hold_attempt_02/native_frames/opera_training_nursery_1280/0129.webp
AUDITDEV|FAIL|no changed audit-impact record covers audit/day_two_wash_complete_action_v1_20261001/local_hold_attempt_02/native_frames/opera_training_nursery_1280/0130.webp
AUDITDEV|FAIL|no changed audit-impact record covers audit/day_two_wash_complete_action_v1_20261001/local_hold_attempt_02/native_frames/opera_training_nursery_1280/0131.webp
AUDITDEV|FAIL|no changed audit-impact record covers audit/day_two_wash_complete_action_v1_20261001/local_hold_attempt_02/native_frames/opera_training_nursery_1280/0132.webp
AUDITDEV|FAIL|no changed audit-impact record covers audit/day_two_wash_complete_action_v1_20261001/local_hold_attempt_02/native_frames/opera_training_nursery_1280/0133.webp
AUDITDEV|FAIL|no changed audit-impact record covers audit/day_two_wash_complete_action_v1_20261001/local_hold_attempt_02/native_frames/opera_training_nursery_1280/0134.webp
AUDITDEV|FAIL|no changed audit-impact record covers audit/day_two_wash_complete_action_v1_20261001/local_hold_attempt_02/native_frames/opera_training_nursery_1280/0135.webp
AUDITDEV|FAIL|no changed audit-impact record covers audit/day_two_wash_complete_action_v1_20261001/local_hold_attempt_02/native_frames/opera_training_nursery_1280/0136.webp
AUDITDEV|FAIL|no changed audit-impact record covers audit/day_two_wash_complete_action_v1_20261001/local_hold_attempt_02/native_frames/opera_training_nursery_1280/0137.webp
AUDITDEV|FAIL|no changed audit-impact record covers audit/day_two_wash_complete_action_v1_20261001/local_hold_attempt_02/native_frames/opera_training_nursery_1280/0138.webp
AUDITDEV|FAIL|no changed audit-impact record covers audit/day_two_wash_complete_action_v1_20261001/local_hold_attempt_02/native_frames/opera_training_nursery_1280/0139.webp
AUDITDEV|FAIL|no changed audit-impact record covers audit/day_two_wash_complete_action_v1_20261001/local_hold_attempt_02/native_frames/opera_training_nursery_1280/0140.webp
AUDITDEV|FAIL|no changed audit-impact record covers audit/day_two_wash_complete_action_v1_20261001/local_hold_attempt_02/native_frames/opera_training_nursery_1280/0141.webp
AUDITDEV|FAIL|no changed audit-impact record covers audit/day_two_wash_complete_action_v1_20261001/local_hold_attempt_02/native_frames/opera_training_nursery_1280/0142.webp
AUDITDEV|FAIL|no changed audit-impact record covers audit/day_two_wash_complete_action_v1_20261001/local_hold_attempt_02/native_frames/opera_training_nursery_1280/0143.webp
AUDITDEV|FAIL|no changed audit-impact record covers audit/day_two_wash_complete_action_v1_20261001/local_hold_attempt_02/native_frames/opera_training_nursery_1280/0144.webp
AUDITDEV|FAIL|no changed audit-impact record covers audit/day_two_wash_complete_action_v1_20261001/local_hold_attempt_02/native_frames/opera_training_nursery_1280/0145.webp
AUDITDEV|FAIL|no changed audit-impact record covers audit/day_two_wash_complete_action_v1_20261001/local_hold_attempt_02/native_frames/opera_training_nursery_1280/0146.webp
AUDITDEV|FAIL|no changed audit-impact record covers audit/day_two_wash_complete_action_v1_20261001/local_hold_attempt_02/native_frames/opera_training_nursery_1280/0147.webp
AUDITDEV|FAIL|no changed audit-impact record covers audit/day_two_wash_complete_action_v1_20261001/local_hold_attempt_02/native_frames/opera_training_nursery_1280/0148.webp
AUDITDEV|FAIL|no changed audit-impact record covers audit/day_two_wash_complete_action_v1_20261001/local_hold_attempt_02/native_frames/opera_training_nursery_1280/0149.webp
AUDITDEV|FAIL|no changed audit-impact record covers audit/day_two_wash_complete_action_v1_20261001/local_hold_attempt_02/native_frames/opera_training_nursery_1280/0150.webp
AUDITDEV|FAIL|no changed audit-impact record covers audit/day_two_wash_complete_action_v1_20261001/local_hold_attempt_02/native_frames/opera_training_nursery_1280/0151.webp
AUDITDEV|FAIL|no changed audit-impact record covers audit/day_two_wash_complete_action_v1_20261001/local_hold_attempt_02/native_frames/opera_training_nursery_1280/0152.webp
AUDITDEV|FAIL|no changed audit-impact record covers audit/day_two_wash_complete_action_v1_20261001/local_hold_attempt_02/native_frames/opera_training_nursery_1280/0153.webp
AUDITDEV|FAIL|no changed audit-impact record covers audit/day_two_wash_complete_action_v1_20261001/local_hold_attempt_02/native_frames/opera_training_nursery_1280/0154.webp
AUDITDEV|FAIL|no changed audit-impact record covers audit/day_two_wash_complete_action_v1_20261001/local_hold_attempt_02/native_frames/opera_training_nursery_1280/0155.webp
AUDITDEV|FAIL|no changed audit-impact record covers audit/day_two_wash_complete_action_v1_20261001/local_hold_attempt_02/native_frames/opera_training_nursery_1280/0156.webp
AUDITDEV|FAIL|no changed audit-impact record covers audit/day_two_wash_complete_action_v1_20261001/local_hold_attempt_02/native_frames/opera_training_nursery_1280/0157.webp
AUDITDEV|FAIL|no changed audit-impact record covers audit/day_two_wash_complete_action_v1_20261001/local_hold_attempt_02/native_frames/opera_training_nursery_1280/0158.webp
AUDITDEV|FAIL|no changed audit-impact record covers audit/day_two_wash_complete_action_v1_20261001/local_hold_attempt_02/native_frames/opera_training_nursery_1280/0159.webp
AUDITDEV|FAIL|no changed audit-impact record covers audit/day_two_wash_complete_action_v1_20261001/local_hold_attempt_02/native_frames/opera_training_nursery_1280/0160.webp
AUDITDEV|FAIL|no changed audit-impact record covers audit/day_two_wash_complete_action_v1_20261001/local_hold_attempt_02/native_frames/opera_training_nursery_1280/0161.webp
AUDITDEV|FAIL|no changed audit-impact record covers audit/day_two_wash_complete_action_v1_20261001/local_hold_attempt_02/native_frames/opera_training_nursery_1280/0162.webp
AUDITDEV|FAIL|no changed audit-impact record covers audit/day_two_wash_complete_action_v1_20261001/local_hold_attempt_02/native_frames/opera_training_nursery_1280/0163.webp
AUDITDEV|FAIL|no changed audit-impact record covers audit/day_two_wash_complete_action_v1_20261001/local_hold_attempt_02/native_frames/opera_training_nursery_1280/0164.webp
AUDITDEV|FAIL|no changed audit-impact record covers audit/day_two_wash_complete_action_v1_20261001/local_hold_attempt_02/native_frames/opera_training_nursery_1280/0165.webp
AUDITDEV|FAIL|no changed audit-impact record covers audit/day_two_wash_complete_action_v1_20261001/local_hold_attempt_02/native_frames/opera_training_nursery_1280/0166.webp
AUDITDEV|FAIL|no changed audit-impact record covers audit/day_two_wash_complete_action_v1_20261001/local_hold_attempt_02/native_frames/opera_training_nursery_1280/0167.webp
AUDITDEV|FAIL|no changed audit-impact record covers audit/day_two_wash_complete_action_v1_20261001/local_hold_attempt_02/native_frames/opera_training_nursery_1280/0168.webp
AUDITDEV|FAIL|no changed audit-impact record covers audit/day_two_wash_complete_action_v1_20261001/local_hold_attempt_02/native_frames/opera_training_nursery_1280/0169.webp
AUDITDEV|FAIL|no changed audit-impact record covers audit/day_two_wash_complete_action_v1_20261001/local_hold_attempt_02/native_frames/opera_training_nursery_1280/0170.webp
AUDITDEV|FAIL|no changed audit-impact record covers audit/day_two_wash_complete_action_v1_20261001/local_hold_attempt_02/native_frames/opera_training_nursery_1280/0171.webp
AUDITDEV|FAIL|no changed audit-impact record covers audit/day_two_wash_complete_action_v1_20261001/local_hold_attempt_02/native_frames/opera_training_nursery_1280/0172.webp
AUDITDEV|FAIL|no changed audit-impact record covers audit/day_two_wash_complete_action_v1_20261001/local_hold_attempt_02/native_frames/opera_training_nursery_1280/0173.webp
AUDITDEV|FAIL|no changed audit-impact record covers audit/day_two_wash_complete_action_v1_20261001/local_hold_attempt_02/native_frames/opera_training_nursery_1280/0174.webp
AUDITDEV|FAIL|no changed audit-impact record covers audit/day_two_wash_complete_action_v1_20261001/local_hold_attempt_02/native_frames/opera_training_nursery_1280/0175.webp
AUDITDEV|FAIL|no changed audit-impact record covers audit/day_two_wash_complete_action_v1_20261001/local_hold_attempt_02/native_frames/opera_training_nursery_1280/0176.webp
AUDITDEV|FAIL|no changed audit-impact record covers audit/day_two_wash_complete_action_v1_20261001/local_hold_attempt_02/native_frames/opera_training_nursery_1280/0177.webp
AUDITDEV|FAIL|no changed audit-impact record covers audit/day_two_wash_complete_action_v1_20261001/local_hold_attempt_02/native_frames/opera_training_nursery_1280/0178.webp
AUDITDEV|FAIL|no changed audit-impact record covers audit/day_two_wash_complete_action_v1_20261001/local_hold_attempt_02/native_frames/opera_training_nursery_1280/0179.webp
AUDITDEV|FAIL|no changed audit-impact record covers audit/day_two_wash_complete_action_v1_20261001/local_hold_attempt_02/native_frames/opera_training_nursery_1280/0180.webp
AUDITDEV|FAIL|no changed audit-impact record covers audit/day_two_wash_complete_action_v1_20261001/local_hold_attempt_02/native_frames/opera_training_nursery_1280/0181.webp
AUDITDEV|FAIL|no changed audit-impact record covers audit/day_two_wash_complete_action_v1_20261001/local_hold_attempt_02/native_frames/opera_training_nursery_1280/0182.webp
AUDITDEV|FAIL|no changed audit-impact record covers audit/day_two_wash_complete_action_v1_20261001/local_hold_attempt_02/native_frames/opera_training_nursery_1280/0183.webp
AUDITDEV|FAIL|no changed audit-impact record covers audit/day_two_wash_complete_action_v1_20261001/local_hold_attempt_02/native_frames/opera_training_nursery_1280/0184.webp
AUDITDEV|FAIL|no changed audit-impact record covers audit/day_two_wash_complete_action_v1_20261001/local_hold_attempt_02/native_frames/opera_training_nursery_1280/0185.webp
AUDITDEV|FAIL|no changed audit-impact record covers audit/day_two_wash_complete_action_v1_20261001/local_hold_attempt_02/native_frames/opera_training_nursery_1280/0186.webp
AUDITDEV|FAIL|no changed audit-impact record covers audit/day_two_wash_complete_action_v1_20261001/local_hold_attempt_02/native_frames/opera_training_nursery_1600/0000.webp
AUDITDEV|FAIL|no changed audit-impact record covers audit/day_two_wash_complete_action_v1_20261001/local_hold_attempt_02/native_frames/opera_training_nursery_1600/0001.webp
AUDITDEV|FAIL|no changed audit-impact record covers audit/day_two_wash_complete_action_v1_20261001/local_hold_attempt_02/native_frames/opera_training_nursery_1600/0002.webp
AUDITDEV|FAIL|no changed audit-impact record covers audit/day_two_wash_complete_action_v1_20261001/local_hold_attempt_02/native_frames/opera_training_nursery_1600/0003.webp
AUDITDEV|FAIL|no changed audit-impact record covers audit/day_two_wash_complete_action_v1_20261001/local_hold_attempt_02/native_frames/opera_training_nursery_1600/0004.webp
AUDITDEV|FAIL|no changed audit-impact record covers audit/day_two_wash_complete_action_v1_20261001/local_hold_attempt_02/native_frames/opera_training_nursery_1600/0005.webp
AUDITDEV|FAIL|no changed audit-impact record covers audit/day_two_wash_complete_action_v1_20261001/local_hold_attempt_02/native_frames/opera_training_nursery_1600/0006.webp
AUDITDEV|FAIL|no changed audit-impact record covers audit/day_two_wash_complete_action_v1_20261001/local_hold_attempt_02/native_frames/opera_training_nursery_1600/0007.webp
AUDITDEV|FAIL|no changed audit-impact record covers audit/day_two_wash_complete_action_v1_20261001/local_hold_attempt_02/native_frames/opera_training_nursery_1600/0008.webp
AUDITDEV|FAIL|no changed audit-impact record covers audit/day_two_wash_complete_action_v1_20261001/local_hold_attempt_02/native_frames/opera_training_nursery_1600/0009.webp
AUDITDEV|FAIL|no changed audit-impact record covers audit/day_two_wash_complete_action_v1_20261001/local_hold_attempt_02/native_frames/opera_training_nursery_1600/0010.webp
AUDITDEV|FAIL|no changed audit-impact record covers audit/day_two_wash_complete_action_v1_20261001/local_hold_attempt_02/native_frames/opera_training_nursery_1600/0011.webp
AUDITDEV|FAIL|no changed audit-impact record covers audit/day_two_wash_complete_action_v1_20261001/local_hold_attempt_02/native_frames/opera_training_nursery_1600/0012.webp
AUDITDEV|FAIL|no changed audit-impact record covers audit/day_two_wash_complete_action_v1_20261001/local_hold_attempt_02/native_frames/opera_training_nursery_1600/0013.webp
AUDITDEV|FAIL|no changed audit-impact record covers audit/day_two_wash_complete_action_v1_20261001/local_hold_attempt_02/native_frames/opera_training_nursery_1600/0014.webp
AUDITDEV|FAIL|no changed audit-impact record covers audit/day_two_wash_complete_action_v1_20261001/local_hold_attempt_02/native_frames/opera_training_nursery_1600/0015.webp
AUDITDEV|FAIL|no changed audit-impact record covers audit/day_two_wash_complete_action_v1_20261001/local_hold_attempt_02/native_frames/opera_training_nursery_1600/0016.webp
AUDITDEV|FAIL|no changed audit-impact record covers audit/day_two_wash_complete_action_v1_20261001/local_hold_attempt_02/native_frames/opera_training_nursery_1600/0017.webp
AUDITDEV|FAIL|no changed audit-impact record covers audit/day_two_wash_complete_action_v1_20261001/local_hold_attempt_02/native_frames/opera_training_nursery_1600/0018.webp
AUDITDEV|FAIL|no changed audit-impact record covers audit/day_two_wash_complete_action_v1_20261001/local_hold_attempt_02/native_frames/opera_training_nursery_1600/0019.webp
AUDITDEV|FAIL|no changed audit-impact record covers audit/day_two_wash_complete_action_v1_20261001/local_hold_attempt_02/native_frames/opera_training_nursery_1600/0020.webp
AUDITDEV|FAIL|no changed audit-impact record covers audit/day_two_wash_complete_action_v1_20261001/local_hold_attempt_02/native_frames/opera_training_nursery_1600/0021.webp
AUDITDEV|FAIL|no changed audit-impact record covers audit/day_two_wash_complete_action_v1_20261001/local_hold_attempt_02/native_frames/opera_training_nursery_1600/0022.webp
AUDITDEV|FAIL|no changed audit-impact record covers audit/day_two_wash_complete_action_v1_20261001/local_hold_attempt_02/native_frames/opera_training_nursery_1600/0023.webp
AUDITDEV|FAIL|no changed audit-impact record covers audit/day_two_wash_complete_action_v1_20261001/local_hold_attempt_02/native_frames/opera_training_nursery_1600/0024.webp
AUDITDEV|FAIL|no changed audit-impact record covers audit/day_two_wash_complete_action_v1_20261001/local_hold_attempt_02/native_frames/opera_training_nursery_1600/0025.webp
AUDITDEV|FAIL|no changed audit-impact record covers audit/day_two_wash_complete_action_v1_20261001/local_hold_attempt_02/native_frames/opera_training_nursery_1600/0026.webp
AUDITDEV|FAIL|no changed audit-impact record covers audit/day_two_wash_complete_action_v1_20261001/local_hold_attempt_02/native_frames/opera_training_nursery_1600/0027.webp
AUDITDEV|FAIL|no changed audit-impact record covers audit/day_two_wash_complete_action_v1_20261001/local_hold_attempt_02/native_frames/opera_training_nursery_1600/0028.webp
AUDITDEV|FAIL|no changed audit-impact record covers audit/day_two_wash_complete_action_v1_20261001/local_hold_attempt_02/native_frames/opera_training_nursery_1600/0029.webp
AUDITDEV|FAIL|no changed audit-impact record covers audit/day_two_wash_complete_action_v1_20261001/local_hold_attempt_02/native_frames/opera_training_nursery_1600/0030.webp
AUDITDEV|FAIL|no changed audit-impact record covers audit/day_two_wash_complete_action_v1_20261001/local_hold_attempt_02/native_frames/opera_training_nursery_1600/0031.webp
AUDITDEV|FAIL|no changed audit-impact record covers audit/day_two_wash_complete_action_v1_20261001/local_hold_attempt_02/native_frames/opera_training_nursery_1600/0032.webp
AUDITDEV|FAIL|no changed audit-impact record covers audit/day_two_wash_complete_action_v1_20261001/local_hold_attempt_02/native_frames/opera_training_nursery_1600/0033.webp
AUDITDEV|FAIL|no changed audit-impact record covers audit/day_two_wash_complete_action_v1_20261001/local_hold_attempt_02/native_frames/opera_training_nursery_1600/0034.webp
AUDITDEV|FAIL|no changed audit-impact record covers audit/day_two_wash_complete_action_v1_20261001/local_hold_attempt_02/native_frames/opera_training_nursery_1600/0035.webp
AUDITDEV|FAIL|no changed audit-impact record covers audit/day_two_wash_complete_action_v1_20261001/local_hold_attempt_02/native_frames/opera_training_nursery_1600/0036.webp
AUDITDEV|FAIL|no changed audit-impact record covers audit/day_two_wash_complete_action_v1_20261001/local_hold_attempt_02/native_frames/opera_training_nursery_1600/0037.webp
AUDITDEV|FAIL|no changed audit-impact record covers audit/day_two_wash_complete_action_v1_20261001/local_hold_attempt_02/native_frames/opera_training_nursery_1600/0038.webp
AUDITDEV|FAIL|no changed audit-impact record covers audit/day_two_wash_complete_action_v1_20261001/local_hold_attempt_02/native_frames/opera_training_nursery_1600/0039.webp
AUDITDEV|FAIL|no changed audit-impact record covers audit/day_two_wash_complete_action_v1_20261001/local_hold_attempt_02/native_frames/opera_training_nursery_1600/0040.webp
AUDITDEV|FAIL|no changed audit-impact record covers audit/day_two_wash_complete_action_v1_20261001/local_hold_attempt_02/native_frames/opera_training_nursery_1600/0041.webp
AUDITDEV|FAIL|no changed audit-impact record covers audit/day_two_wash_complete_action_v1_20261001/local_hold_attempt_02/native_frames/opera_training_nursery_1600/0042.webp
AUDITDEV|FAIL|no changed audit-impact record covers audit/day_two_wash_complete_action_v1_20261001/local_hold_attempt_02/native_frames/opera_training_nursery_1600/0043.webp
AUDITDEV|FAIL|no changed audit-impact record covers audit/day_two_wash_complete_action_v1_20261001/local_hold_attempt_02/native_frames/opera_training_nursery_1600/0044.webp
AUDITDEV|FAIL|no changed audit-impact record covers audit/day_two_wash_complete_action_v1_20261001/local_hold_attempt_02/native_frames/opera_training_nursery_1600/0045.webp
AUDITDEV|FAIL|no changed audit-impact record covers audit/day_two_wash_complete_action_v1_20261001/local_hold_attempt_02/native_frames/opera_training_nursery_1600/0046.webp
AUDITDEV|FAIL|no changed audit-impact record covers audit/day_two_wash_complete_action_v1_20261001/local_hold_attempt_02/native_frames/opera_training_nursery_1600/0047.webp
AUDITDEV|FAIL|no changed audit-impact record covers audit/day_two_wash_complete_action_v1_20261001/local_hold_attempt_02/native_frames/opera_training_nursery_1600/0048.webp
AUDITDEV|FAIL|no changed audit-impact record covers audit/day_two_wash_complete_action_v1_20261001/local_hold_attempt_02/native_frames/opera_training_nursery_1600/0049.webp
AUDITDEV|FAIL|no changed audit-impact record covers audit/day_two_wash_complete_action_v1_20261001/local_hold_attempt_02/native_frames/opera_training_nursery_1600/0050.webp
AUDITDEV|FAIL|no changed audit-impact record covers audit/day_two_wash_complete_action_v1_20261001/local_hold_attempt_02/native_frames/opera_training_nursery_1600/0051.webp
AUDITDEV|FAIL|no changed audit-impact record covers audit/day_two_wash_complete_action_v1_20261001/local_hold_attempt_02/native_frames/opera_training_nursery_1600/0052.webp
AUDITDEV|FAIL|no changed audit-impact record covers audit/day_two_wash_complete_action_v1_20261001/local_hold_attempt_02/native_frames/opera_training_nursery_1600/0053.webp
AUDITDEV|FAIL|no changed audit-impact record covers audit/day_two_wash_complete_action_v1_20261001/local_hold_attempt_02/native_frames/opera_training_nursery_1600/0054.webp
AUDITDEV|FAIL|no changed audit-impact record covers audit/day_two_wash_complete_action_v1_20261001/local_hold_attempt_02/native_frames/opera_training_nursery_1600/0055.webp
AUDITDEV|FAIL|no changed audit-impact record covers audit/day_two_wash_complete_action_v1_20261001/local_hold_attempt_02/native_frames/opera_training_nursery_1600/0056.webp
AUDITDEV|FAIL|no changed audit-impact record covers audit/day_two_wash_complete_action_v1_20261001/local_hold_attempt_02/native_frames/opera_training_nursery_1600/0057.webp
AUDITDEV|FAIL|no changed audit-impact record covers audit/day_two_wash_complete_action_v1_20261001/local_hold_attempt_02/native_frames/opera_training_nursery_1600/0058.webp
AUDITDEV|FAIL|no changed audit-impact record covers audit/day_two_wash_complete_action_v1_20261001/local_hold_attempt_02/native_frames/opera_training_nursery_1600/0059.webp
AUDITDEV|FAIL|no changed audit-impact record covers audit/day_two_wash_complete_action_v1_20261001/local_hold_attempt_02/native_frames/opera_training_nursery_1600/0060.webp
AUDITDEV|FAIL|no changed audit-impact record covers audit/day_two_wash_complete_action_v1_20261001/local_hold_attempt_02/native_frames/opera_training_nursery_1600/0061.webp
AUDITDEV|FAIL|no changed audit-impact record covers audit/day_two_wash_complete_action_v1_20261001/local_hold_attempt_02/native_frames/opera_training_nursery_1600/0062.webp
AUDITDEV|FAIL|no changed audit-impact record covers audit/day_two_wash_complete_action_v1_20261001/local_hold_attempt_02/native_frames/opera_training_nursery_1600/0063.webp
AUDITDEV|FAIL|no changed audit-impact record covers audit/day_two_wash_complete_action_v1_20261001/local_hold_attempt_02/native_frames/opera_training_nursery_1600/0064.webp
AUDITDEV|FAIL|no changed audit-impact record covers audit/day_two_wash_complete_action_v1_20261001/local_hold_attempt_02/native_frames/opera_training_nursery_1600/0065.webp
AUDITDEV|FAIL|no changed audit-impact record covers audit/day_two_wash_complete_action_v1_20261001/local_hold_attempt_02/native_frames/opera_training_nursery_1600/0066.webp
AUDITDEV|FAIL|no changed audit-impact record covers audit/day_two_wash_complete_action_v1_20261001/local_hold_attempt_02/native_frames/opera_training_nursery_1600/0067.webp
AUDITDEV|FAIL|no changed audit-impact record covers audit/day_two_wash_complete_action_v1_20261001/local_hold_attempt_02/native_frames/opera_training_nursery_1600/0068.webp
AUDITDEV|FAIL|no changed audit-impact record covers audit/day_two_wash_complete_action_v1_20261001/local_hold_attempt_02/native_frames/opera_training_nursery_1600/0069.webp
AUDITDEV|FAIL|no changed audit-impact record covers audit/day_two_wash_complete_action_v1_20261001/local_hold_attempt_02/native_frames/opera_training_nursery_1600/0070.webp
AUDITDEV|FAIL|no changed audit-impact record covers audit/day_two_wash_complete_action_v1_20261001/local_hold_attempt_02/native_frames/opera_training_nursery_1600/0071.webp
AUDITDEV|FAIL|no changed audit-impact record covers audit/day_two_wash_complete_action_v1_20261001/local_hold_attempt_02/native_frames/opera_training_nursery_1600/0072.webp
AUDITDEV|FAIL|no changed audit-impact record covers audit/day_two_wash_complete_action_v1_20261001/local_hold_attempt_02/native_frames/opera_training_nursery_1600/0073.webp
AUDITDEV|FAIL|no changed audit-impact record covers audit/day_two_wash_complete_action_v1_20261001/local_hold_attempt_02/native_frames/opera_training_nursery_1600/0074.webp
AUDITDEV|FAIL|no changed audit-impact record covers audit/day_two_wash_complete_action_v1_20261001/local_hold_attempt_02/native_frames/opera_training_nursery_1600/0075.webp
AUDITDEV|FAIL|no changed audit-impact record covers audit/day_two_wash_complete_action_v1_20261001/local_hold_attempt_02/native_frames/opera_training_nursery_1600/0076.webp
AUDITDEV|FAIL|no changed audit-impact record covers audit/day_two_wash_complete_action_v1_20261001/local_hold_attempt_02/native_frames/opera_training_nursery_1600/0077.webp
AUDITDEV|FAIL|no changed audit-impact record covers audit/day_two_wash_complete_action_v1_20261001/local_hold_attempt_02/native_frames/opera_training_nursery_1600/0078.webp
AUDITDEV|FAIL|no changed audit-impact record covers audit/day_two_wash_complete_action_v1_20261001/local_hold_attempt_02/native_frames/opera_training_nursery_1600/0079.webp
AUDITDEV|FAIL|no changed audit-impact record covers audit/day_two_wash_complete_action_v1_20261001/local_hold_attempt_02/native_frames/opera_training_nursery_1600/0080.webp
AUDITDEV|FAIL|no changed audit-impact record covers audit/day_two_wash_complete_action_v1_20261001/local_hold_attempt_02/native_frames/opera_training_nursery_1600/0081.webp
AUDITDEV|FAIL|no changed audit-impact record covers audit/day_two_wash_complete_action_v1_20261001/local_hold_attempt_02/native_frames/opera_training_nursery_1600/0082.webp
AUDITDEV|FAIL|no changed audit-impact record covers audit/day_two_wash_complete_action_v1_20261001/local_hold_attempt_02/native_frames/opera_training_nursery_1600/0083.webp
AUDITDEV|FAIL|no changed audit-impact record covers audit/day_two_wash_complete_action_v1_20261001/local_hold_attempt_02/native_frames/opera_training_nursery_1600/0084.webp
AUDITDEV|FAIL|no changed audit-impact record covers audit/day_two_wash_complete_action_v1_20261001/local_hold_attempt_02/native_frames/opera_training_nursery_1600/0085.webp
AUDITDEV|FAIL|no changed audit-impact record covers audit/day_two_wash_complete_action_v1_20261001/local_hold_attempt_02/native_frames/opera_training_nursery_1600/0086.webp
AUDITDEV|FAIL|no changed audit-impact record covers audit/day_two_wash_complete_action_v1_20261001/local_hold_attempt_02/native_frames/opera_training_nursery_1600/0087.webp
AUDITDEV|FAIL|no changed audit-impact record covers audit/day_two_wash_complete_action_v1_20261001/local_hold_attempt_02/native_frames/opera_training_nursery_1600/0088.webp
AUDITDEV|FAIL|no changed audit-impact record covers audit/day_two_wash_complete_action_v1_20261001/local_hold_attempt_02/native_frames/opera_training_nursery_1600/0089.webp
AUDITDEV|FAIL|no changed audit-impact record covers audit/day_two_wash_complete_action_v1_20261001/local_hold_attempt_02/native_frames/opera_training_nursery_1600/0090.webp
AUDITDEV|FAIL|no changed audit-impact record covers audit/day_two_wash_complete_action_v1_20261001/local_hold_attempt_02/native_frames/opera_training_nursery_1600/0091.webp
AUDITDEV|FAIL|no changed audit-impact record covers audit/day_two_wash_complete_action_v1_20261001/local_hold_attempt_02/native_frames/opera_training_nursery_1600/0092.webp
AUDITDEV|FAIL|no changed audit-impact record covers audit/day_two_wash_complete_action_v1_20261001/local_hold_attempt_02/native_frames/opera_training_nursery_1600/0093.webp
AUDITDEV|FAIL|no changed audit-impact record covers audit/day_two_wash_complete_action_v1_20261001/local_hold_attempt_02/native_frames/opera_training_nursery_1600/0094.webp
AUDITDEV|FAIL|no changed audit-impact record covers audit/day_two_wash_complete_action_v1_20261001/local_hold_attempt_02/native_frames/opera_training_nursery_1600/0095.webp
AUDITDEV|FAIL|no changed audit-impact record covers audit/day_two_wash_complete_action_v1_20261001/local_hold_attempt_02/native_frames/opera_training_nursery_1600/0096.webp
AUDITDEV|FAIL|no changed audit-impact record covers audit/day_two_wash_complete_action_v1_20261001/local_hold_attempt_02/native_frames/opera_training_nursery_1600/0097.webp
AUDITDEV|FAIL|no changed audit-impact record covers audit/day_two_wash_complete_action_v1_20261001/local_hold_attempt_02/native_frames/opera_training_nursery_1600/0098.webp
AUDITDEV|FAIL|no changed audit-impact record covers audit/day_two_wash_complete_action_v1_20261001/local_hold_attempt_02/native_frames/opera_training_nursery_1600/0099.webp
AUDITDEV|FAIL|no changed audit-impact record covers audit/day_two_wash_complete_action_v1_20261001/local_hold_attempt_02/native_frames/opera_training_nursery_1600/0100.webp
AUDITDEV|FAIL|no changed audit-impact record covers audit/day_two_wash_complete_action_v1_20261001/local_hold_attempt_02/native_frames/opera_training_nursery_1600/0101.webp
AUDITDEV|FAIL|no changed audit-impact record covers audit/day_two_wash_complete_action_v1_20261001/local_hold_attempt_02/native_frames/opera_training_nursery_1600/0102.webp
AUDITDEV|FAIL|no changed audit-impact record covers audit/day_two_wash_complete_action_v1_20261001/local_hold_attempt_02/native_frames/opera_training_nursery_1600/0103.webp
AUDITDEV|FAIL|no changed audit-impact record covers audit/day_two_wash_complete_action_v1_20261001/local_hold_attempt_02/native_frames/opera_training_nursery_1600/0104.webp
AUDITDEV|FAIL|no changed audit-impact record covers audit/day_two_wash_complete_action_v1_20261001/local_hold_attempt_02/native_frames/opera_training_nursery_1600/0105.webp
AUDITDEV|FAIL|no changed audit-impact record covers audit/day_two_wash_complete_action_v1_20261001/local_hold_attempt_02/native_frames/opera_training_nursery_1600/0106.webp
AUDITDEV|FAIL|no changed audit-impact record covers audit/day_two_wash_complete_action_v1_20261001/local_hold_attempt_02/native_frames/opera_training_nursery_1600/0107.webp
AUDITDEV|FAIL|no changed audit-impact record covers audit/day_two_wash_complete_action_v1_20261001/local_hold_attempt_02/native_frames/opera_training_nursery_1600/0108.webp
AUDITDEV|FAIL|no changed audit-impact record covers audit/day_two_wash_complete_action_v1_20261001/local_hold_attempt_02/native_frames/opera_training_nursery_1600/0109.webp
AUDITDEV|FAIL|no changed audit-impact record covers audit/day_two_wash_complete_action_v1_20261001/local_hold_attempt_02/native_frames/opera_training_nursery_1600/0110.webp
AUDITDEV|FAIL|no changed audit-impact record covers audit/day_two_wash_complete_action_v1_20261001/local_hold_attempt_02/native_frames/opera_training_nursery_1600/0111.webp
AUDITDEV|FAIL|no changed audit-impact record covers audit/day_two_wash_complete_action_v1_20261001/local_hold_attempt_02/native_frames/opera_training_nursery_1600/0112.webp
AUDITDEV|FAIL|no changed audit-impact record covers audit/day_two_wash_complete_action_v1_20261001/local_hold_attempt_02/native_frames/opera_training_nursery_1600/0113.webp
AUDITDEV|FAIL|no changed audit-impact record covers audit/day_two_wash_complete_action_v1_20261001/local_hold_attempt_02/native_frames/opera_training_nursery_1600/0114.webp
AUDITDEV|FAIL|no changed audit-impact record covers audit/day_two_wash_complete_action_v1_20261001/local_hold_attempt_02/native_frames/opera_training_nursery_1600/0115.webp
AUDITDEV|FAIL|no changed audit-impact record covers audit/day_two_wash_complete_action_v1_20261001/local_hold_attempt_02/native_frames/opera_training_nursery_1600/0116.webp
AUDITDEV|FAIL|no changed audit-impact record covers audit/day_two_wash_complete_action_v1_20261001/local_hold_attempt_02/native_frames/opera_training_nursery_1600/0117.webp
AUDITDEV|FAIL|no changed audit-impact record covers audit/day_two_wash_complete_action_v1_20261001/local_hold_attempt_02/native_frames/opera_training_nursery_1600/0118.webp
AUDITDEV|FAIL|no changed audit-impact record covers audit/day_two_wash_complete_action_v1_20261001/local_hold_attempt_02/native_frames/opera_training_nursery_1600/0119.webp
AUDITDEV|FAIL|no changed audit-impact record covers audit/day_two_wash_complete_action_v1_20261001/local_hold_attempt_02/native_frames/opera_training_nursery_1600/0120.webp
AUDITDEV|FAIL|no changed audit-impact record covers audit/day_two_wash_complete_action_v1_20261001/local_hold_attempt_02/native_frames/opera_training_nursery_1600/0121.webp
AUDITDEV|FAIL|no changed audit-impact record covers audit/day_two_wash_complete_action_v1_20261001/local_hold_attempt_02/native_frames/opera_training_nursery_1600/0122.webp
AUDITDEV|FAIL|no changed audit-impact record covers audit/day_two_wash_complete_action_v1_20261001/local_hold_attempt_02/native_frames/opera_training_nursery_1600/0123.webp
AUDITDEV|FAIL|no changed audit-impact record covers audit/day_two_wash_complete_action_v1_20261001/local_hold_attempt_02/native_frames/opera_training_nursery_1600/0124.webp
AUDITDEV|FAIL|no changed audit-impact record covers audit/day_two_wash_complete_action_v1_20261001/local_hold_attempt_02/native_frames/opera_training_nursery_1600/0125.webp
AUDITDEV|FAIL|no changed audit-impact record covers audit/day_two_wash_complete_action_v1_20261001/local_hold_attempt_02/native_frames/opera_training_nursery_1600/0126.webp
AUDITDEV|FAIL|no changed audit-impact record covers audit/day_two_wash_complete_action_v1_20261001/local_hold_attempt_02/native_frames/opera_training_nursery_1600/0127.webp
AUDITDEV|FAIL|no changed audit-impact record covers audit/day_two_wash_complete_action_v1_20261001/local_hold_attempt_02/native_frames/opera_training_nursery_1600/0128.webp
AUDITDEV|FAIL|no changed audit-impact record covers audit/day_two_wash_complete_action_v1_20261001/local_hold_attempt_02/native_frames/opera_training_nursery_1600/0129.webp
AUDITDEV|FAIL|no changed audit-impact record covers audit/day_two_wash_complete_action_v1_20261001/local_hold_attempt_02/native_frames/opera_training_nursery_1600/0130.webp
AUDITDEV|FAIL|no changed audit-impact record covers audit/day_two_wash_complete_action_v1_20261001/local_hold_attempt_02/native_frames/opera_training_nursery_1600/0131.webp
AUDITDEV|FAIL|no changed audit-impact record covers audit/day_two_wash_complete_action_v1_20261001/local_hold_attempt_02/native_frames/opera_training_nursery_1600/0132.webp
AUDITDEV|FAIL|no changed audit-impact record covers audit/day_two_wash_complete_action_v1_20261001/local_hold_attempt_02/native_frames/opera_training_nursery_1600/0133.webp
AUDITDEV|FAIL|no changed audit-impact record covers audit/day_two_wash_complete_action_v1_20261001/local_hold_attempt_02/native_frames/opera_training_nursery_1600/0134.webp
AUDITDEV|FAIL|no changed audit-impact record covers audit/day_two_wash_complete_action_v1_20261001/local_hold_attempt_02/native_frames/opera_training_nursery_1600/0135.webp
AUDITDEV|FAIL|no changed audit-impact record covers audit/day_two_wash_complete_action_v1_20261001/local_hold_attempt_02/native_frames/opera_training_nursery_1600/0136.webp
AUDITDEV|FAIL|no changed audit-impact record covers audit/day_two_wash_complete_action_v1_20261001/local_hold_attempt_02/native_frames/opera_training_nursery_1600/0137.webp
AUDITDEV|FAIL|no changed audit-impact record covers audit/day_two_wash_complete_action_v1_20261001/local_hold_attempt_02/native_frames/opera_training_nursery_1600/0138.webp
AUDITDEV|FAIL|no changed audit-impact record covers audit/day_two_wash_complete_action_v1_20261001/local_hold_attempt_02/native_frames/opera_training_nursery_1600/0139.webp
AUDITDEV|FAIL|no changed audit-impact record covers audit/day_two_wash_complete_action_v1_20261001/local_hold_attempt_02/native_frames/opera_training_nursery_1600/0140.webp
AUDITDEV|FAIL|no changed audit-impact record covers audit/day_two_wash_complete_action_v1_20261001/local_hold_attempt_02/native_frames/opera_training_nursery_1600/0141.webp
AUDITDEV|FAIL|no changed audit-impact record covers audit/day_two_wash_complete_action_v1_20261001/local_hold_attempt_02/native_frames/opera_training_nursery_1600/0142.webp
AUDITDEV|FAIL|no changed audit-impact record covers audit/day_two_wash_complete_action_v1_20261001/local_hold_attempt_02/native_frames/opera_training_nursery_1600/0143.webp
AUDITDEV|FAIL|no changed audit-impact record covers audit/day_two_wash_complete_action_v1_20261001/local_hold_attempt_02/native_frames/opera_training_nursery_1600/0144.webp
AUDITDEV|FAIL|no changed audit-impact record covers audit/day_two_wash_complete_action_v1_20261001/local_hold_attempt_02/native_frames/opera_training_nursery_1600/0145.webp
AUDITDEV|FAIL|no changed audit-impact record covers audit/day_two_wash_complete_action_v1_20261001/local_hold_attempt_02/native_frames/opera_training_nursery_1600/0146.webp
AUDITDEV|FAIL|no changed audit-impact record covers audit/day_two_wash_complete_action_v1_20261001/local_hold_attempt_02/native_frames/opera_training_nursery_1600/0147.webp
AUDITDEV|FAIL|no changed audit-impact record covers audit/day_two_wash_complete_action_v1_20261001/local_hold_attempt_02/native_frames/opera_training_nursery_1600/0148.webp
AUDITDEV|FAIL|no changed audit-impact record covers audit/day_two_wash_complete_action_v1_20261001/local_hold_attempt_02/native_frames/opera_training_nursery_1600/0149.webp
AUDITDEV|FAIL|no changed audit-impact record covers audit/day_two_wash_complete_action_v1_20261001/local_hold_attempt_02/native_frames/opera_training_nursery_1600/0150.webp
AUDITDEV|FAIL|no changed audit-impact record covers audit/day_two_wash_complete_action_v1_20261001/local_hold_attempt_02/native_frames/opera_training_nursery_1600/0151.webp
AUDITDEV|FAIL|no changed audit-impact record covers audit/day_two_wash_complete_action_v1_20261001/local_hold_attempt_02/native_frames/opera_training_nursery_1600/0152.webp
AUDITDEV|FAIL|no changed audit-impact record covers audit/day_two_wash_complete_action_v1_20261001/local_hold_attempt_02/native_frames/opera_training_nursery_1600/0153.webp
AUDITDEV|FAIL|no changed audit-impact record covers audit/day_two_wash_complete_action_v1_20261001/local_hold_attempt_02/native_frames/opera_training_nursery_1600/0154.webp
AUDITDEV|FAIL|no changed audit-impact record covers audit/day_two_wash_complete_action_v1_20261001/local_hold_attempt_02/native_frames/opera_training_nursery_1600/0155.webp
AUDITDEV|FAIL|no changed audit-impact record covers audit/day_two_wash_complete_action_v1_20261001/local_hold_attempt_02/native_frames/opera_training_nursery_1600/0156.webp
AUDITDEV|FAIL|no changed audit-impact record covers audit/day_two_wash_complete_action_v1_20261001/local_hold_attempt_02/native_frames/opera_training_nursery_1600/0157.webp
AUDITDEV|FAIL|no changed audit-impact record covers audit/day_two_wash_complete_action_v1_20261001/local_hold_attempt_02/native_frames/opera_training_nursery_1600/0158.webp
AUDITDEV|FAIL|no changed audit-impact record covers audit/day_two_wash_complete_action_v1_20261001/local_hold_attempt_02/native_frames/opera_training_nursery_1600/0159.webp
AUDITDEV|FAIL|no changed audit-impact record covers audit/day_two_wash_complete_action_v1_20261001/local_hold_attempt_02/native_frames/opera_training_nursery_1600/0160.webp
AUDITDEV|FAIL|no changed audit-impact record covers audit/day_two_wash_complete_action_v1_20261001/local_hold_attempt_02/native_frames/opera_training_nursery_1600/0161.webp
AUDITDEV|FAIL|no changed audit-impact record covers audit/day_two_wash_complete_action_v1_20261001/local_hold_attempt_02/native_frames/opera_training_nursery_1600/0162.webp
AUDITDEV|FAIL|no changed audit-impact record covers audit/day_two_wash_complete_action_v1_20261001/local_hold_attempt_02/native_frames/opera_training_nursery_1600/0163.webp
AUDITDEV|FAIL|no changed audit-impact record covers audit/day_two_wash_complete_action_v1_20261001/local_hold_attempt_02/native_frames/opera_training_nursery_1600/0164.webp
AUDITDEV|FAIL|no changed audit-impact record covers audit/day_two_wash_complete_action_v1_20261001/local_hold_attempt_02/native_frames/opera_training_nursery_1600/0165.webp
AUDITDEV|FAIL|no changed audit-impact record covers audit/day_two_wash_complete_action_v1_20261001/local_hold_attempt_02/native_frames/opera_training_nursery_1600/0166.webp
AUDITDEV|FAIL|no changed audit-impact record covers audit/day_two_wash_complete_action_v1_20261001/local_hold_attempt_02/native_frames/opera_training_nursery_1600/0167.webp
AUDITDEV|FAIL|no changed audit-impact record covers audit/day_two_wash_complete_action_v1_20261001/local_hold_attempt_02/native_frames/opera_training_nursery_1600/0168.webp
AUDITDEV|FAIL|no changed audit-impact record covers audit/day_two_wash_complete_action_v1_20261001/local_hold_attempt_02/native_frames/opera_training_nursery_1600/0169.webp
AUDITDEV|FAIL|no changed audit-impact record covers audit/day_two_wash_complete_action_v1_20261001/local_hold_attempt_02/native_frames/opera_training_nursery_1600/0170.webp
AUDITDEV|FAIL|no changed audit-impact record covers audit/day_two_wash_complete_action_v1_20261001/local_hold_attempt_02/native_frames/opera_training_nursery_1600/0171.webp
AUDITDEV|FAIL|no changed audit-impact record covers audit/day_two_wash_complete_action_v1_20261001/local_hold_attempt_02/native_frames/opera_training_nursery_1600/0172.webp
AUDITDEV|FAIL|no changed audit-impact record covers audit/day_two_wash_complete_action_v1_20261001/local_hold_attempt_02/native_frames/opera_training_nursery_1600/0173.webp
AUDITDEV|FAIL|no changed audit-impact record covers audit/day_two_wash_complete_action_v1_20261001/local_hold_attempt_02/native_frames/opera_training_nursery_1600/0174.webp
AUDITDEV|FAIL|no changed audit-impact record covers audit/day_two_wash_complete_action_v1_20261001/local_hold_attempt_02/native_frames/opera_training_nursery_1600/0175.webp
AUDITDEV|FAIL|no changed audit-impact record covers audit/day_two_wash_complete_action_v1_20261001/local_hold_attempt_02/native_frames/opera_training_nursery_1600/0176.webp
AUDITDEV|FAIL|no changed audit-impact record covers audit/day_two_wash_complete_action_v1_20261001/local_hold_attempt_02/native_frames/opera_training_nursery_1600/0177.webp
AUDITDEV|FAIL|no changed audit-impact record covers audit/day_two_wash_complete_action_v1_20261001/local_hold_attempt_02/native_frames/opera_training_nursery_1600/0178.webp
AUDITDEV|FAIL|no changed audit-impact record covers audit/day_two_wash_complete_action_v1_20261001/local_hold_attempt_02/native_frames/opera_training_nursery_1600/0179.webp
AUDITDEV|FAIL|no changed audit-impact record covers audit/day_two_wash_complete_action_v1_20261001/local_hold_attempt_02/native_frames/opera_training_nursery_1600/0180.webp
AUDITDEV|FAIL|no changed audit-impact record covers audit/day_two_wash_complete_action_v1_20261001/local_hold_attempt_02/native_frames/opera_training_nursery_1600/0181.webp
AUDITDEV|FAIL|no changed audit-impact record covers audit/day_two_wash_complete_action_v1_20261001/local_hold_attempt_02/native_frames/opera_training_nursery_1600/0182.webp
AUDITDEV|FAIL|no changed audit-impact record covers audit/day_two_wash_complete_action_v1_20261001/local_hold_attempt_02/native_frames/opera_training_nursery_1600/0183.webp
AUDITDEV|FAIL|no changed audit-impact record covers audit/day_two_wash_complete_action_v1_20261001/local_hold_attempt_02/native_frames/opera_training_nursery_1600/0184.webp
AUDITDEV|FAIL|no changed audit-impact record covers audit/day_two_wash_complete_action_v1_20261001/local_hold_attempt_02/native_frames/opera_training_nursery_1600/0185.webp
AUDITDEV|FAIL|no changed audit-impact record covers audit/day_two_wash_complete_action_v1_20261001/local_hold_attempt_02/native_frames/opera_training_nursery_1600/0186.webp
AUDITDEV|FAIL|no changed audit-impact record covers audit/day_two_wash_complete_action_v1_20261001/local_hold_attempt_02/parser.stderr.log
AUDITDEV|FAIL|no changed audit-impact record covers audit/day_two_wash_complete_action_v1_20261001/local_hold_attempt_02/parser.stdout.log
AUDITDEV|FAIL|no changed audit-impact record covers audit/day_two_wash_complete_action_v1_20261001/root_route_attempt_03/FRAME_VIEWER_DATA_V3.json
AUDITDEV|FAIL|no changed audit-impact record covers audit/day_two_wash_complete_action_v1_20261001/root_route_attempt_03/PROCESS_RECEIPT.json
AUDITDEV|FAIL|no changed audit-impact record covers audit/day_two_wash_complete_action_v1_20261001/root_route_attempt_03/PROFILE.json
AUDITDEV|FAIL|no changed audit-impact record covers audit/day_two_wash_complete_action_v1_20261001/root_route_attempt_03/REVIEW_V3.json
AUDITDEV|FAIL|no changed audit-impact record covers audit/day_two_wash_complete_action_v1_20261001/root_route_attempt_03/STATUS.json
AUDITDEV|FAIL|no changed audit-impact record covers audit/day_two_wash_complete_action_v1_20261001/root_route_attempt_03/analyzer.stderr.log
AUDITDEV|FAIL|no changed audit-impact record covers audit/day_two_wash_complete_action_v1_20261001/root_route_attempt_03/analyzer.stdout.log
AUDITDEV|FAIL|no changed audit-impact record covers audit/day_two_wash_complete_action_v1_20261001/root_route_attempt_03/executed_archive_wash_root_capture_v25.py
AUDITDEV|FAIL|no changed audit-impact record covers audit/day_two_wash_complete_action_v1_20261001/root_route_attempt_03/executed_capture_wash_root_route_v3.gd
AUDITDEV|FAIL|no changed audit-impact record covers audit/day_two_wash_complete_action_v1_20261001/root_route_attempt_03/executed_prepare_wash_root_route_v18.py
AUDITDEV|FAIL|no changed audit-impact record covers audit/day_two_wash_complete_action_v1_20261001/root_route_attempt_03/executed_run_wash_root_route_v3.py
AUDITDEV|FAIL|no changed audit-impact record covers audit/day_two_wash_complete_action_v1_20261001/root_route_attempt_03/index.html
AUDITDEV|FAIL|no changed audit-impact record covers audit/day_two_wash_complete_action_v1_20261001/root_route_attempt_03/inference.stderr.log
AUDITDEV|FAIL|no changed audit-impact record covers audit/day_two_wash_complete_action_v1_20261001/root_route_attempt_03/inference.stdout.log
AUDITDEV|FAIL|no changed audit-impact record covers audit/day_two_wash_complete_action_v1_20261001/root_route_attempt_03/native.stderr.log
AUDITDEV|FAIL|no changed audit-impact record covers audit/day_two_wash_complete_action_v1_20261001/root_route_attempt_03/native.stdout.log
AUDITDEV|FAIL|no changed audit-impact record covers audit/day_two_wash_complete_action_v1_20261001/root_route_attempt_03/native_frames/CAPTURE_RECEIPT.json
AUDITDEV|FAIL|no changed audit-impact record covers audit/day_two_wash_complete_action_v1_20261001/root_route_attempt_03/native_frames/birthday_story_catalog_doctor_1280/0000.webp
AUDITDEV|FAIL|no changed audit-impact record covers audit/day_two_wash_complete_action_v1_20261001/root_route_attempt_03/native_frames/birthday_story_catalog_doctor_1280/0001.webp
AUDITDEV|FAIL|no changed audit-impact record covers audit/day_two_wash_complete_action_v1_20261001/root_route_attempt_03/native_frames/birthday_story_catalog_doctor_1280/0002.webp
AUDITDEV|FAIL|no changed audit-impact record covers audit/day_two_wash_complete_action_v1_20261001/root_route_attempt_03/native_frames/birthday_story_catalog_doctor_1280/0003.webp
AUDITDEV|FAIL|no changed audit-impact record covers audit/day_two_wash_complete_action_v1_20261001/root_route_attempt_03/native_frames/birthday_story_catalog_doctor_1280/0004.webp
AUDITDEV|FAIL|no changed audit-impact record covers audit/day_two_wash_complete_action_v1_20261001/root_route_attempt_03/native_frames/birthday_story_catalog_doctor_1280/0005.webp
AUDITDEV|FAIL|no changed audit-impact record covers audit/day_two_wash_complete_action_v1_20261001/root_route_attempt_03/native_frames/birthday_story_catalog_doctor_1280/0006.webp
AUDITDEV|FAIL|no changed audit-impact record covers audit/day_two_wash_complete_action_v1_20261001/root_route_attempt_03/native_frames/birthday_story_catalog_doctor_1280/0007.webp
AUDITDEV|FAIL|no changed audit-impact record covers audit/day_two_wash_complete_action_v1_20261001/root_route_attempt_03/native_frames/birthday_story_catalog_doctor_1280/0008.webp
AUDITDEV|FAIL|no changed audit-impact record covers audit/day_two_wash_complete_action_v1_20261001/root_route_attempt_03/native_frames/birthday_story_catalog_doctor_1280/0009.webp
AUDITDEV|FAIL|no changed audit-impact record covers audit/day_two_wash_complete_action_v1_20261001/root_route_attempt_03/native_frames/birthday_story_catalog_doctor_1280/0010.webp
AUDITDEV|FAIL|no changed audit-impact record covers audit/day_two_wash_complete_action_v1_20261001/root_route_attempt_03/native_frames/birthday_story_catalog_doctor_1280/0011.webp
AUDITDEV|FAIL|no changed audit-impact record covers audit/day_two_wash_complete_action_v1_20261001/root_route_attempt_03/native_frames/birthday_story_catalog_doctor_1280/0012.webp
AUDITDEV|FAIL|no changed audit-impact record covers audit/day_two_wash_complete_action_v1_20261001/root_route_attempt_03/native_frames/birthday_story_catalog_doctor_1280/0013.webp
AUDITDEV|FAIL|no changed audit-impact record covers audit/day_two_wash_complete_action_v1_20261001/root_route_attempt_03/native_frames/birthday_story_catalog_doctor_1280/0014.webp
AUDITDEV|FAIL|no changed audit-impact record covers audit/day_two_wash_complete_action_v1_20261001/root_route_attempt_03/native_frames/birthday_story_catalog_doctor_1280/0015.webp
AUDITDEV|FAIL|no changed audit-impact record covers audit/day_two_wash_complete_action_v1_20261001/root_route_attempt_03/native_frames/birthday_story_catalog_doctor_1280/0016.webp
AUDITDEV|FAIL|no changed audit-impact record covers audit/day_two_wash_complete_action_v1_20261001/root_route_attempt_03/native_frames/birthday_story_catalog_doctor_1280/0017.webp
AUDITDEV|FAIL|no changed audit-impact record covers audit/day_two_wash_complete_action_v1_20261001/root_route_attempt_03/native_frames/birthday_story_catalog_doctor_1280/0018.webp
AUDITDEV|FAIL|no changed audit-impact record covers audit/day_two_wash_complete_action_v1_20261001/root_route_attempt_03/native_frames/birthday_story_catalog_doctor_1280/0019.webp
AUDITDEV|FAIL|no changed audit-impact record covers audit/day_two_wash_complete_action_v1_20261001/root_route_attempt_03/native_frames/birthday_story_catalog_doctor_1280/0020.webp
AUDITDEV|FAIL|no changed audit-impact record covers audit/day_two_wash_complete_action_v1_20261001/root_route_attempt_03/native_frames/birthday_story_catalog_doctor_1280/0021.webp
AUDITDEV|FAIL|no changed audit-impact record covers audit/day_two_wash_complete_action_v1_20261001/root_route_attempt_03/native_frames/birthday_story_catalog_doctor_1280/0022.webp
AUDITDEV|FAIL|no changed audit-impact record covers audit/day_two_wash_complete_action_v1_20261001/root_route_attempt_03/native_frames/birthday_story_catalog_doctor_1280/0023.webp
AUDITDEV|FAIL|no changed audit-impact record covers audit/day_two_wash_complete_action_v1_20261001/root_route_attempt_03/native_frames/birthday_story_catalog_doctor_1280/0024.webp
AUDITDEV|FAIL|no changed audit-impact record covers audit/day_two_wash_complete_action_v1_20261001/root_route_attempt_03/native_frames/birthday_story_catalog_doctor_1280/0025.webp
AUDITDEV|FAIL|no changed audit-impact record covers audit/day_two_wash_complete_action_v1_20261001/root_route_attempt_03/native_frames/birthday_story_catalog_doctor_1280/0026.webp
AUDITDEV|FAIL|no changed audit-impact record covers audit/day_two_wash_complete_action_v1_20261001/root_route_attempt_03/native_frames/birthday_story_catalog_doctor_1280/0027.webp
AUDITDEV|FAIL|no changed audit-impact record covers audit/day_two_wash_complete_action_v1_20261001/root_route_attempt_03/native_frames/birthday_story_catalog_doctor_1280/0028.webp
AUDITDEV|FAIL|no changed audit-impact record covers audit/day_two_wash_complete_action_v1_20261001/root_route_attempt_03/native_frames/birthday_story_catalog_doctor_1280/0029.webp
AUDITDEV|FAIL|no changed audit-impact record covers audit/day_two_wash_complete_action_v1_20261001/root_route_attempt_03/native_frames/birthday_story_catalog_doctor_1280/0030.webp
AUDITDEV|FAIL|no changed audit-impact record covers audit/day_two_wash_complete_action_v1_20261001/root_route_attempt_03/native_frames/birthday_story_catalog_doctor_1280/0031.webp
AUDITDEV|FAIL|no changed audit-impact record covers audit/day_two_wash_complete_action_v1_20261001/root_route_attempt_03/native_frames/birthday_story_catalog_doctor_1280/0032.webp
AUDITDEV|FAIL|no changed audit-impact record covers audit/day_two_wash_complete_action_v1_20261001/root_route_attempt_03/native_frames/birthday_story_catalog_doctor_1280/0033.webp
AUDITDEV|FAIL|no changed audit-impact record covers audit/day_two_wash_complete_action_v1_20261001/root_route_attempt_03/native_frames/birthday_story_catalog_doctor_1280/0034.webp
AUDITDEV|FAIL|no changed audit-impact record covers audit/day_two_wash_complete_action_v1_20261001/root_route_attempt_03/native_frames/birthday_story_catalog_doctor_1280/0035.webp
AUDITDEV|FAIL|no changed audit-impact record covers audit/day_two_wash_complete_action_v1_20261001/root_route_attempt_03/native_frames/birthday_story_catalog_doctor_1280/0036.webp
AUDITDEV|FAIL|no changed audit-impact record covers audit/day_two_wash_complete_action_v1_20261001/root_route_attempt_03/native_frames/birthday_story_catalog_doctor_1280/0037.webp
AUDITDEV|FAIL|no changed audit-impact record covers audit/day_two_wash_complete_action_v1_20261001/root_route_attempt_03/native_frames/birthday_story_catalog_doctor_1280/0038.webp
AUDITDEV|FAIL|no changed audit-impact record covers audit/day_two_wash_complete_action_v1_20261001/root_route_attempt_03/native_frames/birthday_story_catalog_doctor_1280/0039.webp
AUDITDEV|FAIL|no changed audit-impact record covers audit/day_two_wash_complete_action_v1_20261001/root_route_attempt_03/native_frames/birthday_story_catalog_doctor_1280/0040.webp
AUDITDEV|FAIL|no changed audit-impact record covers audit/day_two_wash_complete_action_v1_20261001/root_route_attempt_03/native_frames/birthday_story_catalog_doctor_1280/0041.webp
AUDITDEV|FAIL|no changed audit-impact record covers audit/day_two_wash_complete_action_v1_20261001/root_route_attempt_03/native_frames/birthday_story_catalog_doctor_1280/0042.webp
AUDITDEV|FAIL|no changed audit-impact record covers audit/day_two_wash_complete_action_v1_20261001/root_route_attempt_03/native_frames/birthday_story_catalog_doctor_1280/0043.webp
AUDITDEV|FAIL|no changed audit-impact record covers audit/day_two_wash_complete_action_v1_20261001/root_route_attempt_03/native_frames/birthday_story_catalog_doctor_1280/0044.webp
AUDITDEV|FAIL|no changed audit-impact record covers audit/day_two_wash_complete_action_v1_20261001/root_route_attempt_03/native_frames/birthday_story_catalog_doctor_1280/0045.webp
AUDITDEV|FAIL|no changed audit-impact record covers audit/day_two_wash_complete_action_v1_20261001/root_route_attempt_03/native_frames/birthday_story_catalog_doctor_1280/0046.webp
AUDITDEV|FAIL|no changed audit-impact record covers audit/day_two_wash_complete_action_v1_20261001/root_route_attempt_03/native_frames/birthday_story_catalog_doctor_1280/0047.webp
AUDITDEV|FAIL|no changed audit-impact record covers audit/day_two_wash_complete_action_v1_20261001/root_route_attempt_03/native_frames/birthday_story_catalog_doctor_1280/0048.webp
AUDITDEV|FAIL|no changed audit-impact record covers audit/day_two_wash_complete_action_v1_20261001/root_route_attempt_03/native_frames/birthday_story_catalog_doctor_1280/0049.webp
AUDITDEV|FAIL|no changed audit-impact record covers audit/day_two_wash_complete_action_v1_20261001/root_route_attempt_03/native_frames/birthday_story_catalog_doctor_1280/0050.webp
AUDITDEV|FAIL|no changed audit-impact record covers audit/day_two_wash_complete_action_v1_20261001/root_route_attempt_03/native_frames/birthday_story_catalog_doctor_1280/0051.webp
AUDITDEV|FAIL|no changed audit-impact record covers audit/day_two_wash_complete_action_v1_20261001/root_route_attempt_03/native_frames/birthday_story_catalog_doctor_1280/0052.webp
AUDITDEV|FAIL|no changed audit-impact record covers audit/day_two_wash_complete_action_v1_20261001/root_route_attempt_03/native_frames/birthday_story_catalog_doctor_1280/0053.webp
AUDITDEV|FAIL|no changed audit-impact record covers audit/day_two_wash_complete_action_v1_20261001/root_route_attempt_03/native_frames/birthday_story_catalog_doctor_1280/0054.webp
AUDITDEV|FAIL|no changed audit-impact record covers audit/day_two_wash_complete_action_v1_20261001/root_route_attempt_03/native_frames/birthday_story_catalog_doctor_1280/0055.webp
AUDITDEV|FAIL|no changed audit-impact record covers audit/day_two_wash_complete_action_v1_20261001/root_route_attempt_03/native_frames/birthday_story_catalog_doctor_1280/0056.webp
AUDITDEV|FAIL|no changed audit-impact record covers audit/day_two_wash_complete_action_v1_20261001/root_route_attempt_03/native_frames/birthday_story_catalog_doctor_1280/0057.webp
AUDITDEV|FAIL|no changed audit-impact record covers audit/day_two_wash_complete_action_v1_20261001/root_route_attempt_03/native_frames/birthday_story_catalog_doctor_1280/0058.webp
AUDITDEV|FAIL|no changed audit-impact record covers audit/day_two_wash_complete_action_v1_20261001/root_route_attempt_03/native_frames/birthday_story_catalog_doctor_1280/0059.webp
AUDITDEV|FAIL|no changed audit-impact record covers audit/day_two_wash_complete_action_v1_20261001/root_route_attempt_03/native_frames/birthday_story_catalog_doctor_1280/0060.webp
AUDITDEV|FAIL|no changed audit-impact record covers audit/day_two_wash_complete_action_v1_20261001/root_route_attempt_03/native_frames/birthday_story_catalog_doctor_1280/0061.webp
AUDITDEV|FAIL|no changed audit-impact record covers audit/day_two_wash_complete_action_v1_20261001/root_route_attempt_03/native_frames/birthday_story_catalog_doctor_1280/0062.webp
AUDITDEV|FAIL|no changed audit-impact record covers audit/day_two_wash_complete_action_v1_20261001/root_route_attempt_03/native_frames/birthday_story_catalog_doctor_1280/0063.webp
AUDITDEV|FAIL|no changed audit-impact record covers audit/day_two_wash_complete_action_v1_20261001/root_route_attempt_03/native_frames/birthday_story_catalog_doctor_1280/0064.webp
AUDITDEV|FAIL|no changed audit-impact record covers audit/day_two_wash_complete_action_v1_20261001/root_route_attempt_03/native_frames/birthday_story_catalog_doctor_1280/0065.webp
AUDITDEV|FAIL|no changed audit-impact record covers audit/day_two_wash_complete_action_v1_20261001/root_route_attempt_03/native_frames/birthday_story_catalog_doctor_1280/0066.webp
AUDITDEV|FAIL|no changed audit-impact record covers audit/day_two_wash_complete_action_v1_20261001/root_route_attempt_03/native_frames/birthday_story_catalog_doctor_1280/0067.webp
AUDITDEV|FAIL|no changed audit-impact record covers audit/day_two_wash_complete_action_v1_20261001/root_route_attempt_03/native_frames/birthday_story_catalog_doctor_1280/0068.webp
AUDITDEV|FAIL|no changed audit-impact record covers audit/day_two_wash_complete_action_v1_20261001/root_route_attempt_03/native_frames/birthday_story_catalog_doctor_1280/0069.webp
AUDITDEV|FAIL|no changed audit-impact record covers audit/day_two_wash_complete_action_v1_20261001/root_route_attempt_03/native_frames/birthday_story_catalog_doctor_1280/0070.webp
AUDITDEV|FAIL|no changed audit-impact record covers audit/day_two_wash_complete_action_v1_20261001/root_route_attempt_03/native_frames/birthday_story_catalog_doctor_1280/0071.webp
AUDITDEV|FAIL|no changed audit-impact record covers audit/day_two_wash_complete_action_v1_20261001/root_route_attempt_03/native_frames/birthday_story_catalog_doctor_1280/0072.webp
AUDITDEV|FAIL|no changed audit-impact record covers audit/day_two_wash_complete_action_v1_20261001/root_route_attempt_03/native_frames/birthday_story_catalog_doctor_1280/0073.webp
AUDITDEV|FAIL|no changed audit-impact record covers audit/day_two_wash_complete_action_v1_20261001/root_route_attempt_03/native_frames/birthday_story_catalog_doctor_1280/0074.webp
AUDITDEV|FAIL|no changed audit-impact record covers audit/day_two_wash_complete_action_v1_20261001/root_route_attempt_03/native_frames/birthday_story_catalog_doctor_1280/0075.webp
AUDITDEV|FAIL|no changed audit-impact record covers audit/day_two_wash_complete_action_v1_20261001/root_route_attempt_03/native_frames/birthday_story_catalog_doctor_1280/0076.webp
AUDITDEV|FAIL|no changed audit-impact record covers audit/day_two_wash_complete_action_v1_20261001/root_route_attempt_03/native_frames/birthday_story_catalog_doctor_1280/0077.webp
AUDITDEV|FAIL|no changed audit-impact record covers audit/day_two_wash_complete_action_v1_20261001/root_route_attempt_03/native_frames/birthday_story_catalog_doctor_1280/0078.webp
AUDITDEV|FAIL|no changed audit-impact record covers audit/day_two_wash_complete_action_v1_20261001/root_route_attempt_03/native_frames/birthday_story_catalog_doctor_1280/0079.webp
AUDITDEV|FAIL|no changed audit-impact record covers audit/day_two_wash_complete_action_v1_20261001/root_route_attempt_03/native_frames/birthday_story_catalog_doctor_1280/0080.webp
AUDITDEV|FAIL|no changed audit-impact record covers audit/day_two_wash_complete_action_v1_20261001/root_route_attempt_03/native_frames/birthday_story_catalog_doctor_1280/0081.webp
AUDITDEV|FAIL|no changed audit-impact record covers audit/day_two_wash_complete_action_v1_20261001/root_route_attempt_03/native_frames/birthday_story_catalog_doctor_1280/0082.webp
AUDITDEV|FAIL|no changed audit-impact record covers audit/day_two_wash_complete_action_v1_20261001/root_route_attempt_03/native_frames/birthday_story_catalog_doctor_1280/0083.webp
AUDITDEV|FAIL|no changed audit-impact record covers audit/day_two_wash_complete_action_v1_20261001/root_route_attempt_03/native_frames/birthday_story_catalog_doctor_1280/0084.webp
AUDITDEV|FAIL|no changed audit-impact record covers audit/day_two_wash_complete_action_v1_20261001/root_route_attempt_03/native_frames/birthday_story_catalog_doctor_1280/0085.webp
AUDITDEV|FAIL|no changed audit-impact record covers audit/day_two_wash_complete_action_v1_20261001/root_route_attempt_03/native_frames/birthday_story_catalog_doctor_1280/0086.webp
AUDITDEV|FAIL|no changed audit-impact record covers audit/day_two_wash_complete_action_v1_20261001/root_route_attempt_03/native_frames/birthday_story_catalog_doctor_1280/0087.webp
AUDITDEV|FAIL|no changed audit-impact record covers audit/day_two_wash_complete_action_v1_20261001/root_route_attempt_03/native_frames/birthday_story_catalog_doctor_1280/0088.webp
AUDITDEV|FAIL|no changed audit-impact record covers audit/day_two_wash_complete_action_v1_20261001/root_route_attempt_03/native_frames/birthday_story_catalog_doctor_1280/0089.webp
AUDITDEV|FAIL|no changed audit-impact record covers audit/day_two_wash_complete_action_v1_20261001/root_route_attempt_03/native_frames/birthday_story_catalog_doctor_1280/0090.webp
AUDITDEV|FAIL|no changed audit-impact record covers audit/day_two_wash_complete_action_v1_20261001/root_route_attempt_03/native_frames/birthday_story_catalog_doctor_1280/0091.webp
AUDITDEV|FAIL|no changed audit-impact record covers audit/day_two_wash_complete_action_v1_20261001/root_route_attempt_03/native_frames/birthday_story_catalog_doctor_1280/0092.webp
AUDITDEV|FAIL|no changed audit-impact record covers audit/day_two_wash_complete_action_v1_20261001/root_route_attempt_03/native_frames/birthday_story_catalog_doctor_1280/0093.webp
AUDITDEV|FAIL|no changed audit-impact record covers audit/day_two_wash_complete_action_v1_20261001/root_route_attempt_03/native_frames/birthday_story_catalog_doctor_1280/0094.webp
AUDITDEV|FAIL|no changed audit-impact record covers audit/day_two_wash_complete_action_v1_20261001/root_route_attempt_03/native_frames/birthday_story_catalog_doctor_1280/0095.webp
AUDITDEV|FAIL|no changed audit-impact record covers audit/day_two_wash_complete_action_v1_20261001/root_route_attempt_03/native_frames/birthday_story_catalog_doctor_1280/0096.webp
AUDITDEV|FAIL|no changed audit-impact record covers audit/day_two_wash_complete_action_v1_20261001/root_route_attempt_03/native_frames/birthday_story_catalog_doctor_1280/0097.webp
AUDITDEV|FAIL|no changed audit-impact record covers audit/day_two_wash_complete_action_v1_20261001/root_route_attempt_03/native_frames/birthday_story_catalog_doctor_1280/0098.webp
AUDITDEV|FAIL|no changed audit-impact record covers audit/day_two_wash_complete_action_v1_20261001/root_route_attempt_03/native_frames/birthday_story_catalog_doctor_1280/0099.webp
AUDITDEV|FAIL|no changed audit-impact record covers audit/day_two_wash_complete_action_v1_20261001/root_route_attempt_03/native_frames/birthday_story_catalog_doctor_1280/0100.webp
AUDITDEV|FAIL|no changed audit-impact record covers audit/day_two_wash_complete_action_v1_20261001/root_route_attempt_03/native_frames/birthday_story_catalog_doctor_1280/0101.webp
AUDITDEV|FAIL|no changed audit-impact record covers audit/day_two_wash_complete_action_v1_20261001/root_route_attempt_03/native_frames/birthday_story_catalog_doctor_1280/0102.webp
AUDITDEV|FAIL|no changed audit-impact record covers audit/day_two_wash_complete_action_v1_20261001/root_route_attempt_03/native_frames/birthday_story_catalog_doctor_1280/0103.webp
AUDITDEV|FAIL|no changed audit-impact record covers audit/day_two_wash_complete_action_v1_20261001/root_route_attempt_03/native_frames/birthday_story_catalog_doctor_1280/0104.webp
AUDITDEV|FAIL|no changed audit-impact record covers audit/day_two_wash_complete_action_v1_20261001/root_route_attempt_03/native_frames/birthday_story_catalog_doctor_1280/0105.webp
AUDITDEV|FAIL|no changed audit-impact record covers audit/day_two_wash_complete_action_v1_20261001/root_route_attempt_03/native_frames/birthday_story_catalog_doctor_1280/0106.webp
AUDITDEV|FAIL|no changed audit-impact record covers audit/day_two_wash_complete_action_v1_20261001/root_route_attempt_03/native_frames/birthday_story_catalog_doctor_1280/0107.webp
AUDITDEV|FAIL|no changed audit-impact record covers audit/day_two_wash_complete_action_v1_20261001/root_route_attempt_03/native_frames/birthday_story_catalog_doctor_1280/0108.webp
AUDITDEV|FAIL|no changed audit-impact record covers audit/day_two_wash_complete_action_v1_20261001/root_route_attempt_03/native_frames/birthday_story_catalog_doctor_1280/0109.webp
AUDITDEV|FAIL|no changed audit-impact record covers audit/day_two_wash_complete_action_v1_20261001/root_route_attempt_03/native_frames/birthday_story_catalog_doctor_1280/0110.webp
AUDITDEV|FAIL|no changed audit-impact record covers audit/day_two_wash_complete_action_v1_20261001/root_route_attempt_03/native_frames/birthday_story_catalog_doctor_1280/0111.webp
AUDITDEV|FAIL|no changed audit-impact record covers audit/day_two_wash_complete_action_v1_20261001/root_route_attempt_03/native_frames/birthday_story_catalog_doctor_1280/0112.webp
AUDITDEV|FAIL|no changed audit-impact record covers audit/day_two_wash_complete_action_v1_20261001/root_route_attempt_03/native_frames/birthday_story_catalog_doctor_1280/0113.webp
AUDITDEV|FAIL|no changed audit-impact record covers audit/day_two_wash_complete_action_v1_20261001/root_route_attempt_03/native_frames/birthday_story_catalog_doctor_1280/0114.webp
AUDITDEV|FAIL|no changed audit-impact record covers audit/day_two_wash_complete_action_v1_20261001/root_route_attempt_03/native_frames/birthday_story_catalog_doctor_1280/0115.webp
AUDITDEV|FAIL|no changed audit-impact record covers audit/day_two_wash_complete_action_v1_20261001/root_route_attempt_03/native_frames/birthday_story_catalog_doctor_1280/0116.webp
AUDITDEV|FAIL|no changed audit-impact record covers audit/day_two_wash_complete_action_v1_20261001/root_route_attempt_03/native_frames/birthday_story_catalog_doctor_1280/0117.webp
AUDITDEV|FAIL|no changed audit-impact record covers audit/day_two_wash_complete_action_v1_20261001/root_route_attempt_03/native_frames/birthday_story_catalog_doctor_1280/0118.webp
AUDITDEV|FAIL|no changed audit-impact record covers audit/day_two_wash_complete_action_v1_20261001/root_route_attempt_03/native_frames/birthday_story_catalog_doctor_1280/0119.webp
AUDITDEV|FAIL|no changed audit-impact record covers audit/day_two_wash_complete_action_v1_20261001/root_route_attempt_03/native_frames/birthday_story_catalog_doctor_1280/0120.webp
AUDITDEV|FAIL|no changed audit-impact record covers audit/day_two_wash_complete_action_v1_20261001/root_route_attempt_03/native_frames/birthday_story_catalog_doctor_1280/0121.webp
AUDITDEV|FAIL|no changed audit-impact record covers audit/day_two_wash_complete_action_v1_20261001/root_route_attempt_03/native_frames/birthday_story_catalog_doctor_1280/0122.webp
AUDITDEV|FAIL|no changed audit-impact record covers audit/day_two_wash_complete_action_v1_20261001/root_route_attempt_03/native_frames/birthday_story_catalog_doctor_1280/0123.webp
AUDITDEV|FAIL|no changed audit-impact record covers audit/day_two_wash_complete_action_v1_20261001/root_route_attempt_03/native_frames/birthday_story_catalog_doctor_1280/0124.webp
AUDITDEV|FAIL|no changed audit-impact record covers audit/day_two_wash_complete_action_v1_20261001/root_route_attempt_03/native_frames/birthday_story_catalog_doctor_1280/0125.webp
AUDITDEV|FAIL|no changed audit-impact record covers audit/day_two_wash_complete_action_v1_20261001/root_route_attempt_03/native_frames/birthday_story_catalog_doctor_1280/0126.webp
AUDITDEV|FAIL|no changed audit-impact record covers audit/day_two_wash_complete_action_v1_20261001/root_route_attempt_03/native_frames/birthday_story_catalog_doctor_1280/0127.webp
AUDITDEV|FAIL|no changed audit-impact record covers audit/day_two_wash_complete_action_v1_20261001/root_route_attempt_03/native_frames/birthday_story_catalog_doctor_1280/0128.webp
AUDITDEV|FAIL|no changed audit-impact record covers audit/day_two_wash_complete_action_v1_20261001/root_route_attempt_03/native_frames/birthday_story_catalog_doctor_1280/0129.webp
AUDITDEV|FAIL|no changed audit-impact record covers audit/day_two_wash_complete_action_v1_20261001/root_route_attempt_03/native_frames/birthday_story_catalog_doctor_1280/0130.webp
AUDITDEV|FAIL|no changed audit-impact record covers audit/day_two_wash_complete_action_v1_20261001/root_route_attempt_03/native_frames/birthday_story_catalog_doctor_1280/0131.webp
AUDITDEV|FAIL|no changed audit-impact record covers audit/day_two_wash_complete_action_v1_20261001/root_route_attempt_03/native_frames/birthday_story_catalog_doctor_1280/0132.webp
AUDITDEV|FAIL|no changed audit-impact record covers audit/day_two_wash_complete_action_v1_20261001/root_route_attempt_03/native_frames/birthday_story_catalog_doctor_1280/0133.webp
AUDITDEV|FAIL|no changed audit-impact record covers audit/day_two_wash_complete_action_v1_20261001/root_route_attempt_03/native_frames/birthday_story_catalog_doctor_1280/0134.webp
AUDITDEV|FAIL|no changed audit-impact record covers audit/day_two_wash_complete_action_v1_20261001/root_route_attempt_03/native_frames/birthday_story_catalog_doctor_1280/0135.webp
AUDITDEV|FAIL|no changed audit-impact record covers audit/day_two_wash_complete_action_v1_20261001/root_route_attempt_03/native_frames/birthday_story_catalog_doctor_1280/0136.webp
AUDITDEV|FAIL|no changed audit-impact record covers audit/day_two_wash_complete_action_v1_20261001/root_route_attempt_03/native_frames/birthday_story_catalog_doctor_1280/0137.webp
AUDITDEV|FAIL|no changed audit-impact record covers audit/day_two_wash_complete_action_v1_20261001/root_route_attempt_03/native_frames/birthday_story_catalog_doctor_1280/0138.webp
AUDITDEV|FAIL|no changed audit-impact record covers audit/day_two_wash_complete_action_v1_20261001/root_route_attempt_03/native_frames/birthday_story_catalog_doctor_1280/0139.webp
AUDITDEV|FAIL|no changed audit-impact record covers audit/day_two_wash_complete_action_v1_20261001/root_route_attempt_03/native_frames/birthday_story_catalog_doctor_1280/0140.webp
AUDITDEV|FAIL|no changed audit-impact record covers audit/day_two_wash_complete_action_v1_20261001/root_route_attempt_03/native_frames/birthday_story_catalog_doctor_1280/0141.webp
AUDITDEV|FAIL|no changed audit-impact record covers audit/day_two_wash_complete_action_v1_20261001/root_route_attempt_03/native_frames/birthday_story_catalog_doctor_1280/0142.webp
AUDITDEV|FAIL|no changed audit-impact record covers audit/day_two_wash_complete_action_v1_20261001/root_route_attempt_03/native_frames/birthday_story_catalog_doctor_1280/0143.webp
AUDITDEV|FAIL|no changed audit-impact record covers audit/day_two_wash_complete_action_v1_20261001/root_route_attempt_03/native_frames/birthday_story_catalog_doctor_1280/0144.webp
AUDITDEV|FAIL|no changed audit-impact record covers audit/day_two_wash_complete_action_v1_20261001/root_route_attempt_03/native_frames/birthday_story_catalog_doctor_1280/0145.webp
AUDITDEV|FAIL|no changed audit-impact record covers audit/day_two_wash_complete_action_v1_20261001/root_route_attempt_03/native_frames/birthday_story_catalog_doctor_1280/0146.webp
AUDITDEV|FAIL|no changed audit-impact record covers audit/day_two_wash_complete_action_v1_20261001/root_route_attempt_03/native_frames/birthday_story_catalog_doctor_1280/0147.webp
AUDITDEV|FAIL|no changed audit-impact record covers audit/day_two_wash_complete_action_v1_20261001/root_route_attempt_03/native_frames/birthday_story_catalog_doctor_1280/0148.webp
AUDITDEV|FAIL|no changed audit-impact record covers audit/day_two_wash_complete_action_v1_20261001/root_route_attempt_03/native_frames/birthday_story_catalog_doctor_1280/0149.webp
AUDITDEV|FAIL|no changed audit-impact record covers audit/day_two_wash_complete_action_v1_20261001/root_route_attempt_03/native_frames/birthday_story_catalog_doctor_1280/0150.webp
AUDITDEV|FAIL|no changed audit-impact record covers audit/day_two_wash_complete_action_v1_20261001/root_route_attempt_03/native_frames/birthday_story_catalog_doctor_1280/0151.webp
AUDITDEV|FAIL|no changed audit-impact record covers audit/day_two_wash_complete_action_v1_20261001/root_route_attempt_03/native_frames/birthday_story_catalog_doctor_1280/0152.webp
AUDITDEV|FAIL|no changed audit-impact record covers audit/day_two_wash_complete_action_v1_20261001/root_route_attempt_03/native_frames/birthday_story_catalog_doctor_1280/0153.webp
AUDITDEV|FAIL|no changed audit-impact record covers audit/day_two_wash_complete_action_v1_20261001/root_route_attempt_03/native_frames/birthday_story_catalog_doctor_1280/0154.webp
AUDITDEV|FAIL|no changed audit-impact record covers audit/day_two_wash_complete_action_v1_20261001/root_route_attempt_03/native_frames/birthday_story_catalog_doctor_1280/0155.webp
AUDITDEV|FAIL|no changed audit-impact record covers audit/day_two_wash_complete_action_v1_20261001/root_route_attempt_03/native_frames/birthday_story_catalog_doctor_1280/0156.webp
AUDITDEV|FAIL|no changed audit-impact record covers audit/day_two_wash_complete_action_v1_20261001/root_route_attempt_03/native_frames/birthday_story_catalog_doctor_1280/0157.webp
AUDITDEV|FAIL|no changed audit-impact record covers audit/day_two_wash_complete_action_v1_20261001/root_route_attempt_03/native_frames/birthday_story_catalog_doctor_1280/0158.webp
AUDITDEV|FAIL|no changed audit-impact record covers audit/day_two_wash_complete_action_v1_20261001/root_route_attempt_03/native_frames/birthday_story_catalog_doctor_1280/0159.webp
AUDITDEV|FAIL|no changed audit-impact record covers audit/day_two_wash_complete_action_v1_20261001/root_route_attempt_03/native_frames/birthday_story_catalog_doctor_1280/0160.webp
AUDITDEV|FAIL|no changed audit-impact record covers audit/day_two_wash_complete_action_v1_20261001/root_route_attempt_03/native_frames/birthday_story_catalog_doctor_1280/0161.webp
AUDITDEV|FAIL|no changed audit-impact record covers audit/day_two_wash_complete_action_v1_20261001/root_route_attempt_03/native_frames/birthday_story_catalog_doctor_1280/0162.webp
AUDITDEV|FAIL|no changed audit-impact record covers audit/day_two_wash_complete_action_v1_20261001/root_route_attempt_03/native_frames/birthday_story_catalog_doctor_1280/0163.webp
AUDITDEV|FAIL|no changed audit-impact record covers audit/day_two_wash_complete_action_v1_20261001/root_route_attempt_03/native_frames/birthday_story_catalog_doctor_1280/0164.webp
AUDITDEV|FAIL|no changed audit-impact record covers audit/day_two_wash_complete_action_v1_20261001/root_route_attempt_03/native_frames/birthday_story_catalog_doctor_1280/0165.webp
AUDITDEV|FAIL|no changed audit-impact record covers audit/day_two_wash_complete_action_v1_20261001/root_route_attempt_03/native_frames/birthday_story_catalog_doctor_1280/0166.webp
AUDITDEV|FAIL|no changed audit-impact record covers audit/day_two_wash_complete_action_v1_20261001/root_route_attempt_03/native_frames/birthday_story_catalog_doctor_1280/0167.webp
AUDITDEV|FAIL|no changed audit-impact record covers audit/day_two_wash_complete_action_v1_20261001/root_route_attempt_03/native_frames/birthday_story_catalog_doctor_1280/0168.webp
AUDITDEV|FAIL|no changed audit-impact record covers audit/day_two_wash_complete_action_v1_20261001/root_route_attempt_03/native_frames/birthday_story_catalog_doctor_1280/0169.webp
AUDITDEV|FAIL|no changed audit-impact record covers audit/day_two_wash_complete_action_v1_20261001/root_route_attempt_03/native_frames/birthday_story_catalog_doctor_1280/0170.webp
AUDITDEV|FAIL|no changed audit-impact record covers audit/day_two_wash_complete_action_v1_20261001/root_route_attempt_03/native_frames/birthday_story_catalog_doctor_1280/0171.webp
AUDITDEV|FAIL|no changed audit-impact record covers audit/day_two_wash_complete_action_v1_20261001/root_route_attempt_03/native_frames/birthday_story_catalog_doctor_1280/0172.webp
AUDITDEV|FAIL|no changed audit-impact record covers audit/day_two_wash_complete_action_v1_20261001/root_route_attempt_03/native_frames/birthday_story_catalog_doctor_1280/0173.webp
AUDITDEV|FAIL|no changed audit-impact record covers audit/day_two_wash_complete_action_v1_20261001/root_route_attempt_03/native_frames/birthday_story_catalog_doctor_1280/0174.webp
AUDITDEV|FAIL|no changed audit-impact record covers audit/day_two_wash_complete_action_v1_20261001/root_route_attempt_03/native_frames/birthday_story_catalog_doctor_1280/0175.webp
AUDITDEV|FAIL|no changed audit-impact record covers audit/day_two_wash_complete_action_v1_20261001/root_route_attempt_03/native_frames/birthday_story_catalog_doctor_1280/0176.webp
AUDITDEV|FAIL|no changed audit-impact record covers audit/day_two_wash_complete_action_v1_20261001/root_route_attempt_03/native_frames/birthday_story_catalog_doctor_1280/0177.webp
AUDITDEV|FAIL|no changed audit-impact record covers audit/day_two_wash_complete_action_v1_20261001/root_route_attempt_03/native_frames/birthday_story_catalog_doctor_1280/0178.webp
AUDITDEV|FAIL|no changed audit-impact record covers audit/day_two_wash_complete_action_v1_20261001/root_route_attempt_03/native_frames/birthday_story_catalog_doctor_1280/0179.webp
AUDITDEV|FAIL|no changed audit-impact record covers audit/day_two_wash_complete_action_v1_20261001/root_route_attempt_03/native_frames/birthday_story_catalog_doctor_1280/0180.webp
AUDITDEV|FAIL|no changed audit-impact record covers audit/day_two_wash_complete_action_v1_20261001/root_route_attempt_03/native_frames/birthday_story_catalog_doctor_1280/0181.webp
AUDITDEV|FAIL|no changed audit-impact record covers audit/day_two_wash_complete_action_v1_20261001/root_route_attempt_03/native_frames/birthday_story_catalog_doctor_1280/0182.webp
AUDITDEV|FAIL|no changed audit-impact record covers audit/day_two_wash_complete_action_v1_20261001/root_route_attempt_03/native_frames/birthday_story_catalog_doctor_1280/0183.webp
AUDITDEV|FAIL|no changed audit-impact record covers audit/day_two_wash_complete_action_v1_20261001/root_route_attempt_03/native_frames/birthday_story_catalog_doctor_1280/0184.webp
AUDITDEV|FAIL|no changed audit-impact record covers audit/day_two_wash_complete_action_v1_20261001/root_route_attempt_03/native_frames/birthday_story_catalog_doctor_1280/0185.webp
AUDITDEV|FAIL|no changed audit-impact record covers audit/day_two_wash_complete_action_v1_20261001/root_route_attempt_03/native_frames/birthday_story_catalog_doctor_1280/0186.webp
AUDITDEV|FAIL|no changed audit-impact record covers audit/day_two_wash_complete_action_v1_20261001/root_route_attempt_03/native_frames/birthday_story_catalog_doctor_1280/0187.webp
AUDITDEV|FAIL|no changed audit-impact record covers audit/day_two_wash_complete_action_v1_20261001/root_route_attempt_03/native_frames/birthday_story_catalog_doctor_1280/0188.webp
AUDITDEV|FAIL|no changed audit-impact record covers audit/day_two_wash_complete_action_v1_20261001/root_route_attempt_03/native_frames/birthday_story_catalog_doctor_1280/0189.webp
AUDITDEV|FAIL|no changed audit-impact record covers audit/day_two_wash_complete_action_v1_20261001/root_route_attempt_03/native_frames/birthday_story_catalog_doctor_1280/0190.webp
AUDITDEV|FAIL|no changed audit-impact record covers audit/day_two_wash_complete_action_v1_20261001/root_route_attempt_03/native_frames/birthday_story_catalog_doctor_1280/0191.webp
AUDITDEV|FAIL|no changed audit-impact record covers audit/day_two_wash_complete_action_v1_20261001/root_route_attempt_03/native_frames/birthday_story_catalog_doctor_1280/0192.webp
AUDITDEV|FAIL|no changed audit-impact record covers audit/day_two_wash_complete_action_v1_20261001/root_route_attempt_03/native_frames/birthday_story_catalog_doctor_1280/0193.webp
AUDITDEV|FAIL|no changed audit-impact record covers audit/day_two_wash_complete_action_v1_20261001/root_route_attempt_03/native_frames/birthday_story_catalog_doctor_1280/0194.webp
AUDITDEV|FAIL|no changed audit-impact record covers audit/day_two_wash_complete_action_v1_20261001/root_route_attempt_03/native_frames/birthday_story_catalog_doctor_1280/0195.webp
AUDITDEV|FAIL|no changed audit-impact record covers audit/day_two_wash_complete_action_v1_20261001/root_route_attempt_03/native_frames/birthday_story_catalog_doctor_1280/0196.webp
AUDITDEV|FAIL|no changed audit-impact record covers audit/day_two_wash_complete_action_v1_20261001/root_route_attempt_03/native_frames/birthday_story_catalog_doctor_1280/0197.webp
AUDITDEV|FAIL|no changed audit-impact record covers audit/day_two_wash_complete_action_v1_20261001/root_route_attempt_03/native_frames/birthday_story_catalog_doctor_1280/0198.webp
AUDITDEV|FAIL|no changed audit-impact record covers audit/day_two_wash_complete_action_v1_20261001/root_route_attempt_03/native_frames/birthday_story_catalog_doctor_1280/0199.webp
AUDITDEV|FAIL|no changed audit-impact record covers audit/day_two_wash_complete_action_v1_20261001/root_route_attempt_03/native_frames/birthday_story_catalog_doctor_1280/0200.webp
AUDITDEV|FAIL|no changed audit-impact record covers audit/day_two_wash_complete_action_v1_20261001/root_route_attempt_03/native_frames/birthday_story_catalog_doctor_1280/0201.webp
AUDITDEV|FAIL|no changed audit-impact record covers audit/day_two_wash_complete_action_v1_20261001/root_route_attempt_03/native_frames/birthday_story_catalog_doctor_1280/0202.webp
AUDITDEV|FAIL|no changed audit-impact record covers audit/day_two_wash_complete_action_v1_20261001/root_route_attempt_03/native_frames/birthday_story_catalog_doctor_1280/0203.webp
AUDITDEV|FAIL|no changed audit-impact record covers audit/day_two_wash_complete_action_v1_20261001/root_route_attempt_03/native_frames/birthday_story_catalog_doctor_1280/0204.webp
AUDITDEV|FAIL|no changed audit-impact record covers audit/day_two_wash_complete_action_v1_20261001/root_route_attempt_03/native_frames/birthday_story_catalog_doctor_1280/0205.webp
AUDITDEV|FAIL|no changed audit-impact record covers audit/day_two_wash_complete_action_v1_20261001/root_route_attempt_03/native_frames/birthday_story_catalog_doctor_1280/0206.webp
AUDITDEV|FAIL|no changed audit-impact record covers audit/day_two_wash_complete_action_v1_20261001/root_route_attempt_03/native_frames/birthday_story_catalog_doctor_1280/0207.webp
AUDITDEV|FAIL|no changed audit-impact record covers audit/day_two_wash_complete_action_v1_20261001/root_route_attempt_03/native_frames/birthday_story_catalog_doctor_1280/0208.webp
AUDITDEV|FAIL|no changed audit-impact record covers audit/day_two_wash_complete_action_v1_20261001/root_route_attempt_03/native_frames/birthday_story_catalog_doctor_1280/0209.webp
AUDITDEV|FAIL|no changed audit-impact record covers audit/day_two_wash_complete_action_v1_20261001/root_route_attempt_03/native_frames/birthday_story_catalog_doctor_1280/0210.webp
AUDITDEV|FAIL|no changed audit-impact record covers audit/day_two_wash_complete_action_v1_20261001/root_route_attempt_03/native_frames/birthday_story_catalog_doctor_1280/0211.webp
AUDITDEV|FAIL|no changed audit-impact record covers audit/day_two_wash_complete_action_v1_20261001/root_route_attempt_03/native_frames/birthday_story_catalog_doctor_1280/0212.webp
AUDITDEV|FAIL|no changed audit-impact record covers audit/day_two_wash_complete_action_v1_20261001/root_route_attempt_03/native_frames/birthday_story_catalog_doctor_1280/0213.webp
AUDITDEV|FAIL|no changed audit-impact record covers audit/day_two_wash_complete_action_v1_20261001/root_route_attempt_03/native_frames/birthday_story_catalog_doctor_1280/0214.webp
AUDITDEV|FAIL|no changed audit-impact record covers audit/day_two_wash_complete_action_v1_20261001/root_route_attempt_03/native_frames/birthday_story_catalog_doctor_1280/0215.webp
AUDITDEV|FAIL|no changed audit-impact record covers audit/day_two_wash_complete_action_v1_20261001/root_route_attempt_03/native_frames/birthday_story_catalog_doctor_1280/0216.webp
AUDITDEV|FAIL|no changed audit-impact record covers audit/day_two_wash_complete_action_v1_20261001/root_route_attempt_03/native_frames/birthday_story_catalog_doctor_1280/0217.webp
AUDITDEV|FAIL|no changed audit-impact record covers audit/day_two_wash_complete_action_v1_20261001/root_route_attempt_03/native_frames/birthday_story_catalog_doctor_1280/0218.webp
AUDITDEV|FAIL|no changed audit-impact record covers audit/day_two_wash_complete_action_v1_20261001/root_route_attempt_03/native_frames/birthday_story_catalog_doctor_1280/0219.webp
AUDITDEV|FAIL|no changed audit-impact record covers audit/day_two_wash_complete_action_v1_20261001/root_route_attempt_03/native_frames/birthday_story_catalog_doctor_1280/0220.webp
AUDITDEV|FAIL|no changed audit-impact record covers audit/day_two_wash_complete_action_v1_20261001/root_route_attempt_03/native_frames/birthday_story_catalog_doctor_1280/0221.webp
AUDITDEV|FAIL|no changed audit-impact record covers audit/day_two_wash_complete_action_v1_20261001/root_route_attempt_03/native_frames/birthday_story_catalog_doctor_1280/0222.webp
AUDITDEV|FAIL|no changed audit-impact record covers audit/day_two_wash_complete_action_v1_20261001/root_route_attempt_03/native_frames/birthday_story_catalog_doctor_1280/0223.webp
AUDITDEV|FAIL|no changed audit-impact record covers audit/day_two_wash_complete_action_v1_20261001/root_route_attempt_03/native_frames/birthday_story_catalog_doctor_1280/0224.webp
AUDITDEV|FAIL|no changed audit-impact record covers audit/day_two_wash_complete_action_v1_20261001/root_route_attempt_03/native_frames/birthday_story_catalog_doctor_1280/0225.webp
AUDITDEV|FAIL|no changed audit-impact record covers audit/day_two_wash_complete_action_v1_20261001/root_route_attempt_03/native_frames/birthday_story_catalog_doctor_1280/0226.webp
AUDITDEV|FAIL|no changed audit-impact record covers audit/day_two_wash_complete_action_v1_20261001/root_route_attempt_03/native_frames/birthday_story_catalog_doctor_1280/0227.webp
AUDITDEV|FAIL|no changed audit-impact record covers audit/day_two_wash_complete_action_v1_20261001/root_route_attempt_03/native_frames/birthday_story_catalog_doctor_1280/0228.webp
AUDITDEV|FAIL|no changed audit-impact record covers audit/day_two_wash_complete_action_v1_20261001/root_route_attempt_03/native_frames/birthday_story_catalog_doctor_1280/0229.webp
AUDITDEV|FAIL|no changed audit-impact record covers audit/day_two_wash_complete_action_v1_20261001/root_route_attempt_03/native_frames/birthday_story_catalog_doctor_1280/0230.webp
AUDITDEV|FAIL|no changed audit-impact record covers audit/day_two_wash_complete_action_v1_20261001/root_route_attempt_03/native_frames/birthday_story_catalog_doctor_1280/0231.webp
AUDITDEV|FAIL|no changed audit-impact record covers audit/day_two_wash_complete_action_v1_20261001/root_route_attempt_03/native_frames/birthday_story_catalog_doctor_1280/0232.webp
AUDITDEV|FAIL|no changed audit-impact record covers audit/day_two_wash_complete_action_v1_20261001/root_route_attempt_03/native_frames/birthday_story_catalog_doctor_1280/0233.webp
AUDITDEV|FAIL|no changed audit-impact record covers audit/day_two_wash_complete_action_v1_20261001/root_route_attempt_03/native_frames/birthday_story_catalog_doctor_1280/0234.webp
AUDITDEV|FAIL|no changed audit-impact record covers audit/day_two_wash_complete_action_v1_20261001/root_route_attempt_03/native_frames/birthday_story_catalog_doctor_1280/0235.webp
AUDITDEV|FAIL|no changed audit-impact record covers audit/day_two_wash_complete_action_v1_20261001/root_route_attempt_03/native_frames/birthday_story_catalog_doctor_1280/0236.webp
AUDITDEV|FAIL|no changed audit-impact record covers audit/day_two_wash_complete_action_v1_20261001/root_route_attempt_03/native_frames/birthday_story_catalog_doctor_1280/0237.webp
AUDITDEV|FAIL|no changed audit-impact record covers audit/day_two_wash_complete_action_v1_20261001/root_route_attempt_03/native_frames/birthday_story_catalog_doctor_1280/0238.webp
AUDITDEV|FAIL|no changed audit-impact record covers audit/day_two_wash_complete_action_v1_20261001/root_route_attempt_03/native_frames/birthday_story_catalog_doctor_1280/0239.webp
AUDITDEV|FAIL|no changed audit-impact record covers audit/day_two_wash_complete_action_v1_20261001/root_route_attempt_03/native_frames/birthday_story_catalog_doctor_1280/0240.webp
AUDITDEV|FAIL|no changed audit-impact record covers audit/day_two_wash_complete_action_v1_20261001/root_route_attempt_03/native_frames/birthday_story_catalog_doctor_1280/0241.webp
AUDITDEV|FAIL|no changed audit-impact record covers audit/day_two_wash_complete_action_v1_20261001/root_route_attempt_03/native_frames/birthday_story_catalog_doctor_1280/0242.webp
AUDITDEV|FAIL|no changed audit-impact record covers audit/day_two_wash_complete_action_v1_20261001/root_route_attempt_03/native_frames/birthday_story_catalog_doctor_1280/0243.webp
AUDITDEV|FAIL|no changed audit-impact record covers audit/day_two_wash_complete_action_v1_20261001/root_route_attempt_03/native_frames/birthday_story_catalog_doctor_1280/0244.webp
AUDITDEV|FAIL|no changed audit-impact record covers audit/day_two_wash_complete_action_v1_20261001/root_route_attempt_03/native_frames/birthday_story_catalog_doctor_1280/0245.webp
AUDITDEV|FAIL|no changed audit-impact record covers audit/day_two_wash_complete_action_v1_20261001/root_route_attempt_03/native_frames/birthday_story_catalog_doctor_1280/0246.webp
AUDITDEV|FAIL|no changed audit-impact record covers audit/day_two_wash_complete_action_v1_20261001/root_route_attempt_03/native_frames/birthday_story_catalog_doctor_1280/0247.webp
AUDITDEV|FAIL|no changed audit-impact record covers audit/day_two_wash_complete_action_v1_20261001/root_route_attempt_03/native_frames/birthday_story_catalog_doctor_1280/0248.webp
AUDITDEV|FAIL|no changed audit-impact record covers audit/day_two_wash_complete_action_v1_20261001/root_route_attempt_03/native_frames/birthday_story_catalog_doctor_1280/0249.webp
AUDITDEV|FAIL|no changed audit-impact record covers audit/day_two_wash_complete_action_v1_20261001/root_route_attempt_03/native_frames/birthday_story_catalog_doctor_1280/0250.webp
AUDITDEV|FAIL|no changed audit-impact record covers audit/day_two_wash_complete_action_v1_20261001/root_route_attempt_03/native_frames/birthday_story_catalog_doctor_1280/0251.webp
AUDITDEV|FAIL|no changed audit-impact record covers audit/day_two_wash_complete_action_v1_20261001/root_route_attempt_03/native_frames/birthday_story_catalog_doctor_1280/0252.webp
AUDITDEV|FAIL|no changed audit-impact record covers audit/day_two_wash_complete_action_v1_20261001/root_route_attempt_03/native_frames/birthday_story_catalog_doctor_1280/0253.webp
AUDITDEV|FAIL|no changed audit-impact record covers audit/day_two_wash_complete_action_v1_20261001/root_route_attempt_03/native_frames/birthday_story_catalog_doctor_1280/0254.webp
AUDITDEV|FAIL|no changed audit-impact record covers audit/day_two_wash_complete_action_v1_20261001/root_route_attempt_03/native_frames/birthday_story_catalog_doctor_1600/0000.webp
AUDITDEV|FAIL|no changed audit-impact record covers audit/day_two_wash_complete_action_v1_20261001/root_route_attempt_03/native_frames/birthday_story_catalog_doctor_1600/0001.webp
AUDITDEV|FAIL|no changed audit-impact record covers audit/day_two_wash_complete_action_v1_20261001/root_route_attempt_03/native_frames/birthday_story_catalog_doctor_1600/0002.webp
AUDITDEV|FAIL|no changed audit-impact record covers audit/day_two_wash_complete_action_v1_20261001/root_route_attempt_03/native_frames/birthday_story_catalog_doctor_1600/0003.webp
AUDITDEV|FAIL|no changed audit-impact record covers audit/day_two_wash_complete_action_v1_20261001/root_route_attempt_03/native_frames/birthday_story_catalog_doctor_1600/0004.webp
AUDITDEV|FAIL|no changed audit-impact record covers audit/day_two_wash_complete_action_v1_20261001/root_route_attempt_03/native_frames/birthday_story_catalog_doctor_1600/0005.webp
AUDITDEV|FAIL|no changed audit-impact record covers audit/day_two_wash_complete_action_v1_20261001/root_route_attempt_03/native_frames/birthday_story_catalog_doctor_1600/0006.webp
AUDITDEV|FAIL|no changed audit-impact record covers audit/day_two_wash_complete_action_v1_20261001/root_route_attempt_03/native_frames/birthday_story_catalog_doctor_1600/0007.webp
AUDITDEV|FAIL|no changed audit-impact record covers audit/day_two_wash_complete_action_v1_20261001/root_route_attempt_03/native_frames/birthday_story_catalog_doctor_1600/0008.webp
AUDITDEV|FAIL|no changed audit-impact record covers audit/day_two_wash_complete_action_v1_20261001/root_route_attempt_03/native_frames/birthday_story_catalog_doctor_1600/0009.webp
AUDITDEV|FAIL|no changed audit-impact record covers audit/day_two_wash_complete_action_v1_20261001/root_route_attempt_03/native_frames/birthday_story_catalog_doctor_1600/0010.webp
AUDITDEV|FAIL|no changed audit-impact record covers audit/day_two_wash_complete_action_v1_20261001/root_route_attempt_03/native_frames/birthday_story_catalog_doctor_1600/0011.webp
AUDITDEV|FAIL|no changed audit-impact record covers audit/day_two_wash_complete_action_v1_20261001/root_route_attempt_03/native_frames/birthday_story_catalog_doctor_1600/0012.webp
AUDITDEV|FAIL|no changed audit-impact record covers audit/day_two_wash_complete_action_v1_20261001/root_route_attempt_03/native_frames/birthday_story_catalog_doctor_1600/0013.webp
AUDITDEV|FAIL|no changed audit-impact record covers audit/day_two_wash_complete_action_v1_20261001/root_route_attempt_03/native_frames/birthday_story_catalog_doctor_1600/0014.webp
AUDITDEV|FAIL|no changed audit-impact record covers audit/day_two_wash_complete_action_v1_20261001/root_route_attempt_03/native_frames/birthday_story_catalog_doctor_1600/0015.webp
AUDITDEV|FAIL|no changed audit-impact record covers audit/day_two_wash_complete_action_v1_20261001/root_route_attempt_03/native_frames/birthday_story_catalog_doctor_1600/0016.webp
AUDITDEV|FAIL|no changed audit-impact record covers audit/day_two_wash_complete_action_v1_20261001/root_route_attempt_03/native_frames/birthday_story_catalog_doctor_1600/0017.webp
AUDITDEV|FAIL|no changed audit-impact record covers audit/day_two_wash_complete_action_v1_20261001/root_route_attempt_03/native_frames/birthday_story_catalog_doctor_1600/0018.webp
AUDITDEV|FAIL|no changed audit-impact record covers audit/day_two_wash_complete_action_v1_20261001/root_route_attempt_03/native_frames/birthday_story_catalog_doctor_1600/0019.webp
AUDITDEV|FAIL|no changed audit-impact record covers audit/day_two_wash_complete_action_v1_20261001/root_route_attempt_03/native_frames/birthday_story_catalog_doctor_1600/0020.webp
AUDITDEV|FAIL|no changed audit-impact record covers audit/day_two_wash_complete_action_v1_20261001/root_route_attempt_03/native_frames/birthday_story_catalog_doctor_1600/0021.webp
AUDITDEV|FAIL|no changed audit-impact record covers audit/day_two_wash_complete_action_v1_20261001/root_route_attempt_03/native_frames/birthday_story_catalog_doctor_1600/0022.webp
AUDITDEV|FAIL|no changed audit-impact record covers audit/day_two_wash_complete_action_v1_20261001/root_route_attempt_03/native_frames/birthday_story_catalog_doctor_1600/0023.webp
AUDITDEV|FAIL|no changed audit-impact record covers audit/day_two_wash_complete_action_v1_20261001/root_route_attempt_03/native_frames/birthday_story_catalog_doctor_1600/0024.webp
AUDITDEV|FAIL|no changed audit-impact record covers audit/day_two_wash_complete_action_v1_20261001/root_route_attempt_03/native_frames/birthday_story_catalog_doctor_1600/0025.webp
AUDITDEV|FAIL|no changed audit-impact record covers audit/day_two_wash_complete_action_v1_20261001/root_route_attempt_03/native_frames/birthday_story_catalog_doctor_1600/0026.webp
AUDITDEV|FAIL|no changed audit-impact record covers audit/day_two_wash_complete_action_v1_20261001/root_route_attempt_03/native_frames/birthday_story_catalog_doctor_1600/0027.webp
AUDITDEV|FAIL|no changed audit-impact record covers audit/day_two_wash_complete_action_v1_20261001/root_route_attempt_03/native_frames/birthday_story_catalog_doctor_1600/0028.webp
AUDITDEV|FAIL|no changed audit-impact record covers audit/day_two_wash_complete_action_v1_20261001/root_route_attempt_03/native_frames/birthday_story_catalog_doctor_1600/0029.webp
AUDITDEV|FAIL|no changed audit-impact record covers audit/day_two_wash_complete_action_v1_20261001/root_route_attempt_03/native_frames/birthday_story_catalog_doctor_1600/0030.webp
AUDITDEV|FAIL|no changed audit-impact record covers audit/day_two_wash_complete_action_v1_20261001/root_route_attempt_03/native_frames/birthday_story_catalog_doctor_1600/0031.webp
AUDITDEV|FAIL|no changed audit-impact record covers audit/day_two_wash_complete_action_v1_20261001/root_route_attempt_03/native_frames/birthday_story_catalog_doctor_1600/0032.webp
AUDITDEV|FAIL|no changed audit-impact record covers audit/day_two_wash_complete_action_v1_20261001/root_route_attempt_03/native_frames/birthday_story_catalog_doctor_1600/0033.webp
AUDITDEV|FAIL|no changed audit-impact record covers audit/day_two_wash_complete_action_v1_20261001/root_route_attempt_03/native_frames/birthday_story_catalog_doctor_1600/0034.webp
AUDITDEV|FAIL|no changed audit-impact record covers audit/day_two_wash_complete_action_v1_20261001/root_route_attempt_03/native_frames/birthday_story_catalog_doctor_1600/0035.webp
AUDITDEV|FAIL|no changed audit-impact record covers audit/day_two_wash_complete_action_v1_20261001/root_route_attempt_03/native_frames/birthday_story_catalog_doctor_1600/0036.webp
AUDITDEV|FAIL|no changed audit-impact record covers audit/day_two_wash_complete_action_v1_20261001/root_route_attempt_03/native_frames/birthday_story_catalog_doctor_1600/0037.webp
AUDITDEV|FAIL|no changed audit-impact record covers audit/day_two_wash_complete_action_v1_20261001/root_route_attempt_03/native_frames/birthday_story_catalog_doctor_1600/0038.webp
AUDITDEV|FAIL|no changed audit-impact record covers audit/day_two_wash_complete_action_v1_20261001/root_route_attempt_03/native_frames/birthday_story_catalog_doctor_1600/0039.webp
AUDITDEV|FAIL|no changed audit-impact record covers audit/day_two_wash_complete_action_v1_20261001/root_route_attempt_03/native_frames/birthday_story_catalog_doctor_1600/0040.webp
AUDITDEV|FAIL|no changed audit-impact record covers audit/day_two_wash_complete_action_v1_20261001/root_route_attempt_03/native_frames/birthday_story_catalog_doctor_1600/0041.webp
AUDITDEV|FAIL|no changed audit-impact record covers audit/day_two_wash_complete_action_v1_20261001/root_route_attempt_03/native_frames/birthday_story_catalog_doctor_1600/0042.webp
AUDITDEV|FAIL|no changed audit-impact record covers audit/day_two_wash_complete_action_v1_20261001/root_route_attempt_03/native_frames/birthday_story_catalog_doctor_1600/0043.webp
AUDITDEV|FAIL|no changed audit-impact record covers audit/day_two_wash_complete_action_v1_20261001/root_route_attempt_03/native_frames/birthday_story_catalog_doctor_1600/0044.webp
AUDITDEV|FAIL|no changed audit-impact record covers audit/day_two_wash_complete_action_v1_20261001/root_route_attempt_03/native_frames/birthday_story_catalog_doctor_1600/0045.webp
AUDITDEV|FAIL|no changed audit-impact record covers audit/day_two_wash_complete_action_v1_20261001/root_route_attempt_03/native_frames/birthday_story_catalog_doctor_1600/0046.webp
AUDITDEV|FAIL|no changed audit-impact record covers audit/day_two_wash_complete_action_v1_20261001/root_route_attempt_03/native_frames/birthday_story_catalog_doctor_1600/0047.webp
AUDITDEV|FAIL|no changed audit-impact record covers audit/day_two_wash_complete_action_v1_20261001/root_route_attempt_03/native_frames/birthday_story_catalog_doctor_1600/0048.webp
AUDITDEV|FAIL|no changed audit-impact record covers audit/day_two_wash_complete_action_v1_20261001/root_route_attempt_03/native_frames/birthday_story_catalog_doctor_1600/0049.webp
AUDITDEV|FAIL|no changed audit-impact record covers audit/day_two_wash_complete_action_v1_20261001/root_route_attempt_03/native_frames/birthday_story_catalog_doctor_1600/0050.webp
AUDITDEV|FAIL|no changed audit-impact record covers audit/day_two_wash_complete_action_v1_20261001/root_route_attempt_03/native_frames/birthday_story_catalog_doctor_1600/0051.webp
AUDITDEV|FAIL|no changed audit-impact record covers audit/day_two_wash_complete_action_v1_20261001/root_route_attempt_03/native_frames/birthday_story_catalog_doctor_1600/0052.webp
AUDITDEV|FAIL|no changed audit-impact record covers audit/day_two_wash_complete_action_v1_20261001/root_route_attempt_03/native_frames/birthday_story_catalog_doctor_1600/0053.webp
AUDITDEV|FAIL|no changed audit-impact record covers audit/day_two_wash_complete_action_v1_20261001/root_route_attempt_03/native_frames/birthday_story_catalog_doctor_1600/0054.webp
AUDITDEV|FAIL|no changed audit-impact record covers audit/day_two_wash_complete_action_v1_20261001/root_route_attempt_03/native_frames/birthday_story_catalog_doctor_1600/0055.webp
AUDITDEV|FAIL|no changed audit-impact record covers audit/day_two_wash_complete_action_v1_20261001/root_route_attempt_03/native_frames/birthday_story_catalog_doctor_1600/0056.webp
AUDITDEV|FAIL|no changed audit-impact record covers audit/day_two_wash_complete_action_v1_20261001/root_route_attempt_03/native_frames/birthday_story_catalog_doctor_1600/0057.webp
AUDITDEV|FAIL|no changed audit-impact record covers audit/day_two_wash_complete_action_v1_20261001/root_route_attempt_03/native_frames/birthday_story_catalog_doctor_1600/0058.webp
AUDITDEV|FAIL|no changed audit-impact record covers audit/day_two_wash_complete_action_v1_20261001/root_route_attempt_03/native_frames/birthday_story_catalog_doctor_1600/0059.webp
AUDITDEV|FAIL|no changed audit-impact record covers audit/day_two_wash_complete_action_v1_20261001/root_route_attempt_03/native_frames/birthday_story_catalog_doctor_1600/0060.webp
AUDITDEV|FAIL|no changed audit-impact record covers audit/day_two_wash_complete_action_v1_20261001/root_route_attempt_03/native_frames/birthday_story_catalog_doctor_1600/0061.webp
AUDITDEV|FAIL|no changed audit-impact record covers audit/day_two_wash_complete_action_v1_20261001/root_route_attempt_03/native_frames/birthday_story_catalog_doctor_1600/0062.webp
AUDITDEV|FAIL|no changed audit-impact record covers audit/day_two_wash_complete_action_v1_20261001/root_route_attempt_03/native_frames/birthday_story_catalog_doctor_1600/0063.webp
AUDITDEV|FAIL|no changed audit-impact record covers audit/day_two_wash_complete_action_v1_20261001/root_route_attempt_03/native_frames/birthday_story_catalog_doctor_1600/0064.webp
AUDITDEV|FAIL|no changed audit-impact record covers audit/day_two_wash_complete_action_v1_20261001/root_route_attempt_03/native_frames/birthday_story_catalog_doctor_1600/0065.webp
AUDITDEV|FAIL|no changed audit-impact record covers audit/day_two_wash_complete_action_v1_20261001/root_route_attempt_03/native_frames/birthday_story_catalog_doctor_1600/0066.webp
AUDITDEV|FAIL|no changed audit-impact record covers audit/day_two_wash_complete_action_v1_20261001/root_route_attempt_03/native_frames/birthday_story_catalog_doctor_1600/0067.webp
AUDITDEV|FAIL|no changed audit-impact record covers audit/day_two_wash_complete_action_v1_20261001/root_route_attempt_03/native_frames/birthday_story_catalog_doctor_1600/0068.webp
AUDITDEV|FAIL|no changed audit-impact record covers audit/day_two_wash_complete_action_v1_20261001/root_route_attempt_03/native_frames/birthday_story_catalog_doctor_1600/0069.webp
AUDITDEV|FAIL|no changed audit-impact record covers audit/day_two_wash_complete_action_v1_20261001/root_route_attempt_03/native_frames/birthday_story_catalog_doctor_1600/0070.webp
AUDITDEV|FAIL|no changed audit-impact record covers audit/day_two_wash_complete_action_v1_20261001/root_route_attempt_03/native_frames/birthday_story_catalog_doctor_1600/0071.webp
AUDITDEV|FAIL|no changed audit-impact record covers audit/day_two_wash_complete_action_v1_20261001/root_route_attempt_03/native_frames/birthday_story_catalog_doctor_1600/0072.webp
AUDITDEV|FAIL|no changed audit-impact record covers audit/day_two_wash_complete_action_v1_20261001/root_route_attempt_03/native_frames/birthday_story_catalog_doctor_1600/0073.webp
AUDITDEV|FAIL|no changed audit-impact record covers audit/day_two_wash_complete_action_v1_20261001/root_route_attempt_03/native_frames/birthday_story_catalog_doctor_1600/0074.webp
AUDITDEV|FAIL|no changed audit-impact record covers audit/day_two_wash_complete_action_v1_20261001/root_route_attempt_03/native_frames/birthday_story_catalog_doctor_1600/0075.webp
AUDITDEV|FAIL|no changed audit-impact record covers audit/day_two_wash_complete_action_v1_20261001/root_route_attempt_03/native_frames/birthday_story_catalog_doctor_1600/0076.webp
AUDITDEV|FAIL|no changed audit-impact record covers audit/day_two_wash_complete_action_v1_20261001/root_route_attempt_03/native_frames/birthday_story_catalog_doctor_1600/0077.webp
AUDITDEV|FAIL|no changed audit-impact record covers audit/day_two_wash_complete_action_v1_20261001/root_route_attempt_03/native_frames/birthday_story_catalog_doctor_1600/0078.webp
AUDITDEV|FAIL|no changed audit-impact record covers audit/day_two_wash_complete_action_v1_20261001/root_route_attempt_03/native_frames/birthday_story_catalog_doctor_1600/0079.webp
AUDITDEV|FAIL|no changed audit-impact record covers audit/day_two_wash_complete_action_v1_20261001/root_route_attempt_03/native_frames/birthday_story_catalog_doctor_1600/0080.webp
AUDITDEV|FAIL|no changed audit-impact record covers audit/day_two_wash_complete_action_v1_20261001/root_route_attempt_03/native_frames/birthday_story_catalog_doctor_1600/0081.webp
AUDITDEV|FAIL|no changed audit-impact record covers audit/day_two_wash_complete_action_v1_20261001/root_route_attempt_03/native_frames/birthday_story_catalog_doctor_1600/0082.webp
AUDITDEV|FAIL|no changed audit-impact record covers audit/day_two_wash_complete_action_v1_20261001/root_route_attempt_03/native_frames/birthday_story_catalog_doctor_1600/0083.webp
AUDITDEV|FAIL|no changed audit-impact record covers audit/day_two_wash_complete_action_v1_20261001/root_route_attempt_03/native_frames/birthday_story_catalog_doctor_1600/0084.webp
AUDITDEV|FAIL|no changed audit-impact record covers audit/day_two_wash_complete_action_v1_20261001/root_route_attempt_03/native_frames/birthday_story_catalog_doctor_1600/0085.webp
AUDITDEV|FAIL|no changed audit-impact record covers audit/day_two_wash_complete_action_v1_20261001/root_route_attempt_03/native_frames/birthday_story_catalog_doctor_1600/0086.webp
AUDITDEV|FAIL|no changed audit-impact record covers audit/day_two_wash_complete_action_v1_20261001/root_route_attempt_03/native_frames/birthday_story_catalog_doctor_1600/0087.webp
AUDITDEV|FAIL|no changed audit-impact record covers audit/day_two_wash_complete_action_v1_20261001/root_route_attempt_03/native_frames/birthday_story_catalog_doctor_1600/0088.webp
AUDITDEV|FAIL|no changed audit-impact record covers audit/day_two_wash_complete_action_v1_20261001/root_route_attempt_03/native_frames/birthday_story_catalog_doctor_1600/0089.webp
AUDITDEV|FAIL|no changed audit-impact record covers audit/day_two_wash_complete_action_v1_20261001/root_route_attempt_03/native_frames/birthday_story_catalog_doctor_1600/0090.webp
AUDITDEV|FAIL|no changed audit-impact record covers audit/day_two_wash_complete_action_v1_20261001/root_route_attempt_03/native_frames/birthday_story_catalog_doctor_1600/0091.webp
AUDITDEV|FAIL|no changed audit-impact record covers audit/day_two_wash_complete_action_v1_20261001/root_route_attempt_03/native_frames/birthday_story_catalog_doctor_1600/0092.webp
AUDITDEV|FAIL|no changed audit-impact record covers audit/day_two_wash_complete_action_v1_20261001/root_route_attempt_03/native_frames/birthday_story_catalog_doctor_1600/0093.webp
AUDITDEV|FAIL|no changed audit-impact record covers audit/day_two_wash_complete_action_v1_20261001/root_route_attempt_03/native_frames/birthday_story_catalog_doctor_1600/0094.webp
AUDITDEV|FAIL|no changed audit-impact record covers audit/day_two_wash_complete_action_v1_20261001/root_route_attempt_03/native_frames/birthday_story_catalog_doctor_1600/0095.webp
AUDITDEV|FAIL|no changed audit-impact record covers audit/day_two_wash_complete_action_v1_20261001/root_route_attempt_03/native_frames/birthday_story_catalog_doctor_1600/0096.webp
AUDITDEV|FAIL|no changed audit-impact record covers audit/day_two_wash_complete_action_v1_20261001/root_route_attempt_03/native_frames/birthday_story_catalog_doctor_1600/0097.webp
AUDITDEV|FAIL|no changed audit-impact record covers audit/day_two_wash_complete_action_v1_20261001/root_route_attempt_03/native_frames/birthday_story_catalog_doctor_1600/0098.webp
AUDITDEV|FAIL|no changed audit-impact record covers audit/day_two_wash_complete_action_v1_20261001/root_route_attempt_03/native_frames/birthday_story_catalog_doctor_1600/0099.webp
AUDITDEV|FAIL|no changed audit-impact record covers audit/day_two_wash_complete_action_v1_20261001/root_route_attempt_03/native_frames/birthday_story_catalog_doctor_1600/0100.webp
AUDITDEV|FAIL|no changed audit-impact record covers audit/day_two_wash_complete_action_v1_20261001/root_route_attempt_03/native_frames/birthday_story_catalog_doctor_1600/0101.webp
AUDITDEV|FAIL|no changed audit-impact record covers audit/day_two_wash_complete_action_v1_20261001/root_route_attempt_03/native_frames/birthday_story_catalog_doctor_1600/0102.webp
AUDITDEV|FAIL|no changed audit-impact record covers audit/day_two_wash_complete_action_v1_20261001/root_route_attempt_03/native_frames/birthday_story_catalog_doctor_1600/0103.webp
AUDITDEV|FAIL|no changed audit-impact record covers audit/day_two_wash_complete_action_v1_20261001/root_route_attempt_03/native_frames/birthday_story_catalog_doctor_1600/0104.webp
AUDITDEV|FAIL|no changed audit-impact record covers audit/day_two_wash_complete_action_v1_20261001/root_route_attempt_03/native_frames/birthday_story_catalog_doctor_1600/0105.webp
AUDITDEV|FAIL|no changed audit-impact record covers audit/day_two_wash_complete_action_v1_20261001/root_route_attempt_03/native_frames/birthday_story_catalog_doctor_1600/0106.webp
AUDITDEV|FAIL|no changed audit-impact record covers audit/day_two_wash_complete_action_v1_20261001/root_route_attempt_03/native_frames/birthday_story_catalog_doctor_1600/0107.webp
AUDITDEV|FAIL|no changed audit-impact record covers audit/day_two_wash_complete_action_v1_20261001/root_route_attempt_03/native_frames/birthday_story_catalog_doctor_1600/0108.webp
AUDITDEV|FAIL|no changed audit-impact record covers audit/day_two_wash_complete_action_v1_20261001/root_route_attempt_03/native_frames/birthday_story_catalog_doctor_1600/0109.webp
AUDITDEV|FAIL|no changed audit-impact record covers audit/day_two_wash_complete_action_v1_20261001/root_route_attempt_03/native_frames/birthday_story_catalog_doctor_1600/0110.webp
AUDITDEV|FAIL|no changed audit-impact record covers audit/day_two_wash_complete_action_v1_20261001/root_route_attempt_03/native_frames/birthday_story_catalog_doctor_1600/0111.webp
AUDITDEV|FAIL|no changed audit-impact record covers audit/day_two_wash_complete_action_v1_20261001/root_route_attempt_03/native_frames/birthday_story_catalog_doctor_1600/0112.webp
AUDITDEV|FAIL|no changed audit-impact record covers audit/day_two_wash_complete_action_v1_20261001/root_route_attempt_03/native_frames/birthday_story_catalog_doctor_1600/0113.webp
AUDITDEV|FAIL|no changed audit-impact record covers audit/day_two_wash_complete_action_v1_20261001/root_route_attempt_03/native_frames/birthday_story_catalog_doctor_1600/0114.webp
AUDITDEV|FAIL|no changed audit-impact record covers audit/day_two_wash_complete_action_v1_20261001/root_route_attempt_03/native_frames/birthday_story_catalog_doctor_1600/0115.webp
AUDITDEV|FAIL|no changed audit-impact record covers audit/day_two_wash_complete_action_v1_20261001/root_route_attempt_03/native_frames/birthday_story_catalog_doctor_1600/0116.webp
AUDITDEV|FAIL|no changed audit-impact record covers audit/day_two_wash_complete_action_v1_20261001/root_route_attempt_03/native_frames/birthday_story_catalog_doctor_1600/0117.webp
AUDITDEV|FAIL|no changed audit-impact record covers audit/day_two_wash_complete_action_v1_20261001/root_route_attempt_03/native_frames/birthday_story_catalog_doctor_1600/0118.webp
AUDITDEV|FAIL|no changed audit-impact record covers audit/day_two_wash_complete_action_v1_20261001/root_route_attempt_03/native_frames/birthday_story_catalog_doctor_1600/0119.webp
AUDITDEV|FAIL|no changed audit-impact record covers audit/day_two_wash_complete_action_v1_20261001/root_route_attempt_03/native_frames/birthday_story_catalog_doctor_1600/0120.webp
AUDITDEV|FAIL|no changed audit-impact record covers audit/day_two_wash_complete_action_v1_20261001/root_route_attempt_03/native_frames/birthday_story_catalog_doctor_1600/0121.webp
AUDITDEV|FAIL|no changed audit-impact record covers audit/day_two_wash_complete_action_v1_20261001/root_route_attempt_03/native_frames/birthday_story_catalog_doctor_1600/0122.webp
AUDITDEV|FAIL|no changed audit-impact record covers audit/day_two_wash_complete_action_v1_20261001/root_route_attempt_03/native_frames/birthday_story_catalog_doctor_1600/0123.webp
AUDITDEV|FAIL|no changed audit-impact record covers audit/day_two_wash_complete_action_v1_20261001/root_route_attempt_03/native_frames/birthday_story_catalog_doctor_1600/0124.webp
AUDITDEV|FAIL|no changed audit-impact record covers audit/day_two_wash_complete_action_v1_20261001/root_route_attempt_03/native_frames/birthday_story_catalog_doctor_1600/0125.webp
AUDITDEV|FAIL|no changed audit-impact record covers audit/day_two_wash_complete_action_v1_20261001/root_route_attempt_03/native_frames/birthday_story_catalog_doctor_1600/0126.webp
AUDITDEV|FAIL|no changed audit-impact record covers audit/day_two_wash_complete_action_v1_20261001/root_route_attempt_03/native_frames/birthday_story_catalog_doctor_1600/0127.webp
AUDITDEV|FAIL|no changed audit-impact record covers audit/day_two_wash_complete_action_v1_20261001/root_route_attempt_03/native_frames/birthday_story_catalog_doctor_1600/0128.webp
AUDITDEV|FAIL|no changed audit-impact record covers audit/day_two_wash_complete_action_v1_20261001/root_route_attempt_03/native_frames/birthday_story_catalog_doctor_1600/0129.webp
AUDITDEV|FAIL|no changed audit-impact record covers audit/day_two_wash_complete_action_v1_20261001/root_route_attempt_03/native_frames/birthday_story_catalog_doctor_1600/0130.webp
AUDITDEV|FAIL|no changed audit-impact record covers audit/day_two_wash_complete_action_v1_20261001/root_route_attempt_03/native_frames/birthday_story_catalog_doctor_1600/0131.webp
AUDITDEV|FAIL|no changed audit-impact record covers audit/day_two_wash_complete_action_v1_20261001/root_route_attempt_03/native_frames/birthday_story_catalog_doctor_1600/0132.webp
AUDITDEV|FAIL|no changed audit-impact record covers audit/day_two_wash_complete_action_v1_20261001/root_route_attempt_03/native_frames/birthday_story_catalog_doctor_1600/0133.webp
AUDITDEV|FAIL|no changed audit-impact record covers audit/day_two_wash_complete_action_v1_20261001/root_route_attempt_03/native_frames/birthday_story_catalog_doctor_1600/0134.webp
AUDITDEV|FAIL|no changed audit-impact record covers audit/day_two_wash_complete_action_v1_20261001/root_route_attempt_03/native_frames/birthday_story_catalog_doctor_1600/0135.webp
AUDITDEV|FAIL|no changed audit-impact record covers audit/day_two_wash_complete_action_v1_20261001/root_route_attempt_03/native_frames/birthday_story_catalog_doctor_1600/0136.webp
AUDITDEV|FAIL|no changed audit-impact record covers audit/day_two_wash_complete_action_v1_20261001/root_route_attempt_03/native_frames/birthday_story_catalog_doctor_1600/0137.webp
AUDITDEV|FAIL|no changed audit-impact record covers audit/day_two_wash_complete_action_v1_20261001/root_route_attempt_03/native_frames/birthday_story_catalog_doctor_1600/0138.webp
AUDITDEV|FAIL|no changed audit-impact record covers audit/day_two_wash_complete_action_v1_20261001/root_route_attempt_03/native_frames/birthday_story_catalog_doctor_1600/0139.webp
AUDITDEV|FAIL|no changed audit-impact record covers audit/day_two_wash_complete_action_v1_20261001/root_route_attempt_03/native_frames/birthday_story_catalog_doctor_1600/0140.webp
AUDITDEV|FAIL|no changed audit-impact record covers audit/day_two_wash_complete_action_v1_20261001/root_route_attempt_03/native_frames/birthday_story_catalog_doctor_1600/0141.webp
AUDITDEV|FAIL|no changed audit-impact record covers audit/day_two_wash_complete_action_v1_20261001/root_route_attempt_03/native_frames/birthday_story_catalog_doctor_1600/0142.webp
AUDITDEV|FAIL|no changed audit-impact record covers audit/day_two_wash_complete_action_v1_20261001/root_route_attempt_03/native_frames/birthday_story_catalog_doctor_1600/0143.webp
AUDITDEV|FAIL|no changed audit-impact record covers audit/day_two_wash_complete_action_v1_20261001/root_route_attempt_03/native_frames/birthday_story_catalog_doctor_1600/0144.webp
AUDITDEV|FAIL|no changed audit-impact record covers audit/day_two_wash_complete_action_v1_20261001/root_route_attempt_03/native_frames/birthday_story_catalog_doctor_1600/0145.webp
AUDITDEV|FAIL|no changed audit-impact record covers audit/day_two_wash_complete_action_v1_20261001/root_route_attempt_03/native_frames/birthday_story_catalog_doctor_1600/0146.webp
AUDITDEV|FAIL|no changed audit-impact record covers audit/day_two_wash_complete_action_v1_20261001/root_route_attempt_03/native_frames/birthday_story_catalog_doctor_1600/0147.webp
AUDITDEV|FAIL|no changed audit-impact record covers audit/day_two_wash_complete_action_v1_20261001/root_route_attempt_03/native_frames/birthday_story_catalog_doctor_1600/0148.webp
AUDITDEV|FAIL|no changed audit-impact record covers audit/day_two_wash_complete_action_v1_20261001/root_route_attempt_03/native_frames/birthday_story_catalog_doctor_1600/0149.webp
AUDITDEV|FAIL|no changed audit-impact record covers audit/day_two_wash_complete_action_v1_20261001/root_route_attempt_03/native_frames/birthday_story_catalog_doctor_1600/0150.webp
AUDITDEV|FAIL|no changed audit-impact record covers audit/day_two_wash_complete_action_v1_20261001/root_route_attempt_03/native_frames/birthday_story_catalog_doctor_1600/0151.webp
AUDITDEV|FAIL|no changed audit-impact record covers audit/day_two_wash_complete_action_v1_20261001/root_route_attempt_03/native_frames/birthday_story_catalog_doctor_1600/0152.webp
AUDITDEV|FAIL|no changed audit-impact record covers audit/day_two_wash_complete_action_v1_20261001/root_route_attempt_03/native_frames/birthday_story_catalog_doctor_1600/0153.webp
AUDITDEV|FAIL|no changed audit-impact record covers audit/day_two_wash_complete_action_v1_20261001/root_route_attempt_03/native_frames/birthday_story_catalog_doctor_1600/0154.webp
AUDITDEV|FAIL|no changed audit-impact record covers audit/day_two_wash_complete_action_v1_20261001/root_route_attempt_03/native_frames/birthday_story_catalog_doctor_1600/0155.webp
AUDITDEV|FAIL|no changed audit-impact record covers audit/day_two_wash_complete_action_v1_20261001/root_route_attempt_03/native_frames/birthday_story_catalog_doctor_1600/0156.webp
AUDITDEV|FAIL|no changed audit-impact record covers audit/day_two_wash_complete_action_v1_20261001/root_route_attempt_03/native_frames/birthday_story_catalog_doctor_1600/0157.webp
AUDITDEV|FAIL|no changed audit-impact record covers audit/day_two_wash_complete_action_v1_20261001/root_route_attempt_03/native_frames/birthday_story_catalog_doctor_1600/0158.webp
AUDITDEV|FAIL|no changed audit-impact record covers audit/day_two_wash_complete_action_v1_20261001/root_route_attempt_03/native_frames/birthday_story_catalog_doctor_1600/0159.webp
AUDITDEV|FAIL|no changed audit-impact record covers audit/day_two_wash_complete_action_v1_20261001/root_route_attempt_03/native_frames/birthday_story_catalog_doctor_1600/0160.webp
AUDITDEV|FAIL|no changed audit-impact record covers audit/day_two_wash_complete_action_v1_20261001/root_route_attempt_03/native_frames/birthday_story_catalog_doctor_1600/0161.webp
AUDITDEV|FAIL|no changed audit-impact record covers audit/day_two_wash_complete_action_v1_20261001/root_route_attempt_03/native_frames/birthday_story_catalog_doctor_1600/0162.webp
AUDITDEV|FAIL|no changed audit-impact record covers audit/day_two_wash_complete_action_v1_20261001/root_route_attempt_03/native_frames/birthday_story_catalog_doctor_1600/0163.webp
AUDITDEV|FAIL|no changed audit-impact record covers audit/day_two_wash_complete_action_v1_20261001/root_route_attempt_03/native_frames/birthday_story_catalog_doctor_1600/0164.webp
AUDITDEV|FAIL|no changed audit-impact record covers audit/day_two_wash_complete_action_v1_20261001/root_route_attempt_03/native_frames/birthday_story_catalog_doctor_1600/0165.webp
AUDITDEV|FAIL|no changed audit-impact record covers audit/day_two_wash_complete_action_v1_20261001/root_route_attempt_03/native_frames/birthday_story_catalog_doctor_1600/0166.webp
AUDITDEV|FAIL|no changed audit-impact record covers audit/day_two_wash_complete_action_v1_20261001/root_route_attempt_03/native_frames/birthday_story_catalog_doctor_1600/0167.webp
AUDITDEV|FAIL|no changed audit-impact record covers audit/day_two_wash_complete_action_v1_20261001/root_route_attempt_03/native_frames/birthday_story_catalog_doctor_1600/0168.webp
AUDITDEV|FAIL|no changed audit-impact record covers audit/day_two_wash_complete_action_v1_20261001/root_route_attempt_03/native_frames/birthday_story_catalog_doctor_1600/0169.webp
AUDITDEV|FAIL|no changed audit-impact record covers audit/day_two_wash_complete_action_v1_20261001/root_route_attempt_03/native_frames/birthday_story_catalog_doctor_1600/0170.webp
AUDITDEV|FAIL|no changed audit-impact record covers audit/day_two_wash_complete_action_v1_20261001/root_route_attempt_03/native_frames/birthday_story_catalog_doctor_1600/0171.webp
AUDITDEV|FAIL|no changed audit-impact record covers audit/day_two_wash_complete_action_v1_20261001/root_route_attempt_03/native_frames/birthday_story_catalog_doctor_1600/0172.webp
AUDITDEV|FAIL|no changed audit-impact record covers audit/day_two_wash_complete_action_v1_20261001/root_route_attempt_03/native_frames/birthday_story_catalog_doctor_1600/0173.webp
AUDITDEV|FAIL|no changed audit-impact record covers audit/day_two_wash_complete_action_v1_20261001/root_route_attempt_03/native_frames/birthday_story_catalog_doctor_1600/0174.webp
AUDITDEV|FAIL|no changed audit-impact record covers audit/day_two_wash_complete_action_v1_20261001/root_route_attempt_03/native_frames/birthday_story_catalog_doctor_1600/0175.webp
AUDITDEV|FAIL|no changed audit-impact record covers audit/day_two_wash_complete_action_v1_20261001/root_route_attempt_03/native_frames/birthday_story_catalog_doctor_1600/0176.webp
AUDITDEV|FAIL|no changed audit-impact record covers audit/day_two_wash_complete_action_v1_20261001/root_route_attempt_03/native_frames/birthday_story_catalog_doctor_1600/0177.webp
AUDITDEV|FAIL|no changed audit-impact record covers audit/day_two_wash_complete_action_v1_20261001/root_route_attempt_03/native_frames/birthday_story_catalog_doctor_1600/0178.webp
AUDITDEV|FAIL|no changed audit-impact record covers audit/day_two_wash_complete_action_v1_20261001/root_route_attempt_03/native_frames/birthday_story_catalog_doctor_1600/0179.webp
AUDITDEV|FAIL|no changed audit-impact record covers audit/day_two_wash_complete_action_v1_20261001/root_route_attempt_03/native_frames/birthday_story_catalog_doctor_1600/0180.webp
AUDITDEV|FAIL|no changed audit-impact record covers audit/day_two_wash_complete_action_v1_20261001/root_route_attempt_03/native_frames/birthday_story_catalog_doctor_1600/0181.webp
AUDITDEV|FAIL|no changed audit-impact record covers audit/day_two_wash_complete_action_v1_20261001/root_route_attempt_03/native_frames/birthday_story_catalog_doctor_1600/0182.webp
AUDITDEV|FAIL|no changed audit-impact record covers audit/day_two_wash_complete_action_v1_20261001/root_route_attempt_03/native_frames/birthday_story_catalog_doctor_1600/0183.webp
AUDITDEV|FAIL|no changed audit-impact record covers audit/day_two_wash_complete_action_v1_20261001/root_route_attempt_03/native_frames/birthday_story_catalog_doctor_1600/0184.webp
AUDITDEV|FAIL|no changed audit-impact record covers audit/day_two_wash_complete_action_v1_20261001/root_route_attempt_03/native_frames/birthday_story_catalog_doctor_1600/0185.webp
AUDITDEV|FAIL|no changed audit-impact record covers audit/day_two_wash_complete_action_v1_20261001/root_route_attempt_03/native_frames/birthday_story_catalog_doctor_1600/0186.webp
AUDITDEV|FAIL|no changed audit-impact record covers audit/day_two_wash_complete_action_v1_20261001/root_route_attempt_03/native_frames/birthday_story_catalog_doctor_1600/0187.webp
AUDITDEV|FAIL|no changed audit-impact record covers audit/day_two_wash_complete_action_v1_20261001/root_route_attempt_03/native_frames/birthday_story_catalog_doctor_1600/0188.webp
AUDITDEV|FAIL|no changed audit-impact record covers audit/day_two_wash_complete_action_v1_20261001/root_route_attempt_03/native_frames/birthday_story_catalog_doctor_1600/0189.webp
AUDITDEV|FAIL|no changed audit-impact record covers audit/day_two_wash_complete_action_v1_20261001/root_route_attempt_03/native_frames/birthday_story_catalog_doctor_1600/0190.webp
AUDITDEV|FAIL|no changed audit-impact record covers audit/day_two_wash_complete_action_v1_20261001/root_route_attempt_03/native_frames/birthday_story_catalog_doctor_1600/0191.webp
AUDITDEV|FAIL|no changed audit-impact record covers audit/day_two_wash_complete_action_v1_20261001/root_route_attempt_03/native_frames/birthday_story_catalog_doctor_1600/0192.webp
AUDITDEV|FAIL|no changed audit-impact record covers audit/day_two_wash_complete_action_v1_20261001/root_route_attempt_03/native_frames/birthday_story_catalog_doctor_1600/0193.webp
AUDITDEV|FAIL|no changed audit-impact record covers audit/day_two_wash_complete_action_v1_20261001/root_route_attempt_03/native_frames/birthday_story_catalog_doctor_1600/0194.webp
AUDITDEV|FAIL|no changed audit-impact record covers audit/day_two_wash_complete_action_v1_20261001/root_route_attempt_03/native_frames/birthday_story_catalog_doctor_1600/0195.webp
AUDITDEV|FAIL|no changed audit-impact record covers audit/day_two_wash_complete_action_v1_20261001/root_route_attempt_03/native_frames/birthday_story_catalog_doctor_1600/0196.webp
AUDITDEV|FAIL|no changed audit-impact record covers audit/day_two_wash_complete_action_v1_20261001/root_route_attempt_03/native_frames/birthday_story_catalog_doctor_1600/0197.webp
AUDITDEV|FAIL|no changed audit-impact record covers audit/day_two_wash_complete_action_v1_20261001/root_route_attempt_03/native_frames/birthday_story_catalog_doctor_1600/0198.webp
AUDITDEV|FAIL|no changed audit-impact record covers audit/day_two_wash_complete_action_v1_20261001/root_route_attempt_03/native_frames/birthday_story_catalog_doctor_1600/0199.webp
AUDITDEV|FAIL|no changed audit-impact record covers audit/day_two_wash_complete_action_v1_20261001/root_route_attempt_03/native_frames/birthday_story_catalog_doctor_1600/0200.webp
AUDITDEV|FAIL|no changed audit-impact record covers audit/day_two_wash_complete_action_v1_20261001/root_route_attempt_03/native_frames/birthday_story_catalog_doctor_1600/0201.webp
AUDITDEV|FAIL|no changed audit-impact record covers audit/day_two_wash_complete_action_v1_20261001/root_route_attempt_03/native_frames/birthday_story_catalog_doctor_1600/0202.webp
AUDITDEV|FAIL|no changed audit-impact record covers audit/day_two_wash_complete_action_v1_20261001/root_route_attempt_03/native_frames/birthday_story_catalog_doctor_1600/0203.webp
AUDITDEV|FAIL|no changed audit-impact record covers audit/day_two_wash_complete_action_v1_20261001/root_route_attempt_03/native_frames/birthday_story_catalog_doctor_1600/0204.webp
AUDITDEV|FAIL|no changed audit-impact record covers audit/day_two_wash_complete_action_v1_20261001/root_route_attempt_03/native_frames/birthday_story_catalog_doctor_1600/0205.webp
AUDITDEV|FAIL|no changed audit-impact record covers audit/day_two_wash_complete_action_v1_20261001/root_route_attempt_03/native_frames/birthday_story_catalog_doctor_1600/0206.webp
AUDITDEV|FAIL|no changed audit-impact record covers audit/day_two_wash_complete_action_v1_20261001/root_route_attempt_03/native_frames/birthday_story_catalog_doctor_1600/0207.webp
AUDITDEV|FAIL|no changed audit-impact record covers audit/day_two_wash_complete_action_v1_20261001/root_route_attempt_03/native_frames/birthday_story_catalog_doctor_1600/0208.webp
AUDITDEV|FAIL|no changed audit-impact record covers audit/day_two_wash_complete_action_v1_20261001/root_route_attempt_03/native_frames/birthday_story_catalog_doctor_1600/0209.webp
AUDITDEV|FAIL|no changed audit-impact record covers audit/day_two_wash_complete_action_v1_20261001/root_route_attempt_03/native_frames/birthday_story_catalog_doctor_1600/0210.webp
AUDITDEV|FAIL|no changed audit-impact record covers audit/day_two_wash_complete_action_v1_20261001/root_route_attempt_03/native_frames/birthday_story_catalog_doctor_1600/0211.webp
AUDITDEV|FAIL|no changed audit-impact record covers audit/day_two_wash_complete_action_v1_20261001/root_route_attempt_03/native_frames/birthday_story_catalog_doctor_1600/0212.webp
AUDITDEV|FAIL|no changed audit-impact record covers audit/day_two_wash_complete_action_v1_20261001/root_route_attempt_03/native_frames/birthday_story_catalog_doctor_1600/0213.webp
AUDITDEV|FAIL|no changed audit-impact record covers audit/day_two_wash_complete_action_v1_20261001/root_route_attempt_03/native_frames/birthday_story_catalog_doctor_1600/0214.webp
AUDITDEV|FAIL|no changed audit-impact record covers audit/day_two_wash_complete_action_v1_20261001/root_route_attempt_03/native_frames/birthday_story_catalog_doctor_1600/0215.webp
AUDITDEV|FAIL|no changed audit-impact record covers audit/day_two_wash_complete_action_v1_20261001/root_route_attempt_03/native_frames/birthday_story_catalog_doctor_1600/0216.webp
AUDITDEV|FAIL|no changed audit-impact record covers audit/day_two_wash_complete_action_v1_20261001/root_route_attempt_03/native_frames/birthday_story_catalog_doctor_1600/0217.webp
AUDITDEV|FAIL|no changed audit-impact record covers audit/day_two_wash_complete_action_v1_20261001/root_route_attempt_03/native_frames/birthday_story_catalog_doctor_1600/0218.webp
AUDITDEV|FAIL|no changed audit-impact record covers audit/day_two_wash_complete_action_v1_20261001/root_route_attempt_03/native_frames/birthday_story_catalog_doctor_1600/0219.webp
AUDITDEV|FAIL|no changed audit-impact record covers audit/day_two_wash_complete_action_v1_20261001/root_route_attempt_03/native_frames/birthday_story_catalog_doctor_1600/0220.webp
AUDITDEV|FAIL|no changed audit-impact record covers audit/day_two_wash_complete_action_v1_20261001/root_route_attempt_03/native_frames/birthday_story_catalog_doctor_1600/0221.webp
AUDITDEV|FAIL|no changed audit-impact record covers audit/day_two_wash_complete_action_v1_20261001/root_route_attempt_03/native_frames/birthday_story_catalog_doctor_1600/0222.webp
AUDITDEV|FAIL|no changed audit-impact record covers audit/day_two_wash_complete_action_v1_20261001/root_route_attempt_03/native_frames/birthday_story_catalog_doctor_1600/0223.webp
AUDITDEV|FAIL|no changed audit-impact record covers audit/day_two_wash_complete_action_v1_20261001/root_route_attempt_03/native_frames/birthday_story_catalog_doctor_1600/0224.webp
AUDITDEV|FAIL|no changed audit-impact record covers audit/day_two_wash_complete_action_v1_20261001/root_route_attempt_03/native_frames/birthday_story_catalog_doctor_1600/0225.webp
AUDITDEV|FAIL|no changed audit-impact record covers audit/day_two_wash_complete_action_v1_20261001/root_route_attempt_03/native_frames/birthday_story_catalog_doctor_1600/0226.webp
AUDITDEV|FAIL|no changed audit-impact record covers audit/day_two_wash_complete_action_v1_20261001/root_route_attempt_03/native_frames/birthday_story_catalog_doctor_1600/0227.webp
AUDITDEV|FAIL|no changed audit-impact record covers audit/day_two_wash_complete_action_v1_20261001/root_route_attempt_03/native_frames/birthday_story_catalog_doctor_1600/0228.webp
AUDITDEV|FAIL|no changed audit-impact record covers audit/day_two_wash_complete_action_v1_20261001/root_route_attempt_03/native_frames/birthday_story_catalog_doctor_1600/0229.webp
AUDITDEV|FAIL|no changed audit-impact record covers audit/day_two_wash_complete_action_v1_20261001/root_route_attempt_03/native_frames/birthday_story_catalog_doctor_1600/0230.webp
AUDITDEV|FAIL|no changed audit-impact record covers audit/day_two_wash_complete_action_v1_20261001/root_route_attempt_03/native_frames/birthday_story_catalog_doctor_1600/0231.webp
AUDITDEV|FAIL|no changed audit-impact record covers audit/day_two_wash_complete_action_v1_20261001/root_route_attempt_03/native_frames/birthday_story_catalog_doctor_1600/0232.webp
AUDITDEV|FAIL|no changed audit-impact record covers audit/day_two_wash_complete_action_v1_20261001/root_route_attempt_03/native_frames/birthday_story_catalog_doctor_1600/0233.webp
AUDITDEV|FAIL|no changed audit-impact record covers audit/day_two_wash_complete_action_v1_20261001/root_route_attempt_03/native_frames/birthday_story_catalog_doctor_1600/0234.webp
AUDITDEV|FAIL|no changed audit-impact record covers audit/day_two_wash_complete_action_v1_20261001/root_route_attempt_03/native_frames/birthday_story_catalog_doctor_1600/0235.webp
AUDITDEV|FAIL|no changed audit-impact record covers audit/day_two_wash_complete_action_v1_20261001/root_route_attempt_03/native_frames/birthday_story_catalog_doctor_1600/0236.webp
AUDITDEV|FAIL|no changed audit-impact record covers audit/day_two_wash_complete_action_v1_20261001/root_route_attempt_03/native_frames/birthday_story_catalog_doctor_1600/0237.webp
AUDITDEV|FAIL|no changed audit-impact record covers audit/day_two_wash_complete_action_v1_20261001/root_route_attempt_03/native_frames/birthday_story_catalog_doctor_1600/0238.webp
AUDITDEV|FAIL|no changed audit-impact record covers audit/day_two_wash_complete_action_v1_20261001/root_route_attempt_03/native_frames/birthday_story_catalog_doctor_1600/0239.webp
AUDITDEV|FAIL|no changed audit-impact record covers audit/day_two_wash_complete_action_v1_20261001/root_route_attempt_03/native_frames/birthday_story_catalog_doctor_1600/0240.webp
AUDITDEV|FAIL|no changed audit-impact record covers audit/day_two_wash_complete_action_v1_20261001/root_route_attempt_03/native_frames/birthday_story_catalog_doctor_1600/0241.webp
AUDITDEV|FAIL|no changed audit-impact record covers audit/day_two_wash_complete_action_v1_20261001/root_route_attempt_03/native_frames/birthday_story_catalog_doctor_1600/0242.webp
AUDITDEV|FAIL|no changed audit-impact record covers audit/day_two_wash_complete_action_v1_20261001/root_route_attempt_03/native_frames/birthday_story_catalog_doctor_1600/0243.webp
AUDITDEV|FAIL|no changed audit-impact record covers audit/day_two_wash_complete_action_v1_20261001/root_route_attempt_03/native_frames/birthday_story_catalog_doctor_1600/0244.webp
AUDITDEV|FAIL|no changed audit-impact record covers audit/day_two_wash_complete_action_v1_20261001/root_route_attempt_03/native_frames/birthday_story_catalog_doctor_1600/0245.webp
AUDITDEV|FAIL|no changed audit-impact record covers audit/day_two_wash_complete_action_v1_20261001/root_route_attempt_03/native_frames/birthday_story_catalog_doctor_1600/0246.webp
AUDITDEV|FAIL|no changed audit-impact record covers audit/day_two_wash_complete_action_v1_20261001/root_route_attempt_03/native_frames/birthday_story_catalog_doctor_1600/0247.webp
AUDITDEV|FAIL|no changed audit-impact record covers audit/day_two_wash_complete_action_v1_20261001/root_route_attempt_03/native_frames/birthday_story_catalog_doctor_1600/0248.webp
AUDITDEV|FAIL|no changed audit-impact record covers audit/day_two_wash_complete_action_v1_20261001/root_route_attempt_03/native_frames/birthday_story_catalog_doctor_1600/0249.webp
AUDITDEV|FAIL|no changed audit-impact record covers audit/day_two_wash_complete_action_v1_20261001/root_route_attempt_03/native_frames/birthday_story_catalog_doctor_1600/0250.webp
AUDITDEV|FAIL|no changed audit-impact record covers audit/day_two_wash_complete_action_v1_20261001/root_route_attempt_03/native_frames/birthday_story_catalog_doctor_1600/0251.webp
AUDITDEV|FAIL|no changed audit-impact record covers audit/day_two_wash_complete_action_v1_20261001/root_route_attempt_03/native_frames/birthday_story_catalog_doctor_1600/0252.webp
AUDITDEV|FAIL|no changed audit-impact record covers audit/day_two_wash_complete_action_v1_20261001/root_route_attempt_03/native_frames/birthday_story_catalog_doctor_1600/0253.webp
AUDITDEV|FAIL|no changed audit-impact record covers audit/day_two_wash_complete_action_v1_20261001/root_route_attempt_03/native_frames/birthday_story_catalog_doctor_1600/0254.webp
AUDITDEV|FAIL|no changed audit-impact record covers audit/day_two_wash_complete_action_v1_20261001/root_route_attempt_03/native_frames/birthday_story_catalog_doctor_1600/0255.webp
AUDITDEV|FAIL|no changed audit-impact record covers audit/day_two_wash_complete_action_v1_20261001/root_route_attempt_03/native_frames/birthday_story_catalog_nursery_1280/0000.webp
AUDITDEV|FAIL|no changed audit-impact record covers audit/day_two_wash_complete_action_v1_20261001/root_route_attempt_03/native_frames/birthday_story_catalog_nursery_1280/0001.webp
AUDITDEV|FAIL|no changed audit-impact record covers audit/day_two_wash_complete_action_v1_20261001/root_route_attempt_03/native_frames/birthday_story_catalog_nursery_1280/0002.webp
AUDITDEV|FAIL|no changed audit-impact record covers audit/day_two_wash_complete_action_v1_20261001/root_route_attempt_03/native_frames/birthday_story_catalog_nursery_1280/0003.webp
AUDITDEV|FAIL|no changed audit-impact record covers audit/day_two_wash_complete_action_v1_20261001/root_route_attempt_03/native_frames/birthday_story_catalog_nursery_1280/0004.webp
AUDITDEV|FAIL|no changed audit-impact record covers audit/day_two_wash_complete_action_v1_20261001/root_route_attempt_03/native_frames/birthday_story_catalog_nursery_1280/0005.webp
AUDITDEV|FAIL|no changed audit-impact record covers audit/day_two_wash_complete_action_v1_20261001/root_route_attempt_03/native_frames/birthday_story_catalog_nursery_1280/0006.webp
AUDITDEV|FAIL|no changed audit-impact record covers audit/day_two_wash_complete_action_v1_20261001/root_route_attempt_03/native_frames/birthday_story_catalog_nursery_1280/0007.webp
AUDITDEV|FAIL|no changed audit-impact record covers audit/day_two_wash_complete_action_v1_20261001/root_route_attempt_03/native_frames/birthday_story_catalog_nursery_1280/0008.webp
AUDITDEV|FAIL|no changed audit-impact record covers audit/day_two_wash_complete_action_v1_20261001/root_route_attempt_03/native_frames/birthday_story_catalog_nursery_1280/0009.webp
AUDITDEV|FAIL|no changed audit-impact record covers audit/day_two_wash_complete_action_v1_20261001/root_route_attempt_03/native_frames/birthday_story_catalog_nursery_1280/0010.webp
AUDITDEV|FAIL|no changed audit-impact record covers audit/day_two_wash_complete_action_v1_20261001/root_route_attempt_03/native_frames/birthday_story_catalog_nursery_1280/0011.webp
AUDITDEV|FAIL|no changed audit-impact record covers audit/day_two_wash_complete_action_v1_20261001/root_route_attempt_03/native_frames/birthday_story_catalog_nursery_1280/0012.webp
AUDITDEV|FAIL|no changed audit-impact record covers audit/day_two_wash_complete_action_v1_20261001/root_route_attempt_03/native_frames/birthday_story_catalog_nursery_1280/0013.webp
AUDITDEV|FAIL|no changed audit-impact record covers audit/day_two_wash_complete_action_v1_20261001/root_route_attempt_03/native_frames/birthday_story_catalog_nursery_1280/0014.webp
AUDITDEV|FAIL|no changed audit-impact record covers audit/day_two_wash_complete_action_v1_20261001/root_route_attempt_03/native_frames/birthday_story_catalog_nursery_1280/0015.webp
AUDITDEV|FAIL|no changed audit-impact record covers audit/day_two_wash_complete_action_v1_20261001/root_route_attempt_03/native_frames/birthday_story_catalog_nursery_1280/0016.webp
AUDITDEV|FAIL|no changed audit-impact record covers audit/day_two_wash_complete_action_v1_20261001/root_route_attempt_03/native_frames/birthday_story_catalog_nursery_1280/0017.webp
AUDITDEV|FAIL|no changed audit-impact record covers audit/day_two_wash_complete_action_v1_20261001/root_route_attempt_03/native_frames/birthday_story_catalog_nursery_1280/0018.webp
AUDITDEV|FAIL|no changed audit-impact record covers audit/day_two_wash_complete_action_v1_20261001/root_route_attempt_03/native_frames/birthday_story_catalog_nursery_1280/0019.webp
AUDITDEV|FAIL|no changed audit-impact record covers audit/day_two_wash_complete_action_v1_20261001/root_route_attempt_03/native_frames/birthday_story_catalog_nursery_1280/0020.webp
AUDITDEV|FAIL|no changed audit-impact record covers audit/day_two_wash_complete_action_v1_20261001/root_route_attempt_03/native_frames/birthday_story_catalog_nursery_1280/0021.webp
AUDITDEV|FAIL|no changed audit-impact record covers audit/day_two_wash_complete_action_v1_20261001/root_route_attempt_03/native_frames/birthday_story_catalog_nursery_1280/0022.webp
AUDITDEV|FAIL|no changed audit-impact record covers audit/day_two_wash_complete_action_v1_20261001/root_route_attempt_03/native_frames/birthday_story_catalog_nursery_1280/0023.webp
AUDITDEV|FAIL|no changed audit-impact record covers audit/day_two_wash_complete_action_v1_20261001/root_route_attempt_03/native_frames/birthday_story_catalog_nursery_1280/0024.webp
AUDITDEV|FAIL|no changed audit-impact record covers audit/day_two_wash_complete_action_v1_20261001/root_route_attempt_03/native_frames/birthday_story_catalog_nursery_1280/0025.webp
AUDITDEV|FAIL|no changed audit-impact record covers audit/day_two_wash_complete_action_v1_20261001/root_route_attempt_03/native_frames/birthday_story_catalog_nursery_1280/0026.webp
AUDITDEV|FAIL|no changed audit-impact record covers audit/day_two_wash_complete_action_v1_20261001/root_route_attempt_03/native_frames/birthday_story_catalog_nursery_1280/0027.webp
AUDITDEV|FAIL|no changed audit-impact record covers audit/day_two_wash_complete_action_v1_20261001/root_route_attempt_03/native_frames/birthday_story_catalog_nursery_1280/0028.webp
AUDITDEV|FAIL|no changed audit-impact record covers audit/day_two_wash_complete_action_v1_20261001/root_route_attempt_03/native_frames/birthday_story_catalog_nursery_1280/0029.webp
AUDITDEV|FAIL|no changed audit-impact record covers audit/day_two_wash_complete_action_v1_20261001/root_route_attempt_03/native_frames/birthday_story_catalog_nursery_1280/0030.webp
AUDITDEV|FAIL|no changed audit-impact record covers audit/day_two_wash_complete_action_v1_20261001/root_route_attempt_03/native_frames/birthday_story_catalog_nursery_1280/0031.webp
AUDITDEV|FAIL|no changed audit-impact record covers audit/day_two_wash_complete_action_v1_20261001/root_route_attempt_03/native_frames/birthday_story_catalog_nursery_1280/0032.webp
AUDITDEV|FAIL|no changed audit-impact record covers audit/day_two_wash_complete_action_v1_20261001/root_route_attempt_03/native_frames/birthday_story_catalog_nursery_1280/0033.webp
AUDITDEV|FAIL|no changed audit-impact record covers audit/day_two_wash_complete_action_v1_20261001/root_route_attempt_03/native_frames/birthday_story_catalog_nursery_1280/0034.webp
AUDITDEV|FAIL|no changed audit-impact record covers audit/day_two_wash_complete_action_v1_20261001/root_route_attempt_03/native_frames/birthday_story_catalog_nursery_1280/0035.webp
AUDITDEV|FAIL|no changed audit-impact record covers audit/day_two_wash_complete_action_v1_20261001/root_route_attempt_03/native_frames/birthday_story_catalog_nursery_1280/0036.webp
AUDITDEV|FAIL|no changed audit-impact record covers audit/day_two_wash_complete_action_v1_20261001/root_route_attempt_03/native_frames/birthday_story_catalog_nursery_1280/0037.webp
AUDITDEV|FAIL|no changed audit-impact record covers audit/day_two_wash_complete_action_v1_20261001/root_route_attempt_03/native_frames/birthday_story_catalog_nursery_1280/0038.webp
AUDITDEV|FAIL|no changed audit-impact record covers audit/day_two_wash_complete_action_v1_20261001/root_route_attempt_03/native_frames/birthday_story_catalog_nursery_1280/0039.webp
AUDITDEV|FAIL|no changed audit-impact record covers audit/day_two_wash_complete_action_v1_20261001/root_route_attempt_03/native_frames/birthday_story_catalog_nursery_1280/0040.webp
AUDITDEV|FAIL|no changed audit-impact record covers audit/day_two_wash_complete_action_v1_20261001/root_route_attempt_03/native_frames/birthday_story_catalog_nursery_1280/0041.webp
AUDITDEV|FAIL|no changed audit-impact record covers audit/day_two_wash_complete_action_v1_20261001/root_route_attempt_03/native_frames/birthday_story_catalog_nursery_1280/0042.webp
AUDITDEV|FAIL|no changed audit-impact record covers audit/day_two_wash_complete_action_v1_20261001/root_route_attempt_03/native_frames/birthday_story_catalog_nursery_1280/0043.webp
AUDITDEV|FAIL|no changed audit-impact record covers audit/day_two_wash_complete_action_v1_20261001/root_route_attempt_03/native_frames/birthday_story_catalog_nursery_1280/0044.webp
AUDITDEV|FAIL|no changed audit-impact record covers audit/day_two_wash_complete_action_v1_20261001/root_route_attempt_03/native_frames/birthday_story_catalog_nursery_1280/0045.webp
AUDITDEV|FAIL|no changed audit-impact record covers audit/day_two_wash_complete_action_v1_20261001/root_route_attempt_03/native_frames/birthday_story_catalog_nursery_1280/0046.webp
AUDITDEV|FAIL|no changed audit-impact record covers audit/day_two_wash_complete_action_v1_20261001/root_route_attempt_03/native_frames/birthday_story_catalog_nursery_1280/0047.webp
AUDITDEV|FAIL|no changed audit-impact record covers audit/day_two_wash_complete_action_v1_20261001/root_route_attempt_03/native_frames/birthday_story_catalog_nursery_1280/0048.webp
AUDITDEV|FAIL|no changed audit-impact record covers audit/day_two_wash_complete_action_v1_20261001/root_route_attempt_03/native_frames/birthday_story_catalog_nursery_1280/0049.webp
AUDITDEV|FAIL|no changed audit-impact record covers audit/day_two_wash_complete_action_v1_20261001/root_route_attempt_03/native_frames/birthday_story_catalog_nursery_1280/0050.webp
AUDITDEV|FAIL|no changed audit-impact record covers audit/day_two_wash_complete_action_v1_20261001/root_route_attempt_03/native_frames/birthday_story_catalog_nursery_1280/0051.webp
AUDITDEV|FAIL|no changed audit-impact record covers audit/day_two_wash_complete_action_v1_20261001/root_route_attempt_03/native_frames/birthday_story_catalog_nursery_1280/0052.webp
AUDITDEV|FAIL|no changed audit-impact record covers audit/day_two_wash_complete_action_v1_20261001/root_route_attempt_03/native_frames/birthday_story_catalog_nursery_1280/0053.webp
AUDITDEV|FAIL|no changed audit-impact record covers audit/day_two_wash_complete_action_v1_20261001/root_route_attempt_03/native_frames/birthday_story_catalog_nursery_1280/0054.webp
AUDITDEV|FAIL|no changed audit-impact record covers audit/day_two_wash_complete_action_v1_20261001/root_route_attempt_03/native_frames/birthday_story_catalog_nursery_1280/0055.webp
AUDITDEV|FAIL|no changed audit-impact record covers audit/day_two_wash_complete_action_v1_20261001/root_route_attempt_03/native_frames/birthday_story_catalog_nursery_1280/0056.webp
AUDITDEV|FAIL|no changed audit-impact record covers audit/day_two_wash_complete_action_v1_20261001/root_route_attempt_03/native_frames/birthday_story_catalog_nursery_1280/0057.webp
AUDITDEV|FAIL|no changed audit-impact record covers audit/day_two_wash_complete_action_v1_20261001/root_route_attempt_03/native_frames/birthday_story_catalog_nursery_1280/0058.webp
AUDITDEV|FAIL|no changed audit-impact record covers audit/day_two_wash_complete_action_v1_20261001/root_route_attempt_03/native_frames/birthday_story_catalog_nursery_1280/0059.webp
AUDITDEV|FAIL|no changed audit-impact record covers audit/day_two_wash_complete_action_v1_20261001/root_route_attempt_03/native_frames/birthday_story_catalog_nursery_1280/0060.webp
AUDITDEV|FAIL|no changed audit-impact record covers audit/day_two_wash_complete_action_v1_20261001/root_route_attempt_03/native_frames/birthday_story_catalog_nursery_1280/0061.webp
AUDITDEV|FAIL|no changed audit-impact record covers audit/day_two_wash_complete_action_v1_20261001/root_route_attempt_03/native_frames/birthday_story_catalog_nursery_1280/0062.webp
AUDITDEV|FAIL|no changed audit-impact record covers audit/day_two_wash_complete_action_v1_20261001/root_route_attempt_03/native_frames/birthday_story_catalog_nursery_1280/0063.webp
AUDITDEV|FAIL|no changed audit-impact record covers audit/day_two_wash_complete_action_v1_20261001/root_route_attempt_03/native_frames/birthday_story_catalog_nursery_1280/0064.webp
AUDITDEV|FAIL|no changed audit-impact record covers audit/day_two_wash_complete_action_v1_20261001/root_route_attempt_03/native_frames/birthday_story_catalog_nursery_1280/0065.webp
AUDITDEV|FAIL|no changed audit-impact record covers audit/day_two_wash_complete_action_v1_20261001/root_route_attempt_03/native_frames/birthday_story_catalog_nursery_1280/0066.webp
AUDITDEV|FAIL|no changed audit-impact record covers audit/day_two_wash_complete_action_v1_20261001/root_route_attempt_03/native_frames/birthday_story_catalog_nursery_1280/0067.webp
AUDITDEV|FAIL|no changed audit-impact record covers audit/day_two_wash_complete_action_v1_20261001/root_route_attempt_03/native_frames/birthday_story_catalog_nursery_1280/0068.webp
AUDITDEV|FAIL|no changed audit-impact record covers audit/day_two_wash_complete_action_v1_20261001/root_route_attempt_03/native_frames/birthday_story_catalog_nursery_1280/0069.webp
AUDITDEV|FAIL|no changed audit-impact record covers audit/day_two_wash_complete_action_v1_20261001/root_route_attempt_03/native_frames/birthday_story_catalog_nursery_1280/0070.webp
AUDITDEV|FAIL|no changed audit-impact record covers audit/day_two_wash_complete_action_v1_20261001/root_route_attempt_03/native_frames/birthday_story_catalog_nursery_1280/0071.webp
AUDITDEV|FAIL|no changed audit-impact record covers audit/day_two_wash_complete_action_v1_20261001/root_route_attempt_03/native_frames/birthday_story_catalog_nursery_1280/0072.webp
AUDITDEV|FAIL|no changed audit-impact record covers audit/day_two_wash_complete_action_v1_20261001/root_route_attempt_03/native_frames/birthday_story_catalog_nursery_1280/0073.webp
AUDITDEV|FAIL|no changed audit-impact record covers audit/day_two_wash_complete_action_v1_20261001/root_route_attempt_03/native_frames/birthday_story_catalog_nursery_1280/0074.webp
AUDITDEV|FAIL|no changed audit-impact record covers audit/day_two_wash_complete_action_v1_20261001/root_route_attempt_03/native_frames/birthday_story_catalog_nursery_1280/0075.webp
AUDITDEV|FAIL|no changed audit-impact record covers audit/day_two_wash_complete_action_v1_20261001/root_route_attempt_03/native_frames/birthday_story_catalog_nursery_1280/0076.webp
AUDITDEV|FAIL|no changed audit-impact record covers audit/day_two_wash_complete_action_v1_20261001/root_route_attempt_03/native_frames/birthday_story_catalog_nursery_1280/0077.webp
AUDITDEV|FAIL|no changed audit-impact record covers audit/day_two_wash_complete_action_v1_20261001/root_route_attempt_03/native_frames/birthday_story_catalog_nursery_1280/0078.webp
AUDITDEV|FAIL|no changed audit-impact record covers audit/day_two_wash_complete_action_v1_20261001/root_route_attempt_03/native_frames/birthday_story_catalog_nursery_1280/0079.webp
AUDITDEV|FAIL|no changed audit-impact record covers audit/day_two_wash_complete_action_v1_20261001/root_route_attempt_03/native_frames/birthday_story_catalog_nursery_1280/0080.webp
AUDITDEV|FAIL|no changed audit-impact record covers audit/day_two_wash_complete_action_v1_20261001/root_route_attempt_03/native_frames/birthday_story_catalog_nursery_1280/0081.webp
AUDITDEV|FAIL|no changed audit-impact record covers audit/day_two_wash_complete_action_v1_20261001/root_route_attempt_03/native_frames/birthday_story_catalog_nursery_1280/0082.webp
AUDITDEV|FAIL|no changed audit-impact record covers audit/day_two_wash_complete_action_v1_20261001/root_route_attempt_03/native_frames/birthday_story_catalog_nursery_1280/0083.webp
AUDITDEV|FAIL|no changed audit-impact record covers audit/day_two_wash_complete_action_v1_20261001/root_route_attempt_03/native_frames/birthday_story_catalog_nursery_1280/0084.webp
AUDITDEV|FAIL|no changed audit-impact record covers audit/day_two_wash_complete_action_v1_20261001/root_route_attempt_03/native_frames/birthday_story_catalog_nursery_1280/0085.webp
AUDITDEV|FAIL|no changed audit-impact record covers audit/day_two_wash_complete_action_v1_20261001/root_route_attempt_03/native_frames/birthday_story_catalog_nursery_1280/0086.webp
AUDITDEV|FAIL|no changed audit-impact record covers audit/day_two_wash_complete_action_v1_20261001/root_route_attempt_03/native_frames/birthday_story_catalog_nursery_1280/0087.webp
AUDITDEV|FAIL|no changed audit-impact record covers audit/day_two_wash_complete_action_v1_20261001/root_route_attempt_03/native_frames/birthday_story_catalog_nursery_1280/0088.webp
AUDITDEV|FAIL|no changed audit-impact record covers audit/day_two_wash_complete_action_v1_20261001/root_route_attempt_03/native_frames/birthday_story_catalog_nursery_1280/0089.webp
AUDITDEV|FAIL|no changed audit-impact record covers audit/day_two_wash_complete_action_v1_20261001/root_route_attempt_03/native_frames/birthday_story_catalog_nursery_1280/0090.webp
AUDITDEV|FAIL|no changed audit-impact record covers audit/day_two_wash_complete_action_v1_20261001/root_route_attempt_03/native_frames/birthday_story_catalog_nursery_1280/0091.webp
AUDITDEV|FAIL|no changed audit-impact record covers audit/day_two_wash_complete_action_v1_20261001/root_route_attempt_03/native_frames/birthday_story_catalog_nursery_1280/0092.webp
AUDITDEV|FAIL|no changed audit-impact record covers audit/day_two_wash_complete_action_v1_20261001/root_route_attempt_03/native_frames/birthday_story_catalog_nursery_1280/0093.webp
AUDITDEV|FAIL|no changed audit-impact record covers audit/day_two_wash_complete_action_v1_20261001/root_route_attempt_03/native_frames/birthday_story_catalog_nursery_1280/0094.webp
AUDITDEV|FAIL|no changed audit-impact record covers audit/day_two_wash_complete_action_v1_20261001/root_route_attempt_03/native_frames/birthday_story_catalog_nursery_1280/0095.webp
AUDITDEV|FAIL|no changed audit-impact record covers audit/day_two_wash_complete_action_v1_20261001/root_route_attempt_03/native_frames/birthday_story_catalog_nursery_1280/0096.webp
AUDITDEV|FAIL|no changed audit-impact record covers audit/day_two_wash_complete_action_v1_20261001/root_route_attempt_03/native_frames/birthday_story_catalog_nursery_1280/0097.webp
AUDITDEV|FAIL|no changed audit-impact record covers audit/day_two_wash_complete_action_v1_20261001/root_route_attempt_03/native_frames/birthday_story_catalog_nursery_1280/0098.webp
AUDITDEV|FAIL|no changed audit-impact record covers audit/day_two_wash_complete_action_v1_20261001/root_route_attempt_03/native_frames/birthday_story_catalog_nursery_1280/0099.webp
AUDITDEV|FAIL|no changed audit-impact record covers audit/day_two_wash_complete_action_v1_20261001/root_route_attempt_03/native_frames/birthday_story_catalog_nursery_1280/0100.webp
AUDITDEV|FAIL|no changed audit-impact record covers audit/day_two_wash_complete_action_v1_20261001/root_route_attempt_03/native_frames/birthday_story_catalog_nursery_1280/0101.webp
AUDITDEV|FAIL|no changed audit-impact record covers audit/day_two_wash_complete_action_v1_20261001/root_route_attempt_03/native_frames/birthday_story_catalog_nursery_1280/0102.webp
AUDITDEV|FAIL|no changed audit-impact record covers audit/day_two_wash_complete_action_v1_20261001/root_route_attempt_03/native_frames/birthday_story_catalog_nursery_1280/0103.webp
AUDITDEV|FAIL|no changed audit-impact record covers audit/day_two_wash_complete_action_v1_20261001/root_route_attempt_03/native_frames/birthday_story_catalog_nursery_1280/0104.webp
AUDITDEV|FAIL|no changed audit-impact record covers audit/day_two_wash_complete_action_v1_20261001/root_route_attempt_03/native_frames/birthday_story_catalog_nursery_1280/0105.webp
AUDITDEV|FAIL|no changed audit-impact record covers audit/day_two_wash_complete_action_v1_20261001/root_route_attempt_03/native_frames/birthday_story_catalog_nursery_1280/0106.webp
AUDITDEV|FAIL|no changed audit-impact record covers audit/day_two_wash_complete_action_v1_20261001/root_route_attempt_03/native_frames/birthday_story_catalog_nursery_1280/0107.webp
AUDITDEV|FAIL|no changed audit-impact record covers audit/day_two_wash_complete_action_v1_20261001/root_route_attempt_03/native_frames/birthday_story_catalog_nursery_1280/0108.webp
AUDITDEV|FAIL|no changed audit-impact record covers audit/day_two_wash_complete_action_v1_20261001/root_route_attempt_03/native_frames/birthday_story_catalog_nursery_1280/0109.webp
AUDITDEV|FAIL|no changed audit-impact record covers audit/day_two_wash_complete_action_v1_20261001/root_route_attempt_03/native_frames/birthday_story_catalog_nursery_1280/0110.webp
AUDITDEV|FAIL|no changed audit-impact record covers audit/day_two_wash_complete_action_v1_20261001/root_route_attempt_03/native_frames/birthday_story_catalog_nursery_1280/0111.webp
AUDITDEV|FAIL|no changed audit-impact record covers audit/day_two_wash_complete_action_v1_20261001/root_route_attempt_03/native_frames/birthday_story_catalog_nursery_1280/0112.webp
AUDITDEV|FAIL|no changed audit-impact record covers audit/day_two_wash_complete_action_v1_20261001/root_route_attempt_03/native_frames/birthday_story_catalog_nursery_1280/0113.webp
AUDITDEV|FAIL|no changed audit-impact record covers audit/day_two_wash_complete_action_v1_20261001/root_route_attempt_03/native_frames/birthday_story_catalog_nursery_1280/0114.webp
AUDITDEV|FAIL|no changed audit-impact record covers audit/day_two_wash_complete_action_v1_20261001/root_route_attempt_03/native_frames/birthday_story_catalog_nursery_1280/0115.webp
AUDITDEV|FAIL|no changed audit-impact record covers audit/day_two_wash_complete_action_v1_20261001/root_route_attempt_03/native_frames/birthday_story_catalog_nursery_1280/0116.webp
AUDITDEV|FAIL|no changed audit-impact record covers audit/day_two_wash_complete_action_v1_20261001/root_route_attempt_03/native_frames/birthday_story_catalog_nursery_1280/0117.webp
AUDITDEV|FAIL|no changed audit-impact record covers audit/day_two_wash_complete_action_v1_20261001/root_route_attempt_03/native_frames/birthday_story_catalog_nursery_1280/0118.webp
AUDITDEV|FAIL|no changed audit-impact record covers audit/day_two_wash_complete_action_v1_20261001/root_route_attempt_03/native_frames/birthday_story_catalog_nursery_1280/0119.webp
AUDITDEV|FAIL|no changed audit-impact record covers audit/day_two_wash_complete_action_v1_20261001/root_route_attempt_03/native_frames/birthday_story_catalog_nursery_1280/0120.webp
AUDITDEV|FAIL|no changed audit-impact record covers audit/day_two_wash_complete_action_v1_20261001/root_route_attempt_03/native_frames/birthday_story_catalog_nursery_1280/0121.webp
AUDITDEV|FAIL|no changed audit-impact record covers audit/day_two_wash_complete_action_v1_20261001/root_route_attempt_03/native_frames/birthday_story_catalog_nursery_1280/0122.webp
AUDITDEV|FAIL|no changed audit-impact record covers audit/day_two_wash_complete_action_v1_20261001/root_route_attempt_03/native_frames/birthday_story_catalog_nursery_1280/0123.webp
AUDITDEV|FAIL|no changed audit-impact record covers audit/day_two_wash_complete_action_v1_20261001/root_route_attempt_03/native_frames/birthday_story_catalog_nursery_1280/0124.webp
AUDITDEV|FAIL|no changed audit-impact record covers audit/day_two_wash_complete_action_v1_20261001/root_route_attempt_03/native_frames/birthday_story_catalog_nursery_1280/0125.webp
AUDITDEV|FAIL|no changed audit-impact record covers audit/day_two_wash_complete_action_v1_20261001/root_route_attempt_03/native_frames/birthday_story_catalog_nursery_1280/0126.webp
AUDITDEV|FAIL|no changed audit-impact record covers audit/day_two_wash_complete_action_v1_20261001/root_route_attempt_03/native_frames/birthday_story_catalog_nursery_1280/0127.webp
AUDITDEV|FAIL|no changed audit-impact record covers audit/day_two_wash_complete_action_v1_20261001/root_route_attempt_03/native_frames/birthday_story_catalog_nursery_1280/0128.webp
AUDITDEV|FAIL|no changed audit-impact record covers audit/day_two_wash_complete_action_v1_20261001/root_route_attempt_03/native_frames/birthday_story_catalog_nursery_1280/0129.webp
AUDITDEV|FAIL|no changed audit-impact record covers audit/day_two_wash_complete_action_v1_20261001/root_route_attempt_03/native_frames/birthday_story_catalog_nursery_1280/0130.webp
AUDITDEV|FAIL|no changed audit-impact record covers audit/day_two_wash_complete_action_v1_20261001/root_route_attempt_03/native_frames/birthday_story_catalog_nursery_1280/0131.webp
AUDITDEV|FAIL|no changed audit-impact record covers audit/day_two_wash_complete_action_v1_20261001/root_route_attempt_03/native_frames/birthday_story_catalog_nursery_1280/0132.webp
AUDITDEV|FAIL|no changed audit-impact record covers audit/day_two_wash_complete_action_v1_20261001/root_route_attempt_03/native_frames/birthday_story_catalog_nursery_1280/0133.webp
AUDITDEV|FAIL|no changed audit-impact record covers audit/day_two_wash_complete_action_v1_20261001/root_route_attempt_03/native_frames/birthday_story_catalog_nursery_1280/0134.webp
AUDITDEV|FAIL|no changed audit-impact record covers audit/day_two_wash_complete_action_v1_20261001/root_route_attempt_03/native_frames/birthday_story_catalog_nursery_1280/0135.webp
AUDITDEV|FAIL|no changed audit-impact record covers audit/day_two_wash_complete_action_v1_20261001/root_route_attempt_03/native_frames/birthday_story_catalog_nursery_1280/0136.webp
AUDITDEV|FAIL|no changed audit-impact record covers audit/day_two_wash_complete_action_v1_20261001/root_route_attempt_03/native_frames/birthday_story_catalog_nursery_1280/0137.webp
AUDITDEV|FAIL|no changed audit-impact record covers audit/day_two_wash_complete_action_v1_20261001/root_route_attempt_03/native_frames/birthday_story_catalog_nursery_1280/0138.webp
AUDITDEV|FAIL|no changed audit-impact record covers audit/day_two_wash_complete_action_v1_20261001/root_route_attempt_03/native_frames/birthday_story_catalog_nursery_1280/0139.webp
AUDITDEV|FAIL|no changed audit-impact record covers audit/day_two_wash_complete_action_v1_20261001/root_route_attempt_03/native_frames/birthday_story_catalog_nursery_1280/0140.webp
AUDITDEV|FAIL|no changed audit-impact record covers audit/day_two_wash_complete_action_v1_20261001/root_route_attempt_03/native_frames/birthday_story_catalog_nursery_1280/0141.webp
AUDITDEV|FAIL|no changed audit-impact record covers audit/day_two_wash_complete_action_v1_20261001/root_route_attempt_03/native_frames/birthday_story_catalog_nursery_1280/0142.webp
AUDITDEV|FAIL|no changed audit-impact record covers audit/day_two_wash_complete_action_v1_20261001/root_route_attempt_03/native_frames/birthday_story_catalog_nursery_1280/0143.webp
AUDITDEV|FAIL|no changed audit-impact record covers audit/day_two_wash_complete_action_v1_20261001/root_route_attempt_03/native_frames/birthday_story_catalog_nursery_1280/0144.webp
AUDITDEV|FAIL|no changed audit-impact record covers audit/day_two_wash_complete_action_v1_20261001/root_route_attempt_03/native_frames/birthday_story_catalog_nursery_1280/0145.webp
AUDITDEV|FAIL|no changed audit-impact record covers audit/day_two_wash_complete_action_v1_20261001/root_route_attempt_03/native_frames/birthday_story_catalog_nursery_1280/0146.webp
AUDITDEV|FAIL|no changed audit-impact record covers audit/day_two_wash_complete_action_v1_20261001/root_route_attempt_03/native_frames/birthday_story_catalog_nursery_1280/0147.webp
AUDITDEV|FAIL|no changed audit-impact record covers audit/day_two_wash_complete_action_v1_20261001/root_route_attempt_03/native_frames/birthday_story_catalog_nursery_1280/0148.webp
AUDITDEV|FAIL|no changed audit-impact record covers audit/day_two_wash_complete_action_v1_20261001/root_route_attempt_03/native_frames/birthday_story_catalog_nursery_1280/0149.webp
AUDITDEV|FAIL|no changed audit-impact record covers audit/day_two_wash_complete_action_v1_20261001/root_route_attempt_03/native_frames/birthday_story_catalog_nursery_1280/0150.webp
AUDITDEV|FAIL|no changed audit-impact record covers audit/day_two_wash_complete_action_v1_20261001/root_route_attempt_03/native_frames/birthday_story_catalog_nursery_1280/0151.webp
AUDITDEV|FAIL|no changed audit-impact record covers audit/day_two_wash_complete_action_v1_20261001/root_route_attempt_03/native_frames/birthday_story_catalog_nursery_1280/0152.webp
AUDITDEV|FAIL|no changed audit-impact record covers audit/day_two_wash_complete_action_v1_20261001/root_route_attempt_03/native_frames/birthday_story_catalog_nursery_1280/0153.webp
AUDITDEV|FAIL|no changed audit-impact record covers audit/day_two_wash_complete_action_v1_20261001/root_route_attempt_03/native_frames/birthday_story_catalog_nursery_1280/0154.webp
AUDITDEV|FAIL|no changed audit-impact record covers audit/day_two_wash_complete_action_v1_20261001/root_route_attempt_03/native_frames/birthday_story_catalog_nursery_1280/0155.webp
AUDITDEV|FAIL|no changed audit-impact record covers audit/day_two_wash_complete_action_v1_20261001/root_route_attempt_03/native_frames/birthday_story_catalog_nursery_1280/0156.webp
AUDITDEV|FAIL|no changed audit-impact record covers audit/day_two_wash_complete_action_v1_20261001/root_route_attempt_03/native_frames/birthday_story_catalog_nursery_1280/0157.webp
AUDITDEV|FAIL|no changed audit-impact record covers audit/day_two_wash_complete_action_v1_20261001/root_route_attempt_03/native_frames/birthday_story_catalog_nursery_1280/0158.webp
AUDITDEV|FAIL|no changed audit-impact record covers audit/day_two_wash_complete_action_v1_20261001/root_route_attempt_03/native_frames/birthday_story_catalog_nursery_1280/0159.webp
AUDITDEV|FAIL|no changed audit-impact record covers audit/day_two_wash_complete_action_v1_20261001/root_route_attempt_03/native_frames/birthday_story_catalog_nursery_1280/0160.webp
AUDITDEV|FAIL|no changed audit-impact record covers audit/day_two_wash_complete_action_v1_20261001/root_route_attempt_03/native_frames/birthday_story_catalog_nursery_1280/0161.webp
AUDITDEV|FAIL|no changed audit-impact record covers audit/day_two_wash_complete_action_v1_20261001/root_route_attempt_03/native_frames/birthday_story_catalog_nursery_1280/0162.webp
AUDITDEV|FAIL|no changed audit-impact record covers audit/day_two_wash_complete_action_v1_20261001/root_route_attempt_03/native_frames/birthday_story_catalog_nursery_1280/0163.webp
AUDITDEV|FAIL|no changed audit-impact record covers audit/day_two_wash_complete_action_v1_20261001/root_route_attempt_03/native_frames/birthday_story_catalog_nursery_1280/0164.webp
AUDITDEV|FAIL|no changed audit-impact record covers audit/day_two_wash_complete_action_v1_20261001/root_route_attempt_03/native_frames/birthday_story_catalog_nursery_1280/0165.webp
AUDITDEV|FAIL|no changed audit-impact record covers audit/day_two_wash_complete_action_v1_20261001/root_route_attempt_03/native_frames/birthday_story_catalog_nursery_1280/0166.webp
AUDITDEV|FAIL|no changed audit-impact record covers audit/day_two_wash_complete_action_v1_20261001/root_route_attempt_03/native_frames/birthday_story_catalog_nursery_1280/0167.webp
AUDITDEV|FAIL|no changed audit-impact record covers audit/day_two_wash_complete_action_v1_20261001/root_route_attempt_03/native_frames/birthday_story_catalog_nursery_1280/0168.webp
AUDITDEV|FAIL|no changed audit-impact record covers audit/day_two_wash_complete_action_v1_20261001/root_route_attempt_03/native_frames/birthday_story_catalog_nursery_1280/0169.webp
AUDITDEV|FAIL|no changed audit-impact record covers audit/day_two_wash_complete_action_v1_20261001/root_route_attempt_03/native_frames/birthday_story_catalog_nursery_1280/0170.webp
AUDITDEV|FAIL|no changed audit-impact record covers audit/day_two_wash_complete_action_v1_20261001/root_route_attempt_03/native_frames/birthday_story_catalog_nursery_1280/0171.webp
AUDITDEV|FAIL|no changed audit-impact record covers audit/day_two_wash_complete_action_v1_20261001/root_route_attempt_03/native_frames/birthday_story_catalog_nursery_1280/0172.webp
AUDITDEV|FAIL|no changed audit-impact record covers audit/day_two_wash_complete_action_v1_20261001/root_route_attempt_03/native_frames/birthday_story_catalog_nursery_1280/0173.webp
AUDITDEV|FAIL|no changed audit-impact record covers audit/day_two_wash_complete_action_v1_20261001/root_route_attempt_03/native_frames/birthday_story_catalog_nursery_1280/0174.webp
AUDITDEV|FAIL|no changed audit-impact record covers audit/day_two_wash_complete_action_v1_20261001/root_route_attempt_03/native_frames/birthday_story_catalog_nursery_1280/0175.webp
AUDITDEV|FAIL|no changed audit-impact record covers audit/day_two_wash_complete_action_v1_20261001/root_route_attempt_03/native_frames/birthday_story_catalog_nursery_1280/0176.webp
AUDITDEV|FAIL|no changed audit-impact record covers audit/day_two_wash_complete_action_v1_20261001/root_route_attempt_03/native_frames/birthday_story_catalog_nursery_1280/0177.webp
AUDITDEV|FAIL|no changed audit-impact record covers audit/day_two_wash_complete_action_v1_20261001/root_route_attempt_03/native_frames/birthday_story_catalog_nursery_1280/0178.webp
AUDITDEV|FAIL|no changed audit-impact record covers audit/day_two_wash_complete_action_v1_20261001/root_route_attempt_03/native_frames/birthday_story_catalog_nursery_1280/0179.webp
AUDITDEV|FAIL|no changed audit-impact record covers audit/day_two_wash_complete_action_v1_20261001/root_route_attempt_03/native_frames/birthday_story_catalog_nursery_1280/0180.webp
AUDITDEV|FAIL|no changed audit-impact record covers audit/day_two_wash_complete_action_v1_20261001/root_route_attempt_03/native_frames/birthday_story_catalog_nursery_1280/0181.webp
AUDITDEV|FAIL|no changed audit-impact record covers audit/day_two_wash_complete_action_v1_20261001/root_route_attempt_03/native_frames/birthday_story_catalog_nursery_1280/0182.webp
AUDITDEV|FAIL|no changed audit-impact record covers audit/day_two_wash_complete_action_v1_20261001/root_route_attempt_03/native_frames/birthday_story_catalog_nursery_1280/0183.webp
AUDITDEV|FAIL|no changed audit-impact record covers audit/day_two_wash_complete_action_v1_20261001/root_route_attempt_03/native_frames/birthday_story_catalog_nursery_1280/0184.webp
AUDITDEV|FAIL|no changed audit-impact record covers audit/day_two_wash_complete_action_v1_20261001/root_route_attempt_03/native_frames/birthday_story_catalog_nursery_1280/0185.webp
AUDITDEV|FAIL|no changed audit-impact record covers audit/day_two_wash_complete_action_v1_20261001/root_route_attempt_03/native_frames/birthday_story_catalog_nursery_1280/0186.webp
AUDITDEV|FAIL|no changed audit-impact record covers audit/day_two_wash_complete_action_v1_20261001/root_route_attempt_03/native_frames/birthday_story_catalog_nursery_1280/0187.webp
AUDITDEV|FAIL|no changed audit-impact record covers audit/day_two_wash_complete_action_v1_20261001/root_route_attempt_03/native_frames/birthday_story_catalog_nursery_1280/0188.webp
AUDITDEV|FAIL|no changed audit-impact record covers audit/day_two_wash_complete_action_v1_20261001/root_route_attempt_03/native_frames/birthday_story_catalog_nursery_1280/0189.webp
AUDITDEV|FAIL|no changed audit-impact record covers audit/day_two_wash_complete_action_v1_20261001/root_route_attempt_03/native_frames/birthday_story_catalog_nursery_1280/0190.webp
AUDITDEV|FAIL|no changed audit-impact record covers audit/day_two_wash_complete_action_v1_20261001/root_route_attempt_03/native_frames/birthday_story_catalog_nursery_1280/0191.webp
AUDITDEV|FAIL|no changed audit-impact record covers audit/day_two_wash_complete_action_v1_20261001/root_route_attempt_03/native_frames/birthday_story_catalog_nursery_1280/0192.webp
AUDITDEV|FAIL|no changed audit-impact record covers audit/day_two_wash_complete_action_v1_20261001/root_route_attempt_03/native_frames/birthday_story_catalog_nursery_1280/0193.webp
AUDITDEV|FAIL|no changed audit-impact record covers audit/day_two_wash_complete_action_v1_20261001/root_route_attempt_03/native_frames/birthday_story_catalog_nursery_1280/0194.webp
AUDITDEV|FAIL|no changed audit-impact record covers audit/day_two_wash_complete_action_v1_20261001/root_route_attempt_03/native_frames/birthday_story_catalog_nursery_1280/0195.webp
AUDITDEV|FAIL|no changed audit-impact record covers audit/day_two_wash_complete_action_v1_20261001/root_route_attempt_03/native_frames/birthday_story_catalog_nursery_1280/0196.webp
AUDITDEV|FAIL|no changed audit-impact record covers audit/day_two_wash_complete_action_v1_20261001/root_route_attempt_03/native_frames/birthday_story_catalog_nursery_1280/0197.webp
AUDITDEV|FAIL|no changed audit-impact record covers audit/day_two_wash_complete_action_v1_20261001/root_route_attempt_03/native_frames/birthday_story_catalog_nursery_1280/0198.webp
AUDITDEV|FAIL|no changed audit-impact record covers audit/day_two_wash_complete_action_v1_20261001/root_route_attempt_03/native_frames/birthday_story_catalog_nursery_1280/0199.webp
AUDITDEV|FAIL|no changed audit-impact record covers audit/day_two_wash_complete_action_v1_20261001/root_route_attempt_03/native_frames/birthday_story_catalog_nursery_1280/0200.webp
AUDITDEV|FAIL|no changed audit-impact record covers audit/day_two_wash_complete_action_v1_20261001/root_route_attempt_03/native_frames/birthday_story_catalog_nursery_1280/0201.webp
AUDITDEV|FAIL|no changed audit-impact record covers audit/day_two_wash_complete_action_v1_20261001/root_route_attempt_03/native_frames/birthday_story_catalog_nursery_1280/0202.webp
AUDITDEV|FAIL|no changed audit-impact record covers audit/day_two_wash_complete_action_v1_20261001/root_route_attempt_03/native_frames/birthday_story_catalog_nursery_1280/0203.webp
AUDITDEV|FAIL|no changed audit-impact record covers audit/day_two_wash_complete_action_v1_20261001/root_route_attempt_03/native_frames/birthday_story_catalog_nursery_1280/0204.webp
AUDITDEV|FAIL|no changed audit-impact record covers audit/day_two_wash_complete_action_v1_20261001/root_route_attempt_03/native_frames/birthday_story_catalog_nursery_1280/0205.webp
AUDITDEV|FAIL|no changed audit-impact record covers audit/day_two_wash_complete_action_v1_20261001/root_route_attempt_03/native_frames/birthday_story_catalog_nursery_1280/0206.webp
AUDITDEV|FAIL|no changed audit-impact record covers audit/day_two_wash_complete_action_v1_20261001/root_route_attempt_03/native_frames/birthday_story_catalog_nursery_1280/0207.webp
AUDITDEV|FAIL|no changed audit-impact record covers audit/day_two_wash_complete_action_v1_20261001/root_route_attempt_03/native_frames/birthday_story_catalog_nursery_1280/0208.webp
AUDITDEV|FAIL|no changed audit-impact record covers audit/day_two_wash_complete_action_v1_20261001/root_route_attempt_03/native_frames/birthday_story_catalog_nursery_1280/0209.webp
AUDITDEV|FAIL|no changed audit-impact record covers audit/day_two_wash_complete_action_v1_20261001/root_route_attempt_03/native_frames/birthday_story_catalog_nursery_1280/0210.webp
AUDITDEV|FAIL|no changed audit-impact record covers audit/day_two_wash_complete_action_v1_20261001/root_route_attempt_03/native_frames/birthday_story_catalog_nursery_1280/0211.webp
AUDITDEV|FAIL|no changed audit-impact record covers audit/day_two_wash_complete_action_v1_20261001/root_route_attempt_03/native_frames/birthday_story_catalog_nursery_1280/0212.webp
AUDITDEV|FAIL|no changed audit-impact record covers audit/day_two_wash_complete_action_v1_20261001/root_route_attempt_03/native_frames/birthday_story_catalog_nursery_1280/0213.webp
AUDITDEV|FAIL|no changed audit-impact record covers audit/day_two_wash_complete_action_v1_20261001/root_route_attempt_03/native_frames/birthday_story_catalog_nursery_1280/0214.webp
AUDITDEV|FAIL|no changed audit-impact record covers audit/day_two_wash_complete_action_v1_20261001/root_route_attempt_03/native_frames/birthday_story_catalog_nursery_1280/0215.webp
AUDITDEV|FAIL|no changed audit-impact record covers audit/day_two_wash_complete_action_v1_20261001/root_route_attempt_03/native_frames/birthday_story_catalog_nursery_1280/0216.webp
AUDITDEV|FAIL|no changed audit-impact record covers audit/day_two_wash_complete_action_v1_20261001/root_route_attempt_03/native_frames/birthday_story_catalog_nursery_1280/0217.webp
AUDITDEV|FAIL|no changed audit-impact record covers audit/day_two_wash_complete_action_v1_20261001/root_route_attempt_03/native_frames/birthday_story_catalog_nursery_1280/0218.webp
AUDITDEV|FAIL|no changed audit-impact record covers audit/day_two_wash_complete_action_v1_20261001/root_route_attempt_03/native_frames/birthday_story_catalog_nursery_1280/0219.webp
AUDITDEV|FAIL|no changed audit-impact record covers audit/day_two_wash_complete_action_v1_20261001/root_route_attempt_03/native_frames/birthday_story_catalog_nursery_1280/0220.webp
AUDITDEV|FAIL|no changed audit-impact record covers audit/day_two_wash_complete_action_v1_20261001/root_route_attempt_03/native_frames/birthday_story_catalog_nursery_1280/0221.webp
AUDITDEV|FAIL|no changed audit-impact record covers audit/day_two_wash_complete_action_v1_20261001/root_route_attempt_03/native_frames/birthday_story_catalog_nursery_1280/0222.webp
AUDITDEV|FAIL|no changed audit-impact record covers audit/day_two_wash_complete_action_v1_20261001/root_route_attempt_03/native_frames/birthday_story_catalog_nursery_1280/0223.webp
AUDITDEV|FAIL|no changed audit-impact record covers audit/day_two_wash_complete_action_v1_20261001/root_route_attempt_03/native_frames/birthday_story_catalog_nursery_1280/0224.webp
AUDITDEV|FAIL|no changed audit-impact record covers audit/day_two_wash_complete_action_v1_20261001/root_route_attempt_03/native_frames/birthday_story_catalog_nursery_1280/0225.webp
AUDITDEV|FAIL|no changed audit-impact record covers audit/day_two_wash_complete_action_v1_20261001/root_route_attempt_03/native_frames/birthday_story_catalog_nursery_1280/0226.webp
AUDITDEV|FAIL|no changed audit-impact record covers audit/day_two_wash_complete_action_v1_20261001/root_route_attempt_03/native_frames/birthday_story_catalog_nursery_1280/0227.webp
AUDITDEV|FAIL|no changed audit-impact record covers audit/day_two_wash_complete_action_v1_20261001/root_route_attempt_03/native_frames/birthday_story_catalog_nursery_1280/0228.webp
AUDITDEV|FAIL|no changed audit-impact record covers audit/day_two_wash_complete_action_v1_20261001/root_route_attempt_03/native_frames/birthday_story_catalog_nursery_1280/0229.webp
AUDITDEV|FAIL|no changed audit-impact record covers audit/day_two_wash_complete_action_v1_20261001/root_route_attempt_03/native_frames/birthday_story_catalog_nursery_1280/0230.webp
AUDITDEV|FAIL|no changed audit-impact record covers audit/day_two_wash_complete_action_v1_20261001/root_route_attempt_03/native_frames/birthday_story_catalog_nursery_1280/0231.webp
AUDITDEV|FAIL|no changed audit-impact record covers audit/day_two_wash_complete_action_v1_20261001/root_route_attempt_03/native_frames/birthday_story_catalog_nursery_1280/0232.webp
AUDITDEV|FAIL|no changed audit-impact record covers audit/day_two_wash_complete_action_v1_20261001/root_route_attempt_03/native_frames/birthday_story_catalog_nursery_1280/0233.webp
AUDITDEV|FAIL|no changed audit-impact record covers audit/day_two_wash_complete_action_v1_20261001/root_route_attempt_03/native_frames/birthday_story_catalog_nursery_1280/0234.webp
AUDITDEV|FAIL|no changed audit-impact record covers audit/day_two_wash_complete_action_v1_20261001/root_route_attempt_03/native_frames/birthday_story_catalog_nursery_1280/0235.webp
AUDITDEV|FAIL|no changed audit-impact record covers audit/day_two_wash_complete_action_v1_20261001/root_route_attempt_03/native_frames/birthday_story_catalog_nursery_1280/0236.webp
AUDITDEV|FAIL|no changed audit-impact record covers audit/day_two_wash_complete_action_v1_20261001/root_route_attempt_03/native_frames/birthday_story_catalog_nursery_1280/0237.webp
AUDITDEV|FAIL|no changed audit-impact record covers audit/day_two_wash_complete_action_v1_20261001/root_route_attempt_03/native_frames/birthday_story_catalog_nursery_1280/0238.webp
AUDITDEV|FAIL|no changed audit-impact record covers audit/day_two_wash_complete_action_v1_20261001/root_route_attempt_03/native_frames/birthday_story_catalog_nursery_1280/0239.webp
AUDITDEV|FAIL|no changed audit-impact record covers audit/day_two_wash_complete_action_v1_20261001/root_route_attempt_03/native_frames/birthday_story_catalog_nursery_1280/0240.webp
AUDITDEV|FAIL|no changed audit-impact record covers audit/day_two_wash_complete_action_v1_20261001/root_route_attempt_03/native_frames/birthday_story_catalog_nursery_1280/0241.webp
AUDITDEV|FAIL|no changed audit-impact record covers audit/day_two_wash_complete_action_v1_20261001/root_route_attempt_03/native_frames/birthday_story_catalog_nursery_1280/0242.webp
AUDITDEV|FAIL|no changed audit-impact record covers audit/day_two_wash_complete_action_v1_20261001/root_route_attempt_03/native_frames/birthday_story_catalog_nursery_1280/0243.webp
AUDITDEV|FAIL|no changed audit-impact record covers audit/day_two_wash_complete_action_v1_20261001/root_route_attempt_03/native_frames/birthday_story_catalog_nursery_1280/0244.webp
AUDITDEV|FAIL|no changed audit-impact record covers audit/day_two_wash_complete_action_v1_20261001/root_route_attempt_03/native_frames/birthday_story_catalog_nursery_1280/0245.webp
AUDITDEV|FAIL|no changed audit-impact record covers audit/day_two_wash_complete_action_v1_20261001/root_route_attempt_03/native_frames/birthday_story_catalog_nursery_1280/0246.webp
AUDITDEV|FAIL|no changed audit-impact record covers audit/day_two_wash_complete_action_v1_20261001/root_route_attempt_03/native_frames/birthday_story_catalog_nursery_1280/0247.webp
AUDITDEV|FAIL|no changed audit-impact record covers audit/day_two_wash_complete_action_v1_20261001/root_route_attempt_03/native_frames/birthday_story_catalog_nursery_1280/0248.webp
AUDITDEV|FAIL|no changed audit-impact record covers audit/day_two_wash_complete_action_v1_20261001/root_route_attempt_03/native_frames/birthday_story_catalog_nursery_1280/0249.webp
AUDITDEV|FAIL|no changed audit-impact record covers audit/day_two_wash_complete_action_v1_20261001/root_route_attempt_03/native_frames/birthday_story_catalog_nursery_1280/0250.webp
AUDITDEV|FAIL|no changed audit-impact record covers audit/day_two_wash_complete_action_v1_20261001/root_route_attempt_03/native_frames/birthday_story_catalog_nursery_1280/0251.webp
AUDITDEV|FAIL|no changed audit-impact record covers audit/day_two_wash_complete_action_v1_20261001/root_route_attempt_03/native_frames/birthday_story_catalog_nursery_1280/0252.webp
AUDITDEV|FAIL|no changed audit-impact record covers audit/day_two_wash_complete_action_v1_20261001/root_route_attempt_03/native_frames/birthday_story_catalog_nursery_1280/0253.webp
AUDITDEV|FAIL|no changed audit-impact record covers audit/day_two_wash_complete_action_v1_20261001/root_route_attempt_03/native_frames/birthday_story_catalog_nursery_1280/0254.webp
AUDITDEV|FAIL|no changed audit-impact record covers audit/day_two_wash_complete_action_v1_20261001/root_route_attempt_03/native_frames/birthday_story_catalog_nursery_1280/0255.webp
AUDITDEV|FAIL|no changed audit-impact record covers audit/day_two_wash_complete_action_v1_20261001/root_route_attempt_03/native_frames/birthday_story_catalog_nursery_1280/0256.webp
AUDITDEV|FAIL|no changed audit-impact record covers audit/day_two_wash_complete_action_v1_20261001/root_route_attempt_03/native_frames/birthday_story_catalog_nursery_1280/0257.webp
AUDITDEV|FAIL|no changed audit-impact record covers audit/day_two_wash_complete_action_v1_20261001/root_route_attempt_03/native_frames/birthday_story_catalog_nursery_1280/0258.webp
AUDITDEV|FAIL|no changed audit-impact record covers audit/day_two_wash_complete_action_v1_20261001/root_route_attempt_03/native_frames/birthday_story_catalog_nursery_1280/0259.webp
AUDITDEV|FAIL|no changed audit-impact record covers audit/day_two_wash_complete_action_v1_20261001/root_route_attempt_03/native_frames/birthday_story_catalog_nursery_1280/0260.webp
AUDITDEV|FAIL|no changed audit-impact record covers audit/day_two_wash_complete_action_v1_20261001/root_route_attempt_03/native_frames/birthday_story_catalog_nursery_1280/0261.webp
AUDITDEV|FAIL|no changed audit-impact record covers audit/day_two_wash_complete_action_v1_20261001/root_route_attempt_03/native_frames/birthday_story_catalog_nursery_1600/0000.webp
AUDITDEV|FAIL|no changed audit-impact record covers audit/day_two_wash_complete_action_v1_20261001/root_route_attempt_03/native_frames/birthday_story_catalog_nursery_1600/0001.webp
AUDITDEV|FAIL|no changed audit-impact record covers audit/day_two_wash_complete_action_v1_20261001/root_route_attempt_03/native_frames/birthday_story_catalog_nursery_1600/0002.webp
AUDITDEV|FAIL|no changed audit-impact record covers audit/day_two_wash_complete_action_v1_20261001/root_route_attempt_03/native_frames/birthday_story_catalog_nursery_1600/0003.webp
AUDITDEV|FAIL|no changed audit-impact record covers audit/day_two_wash_complete_action_v1_20261001/root_route_attempt_03/native_frames/birthday_story_catalog_nursery_1600/0004.webp
AUDITDEV|FAIL|no changed audit-impact record covers audit/day_two_wash_complete_action_v1_20261001/root_route_attempt_03/native_frames/birthday_story_catalog_nursery_1600/0005.webp
AUDITDEV|FAIL|no changed audit-impact record covers audit/day_two_wash_complete_action_v1_20261001/root_route_attempt_03/native_frames/birthday_story_catalog_nursery_1600/0006.webp
AUDITDEV|FAIL|no changed audit-impact record covers audit/day_two_wash_complete_action_v1_20261001/root_route_attempt_03/native_frames/birthday_story_catalog_nursery_1600/0007.webp
AUDITDEV|FAIL|no changed audit-impact record covers audit/day_two_wash_complete_action_v1_20261001/root_route_attempt_03/native_frames/birthday_story_catalog_nursery_1600/0008.webp
AUDITDEV|FAIL|no changed audit-impact record covers audit/day_two_wash_complete_action_v1_20261001/root_route_attempt_03/native_frames/birthday_story_catalog_nursery_1600/0009.webp
AUDITDEV|FAIL|no changed audit-impact record covers audit/day_two_wash_complete_action_v1_20261001/root_route_attempt_03/native_frames/birthday_story_catalog_nursery_1600/0010.webp
AUDITDEV|FAIL|no changed audit-impact record covers audit/day_two_wash_complete_action_v1_20261001/root_route_attempt_03/native_frames/birthday_story_catalog_nursery_1600/0011.webp
AUDITDEV|FAIL|no changed audit-impact record covers audit/day_two_wash_complete_action_v1_20261001/root_route_attempt_03/native_frames/birthday_story_catalog_nursery_1600/0012.webp
AUDITDEV|FAIL|no changed audit-impact record covers audit/day_two_wash_complete_action_v1_20261001/root_route_attempt_03/native_frames/birthday_story_catalog_nursery_1600/0013.webp
AUDITDEV|FAIL|no changed audit-impact record covers audit/day_two_wash_complete_action_v1_20261001/root_route_attempt_03/native_frames/birthday_story_catalog_nursery_1600/0014.webp
AUDITDEV|FAIL|no changed audit-impact record covers audit/day_two_wash_complete_action_v1_20261001/root_route_attempt_03/native_frames/birthday_story_catalog_nursery_1600/0015.webp
AUDITDEV|FAIL|no changed audit-impact record covers audit/day_two_wash_complete_action_v1_20261001/root_route_attempt_03/native_frames/birthday_story_catalog_nursery_1600/0016.webp
AUDITDEV|FAIL|no changed audit-impact record covers audit/day_two_wash_complete_action_v1_20261001/root_route_attempt_03/native_frames/birthday_story_catalog_nursery_1600/0017.webp
AUDITDEV|FAIL|no changed audit-impact record covers audit/day_two_wash_complete_action_v1_20261001/root_route_attempt_03/native_frames/birthday_story_catalog_nursery_1600/0018.webp
AUDITDEV|FAIL|no changed audit-impact record covers audit/day_two_wash_complete_action_v1_20261001/root_route_attempt_03/native_frames/birthday_story_catalog_nursery_1600/0019.webp
AUDITDEV|FAIL|no changed audit-impact record covers audit/day_two_wash_complete_action_v1_20261001/root_route_attempt_03/native_frames/birthday_story_catalog_nursery_1600/0020.webp
AUDITDEV|FAIL|no changed audit-impact record covers audit/day_two_wash_complete_action_v1_20261001/root_route_attempt_03/native_frames/birthday_story_catalog_nursery_1600/0021.webp
AUDITDEV|FAIL|no changed audit-impact record covers audit/day_two_wash_complete_action_v1_20261001/root_route_attempt_03/native_frames/birthday_story_catalog_nursery_1600/0022.webp
AUDITDEV|FAIL|no changed audit-impact record covers audit/day_two_wash_complete_action_v1_20261001/root_route_attempt_03/native_frames/birthday_story_catalog_nursery_1600/0023.webp
AUDITDEV|FAIL|no changed audit-impact record covers audit/day_two_wash_complete_action_v1_20261001/root_route_attempt_03/native_frames/birthday_story_catalog_nursery_1600/0024.webp
AUDITDEV|FAIL|no changed audit-impact record covers audit/day_two_wash_complete_action_v1_20261001/root_route_attempt_03/native_frames/birthday_story_catalog_nursery_1600/0025.webp
AUDITDEV|FAIL|no changed audit-impact record covers audit/day_two_wash_complete_action_v1_20261001/root_route_attempt_03/native_frames/birthday_story_catalog_nursery_1600/0026.webp
AUDITDEV|FAIL|no changed audit-impact record covers audit/day_two_wash_complete_action_v1_20261001/root_route_attempt_03/native_frames/birthday_story_catalog_nursery_1600/0027.webp
AUDITDEV|FAIL|no changed audit-impact record covers audit/day_two_wash_complete_action_v1_20261001/root_route_attempt_03/native_frames/birthday_story_catalog_nursery_1600/0028.webp
AUDITDEV|FAIL|no changed audit-impact record covers audit/day_two_wash_complete_action_v1_20261001/root_route_attempt_03/native_frames/birthday_story_catalog_nursery_1600/0029.webp
AUDITDEV|FAIL|no changed audit-impact record covers audit/day_two_wash_complete_action_v1_20261001/root_route_attempt_03/native_frames/birthday_story_catalog_nursery_1600/0030.webp
AUDITDEV|FAIL|no changed audit-impact record covers audit/day_two_wash_complete_action_v1_20261001/root_route_attempt_03/native_frames/birthday_story_catalog_nursery_1600/0031.webp
AUDITDEV|FAIL|no changed audit-impact record covers audit/day_two_wash_complete_action_v1_20261001/root_route_attempt_03/native_frames/birthday_story_catalog_nursery_1600/0032.webp
AUDITDEV|FAIL|no changed audit-impact record covers audit/day_two_wash_complete_action_v1_20261001/root_route_attempt_03/native_frames/birthday_story_catalog_nursery_1600/0033.webp
AUDITDEV|FAIL|no changed audit-impact record covers audit/day_two_wash_complete_action_v1_20261001/root_route_attempt_03/native_frames/birthday_story_catalog_nursery_1600/0034.webp
AUDITDEV|FAIL|no changed audit-impact record covers audit/day_two_wash_complete_action_v1_20261001/root_route_attempt_03/native_frames/birthday_story_catalog_nursery_1600/0035.webp
AUDITDEV|FAIL|no changed audit-impact record covers audit/day_two_wash_complete_action_v1_20261001/root_route_attempt_03/native_frames/birthday_story_catalog_nursery_1600/0036.webp
AUDITDEV|FAIL|no changed audit-impact record covers audit/day_two_wash_complete_action_v1_20261001/root_route_attempt_03/native_frames/birthday_story_catalog_nursery_1600/0037.webp
AUDITDEV|FAIL|no changed audit-impact record covers audit/day_two_wash_complete_action_v1_20261001/root_route_attempt_03/native_frames/birthday_story_catalog_nursery_1600/0038.webp
AUDITDEV|FAIL|no changed audit-impact record covers audit/day_two_wash_complete_action_v1_20261001/root_route_attempt_03/native_frames/birthday_story_catalog_nursery_1600/0039.webp
AUDITDEV|FAIL|no changed audit-impact record covers audit/day_two_wash_complete_action_v1_20261001/root_route_attempt_03/native_frames/birthday_story_catalog_nursery_1600/0040.webp
AUDITDEV|FAIL|no changed audit-impact record covers audit/day_two_wash_complete_action_v1_20261001/root_route_attempt_03/native_frames/birthday_story_catalog_nursery_1600/0041.webp
AUDITDEV|FAIL|no changed audit-impact record covers audit/day_two_wash_complete_action_v1_20261001/root_route_attempt_03/native_frames/birthday_story_catalog_nursery_1600/0042.webp
AUDITDEV|FAIL|no changed audit-impact record covers audit/day_two_wash_complete_action_v1_20261001/root_route_attempt_03/native_frames/birthday_story_catalog_nursery_1600/0043.webp
AUDITDEV|FAIL|no changed audit-impact record covers audit/day_two_wash_complete_action_v1_20261001/root_route_attempt_03/native_frames/birthday_story_catalog_nursery_1600/0044.webp
AUDITDEV|FAIL|no changed audit-impact record covers audit/day_two_wash_complete_action_v1_20261001/root_route_attempt_03/native_frames/birthday_story_catalog_nursery_1600/0045.webp
AUDITDEV|FAIL|no changed audit-impact record covers audit/day_two_wash_complete_action_v1_20261001/root_route_attempt_03/native_frames/birthday_story_catalog_nursery_1600/0046.webp
AUDITDEV|FAIL|no changed audit-impact record covers audit/day_two_wash_complete_action_v1_20261001/root_route_attempt_03/native_frames/birthday_story_catalog_nursery_1600/0047.webp
AUDITDEV|FAIL|no changed audit-impact record covers audit/day_two_wash_complete_action_v1_20261001/root_route_attempt_03/native_frames/birthday_story_catalog_nursery_1600/0048.webp
AUDITDEV|FAIL|no changed audit-impact record covers audit/day_two_wash_complete_action_v1_20261001/root_route_attempt_03/native_frames/birthday_story_catalog_nursery_1600/0049.webp
AUDITDEV|FAIL|no changed audit-impact record covers audit/day_two_wash_complete_action_v1_20261001/root_route_attempt_03/native_frames/birthday_story_catalog_nursery_1600/0050.webp
AUDITDEV|FAIL|no changed audit-impact record covers audit/day_two_wash_complete_action_v1_20261001/root_route_attempt_03/native_frames/birthday_story_catalog_nursery_1600/0051.webp
AUDITDEV|FAIL|no changed audit-impact record covers audit/day_two_wash_complete_action_v1_20261001/root_route_attempt_03/native_frames/birthday_story_catalog_nursery_1600/0052.webp
AUDITDEV|FAIL|no changed audit-impact record covers audit/day_two_wash_complete_action_v1_20261001/root_route_attempt_03/native_frames/birthday_story_catalog_nursery_1600/0053.webp
AUDITDEV|FAIL|no changed audit-impact record covers audit/day_two_wash_complete_action_v1_20261001/root_route_attempt_03/native_frames/birthday_story_catalog_nursery_1600/0054.webp
AUDITDEV|FAIL|no changed audit-impact record covers audit/day_two_wash_complete_action_v1_20261001/root_route_attempt_03/native_frames/birthday_story_catalog_nursery_1600/0055.webp
AUDITDEV|FAIL|no changed audit-impact record covers audit/day_two_wash_complete_action_v1_20261001/root_route_attempt_03/native_frames/birthday_story_catalog_nursery_1600/0056.webp
AUDITDEV|FAIL|no changed audit-impact record covers audit/day_two_wash_complete_action_v1_20261001/root_route_attempt_03/native_frames/birthday_story_catalog_nursery_1600/0057.webp
AUDITDEV|FAIL|no changed audit-impact record covers audit/day_two_wash_complete_action_v1_20261001/root_route_attempt_03/native_frames/birthday_story_catalog_nursery_1600/0058.webp
AUDITDEV|FAIL|no changed audit-impact record covers audit/day_two_wash_complete_action_v1_20261001/root_route_attempt_03/native_frames/birthday_story_catalog_nursery_1600/0059.webp
AUDITDEV|FAIL|no changed audit-impact record covers audit/day_two_wash_complete_action_v1_20261001/root_route_attempt_03/native_frames/birthday_story_catalog_nursery_1600/0060.webp
AUDITDEV|FAIL|no changed audit-impact record covers audit/day_two_wash_complete_action_v1_20261001/root_route_attempt_03/native_frames/birthday_story_catalog_nursery_1600/0061.webp
AUDITDEV|FAIL|no changed audit-impact record covers audit/day_two_wash_complete_action_v1_20261001/root_route_attempt_03/native_frames/birthday_story_catalog_nursery_1600/0062.webp
AUDITDEV|FAIL|no changed audit-impact record covers audit/day_two_wash_complete_action_v1_20261001/root_route_attempt_03/native_frames/birthday_story_catalog_nursery_1600/0063.webp
AUDITDEV|FAIL|no changed audit-impact record covers audit/day_two_wash_complete_action_v1_20261001/root_route_attempt_03/native_frames/birthday_story_catalog_nursery_1600/0064.webp
AUDITDEV|FAIL|no changed audit-impact record covers audit/day_two_wash_complete_action_v1_20261001/root_route_attempt_03/native_frames/birthday_story_catalog_nursery_1600/0065.webp
AUDITDEV|FAIL|no changed audit-impact record covers audit/day_two_wash_complete_action_v1_20261001/root_route_attempt_03/native_frames/birthday_story_catalog_nursery_1600/0066.webp
AUDITDEV|FAIL|no changed audit-impact record covers audit/day_two_wash_complete_action_v1_20261001/root_route_attempt_03/native_frames/birthday_story_catalog_nursery_1600/0067.webp
AUDITDEV|FAIL|no changed audit-impact record covers audit/day_two_wash_complete_action_v1_20261001/root_route_attempt_03/native_frames/birthday_story_catalog_nursery_1600/0068.webp
AUDITDEV|FAIL|no changed audit-impact record covers audit/day_two_wash_complete_action_v1_20261001/root_route_attempt_03/native_frames/birthday_story_catalog_nursery_1600/0069.webp
AUDITDEV|FAIL|no changed audit-impact record covers audit/day_two_wash_complete_action_v1_20261001/root_route_attempt_03/native_frames/birthday_story_catalog_nursery_1600/0070.webp
AUDITDEV|FAIL|no changed audit-impact record covers audit/day_two_wash_complete_action_v1_20261001/root_route_attempt_03/native_frames/birthday_story_catalog_nursery_1600/0071.webp
AUDITDEV|FAIL|no changed audit-impact record covers audit/day_two_wash_complete_action_v1_20261001/root_route_attempt_03/native_frames/birthday_story_catalog_nursery_1600/0072.webp
AUDITDEV|FAIL|no changed audit-impact record covers audit/day_two_wash_complete_action_v1_20261001/root_route_attempt_03/native_frames/birthday_story_catalog_nursery_1600/0073.webp
AUDITDEV|FAIL|no changed audit-impact record covers audit/day_two_wash_complete_action_v1_20261001/root_route_attempt_03/native_frames/birthday_story_catalog_nursery_1600/0074.webp
AUDITDEV|FAIL|no changed audit-impact record covers audit/day_two_wash_complete_action_v1_20261001/root_route_attempt_03/native_frames/birthday_story_catalog_nursery_1600/0075.webp
AUDITDEV|FAIL|no changed audit-impact record covers audit/day_two_wash_complete_action_v1_20261001/root_route_attempt_03/native_frames/birthday_story_catalog_nursery_1600/0076.webp
AUDITDEV|FAIL|no changed audit-impact record covers audit/day_two_wash_complete_action_v1_20261001/root_route_attempt_03/native_frames/birthday_story_catalog_nursery_1600/0077.webp
AUDITDEV|FAIL|no changed audit-impact record covers audit/day_two_wash_complete_action_v1_20261001/root_route_attempt_03/native_frames/birthday_story_catalog_nursery_1600/0078.webp
AUDITDEV|FAIL|no changed audit-impact record covers audit/day_two_wash_complete_action_v1_20261001/root_route_attempt_03/native_frames/birthday_story_catalog_nursery_1600/0079.webp
AUDITDEV|FAIL|no changed audit-impact record covers audit/day_two_wash_complete_action_v1_20261001/root_route_attempt_03/native_frames/birthday_story_catalog_nursery_1600/0080.webp
AUDITDEV|FAIL|no changed audit-impact record covers audit/day_two_wash_complete_action_v1_20261001/root_route_attempt_03/native_frames/birthday_story_catalog_nursery_1600/0081.webp
AUDITDEV|FAIL|no changed audit-impact record covers audit/day_two_wash_complete_action_v1_20261001/root_route_attempt_03/native_frames/birthday_story_catalog_nursery_1600/0082.webp
AUDITDEV|FAIL|no changed audit-impact record covers audit/day_two_wash_complete_action_v1_20261001/root_route_attempt_03/native_frames/birthday_story_catalog_nursery_1600/0083.webp
AUDITDEV|FAIL|no changed audit-impact record covers audit/day_two_wash_complete_action_v1_20261001/root_route_attempt_03/native_frames/birthday_story_catalog_nursery_1600/0084.webp
AUDITDEV|FAIL|no changed audit-impact record covers audit/day_two_wash_complete_action_v1_20261001/root_route_attempt_03/native_frames/birthday_story_catalog_nursery_1600/0085.webp
AUDITDEV|FAIL|no changed audit-impact record covers audit/day_two_wash_complete_action_v1_20261001/root_route_attempt_03/native_frames/birthday_story_catalog_nursery_1600/0086.webp
AUDITDEV|FAIL|no changed audit-impact record covers audit/day_two_wash_complete_action_v1_20261001/root_route_attempt_03/native_frames/birthday_story_catalog_nursery_1600/0087.webp
AUDITDEV|FAIL|no changed audit-impact record covers audit/day_two_wash_complete_action_v1_20261001/root_route_attempt_03/native_frames/birthday_story_catalog_nursery_1600/0088.webp
AUDITDEV|FAIL|no changed audit-impact record covers audit/day_two_wash_complete_action_v1_20261001/root_route_attempt_03/native_frames/birthday_story_catalog_nursery_1600/0089.webp
AUDITDEV|FAIL|no changed audit-impact record covers audit/day_two_wash_complete_action_v1_20261001/root_route_attempt_03/native_frames/birthday_story_catalog_nursery_1600/0090.webp
AUDITDEV|FAIL|no changed audit-impact record covers audit/day_two_wash_complete_action_v1_20261001/root_route_attempt_03/native_frames/birthday_story_catalog_nursery_1600/0091.webp
AUDITDEV|FAIL|no changed audit-impact record covers audit/day_two_wash_complete_action_v1_20261001/root_route_attempt_03/native_frames/birthday_story_catalog_nursery_1600/0092.webp
AUDITDEV|FAIL|no changed audit-impact record covers audit/day_two_wash_complete_action_v1_20261001/root_route_attempt_03/native_frames/birthday_story_catalog_nursery_1600/0093.webp
AUDITDEV|FAIL|no changed audit-impact record covers audit/day_two_wash_complete_action_v1_20261001/root_route_attempt_03/native_frames/birthday_story_catalog_nursery_1600/0094.webp
AUDITDEV|FAIL|no changed audit-impact record covers audit/day_two_wash_complete_action_v1_20261001/root_route_attempt_03/native_frames/birthday_story_catalog_nursery_1600/0095.webp
AUDITDEV|FAIL|no changed audit-impact record covers audit/day_two_wash_complete_action_v1_20261001/root_route_attempt_03/native_frames/birthday_story_catalog_nursery_1600/0096.webp
AUDITDEV|FAIL|no changed audit-impact record covers audit/day_two_wash_complete_action_v1_20261001/root_route_attempt_03/native_frames/birthday_story_catalog_nursery_1600/0097.webp
AUDITDEV|FAIL|no changed audit-impact record covers audit/day_two_wash_complete_action_v1_20261001/root_route_attempt_03/native_frames/birthday_story_catalog_nursery_1600/0098.webp
AUDITDEV|FAIL|no changed audit-impact record covers audit/day_two_wash_complete_action_v1_20261001/root_route_attempt_03/native_frames/birthday_story_catalog_nursery_1600/0099.webp
AUDITDEV|FAIL|no changed audit-impact record covers audit/day_two_wash_complete_action_v1_20261001/root_route_attempt_03/native_frames/birthday_story_catalog_nursery_1600/0100.webp
AUDITDEV|FAIL|no changed audit-impact record covers audit/day_two_wash_complete_action_v1_20261001/root_route_attempt_03/native_frames/birthday_story_catalog_nursery_1600/0101.webp
AUDITDEV|FAIL|no changed audit-impact record covers audit/day_two_wash_complete_action_v1_20261001/root_route_attempt_03/native_frames/birthday_story_catalog_nursery_1600/0102.webp
AUDITDEV|FAIL|no changed audit-impact record covers audit/day_two_wash_complete_action_v1_20261001/root_route_attempt_03/native_frames/birthday_story_catalog_nursery_1600/0103.webp
AUDITDEV|FAIL|no changed audit-impact record covers audit/day_two_wash_complete_action_v1_20261001/root_route_attempt_03/native_frames/birthday_story_catalog_nursery_1600/0104.webp
AUDITDEV|FAIL|no changed audit-impact record covers audit/day_two_wash_complete_action_v1_20261001/root_route_attempt_03/native_frames/birthday_story_catalog_nursery_1600/0105.webp
AUDITDEV|FAIL|no changed audit-impact record covers audit/day_two_wash_complete_action_v1_20261001/root_route_attempt_03/native_frames/birthday_story_catalog_nursery_1600/0106.webp
AUDITDEV|FAIL|no changed audit-impact record covers audit/day_two_wash_complete_action_v1_20261001/root_route_attempt_03/native_frames/birthday_story_catalog_nursery_1600/0107.webp
AUDITDEV|FAIL|no changed audit-impact record covers audit/day_two_wash_complete_action_v1_20261001/root_route_attempt_03/native_frames/birthday_story_catalog_nursery_1600/0108.webp
AUDITDEV|FAIL|no changed audit-impact record covers audit/day_two_wash_complete_action_v1_20261001/root_route_attempt_03/native_frames/birthday_story_catalog_nursery_1600/0109.webp
AUDITDEV|FAIL|no changed audit-impact record covers audit/day_two_wash_complete_action_v1_20261001/root_route_attempt_03/native_frames/birthday_story_catalog_nursery_1600/0110.webp
AUDITDEV|FAIL|no changed audit-impact record covers audit/day_two_wash_complete_action_v1_20261001/root_route_attempt_03/native_frames/birthday_story_catalog_nursery_1600/0111.webp
AUDITDEV|FAIL|no changed audit-impact record covers audit/day_two_wash_complete_action_v1_20261001/root_route_attempt_03/native_frames/birthday_story_catalog_nursery_1600/0112.webp
AUDITDEV|FAIL|no changed audit-impact record covers audit/day_two_wash_complete_action_v1_20261001/root_route_attempt_03/native_frames/birthday_story_catalog_nursery_1600/0113.webp
AUDITDEV|FAIL|no changed audit-impact record covers audit/day_two_wash_complete_action_v1_20261001/root_route_attempt_03/native_frames/birthday_story_catalog_nursery_1600/0114.webp
AUDITDEV|FAIL|no changed audit-impact record covers audit/day_two_wash_complete_action_v1_20261001/root_route_attempt_03/native_frames/birthday_story_catalog_nursery_1600/0115.webp
AUDITDEV|FAIL|no changed audit-impact record covers audit/day_two_wash_complete_action_v1_20261001/root_route_attempt_03/native_frames/birthday_story_catalog_nursery_1600/0116.webp
AUDITDEV|FAIL|no changed audit-impact record covers audit/day_two_wash_complete_action_v1_20261001/root_route_attempt_03/native_frames/birthday_story_catalog_nursery_1600/0117.webp
AUDITDEV|FAIL|no changed audit-impact record covers audit/day_two_wash_complete_action_v1_20261001/root_route_attempt_03/native_frames/birthday_story_catalog_nursery_1600/0118.webp
AUDITDEV|FAIL|no changed audit-impact record covers audit/day_two_wash_complete_action_v1_20261001/root_route_attempt_03/native_frames/birthday_story_catalog_nursery_1600/0119.webp
AUDITDEV|FAIL|no changed audit-impact record covers audit/day_two_wash_complete_action_v1_20261001/root_route_attempt_03/native_frames/birthday_story_catalog_nursery_1600/0120.webp
AUDITDEV|FAIL|no changed audit-impact record covers audit/day_two_wash_complete_action_v1_20261001/root_route_attempt_03/native_frames/birthday_story_catalog_nursery_1600/0121.webp
AUDITDEV|FAIL|no changed audit-impact record covers audit/day_two_wash_complete_action_v1_20261001/root_route_attempt_03/native_frames/birthday_story_catalog_nursery_1600/0122.webp
AUDITDEV|FAIL|no changed audit-impact record covers audit/day_two_wash_complete_action_v1_20261001/root_route_attempt_03/native_frames/birthday_story_catalog_nursery_1600/0123.webp
AUDITDEV|FAIL|no changed audit-impact record covers audit/day_two_wash_complete_action_v1_20261001/root_route_attempt_03/native_frames/birthday_story_catalog_nursery_1600/0124.webp
AUDITDEV|FAIL|no changed audit-impact record covers audit/day_two_wash_complete_action_v1_20261001/root_route_attempt_03/native_frames/birthday_story_catalog_nursery_1600/0125.webp
AUDITDEV|FAIL|no changed audit-impact record covers audit/day_two_wash_complete_action_v1_20261001/root_route_attempt_03/native_frames/birthday_story_catalog_nursery_1600/0126.webp
AUDITDEV|FAIL|no changed audit-impact record covers audit/day_two_wash_complete_action_v1_20261001/root_route_attempt_03/native_frames/birthday_story_catalog_nursery_1600/0127.webp
AUDITDEV|FAIL|no changed audit-impact record covers audit/day_two_wash_complete_action_v1_20261001/root_route_attempt_03/native_frames/birthday_story_catalog_nursery_1600/0128.webp
AUDITDEV|FAIL|no changed audit-impact record covers audit/day_two_wash_complete_action_v1_20261001/root_route_attempt_03/native_frames/birthday_story_catalog_nursery_1600/0129.webp
AUDITDEV|FAIL|no changed audit-impact record covers audit/day_two_wash_complete_action_v1_20261001/root_route_attempt_03/native_frames/birthday_story_catalog_nursery_1600/0130.webp
AUDITDEV|FAIL|no changed audit-impact record covers audit/day_two_wash_complete_action_v1_20261001/root_route_attempt_03/native_frames/birthday_story_catalog_nursery_1600/0131.webp
AUDITDEV|FAIL|no changed audit-impact record covers audit/day_two_wash_complete_action_v1_20261001/root_route_attempt_03/native_frames/birthday_story_catalog_nursery_1600/0132.webp
AUDITDEV|FAIL|no changed audit-impact record covers audit/day_two_wash_complete_action_v1_20261001/root_route_attempt_03/native_frames/birthday_story_catalog_nursery_1600/0133.webp
AUDITDEV|FAIL|no changed audit-impact record covers audit/day_two_wash_complete_action_v1_20261001/root_route_attempt_03/native_frames/birthday_story_catalog_nursery_1600/0134.webp
AUDITDEV|FAIL|no changed audit-impact record covers audit/day_two_wash_complete_action_v1_20261001/root_route_attempt_03/native_frames/birthday_story_catalog_nursery_1600/0135.webp
AUDITDEV|FAIL|no changed audit-impact record covers audit/day_two_wash_complete_action_v1_20261001/root_route_attempt_03/native_frames/birthday_story_catalog_nursery_1600/0136.webp
AUDITDEV|FAIL|no changed audit-impact record covers audit/day_two_wash_complete_action_v1_20261001/root_route_attempt_03/native_frames/birthday_story_catalog_nursery_1600/0137.webp
AUDITDEV|FAIL|no changed audit-impact record covers audit/day_two_wash_complete_action_v1_20261001/root_route_attempt_03/native_frames/birthday_story_catalog_nursery_1600/0138.webp
AUDITDEV|FAIL|no changed audit-impact record covers audit/day_two_wash_complete_action_v1_20261001/root_route_attempt_03/native_frames/birthday_story_catalog_nursery_1600/0139.webp
AUDITDEV|FAIL|no changed audit-impact record covers audit/day_two_wash_complete_action_v1_20261001/root_route_attempt_03/native_frames/birthday_story_catalog_nursery_1600/0140.webp
AUDITDEV|FAIL|no changed audit-impact record covers audit/day_two_wash_complete_action_v1_20261001/root_route_attempt_03/native_frames/birthday_story_catalog_nursery_1600/0141.webp
AUDITDEV|FAIL|no changed audit-impact record covers audit/day_two_wash_complete_action_v1_20261001/root_route_attempt_03/native_frames/birthday_story_catalog_nursery_1600/0142.webp
AUDITDEV|FAIL|no changed audit-impact record covers audit/day_two_wash_complete_action_v1_20261001/root_route_attempt_03/native_frames/birthday_story_catalog_nursery_1600/0143.webp
AUDITDEV|FAIL|no changed audit-impact record covers audit/day_two_wash_complete_action_v1_20261001/root_route_attempt_03/native_frames/birthday_story_catalog_nursery_1600/0144.webp
AUDITDEV|FAIL|no changed audit-impact record covers audit/day_two_wash_complete_action_v1_20261001/root_route_attempt_03/native_frames/birthday_story_catalog_nursery_1600/0145.webp
AUDITDEV|FAIL|no changed audit-impact record covers audit/day_two_wash_complete_action_v1_20261001/root_route_attempt_03/native_frames/birthday_story_catalog_nursery_1600/0146.webp
AUDITDEV|FAIL|no changed audit-impact record covers audit/day_two_wash_complete_action_v1_20261001/root_route_attempt_03/native_frames/birthday_story_catalog_nursery_1600/0147.webp
AUDITDEV|FAIL|no changed audit-impact record covers audit/day_two_wash_complete_action_v1_20261001/root_route_attempt_03/native_frames/birthday_story_catalog_nursery_1600/0148.webp
AUDITDEV|FAIL|no changed audit-impact record covers audit/day_two_wash_complete_action_v1_20261001/root_route_attempt_03/native_frames/birthday_story_catalog_nursery_1600/0149.webp
AUDITDEV|FAIL|no changed audit-impact record covers audit/day_two_wash_complete_action_v1_20261001/root_route_attempt_03/native_frames/birthday_story_catalog_nursery_1600/0150.webp
AUDITDEV|FAIL|no changed audit-impact record covers audit/day_two_wash_complete_action_v1_20261001/root_route_attempt_03/native_frames/birthday_story_catalog_nursery_1600/0151.webp
AUDITDEV|FAIL|no changed audit-impact record covers audit/day_two_wash_complete_action_v1_20261001/root_route_attempt_03/native_frames/birthday_story_catalog_nursery_1600/0152.webp
AUDITDEV|FAIL|no changed audit-impact record covers audit/day_two_wash_complete_action_v1_20261001/root_route_attempt_03/native_frames/birthday_story_catalog_nursery_1600/0153.webp
AUDITDEV|FAIL|no changed audit-impact record covers audit/day_two_wash_complete_action_v1_20261001/root_route_attempt_03/native_frames/birthday_story_catalog_nursery_1600/0154.webp
AUDITDEV|FAIL|no changed audit-impact record covers audit/day_two_wash_complete_action_v1_20261001/root_route_attempt_03/native_frames/birthday_story_catalog_nursery_1600/0155.webp
AUDITDEV|FAIL|no changed audit-impact record covers audit/day_two_wash_complete_action_v1_20261001/root_route_attempt_03/native_frames/birthday_story_catalog_nursery_1600/0156.webp
AUDITDEV|FAIL|no changed audit-impact record covers audit/day_two_wash_complete_action_v1_20261001/root_route_attempt_03/native_frames/birthday_story_catalog_nursery_1600/0157.webp
AUDITDEV|FAIL|no changed audit-impact record covers audit/day_two_wash_complete_action_v1_20261001/root_route_attempt_03/native_frames/birthday_story_catalog_nursery_1600/0158.webp
AUDITDEV|FAIL|no changed audit-impact record covers audit/day_two_wash_complete_action_v1_20261001/root_route_attempt_03/native_frames/birthday_story_catalog_nursery_1600/0159.webp
AUDITDEV|FAIL|no changed audit-impact record covers audit/day_two_wash_complete_action_v1_20261001/root_route_attempt_03/native_frames/birthday_story_catalog_nursery_1600/0160.webp
AUDITDEV|FAIL|no changed audit-impact record covers audit/day_two_wash_complete_action_v1_20261001/root_route_attempt_03/native_frames/birthday_story_catalog_nursery_1600/0161.webp
AUDITDEV|FAIL|no changed audit-impact record covers audit/day_two_wash_complete_action_v1_20261001/root_route_attempt_03/native_frames/birthday_story_catalog_nursery_1600/0162.webp
AUDITDEV|FAIL|no changed audit-impact record covers audit/day_two_wash_complete_action_v1_20261001/root_route_attempt_03/native_frames/birthday_story_catalog_nursery_1600/0163.webp
AUDITDEV|FAIL|no changed audit-impact record covers audit/day_two_wash_complete_action_v1_20261001/root_route_attempt_03/native_frames/birthday_story_catalog_nursery_1600/0164.webp
AUDITDEV|FAIL|no changed audit-impact record covers audit/day_two_wash_complete_action_v1_20261001/root_route_attempt_03/native_frames/birthday_story_catalog_nursery_1600/0165.webp
AUDITDEV|FAIL|no changed audit-impact record covers audit/day_two_wash_complete_action_v1_20261001/root_route_attempt_03/native_frames/birthday_story_catalog_nursery_1600/0166.webp
AUDITDEV|FAIL|no changed audit-impact record covers audit/day_two_wash_complete_action_v1_20261001/root_route_attempt_03/native_frames/birthday_story_catalog_nursery_1600/0167.webp
AUDITDEV|FAIL|no changed audit-impact record covers audit/day_two_wash_complete_action_v1_20261001/root_route_attempt_03/native_frames/birthday_story_catalog_nursery_1600/0168.webp
AUDITDEV|FAIL|no changed audit-impact record covers audit/day_two_wash_complete_action_v1_20261001/root_route_attempt_03/native_frames/birthday_story_catalog_nursery_1600/0169.webp
AUDITDEV|FAIL|no changed audit-impact record covers audit/day_two_wash_complete_action_v1_20261001/root_route_attempt_03/native_frames/birthday_story_catalog_nursery_1600/0170.webp
AUDITDEV|FAIL|no changed audit-impact record covers audit/day_two_wash_complete_action_v1_20261001/root_route_attempt_03/native_frames/birthday_story_catalog_nursery_1600/0171.webp
AUDITDEV|FAIL|no changed audit-impact record covers audit/day_two_wash_complete_action_v1_20261001/root_route_attempt_03/native_frames/birthday_story_catalog_nursery_1600/0172.webp
AUDITDEV|FAIL|no changed audit-impact record covers audit/day_two_wash_complete_action_v1_20261001/root_route_attempt_03/native_frames/birthday_story_catalog_nursery_1600/0173.webp
AUDITDEV|FAIL|no changed audit-impact record covers audit/day_two_wash_complete_action_v1_20261001/root_route_attempt_03/native_frames/birthday_story_catalog_nursery_1600/0174.webp
AUDITDEV|FAIL|no changed audit-impact record covers audit/day_two_wash_complete_action_v1_20261001/root_route_attempt_03/native_frames/birthday_story_catalog_nursery_1600/0175.webp
AUDITDEV|FAIL|no changed audit-impact record covers audit/day_two_wash_complete_action_v1_20261001/root_route_attempt_03/native_frames/birthday_story_catalog_nursery_1600/0176.webp
AUDITDEV|FAIL|no changed audit-impact record covers audit/day_two_wash_complete_action_v1_20261001/root_route_attempt_03/native_frames/birthday_story_catalog_nursery_1600/0177.webp
AUDITDEV|FAIL|no changed audit-impact record covers audit/day_two_wash_complete_action_v1_20261001/root_route_attempt_03/native_frames/birthday_story_catalog_nursery_1600/0178.webp
AUDITDEV|FAIL|no changed audit-impact record covers audit/day_two_wash_complete_action_v1_20261001/root_route_attempt_03/native_frames/birthday_story_catalog_nursery_1600/0179.webp
AUDITDEV|FAIL|no changed audit-impact record covers audit/day_two_wash_complete_action_v1_20261001/root_route_attempt_03/native_frames/birthday_story_catalog_nursery_1600/0180.webp
AUDITDEV|FAIL|no changed audit-impact record covers audit/day_two_wash_complete_action_v1_20261001/root_route_attempt_03/native_frames/birthday_story_catalog_nursery_1600/0181.webp
AUDITDEV|FAIL|no changed audit-impact record covers audit/day_two_wash_complete_action_v1_20261001/root_route_attempt_03/native_frames/birthday_story_catalog_nursery_1600/0182.webp
AUDITDEV|FAIL|no changed audit-impact record covers audit/day_two_wash_complete_action_v1_20261001/root_route_attempt_03/native_frames/birthday_story_catalog_nursery_1600/0183.webp
AUDITDEV|FAIL|no changed audit-impact record covers audit/day_two_wash_complete_action_v1_20261001/root_route_attempt_03/native_frames/birthday_story_catalog_nursery_1600/0184.webp
AUDITDEV|FAIL|no changed audit-impact record covers audit/day_two_wash_complete_action_v1_20261001/root_route_attempt_03/native_frames/birthday_story_catalog_nursery_1600/0185.webp
AUDITDEV|FAIL|no changed audit-impact record covers audit/day_two_wash_complete_action_v1_20261001/root_route_attempt_03/native_frames/birthday_story_catalog_nursery_1600/0186.webp
AUDITDEV|FAIL|no changed audit-impact record covers audit/day_two_wash_complete_action_v1_20261001/root_route_attempt_03/native_frames/birthday_story_catalog_nursery_1600/0187.webp
AUDITDEV|FAIL|no changed audit-impact record covers audit/day_two_wash_complete_action_v1_20261001/root_route_attempt_03/native_frames/birthday_story_catalog_nursery_1600/0188.webp
AUDITDEV|FAIL|no changed audit-impact record covers audit/day_two_wash_complete_action_v1_20261001/root_route_attempt_03/native_frames/birthday_story_catalog_nursery_1600/0189.webp
AUDITDEV|FAIL|no changed audit-impact record covers audit/day_two_wash_complete_action_v1_20261001/root_route_attempt_03/native_frames/birthday_story_catalog_nursery_1600/0190.webp
AUDITDEV|FAIL|no changed audit-impact record covers audit/day_two_wash_complete_action_v1_20261001/root_route_attempt_03/native_frames/birthday_story_catalog_nursery_1600/0191.webp
AUDITDEV|FAIL|no changed audit-impact record covers audit/day_two_wash_complete_action_v1_20261001/root_route_attempt_03/native_frames/birthday_story_catalog_nursery_1600/0192.webp
AUDITDEV|FAIL|no changed audit-impact record covers audit/day_two_wash_complete_action_v1_20261001/root_route_attempt_03/native_frames/birthday_story_catalog_nursery_1600/0193.webp
AUDITDEV|FAIL|no changed audit-impact record covers audit/day_two_wash_complete_action_v1_20261001/root_route_attempt_03/native_frames/birthday_story_catalog_nursery_1600/0194.webp
AUDITDEV|FAIL|no changed audit-impact record covers audit/day_two_wash_complete_action_v1_20261001/root_route_attempt_03/native_frames/birthday_story_catalog_nursery_1600/0195.webp
AUDITDEV|FAIL|no changed audit-impact record covers audit/day_two_wash_complete_action_v1_20261001/root_route_attempt_03/native_frames/birthday_story_catalog_nursery_1600/0196.webp
AUDITDEV|FAIL|no changed audit-impact record covers audit/day_two_wash_complete_action_v1_20261001/root_route_attempt_03/native_frames/birthday_story_catalog_nursery_1600/0197.webp
AUDITDEV|FAIL|no changed audit-impact record covers audit/day_two_wash_complete_action_v1_20261001/root_route_attempt_03/native_frames/birthday_story_catalog_nursery_1600/0198.webp
AUDITDEV|FAIL|no changed audit-impact record covers audit/day_two_wash_complete_action_v1_20261001/root_route_attempt_03/native_frames/birthday_story_catalog_nursery_1600/0199.webp
AUDITDEV|FAIL|no changed audit-impact record covers audit/day_two_wash_complete_action_v1_20261001/root_route_attempt_03/native_frames/birthday_story_catalog_nursery_1600/0200.webp
AUDITDEV|FAIL|no changed audit-impact record covers audit/day_two_wash_complete_action_v1_20261001/root_route_attempt_03/native_frames/birthday_story_catalog_nursery_1600/0201.webp
AUDITDEV|FAIL|no changed audit-impact record covers audit/day_two_wash_complete_action_v1_20261001/root_route_attempt_03/native_frames/birthday_story_catalog_nursery_1600/0202.webp
AUDITDEV|FAIL|no changed audit-impact record covers audit/day_two_wash_complete_action_v1_20261001/root_route_attempt_03/native_frames/birthday_story_catalog_nursery_1600/0203.webp
AUDITDEV|FAIL|no changed audit-impact record covers audit/day_two_wash_complete_action_v1_20261001/root_route_attempt_03/native_frames/birthday_story_catalog_nursery_1600/0204.webp
AUDITDEV|FAIL|no changed audit-impact record covers audit/day_two_wash_complete_action_v1_20261001/root_route_attempt_03/native_frames/birthday_story_catalog_nursery_1600/0205.webp
AUDITDEV|FAIL|no changed audit-impact record covers audit/day_two_wash_complete_action_v1_20261001/root_route_attempt_03/native_frames/birthday_story_catalog_nursery_1600/0206.webp
AUDITDEV|FAIL|no changed audit-impact record covers audit/day_two_wash_complete_action_v1_20261001/root_route_attempt_03/native_frames/birthday_story_catalog_nursery_1600/0207.webp
AUDITDEV|FAIL|no changed audit-impact record covers audit/day_two_wash_complete_action_v1_20261001/root_route_attempt_03/native_frames/birthday_story_catalog_nursery_1600/0208.webp
AUDITDEV|FAIL|no changed audit-impact record covers audit/day_two_wash_complete_action_v1_20261001/root_route_attempt_03/native_frames/birthday_story_catalog_nursery_1600/0209.webp
AUDITDEV|FAIL|no changed audit-impact record covers audit/day_two_wash_complete_action_v1_20261001/root_route_attempt_03/native_frames/birthday_story_catalog_nursery_1600/0210.webp
AUDITDEV|FAIL|no changed audit-impact record covers audit/day_two_wash_complete_action_v1_20261001/root_route_attempt_03/native_frames/birthday_story_catalog_nursery_1600/0211.webp
AUDITDEV|FAIL|no changed audit-impact record covers audit/day_two_wash_complete_action_v1_20261001/root_route_attempt_03/native_frames/birthday_story_catalog_nursery_1600/0212.webp
AUDITDEV|FAIL|no changed audit-impact record covers audit/day_two_wash_complete_action_v1_20261001/root_route_attempt_03/native_frames/birthday_story_catalog_nursery_1600/0213.webp
AUDITDEV|FAIL|no changed audit-impact record covers audit/day_two_wash_complete_action_v1_20261001/root_route_attempt_03/native_frames/birthday_story_catalog_nursery_1600/0214.webp
AUDITDEV|FAIL|no changed audit-impact record covers audit/day_two_wash_complete_action_v1_20261001/root_route_attempt_03/native_frames/birthday_story_catalog_nursery_1600/0215.webp
AUDITDEV|FAIL|no changed audit-impact record covers audit/day_two_wash_complete_action_v1_20261001/root_route_attempt_03/native_frames/birthday_story_catalog_nursery_1600/0216.webp
AUDITDEV|FAIL|no changed audit-impact record covers audit/day_two_wash_complete_action_v1_20261001/root_route_attempt_03/native_frames/birthday_story_catalog_nursery_1600/0217.webp
AUDITDEV|FAIL|no changed audit-impact record covers audit/day_two_wash_complete_action_v1_20261001/root_route_attempt_03/native_frames/birthday_story_catalog_nursery_1600/0218.webp
AUDITDEV|FAIL|no changed audit-impact record covers audit/day_two_wash_complete_action_v1_20261001/root_route_attempt_03/native_frames/birthday_story_catalog_nursery_1600/0219.webp
AUDITDEV|FAIL|no changed audit-impact record covers audit/day_two_wash_complete_action_v1_20261001/root_route_attempt_03/native_frames/birthday_story_catalog_nursery_1600/0220.webp
AUDITDEV|FAIL|no changed audit-impact record covers audit/day_two_wash_complete_action_v1_20261001/root_route_attempt_03/native_frames/birthday_story_catalog_nursery_1600/0221.webp
AUDITDEV|FAIL|no changed audit-impact record covers audit/day_two_wash_complete_action_v1_20261001/root_route_attempt_03/native_frames/birthday_story_catalog_nursery_1600/0222.webp
AUDITDEV|FAIL|no changed audit-impact record covers audit/day_two_wash_complete_action_v1_20261001/root_route_attempt_03/native_frames/birthday_story_catalog_nursery_1600/0223.webp
AUDITDEV|FAIL|no changed audit-impact record covers audit/day_two_wash_complete_action_v1_20261001/root_route_attempt_03/native_frames/birthday_story_catalog_nursery_1600/0224.webp
AUDITDEV|FAIL|no changed audit-impact record covers audit/day_two_wash_complete_action_v1_20261001/root_route_attempt_03/native_frames/birthday_story_catalog_nursery_1600/0225.webp
AUDITDEV|FAIL|no changed audit-impact record covers audit/day_two_wash_complete_action_v1_20261001/root_route_attempt_03/native_frames/birthday_story_catalog_nursery_1600/0226.webp
AUDITDEV|FAIL|no changed audit-impact record covers audit/day_two_wash_complete_action_v1_20261001/root_route_attempt_03/native_frames/birthday_story_catalog_nursery_1600/0227.webp
AUDITDEV|FAIL|no changed audit-impact record covers audit/day_two_wash_complete_action_v1_20261001/root_route_attempt_03/native_frames/birthday_story_catalog_nursery_1600/0228.webp
AUDITDEV|FAIL|no changed audit-impact record covers audit/day_two_wash_complete_action_v1_20261001/root_route_attempt_03/native_frames/birthday_story_catalog_nursery_1600/0229.webp
AUDITDEV|FAIL|no changed audit-impact record covers audit/day_two_wash_complete_action_v1_20261001/root_route_attempt_03/native_frames/birthday_story_catalog_nursery_1600/0230.webp
AUDITDEV|FAIL|no changed audit-impact record covers audit/day_two_wash_complete_action_v1_20261001/root_route_attempt_03/native_frames/birthday_story_catalog_nursery_1600/0231.webp
AUDITDEV|FAIL|no changed audit-impact record covers audit/day_two_wash_complete_action_v1_20261001/root_route_attempt_03/native_frames/birthday_story_catalog_nursery_1600/0232.webp
AUDITDEV|FAIL|no changed audit-impact record covers audit/day_two_wash_complete_action_v1_20261001/root_route_attempt_03/native_frames/birthday_story_catalog_nursery_1600/0233.webp
AUDITDEV|FAIL|no changed audit-impact record covers audit/day_two_wash_complete_action_v1_20261001/root_route_attempt_03/native_frames/birthday_story_catalog_nursery_1600/0234.webp
AUDITDEV|FAIL|no changed audit-impact record covers audit/day_two_wash_complete_action_v1_20261001/root_route_attempt_03/native_frames/birthday_story_catalog_nursery_1600/0235.webp
AUDITDEV|FAIL|no changed audit-impact record covers audit/day_two_wash_complete_action_v1_20261001/root_route_attempt_03/native_frames/birthday_story_catalog_nursery_1600/0236.webp
AUDITDEV|FAIL|no changed audit-impact record covers audit/day_two_wash_complete_action_v1_20261001/root_route_attempt_03/native_frames/birthday_story_catalog_nursery_1600/0237.webp
AUDITDEV|FAIL|no changed audit-impact record covers audit/day_two_wash_complete_action_v1_20261001/root_route_attempt_03/native_frames/birthday_story_catalog_nursery_1600/0238.webp
AUDITDEV|FAIL|no changed audit-impact record covers audit/day_two_wash_complete_action_v1_20261001/root_route_attempt_03/native_frames/birthday_story_catalog_nursery_1600/0239.webp
AUDITDEV|FAIL|no changed audit-impact record covers audit/day_two_wash_complete_action_v1_20261001/root_route_attempt_03/native_frames/birthday_story_catalog_nursery_1600/0240.webp
AUDITDEV|FAIL|no changed audit-impact record covers audit/day_two_wash_complete_action_v1_20261001/root_route_attempt_03/native_frames/birthday_story_catalog_nursery_1600/0241.webp
AUDITDEV|FAIL|no changed audit-impact record covers audit/day_two_wash_complete_action_v1_20261001/root_route_attempt_03/native_frames/birthday_story_catalog_nursery_1600/0242.webp
AUDITDEV|FAIL|no changed audit-impact record covers audit/day_two_wash_complete_action_v1_20261001/root_route_attempt_03/native_frames/birthday_story_catalog_nursery_1600/0243.webp
AUDITDEV|FAIL|no changed audit-impact record covers audit/day_two_wash_complete_action_v1_20261001/root_route_attempt_03/native_frames/birthday_story_catalog_nursery_1600/0244.webp
AUDITDEV|FAIL|no changed audit-impact record covers audit/day_two_wash_complete_action_v1_20261001/root_route_attempt_03/native_frames/birthday_story_catalog_nursery_1600/0245.webp
AUDITDEV|FAIL|no changed audit-impact record covers audit/day_two_wash_complete_action_v1_20261001/root_route_attempt_03/native_frames/birthday_story_catalog_nursery_1600/0246.webp
AUDITDEV|FAIL|no changed audit-impact record covers audit/day_two_wash_complete_action_v1_20261001/root_route_attempt_03/native_frames/birthday_story_catalog_nursery_1600/0247.webp
AUDITDEV|FAIL|no changed audit-impact record covers audit/day_two_wash_complete_action_v1_20261001/root_route_attempt_03/native_frames/birthday_story_catalog_nursery_1600/0248.webp
AUDITDEV|FAIL|no changed audit-impact record covers audit/day_two_wash_complete_action_v1_20261001/root_route_attempt_03/native_frames/birthday_story_catalog_nursery_1600/0249.webp
AUDITDEV|FAIL|no changed audit-impact record covers audit/day_two_wash_complete_action_v1_20261001/root_route_attempt_03/native_frames/birthday_story_catalog_nursery_1600/0250.webp
AUDITDEV|FAIL|no changed audit-impact record covers audit/day_two_wash_complete_action_v1_20261001/root_route_attempt_03/native_frames/birthday_story_catalog_nursery_1600/0251.webp
AUDITDEV|FAIL|no changed audit-impact record covers audit/day_two_wash_complete_action_v1_20261001/root_route_attempt_03/native_frames/birthday_story_catalog_nursery_1600/0252.webp
AUDITDEV|FAIL|no changed audit-impact record covers audit/day_two_wash_complete_action_v1_20261001/root_route_attempt_03/native_frames/birthday_story_catalog_nursery_1600/0253.webp
AUDITDEV|FAIL|no changed audit-impact record covers audit/day_two_wash_complete_action_v1_20261001/root_route_attempt_03/native_frames/birthday_story_catalog_nursery_1600/0254.webp
AUDITDEV|FAIL|no changed audit-impact record covers audit/day_two_wash_complete_action_v1_20261001/root_route_attempt_03/native_frames/birthday_story_catalog_nursery_1600/0255.webp
AUDITDEV|FAIL|no changed audit-impact record covers audit/day_two_wash_complete_action_v1_20261001/root_route_attempt_03/native_frames/birthday_story_catalog_nursery_1600/0256.webp
AUDITDEV|FAIL|no changed audit-impact record covers audit/day_two_wash_complete_action_v1_20261001/root_route_attempt_03/native_frames/birthday_story_catalog_nursery_1600/0257.webp
AUDITDEV|FAIL|no changed audit-impact record covers audit/day_two_wash_complete_action_v1_20261001/root_route_attempt_03/native_frames/birthday_story_catalog_nursery_1600/0258.webp
AUDITDEV|FAIL|no changed audit-impact record covers audit/day_two_wash_complete_action_v1_20261001/root_route_attempt_03/native_frames/birthday_story_catalog_nursery_1600/0259.webp
AUDITDEV|FAIL|no changed audit-impact record covers audit/day_two_wash_complete_action_v1_20261001/root_route_attempt_03/native_frames/birthday_story_catalog_nursery_1600/0260.webp
AUDITDEV|FAIL|no changed audit-impact record covers audit/day_two_wash_complete_action_v1_20261001/root_route_attempt_03/native_frames/birthday_story_catalog_nursery_1600/0261.webp
AUDITDEV|FAIL|no changed audit-impact record covers audit/day_two_wash_complete_action_v1_20261001/root_route_attempt_03/native_frames/birthday_story_catalog_nursery_1600/0262.webp
AUDITDEV|FAIL|no changed audit-impact record covers audit/day_two_wash_complete_action_v1_20261001/root_route_attempt_03/native_frames/opera_training_doctor_1280/0000.webp
AUDITDEV|FAIL|no changed audit-impact record covers audit/day_two_wash_complete_action_v1_20261001/root_route_attempt_03/native_frames/opera_training_doctor_1280/0001.webp
AUDITDEV|FAIL|no changed audit-impact record covers audit/day_two_wash_complete_action_v1_20261001/root_route_attempt_03/native_frames/opera_training_doctor_1280/0002.webp
AUDITDEV|FAIL|no changed audit-impact record covers audit/day_two_wash_complete_action_v1_20261001/root_route_attempt_03/native_frames/opera_training_doctor_1280/0003.webp
AUDITDEV|FAIL|no changed audit-impact record covers audit/day_two_wash_complete_action_v1_20261001/root_route_attempt_03/native_frames/opera_training_doctor_1280/0004.webp
AUDITDEV|FAIL|no changed audit-impact record covers audit/day_two_wash_complete_action_v1_20261001/root_route_attempt_03/native_frames/opera_training_doctor_1280/0005.webp
AUDITDEV|FAIL|no changed audit-impact record covers audit/day_two_wash_complete_action_v1_20261001/root_route_attempt_03/native_frames/opera_training_doctor_1280/0006.webp
AUDITDEV|FAIL|no changed audit-impact record covers audit/day_two_wash_complete_action_v1_20261001/root_route_attempt_03/native_frames/opera_training_doctor_1280/0007.webp
AUDITDEV|FAIL|no changed audit-impact record covers audit/day_two_wash_complete_action_v1_20261001/root_route_attempt_03/native_frames/opera_training_doctor_1280/0008.webp
AUDITDEV|FAIL|no changed audit-impact record covers audit/day_two_wash_complete_action_v1_20261001/root_route_attempt_03/native_frames/opera_training_doctor_1280/0009.webp
AUDITDEV|FAIL|no changed audit-impact record covers audit/day_two_wash_complete_action_v1_20261001/root_route_attempt_03/native_frames/opera_training_doctor_1280/0010.webp
AUDITDEV|FAIL|no changed audit-impact record covers audit/day_two_wash_complete_action_v1_20261001/root_route_attempt_03/native_frames/opera_training_doctor_1280/0011.webp
AUDITDEV|FAIL|no changed audit-impact record covers audit/day_two_wash_complete_action_v1_20261001/root_route_attempt_03/native_frames/opera_training_doctor_1280/0012.webp
AUDITDEV|FAIL|no changed audit-impact record covers audit/day_two_wash_complete_action_v1_20261001/root_route_attempt_03/native_frames/opera_training_doctor_1280/0013.webp
AUDITDEV|FAIL|no changed audit-impact record covers audit/day_two_wash_complete_action_v1_20261001/root_route_attempt_03/native_frames/opera_training_doctor_1280/0014.webp
AUDITDEV|FAIL|no changed audit-impact record covers audit/day_two_wash_complete_action_v1_20261001/root_route_attempt_03/native_frames/opera_training_doctor_1280/0015.webp
AUDITDEV|FAIL|no changed audit-impact record covers audit/day_two_wash_complete_action_v1_20261001/root_route_attempt_03/native_frames/opera_training_doctor_1280/0016.webp
AUDITDEV|FAIL|no changed audit-impact record covers audit/day_two_wash_complete_action_v1_20261001/root_route_attempt_03/native_frames/opera_training_doctor_1280/0017.webp
AUDITDEV|FAIL|no changed audit-impact record covers audit/day_two_wash_complete_action_v1_20261001/root_route_attempt_03/native_frames/opera_training_doctor_1280/0018.webp
AUDITDEV|FAIL|no changed audit-impact record covers audit/day_two_wash_complete_action_v1_20261001/root_route_attempt_03/native_frames/opera_training_doctor_1280/0019.webp
AUDITDEV|FAIL|no changed audit-impact record covers audit/day_two_wash_complete_action_v1_20261001/root_route_attempt_03/native_frames/opera_training_doctor_1280/0020.webp
AUDITDEV|FAIL|no changed audit-impact record covers audit/day_two_wash_complete_action_v1_20261001/root_route_attempt_03/native_frames/opera_training_doctor_1280/0021.webp
AUDITDEV|FAIL|no changed audit-impact record covers audit/day_two_wash_complete_action_v1_20261001/root_route_attempt_03/native_frames/opera_training_doctor_1280/0022.webp
AUDITDEV|FAIL|no changed audit-impact record covers audit/day_two_wash_complete_action_v1_20261001/root_route_attempt_03/native_frames/opera_training_doctor_1280/0023.webp
AUDITDEV|FAIL|no changed audit-impact record covers audit/day_two_wash_complete_action_v1_20261001/root_route_attempt_03/native_frames/opera_training_doctor_1280/0024.webp
AUDITDEV|FAIL|no changed audit-impact record covers audit/day_two_wash_complete_action_v1_20261001/root_route_attempt_03/native_frames/opera_training_doctor_1280/0025.webp
AUDITDEV|FAIL|no changed audit-impact record covers audit/day_two_wash_complete_action_v1_20261001/root_route_attempt_03/native_frames/opera_training_doctor_1280/0026.webp
AUDITDEV|FAIL|no changed audit-impact record covers audit/day_two_wash_complete_action_v1_20261001/root_route_attempt_03/native_frames/opera_training_doctor_1280/0027.webp
AUDITDEV|FAIL|no changed audit-impact record covers audit/day_two_wash_complete_action_v1_20261001/root_route_attempt_03/native_frames/opera_training_doctor_1280/0028.webp
AUDITDEV|FAIL|no changed audit-impact record covers audit/day_two_wash_complete_action_v1_20261001/root_route_attempt_03/native_frames/opera_training_doctor_1280/0029.webp
AUDITDEV|FAIL|no changed audit-impact record covers audit/day_two_wash_complete_action_v1_20261001/root_route_attempt_03/native_frames/opera_training_doctor_1280/0030.webp
AUDITDEV|FAIL|no changed audit-impact record covers audit/day_two_wash_complete_action_v1_20261001/root_route_attempt_03/native_frames/opera_training_doctor_1280/0031.webp
AUDITDEV|FAIL|no changed audit-impact record covers audit/day_two_wash_complete_action_v1_20261001/root_route_attempt_03/native_frames/opera_training_doctor_1280/0032.webp
AUDITDEV|FAIL|no changed audit-impact record covers audit/day_two_wash_complete_action_v1_20261001/root_route_attempt_03/native_frames/opera_training_doctor_1280/0033.webp
AUDITDEV|FAIL|no changed audit-impact record covers audit/day_two_wash_complete_action_v1_20261001/root_route_attempt_03/native_frames/opera_training_doctor_1280/0034.webp
AUDITDEV|FAIL|no changed audit-impact record covers audit/day_two_wash_complete_action_v1_20261001/root_route_attempt_03/native_frames/opera_training_doctor_1280/0035.webp
AUDITDEV|FAIL|no changed audit-impact record covers audit/day_two_wash_complete_action_v1_20261001/root_route_attempt_03/native_frames/opera_training_doctor_1280/0036.webp
AUDITDEV|FAIL|no changed audit-impact record covers audit/day_two_wash_complete_action_v1_20261001/root_route_attempt_03/native_frames/opera_training_doctor_1280/0037.webp
AUDITDEV|FAIL|no changed audit-impact record covers audit/day_two_wash_complete_action_v1_20261001/root_route_attempt_03/native_frames/opera_training_doctor_1280/0038.webp
AUDITDEV|FAIL|no changed audit-impact record covers audit/day_two_wash_complete_action_v1_20261001/root_route_attempt_03/native_frames/opera_training_doctor_1280/0039.webp
AUDITDEV|FAIL|no changed audit-impact record covers audit/day_two_wash_complete_action_v1_20261001/root_route_attempt_03/native_frames/opera_training_doctor_1280/0040.webp
AUDITDEV|FAIL|no changed audit-impact record covers audit/day_two_wash_complete_action_v1_20261001/root_route_attempt_03/native_frames/opera_training_doctor_1280/0041.webp
AUDITDEV|FAIL|no changed audit-impact record covers audit/day_two_wash_complete_action_v1_20261001/root_route_attempt_03/native_frames/opera_training_doctor_1280/0042.webp
AUDITDEV|FAIL|no changed audit-impact record covers audit/day_two_wash_complete_action_v1_20261001/root_route_attempt_03/native_frames/opera_training_doctor_1280/0043.webp
AUDITDEV|FAIL|no changed audit-impact record covers audit/day_two_wash_complete_action_v1_20261001/root_route_attempt_03/native_frames/opera_training_doctor_1280/0044.webp
AUDITDEV|FAIL|no changed audit-impact record covers audit/day_two_wash_complete_action_v1_20261001/root_route_attempt_03/native_frames/opera_training_doctor_1280/0045.webp
AUDITDEV|FAIL|no changed audit-impact record covers audit/day_two_wash_complete_action_v1_20261001/root_route_attempt_03/native_frames/opera_training_doctor_1280/0046.webp
AUDITDEV|FAIL|no changed audit-impact record covers audit/day_two_wash_complete_action_v1_20261001/root_route_attempt_03/native_frames/opera_training_doctor_1280/0047.webp
AUDITDEV|FAIL|no changed audit-impact record covers audit/day_two_wash_complete_action_v1_20261001/root_route_attempt_03/native_frames/opera_training_doctor_1280/0048.webp
AUDITDEV|FAIL|no changed audit-impact record covers audit/day_two_wash_complete_action_v1_20261001/root_route_attempt_03/native_frames/opera_training_doctor_1280/0049.webp
AUDITDEV|FAIL|no changed audit-impact record covers audit/day_two_wash_complete_action_v1_20261001/root_route_attempt_03/native_frames/opera_training_doctor_1280/0050.webp
AUDITDEV|FAIL|no changed audit-impact record covers audit/day_two_wash_complete_action_v1_20261001/root_route_attempt_03/native_frames/opera_training_doctor_1280/0051.webp
AUDITDEV|FAIL|no changed audit-impact record covers audit/day_two_wash_complete_action_v1_20261001/root_route_attempt_03/native_frames/opera_training_doctor_1280/0052.webp
AUDITDEV|FAIL|no changed audit-impact record covers audit/day_two_wash_complete_action_v1_20261001/root_route_attempt_03/native_frames/opera_training_doctor_1280/0053.webp
AUDITDEV|FAIL|no changed audit-impact record covers audit/day_two_wash_complete_action_v1_20261001/root_route_attempt_03/native_frames/opera_training_doctor_1280/0054.webp
AUDITDEV|FAIL|no changed audit-impact record covers audit/day_two_wash_complete_action_v1_20261001/root_route_attempt_03/native_frames/opera_training_doctor_1280/0055.webp
AUDITDEV|FAIL|no changed audit-impact record covers audit/day_two_wash_complete_action_v1_20261001/root_route_attempt_03/native_frames/opera_training_doctor_1280/0056.webp
AUDITDEV|FAIL|no changed audit-impact record covers audit/day_two_wash_complete_action_v1_20261001/root_route_attempt_03/native_frames/opera_training_doctor_1280/0057.webp
AUDITDEV|FAIL|no changed audit-impact record covers audit/day_two_wash_complete_action_v1_20261001/root_route_attempt_03/native_frames/opera_training_doctor_1280/0058.webp
AUDITDEV|FAIL|no changed audit-impact record covers audit/day_two_wash_complete_action_v1_20261001/root_route_attempt_03/native_frames/opera_training_doctor_1280/0059.webp
AUDITDEV|FAIL|no changed audit-impact record covers audit/day_two_wash_complete_action_v1_20261001/root_route_attempt_03/native_frames/opera_training_doctor_1280/0060.webp
AUDITDEV|FAIL|no changed audit-impact record covers audit/day_two_wash_complete_action_v1_20261001/root_route_attempt_03/native_frames/opera_training_doctor_1280/0061.webp
AUDITDEV|FAIL|no changed audit-impact record covers audit/day_two_wash_complete_action_v1_20261001/root_route_attempt_03/native_frames/opera_training_doctor_1280/0062.webp
AUDITDEV|FAIL|no changed audit-impact record covers audit/day_two_wash_complete_action_v1_20261001/root_route_attempt_03/native_frames/opera_training_doctor_1280/0063.webp
AUDITDEV|FAIL|no changed audit-impact record covers audit/day_two_wash_complete_action_v1_20261001/root_route_attempt_03/native_frames/opera_training_doctor_1280/0064.webp
AUDITDEV|FAIL|no changed audit-impact record covers audit/day_two_wash_complete_action_v1_20261001/root_route_attempt_03/native_frames/opera_training_doctor_1280/0065.webp
AUDITDEV|FAIL|no changed audit-impact record covers audit/day_two_wash_complete_action_v1_20261001/root_route_attempt_03/native_frames/opera_training_doctor_1280/0066.webp
AUDITDEV|FAIL|no changed audit-impact record covers audit/day_two_wash_complete_action_v1_20261001/root_route_attempt_03/native_frames/opera_training_doctor_1280/0067.webp
AUDITDEV|FAIL|no changed audit-impact record covers audit/day_two_wash_complete_action_v1_20261001/root_route_attempt_03/native_frames/opera_training_doctor_1280/0068.webp
AUDITDEV|FAIL|no changed audit-impact record covers audit/day_two_wash_complete_action_v1_20261001/root_route_attempt_03/native_frames/opera_training_doctor_1280/0069.webp
AUDITDEV|FAIL|no changed audit-impact record covers audit/day_two_wash_complete_action_v1_20261001/root_route_attempt_03/native_frames/opera_training_doctor_1280/0070.webp
AUDITDEV|FAIL|no changed audit-impact record covers audit/day_two_wash_complete_action_v1_20261001/root_route_attempt_03/native_frames/opera_training_doctor_1280/0071.webp
AUDITDEV|FAIL|no changed audit-impact record covers audit/day_two_wash_complete_action_v1_20261001/root_route_attempt_03/native_frames/opera_training_doctor_1280/0072.webp
AUDITDEV|FAIL|no changed audit-impact record covers audit/day_two_wash_complete_action_v1_20261001/root_route_attempt_03/native_frames/opera_training_doctor_1280/0073.webp
AUDITDEV|FAIL|no changed audit-impact record covers audit/day_two_wash_complete_action_v1_20261001/root_route_attempt_03/native_frames/opera_training_doctor_1280/0074.webp
AUDITDEV|FAIL|no changed audit-impact record covers audit/day_two_wash_complete_action_v1_20261001/root_route_attempt_03/native_frames/opera_training_doctor_1280/0075.webp
AUDITDEV|FAIL|no changed audit-impact record covers audit/day_two_wash_complete_action_v1_20261001/root_route_attempt_03/native_frames/opera_training_doctor_1280/0076.webp
AUDITDEV|FAIL|no changed audit-impact record covers audit/day_two_wash_complete_action_v1_20261001/root_route_attempt_03/native_frames/opera_training_doctor_1280/0077.webp
AUDITDEV|FAIL|no changed audit-impact record covers audit/day_two_wash_complete_action_v1_20261001/root_route_attempt_03/native_frames/opera_training_doctor_1280/0078.webp
AUDITDEV|FAIL|no changed audit-impact record covers audit/day_two_wash_complete_action_v1_20261001/root_route_attempt_03/native_frames/opera_training_doctor_1280/0079.webp
AUDITDEV|FAIL|no changed audit-impact record covers audit/day_two_wash_complete_action_v1_20261001/root_route_attempt_03/native_frames/opera_training_doctor_1280/0080.webp
AUDITDEV|FAIL|no changed audit-impact record covers audit/day_two_wash_complete_action_v1_20261001/root_route_attempt_03/native_frames/opera_training_doctor_1280/0081.webp
AUDITDEV|FAIL|no changed audit-impact record covers audit/day_two_wash_complete_action_v1_20261001/root_route_attempt_03/native_frames/opera_training_doctor_1280/0082.webp
AUDITDEV|FAIL|no changed audit-impact record covers audit/day_two_wash_complete_action_v1_20261001/root_route_attempt_03/native_frames/opera_training_doctor_1280/0083.webp
AUDITDEV|FAIL|no changed audit-impact record covers audit/day_two_wash_complete_action_v1_20261001/root_route_attempt_03/native_frames/opera_training_doctor_1280/0084.webp
AUDITDEV|FAIL|no changed audit-impact record covers audit/day_two_wash_complete_action_v1_20261001/root_route_attempt_03/native_frames/opera_training_doctor_1280/0085.webp
AUDITDEV|FAIL|no changed audit-impact record covers audit/day_two_wash_complete_action_v1_20261001/root_route_attempt_03/native_frames/opera_training_doctor_1280/0086.webp
AUDITDEV|FAIL|no changed audit-impact record covers audit/day_two_wash_complete_action_v1_20261001/root_route_attempt_03/native_frames/opera_training_doctor_1280/0087.webp
AUDITDEV|FAIL|no changed audit-impact record covers audit/day_two_wash_complete_action_v1_20261001/root_route_attempt_03/native_frames/opera_training_doctor_1280/0088.webp
AUDITDEV|FAIL|no changed audit-impact record covers audit/day_two_wash_complete_action_v1_20261001/root_route_attempt_03/native_frames/opera_training_doctor_1280/0089.webp
AUDITDEV|FAIL|no changed audit-impact record covers audit/day_two_wash_complete_action_v1_20261001/root_route_attempt_03/native_frames/opera_training_doctor_1280/0090.webp
AUDITDEV|FAIL|no changed audit-impact record covers audit/day_two_wash_complete_action_v1_20261001/root_route_attempt_03/native_frames/opera_training_doctor_1280/0091.webp
AUDITDEV|FAIL|no changed audit-impact record covers audit/day_two_wash_complete_action_v1_20261001/root_route_attempt_03/native_frames/opera_training_doctor_1280/0092.webp
AUDITDEV|FAIL|no changed audit-impact record covers audit/day_two_wash_complete_action_v1_20261001/root_route_attempt_03/native_frames/opera_training_doctor_1280/0093.webp
AUDITDEV|FAIL|no changed audit-impact record covers audit/day_two_wash_complete_action_v1_20261001/root_route_attempt_03/native_frames/opera_training_doctor_1280/0094.webp
AUDITDEV|FAIL|no changed audit-impact record covers audit/day_two_wash_complete_action_v1_20261001/root_route_attempt_03/native_frames/opera_training_doctor_1280/0095.webp
AUDITDEV|FAIL|no changed audit-impact record covers audit/day_two_wash_complete_action_v1_20261001/root_route_attempt_03/native_frames/opera_training_doctor_1280/0096.webp
AUDITDEV|FAIL|no changed audit-impact record covers audit/day_two_wash_complete_action_v1_20261001/root_route_attempt_03/native_frames/opera_training_doctor_1280/0097.webp
AUDITDEV|FAIL|no changed audit-impact record covers audit/day_two_wash_complete_action_v1_20261001/root_route_attempt_03/native_frames/opera_training_doctor_1280/0098.webp
AUDITDEV|FAIL|no changed audit-impact record covers audit/day_two_wash_complete_action_v1_20261001/root_route_attempt_03/native_frames/opera_training_doctor_1280/0099.webp
AUDITDEV|FAIL|no changed audit-impact record covers audit/day_two_wash_complete_action_v1_20261001/root_route_attempt_03/native_frames/opera_training_doctor_1280/0100.webp
AUDITDEV|FAIL|no changed audit-impact record covers audit/day_two_wash_complete_action_v1_20261001/root_route_attempt_03/native_frames/opera_training_doctor_1280/0101.webp
AUDITDEV|FAIL|no changed audit-impact record covers audit/day_two_wash_complete_action_v1_20261001/root_route_attempt_03/native_frames/opera_training_doctor_1280/0102.webp
AUDITDEV|FAIL|no changed audit-impact record covers audit/day_two_wash_complete_action_v1_20261001/root_route_attempt_03/native_frames/opera_training_doctor_1280/0103.webp
AUDITDEV|FAIL|no changed audit-impact record covers audit/day_two_wash_complete_action_v1_20261001/root_route_attempt_03/native_frames/opera_training_doctor_1280/0104.webp
AUDITDEV|FAIL|no changed audit-impact record covers audit/day_two_wash_complete_action_v1_20261001/root_route_attempt_03/native_frames/opera_training_doctor_1280/0105.webp
AUDITDEV|FAIL|no changed audit-impact record covers audit/day_two_wash_complete_action_v1_20261001/root_route_attempt_03/native_frames/opera_training_doctor_1280/0106.webp
AUDITDEV|FAIL|no changed audit-impact record covers audit/day_two_wash_complete_action_v1_20261001/root_route_attempt_03/native_frames/opera_training_doctor_1280/0107.webp
AUDITDEV|FAIL|no changed audit-impact record covers audit/day_two_wash_complete_action_v1_20261001/root_route_attempt_03/native_frames/opera_training_doctor_1280/0108.webp
AUDITDEV|FAIL|no changed audit-impact record covers audit/day_two_wash_complete_action_v1_20261001/root_route_attempt_03/native_frames/opera_training_doctor_1280/0109.webp
AUDITDEV|FAIL|no changed audit-impact record covers audit/day_two_wash_complete_action_v1_20261001/root_route_attempt_03/native_frames/opera_training_doctor_1280/0110.webp
AUDITDEV|FAIL|no changed audit-impact record covers audit/day_two_wash_complete_action_v1_20261001/root_route_attempt_03/native_frames/opera_training_doctor_1280/0111.webp
AUDITDEV|FAIL|no changed audit-impact record covers audit/day_two_wash_complete_action_v1_20261001/root_route_attempt_03/native_frames/opera_training_doctor_1280/0112.webp
AUDITDEV|FAIL|no changed audit-impact record covers audit/day_two_wash_complete_action_v1_20261001/root_route_attempt_03/native_frames/opera_training_doctor_1280/0113.webp
AUDITDEV|FAIL|no changed audit-impact record covers audit/day_two_wash_complete_action_v1_20261001/root_route_attempt_03/native_frames/opera_training_doctor_1280/0114.webp
AUDITDEV|FAIL|no changed audit-impact record covers audit/day_two_wash_complete_action_v1_20261001/root_route_attempt_03/native_frames/opera_training_doctor_1280/0115.webp
AUDITDEV|FAIL|no changed audit-impact record covers audit/day_two_wash_complete_action_v1_20261001/root_route_attempt_03/native_frames/opera_training_doctor_1280/0116.webp
AUDITDEV|FAIL|no changed audit-impact record covers audit/day_two_wash_complete_action_v1_20261001/root_route_attempt_03/native_frames/opera_training_doctor_1280/0117.webp
AUDITDEV|FAIL|no changed audit-impact record covers audit/day_two_wash_complete_action_v1_20261001/root_route_attempt_03/native_frames/opera_training_doctor_1280/0118.webp
AUDITDEV|FAIL|no changed audit-impact record covers audit/day_two_wash_complete_action_v1_20261001/root_route_attempt_03/native_frames/opera_training_doctor_1280/0119.webp
AUDITDEV|FAIL|no changed audit-impact record covers audit/day_two_wash_complete_action_v1_20261001/root_route_attempt_03/native_frames/opera_training_doctor_1280/0120.webp
AUDITDEV|FAIL|no changed audit-impact record covers audit/day_two_wash_complete_action_v1_20261001/root_route_attempt_03/native_frames/opera_training_doctor_1280/0121.webp
AUDITDEV|FAIL|no changed audit-impact record covers audit/day_two_wash_complete_action_v1_20261001/root_route_attempt_03/native_frames/opera_training_doctor_1280/0122.webp
AUDITDEV|FAIL|no changed audit-impact record covers audit/day_two_wash_complete_action_v1_20261001/root_route_attempt_03/native_frames/opera_training_doctor_1280/0123.webp
AUDITDEV|FAIL|no changed audit-impact record covers audit/day_two_wash_complete_action_v1_20261001/root_route_attempt_03/native_frames/opera_training_doctor_1280/0124.webp
AUDITDEV|FAIL|no changed audit-impact record covers audit/day_two_wash_complete_action_v1_20261001/root_route_attempt_03/native_frames/opera_training_doctor_1280/0125.webp
AUDITDEV|FAIL|no changed audit-impact record covers audit/day_two_wash_complete_action_v1_20261001/root_route_attempt_03/native_frames/opera_training_doctor_1280/0126.webp
AUDITDEV|FAIL|no changed audit-impact record covers audit/day_two_wash_complete_action_v1_20261001/root_route_attempt_03/native_frames/opera_training_doctor_1280/0127.webp
AUDITDEV|FAIL|no changed audit-impact record covers audit/day_two_wash_complete_action_v1_20261001/root_route_attempt_03/native_frames/opera_training_doctor_1280/0128.webp
AUDITDEV|FAIL|no changed audit-impact record covers audit/day_two_wash_complete_action_v1_20261001/root_route_attempt_03/native_frames/opera_training_doctor_1280/0129.webp
AUDITDEV|FAIL|no changed audit-impact record covers audit/day_two_wash_complete_action_v1_20261001/root_route_attempt_03/native_frames/opera_training_doctor_1280/0130.webp
AUDITDEV|FAIL|no changed audit-impact record covers audit/day_two_wash_complete_action_v1_20261001/root_route_attempt_03/native_frames/opera_training_doctor_1280/0131.webp
AUDITDEV|FAIL|no changed audit-impact record covers audit/day_two_wash_complete_action_v1_20261001/root_route_attempt_03/native_frames/opera_training_doctor_1280/0132.webp
AUDITDEV|FAIL|no changed audit-impact record covers audit/day_two_wash_complete_action_v1_20261001/root_route_attempt_03/native_frames/opera_training_doctor_1280/0133.webp
AUDITDEV|FAIL|no changed audit-impact record covers audit/day_two_wash_complete_action_v1_20261001/root_route_attempt_03/native_frames/opera_training_doctor_1280/0134.webp
AUDITDEV|FAIL|no changed audit-impact record covers audit/day_two_wash_complete_action_v1_20261001/root_route_attempt_03/native_frames/opera_training_doctor_1280/0135.webp
AUDITDEV|FAIL|no changed audit-impact record covers audit/day_two_wash_complete_action_v1_20261001/root_route_attempt_03/native_frames/opera_training_doctor_1280/0136.webp
AUDITDEV|FAIL|no changed audit-impact record covers audit/day_two_wash_complete_action_v1_20261001/root_route_attempt_03/native_frames/opera_training_doctor_1280/0137.webp
AUDITDEV|FAIL|no changed audit-impact record covers audit/day_two_wash_complete_action_v1_20261001/root_route_attempt_03/native_frames/opera_training_doctor_1280/0138.webp
AUDITDEV|FAIL|no changed audit-impact record covers audit/day_two_wash_complete_action_v1_20261001/root_route_attempt_03/native_frames/opera_training_doctor_1280/0139.webp
AUDITDEV|FAIL|no changed audit-impact record covers audit/day_two_wash_complete_action_v1_20261001/root_route_attempt_03/native_frames/opera_training_doctor_1280/0140.webp
AUDITDEV|FAIL|no changed audit-impact record covers audit/day_two_wash_complete_action_v1_20261001/root_route_attempt_03/native_frames/opera_training_doctor_1280/0141.webp
AUDITDEV|FAIL|no changed audit-impact record covers audit/day_two_wash_complete_action_v1_20261001/root_route_attempt_03/native_frames/opera_training_doctor_1280/0142.webp
AUDITDEV|FAIL|no changed audit-impact record covers audit/day_two_wash_complete_action_v1_20261001/root_route_attempt_03/native_frames/opera_training_doctor_1280/0143.webp
AUDITDEV|FAIL|no changed audit-impact record covers audit/day_two_wash_complete_action_v1_20261001/root_route_attempt_03/native_frames/opera_training_doctor_1280/0144.webp
AUDITDEV|FAIL|no changed audit-impact record covers audit/day_two_wash_complete_action_v1_20261001/root_route_attempt_03/native_frames/opera_training_doctor_1280/0145.webp
AUDITDEV|FAIL|no changed audit-impact record covers audit/day_two_wash_complete_action_v1_20261001/root_route_attempt_03/native_frames/opera_training_doctor_1280/0146.webp
AUDITDEV|FAIL|no changed audit-impact record covers audit/day_two_wash_complete_action_v1_20261001/root_route_attempt_03/native_frames/opera_training_doctor_1280/0147.webp
AUDITDEV|FAIL|no changed audit-impact record covers audit/day_two_wash_complete_action_v1_20261001/root_route_attempt_03/native_frames/opera_training_doctor_1280/0148.webp
AUDITDEV|FAIL|no changed audit-impact record covers audit/day_two_wash_complete_action_v1_20261001/root_route_attempt_03/native_frames/opera_training_doctor_1280/0149.webp
AUDITDEV|FAIL|no changed audit-impact record covers audit/day_two_wash_complete_action_v1_20261001/root_route_attempt_03/native_frames/opera_training_doctor_1280/0150.webp
AUDITDEV|FAIL|no changed audit-impact record covers audit/day_two_wash_complete_action_v1_20261001/root_route_attempt_03/native_frames/opera_training_doctor_1280/0151.webp
AUDITDEV|FAIL|no changed audit-impact record covers audit/day_two_wash_complete_action_v1_20261001/root_route_attempt_03/native_frames/opera_training_doctor_1280/0152.webp
AUDITDEV|FAIL|no changed audit-impact record covers audit/day_two_wash_complete_action_v1_20261001/root_route_attempt_03/native_frames/opera_training_doctor_1280/0153.webp
AUDITDEV|FAIL|no changed audit-impact record covers audit/day_two_wash_complete_action_v1_20261001/root_route_attempt_03/native_frames/opera_training_doctor_1280/0154.webp
AUDITDEV|FAIL|no changed audit-impact record covers audit/day_two_wash_complete_action_v1_20261001/root_route_attempt_03/native_frames/opera_training_doctor_1280/0155.webp
AUDITDEV|FAIL|no changed audit-impact record covers audit/day_two_wash_complete_action_v1_20261001/root_route_attempt_03/native_frames/opera_training_doctor_1280/0156.webp
AUDITDEV|FAIL|no changed audit-impact record covers audit/day_two_wash_complete_action_v1_20261001/root_route_attempt_03/native_frames/opera_training_doctor_1280/0157.webp
AUDITDEV|FAIL|no changed audit-impact record covers audit/day_two_wash_complete_action_v1_20261001/root_route_attempt_03/native_frames/opera_training_doctor_1280/0158.webp
AUDITDEV|FAIL|no changed audit-impact record covers audit/day_two_wash_complete_action_v1_20261001/root_route_attempt_03/native_frames/opera_training_doctor_1280/0159.webp
AUDITDEV|FAIL|no changed audit-impact record covers audit/day_two_wash_complete_action_v1_20261001/root_route_attempt_03/native_frames/opera_training_doctor_1280/0160.webp
AUDITDEV|FAIL|no changed audit-impact record covers audit/day_two_wash_complete_action_v1_20261001/root_route_attempt_03/native_frames/opera_training_doctor_1280/0161.webp
AUDITDEV|FAIL|no changed audit-impact record covers audit/day_two_wash_complete_action_v1_20261001/root_route_attempt_03/native_frames/opera_training_doctor_1280/0162.webp
AUDITDEV|FAIL|no changed audit-impact record covers audit/day_two_wash_complete_action_v1_20261001/root_route_attempt_03/native_frames/opera_training_doctor_1280/0163.webp
AUDITDEV|FAIL|no changed audit-impact record covers audit/day_two_wash_complete_action_v1_20261001/root_route_attempt_03/native_frames/opera_training_doctor_1280/0164.webp
AUDITDEV|FAIL|no changed audit-impact record covers audit/day_two_wash_complete_action_v1_20261001/root_route_attempt_03/native_frames/opera_training_doctor_1280/0165.webp
AUDITDEV|FAIL|no changed audit-impact record covers audit/day_two_wash_complete_action_v1_20261001/root_route_attempt_03/native_frames/opera_training_doctor_1280/0166.webp
AUDITDEV|FAIL|no changed audit-impact record covers audit/day_two_wash_complete_action_v1_20261001/root_route_attempt_03/native_frames/opera_training_doctor_1280/0167.webp
AUDITDEV|FAIL|no changed audit-impact record covers audit/day_two_wash_complete_action_v1_20261001/root_route_attempt_03/native_frames/opera_training_doctor_1280/0168.webp
AUDITDEV|FAIL|no changed audit-impact record covers audit/day_two_wash_complete_action_v1_20261001/root_route_attempt_03/native_frames/opera_training_doctor_1280/0169.webp
AUDITDEV|FAIL|no changed audit-impact record covers audit/day_two_wash_complete_action_v1_20261001/root_route_attempt_03/native_frames/opera_training_doctor_1280/0170.webp
AUDITDEV|FAIL|no changed audit-impact record covers audit/day_two_wash_complete_action_v1_20261001/root_route_attempt_03/native_frames/opera_training_doctor_1280/0171.webp
AUDITDEV|FAIL|no changed audit-impact record covers audit/day_two_wash_complete_action_v1_20261001/root_route_attempt_03/native_frames/opera_training_doctor_1280/0172.webp
AUDITDEV|FAIL|no changed audit-impact record covers audit/day_two_wash_complete_action_v1_20261001/root_route_attempt_03/native_frames/opera_training_doctor_1280/0173.webp
AUDITDEV|FAIL|no changed audit-impact record covers audit/day_two_wash_complete_action_v1_20261001/root_route_attempt_03/native_frames/opera_training_doctor_1280/0174.webp
AUDITDEV|FAIL|no changed audit-impact record covers audit/day_two_wash_complete_action_v1_20261001/root_route_attempt_03/native_frames/opera_training_doctor_1280/0175.webp
AUDITDEV|FAIL|no changed audit-impact record covers audit/day_two_wash_complete_action_v1_20261001/root_route_attempt_03/native_frames/opera_training_doctor_1280/0176.webp
AUDITDEV|FAIL|no changed audit-impact record covers audit/day_two_wash_complete_action_v1_20261001/root_route_attempt_03/native_frames/opera_training_doctor_1280/0177.webp
AUDITDEV|FAIL|no changed audit-impact record covers audit/day_two_wash_complete_action_v1_20261001/root_route_attempt_03/native_frames/opera_training_doctor_1280/0178.webp
AUDITDEV|FAIL|no changed audit-impact record covers audit/day_two_wash_complete_action_v1_20261001/root_route_attempt_03/native_frames/opera_training_doctor_1280/0179.webp
AUDITDEV|FAIL|no changed audit-impact record covers audit/day_two_wash_complete_action_v1_20261001/root_route_attempt_03/native_frames/opera_training_doctor_1280/0180.webp
AUDITDEV|FAIL|no changed audit-impact record covers audit/day_two_wash_complete_action_v1_20261001/root_route_attempt_03/native_frames/opera_training_doctor_1280/0181.webp
AUDITDEV|FAIL|no changed audit-impact record covers audit/day_two_wash_complete_action_v1_20261001/root_route_attempt_03/native_frames/opera_training_doctor_1280/0182.webp
AUDITDEV|FAIL|no changed audit-impact record covers audit/day_two_wash_complete_action_v1_20261001/root_route_attempt_03/native_frames/opera_training_doctor_1280/0183.webp
AUDITDEV|FAIL|no changed audit-impact record covers audit/day_two_wash_complete_action_v1_20261001/root_route_attempt_03/native_frames/opera_training_doctor_1280/0184.webp
AUDITDEV|FAIL|no changed audit-impact record covers audit/day_two_wash_complete_action_v1_20261001/root_route_attempt_03/native_frames/opera_training_doctor_1280/0185.webp
AUDITDEV|FAIL|no changed audit-impact record covers audit/day_two_wash_complete_action_v1_20261001/root_route_attempt_03/native_frames/opera_training_doctor_1280/0186.webp
AUDITDEV|FAIL|no changed audit-impact record covers audit/day_two_wash_complete_action_v1_20261001/root_route_attempt_03/native_frames/opera_training_doctor_1280/0187.webp
AUDITDEV|FAIL|no changed audit-impact record covers audit/day_two_wash_complete_action_v1_20261001/root_route_attempt_03/native_frames/opera_training_doctor_1280/0188.webp
AUDITDEV|FAIL|no changed audit-impact record covers audit/day_two_wash_complete_action_v1_20261001/root_route_attempt_03/native_frames/opera_training_doctor_1280/0189.webp
AUDITDEV|FAIL|no changed audit-impact record covers audit/day_two_wash_complete_action_v1_20261001/root_route_attempt_03/native_frames/opera_training_doctor_1280/0190.webp
AUDITDEV|FAIL|no changed audit-impact record covers audit/day_two_wash_complete_action_v1_20261001/root_route_attempt_03/native_frames/opera_training_doctor_1280/0191.webp
AUDITDEV|FAIL|no changed audit-impact record covers audit/day_two_wash_complete_action_v1_20261001/root_route_attempt_03/native_frames/opera_training_doctor_1280/0192.webp
AUDITDEV|FAIL|no changed audit-impact record covers audit/day_two_wash_complete_action_v1_20261001/root_route_attempt_03/native_frames/opera_training_doctor_1280/0193.webp
AUDITDEV|FAIL|no changed audit-impact record covers audit/day_two_wash_complete_action_v1_20261001/root_route_attempt_03/native_frames/opera_training_doctor_1280/0194.webp
AUDITDEV|FAIL|no changed audit-impact record covers audit/day_two_wash_complete_action_v1_20261001/root_route_attempt_03/native_frames/opera_training_doctor_1280/0195.webp
AUDITDEV|FAIL|no changed audit-impact record covers audit/day_two_wash_complete_action_v1_20261001/root_route_attempt_03/native_frames/opera_training_doctor_1280/0196.webp
AUDITDEV|FAIL|no changed audit-impact record covers audit/day_two_wash_complete_action_v1_20261001/root_route_attempt_03/native_frames/opera_training_doctor_1280/0197.webp
AUDITDEV|FAIL|no changed audit-impact record covers audit/day_two_wash_complete_action_v1_20261001/root_route_attempt_03/native_frames/opera_training_doctor_1280/0198.webp
AUDITDEV|FAIL|no changed audit-impact record covers audit/day_two_wash_complete_action_v1_20261001/root_route_attempt_03/native_frames/opera_training_doctor_1280/0199.webp
AUDITDEV|FAIL|no changed audit-impact record covers audit/day_two_wash_complete_action_v1_20261001/root_route_attempt_03/native_frames/opera_training_doctor_1280/0200.webp
AUDITDEV|FAIL|no changed audit-impact record covers audit/day_two_wash_complete_action_v1_20261001/root_route_attempt_03/native_frames/opera_training_doctor_1280/0201.webp
AUDITDEV|FAIL|no changed audit-impact record covers audit/day_two_wash_complete_action_v1_20261001/root_route_attempt_03/native_frames/opera_training_doctor_1280/0202.webp
AUDITDEV|FAIL|no changed audit-impact record covers audit/day_two_wash_complete_action_v1_20261001/root_route_attempt_03/native_frames/opera_training_doctor_1280/0203.webp
AUDITDEV|FAIL|no changed audit-impact record covers audit/day_two_wash_complete_action_v1_20261001/root_route_attempt_03/native_frames/opera_training_doctor_1280/0204.webp
AUDITDEV|FAIL|no changed audit-impact record covers audit/day_two_wash_complete_action_v1_20261001/root_route_attempt_03/native_frames/opera_training_doctor_1280/0205.webp
AUDITDEV|FAIL|no changed audit-impact record covers audit/day_two_wash_complete_action_v1_20261001/root_route_attempt_03/native_frames/opera_training_doctor_1280/0206.webp
AUDITDEV|FAIL|no changed audit-impact record covers audit/day_two_wash_complete_action_v1_20261001/root_route_attempt_03/native_frames/opera_training_doctor_1280/0207.webp
AUDITDEV|FAIL|no changed audit-impact record covers audit/day_two_wash_complete_action_v1_20261001/root_route_attempt_03/native_frames/opera_training_doctor_1280/0208.webp
AUDITDEV|FAIL|no changed audit-impact record covers audit/day_two_wash_complete_action_v1_20261001/root_route_attempt_03/native_frames/opera_training_doctor_1280/0209.webp
AUDITDEV|FAIL|no changed audit-impact record covers audit/day_two_wash_complete_action_v1_20261001/root_route_attempt_03/native_frames/opera_training_doctor_1280/0210.webp
AUDITDEV|FAIL|no changed audit-impact record covers audit/day_two_wash_complete_action_v1_20261001/root_route_attempt_03/native_frames/opera_training_doctor_1280/0211.webp
AUDITDEV|FAIL|no changed audit-impact record covers audit/day_two_wash_complete_action_v1_20261001/root_route_attempt_03/native_frames/opera_training_doctor_1280/0212.webp
AUDITDEV|FAIL|no changed audit-impact record covers audit/day_two_wash_complete_action_v1_20261001/root_route_attempt_03/native_frames/opera_training_doctor_1280/0213.webp
AUDITDEV|FAIL|no changed audit-impact record covers audit/day_two_wash_complete_action_v1_20261001/root_route_attempt_03/native_frames/opera_training_doctor_1280/0214.webp
AUDITDEV|FAIL|no changed audit-impact record covers audit/day_two_wash_complete_action_v1_20261001/root_route_attempt_03/native_frames/opera_training_doctor_1280/0215.webp
AUDITDEV|FAIL|no changed audit-impact record covers audit/day_two_wash_complete_action_v1_20261001/root_route_attempt_03/native_frames/opera_training_doctor_1280/0216.webp
AUDITDEV|FAIL|no changed audit-impact record covers audit/day_two_wash_complete_action_v1_20261001/root_route_attempt_03/native_frames/opera_training_doctor_1280/0217.webp
AUDITDEV|FAIL|no changed audit-impact record covers audit/day_two_wash_complete_action_v1_20261001/root_route_attempt_03/native_frames/opera_training_doctor_1280/0218.webp
AUDITDEV|FAIL|no changed audit-impact record covers audit/day_two_wash_complete_action_v1_20261001/root_route_attempt_03/native_frames/opera_training_doctor_1280/0219.webp
AUDITDEV|FAIL|no changed audit-impact record covers audit/day_two_wash_complete_action_v1_20261001/root_route_attempt_03/native_frames/opera_training_doctor_1280/0220.webp
AUDITDEV|FAIL|no changed audit-impact record covers audit/day_two_wash_complete_action_v1_20261001/root_route_attempt_03/native_frames/opera_training_doctor_1280/0221.webp
AUDITDEV|FAIL|no changed audit-impact record covers audit/day_two_wash_complete_action_v1_20261001/root_route_attempt_03/native_frames/opera_training_doctor_1280/0222.webp
AUDITDEV|FAIL|no changed audit-impact record covers audit/day_two_wash_complete_action_v1_20261001/root_route_attempt_03/native_frames/opera_training_doctor_1280/0223.webp
AUDITDEV|FAIL|no changed audit-impact record covers audit/day_two_wash_complete_action_v1_20261001/root_route_attempt_03/native_frames/opera_training_doctor_1280/0224.webp
AUDITDEV|FAIL|no changed audit-impact record covers audit/day_two_wash_complete_action_v1_20261001/root_route_attempt_03/native_frames/opera_training_doctor_1280/0225.webp
AUDITDEV|FAIL|no changed audit-impact record covers audit/day_two_wash_complete_action_v1_20261001/root_route_attempt_03/native_frames/opera_training_doctor_1280/0226.webp
AUDITDEV|FAIL|no changed audit-impact record covers audit/day_two_wash_complete_action_v1_20261001/root_route_attempt_03/native_frames/opera_training_doctor_1280/0227.webp
AUDITDEV|FAIL|no changed audit-impact record covers audit/day_two_wash_complete_action_v1_20261001/root_route_attempt_03/native_frames/opera_training_doctor_1280/0228.webp
AUDITDEV|FAIL|no changed audit-impact record covers audit/day_two_wash_complete_action_v1_20261001/root_route_attempt_03/native_frames/opera_training_doctor_1280/0229.webp
AUDITDEV|FAIL|no changed audit-impact record covers audit/day_two_wash_complete_action_v1_20261001/root_route_attempt_03/native_frames/opera_training_doctor_1280/0230.webp
AUDITDEV|FAIL|no changed audit-impact record covers audit/day_two_wash_complete_action_v1_20261001/root_route_attempt_03/native_frames/opera_training_doctor_1280/0231.webp
AUDITDEV|FAIL|no changed audit-impact record covers audit/day_two_wash_complete_action_v1_20261001/root_route_attempt_03/native_frames/opera_training_doctor_1280/0232.webp
AUDITDEV|FAIL|no changed audit-impact record covers audit/day_two_wash_complete_action_v1_20261001/root_route_attempt_03/native_frames/opera_training_doctor_1280/0233.webp
AUDITDEV|FAIL|no changed audit-impact record covers audit/day_two_wash_complete_action_v1_20261001/root_route_attempt_03/native_frames/opera_training_doctor_1280/0234.webp
AUDITDEV|FAIL|no changed audit-impact record covers audit/day_two_wash_complete_action_v1_20261001/root_route_attempt_03/native_frames/opera_training_doctor_1280/0235.webp
AUDITDEV|FAIL|no changed audit-impact record covers audit/day_two_wash_complete_action_v1_20261001/root_route_attempt_03/native_frames/opera_training_doctor_1280/0236.webp
AUDITDEV|FAIL|no changed audit-impact record covers audit/day_two_wash_complete_action_v1_20261001/root_route_attempt_03/native_frames/opera_training_doctor_1280/0237.webp
AUDITDEV|FAIL|no changed audit-impact record covers audit/day_two_wash_complete_action_v1_20261001/root_route_attempt_03/native_frames/opera_training_doctor_1280/0238.webp
AUDITDEV|FAIL|no changed audit-impact record covers audit/day_two_wash_complete_action_v1_20261001/root_route_attempt_03/native_frames/opera_training_doctor_1280/0239.webp
AUDITDEV|FAIL|no changed audit-impact record covers audit/day_two_wash_complete_action_v1_20261001/root_route_attempt_03/native_frames/opera_training_doctor_1280/0240.webp
AUDITDEV|FAIL|no changed audit-impact record covers audit/day_two_wash_complete_action_v1_20261001/root_route_attempt_03/native_frames/opera_training_doctor_1280/0241.webp
AUDITDEV|FAIL|no changed audit-impact record covers audit/day_two_wash_complete_action_v1_20261001/root_route_attempt_03/native_frames/opera_training_doctor_1280/0242.webp
AUDITDEV|FAIL|no changed audit-impact record covers audit/day_two_wash_complete_action_v1_20261001/root_route_attempt_03/native_frames/opera_training_doctor_1280/0243.webp
AUDITDEV|FAIL|no changed audit-impact record covers audit/day_two_wash_complete_action_v1_20261001/root_route_attempt_03/native_frames/opera_training_doctor_1280/0244.webp
AUDITDEV|FAIL|no changed audit-impact record covers audit/day_two_wash_complete_action_v1_20261001/root_route_attempt_03/native_frames/opera_training_doctor_1280/0245.webp
AUDITDEV|FAIL|no changed audit-impact record covers audit/day_two_wash_complete_action_v1_20261001/root_route_attempt_03/native_frames/opera_training_doctor_1280/0246.webp
AUDITDEV|FAIL|no changed audit-impact record covers audit/day_two_wash_complete_action_v1_20261001/root_route_attempt_03/native_frames/opera_training_doctor_1280/0247.webp
AUDITDEV|FAIL|no changed audit-impact record covers audit/day_two_wash_complete_action_v1_20261001/root_route_attempt_03/native_frames/opera_training_doctor_1280/0248.webp
AUDITDEV|FAIL|no changed audit-impact record covers audit/day_two_wash_complete_action_v1_20261001/root_route_attempt_03/native_frames/opera_training_doctor_1280/0249.webp
AUDITDEV|FAIL|no changed audit-impact record covers audit/day_two_wash_complete_action_v1_20261001/root_route_attempt_03/native_frames/opera_training_doctor_1280/0250.webp
AUDITDEV|FAIL|no changed audit-impact record covers audit/day_two_wash_complete_action_v1_20261001/root_route_attempt_03/native_frames/opera_training_doctor_1280/0251.webp
AUDITDEV|FAIL|no changed audit-impact record covers audit/day_two_wash_complete_action_v1_20261001/root_route_attempt_03/native_frames/opera_training_doctor_1280/0252.webp
AUDITDEV|FAIL|no changed audit-impact record covers audit/day_two_wash_complete_action_v1_20261001/root_route_attempt_03/native_frames/opera_training_doctor_1280/0253.webp
AUDITDEV|FAIL|no changed audit-impact record covers audit/day_two_wash_complete_action_v1_20261001/root_route_attempt_03/native_frames/opera_training_doctor_1280/0254.webp
AUDITDEV|FAIL|no changed audit-impact record covers audit/day_two_wash_complete_action_v1_20261001/root_route_attempt_03/native_frames/opera_training_doctor_1280/0255.webp
AUDITDEV|FAIL|no changed audit-impact record covers audit/day_two_wash_complete_action_v1_20261001/root_route_attempt_03/native_frames/opera_training_doctor_1600/0000.webp
AUDITDEV|FAIL|no changed audit-impact record covers audit/day_two_wash_complete_action_v1_20261001/root_route_attempt_03/native_frames/opera_training_doctor_1600/0001.webp
AUDITDEV|FAIL|no changed audit-impact record covers audit/day_two_wash_complete_action_v1_20261001/root_route_attempt_03/native_frames/opera_training_doctor_1600/0002.webp
AUDITDEV|FAIL|no changed audit-impact record covers audit/day_two_wash_complete_action_v1_20261001/root_route_attempt_03/native_frames/opera_training_doctor_1600/0003.webp
AUDITDEV|FAIL|no changed audit-impact record covers audit/day_two_wash_complete_action_v1_20261001/root_route_attempt_03/native_frames/opera_training_doctor_1600/0004.webp
AUDITDEV|FAIL|no changed audit-impact record covers audit/day_two_wash_complete_action_v1_20261001/root_route_attempt_03/native_frames/opera_training_doctor_1600/0005.webp
AUDITDEV|FAIL|no changed audit-impact record covers audit/day_two_wash_complete_action_v1_20261001/root_route_attempt_03/native_frames/opera_training_doctor_1600/0006.webp
AUDITDEV|FAIL|no changed audit-impact record covers audit/day_two_wash_complete_action_v1_20261001/root_route_attempt_03/native_frames/opera_training_doctor_1600/0007.webp
AUDITDEV|FAIL|no changed audit-impact record covers audit/day_two_wash_complete_action_v1_20261001/root_route_attempt_03/native_frames/opera_training_doctor_1600/0008.webp
AUDITDEV|FAIL|no changed audit-impact record covers audit/day_two_wash_complete_action_v1_20261001/root_route_attempt_03/native_frames/opera_training_doctor_1600/0009.webp
AUDITDEV|FAIL|no changed audit-impact record covers audit/day_two_wash_complete_action_v1_20261001/root_route_attempt_03/native_frames/opera_training_doctor_1600/0010.webp
AUDITDEV|FAIL|no changed audit-impact record covers audit/day_two_wash_complete_action_v1_20261001/root_route_attempt_03/native_frames/opera_training_doctor_1600/0011.webp
AUDITDEV|FAIL|no changed audit-impact record covers audit/day_two_wash_complete_action_v1_20261001/root_route_attempt_03/native_frames/opera_training_doctor_1600/0012.webp
AUDITDEV|FAIL|no changed audit-impact record covers audit/day_two_wash_complete_action_v1_20261001/root_route_attempt_03/native_frames/opera_training_doctor_1600/0013.webp
AUDITDEV|FAIL|no changed audit-impact record covers audit/day_two_wash_complete_action_v1_20261001/root_route_attempt_03/native_frames/opera_training_doctor_1600/0014.webp
AUDITDEV|FAIL|no changed audit-impact record covers audit/day_two_wash_complete_action_v1_20261001/root_route_attempt_03/native_frames/opera_training_doctor_1600/0015.webp
AUDITDEV|FAIL|no changed audit-impact record covers audit/day_two_wash_complete_action_v1_20261001/root_route_attempt_03/native_frames/opera_training_doctor_1600/0016.webp
AUDITDEV|FAIL|no changed audit-impact record covers audit/day_two_wash_complete_action_v1_20261001/root_route_attempt_03/native_frames/opera_training_doctor_1600/0017.webp
AUDITDEV|FAIL|no changed audit-impact record covers audit/day_two_wash_complete_action_v1_20261001/root_route_attempt_03/native_frames/opera_training_doctor_1600/0018.webp
AUDITDEV|FAIL|no changed audit-impact record covers audit/day_two_wash_complete_action_v1_20261001/root_route_attempt_03/native_frames/opera_training_doctor_1600/0019.webp
AUDITDEV|FAIL|no changed audit-impact record covers audit/day_two_wash_complete_action_v1_20261001/root_route_attempt_03/native_frames/opera_training_doctor_1600/0020.webp
AUDITDEV|FAIL|no changed audit-impact record covers audit/day_two_wash_complete_action_v1_20261001/root_route_attempt_03/native_frames/opera_training_doctor_1600/0021.webp
AUDITDEV|FAIL|no changed audit-impact record covers audit/day_two_wash_complete_action_v1_20261001/root_route_attempt_03/native_frames/opera_training_doctor_1600/0022.webp
AUDITDEV|FAIL|no changed audit-impact record covers audit/day_two_wash_complete_action_v1_20261001/root_route_attempt_03/native_frames/opera_training_doctor_1600/0023.webp
AUDITDEV|FAIL|no changed audit-impact record covers audit/day_two_wash_complete_action_v1_20261001/root_route_attempt_03/native_frames/opera_training_doctor_1600/0024.webp
AUDITDEV|FAIL|no changed audit-impact record covers audit/day_two_wash_complete_action_v1_20261001/root_route_attempt_03/native_frames/opera_training_doctor_1600/0025.webp
AUDITDEV|FAIL|no changed audit-impact record covers audit/day_two_wash_complete_action_v1_20261001/root_route_attempt_03/native_frames/opera_training_doctor_1600/0026.webp
AUDITDEV|FAIL|no changed audit-impact record covers audit/day_two_wash_complete_action_v1_20261001/root_route_attempt_03/native_frames/opera_training_doctor_1600/0027.webp
AUDITDEV|FAIL|no changed audit-impact record covers audit/day_two_wash_complete_action_v1_20261001/root_route_attempt_03/native_frames/opera_training_doctor_1600/0028.webp
AUDITDEV|FAIL|no changed audit-impact record covers audit/day_two_wash_complete_action_v1_20261001/root_route_attempt_03/native_frames/opera_training_doctor_1600/0029.webp
AUDITDEV|FAIL|no changed audit-impact record covers audit/day_two_wash_complete_action_v1_20261001/root_route_attempt_03/native_frames/opera_training_doctor_1600/0030.webp
AUDITDEV|FAIL|no changed audit-impact record covers audit/day_two_wash_complete_action_v1_20261001/root_route_attempt_03/native_frames/opera_training_doctor_1600/0031.webp
AUDITDEV|FAIL|no changed audit-impact record covers audit/day_two_wash_complete_action_v1_20261001/root_route_attempt_03/native_frames/opera_training_doctor_1600/0032.webp
AUDITDEV|FAIL|no changed audit-impact record covers audit/day_two_wash_complete_action_v1_20261001/root_route_attempt_03/native_frames/opera_training_doctor_1600/0033.webp
AUDITDEV|FAIL|no changed audit-impact record covers audit/day_two_wash_complete_action_v1_20261001/root_route_attempt_03/native_frames/opera_training_doctor_1600/0034.webp
AUDITDEV|FAIL|no changed audit-impact record covers audit/day_two_wash_complete_action_v1_20261001/root_route_attempt_03/native_frames/opera_training_doctor_1600/0035.webp
AUDITDEV|FAIL|no changed audit-impact record covers audit/day_two_wash_complete_action_v1_20261001/root_route_attempt_03/native_frames/opera_training_doctor_1600/0036.webp
AUDITDEV|FAIL|no changed audit-impact record covers audit/day_two_wash_complete_action_v1_20261001/root_route_attempt_03/native_frames/opera_training_doctor_1600/0037.webp
AUDITDEV|FAIL|no changed audit-impact record covers audit/day_two_wash_complete_action_v1_20261001/root_route_attempt_03/native_frames/opera_training_doctor_1600/0038.webp
AUDITDEV|FAIL|no changed audit-impact record covers audit/day_two_wash_complete_action_v1_20261001/root_route_attempt_03/native_frames/opera_training_doctor_1600/0039.webp
AUDITDEV|FAIL|no changed audit-impact record covers audit/day_two_wash_complete_action_v1_20261001/root_route_attempt_03/native_frames/opera_training_doctor_1600/0040.webp
AUDITDEV|FAIL|no changed audit-impact record covers audit/day_two_wash_complete_action_v1_20261001/root_route_attempt_03/native_frames/opera_training_doctor_1600/0041.webp
AUDITDEV|FAIL|no changed audit-impact record covers audit/day_two_wash_complete_action_v1_20261001/root_route_attempt_03/native_frames/opera_training_doctor_1600/0042.webp
AUDITDEV|FAIL|no changed audit-impact record covers audit/day_two_wash_complete_action_v1_20261001/root_route_attempt_03/native_frames/opera_training_doctor_1600/0043.webp
AUDITDEV|FAIL|no changed audit-impact record covers audit/day_two_wash_complete_action_v1_20261001/root_route_attempt_03/native_frames/opera_training_doctor_1600/0044.webp
AUDITDEV|FAIL|no changed audit-impact record covers audit/day_two_wash_complete_action_v1_20261001/root_route_attempt_03/native_frames/opera_training_doctor_1600/0045.webp
AUDITDEV|FAIL|no changed audit-impact record covers audit/day_two_wash_complete_action_v1_20261001/root_route_attempt_03/native_frames/opera_training_doctor_1600/0046.webp
AUDITDEV|FAIL|no changed audit-impact record covers audit/day_two_wash_complete_action_v1_20261001/root_route_attempt_03/native_frames/opera_training_doctor_1600/0047.webp
AUDITDEV|FAIL|no changed audit-impact record covers audit/day_two_wash_complete_action_v1_20261001/root_route_attempt_03/native_frames/opera_training_doctor_1600/0048.webp
AUDITDEV|FAIL|no changed audit-impact record covers audit/day_two_wash_complete_action_v1_20261001/root_route_attempt_03/native_frames/opera_training_doctor_1600/0049.webp
AUDITDEV|FAIL|no changed audit-impact record covers audit/day_two_wash_complete_action_v1_20261001/root_route_attempt_03/native_frames/opera_training_doctor_1600/0050.webp
AUDITDEV|FAIL|no changed audit-impact record covers audit/day_two_wash_complete_action_v1_20261001/root_route_attempt_03/native_frames/opera_training_doctor_1600/0051.webp
AUDITDEV|FAIL|no changed audit-impact record covers audit/day_two_wash_complete_action_v1_20261001/root_route_attempt_03/native_frames/opera_training_doctor_1600/0052.webp
AUDITDEV|FAIL|no changed audit-impact record covers audit/day_two_wash_complete_action_v1_20261001/root_route_attempt_03/native_frames/opera_training_doctor_1600/0053.webp
AUDITDEV|FAIL|no changed audit-impact record covers audit/day_two_wash_complete_action_v1_20261001/root_route_attempt_03/native_frames/opera_training_doctor_1600/0054.webp
AUDITDEV|FAIL|no changed audit-impact record covers audit/day_two_wash_complete_action_v1_20261001/root_route_attempt_03/native_frames/opera_training_doctor_1600/0055.webp
AUDITDEV|FAIL|no changed audit-impact record covers audit/day_two_wash_complete_action_v1_20261001/root_route_attempt_03/native_frames/opera_training_doctor_1600/0056.webp
AUDITDEV|FAIL|no changed audit-impact record covers audit/day_two_wash_complete_action_v1_20261001/root_route_attempt_03/native_frames/opera_training_doctor_1600/0057.webp
AUDITDEV|FAIL|no changed audit-impact record covers audit/day_two_wash_complete_action_v1_20261001/root_route_attempt_03/native_frames/opera_training_doctor_1600/0058.webp
AUDITDEV|FAIL|no changed audit-impact record covers audit/day_two_wash_complete_action_v1_20261001/root_route_attempt_03/native_frames/opera_training_doctor_1600/0059.webp
AUDITDEV|FAIL|no changed audit-impact record covers audit/day_two_wash_complete_action_v1_20261001/root_route_attempt_03/native_frames/opera_training_doctor_1600/0060.webp
AUDITDEV|FAIL|no changed audit-impact record covers audit/day_two_wash_complete_action_v1_20261001/root_route_attempt_03/native_frames/opera_training_doctor_1600/0061.webp
AUDITDEV|FAIL|no changed audit-impact record covers audit/day_two_wash_complete_action_v1_20261001/root_route_attempt_03/native_frames/opera_training_doctor_1600/0062.webp
AUDITDEV|FAIL|no changed audit-impact record covers audit/day_two_wash_complete_action_v1_20261001/root_route_attempt_03/native_frames/opera_training_doctor_1600/0063.webp
AUDITDEV|FAIL|no changed audit-impact record covers audit/day_two_wash_complete_action_v1_20261001/root_route_attempt_03/native_frames/opera_training_doctor_1600/0064.webp
AUDITDEV|FAIL|no changed audit-impact record covers audit/day_two_wash_complete_action_v1_20261001/root_route_attempt_03/native_frames/opera_training_doctor_1600/0065.webp
AUDITDEV|FAIL|no changed audit-impact record covers audit/day_two_wash_complete_action_v1_20261001/root_route_attempt_03/native_frames/opera_training_doctor_1600/0066.webp
AUDITDEV|FAIL|no changed audit-impact record covers audit/day_two_wash_complete_action_v1_20261001/root_route_attempt_03/native_frames/opera_training_doctor_1600/0067.webp
AUDITDEV|FAIL|no changed audit-impact record covers audit/day_two_wash_complete_action_v1_20261001/root_route_attempt_03/native_frames/opera_training_doctor_1600/0068.webp
AUDITDEV|FAIL|no changed audit-impact record covers audit/day_two_wash_complete_action_v1_20261001/root_route_attempt_03/native_frames/opera_training_doctor_1600/0069.webp
AUDITDEV|FAIL|no changed audit-impact record covers audit/day_two_wash_complete_action_v1_20261001/root_route_attempt_03/native_frames/opera_training_doctor_1600/0070.webp
AUDITDEV|FAIL|no changed audit-impact record covers audit/day_two_wash_complete_action_v1_20261001/root_route_attempt_03/native_frames/opera_training_doctor_1600/0071.webp
AUDITDEV|FAIL|no changed audit-impact record covers audit/day_two_wash_complete_action_v1_20261001/root_route_attempt_03/native_frames/opera_training_doctor_1600/0072.webp
AUDITDEV|FAIL|no changed audit-impact record covers audit/day_two_wash_complete_action_v1_20261001/root_route_attempt_03/native_frames/opera_training_doctor_1600/0073.webp
AUDITDEV|FAIL|no changed audit-impact record covers audit/day_two_wash_complete_action_v1_20261001/root_route_attempt_03/native_frames/opera_training_doctor_1600/0074.webp
AUDITDEV|FAIL|no changed audit-impact record covers audit/day_two_wash_complete_action_v1_20261001/root_route_attempt_03/native_frames/opera_training_doctor_1600/0075.webp
AUDITDEV|FAIL|no changed audit-impact record covers audit/day_two_wash_complete_action_v1_20261001/root_route_attempt_03/native_frames/opera_training_doctor_1600/0076.webp
AUDITDEV|FAIL|no changed audit-impact record covers audit/day_two_wash_complete_action_v1_20261001/root_route_attempt_03/native_frames/opera_training_doctor_1600/0077.webp
AUDITDEV|FAIL|no changed audit-impact record covers audit/day_two_wash_complete_action_v1_20261001/root_route_attempt_03/native_frames/opera_training_doctor_1600/0078.webp
AUDITDEV|FAIL|no changed audit-impact record covers audit/day_two_wash_complete_action_v1_20261001/root_route_attempt_03/native_frames/opera_training_doctor_1600/0079.webp
AUDITDEV|FAIL|no changed audit-impact record covers audit/day_two_wash_complete_action_v1_20261001/root_route_attempt_03/native_frames/opera_training_doctor_1600/0080.webp
AUDITDEV|FAIL|no changed audit-impact record covers audit/day_two_wash_complete_action_v1_20261001/root_route_attempt_03/native_frames/opera_training_doctor_1600/0081.webp
AUDITDEV|FAIL|no changed audit-impact record covers audit/day_two_wash_complete_action_v1_20261001/root_route_attempt_03/native_frames/opera_training_doctor_1600/0082.webp
AUDITDEV|FAIL|no changed audit-impact record covers audit/day_two_wash_complete_action_v1_20261001/root_route_attempt_03/native_frames/opera_training_doctor_1600/0083.webp
AUDITDEV|FAIL|no changed audit-impact record covers audit/day_two_wash_complete_action_v1_20261001/root_route_attempt_03/native_frames/opera_training_doctor_1600/0084.webp
AUDITDEV|FAIL|no changed audit-impact record covers audit/day_two_wash_complete_action_v1_20261001/root_route_attempt_03/native_frames/opera_training_doctor_1600/0085.webp
AUDITDEV|FAIL|no changed audit-impact record covers audit/day_two_wash_complete_action_v1_20261001/root_route_attempt_03/native_frames/opera_training_doctor_1600/0086.webp
AUDITDEV|FAIL|no changed audit-impact record covers audit/day_two_wash_complete_action_v1_20261001/root_route_attempt_03/native_frames/opera_training_doctor_1600/0087.webp
AUDITDEV|FAIL|no changed audit-impact record covers audit/day_two_wash_complete_action_v1_20261001/root_route_attempt_03/native_frames/opera_training_doctor_1600/0088.webp
AUDITDEV|FAIL|no changed audit-impact record covers audit/day_two_wash_complete_action_v1_20261001/root_route_attempt_03/native_frames/opera_training_doctor_1600/0089.webp
AUDITDEV|FAIL|no changed audit-impact record covers audit/day_two_wash_complete_action_v1_20261001/root_route_attempt_03/native_frames/opera_training_doctor_1600/0090.webp
AUDITDEV|FAIL|no changed audit-impact record covers audit/day_two_wash_complete_action_v1_20261001/root_route_attempt_03/native_frames/opera_training_doctor_1600/0091.webp
AUDITDEV|FAIL|no changed audit-impact record covers audit/day_two_wash_complete_action_v1_20261001/root_route_attempt_03/native_frames/opera_training_doctor_1600/0092.webp
AUDITDEV|FAIL|no changed audit-impact record covers audit/day_two_wash_complete_action_v1_20261001/root_route_attempt_03/native_frames/opera_training_doctor_1600/0093.webp
AUDITDEV|FAIL|no changed audit-impact record covers audit/day_two_wash_complete_action_v1_20261001/root_route_attempt_03/native_frames/opera_training_doctor_1600/0094.webp
AUDITDEV|FAIL|no changed audit-impact record covers audit/day_two_wash_complete_action_v1_20261001/root_route_attempt_03/native_frames/opera_training_doctor_1600/0095.webp
AUDITDEV|FAIL|no changed audit-impact record covers audit/day_two_wash_complete_action_v1_20261001/root_route_attempt_03/native_frames/opera_training_doctor_1600/0096.webp
AUDITDEV|FAIL|no changed audit-impact record covers audit/day_two_wash_complete_action_v1_20261001/root_route_attempt_03/native_frames/opera_training_doctor_1600/0097.webp
AUDITDEV|FAIL|no changed audit-impact record covers audit/day_two_wash_complete_action_v1_20261001/root_route_attempt_03/native_frames/opera_training_doctor_1600/0098.webp
AUDITDEV|FAIL|no changed audit-impact record covers audit/day_two_wash_complete_action_v1_20261001/root_route_attempt_03/native_frames/opera_training_doctor_1600/0099.webp
AUDITDEV|FAIL|no changed audit-impact record covers audit/day_two_wash_complete_action_v1_20261001/root_route_attempt_03/native_frames/opera_training_doctor_1600/0100.webp
AUDITDEV|FAIL|no changed audit-impact record covers audit/day_two_wash_complete_action_v1_20261001/root_route_attempt_03/native_frames/opera_training_doctor_1600/0101.webp
AUDITDEV|FAIL|no changed audit-impact record covers audit/day_two_wash_complete_action_v1_20261001/root_route_attempt_03/native_frames/opera_training_doctor_1600/0102.webp
AUDITDEV|FAIL|no changed audit-impact record covers audit/day_two_wash_complete_action_v1_20261001/root_route_attempt_03/native_frames/opera_training_doctor_1600/0103.webp
AUDITDEV|FAIL|no changed audit-impact record covers audit/day_two_wash_complete_action_v1_20261001/root_route_attempt_03/native_frames/opera_training_doctor_1600/0104.webp
AUDITDEV|FAIL|no changed audit-impact record covers audit/day_two_wash_complete_action_v1_20261001/root_route_attempt_03/native_frames/opera_training_doctor_1600/0105.webp
AUDITDEV|FAIL|no changed audit-impact record covers audit/day_two_wash_complete_action_v1_20261001/root_route_attempt_03/native_frames/opera_training_doctor_1600/0106.webp
AUDITDEV|FAIL|no changed audit-impact record covers audit/day_two_wash_complete_action_v1_20261001/root_route_attempt_03/native_frames/opera_training_doctor_1600/0107.webp
AUDITDEV|FAIL|no changed audit-impact record covers audit/day_two_wash_complete_action_v1_20261001/root_route_attempt_03/native_frames/opera_training_doctor_1600/0108.webp
AUDITDEV|FAIL|no changed audit-impact record covers audit/day_two_wash_complete_action_v1_20261001/root_route_attempt_03/native_frames/opera_training_doctor_1600/0109.webp
AUDITDEV|FAIL|no changed audit-impact record covers audit/day_two_wash_complete_action_v1_20261001/root_route_attempt_03/native_frames/opera_training_doctor_1600/0110.webp
AUDITDEV|FAIL|no changed audit-impact record covers audit/day_two_wash_complete_action_v1_20261001/root_route_attempt_03/native_frames/opera_training_doctor_1600/0111.webp
AUDITDEV|FAIL|no changed audit-impact record covers audit/day_two_wash_complete_action_v1_20261001/root_route_attempt_03/native_frames/opera_training_doctor_1600/0112.webp
AUDITDEV|FAIL|no changed audit-impact record covers audit/day_two_wash_complete_action_v1_20261001/root_route_attempt_03/native_frames/opera_training_doctor_1600/0113.webp
AUDITDEV|FAIL|no changed audit-impact record covers audit/day_two_wash_complete_action_v1_20261001/root_route_attempt_03/native_frames/opera_training_doctor_1600/0114.webp
AUDITDEV|FAIL|no changed audit-impact record covers audit/day_two_wash_complete_action_v1_20261001/root_route_attempt_03/native_frames/opera_training_doctor_1600/0115.webp
AUDITDEV|FAIL|no changed audit-impact record covers audit/day_two_wash_complete_action_v1_20261001/root_route_attempt_03/native_frames/opera_training_doctor_1600/0116.webp
AUDITDEV|FAIL|no changed audit-impact record covers audit/day_two_wash_complete_action_v1_20261001/root_route_attempt_03/native_frames/opera_training_doctor_1600/0117.webp
AUDITDEV|FAIL|no changed audit-impact record covers audit/day_two_wash_complete_action_v1_20261001/root_route_attempt_03/native_frames/opera_training_doctor_1600/0118.webp
AUDITDEV|FAIL|no changed audit-impact record covers audit/day_two_wash_complete_action_v1_20261001/root_route_attempt_03/native_frames/opera_training_doctor_1600/0119.webp
AUDITDEV|FAIL|no changed audit-impact record covers audit/day_two_wash_complete_action_v1_20261001/root_route_attempt_03/native_frames/opera_training_doctor_1600/0120.webp
AUDITDEV|FAIL|no changed audit-impact record covers audit/day_two_wash_complete_action_v1_20261001/root_route_attempt_03/native_frames/opera_training_doctor_1600/0121.webp
AUDITDEV|FAIL|no changed audit-impact record covers audit/day_two_wash_complete_action_v1_20261001/root_route_attempt_03/native_frames/opera_training_doctor_1600/0122.webp
AUDITDEV|FAIL|no changed audit-impact record covers audit/day_two_wash_complete_action_v1_20261001/root_route_attempt_03/native_frames/opera_training_doctor_1600/0123.webp
AUDITDEV|FAIL|no changed audit-impact record covers audit/day_two_wash_complete_action_v1_20261001/root_route_attempt_03/native_frames/opera_training_doctor_1600/0124.webp
AUDITDEV|FAIL|no changed audit-impact record covers audit/day_two_wash_complete_action_v1_20261001/root_route_attempt_03/native_frames/opera_training_doctor_1600/0125.webp
AUDITDEV|FAIL|no changed audit-impact record covers audit/day_two_wash_complete_action_v1_20261001/root_route_attempt_03/native_frames/opera_training_doctor_1600/0126.webp
AUDITDEV|FAIL|no changed audit-impact record covers audit/day_two_wash_complete_action_v1_20261001/root_route_attempt_03/native_frames/opera_training_doctor_1600/0127.webp
AUDITDEV|FAIL|no changed audit-impact record covers audit/day_two_wash_complete_action_v1_20261001/root_route_attempt_03/native_frames/opera_training_doctor_1600/0128.webp
AUDITDEV|FAIL|no changed audit-impact record covers audit/day_two_wash_complete_action_v1_20261001/root_route_attempt_03/native_frames/opera_training_doctor_1600/0129.webp
AUDITDEV|FAIL|no changed audit-impact record covers audit/day_two_wash_complete_action_v1_20261001/root_route_attempt_03/native_frames/opera_training_doctor_1600/0130.webp
AUDITDEV|FAIL|no changed audit-impact record covers audit/day_two_wash_complete_action_v1_20261001/root_route_attempt_03/native_frames/opera_training_doctor_1600/0131.webp
AUDITDEV|FAIL|no changed audit-impact record covers audit/day_two_wash_complete_action_v1_20261001/root_route_attempt_03/native_frames/opera_training_doctor_1600/0132.webp
AUDITDEV|FAIL|no changed audit-impact record covers audit/day_two_wash_complete_action_v1_20261001/root_route_attempt_03/native_frames/opera_training_doctor_1600/0133.webp
AUDITDEV|FAIL|no changed audit-impact record covers audit/day_two_wash_complete_action_v1_20261001/root_route_attempt_03/native_frames/opera_training_doctor_1600/0134.webp
AUDITDEV|FAIL|no changed audit-impact record covers audit/day_two_wash_complete_action_v1_20261001/root_route_attempt_03/native_frames/opera_training_doctor_1600/0135.webp
AUDITDEV|FAIL|no changed audit-impact record covers audit/day_two_wash_complete_action_v1_20261001/root_route_attempt_03/native_frames/opera_training_doctor_1600/0136.webp
AUDITDEV|FAIL|no changed audit-impact record covers audit/day_two_wash_complete_action_v1_20261001/root_route_attempt_03/native_frames/opera_training_doctor_1600/0137.webp
AUDITDEV|FAIL|no changed audit-impact record covers audit/day_two_wash_complete_action_v1_20261001/root_route_attempt_03/native_frames/opera_training_doctor_1600/0138.webp
AUDITDEV|FAIL|no changed audit-impact record covers audit/day_two_wash_complete_action_v1_20261001/root_route_attempt_03/native_frames/opera_training_doctor_1600/0139.webp
AUDITDEV|FAIL|no changed audit-impact record covers audit/day_two_wash_complete_action_v1_20261001/root_route_attempt_03/native_frames/opera_training_doctor_1600/0140.webp
AUDITDEV|FAIL|no changed audit-impact record covers audit/day_two_wash_complete_action_v1_20261001/root_route_attempt_03/native_frames/opera_training_doctor_1600/0141.webp
AUDITDEV|FAIL|no changed audit-impact record covers audit/day_two_wash_complete_action_v1_20261001/root_route_attempt_03/native_frames/opera_training_doctor_1600/0142.webp
AUDITDEV|FAIL|no changed audit-impact record covers audit/day_two_wash_complete_action_v1_20261001/root_route_attempt_03/native_frames/opera_training_doctor_1600/0143.webp
AUDITDEV|FAIL|no changed audit-impact record covers audit/day_two_wash_complete_action_v1_20261001/root_route_attempt_03/native_frames/opera_training_doctor_1600/0144.webp
AUDITDEV|FAIL|no changed audit-impact record covers audit/day_two_wash_complete_action_v1_20261001/root_route_attempt_03/native_frames/opera_training_doctor_1600/0145.webp
AUDITDEV|FAIL|no changed audit-impact record covers audit/day_two_wash_complete_action_v1_20261001/root_route_attempt_03/native_frames/opera_training_doctor_1600/0146.webp
AUDITDEV|FAIL|no changed audit-impact record covers audit/day_two_wash_complete_action_v1_20261001/root_route_attempt_03/native_frames/opera_training_doctor_1600/0147.webp
AUDITDEV|FAIL|no changed audit-impact record covers audit/day_two_wash_complete_action_v1_20261001/root_route_attempt_03/native_frames/opera_training_doctor_1600/0148.webp
AUDITDEV|FAIL|no changed audit-impact record covers audit/day_two_wash_complete_action_v1_20261001/root_route_attempt_03/native_frames/opera_training_doctor_1600/0149.webp
AUDITDEV|FAIL|no changed audit-impact record covers audit/day_two_wash_complete_action_v1_20261001/root_route_attempt_03/native_frames/opera_training_doctor_1600/0150.webp
AUDITDEV|FAIL|no changed audit-impact record covers audit/day_two_wash_complete_action_v1_20261001/root_route_attempt_03/native_frames/opera_training_doctor_1600/0151.webp
AUDITDEV|FAIL|no changed audit-impact record covers audit/day_two_wash_complete_action_v1_20261001/root_route_attempt_03/native_frames/opera_training_doctor_1600/0152.webp
AUDITDEV|FAIL|no changed audit-impact record covers audit/day_two_wash_complete_action_v1_20261001/root_route_attempt_03/native_frames/opera_training_doctor_1600/0153.webp
AUDITDEV|FAIL|no changed audit-impact record covers audit/day_two_wash_complete_action_v1_20261001/root_route_attempt_03/native_frames/opera_training_doctor_1600/0154.webp
AUDITDEV|FAIL|no changed audit-impact record covers audit/day_two_wash_complete_action_v1_20261001/root_route_attempt_03/native_frames/opera_training_doctor_1600/0155.webp
AUDITDEV|FAIL|no changed audit-impact record covers audit/day_two_wash_complete_action_v1_20261001/root_route_attempt_03/native_frames/opera_training_doctor_1600/0156.webp
AUDITDEV|FAIL|no changed audit-impact record covers audit/day_two_wash_complete_action_v1_20261001/root_route_attempt_03/native_frames/opera_training_doctor_1600/0157.webp
AUDITDEV|FAIL|no changed audit-impact record covers audit/day_two_wash_complete_action_v1_20261001/root_route_attempt_03/native_frames/opera_training_doctor_1600/0158.webp
AUDITDEV|FAIL|no changed audit-impact record covers audit/day_two_wash_complete_action_v1_20261001/root_route_attempt_03/native_frames/opera_training_doctor_1600/0159.webp
AUDITDEV|FAIL|no changed audit-impact record covers audit/day_two_wash_complete_action_v1_20261001/root_route_attempt_03/native_frames/opera_training_doctor_1600/0160.webp
AUDITDEV|FAIL|no changed audit-impact record covers audit/day_two_wash_complete_action_v1_20261001/root_route_attempt_03/native_frames/opera_training_doctor_1600/0161.webp
AUDITDEV|FAIL|no changed audit-impact record covers audit/day_two_wash_complete_action_v1_20261001/root_route_attempt_03/native_frames/opera_training_doctor_1600/0162.webp
AUDITDEV|FAIL|no changed audit-impact record covers audit/day_two_wash_complete_action_v1_20261001/root_route_attempt_03/native_frames/opera_training_doctor_1600/0163.webp
AUDITDEV|FAIL|no changed audit-impact record covers audit/day_two_wash_complete_action_v1_20261001/root_route_attempt_03/native_frames/opera_training_doctor_1600/0164.webp
AUDITDEV|FAIL|no changed audit-impact record covers audit/day_two_wash_complete_action_v1_20261001/root_route_attempt_03/native_frames/opera_training_doctor_1600/0165.webp
AUDITDEV|FAIL|no changed audit-impact record covers audit/day_two_wash_complete_action_v1_20261001/root_route_attempt_03/native_frames/opera_training_doctor_1600/0166.webp
AUDITDEV|FAIL|no changed audit-impact record covers audit/day_two_wash_complete_action_v1_20261001/root_route_attempt_03/native_frames/opera_training_doctor_1600/0167.webp
AUDITDEV|FAIL|no changed audit-impact record covers audit/day_two_wash_complete_action_v1_20261001/root_route_attempt_03/native_frames/opera_training_doctor_1600/0168.webp
AUDITDEV|FAIL|no changed audit-impact record covers audit/day_two_wash_complete_action_v1_20261001/root_route_attempt_03/native_frames/opera_training_doctor_1600/0169.webp
AUDITDEV|FAIL|no changed audit-impact record covers audit/day_two_wash_complete_action_v1_20261001/root_route_attempt_03/native_frames/opera_training_doctor_1600/0170.webp
AUDITDEV|FAIL|no changed audit-impact record covers audit/day_two_wash_complete_action_v1_20261001/root_route_attempt_03/native_frames/opera_training_doctor_1600/0171.webp
AUDITDEV|FAIL|no changed audit-impact record covers audit/day_two_wash_complete_action_v1_20261001/root_route_attempt_03/native_frames/opera_training_doctor_1600/0172.webp
AUDITDEV|FAIL|no changed audit-impact record covers audit/day_two_wash_complete_action_v1_20261001/root_route_attempt_03/native_frames/opera_training_doctor_1600/0173.webp
AUDITDEV|FAIL|no changed audit-impact record covers audit/day_two_wash_complete_action_v1_20261001/root_route_attempt_03/native_frames/opera_training_doctor_1600/0174.webp
AUDITDEV|FAIL|no changed audit-impact record covers audit/day_two_wash_complete_action_v1_20261001/root_route_attempt_03/native_frames/opera_training_doctor_1600/0175.webp
AUDITDEV|FAIL|no changed audit-impact record covers audit/day_two_wash_complete_action_v1_20261001/root_route_attempt_03/native_frames/opera_training_doctor_1600/0176.webp
AUDITDEV|FAIL|no changed audit-impact record covers audit/day_two_wash_complete_action_v1_20261001/root_route_attempt_03/native_frames/opera_training_doctor_1600/0177.webp
AUDITDEV|FAIL|no changed audit-impact record covers audit/day_two_wash_complete_action_v1_20261001/root_route_attempt_03/native_frames/opera_training_doctor_1600/0178.webp
AUDITDEV|FAIL|no changed audit-impact record covers audit/day_two_wash_complete_action_v1_20261001/root_route_attempt_03/native_frames/opera_training_doctor_1600/0179.webp
AUDITDEV|FAIL|no changed audit-impact record covers audit/day_two_wash_complete_action_v1_20261001/root_route_attempt_03/native_frames/opera_training_doctor_1600/0180.webp
AUDITDEV|FAIL|no changed audit-impact record covers audit/day_two_wash_complete_action_v1_20261001/root_route_attempt_03/native_frames/opera_training_doctor_1600/0181.webp
AUDITDEV|FAIL|no changed audit-impact record covers audit/day_two_wash_complete_action_v1_20261001/root_route_attempt_03/native_frames/opera_training_doctor_1600/0182.webp
AUDITDEV|FAIL|no changed audit-impact record covers audit/day_two_wash_complete_action_v1_20261001/root_route_attempt_03/native_frames/opera_training_doctor_1600/0183.webp
AUDITDEV|FAIL|no changed audit-impact record covers audit/day_two_wash_complete_action_v1_20261001/root_route_attempt_03/native_frames/opera_training_doctor_1600/0184.webp
AUDITDEV|FAIL|no changed audit-impact record covers audit/day_two_wash_complete_action_v1_20261001/root_route_attempt_03/native_frames/opera_training_doctor_1600/0185.webp
AUDITDEV|FAIL|no changed audit-impact record covers audit/day_two_wash_complete_action_v1_20261001/root_route_attempt_03/native_frames/opera_training_doctor_1600/0186.webp
AUDITDEV|FAIL|no changed audit-impact record covers audit/day_two_wash_complete_action_v1_20261001/root_route_attempt_03/native_frames/opera_training_doctor_1600/0187.webp
AUDITDEV|FAIL|no changed audit-impact record covers audit/day_two_wash_complete_action_v1_20261001/root_route_attempt_03/native_frames/opera_training_doctor_1600/0188.webp
AUDITDEV|FAIL|no changed audit-impact record covers audit/day_two_wash_complete_action_v1_20261001/root_route_attempt_03/native_frames/opera_training_doctor_1600/0189.webp
AUDITDEV|FAIL|no changed audit-impact record covers audit/day_two_wash_complete_action_v1_20261001/root_route_attempt_03/native_frames/opera_training_doctor_1600/0190.webp
AUDITDEV|FAIL|no changed audit-impact record covers audit/day_two_wash_complete_action_v1_20261001/root_route_attempt_03/native_frames/opera_training_doctor_1600/0191.webp
AUDITDEV|FAIL|no changed audit-impact record covers audit/day_two_wash_complete_action_v1_20261001/root_route_attempt_03/native_frames/opera_training_doctor_1600/0192.webp
AUDITDEV|FAIL|no changed audit-impact record covers audit/day_two_wash_complete_action_v1_20261001/root_route_attempt_03/native_frames/opera_training_doctor_1600/0193.webp
AUDITDEV|FAIL|no changed audit-impact record covers audit/day_two_wash_complete_action_v1_20261001/root_route_attempt_03/native_frames/opera_training_doctor_1600/0194.webp
AUDITDEV|FAIL|no changed audit-impact record covers audit/day_two_wash_complete_action_v1_20261001/root_route_attempt_03/native_frames/opera_training_doctor_1600/0195.webp
AUDITDEV|FAIL|no changed audit-impact record covers audit/day_two_wash_complete_action_v1_20261001/root_route_attempt_03/native_frames/opera_training_doctor_1600/0196.webp
AUDITDEV|FAIL|no changed audit-impact record covers audit/day_two_wash_complete_action_v1_20261001/root_route_attempt_03/native_frames/opera_training_doctor_1600/0197.webp
AUDITDEV|FAIL|no changed audit-impact record covers audit/day_two_wash_complete_action_v1_20261001/root_route_attempt_03/native_frames/opera_training_doctor_1600/0198.webp
AUDITDEV|FAIL|no changed audit-impact record covers audit/day_two_wash_complete_action_v1_20261001/root_route_attempt_03/native_frames/opera_training_doctor_1600/0199.webp
AUDITDEV|FAIL|no changed audit-impact record covers audit/day_two_wash_complete_action_v1_20261001/root_route_attempt_03/native_frames/opera_training_doctor_1600/0200.webp
AUDITDEV|FAIL|no changed audit-impact record covers audit/day_two_wash_complete_action_v1_20261001/root_route_attempt_03/native_frames/opera_training_doctor_1600/0201.webp
AUDITDEV|FAIL|no changed audit-impact record covers audit/day_two_wash_complete_action_v1_20261001/root_route_attempt_03/native_frames/opera_training_doctor_1600/0202.webp
AUDITDEV|FAIL|no changed audit-impact record covers audit/day_two_wash_complete_action_v1_20261001/root_route_attempt_03/native_frames/opera_training_doctor_1600/0203.webp
AUDITDEV|FAIL|no changed audit-impact record covers audit/day_two_wash_complete_action_v1_20261001/root_route_attempt_03/native_frames/opera_training_doctor_1600/0204.webp
AUDITDEV|FAIL|no changed audit-impact record covers audit/day_two_wash_complete_action_v1_20261001/root_route_attempt_03/native_frames/opera_training_doctor_1600/0205.webp
AUDITDEV|FAIL|no changed audit-impact record covers audit/day_two_wash_complete_action_v1_20261001/root_route_attempt_03/native_frames/opera_training_doctor_1600/0206.webp
AUDITDEV|FAIL|no changed audit-impact record covers audit/day_two_wash_complete_action_v1_20261001/root_route_attempt_03/native_frames/opera_training_doctor_1600/0207.webp
AUDITDEV|FAIL|no changed audit-impact record covers audit/day_two_wash_complete_action_v1_20261001/root_route_attempt_03/native_frames/opera_training_doctor_1600/0208.webp
AUDITDEV|FAIL|no changed audit-impact record covers audit/day_two_wash_complete_action_v1_20261001/root_route_attempt_03/native_frames/opera_training_doctor_1600/0209.webp
AUDITDEV|FAIL|no changed audit-impact record covers audit/day_two_wash_complete_action_v1_20261001/root_route_attempt_03/native_frames/opera_training_doctor_1600/0210.webp
AUDITDEV|FAIL|no changed audit-impact record covers audit/day_two_wash_complete_action_v1_20261001/root_route_attempt_03/native_frames/opera_training_doctor_1600/0211.webp
AUDITDEV|FAIL|no changed audit-impact record covers audit/day_two_wash_complete_action_v1_20261001/root_route_attempt_03/native_frames/opera_training_doctor_1600/0212.webp
AUDITDEV|FAIL|no changed audit-impact record covers audit/day_two_wash_complete_action_v1_20261001/root_route_attempt_03/native_frames/opera_training_doctor_1600/0213.webp
AUDITDEV|FAIL|no changed audit-impact record covers audit/day_two_wash_complete_action_v1_20261001/root_route_attempt_03/native_frames/opera_training_doctor_1600/0214.webp
AUDITDEV|FAIL|no changed audit-impact record covers audit/day_two_wash_complete_action_v1_20261001/root_route_attempt_03/native_frames/opera_training_doctor_1600/0215.webp
AUDITDEV|FAIL|no changed audit-impact record covers audit/day_two_wash_complete_action_v1_20261001/root_route_attempt_03/native_frames/opera_training_doctor_1600/0216.webp
AUDITDEV|FAIL|no changed audit-impact record covers audit/day_two_wash_complete_action_v1_20261001/root_route_attempt_03/native_frames/opera_training_doctor_1600/0217.webp
AUDITDEV|FAIL|no changed audit-impact record covers audit/day_two_wash_complete_action_v1_20261001/root_route_attempt_03/native_frames/opera_training_doctor_1600/0218.webp
AUDITDEV|FAIL|no changed audit-impact record covers audit/day_two_wash_complete_action_v1_20261001/root_route_attempt_03/native_frames/opera_training_doctor_1600/0219.webp
AUDITDEV|FAIL|no changed audit-impact record covers audit/day_two_wash_complete_action_v1_20261001/root_route_attempt_03/native_frames/opera_training_doctor_1600/0220.webp
AUDITDEV|FAIL|no changed audit-impact record covers audit/day_two_wash_complete_action_v1_20261001/root_route_attempt_03/native_frames/opera_training_doctor_1600/0221.webp
AUDITDEV|FAIL|no changed audit-impact record covers audit/day_two_wash_complete_action_v1_20261001/root_route_attempt_03/native_frames/opera_training_doctor_1600/0222.webp
AUDITDEV|FAIL|no changed audit-impact record covers audit/day_two_wash_complete_action_v1_20261001/root_route_attempt_03/native_frames/opera_training_doctor_1600/0223.webp
AUDITDEV|FAIL|no changed audit-impact record covers audit/day_two_wash_complete_action_v1_20261001/root_route_attempt_03/native_frames/opera_training_doctor_1600/0224.webp
AUDITDEV|FAIL|no changed audit-impact record covers audit/day_two_wash_complete_action_v1_20261001/root_route_attempt_03/native_frames/opera_training_doctor_1600/0225.webp
AUDITDEV|FAIL|no changed audit-impact record covers audit/day_two_wash_complete_action_v1_20261001/root_route_attempt_03/native_frames/opera_training_doctor_1600/0226.webp
AUDITDEV|FAIL|no changed audit-impact record covers audit/day_two_wash_complete_action_v1_20261001/root_route_attempt_03/native_frames/opera_training_doctor_1600/0227.webp
AUDITDEV|FAIL|no changed audit-impact record covers audit/day_two_wash_complete_action_v1_20261001/root_route_attempt_03/native_frames/opera_training_doctor_1600/0228.webp
AUDITDEV|FAIL|no changed audit-impact record covers audit/day_two_wash_complete_action_v1_20261001/root_route_attempt_03/native_frames/opera_training_doctor_1600/0229.webp
AUDITDEV|FAIL|no changed audit-impact record covers audit/day_two_wash_complete_action_v1_20261001/root_route_attempt_03/native_frames/opera_training_doctor_1600/0230.webp
AUDITDEV|FAIL|no changed audit-impact record covers audit/day_two_wash_complete_action_v1_20261001/root_route_attempt_03/native_frames/opera_training_doctor_1600/0231.webp
AUDITDEV|FAIL|no changed audit-impact record covers audit/day_two_wash_complete_action_v1_20261001/root_route_attempt_03/native_frames/opera_training_doctor_1600/0232.webp
AUDITDEV|FAIL|no changed audit-impact record covers audit/day_two_wash_complete_action_v1_20261001/root_route_attempt_03/native_frames/opera_training_doctor_1600/0233.webp
AUDITDEV|FAIL|no changed audit-impact record covers audit/day_two_wash_complete_action_v1_20261001/root_route_attempt_03/native_frames/opera_training_doctor_1600/0234.webp
AUDITDEV|FAIL|no changed audit-impact record covers audit/day_two_wash_complete_action_v1_20261001/root_route_attempt_03/native_frames/opera_training_doctor_1600/0235.webp
AUDITDEV|FAIL|no changed audit-impact record covers audit/day_two_wash_complete_action_v1_20261001/root_route_attempt_03/native_frames/opera_training_doctor_1600/0236.webp
AUDITDEV|FAIL|no changed audit-impact record covers audit/day_two_wash_complete_action_v1_20261001/root_route_attempt_03/native_frames/opera_training_doctor_1600/0237.webp
AUDITDEV|FAIL|no changed audit-impact record covers audit/day_two_wash_complete_action_v1_20261001/root_route_attempt_03/native_frames/opera_training_doctor_1600/0238.webp
AUDITDEV|FAIL|no changed audit-impact record covers audit/day_two_wash_complete_action_v1_20261001/root_route_attempt_03/native_frames/opera_training_doctor_1600/0239.webp
AUDITDEV|FAIL|no changed audit-impact record covers audit/day_two_wash_complete_action_v1_20261001/root_route_attempt_03/native_frames/opera_training_doctor_1600/0240.webp
AUDITDEV|FAIL|no changed audit-impact record covers audit/day_two_wash_complete_action_v1_20261001/root_route_attempt_03/native_frames/opera_training_doctor_1600/0241.webp
AUDITDEV|FAIL|no changed audit-impact record covers audit/day_two_wash_complete_action_v1_20261001/root_route_attempt_03/native_frames/opera_training_doctor_1600/0242.webp
AUDITDEV|FAIL|no changed audit-impact record covers audit/day_two_wash_complete_action_v1_20261001/root_route_attempt_03/native_frames/opera_training_doctor_1600/0243.webp
AUDITDEV|FAIL|no changed audit-impact record covers audit/day_two_wash_complete_action_v1_20261001/root_route_attempt_03/native_frames/opera_training_doctor_1600/0244.webp
AUDITDEV|FAIL|no changed audit-impact record covers audit/day_two_wash_complete_action_v1_20261001/root_route_attempt_03/native_frames/opera_training_doctor_1600/0245.webp
AUDITDEV|FAIL|no changed audit-impact record covers audit/day_two_wash_complete_action_v1_20261001/root_route_attempt_03/native_frames/opera_training_doctor_1600/0246.webp
AUDITDEV|FAIL|no changed audit-impact record covers audit/day_two_wash_complete_action_v1_20261001/root_route_attempt_03/native_frames/opera_training_doctor_1600/0247.webp
AUDITDEV|FAIL|no changed audit-impact record covers audit/day_two_wash_complete_action_v1_20261001/root_route_attempt_03/native_frames/opera_training_doctor_1600/0248.webp
AUDITDEV|FAIL|no changed audit-impact record covers audit/day_two_wash_complete_action_v1_20261001/root_route_attempt_03/native_frames/opera_training_doctor_1600/0249.webp
AUDITDEV|FAIL|no changed audit-impact record covers audit/day_two_wash_complete_action_v1_20261001/root_route_attempt_03/native_frames/opera_training_doctor_1600/0250.webp
AUDITDEV|FAIL|no changed audit-impact record covers audit/day_two_wash_complete_action_v1_20261001/root_route_attempt_03/native_frames/opera_training_doctor_1600/0251.webp
AUDITDEV|FAIL|no changed audit-impact record covers audit/day_two_wash_complete_action_v1_20261001/root_route_attempt_03/native_frames/opera_training_doctor_1600/0252.webp
AUDITDEV|FAIL|no changed audit-impact record covers audit/day_two_wash_complete_action_v1_20261001/root_route_attempt_03/native_frames/opera_training_doctor_1600/0253.webp
AUDITDEV|FAIL|no changed audit-impact record covers audit/day_two_wash_complete_action_v1_20261001/root_route_attempt_03/native_frames/opera_training_doctor_1600/0254.webp
AUDITDEV|FAIL|no changed audit-impact record covers audit/day_two_wash_complete_action_v1_20261001/root_route_attempt_03/native_frames/opera_training_doctor_1600/0255.webp
AUDITDEV|FAIL|no changed audit-impact record covers audit/day_two_wash_complete_action_v1_20261001/root_route_attempt_03/native_frames/opera_training_nursery_1280/0000.webp
AUDITDEV|FAIL|no changed audit-impact record covers audit/day_two_wash_complete_action_v1_20261001/root_route_attempt_03/native_frames/opera_training_nursery_1280/0001.webp
AUDITDEV|FAIL|no changed audit-impact record covers audit/day_two_wash_complete_action_v1_20261001/root_route_attempt_03/native_frames/opera_training_nursery_1280/0002.webp
AUDITDEV|FAIL|no changed audit-impact record covers audit/day_two_wash_complete_action_v1_20261001/root_route_attempt_03/native_frames/opera_training_nursery_1280/0003.webp
AUDITDEV|FAIL|no changed audit-impact record covers audit/day_two_wash_complete_action_v1_20261001/root_route_attempt_03/native_frames/opera_training_nursery_1280/0004.webp
AUDITDEV|FAIL|no changed audit-impact record covers audit/day_two_wash_complete_action_v1_20261001/root_route_attempt_03/native_frames/opera_training_nursery_1280/0005.webp
AUDITDEV|FAIL|no changed audit-impact record covers audit/day_two_wash_complete_action_v1_20261001/root_route_attempt_03/native_frames/opera_training_nursery_1280/0006.webp
AUDITDEV|FAIL|no changed audit-impact record covers audit/day_two_wash_complete_action_v1_20261001/root_route_attempt_03/native_frames/opera_training_nursery_1280/0007.webp
AUDITDEV|FAIL|no changed audit-impact record covers audit/day_two_wash_complete_action_v1_20261001/root_route_attempt_03/native_frames/opera_training_nursery_1280/0008.webp
AUDITDEV|FAIL|no changed audit-impact record covers audit/day_two_wash_complete_action_v1_20261001/root_route_attempt_03/native_frames/opera_training_nursery_1280/0009.webp
AUDITDEV|FAIL|no changed audit-impact record covers audit/day_two_wash_complete_action_v1_20261001/root_route_attempt_03/native_frames/opera_training_nursery_1280/0010.webp
AUDITDEV|FAIL|no changed audit-impact record covers audit/day_two_wash_complete_action_v1_20261001/root_route_attempt_03/native_frames/opera_training_nursery_1280/0011.webp
AUDITDEV|FAIL|no changed audit-impact record covers audit/day_two_wash_complete_action_v1_20261001/root_route_attempt_03/native_frames/opera_training_nursery_1280/0012.webp
AUDITDEV|FAIL|no changed audit-impact record covers audit/day_two_wash_complete_action_v1_20261001/root_route_attempt_03/native_frames/opera_training_nursery_1280/0013.webp
AUDITDEV|FAIL|no changed audit-impact record covers audit/day_two_wash_complete_action_v1_20261001/root_route_attempt_03/native_frames/opera_training_nursery_1280/0014.webp
AUDITDEV|FAIL|no changed audit-impact record covers audit/day_two_wash_complete_action_v1_20261001/root_route_attempt_03/native_frames/opera_training_nursery_1280/0015.webp
AUDITDEV|FAIL|no changed audit-impact record covers audit/day_two_wash_complete_action_v1_20261001/root_route_attempt_03/native_frames/opera_training_nursery_1280/0016.webp
AUDITDEV|FAIL|no changed audit-impact record covers audit/day_two_wash_complete_action_v1_20261001/root_route_attempt_03/native_frames/opera_training_nursery_1280/0017.webp
AUDITDEV|FAIL|no changed audit-impact record covers audit/day_two_wash_complete_action_v1_20261001/root_route_attempt_03/native_frames/opera_training_nursery_1280/0018.webp
AUDITDEV|FAIL|no changed audit-impact record covers audit/day_two_wash_complete_action_v1_20261001/root_route_attempt_03/native_frames/opera_training_nursery_1280/0019.webp
AUDITDEV|FAIL|no changed audit-impact record covers audit/day_two_wash_complete_action_v1_20261001/root_route_attempt_03/native_frames/opera_training_nursery_1280/0020.webp
AUDITDEV|FAIL|no changed audit-impact record covers audit/day_two_wash_complete_action_v1_20261001/root_route_attempt_03/native_frames/opera_training_nursery_1280/0021.webp
AUDITDEV|FAIL|no changed audit-impact record covers audit/day_two_wash_complete_action_v1_20261001/root_route_attempt_03/native_frames/opera_training_nursery_1280/0022.webp
AUDITDEV|FAIL|no changed audit-impact record covers audit/day_two_wash_complete_action_v1_20261001/root_route_attempt_03/native_frames/opera_training_nursery_1280/0023.webp
AUDITDEV|FAIL|no changed audit-impact record covers audit/day_two_wash_complete_action_v1_20261001/root_route_attempt_03/native_frames/opera_training_nursery_1280/0024.webp
AUDITDEV|FAIL|no changed audit-impact record covers audit/day_two_wash_complete_action_v1_20261001/root_route_attempt_03/native_frames/opera_training_nursery_1280/0025.webp
AUDITDEV|FAIL|no changed audit-impact record covers audit/day_two_wash_complete_action_v1_20261001/root_route_attempt_03/native_frames/opera_training_nursery_1280/0026.webp
AUDITDEV|FAIL|no changed audit-impact record covers audit/day_two_wash_complete_action_v1_20261001/root_route_attempt_03/native_frames/opera_training_nursery_1280/0027.webp
AUDITDEV|FAIL|no changed audit-impact record covers audit/day_two_wash_complete_action_v1_20261001/root_route_attempt_03/native_frames/opera_training_nursery_1280/0028.webp
AUDITDEV|FAIL|no changed audit-impact record covers audit/day_two_wash_complete_action_v1_20261001/root_route_attempt_03/native_frames/opera_training_nursery_1280/0029.webp
AUDITDEV|FAIL|no changed audit-impact record covers audit/day_two_wash_complete_action_v1_20261001/root_route_attempt_03/native_frames/opera_training_nursery_1280/0030.webp
AUDITDEV|FAIL|no changed audit-impact record covers audit/day_two_wash_complete_action_v1_20261001/root_route_attempt_03/native_frames/opera_training_nursery_1280/0031.webp
AUDITDEV|FAIL|no changed audit-impact record covers audit/day_two_wash_complete_action_v1_20261001/root_route_attempt_03/native_frames/opera_training_nursery_1280/0032.webp
AUDITDEV|FAIL|no changed audit-impact record covers audit/day_two_wash_complete_action_v1_20261001/root_route_attempt_03/native_frames/opera_training_nursery_1280/0033.webp
AUDITDEV|FAIL|no changed audit-impact record covers audit/day_two_wash_complete_action_v1_20261001/root_route_attempt_03/native_frames/opera_training_nursery_1280/0034.webp
AUDITDEV|FAIL|no changed audit-impact record covers audit/day_two_wash_complete_action_v1_20261001/root_route_attempt_03/native_frames/opera_training_nursery_1280/0035.webp
AUDITDEV|FAIL|no changed audit-impact record covers audit/day_two_wash_complete_action_v1_20261001/root_route_attempt_03/native_frames/opera_training_nursery_1280/0036.webp
AUDITDEV|FAIL|no changed audit-impact record covers audit/day_two_wash_complete_action_v1_20261001/root_route_attempt_03/native_frames/opera_training_nursery_1280/0037.webp
AUDITDEV|FAIL|no changed audit-impact record covers audit/day_two_wash_complete_action_v1_20261001/root_route_attempt_03/native_frames/opera_training_nursery_1280/0038.webp
AUDITDEV|FAIL|no changed audit-impact record covers audit/day_two_wash_complete_action_v1_20261001/root_route_attempt_03/native_frames/opera_training_nursery_1280/0039.webp
AUDITDEV|FAIL|no changed audit-impact record covers audit/day_two_wash_complete_action_v1_20261001/root_route_attempt_03/native_frames/opera_training_nursery_1280/0040.webp
AUDITDEV|FAIL|no changed audit-impact record covers audit/day_two_wash_complete_action_v1_20261001/root_route_attempt_03/native_frames/opera_training_nursery_1280/0041.webp
AUDITDEV|FAIL|no changed audit-impact record covers audit/day_two_wash_complete_action_v1_20261001/root_route_attempt_03/native_frames/opera_training_nursery_1280/0042.webp
AUDITDEV|FAIL|no changed audit-impact record covers audit/day_two_wash_complete_action_v1_20261001/root_route_attempt_03/native_frames/opera_training_nursery_1280/0043.webp
AUDITDEV|FAIL|no changed audit-impact record covers audit/day_two_wash_complete_action_v1_20261001/root_route_attempt_03/native_frames/opera_training_nursery_1280/0044.webp
AUDITDEV|FAIL|no changed audit-impact record covers audit/day_two_wash_complete_action_v1_20261001/root_route_attempt_03/native_frames/opera_training_nursery_1280/0045.webp
AUDITDEV|FAIL|no changed audit-impact record covers audit/day_two_wash_complete_action_v1_20261001/root_route_attempt_03/native_frames/opera_training_nursery_1280/0046.webp
AUDITDEV|FAIL|no changed audit-impact record covers audit/day_two_wash_complete_action_v1_20261001/root_route_attempt_03/native_frames/opera_training_nursery_1280/0047.webp
AUDITDEV|FAIL|no changed audit-impact record covers audit/day_two_wash_complete_action_v1_20261001/root_route_attempt_03/native_frames/opera_training_nursery_1280/0048.webp
AUDITDEV|FAIL|no changed audit-impact record covers audit/day_two_wash_complete_action_v1_20261001/root_route_attempt_03/native_frames/opera_training_nursery_1280/0049.webp
AUDITDEV|FAIL|no changed audit-impact record covers audit/day_two_wash_complete_action_v1_20261001/root_route_attempt_03/native_frames/opera_training_nursery_1280/0050.webp
AUDITDEV|FAIL|no changed audit-impact record covers audit/day_two_wash_complete_action_v1_20261001/root_route_attempt_03/native_frames/opera_training_nursery_1280/0051.webp
AUDITDEV|FAIL|no changed audit-impact record covers audit/day_two_wash_complete_action_v1_20261001/root_route_attempt_03/native_frames/opera_training_nursery_1280/0052.webp
AUDITDEV|FAIL|no changed audit-impact record covers audit/day_two_wash_complete_action_v1_20261001/root_route_attempt_03/native_frames/opera_training_nursery_1280/0053.webp
AUDITDEV|FAIL|no changed audit-impact record covers audit/day_two_wash_complete_action_v1_20261001/root_route_attempt_03/native_frames/opera_training_nursery_1280/0054.webp
AUDITDEV|FAIL|no changed audit-impact record covers audit/day_two_wash_complete_action_v1_20261001/root_route_attempt_03/native_frames/opera_training_nursery_1280/0055.webp
AUDITDEV|FAIL|no changed audit-impact record covers audit/day_two_wash_complete_action_v1_20261001/root_route_attempt_03/native_frames/opera_training_nursery_1280/0056.webp
AUDITDEV|FAIL|no changed audit-impact record covers audit/day_two_wash_complete_action_v1_20261001/root_route_attempt_03/native_frames/opera_training_nursery_1280/0057.webp
AUDITDEV|FAIL|no changed audit-impact record covers audit/day_two_wash_complete_action_v1_20261001/root_route_attempt_03/native_frames/opera_training_nursery_1280/0058.webp
AUDITDEV|FAIL|no changed audit-impact record covers audit/day_two_wash_complete_action_v1_20261001/root_route_attempt_03/native_frames/opera_training_nursery_1280/0059.webp
AUDITDEV|FAIL|no changed audit-impact record covers audit/day_two_wash_complete_action_v1_20261001/root_route_attempt_03/native_frames/opera_training_nursery_1280/0060.webp
AUDITDEV|FAIL|no changed audit-impact record covers audit/day_two_wash_complete_action_v1_20261001/root_route_attempt_03/native_frames/opera_training_nursery_1280/0061.webp
AUDITDEV|FAIL|no changed audit-impact record covers audit/day_two_wash_complete_action_v1_20261001/root_route_attempt_03/native_frames/opera_training_nursery_1280/0062.webp
AUDITDEV|FAIL|no changed audit-impact record covers audit/day_two_wash_complete_action_v1_20261001/root_route_attempt_03/native_frames/opera_training_nursery_1280/0063.webp
AUDITDEV|FAIL|no changed audit-impact record covers audit/day_two_wash_complete_action_v1_20261001/root_route_attempt_03/native_frames/opera_training_nursery_1280/0064.webp
AUDITDEV|FAIL|no changed audit-impact record covers audit/day_two_wash_complete_action_v1_20261001/root_route_attempt_03/native_frames/opera_training_nursery_1280/0065.webp
AUDITDEV|FAIL|no changed audit-impact record covers audit/day_two_wash_complete_action_v1_20261001/root_route_attempt_03/native_frames/opera_training_nursery_1280/0066.webp
AUDITDEV|FAIL|no changed audit-impact record covers audit/day_two_wash_complete_action_v1_20261001/root_route_attempt_03/native_frames/opera_training_nursery_1280/0067.webp
AUDITDEV|FAIL|no changed audit-impact record covers audit/day_two_wash_complete_action_v1_20261001/root_route_attempt_03/native_frames/opera_training_nursery_1280/0068.webp
AUDITDEV|FAIL|no changed audit-impact record covers audit/day_two_wash_complete_action_v1_20261001/root_route_attempt_03/native_frames/opera_training_nursery_1280/0069.webp
AUDITDEV|FAIL|no changed audit-impact record covers audit/day_two_wash_complete_action_v1_20261001/root_route_attempt_03/native_frames/opera_training_nursery_1280/0070.webp
AUDITDEV|FAIL|no changed audit-impact record covers audit/day_two_wash_complete_action_v1_20261001/root_route_attempt_03/native_frames/opera_training_nursery_1280/0071.webp
AUDITDEV|FAIL|no changed audit-impact record covers audit/day_two_wash_complete_action_v1_20261001/root_route_attempt_03/native_frames/opera_training_nursery_1280/0072.webp
AUDITDEV|FAIL|no changed audit-impact record covers audit/day_two_wash_complete_action_v1_20261001/root_route_attempt_03/native_frames/opera_training_nursery_1280/0073.webp
AUDITDEV|FAIL|no changed audit-impact record covers audit/day_two_wash_complete_action_v1_20261001/root_route_attempt_03/native_frames/opera_training_nursery_1280/0074.webp
AUDITDEV|FAIL|no changed audit-impact record covers audit/day_two_wash_complete_action_v1_20261001/root_route_attempt_03/native_frames/opera_training_nursery_1280/0075.webp
AUDITDEV|FAIL|no changed audit-impact record covers audit/day_two_wash_complete_action_v1_20261001/root_route_attempt_03/native_frames/opera_training_nursery_1280/0076.webp
AUDITDEV|FAIL|no changed audit-impact record covers audit/day_two_wash_complete_action_v1_20261001/root_route_attempt_03/native_frames/opera_training_nursery_1280/0077.webp
AUDITDEV|FAIL|no changed audit-impact record covers audit/day_two_wash_complete_action_v1_20261001/root_route_attempt_03/native_frames/opera_training_nursery_1280/0078.webp
AUDITDEV|FAIL|no changed audit-impact record covers audit/day_two_wash_complete_action_v1_20261001/root_route_attempt_03/native_frames/opera_training_nursery_1280/0079.webp
AUDITDEV|FAIL|no changed audit-impact record covers audit/day_two_wash_complete_action_v1_20261001/root_route_attempt_03/native_frames/opera_training_nursery_1280/0080.webp
AUDITDEV|FAIL|no changed audit-impact record covers audit/day_two_wash_complete_action_v1_20261001/root_route_attempt_03/native_frames/opera_training_nursery_1280/0081.webp
AUDITDEV|FAIL|no changed audit-impact record covers audit/day_two_wash_complete_action_v1_20261001/root_route_attempt_03/native_frames/opera_training_nursery_1280/0082.webp
AUDITDEV|FAIL|no changed audit-impact record covers audit/day_two_wash_complete_action_v1_20261001/root_route_attempt_03/native_frames/opera_training_nursery_1280/0083.webp
AUDITDEV|FAIL|no changed audit-impact record covers audit/day_two_wash_complete_action_v1_20261001/root_route_attempt_03/native_frames/opera_training_nursery_1280/0084.webp
AUDITDEV|FAIL|no changed audit-impact record covers audit/day_two_wash_complete_action_v1_20261001/root_route_attempt_03/native_frames/opera_training_nursery_1280/0085.webp
AUDITDEV|FAIL|no changed audit-impact record covers audit/day_two_wash_complete_action_v1_20261001/root_route_attempt_03/native_frames/opera_training_nursery_1280/0086.webp
AUDITDEV|FAIL|no changed audit-impact record covers audit/day_two_wash_complete_action_v1_20261001/root_route_attempt_03/native_frames/opera_training_nursery_1280/0087.webp
AUDITDEV|FAIL|no changed audit-impact record covers audit/day_two_wash_complete_action_v1_20261001/root_route_attempt_03/native_frames/opera_training_nursery_1280/0088.webp
AUDITDEV|FAIL|no changed audit-impact record covers audit/day_two_wash_complete_action_v1_20261001/root_route_attempt_03/native_frames/opera_training_nursery_1280/0089.webp
AUDITDEV|FAIL|no changed audit-impact record covers audit/day_two_wash_complete_action_v1_20261001/root_route_attempt_03/native_frames/opera_training_nursery_1280/0090.webp
AUDITDEV|FAIL|no changed audit-impact record covers audit/day_two_wash_complete_action_v1_20261001/root_route_attempt_03/native_frames/opera_training_nursery_1280/0091.webp
AUDITDEV|FAIL|no changed audit-impact record covers audit/day_two_wash_complete_action_v1_20261001/root_route_attempt_03/native_frames/opera_training_nursery_1280/0092.webp
AUDITDEV|FAIL|no changed audit-impact record covers audit/day_two_wash_complete_action_v1_20261001/root_route_attempt_03/native_frames/opera_training_nursery_1280/0093.webp
AUDITDEV|FAIL|no changed audit-impact record covers audit/day_two_wash_complete_action_v1_20261001/root_route_attempt_03/native_frames/opera_training_nursery_1280/0094.webp
AUDITDEV|FAIL|no changed audit-impact record covers audit/day_two_wash_complete_action_v1_20261001/root_route_attempt_03/native_frames/opera_training_nursery_1280/0095.webp
AUDITDEV|FAIL|no changed audit-impact record covers audit/day_two_wash_complete_action_v1_20261001/root_route_attempt_03/native_frames/opera_training_nursery_1280/0096.webp
AUDITDEV|FAIL|no changed audit-impact record covers audit/day_two_wash_complete_action_v1_20261001/root_route_attempt_03/native_frames/opera_training_nursery_1280/0097.webp
AUDITDEV|FAIL|no changed audit-impact record covers audit/day_two_wash_complete_action_v1_20261001/root_route_attempt_03/native_frames/opera_training_nursery_1280/0098.webp
AUDITDEV|FAIL|no changed audit-impact record covers audit/day_two_wash_complete_action_v1_20261001/root_route_attempt_03/native_frames/opera_training_nursery_1280/0099.webp
AUDITDEV|FAIL|no changed audit-impact record covers audit/day_two_wash_complete_action_v1_20261001/root_route_attempt_03/native_frames/opera_training_nursery_1280/0100.webp
AUDITDEV|FAIL|no changed audit-impact record covers audit/day_two_wash_complete_action_v1_20261001/root_route_attempt_03/native_frames/opera_training_nursery_1280/0101.webp
AUDITDEV|FAIL|no changed audit-impact record covers audit/day_two_wash_complete_action_v1_20261001/root_route_attempt_03/native_frames/opera_training_nursery_1280/0102.webp
AUDITDEV|FAIL|no changed audit-impact record covers audit/day_two_wash_complete_action_v1_20261001/root_route_attempt_03/native_frames/opera_training_nursery_1280/0103.webp
AUDITDEV|FAIL|no changed audit-impact record covers audit/day_two_wash_complete_action_v1_20261001/root_route_attempt_03/native_frames/opera_training_nursery_1280/0104.webp
AUDITDEV|FAIL|no changed audit-impact record covers audit/day_two_wash_complete_action_v1_20261001/root_route_attempt_03/native_frames/opera_training_nursery_1280/0105.webp
AUDITDEV|FAIL|no changed audit-impact record covers audit/day_two_wash_complete_action_v1_20261001/root_route_attempt_03/native_frames/opera_training_nursery_1280/0106.webp
AUDITDEV|FAIL|no changed audit-impact record covers audit/day_two_wash_complete_action_v1_20261001/root_route_attempt_03/native_frames/opera_training_nursery_1280/0107.webp
AUDITDEV|FAIL|no changed audit-impact record covers audit/day_two_wash_complete_action_v1_20261001/root_route_attempt_03/native_frames/opera_training_nursery_1280/0108.webp
AUDITDEV|FAIL|no changed audit-impact record covers audit/day_two_wash_complete_action_v1_20261001/root_route_attempt_03/native_frames/opera_training_nursery_1280/0109.webp
AUDITDEV|FAIL|no changed audit-impact record covers audit/day_two_wash_complete_action_v1_20261001/root_route_attempt_03/native_frames/opera_training_nursery_1280/0110.webp
AUDITDEV|FAIL|no changed audit-impact record covers audit/day_two_wash_complete_action_v1_20261001/root_route_attempt_03/native_frames/opera_training_nursery_1280/0111.webp
AUDITDEV|FAIL|no changed audit-impact record covers audit/day_two_wash_complete_action_v1_20261001/root_route_attempt_03/native_frames/opera_training_nursery_1280/0112.webp
AUDITDEV|FAIL|no changed audit-impact record covers audit/day_two_wash_complete_action_v1_20261001/root_route_attempt_03/native_frames/opera_training_nursery_1280/0113.webp
AUDITDEV|FAIL|no changed audit-impact record covers audit/day_two_wash_complete_action_v1_20261001/root_route_attempt_03/native_frames/opera_training_nursery_1280/0114.webp
AUDITDEV|FAIL|no changed audit-impact record covers audit/day_two_wash_complete_action_v1_20261001/root_route_attempt_03/native_frames/opera_training_nursery_1280/0115.webp
AUDITDEV|FAIL|no changed audit-impact record covers audit/day_two_wash_complete_action_v1_20261001/root_route_attempt_03/native_frames/opera_training_nursery_1280/0116.webp
AUDITDEV|FAIL|no changed audit-impact record covers audit/day_two_wash_complete_action_v1_20261001/root_route_attempt_03/native_frames/opera_training_nursery_1280/0117.webp
AUDITDEV|FAIL|no changed audit-impact record covers audit/day_two_wash_complete_action_v1_20261001/root_route_attempt_03/native_frames/opera_training_nursery_1280/0118.webp
AUDITDEV|FAIL|no changed audit-impact record covers audit/day_two_wash_complete_action_v1_20261001/root_route_attempt_03/native_frames/opera_training_nursery_1280/0119.webp
AUDITDEV|FAIL|no changed audit-impact record covers audit/day_two_wash_complete_action_v1_20261001/root_route_attempt_03/native_frames/opera_training_nursery_1280/0120.webp
AUDITDEV|FAIL|no changed audit-impact record covers audit/day_two_wash_complete_action_v1_20261001/root_route_attempt_03/native_frames/opera_training_nursery_1280/0121.webp
AUDITDEV|FAIL|no changed audit-impact record covers audit/day_two_wash_complete_action_v1_20261001/root_route_attempt_03/native_frames/opera_training_nursery_1280/0122.webp
AUDITDEV|FAIL|no changed audit-impact record covers audit/day_two_wash_complete_action_v1_20261001/root_route_attempt_03/native_frames/opera_training_nursery_1280/0123.webp
AUDITDEV|FAIL|no changed audit-impact record covers audit/day_two_wash_complete_action_v1_20261001/root_route_attempt_03/native_frames/opera_training_nursery_1280/0124.webp
AUDITDEV|FAIL|no changed audit-impact record covers audit/day_two_wash_complete_action_v1_20261001/root_route_attempt_03/native_frames/opera_training_nursery_1280/0125.webp
AUDITDEV|FAIL|no changed audit-impact record covers audit/day_two_wash_complete_action_v1_20261001/root_route_attempt_03/native_frames/opera_training_nursery_1280/0126.webp
AUDITDEV|FAIL|no changed audit-impact record covers audit/day_two_wash_complete_action_v1_20261001/root_route_attempt_03/native_frames/opera_training_nursery_1280/0127.webp
AUDITDEV|FAIL|no changed audit-impact record covers audit/day_two_wash_complete_action_v1_20261001/root_route_attempt_03/native_frames/opera_training_nursery_1280/0128.webp
AUDITDEV|FAIL|no changed audit-impact record covers audit/day_two_wash_complete_action_v1_20261001/root_route_attempt_03/native_frames/opera_training_nursery_1280/0129.webp
AUDITDEV|FAIL|no changed audit-impact record covers audit/day_two_wash_complete_action_v1_20261001/root_route_attempt_03/native_frames/opera_training_nursery_1280/0130.webp
AUDITDEV|FAIL|no changed audit-impact record covers audit/day_two_wash_complete_action_v1_20261001/root_route_attempt_03/native_frames/opera_training_nursery_1280/0131.webp
AUDITDEV|FAIL|no changed audit-impact record covers audit/day_two_wash_complete_action_v1_20261001/root_route_attempt_03/native_frames/opera_training_nursery_1280/0132.webp
AUDITDEV|FAIL|no changed audit-impact record covers audit/day_two_wash_complete_action_v1_20261001/root_route_attempt_03/native_frames/opera_training_nursery_1280/0133.webp
AUDITDEV|FAIL|no changed audit-impact record covers audit/day_two_wash_complete_action_v1_20261001/root_route_attempt_03/native_frames/opera_training_nursery_1280/0134.webp
AUDITDEV|FAIL|no changed audit-impact record covers audit/day_two_wash_complete_action_v1_20261001/root_route_attempt_03/native_frames/opera_training_nursery_1280/0135.webp
AUDITDEV|FAIL|no changed audit-impact record covers audit/day_two_wash_complete_action_v1_20261001/root_route_attempt_03/native_frames/opera_training_nursery_1280/0136.webp
AUDITDEV|FAIL|no changed audit-impact record covers audit/day_two_wash_complete_action_v1_20261001/root_route_attempt_03/native_frames/opera_training_nursery_1280/0137.webp
AUDITDEV|FAIL|no changed audit-impact record covers audit/day_two_wash_complete_action_v1_20261001/root_route_attempt_03/native_frames/opera_training_nursery_1280/0138.webp
AUDITDEV|FAIL|no changed audit-impact record covers audit/day_two_wash_complete_action_v1_20261001/root_route_attempt_03/native_frames/opera_training_nursery_1280/0139.webp
AUDITDEV|FAIL|no changed audit-impact record covers audit/day_two_wash_complete_action_v1_20261001/root_route_attempt_03/native_frames/opera_training_nursery_1280/0140.webp
AUDITDEV|FAIL|no changed audit-impact record covers audit/day_two_wash_complete_action_v1_20261001/root_route_attempt_03/native_frames/opera_training_nursery_1280/0141.webp
AUDITDEV|FAIL|no changed audit-impact record covers audit/day_two_wash_complete_action_v1_20261001/root_route_attempt_03/native_frames/opera_training_nursery_1280/0142.webp
AUDITDEV|FAIL|no changed audit-impact record covers audit/day_two_wash_complete_action_v1_20261001/root_route_attempt_03/native_frames/opera_training_nursery_1280/0143.webp
AUDITDEV|FAIL|no changed audit-impact record covers audit/day_two_wash_complete_action_v1_20261001/root_route_attempt_03/native_frames/opera_training_nursery_1280/0144.webp
AUDITDEV|FAIL|no changed audit-impact record covers audit/day_two_wash_complete_action_v1_20261001/root_route_attempt_03/native_frames/opera_training_nursery_1280/0145.webp
AUDITDEV|FAIL|no changed audit-impact record covers audit/day_two_wash_complete_action_v1_20261001/root_route_attempt_03/native_frames/opera_training_nursery_1280/0146.webp
AUDITDEV|FAIL|no changed audit-impact record covers audit/day_two_wash_complete_action_v1_20261001/root_route_attempt_03/native_frames/opera_training_nursery_1280/0147.webp
AUDITDEV|FAIL|no changed audit-impact record covers audit/day_two_wash_complete_action_v1_20261001/root_route_attempt_03/native_frames/opera_training_nursery_1280/0148.webp
AUDITDEV|FAIL|no changed audit-impact record covers audit/day_two_wash_complete_action_v1_20261001/root_route_attempt_03/native_frames/opera_training_nursery_1280/0149.webp
AUDITDEV|FAIL|no changed audit-impact record covers audit/day_two_wash_complete_action_v1_20261001/root_route_attempt_03/native_frames/opera_training_nursery_1280/0150.webp
AUDITDEV|FAIL|no changed audit-impact record covers audit/day_two_wash_complete_action_v1_20261001/root_route_attempt_03/native_frames/opera_training_nursery_1280/0151.webp
AUDITDEV|FAIL|no changed audit-impact record covers audit/day_two_wash_complete_action_v1_20261001/root_route_attempt_03/native_frames/opera_training_nursery_1280/0152.webp
AUDITDEV|FAIL|no changed audit-impact record covers audit/day_two_wash_complete_action_v1_20261001/root_route_attempt_03/native_frames/opera_training_nursery_1280/0153.webp
AUDITDEV|FAIL|no changed audit-impact record covers audit/day_two_wash_complete_action_v1_20261001/root_route_attempt_03/native_frames/opera_training_nursery_1280/0154.webp
AUDITDEV|FAIL|no changed audit-impact record covers audit/day_two_wash_complete_action_v1_20261001/root_route_attempt_03/native_frames/opera_training_nursery_1280/0155.webp
AUDITDEV|FAIL|no changed audit-impact record covers audit/day_two_wash_complete_action_v1_20261001/root_route_attempt_03/native_frames/opera_training_nursery_1280/0156.webp
AUDITDEV|FAIL|no changed audit-impact record covers audit/day_two_wash_complete_action_v1_20261001/root_route_attempt_03/native_frames/opera_training_nursery_1280/0157.webp
AUDITDEV|FAIL|no changed audit-impact record covers audit/day_two_wash_complete_action_v1_20261001/root_route_attempt_03/native_frames/opera_training_nursery_1280/0158.webp
AUDITDEV|FAIL|no changed audit-impact record covers audit/day_two_wash_complete_action_v1_20261001/root_route_attempt_03/native_frames/opera_training_nursery_1280/0159.webp
AUDITDEV|FAIL|no changed audit-impact record covers audit/day_two_wash_complete_action_v1_20261001/root_route_attempt_03/native_frames/opera_training_nursery_1280/0160.webp
AUDITDEV|FAIL|no changed audit-impact record covers audit/day_two_wash_complete_action_v1_20261001/root_route_attempt_03/native_frames/opera_training_nursery_1280/0161.webp
AUDITDEV|FAIL|no changed audit-impact record covers audit/day_two_wash_complete_action_v1_20261001/root_route_attempt_03/native_frames/opera_training_nursery_1280/0162.webp
AUDITDEV|FAIL|no changed audit-impact record covers audit/day_two_wash_complete_action_v1_20261001/root_route_attempt_03/native_frames/opera_training_nursery_1280/0163.webp
AUDITDEV|FAIL|no changed audit-impact record covers audit/day_two_wash_complete_action_v1_20261001/root_route_attempt_03/native_frames/opera_training_nursery_1280/0164.webp
AUDITDEV|FAIL|no changed audit-impact record covers audit/day_two_wash_complete_action_v1_20261001/root_route_attempt_03/native_frames/opera_training_nursery_1280/0165.webp
AUDITDEV|FAIL|no changed audit-impact record covers audit/day_two_wash_complete_action_v1_20261001/root_route_attempt_03/native_frames/opera_training_nursery_1280/0166.webp
AUDITDEV|FAIL|no changed audit-impact record covers audit/day_two_wash_complete_action_v1_20261001/root_route_attempt_03/native_frames/opera_training_nursery_1280/0167.webp
AUDITDEV|FAIL|no changed audit-impact record covers audit/day_two_wash_complete_action_v1_20261001/root_route_attempt_03/native_frames/opera_training_nursery_1280/0168.webp
AUDITDEV|FAIL|no changed audit-impact record covers audit/day_two_wash_complete_action_v1_20261001/root_route_attempt_03/native_frames/opera_training_nursery_1280/0169.webp
AUDITDEV|FAIL|no changed audit-impact record covers audit/day_two_wash_complete_action_v1_20261001/root_route_attempt_03/native_frames/opera_training_nursery_1280/0170.webp
AUDITDEV|FAIL|no changed audit-impact record covers audit/day_two_wash_complete_action_v1_20261001/root_route_attempt_03/native_frames/opera_training_nursery_1280/0171.webp
AUDITDEV|FAIL|no changed audit-impact record covers audit/day_two_wash_complete_action_v1_20261001/root_route_attempt_03/native_frames/opera_training_nursery_1280/0172.webp
AUDITDEV|FAIL|no changed audit-impact record covers audit/day_two_wash_complete_action_v1_20261001/root_route_attempt_03/native_frames/opera_training_nursery_1280/0173.webp
AUDITDEV|FAIL|no changed audit-impact record covers audit/day_two_wash_complete_action_v1_20261001/root_route_attempt_03/native_frames/opera_training_nursery_1280/0174.webp
AUDITDEV|FAIL|no changed audit-impact record covers audit/day_two_wash_complete_action_v1_20261001/root_route_attempt_03/native_frames/opera_training_nursery_1280/0175.webp
AUDITDEV|FAIL|no changed audit-impact record covers audit/day_two_wash_complete_action_v1_20261001/root_route_attempt_03/native_frames/opera_training_nursery_1280/0176.webp
AUDITDEV|FAIL|no changed audit-impact record covers audit/day_two_wash_complete_action_v1_20261001/root_route_attempt_03/native_frames/opera_training_nursery_1280/0177.webp
AUDITDEV|FAIL|no changed audit-impact record covers audit/day_two_wash_complete_action_v1_20261001/root_route_attempt_03/native_frames/opera_training_nursery_1280/0178.webp
AUDITDEV|FAIL|no changed audit-impact record covers audit/day_two_wash_complete_action_v1_20261001/root_route_attempt_03/native_frames/opera_training_nursery_1280/0179.webp
AUDITDEV|FAIL|no changed audit-impact record covers audit/day_two_wash_complete_action_v1_20261001/root_route_attempt_03/native_frames/opera_training_nursery_1280/0180.webp
AUDITDEV|FAIL|no changed audit-impact record covers audit/day_two_wash_complete_action_v1_20261001/root_route_attempt_03/native_frames/opera_training_nursery_1280/0181.webp
AUDITDEV|FAIL|no changed audit-impact record covers audit/day_two_wash_complete_action_v1_20261001/root_route_attempt_03/native_frames/opera_training_nursery_1280/0182.webp
AUDITDEV|FAIL|no changed audit-impact record covers audit/day_two_wash_complete_action_v1_20261001/root_route_attempt_03/native_frames/opera_training_nursery_1280/0183.webp
AUDITDEV|FAIL|no changed audit-impact record covers audit/day_two_wash_complete_action_v1_20261001/root_route_attempt_03/native_frames/opera_training_nursery_1280/0184.webp
AUDITDEV|FAIL|no changed audit-impact record covers audit/day_two_wash_complete_action_v1_20261001/root_route_attempt_03/native_frames/opera_training_nursery_1280/0185.webp
AUDITDEV|FAIL|no changed audit-impact record covers audit/day_two_wash_complete_action_v1_20261001/root_route_attempt_03/native_frames/opera_training_nursery_1280/0186.webp
AUDITDEV|FAIL|no changed audit-impact record covers audit/day_two_wash_complete_action_v1_20261001/root_route_attempt_03/native_frames/opera_training_nursery_1280/0187.webp
AUDITDEV|FAIL|no changed audit-impact record covers audit/day_two_wash_complete_action_v1_20261001/root_route_attempt_03/native_frames/opera_training_nursery_1280/0188.webp
AUDITDEV|FAIL|no changed audit-impact record covers audit/day_two_wash_complete_action_v1_20261001/root_route_attempt_03/native_frames/opera_training_nursery_1280/0189.webp
AUDITDEV|FAIL|no changed audit-impact record covers audit/day_two_wash_complete_action_v1_20261001/root_route_attempt_03/native_frames/opera_training_nursery_1280/0190.webp
AUDITDEV|FAIL|no changed audit-impact record covers audit/day_two_wash_complete_action_v1_20261001/root_route_attempt_03/native_frames/opera_training_nursery_1280/0191.webp
AUDITDEV|FAIL|no changed audit-impact record covers audit/day_two_wash_complete_action_v1_20261001/root_route_attempt_03/native_frames/opera_training_nursery_1280/0192.webp
AUDITDEV|FAIL|no changed audit-impact record covers audit/day_two_wash_complete_action_v1_20261001/root_route_attempt_03/native_frames/opera_training_nursery_1280/0193.webp
AUDITDEV|FAIL|no changed audit-impact record covers audit/day_two_wash_complete_action_v1_20261001/root_route_attempt_03/native_frames/opera_training_nursery_1280/0194.webp
AUDITDEV|FAIL|no changed audit-impact record covers audit/day_two_wash_complete_action_v1_20261001/root_route_attempt_03/native_frames/opera_training_nursery_1280/0195.webp
AUDITDEV|FAIL|no changed audit-impact record covers audit/day_two_wash_complete_action_v1_20261001/root_route_attempt_03/native_frames/opera_training_nursery_1280/0196.webp
AUDITDEV|FAIL|no changed audit-impact record covers audit/day_two_wash_complete_action_v1_20261001/root_route_attempt_03/native_frames/opera_training_nursery_1280/0197.webp
AUDITDEV|FAIL|no changed audit-impact record covers audit/day_two_wash_complete_action_v1_20261001/root_route_attempt_03/native_frames/opera_training_nursery_1280/0198.webp
AUDITDEV|FAIL|no changed audit-impact record covers audit/day_two_wash_complete_action_v1_20261001/root_route_attempt_03/native_frames/opera_training_nursery_1280/0199.webp
AUDITDEV|FAIL|no changed audit-impact record covers audit/day_two_wash_complete_action_v1_20261001/root_route_attempt_03/native_frames/opera_training_nursery_1280/0200.webp
AUDITDEV|FAIL|no changed audit-impact record covers audit/day_two_wash_complete_action_v1_20261001/root_route_attempt_03/native_frames/opera_training_nursery_1280/0201.webp
AUDITDEV|FAIL|no changed audit-impact record covers audit/day_two_wash_complete_action_v1_20261001/root_route_attempt_03/native_frames/opera_training_nursery_1280/0202.webp
AUDITDEV|FAIL|no changed audit-impact record covers audit/day_two_wash_complete_action_v1_20261001/root_route_attempt_03/native_frames/opera_training_nursery_1280/0203.webp
AUDITDEV|FAIL|no changed audit-impact record covers audit/day_two_wash_complete_action_v1_20261001/root_route_attempt_03/native_frames/opera_training_nursery_1280/0204.webp
AUDITDEV|FAIL|no changed audit-impact record covers audit/day_two_wash_complete_action_v1_20261001/root_route_attempt_03/native_frames/opera_training_nursery_1280/0205.webp
AUDITDEV|FAIL|no changed audit-impact record covers audit/day_two_wash_complete_action_v1_20261001/root_route_attempt_03/native_frames/opera_training_nursery_1280/0206.webp
AUDITDEV|FAIL|no changed audit-impact record covers audit/day_two_wash_complete_action_v1_20261001/root_route_attempt_03/native_frames/opera_training_nursery_1280/0207.webp
AUDITDEV|FAIL|no changed audit-impact record covers audit/day_two_wash_complete_action_v1_20261001/root_route_attempt_03/native_frames/opera_training_nursery_1280/0208.webp
AUDITDEV|FAIL|no changed audit-impact record covers audit/day_two_wash_complete_action_v1_20261001/root_route_attempt_03/native_frames/opera_training_nursery_1280/0209.webp
AUDITDEV|FAIL|no changed audit-impact record covers audit/day_two_wash_complete_action_v1_20261001/root_route_attempt_03/native_frames/opera_training_nursery_1280/0210.webp
AUDITDEV|FAIL|no changed audit-impact record covers audit/day_two_wash_complete_action_v1_20261001/root_route_attempt_03/native_frames/opera_training_nursery_1280/0211.webp
AUDITDEV|FAIL|no changed audit-impact record covers audit/day_two_wash_complete_action_v1_20261001/root_route_attempt_03/native_frames/opera_training_nursery_1280/0212.webp
AUDITDEV|FAIL|no changed audit-impact record covers audit/day_two_wash_complete_action_v1_20261001/root_route_attempt_03/native_frames/opera_training_nursery_1280/0213.webp
AUDITDEV|FAIL|no changed audit-impact record covers audit/day_two_wash_complete_action_v1_20261001/root_route_attempt_03/native_frames/opera_training_nursery_1280/0214.webp
AUDITDEV|FAIL|no changed audit-impact record covers audit/day_two_wash_complete_action_v1_20261001/root_route_attempt_03/native_frames/opera_training_nursery_1280/0215.webp
AUDITDEV|FAIL|no changed audit-impact record covers audit/day_two_wash_complete_action_v1_20261001/root_route_attempt_03/native_frames/opera_training_nursery_1280/0216.webp
AUDITDEV|FAIL|no changed audit-impact record covers audit/day_two_wash_complete_action_v1_20261001/root_route_attempt_03/native_frames/opera_training_nursery_1280/0217.webp
AUDITDEV|FAIL|no changed audit-impact record covers audit/day_two_wash_complete_action_v1_20261001/root_route_attempt_03/native_frames/opera_training_nursery_1280/0218.webp
AUDITDEV|FAIL|no changed audit-impact record covers audit/day_two_wash_complete_action_v1_20261001/root_route_attempt_03/native_frames/opera_training_nursery_1280/0219.webp
AUDITDEV|FAIL|no changed audit-impact record covers audit/day_two_wash_complete_action_v1_20261001/root_route_attempt_03/native_frames/opera_training_nursery_1280/0220.webp
AUDITDEV|FAIL|no changed audit-impact record covers audit/day_two_wash_complete_action_v1_20261001/root_route_attempt_03/native_frames/opera_training_nursery_1280/0221.webp
AUDITDEV|FAIL|no changed audit-impact record covers audit/day_two_wash_complete_action_v1_20261001/root_route_attempt_03/native_frames/opera_training_nursery_1280/0222.webp
AUDITDEV|FAIL|no changed audit-impact record covers audit/day_two_wash_complete_action_v1_20261001/root_route_attempt_03/native_frames/opera_training_nursery_1280/0223.webp
AUDITDEV|FAIL|no changed audit-impact record covers audit/day_two_wash_complete_action_v1_20261001/root_route_attempt_03/native_frames/opera_training_nursery_1280/0224.webp
AUDITDEV|FAIL|no changed audit-impact record covers audit/day_two_wash_complete_action_v1_20261001/root_route_attempt_03/native_frames/opera_training_nursery_1280/0225.webp
AUDITDEV|FAIL|no changed audit-impact record covers audit/day_two_wash_complete_action_v1_20261001/root_route_attempt_03/native_frames/opera_training_nursery_1280/0226.webp
AUDITDEV|FAIL|no changed audit-impact record covers audit/day_two_wash_complete_action_v1_20261001/root_route_attempt_03/native_frames/opera_training_nursery_1280/0227.webp
AUDITDEV|FAIL|no changed audit-impact record covers audit/day_two_wash_complete_action_v1_20261001/root_route_attempt_03/native_frames/opera_training_nursery_1280/0228.webp
AUDITDEV|FAIL|no changed audit-impact record covers audit/day_two_wash_complete_action_v1_20261001/root_route_attempt_03/native_frames/opera_training_nursery_1280/0229.webp
AUDITDEV|FAIL|no changed audit-impact record covers audit/day_two_wash_complete_action_v1_20261001/root_route_attempt_03/native_frames/opera_training_nursery_1280/0230.webp
AUDITDEV|FAIL|no changed audit-impact record covers audit/day_two_wash_complete_action_v1_20261001/root_route_attempt_03/native_frames/opera_training_nursery_1280/0231.webp
AUDITDEV|FAIL|no changed audit-impact record covers audit/day_two_wash_complete_action_v1_20261001/root_route_attempt_03/native_frames/opera_training_nursery_1280/0232.webp
AUDITDEV|FAIL|no changed audit-impact record covers audit/day_two_wash_complete_action_v1_20261001/root_route_attempt_03/native_frames/opera_training_nursery_1280/0233.webp
AUDITDEV|FAIL|no changed audit-impact record covers audit/day_two_wash_complete_action_v1_20261001/root_route_attempt_03/native_frames/opera_training_nursery_1280/0234.webp
AUDITDEV|FAIL|no changed audit-impact record covers audit/day_two_wash_complete_action_v1_20261001/root_route_attempt_03/native_frames/opera_training_nursery_1280/0235.webp
AUDITDEV|FAIL|no changed audit-impact record covers audit/day_two_wash_complete_action_v1_20261001/root_route_attempt_03/native_frames/opera_training_nursery_1280/0236.webp
AUDITDEV|FAIL|no changed audit-impact record covers audit/day_two_wash_complete_action_v1_20261001/root_route_attempt_03/native_frames/opera_training_nursery_1280/0237.webp
AUDITDEV|FAIL|no changed audit-impact record covers audit/day_two_wash_complete_action_v1_20261001/root_route_attempt_03/native_frames/opera_training_nursery_1280/0238.webp
AUDITDEV|FAIL|no changed audit-impact record covers audit/day_two_wash_complete_action_v1_20261001/root_route_attempt_03/native_frames/opera_training_nursery_1280/0239.webp
AUDITDEV|FAIL|no changed audit-impact record covers audit/day_two_wash_complete_action_v1_20261001/root_route_attempt_03/native_frames/opera_training_nursery_1280/0240.webp
AUDITDEV|FAIL|no changed audit-impact record covers audit/day_two_wash_complete_action_v1_20261001/root_route_attempt_03/native_frames/opera_training_nursery_1280/0241.webp
AUDITDEV|FAIL|no changed audit-impact record covers audit/day_two_wash_complete_action_v1_20261001/root_route_attempt_03/native_frames/opera_training_nursery_1280/0242.webp
AUDITDEV|FAIL|no changed audit-impact record covers audit/day_two_wash_complete_action_v1_20261001/root_route_attempt_03/native_frames/opera_training_nursery_1280/0243.webp
AUDITDEV|FAIL|no changed audit-impact record covers audit/day_two_wash_complete_action_v1_20261001/root_route_attempt_03/native_frames/opera_training_nursery_1280/0244.webp
AUDITDEV|FAIL|no changed audit-impact record covers audit/day_two_wash_complete_action_v1_20261001/root_route_attempt_03/native_frames/opera_training_nursery_1280/0245.webp
AUDITDEV|FAIL|no changed audit-impact record covers audit/day_two_wash_complete_action_v1_20261001/root_route_attempt_03/native_frames/opera_training_nursery_1280/0246.webp
AUDITDEV|FAIL|no changed audit-impact record covers audit/day_two_wash_complete_action_v1_20261001/root_route_attempt_03/native_frames/opera_training_nursery_1280/0247.webp
AUDITDEV|FAIL|no changed audit-impact record covers audit/day_two_wash_complete_action_v1_20261001/root_route_attempt_03/native_frames/opera_training_nursery_1280/0248.webp
AUDITDEV|FAIL|no changed audit-impact record covers audit/day_two_wash_complete_action_v1_20261001/root_route_attempt_03/native_frames/opera_training_nursery_1280/0249.webp
AUDITDEV|FAIL|no changed audit-impact record covers audit/day_two_wash_complete_action_v1_20261001/root_route_attempt_03/native_frames/opera_training_nursery_1280/0250.webp
AUDITDEV|FAIL|no changed audit-impact record covers audit/day_two_wash_complete_action_v1_20261001/root_route_attempt_03/native_frames/opera_training_nursery_1280/0251.webp
AUDITDEV|FAIL|no changed audit-impact record covers audit/day_two_wash_complete_action_v1_20261001/root_route_attempt_03/native_frames/opera_training_nursery_1280/0252.webp
AUDITDEV|FAIL|no changed audit-impact record covers audit/day_two_wash_complete_action_v1_20261001/root_route_attempt_03/native_frames/opera_training_nursery_1280/0253.webp
AUDITDEV|FAIL|no changed audit-impact record covers audit/day_two_wash_complete_action_v1_20261001/root_route_attempt_03/native_frames/opera_training_nursery_1280/0254.webp
AUDITDEV|FAIL|no changed audit-impact record covers audit/day_two_wash_complete_action_v1_20261001/root_route_attempt_03/native_frames/opera_training_nursery_1280/0255.webp
AUDITDEV|FAIL|no changed audit-impact record covers audit/day_two_wash_complete_action_v1_20261001/root_route_attempt_03/native_frames/opera_training_nursery_1280/0256.webp
AUDITDEV|FAIL|no changed audit-impact record covers audit/day_two_wash_complete_action_v1_20261001/root_route_attempt_03/native_frames/opera_training_nursery_1280/0257.webp
AUDITDEV|FAIL|no changed audit-impact record covers audit/day_two_wash_complete_action_v1_20261001/root_route_attempt_03/native_frames/opera_training_nursery_1280/0258.webp
AUDITDEV|FAIL|no changed audit-impact record covers audit/day_two_wash_complete_action_v1_20261001/root_route_attempt_03/native_frames/opera_training_nursery_1280/0259.webp
AUDITDEV|FAIL|no changed audit-impact record covers audit/day_two_wash_complete_action_v1_20261001/root_route_attempt_03/native_frames/opera_training_nursery_1280/0260.webp
AUDITDEV|FAIL|no changed audit-impact record covers audit/day_two_wash_complete_action_v1_20261001/root_route_attempt_03/native_frames/opera_training_nursery_1280/0261.webp
AUDITDEV|FAIL|no changed audit-impact record covers audit/day_two_wash_complete_action_v1_20261001/root_route_attempt_03/native_frames/opera_training_nursery_1280/0262.webp
AUDITDEV|FAIL|no changed audit-impact record covers audit/day_two_wash_complete_action_v1_20261001/root_route_attempt_03/native_frames/opera_training_nursery_1600/0000.webp
AUDITDEV|FAIL|no changed audit-impact record covers audit/day_two_wash_complete_action_v1_20261001/root_route_attempt_03/native_frames/opera_training_nursery_1600/0001.webp
AUDITDEV|FAIL|no changed audit-impact record covers audit/day_two_wash_complete_action_v1_20261001/root_route_attempt_03/native_frames/opera_training_nursery_1600/0002.webp
AUDITDEV|FAIL|no changed audit-impact record covers audit/day_two_wash_complete_action_v1_20261001/root_route_attempt_03/native_frames/opera_training_nursery_1600/0003.webp
AUDITDEV|FAIL|no changed audit-impact record covers audit/day_two_wash_complete_action_v1_20261001/root_route_attempt_03/native_frames/opera_training_nursery_1600/0004.webp
AUDITDEV|FAIL|no changed audit-impact record covers audit/day_two_wash_complete_action_v1_20261001/root_route_attempt_03/native_frames/opera_training_nursery_1600/0005.webp
AUDITDEV|FAIL|no changed audit-impact record covers audit/day_two_wash_complete_action_v1_20261001/root_route_attempt_03/native_frames/opera_training_nursery_1600/0006.webp
AUDITDEV|FAIL|no changed audit-impact record covers audit/day_two_wash_complete_action_v1_20261001/root_route_attempt_03/native_frames/opera_training_nursery_1600/0007.webp
AUDITDEV|FAIL|no changed audit-impact record covers audit/day_two_wash_complete_action_v1_20261001/root_route_attempt_03/native_frames/opera_training_nursery_1600/0008.webp
AUDITDEV|FAIL|no changed audit-impact record covers audit/day_two_wash_complete_action_v1_20261001/root_route_attempt_03/native_frames/opera_training_nursery_1600/0009.webp
AUDITDEV|FAIL|no changed audit-impact record covers audit/day_two_wash_complete_action_v1_20261001/root_route_attempt_03/native_frames/opera_training_nursery_1600/0010.webp
AUDITDEV|FAIL|no changed audit-impact record covers audit/day_two_wash_complete_action_v1_20261001/root_route_attempt_03/native_frames/opera_training_nursery_1600/0011.webp
AUDITDEV|FAIL|no changed audit-impact record covers audit/day_two_wash_complete_action_v1_20261001/root_route_attempt_03/native_frames/opera_training_nursery_1600/0012.webp
AUDITDEV|FAIL|no changed audit-impact record covers audit/day_two_wash_complete_action_v1_20261001/root_route_attempt_03/native_frames/opera_training_nursery_1600/0013.webp
AUDITDEV|FAIL|no changed audit-impact record covers audit/day_two_wash_complete_action_v1_20261001/root_route_attempt_03/native_frames/opera_training_nursery_1600/0014.webp
AUDITDEV|FAIL|no changed audit-impact record covers audit/day_two_wash_complete_action_v1_20261001/root_route_attempt_03/native_frames/opera_training_nursery_1600/0015.webp
AUDITDEV|FAIL|no changed audit-impact record covers audit/day_two_wash_complete_action_v1_20261001/root_route_attempt_03/native_frames/opera_training_nursery_1600/0016.webp
AUDITDEV|FAIL|no changed audit-impact record covers audit/day_two_wash_complete_action_v1_20261001/root_route_attempt_03/native_frames/opera_training_nursery_1600/0017.webp
AUDITDEV|FAIL|no changed audit-impact record covers audit/day_two_wash_complete_action_v1_20261001/root_route_attempt_03/native_frames/opera_training_nursery_1600/0018.webp
AUDITDEV|FAIL|no changed audit-impact record covers audit/day_two_wash_complete_action_v1_20261001/root_route_attempt_03/native_frames/opera_training_nursery_1600/0019.webp
AUDITDEV|FAIL|no changed audit-impact record covers audit/day_two_wash_complete_action_v1_20261001/root_route_attempt_03/native_frames/opera_training_nursery_1600/0020.webp
AUDITDEV|FAIL|no changed audit-impact record covers audit/day_two_wash_complete_action_v1_20261001/root_route_attempt_03/native_frames/opera_training_nursery_1600/0021.webp
AUDITDEV|FAIL|no changed audit-impact record covers audit/day_two_wash_complete_action_v1_20261001/root_route_attempt_03/native_frames/opera_training_nursery_1600/0022.webp
AUDITDEV|FAIL|no changed audit-impact record covers audit/day_two_wash_complete_action_v1_20261001/root_route_attempt_03/native_frames/opera_training_nursery_1600/0023.webp
AUDITDEV|FAIL|no changed audit-impact record covers audit/day_two_wash_complete_action_v1_20261001/root_route_attempt_03/native_frames/opera_training_nursery_1600/0024.webp
AUDITDEV|FAIL|no changed audit-impact record covers audit/day_two_wash_complete_action_v1_20261001/root_route_attempt_03/native_frames/opera_training_nursery_1600/0025.webp
AUDITDEV|FAIL|no changed audit-impact record covers audit/day_two_wash_complete_action_v1_20261001/root_route_attempt_03/native_frames/opera_training_nursery_1600/0026.webp
AUDITDEV|FAIL|no changed audit-impact record covers audit/day_two_wash_complete_action_v1_20261001/root_route_attempt_03/native_frames/opera_training_nursery_1600/0027.webp
AUDITDEV|FAIL|no changed audit-impact record covers audit/day_two_wash_complete_action_v1_20261001/root_route_attempt_03/native_frames/opera_training_nursery_1600/0028.webp
AUDITDEV|FAIL|no changed audit-impact record covers audit/day_two_wash_complete_action_v1_20261001/root_route_attempt_03/native_frames/opera_training_nursery_1600/0029.webp
AUDITDEV|FAIL|no changed audit-impact record covers audit/day_two_wash_complete_action_v1_20261001/root_route_attempt_03/native_frames/opera_training_nursery_1600/0030.webp
AUDITDEV|FAIL|no changed audit-impact record covers audit/day_two_wash_complete_action_v1_20261001/root_route_attempt_03/native_frames/opera_training_nursery_1600/0031.webp
AUDITDEV|FAIL|no changed audit-impact record covers audit/day_two_wash_complete_action_v1_20261001/root_route_attempt_03/native_frames/opera_training_nursery_1600/0032.webp
AUDITDEV|FAIL|no changed audit-impact record covers audit/day_two_wash_complete_action_v1_20261001/root_route_attempt_03/native_frames/opera_training_nursery_1600/0033.webp
AUDITDEV|FAIL|no changed audit-impact record covers audit/day_two_wash_complete_action_v1_20261001/root_route_attempt_03/native_frames/opera_training_nursery_1600/0034.webp
AUDITDEV|FAIL|no changed audit-impact record covers audit/day_two_wash_complete_action_v1_20261001/root_route_attempt_03/native_frames/opera_training_nursery_1600/0035.webp
AUDITDEV|FAIL|no changed audit-impact record covers audit/day_two_wash_complete_action_v1_20261001/root_route_attempt_03/native_frames/opera_training_nursery_1600/0036.webp
AUDITDEV|FAIL|no changed audit-impact record covers audit/day_two_wash_complete_action_v1_20261001/root_route_attempt_03/native_frames/opera_training_nursery_1600/0037.webp
AUDITDEV|FAIL|no changed audit-impact record covers audit/day_two_wash_complete_action_v1_20261001/root_route_attempt_03/native_frames/opera_training_nursery_1600/0038.webp
AUDITDEV|FAIL|no changed audit-impact record covers audit/day_two_wash_complete_action_v1_20261001/root_route_attempt_03/native_frames/opera_training_nursery_1600/0039.webp
AUDITDEV|FAIL|no changed audit-impact record covers audit/day_two_wash_complete_action_v1_20261001/root_route_attempt_03/native_frames/opera_training_nursery_1600/0040.webp
AUDITDEV|FAIL|no changed audit-impact record covers audit/day_two_wash_complete_action_v1_20261001/root_route_attempt_03/native_frames/opera_training_nursery_1600/0041.webp
AUDITDEV|FAIL|no changed audit-impact record covers audit/day_two_wash_complete_action_v1_20261001/root_route_attempt_03/native_frames/opera_training_nursery_1600/0042.webp
AUDITDEV|FAIL|no changed audit-impact record covers audit/day_two_wash_complete_action_v1_20261001/root_route_attempt_03/native_frames/opera_training_nursery_1600/0043.webp
AUDITDEV|FAIL|no changed audit-impact record covers audit/day_two_wash_complete_action_v1_20261001/root_route_attempt_03/native_frames/opera_training_nursery_1600/0044.webp
AUDITDEV|FAIL|no changed audit-impact record covers audit/day_two_wash_complete_action_v1_20261001/root_route_attempt_03/native_frames/opera_training_nursery_1600/0045.webp
AUDITDEV|FAIL|no changed audit-impact record covers audit/day_two_wash_complete_action_v1_20261001/root_route_attempt_03/native_frames/opera_training_nursery_1600/0046.webp
AUDITDEV|FAIL|no changed audit-impact record covers audit/day_two_wash_complete_action_v1_20261001/root_route_attempt_03/native_frames/opera_training_nursery_1600/0047.webp
AUDITDEV|FAIL|no changed audit-impact record covers audit/day_two_wash_complete_action_v1_20261001/root_route_attempt_03/native_frames/opera_training_nursery_1600/0048.webp
AUDITDEV|FAIL|no changed audit-impact record covers audit/day_two_wash_complete_action_v1_20261001/root_route_attempt_03/native_frames/opera_training_nursery_1600/0049.webp
AUDITDEV|FAIL|no changed audit-impact record covers audit/day_two_wash_complete_action_v1_20261001/root_route_attempt_03/native_frames/opera_training_nursery_1600/0050.webp
AUDITDEV|FAIL|no changed audit-impact record covers audit/day_two_wash_complete_action_v1_20261001/root_route_attempt_03/native_frames/opera_training_nursery_1600/0051.webp
AUDITDEV|FAIL|no changed audit-impact record covers audit/day_two_wash_complete_action_v1_20261001/root_route_attempt_03/native_frames/opera_training_nursery_1600/0052.webp
AUDITDEV|FAIL|no changed audit-impact record covers audit/day_two_wash_complete_action_v1_20261001/root_route_attempt_03/native_frames/opera_training_nursery_1600/0053.webp
AUDITDEV|FAIL|no changed audit-impact record covers audit/day_two_wash_complete_action_v1_20261001/root_route_attempt_03/native_frames/opera_training_nursery_1600/0054.webp
AUDITDEV|FAIL|no changed audit-impact record covers audit/day_two_wash_complete_action_v1_20261001/root_route_attempt_03/native_frames/opera_training_nursery_1600/0055.webp
AUDITDEV|FAIL|no changed audit-impact record covers audit/day_two_wash_complete_action_v1_20261001/root_route_attempt_03/native_frames/opera_training_nursery_1600/0056.webp
AUDITDEV|FAIL|no changed audit-impact record covers audit/day_two_wash_complete_action_v1_20261001/root_route_attempt_03/native_frames/opera_training_nursery_1600/0057.webp
AUDITDEV|FAIL|no changed audit-impact record covers audit/day_two_wash_complete_action_v1_20261001/root_route_attempt_03/native_frames/opera_training_nursery_1600/0058.webp
AUDITDEV|FAIL|no changed audit-impact record covers audit/day_two_wash_complete_action_v1_20261001/root_route_attempt_03/native_frames/opera_training_nursery_1600/0059.webp
AUDITDEV|FAIL|no changed audit-impact record covers audit/day_two_wash_complete_action_v1_20261001/root_route_attempt_03/native_frames/opera_training_nursery_1600/0060.webp
AUDITDEV|FAIL|no changed audit-impact record covers audit/day_two_wash_complete_action_v1_20261001/root_route_attempt_03/native_frames/opera_training_nursery_1600/0061.webp
AUDITDEV|FAIL|no changed audit-impact record covers audit/day_two_wash_complete_action_v1_20261001/root_route_attempt_03/native_frames/opera_training_nursery_1600/0062.webp
AUDITDEV|FAIL|no changed audit-impact record covers audit/day_two_wash_complete_action_v1_20261001/root_route_attempt_03/native_frames/opera_training_nursery_1600/0063.webp
AUDITDEV|FAIL|no changed audit-impact record covers audit/day_two_wash_complete_action_v1_20261001/root_route_attempt_03/native_frames/opera_training_nursery_1600/0064.webp
AUDITDEV|FAIL|no changed audit-impact record covers audit/day_two_wash_complete_action_v1_20261001/root_route_attempt_03/native_frames/opera_training_nursery_1600/0065.webp
AUDITDEV|FAIL|no changed audit-impact record covers audit/day_two_wash_complete_action_v1_20261001/root_route_attempt_03/native_frames/opera_training_nursery_1600/0066.webp
AUDITDEV|FAIL|no changed audit-impact record covers audit/day_two_wash_complete_action_v1_20261001/root_route_attempt_03/native_frames/opera_training_nursery_1600/0067.webp
AUDITDEV|FAIL|no changed audit-impact record covers audit/day_two_wash_complete_action_v1_20261001/root_route_attempt_03/native_frames/opera_training_nursery_1600/0068.webp
AUDITDEV|FAIL|no changed audit-impact record covers audit/day_two_wash_complete_action_v1_20261001/root_route_attempt_03/native_frames/opera_training_nursery_1600/0069.webp
AUDITDEV|FAIL|no changed audit-impact record covers audit/day_two_wash_complete_action_v1_20261001/root_route_attempt_03/native_frames/opera_training_nursery_1600/0070.webp
AUDITDEV|FAIL|no changed audit-impact record covers audit/day_two_wash_complete_action_v1_20261001/root_route_attempt_03/native_frames/opera_training_nursery_1600/0071.webp
AUDITDEV|FAIL|no changed audit-impact record covers audit/day_two_wash_complete_action_v1_20261001/root_route_attempt_03/native_frames/opera_training_nursery_1600/0072.webp
AUDITDEV|FAIL|no changed audit-impact record covers audit/day_two_wash_complete_action_v1_20261001/root_route_attempt_03/native_frames/opera_training_nursery_1600/0073.webp
AUDITDEV|FAIL|no changed audit-impact record covers audit/day_two_wash_complete_action_v1_20261001/root_route_attempt_03/native_frames/opera_training_nursery_1600/0074.webp
AUDITDEV|FAIL|no changed audit-impact record covers audit/day_two_wash_complete_action_v1_20261001/root_route_attempt_03/native_frames/opera_training_nursery_1600/0075.webp
AUDITDEV|FAIL|no changed audit-impact record covers audit/day_two_wash_complete_action_v1_20261001/root_route_attempt_03/native_frames/opera_training_nursery_1600/0076.webp
AUDITDEV|FAIL|no changed audit-impact record covers audit/day_two_wash_complete_action_v1_20261001/root_route_attempt_03/native_frames/opera_training_nursery_1600/0077.webp
AUDITDEV|FAIL|no changed audit-impact record covers audit/day_two_wash_complete_action_v1_20261001/root_route_attempt_03/native_frames/opera_training_nursery_1600/0078.webp
AUDITDEV|FAIL|no changed audit-impact record covers audit/day_two_wash_complete_action_v1_20261001/root_route_attempt_03/native_frames/opera_training_nursery_1600/0079.webp
AUDITDEV|FAIL|no changed audit-impact record covers audit/day_two_wash_complete_action_v1_20261001/root_route_attempt_03/native_frames/opera_training_nursery_1600/0080.webp
AUDITDEV|FAIL|no changed audit-impact record covers audit/day_two_wash_complete_action_v1_20261001/root_route_attempt_03/native_frames/opera_training_nursery_1600/0081.webp
AUDITDEV|FAIL|no changed audit-impact record covers audit/day_two_wash_complete_action_v1_20261001/root_route_attempt_03/native_frames/opera_training_nursery_1600/0082.webp
AUDITDEV|FAIL|no changed audit-impact record covers audit/day_two_wash_complete_action_v1_20261001/root_route_attempt_03/native_frames/opera_training_nursery_1600/0083.webp
AUDITDEV|FAIL|no changed audit-impact record covers audit/day_two_wash_complete_action_v1_20261001/root_route_attempt_03/native_frames/opera_training_nursery_1600/0084.webp
AUDITDEV|FAIL|no changed audit-impact record covers audit/day_two_wash_complete_action_v1_20261001/root_route_attempt_03/native_frames/opera_training_nursery_1600/0085.webp
AUDITDEV|FAIL|no changed audit-impact record covers audit/day_two_wash_complete_action_v1_20261001/root_route_attempt_03/native_frames/opera_training_nursery_1600/0086.webp
AUDITDEV|FAIL|no changed audit-impact record covers audit/day_two_wash_complete_action_v1_20261001/root_route_attempt_03/native_frames/opera_training_nursery_1600/0087.webp
AUDITDEV|FAIL|no changed audit-impact record covers audit/day_two_wash_complete_action_v1_20261001/root_route_attempt_03/native_frames/opera_training_nursery_1600/0088.webp
AUDITDEV|FAIL|no changed audit-impact record covers audit/day_two_wash_complete_action_v1_20261001/root_route_attempt_03/native_frames/opera_training_nursery_1600/0089.webp
AUDITDEV|FAIL|no changed audit-impact record covers audit/day_two_wash_complete_action_v1_20261001/root_route_attempt_03/native_frames/opera_training_nursery_1600/0090.webp
AUDITDEV|FAIL|no changed audit-impact record covers audit/day_two_wash_complete_action_v1_20261001/root_route_attempt_03/native_frames/opera_training_nursery_1600/0091.webp
AUDITDEV|FAIL|no changed audit-impact record covers audit/day_two_wash_complete_action_v1_20261001/root_route_attempt_03/native_frames/opera_training_nursery_1600/0092.webp
AUDITDEV|FAIL|no changed audit-impact record covers audit/day_two_wash_complete_action_v1_20261001/root_route_attempt_03/native_frames/opera_training_nursery_1600/0093.webp
AUDITDEV|FAIL|no changed audit-impact record covers audit/day_two_wash_complete_action_v1_20261001/root_route_attempt_03/native_frames/opera_training_nursery_1600/0094.webp
AUDITDEV|FAIL|no changed audit-impact record covers audit/day_two_wash_complete_action_v1_20261001/root_route_attempt_03/native_frames/opera_training_nursery_1600/0095.webp
AUDITDEV|FAIL|no changed audit-impact record covers audit/day_two_wash_complete_action_v1_20261001/root_route_attempt_03/native_frames/opera_training_nursery_1600/0096.webp
AUDITDEV|FAIL|no changed audit-impact record covers audit/day_two_wash_complete_action_v1_20261001/root_route_attempt_03/native_frames/opera_training_nursery_1600/0097.webp
AUDITDEV|FAIL|no changed audit-impact record covers audit/day_two_wash_complete_action_v1_20261001/root_route_attempt_03/native_frames/opera_training_nursery_1600/0098.webp
AUDITDEV|FAIL|no changed audit-impact record covers audit/day_two_wash_complete_action_v1_20261001/root_route_attempt_03/native_frames/opera_training_nursery_1600/0099.webp
AUDITDEV|FAIL|no changed audit-impact record covers audit/day_two_wash_complete_action_v1_20261001/root_route_attempt_03/native_frames/opera_training_nursery_1600/0100.webp
AUDITDEV|FAIL|no changed audit-impact record covers audit/day_two_wash_complete_action_v1_20261001/root_route_attempt_03/native_frames/opera_training_nursery_1600/0101.webp
AUDITDEV|FAIL|no changed audit-impact record covers audit/day_two_wash_complete_action_v1_20261001/root_route_attempt_03/native_frames/opera_training_nursery_1600/0102.webp
AUDITDEV|FAIL|no changed audit-impact record covers audit/day_two_wash_complete_action_v1_20261001/root_route_attempt_03/native_frames/opera_training_nursery_1600/0103.webp
AUDITDEV|FAIL|no changed audit-impact record covers audit/day_two_wash_complete_action_v1_20261001/root_route_attempt_03/native_frames/opera_training_nursery_1600/0104.webp
AUDITDEV|FAIL|no changed audit-impact record covers audit/day_two_wash_complete_action_v1_20261001/root_route_attempt_03/native_frames/opera_training_nursery_1600/0105.webp
AUDITDEV|FAIL|no changed audit-impact record covers audit/day_two_wash_complete_action_v1_20261001/root_route_attempt_03/native_frames/opera_training_nursery_1600/0106.webp
AUDITDEV|FAIL|no changed audit-impact record covers audit/day_two_wash_complete_action_v1_20261001/root_route_attempt_03/native_frames/opera_training_nursery_1600/0107.webp
AUDITDEV|FAIL|no changed audit-impact record covers audit/day_two_wash_complete_action_v1_20261001/root_route_attempt_03/native_frames/opera_training_nursery_1600/0108.webp
AUDITDEV|FAIL|no changed audit-impact record covers audit/day_two_wash_complete_action_v1_20261001/root_route_attempt_03/native_frames/opera_training_nursery_1600/0109.webp
AUDITDEV|FAIL|no changed audit-impact record covers audit/day_two_wash_complete_action_v1_20261001/root_route_attempt_03/native_frames/opera_training_nursery_1600/0110.webp
AUDITDEV|FAIL|no changed audit-impact record covers audit/day_two_wash_complete_action_v1_20261001/root_route_attempt_03/native_frames/opera_training_nursery_1600/0111.webp
AUDITDEV|FAIL|no changed audit-impact record covers audit/day_two_wash_complete_action_v1_20261001/root_route_attempt_03/native_frames/opera_training_nursery_1600/0112.webp
AUDITDEV|FAIL|no changed audit-impact record covers audit/day_two_wash_complete_action_v1_20261001/root_route_attempt_03/native_frames/opera_training_nursery_1600/0113.webp
AUDITDEV|FAIL|no changed audit-impact record covers audit/day_two_wash_complete_action_v1_20261001/root_route_attempt_03/native_frames/opera_training_nursery_1600/0114.webp
AUDITDEV|FAIL|no changed audit-impact record covers audit/day_two_wash_complete_action_v1_20261001/root_route_attempt_03/native_frames/opera_training_nursery_1600/0115.webp
AUDITDEV|FAIL|no changed audit-impact record covers audit/day_two_wash_complete_action_v1_20261001/root_route_attempt_03/native_frames/opera_training_nursery_1600/0116.webp
AUDITDEV|FAIL|no changed audit-impact record covers audit/day_two_wash_complete_action_v1_20261001/root_route_attempt_03/native_frames/opera_training_nursery_1600/0117.webp
AUDITDEV|FAIL|no changed audit-impact record covers audit/day_two_wash_complete_action_v1_20261001/root_route_attempt_03/native_frames/opera_training_nursery_1600/0118.webp
AUDITDEV|FAIL|no changed audit-impact record covers audit/day_two_wash_complete_action_v1_20261001/root_route_attempt_03/native_frames/opera_training_nursery_1600/0119.webp
AUDITDEV|FAIL|no changed audit-impact record covers audit/day_two_wash_complete_action_v1_20261001/root_route_attempt_03/native_frames/opera_training_nursery_1600/0120.webp
AUDITDEV|FAIL|no changed audit-impact record covers audit/day_two_wash_complete_action_v1_20261001/root_route_attempt_03/native_frames/opera_training_nursery_1600/0121.webp
AUDITDEV|FAIL|no changed audit-impact record covers audit/day_two_wash_complete_action_v1_20261001/root_route_attempt_03/native_frames/opera_training_nursery_1600/0122.webp
AUDITDEV|FAIL|no changed audit-impact record covers audit/day_two_wash_complete_action_v1_20261001/root_route_attempt_03/native_frames/opera_training_nursery_1600/0123.webp
AUDITDEV|FAIL|no changed audit-impact record covers audit/day_two_wash_complete_action_v1_20261001/root_route_attempt_03/native_frames/opera_training_nursery_1600/0124.webp
AUDITDEV|FAIL|no changed audit-impact record covers audit/day_two_wash_complete_action_v1_20261001/root_route_attempt_03/native_frames/opera_training_nursery_1600/0125.webp
AUDITDEV|FAIL|no changed audit-impact record covers audit/day_two_wash_complete_action_v1_20261001/root_route_attempt_03/native_frames/opera_training_nursery_1600/0126.webp
AUDITDEV|FAIL|no changed audit-impact record covers audit/day_two_wash_complete_action_v1_20261001/root_route_attempt_03/native_frames/opera_training_nursery_1600/0127.webp
AUDITDEV|FAIL|no changed audit-impact record covers audit/day_two_wash_complete_action_v1_20261001/root_route_attempt_03/native_frames/opera_training_nursery_1600/0128.webp
AUDITDEV|FAIL|no changed audit-impact record covers audit/day_two_wash_complete_action_v1_20261001/root_route_attempt_03/native_frames/opera_training_nursery_1600/0129.webp
AUDITDEV|FAIL|no changed audit-impact record covers audit/day_two_wash_complete_action_v1_20261001/root_route_attempt_03/native_frames/opera_training_nursery_1600/0130.webp
AUDITDEV|FAIL|no changed audit-impact record covers audit/day_two_wash_complete_action_v1_20261001/root_route_attempt_03/native_frames/opera_training_nursery_1600/0131.webp
AUDITDEV|FAIL|no changed audit-impact record covers audit/day_two_wash_complete_action_v1_20261001/root_route_attempt_03/native_frames/opera_training_nursery_1600/0132.webp
AUDITDEV|FAIL|no changed audit-impact record covers audit/day_two_wash_complete_action_v1_20261001/root_route_attempt_03/native_frames/opera_training_nursery_1600/0133.webp
AUDITDEV|FAIL|no changed audit-impact record covers audit/day_two_wash_complete_action_v1_20261001/root_route_attempt_03/native_frames/opera_training_nursery_1600/0134.webp
AUDITDEV|FAIL|no changed audit-impact record covers audit/day_two_wash_complete_action_v1_20261001/root_route_attempt_03/native_frames/opera_training_nursery_1600/0135.webp
AUDITDEV|FAIL|no changed audit-impact record covers audit/day_two_wash_complete_action_v1_20261001/root_route_attempt_03/native_frames/opera_training_nursery_1600/0136.webp
AUDITDEV|FAIL|no changed audit-impact record covers audit/day_two_wash_complete_action_v1_20261001/root_route_attempt_03/native_frames/opera_training_nursery_1600/0137.webp
AUDITDEV|FAIL|no changed audit-impact record covers audit/day_two_wash_complete_action_v1_20261001/root_route_attempt_03/native_frames/opera_training_nursery_1600/0138.webp
AUDITDEV|FAIL|no changed audit-impact record covers audit/day_two_wash_complete_action_v1_20261001/root_route_attempt_03/native_frames/opera_training_nursery_1600/0139.webp
AUDITDEV|FAIL|no changed audit-impact record covers audit/day_two_wash_complete_action_v1_20261001/root_route_attempt_03/native_frames/opera_training_nursery_1600/0140.webp
AUDITDEV|FAIL|no changed audit-impact record covers audit/day_two_wash_complete_action_v1_20261001/root_route_attempt_03/native_frames/opera_training_nursery_1600/0141.webp
AUDITDEV|FAIL|no changed audit-impact record covers audit/day_two_wash_complete_action_v1_20261001/root_route_attempt_03/native_frames/opera_training_nursery_1600/0142.webp
AUDITDEV|FAIL|no changed audit-impact record covers audit/day_two_wash_complete_action_v1_20261001/root_route_attempt_03/native_frames/opera_training_nursery_1600/0143.webp
AUDITDEV|FAIL|no changed audit-impact record covers audit/day_two_wash_complete_action_v1_20261001/root_route_attempt_03/native_frames/opera_training_nursery_1600/0144.webp
AUDITDEV|FAIL|no changed audit-impact record covers audit/day_two_wash_complete_action_v1_20261001/root_route_attempt_03/native_frames/opera_training_nursery_1600/0145.webp
AUDITDEV|FAIL|no changed audit-impact record covers audit/day_two_wash_complete_action_v1_20261001/root_route_attempt_03/native_frames/opera_training_nursery_1600/0146.webp
AUDITDEV|FAIL|no changed audit-impact record covers audit/day_two_wash_complete_action_v1_20261001/root_route_attempt_03/native_frames/opera_training_nursery_1600/0147.webp
AUDITDEV|FAIL|no changed audit-impact record covers audit/day_two_wash_complete_action_v1_20261001/root_route_attempt_03/native_frames/opera_training_nursery_1600/0148.webp
AUDITDEV|FAIL|no changed audit-impact record covers audit/day_two_wash_complete_action_v1_20261001/root_route_attempt_03/native_frames/opera_training_nursery_1600/0149.webp
AUDITDEV|FAIL|no changed audit-impact record covers audit/day_two_wash_complete_action_v1_20261001/root_route_attempt_03/native_frames/opera_training_nursery_1600/0150.webp
AUDITDEV|FAIL|no changed audit-impact record covers audit/day_two_wash_complete_action_v1_20261001/root_route_attempt_03/native_frames/opera_training_nursery_1600/0151.webp
AUDITDEV|FAIL|no changed audit-impact record covers audit/day_two_wash_complete_action_v1_20261001/root_route_attempt_03/native_frames/opera_training_nursery_1600/0152.webp
AUDITDEV|FAIL|no changed audit-impact record covers audit/day_two_wash_complete_action_v1_20261001/root_route_attempt_03/native_frames/opera_training_nursery_1600/0153.webp
AUDITDEV|FAIL|no changed audit-impact record covers audit/day_two_wash_complete_action_v1_20261001/root_route_attempt_03/native_frames/opera_training_nursery_1600/0154.webp
AUDITDEV|FAIL|no changed audit-impact record covers audit/day_two_wash_complete_action_v1_20261001/root_route_attempt_03/native_frames/opera_training_nursery_1600/0155.webp
AUDITDEV|FAIL|no changed audit-impact record covers audit/day_two_wash_complete_action_v1_20261001/root_route_attempt_03/native_frames/opera_training_nursery_1600/0156.webp
AUDITDEV|FAIL|no changed audit-impact record covers audit/day_two_wash_complete_action_v1_20261001/root_route_attempt_03/native_frames/opera_training_nursery_1600/0157.webp
AUDITDEV|FAIL|no changed audit-impact record covers audit/day_two_wash_complete_action_v1_20261001/root_route_attempt_03/native_frames/opera_training_nursery_1600/0158.webp
AUDITDEV|FAIL|no changed audit-impact record covers audit/day_two_wash_complete_action_v1_20261001/root_route_attempt_03/native_frames/opera_training_nursery_1600/0159.webp
AUDITDEV|FAIL|no changed audit-impact record covers audit/day_two_wash_complete_action_v1_20261001/root_route_attempt_03/native_frames/opera_training_nursery_1600/0160.webp
AUDITDEV|FAIL|no changed audit-impact record covers audit/day_two_wash_complete_action_v1_20261001/root_route_attempt_03/native_frames/opera_training_nursery_1600/0161.webp
AUDITDEV|FAIL|no changed audit-impact record covers audit/day_two_wash_complete_action_v1_20261001/root_route_attempt_03/native_frames/opera_training_nursery_1600/0162.webp
AUDITDEV|FAIL|no changed audit-impact record covers audit/day_two_wash_complete_action_v1_20261001/root_route_attempt_03/native_frames/opera_training_nursery_1600/0163.webp
AUDITDEV|FAIL|no changed audit-impact record covers audit/day_two_wash_complete_action_v1_20261001/root_route_attempt_03/native_frames/opera_training_nursery_1600/0164.webp
AUDITDEV|FAIL|no changed audit-impact record covers audit/day_two_wash_complete_action_v1_20261001/root_route_attempt_03/native_frames/opera_training_nursery_1600/0165.webp
AUDITDEV|FAIL|no changed audit-impact record covers audit/day_two_wash_complete_action_v1_20261001/root_route_attempt_03/native_frames/opera_training_nursery_1600/0166.webp
AUDITDEV|FAIL|no changed audit-impact record covers audit/day_two_wash_complete_action_v1_20261001/root_route_attempt_03/native_frames/opera_training_nursery_1600/0167.webp
AUDITDEV|FAIL|no changed audit-impact record covers audit/day_two_wash_complete_action_v1_20261001/root_route_attempt_03/native_frames/opera_training_nursery_1600/0168.webp
AUDITDEV|FAIL|no changed audit-impact record covers audit/day_two_wash_complete_action_v1_20261001/root_route_attempt_03/native_frames/opera_training_nursery_1600/0169.webp
AUDITDEV|FAIL|no changed audit-impact record covers audit/day_two_wash_complete_action_v1_20261001/root_route_attempt_03/native_frames/opera_training_nursery_1600/0170.webp
AUDITDEV|FAIL|no changed audit-impact record covers audit/day_two_wash_complete_action_v1_20261001/root_route_attempt_03/native_frames/opera_training_nursery_1600/0171.webp
AUDITDEV|FAIL|no changed audit-impact record covers audit/day_two_wash_complete_action_v1_20261001/root_route_attempt_03/native_frames/opera_training_nursery_1600/0172.webp
AUDITDEV|FAIL|no changed audit-impact record covers audit/day_two_wash_complete_action_v1_20261001/root_route_attempt_03/native_frames/opera_training_nursery_1600/0173.webp
AUDITDEV|FAIL|no changed audit-impact record covers audit/day_two_wash_complete_action_v1_20261001/root_route_attempt_03/native_frames/opera_training_nursery_1600/0174.webp
AUDITDEV|FAIL|no changed audit-impact record covers audit/day_two_wash_complete_action_v1_20261001/root_route_attempt_03/native_frames/opera_training_nursery_1600/0175.webp
AUDITDEV|FAIL|no changed audit-impact record covers audit/day_two_wash_complete_action_v1_20261001/root_route_attempt_03/native_frames/opera_training_nursery_1600/0176.webp
AUDITDEV|FAIL|no changed audit-impact record covers audit/day_two_wash_complete_action_v1_20261001/root_route_attempt_03/native_frames/opera_training_nursery_1600/0177.webp
AUDITDEV|FAIL|no changed audit-impact record covers audit/day_two_wash_complete_action_v1_20261001/root_route_attempt_03/native_frames/opera_training_nursery_1600/0178.webp
AUDITDEV|FAIL|no changed audit-impact record covers audit/day_two_wash_complete_action_v1_20261001/root_route_attempt_03/native_frames/opera_training_nursery_1600/0179.webp
AUDITDEV|FAIL|no changed audit-impact record covers audit/day_two_wash_complete_action_v1_20261001/root_route_attempt_03/native_frames/opera_training_nursery_1600/0180.webp
AUDITDEV|FAIL|no changed audit-impact record covers audit/day_two_wash_complete_action_v1_20261001/root_route_attempt_03/native_frames/opera_training_nursery_1600/0181.webp
AUDITDEV|FAIL|no changed audit-impact record covers audit/day_two_wash_complete_action_v1_20261001/root_route_attempt_03/native_frames/opera_training_nursery_1600/0182.webp
AUDITDEV|FAIL|no changed audit-impact record covers audit/day_two_wash_complete_action_v1_20261001/root_route_attempt_03/native_frames/opera_training_nursery_1600/0183.webp
AUDITDEV|FAIL|no changed audit-impact record covers audit/day_two_wash_complete_action_v1_20261001/root_route_attempt_03/native_frames/opera_training_nursery_1600/0184.webp
AUDITDEV|FAIL|no changed audit-impact record covers audit/day_two_wash_complete_action_v1_20261001/root_route_attempt_03/native_frames/opera_training_nursery_1600/0185.webp
AUDITDEV|FAIL|no changed audit-impact record covers audit/day_two_wash_complete_action_v1_20261001/root_route_attempt_03/native_frames/opera_training_nursery_1600/0186.webp
AUDITDEV|FAIL|no changed audit-impact record covers audit/day_two_wash_complete_action_v1_20261001/root_route_attempt_03/native_frames/opera_training_nursery_1600/0187.webp
AUDITDEV|FAIL|no changed audit-impact record covers audit/day_two_wash_complete_action_v1_20261001/root_route_attempt_03/native_frames/opera_training_nursery_1600/0188.webp
AUDITDEV|FAIL|no changed audit-impact record covers audit/day_two_wash_complete_action_v1_20261001/root_route_attempt_03/native_frames/opera_training_nursery_1600/0189.webp
AUDITDEV|FAIL|no changed audit-impact record covers audit/day_two_wash_complete_action_v1_20261001/root_route_attempt_03/native_frames/opera_training_nursery_1600/0190.webp
AUDITDEV|FAIL|no changed audit-impact record covers audit/day_two_wash_complete_action_v1_20261001/root_route_attempt_03/native_frames/opera_training_nursery_1600/0191.webp
AUDITDEV|FAIL|no changed audit-impact record covers audit/day_two_wash_complete_action_v1_20261001/root_route_attempt_03/native_frames/opera_training_nursery_1600/0192.webp
AUDITDEV|FAIL|no changed audit-impact record covers audit/day_two_wash_complete_action_v1_20261001/root_route_attempt_03/native_frames/opera_training_nursery_1600/0193.webp
AUDITDEV|FAIL|no changed audit-impact record covers audit/day_two_wash_complete_action_v1_20261001/root_route_attempt_03/native_frames/opera_training_nursery_1600/0194.webp
AUDITDEV|FAIL|no changed audit-impact record covers audit/day_two_wash_complete_action_v1_20261001/root_route_attempt_03/native_frames/opera_training_nursery_1600/0195.webp
AUDITDEV|FAIL|no changed audit-impact record covers audit/day_two_wash_complete_action_v1_20261001/root_route_attempt_03/native_frames/opera_training_nursery_1600/0196.webp
AUDITDEV|FAIL|no changed audit-impact record covers audit/day_two_wash_complete_action_v1_20261001/root_route_attempt_03/native_frames/opera_training_nursery_1600/0197.webp
AUDITDEV|FAIL|no changed audit-impact record covers audit/day_two_wash_complete_action_v1_20261001/root_route_attempt_03/native_frames/opera_training_nursery_1600/0198.webp
AUDITDEV|FAIL|no changed audit-impact record covers audit/day_two_wash_complete_action_v1_20261001/root_route_attempt_03/native_frames/opera_training_nursery_1600/0199.webp
AUDITDEV|FAIL|no changed audit-impact record covers audit/day_two_wash_complete_action_v1_20261001/root_route_attempt_03/native_frames/opera_training_nursery_1600/0200.webp
AUDITDEV|FAIL|no changed audit-impact record covers audit/day_two_wash_complete_action_v1_20261001/root_route_attempt_03/native_frames/opera_training_nursery_1600/0201.webp
AUDITDEV|FAIL|no changed audit-impact record covers audit/day_two_wash_complete_action_v1_20261001/root_route_attempt_03/native_frames/opera_training_nursery_1600/0202.webp
AUDITDEV|FAIL|no changed audit-impact record covers audit/day_two_wash_complete_action_v1_20261001/root_route_attempt_03/native_frames/opera_training_nursery_1600/0203.webp
AUDITDEV|FAIL|no changed audit-impact record covers audit/day_two_wash_complete_action_v1_20261001/root_route_attempt_03/native_frames/opera_training_nursery_1600/0204.webp
AUDITDEV|FAIL|no changed audit-impact record covers audit/day_two_wash_complete_action_v1_20261001/root_route_attempt_03/native_frames/opera_training_nursery_1600/0205.webp
AUDITDEV|FAIL|no changed audit-impact record covers audit/day_two_wash_complete_action_v1_20261001/root_route_attempt_03/native_frames/opera_training_nursery_1600/0206.webp
AUDITDEV|FAIL|no changed audit-impact record covers audit/day_two_wash_complete_action_v1_20261001/root_route_attempt_03/native_frames/opera_training_nursery_1600/0207.webp
AUDITDEV|FAIL|no changed audit-impact record covers audit/day_two_wash_complete_action_v1_20261001/root_route_attempt_03/native_frames/opera_training_nursery_1600/0208.webp
AUDITDEV|FAIL|no changed audit-impact record covers audit/day_two_wash_complete_action_v1_20261001/root_route_attempt_03/native_frames/opera_training_nursery_1600/0209.webp
AUDITDEV|FAIL|no changed audit-impact record covers audit/day_two_wash_complete_action_v1_20261001/root_route_attempt_03/native_frames/opera_training_nursery_1600/0210.webp
AUDITDEV|FAIL|no changed audit-impact record covers audit/day_two_wash_complete_action_v1_20261001/root_route_attempt_03/native_frames/opera_training_nursery_1600/0211.webp
AUDITDEV|FAIL|no changed audit-impact record covers audit/day_two_wash_complete_action_v1_20261001/root_route_attempt_03/native_frames/opera_training_nursery_1600/0212.webp
AUDITDEV|FAIL|no changed audit-impact record covers audit/day_two_wash_complete_action_v1_20261001/root_route_attempt_03/native_frames/opera_training_nursery_1600/0213.webp
AUDITDEV|FAIL|no changed audit-impact record covers audit/day_two_wash_complete_action_v1_20261001/root_route_attempt_03/native_frames/opera_training_nursery_1600/0214.webp
AUDITDEV|FAIL|no changed audit-impact record covers audit/day_two_wash_complete_action_v1_20261001/root_route_attempt_03/native_frames/opera_training_nursery_1600/0215.webp
AUDITDEV|FAIL|no changed audit-impact record covers audit/day_two_wash_complete_action_v1_20261001/root_route_attempt_03/native_frames/opera_training_nursery_1600/0216.webp
AUDITDEV|FAIL|no changed audit-impact record covers audit/day_two_wash_complete_action_v1_20261001/root_route_attempt_03/native_frames/opera_training_nursery_1600/0217.webp
AUDITDEV|FAIL|no changed audit-impact record covers audit/day_two_wash_complete_action_v1_20261001/root_route_attempt_03/native_frames/opera_training_nursery_1600/0218.webp
AUDITDEV|FAIL|no changed audit-impact record covers audit/day_two_wash_complete_action_v1_20261001/root_route_attempt_03/native_frames/opera_training_nursery_1600/0219.webp
AUDITDEV|FAIL|no changed audit-impact record covers audit/day_two_wash_complete_action_v1_20261001/root_route_attempt_03/native_frames/opera_training_nursery_1600/0220.webp
AUDITDEV|FAIL|no changed audit-impact record covers audit/day_two_wash_complete_action_v1_20261001/root_route_attempt_03/native_frames/opera_training_nursery_1600/0221.webp
AUDITDEV|FAIL|no changed audit-impact record covers audit/day_two_wash_complete_action_v1_20261001/root_route_attempt_03/native_frames/opera_training_nursery_1600/0222.webp
AUDITDEV|FAIL|no changed audit-impact record covers audit/day_two_wash_complete_action_v1_20261001/root_route_attempt_03/native_frames/opera_training_nursery_1600/0223.webp
AUDITDEV|FAIL|no changed audit-impact record covers audit/day_two_wash_complete_action_v1_20261001/root_route_attempt_03/native_frames/opera_training_nursery_1600/0224.webp
AUDITDEV|FAIL|no changed audit-impact record covers audit/day_two_wash_complete_action_v1_20261001/root_route_attempt_03/native_frames/opera_training_nursery_1600/0225.webp
AUDITDEV|FAIL|no changed audit-impact record covers audit/day_two_wash_complete_action_v1_20261001/root_route_attempt_03/native_frames/opera_training_nursery_1600/0226.webp
AUDITDEV|FAIL|no changed audit-impact record covers audit/day_two_wash_complete_action_v1_20261001/root_route_attempt_03/native_frames/opera_training_nursery_1600/0227.webp
AUDITDEV|FAIL|no changed audit-impact record covers audit/day_two_wash_complete_action_v1_20261001/root_route_attempt_03/native_frames/opera_training_nursery_1600/0228.webp
AUDITDEV|FAIL|no changed audit-impact record covers audit/day_two_wash_complete_action_v1_20261001/root_route_attempt_03/native_frames/opera_training_nursery_1600/0229.webp
AUDITDEV|FAIL|no changed audit-impact record covers audit/day_two_wash_complete_action_v1_20261001/root_route_attempt_03/native_frames/opera_training_nursery_1600/0230.webp
AUDITDEV|FAIL|no changed audit-impact record covers audit/day_two_wash_complete_action_v1_20261001/root_route_attempt_03/native_frames/opera_training_nursery_1600/0231.webp
AUDITDEV|FAIL|no changed audit-impact record covers audit/day_two_wash_complete_action_v1_20261001/root_route_attempt_03/native_frames/opera_training_nursery_1600/0232.webp
AUDITDEV|FAIL|no changed audit-impact record covers audit/day_two_wash_complete_action_v1_20261001/root_route_attempt_03/native_frames/opera_training_nursery_1600/0233.webp
AUDITDEV|FAIL|no changed audit-impact record covers audit/day_two_wash_complete_action_v1_20261001/root_route_attempt_03/native_frames/opera_training_nursery_1600/0234.webp
AUDITDEV|FAIL|no changed audit-impact record covers audit/day_two_wash_complete_action_v1_20261001/root_route_attempt_03/native_frames/opera_training_nursery_1600/0235.webp
AUDITDEV|FAIL|no changed audit-impact record covers audit/day_two_wash_complete_action_v1_20261001/root_route_attempt_03/native_frames/opera_training_nursery_1600/0236.webp
AUDITDEV|FAIL|no changed audit-impact record covers audit/day_two_wash_complete_action_v1_20261001/root_route_attempt_03/native_frames/opera_training_nursery_1600/0237.webp
AUDITDEV|FAIL|no changed audit-impact record covers audit/day_two_wash_complete_action_v1_20261001/root_route_attempt_03/native_frames/opera_training_nursery_1600/0238.webp
AUDITDEV|FAIL|no changed audit-impact record covers audit/day_two_wash_complete_action_v1_20261001/root_route_attempt_03/native_frames/opera_training_nursery_1600/0239.webp
AUDITDEV|FAIL|no changed audit-impact record covers audit/day_two_wash_complete_action_v1_20261001/root_route_attempt_03/native_frames/opera_training_nursery_1600/0240.webp
AUDITDEV|FAIL|no changed audit-impact record covers audit/day_two_wash_complete_action_v1_20261001/root_route_attempt_03/native_frames/opera_training_nursery_1600/0241.webp
AUDITDEV|FAIL|no changed audit-impact record covers audit/day_two_wash_complete_action_v1_20261001/root_route_attempt_03/native_frames/opera_training_nursery_1600/0242.webp
AUDITDEV|FAIL|no changed audit-impact record covers audit/day_two_wash_complete_action_v1_20261001/root_route_attempt_03/native_frames/opera_training_nursery_1600/0243.webp
AUDITDEV|FAIL|no changed audit-impact record covers audit/day_two_wash_complete_action_v1_20261001/root_route_attempt_03/native_frames/opera_training_nursery_1600/0244.webp
AUDITDEV|FAIL|no changed audit-impact record covers audit/day_two_wash_complete_action_v1_20261001/root_route_attempt_03/native_frames/opera_training_nursery_1600/0245.webp
AUDITDEV|FAIL|no changed audit-impact record covers audit/day_two_wash_complete_action_v1_20261001/root_route_attempt_03/native_frames/opera_training_nursery_1600/0246.webp
AUDITDEV|FAIL|no changed audit-impact record covers audit/day_two_wash_complete_action_v1_20261001/root_route_attempt_03/native_frames/opera_training_nursery_1600/0247.webp
AUDITDEV|FAIL|no changed audit-impact record covers audit/day_two_wash_complete_action_v1_20261001/root_route_attempt_03/native_frames/opera_training_nursery_1600/0248.webp
AUDITDEV|FAIL|no changed audit-impact record covers audit/day_two_wash_complete_action_v1_20261001/root_route_attempt_03/native_frames/opera_training_nursery_1600/0249.webp
AUDITDEV|FAIL|no changed audit-impact record covers audit/day_two_wash_complete_action_v1_20261001/root_route_attempt_03/native_frames/opera_training_nursery_1600/0250.webp
AUDITDEV|FAIL|no changed audit-impact record covers audit/day_two_wash_complete_action_v1_20261001/root_route_attempt_03/native_frames/opera_training_nursery_1600/0251.webp
AUDITDEV|FAIL|no changed audit-impact record covers audit/day_two_wash_complete_action_v1_20261001/root_route_attempt_03/native_frames/opera_training_nursery_1600/0252.webp
AUDITDEV|FAIL|no changed audit-impact record covers audit/day_two_wash_complete_action_v1_20261001/root_route_attempt_03/native_frames/opera_training_nursery_1600/0253.webp
AUDITDEV|FAIL|no changed audit-impact record covers audit/day_two_wash_complete_action_v1_20261001/root_route_attempt_03/native_frames/opera_training_nursery_1600/0254.webp
AUDITDEV|FAIL|no changed audit-impact record covers audit/day_two_wash_complete_action_v1_20261001/root_route_attempt_03/native_frames/opera_training_nursery_1600/0255.webp
AUDITDEV|FAIL|no changed audit-impact record covers audit/day_two_wash_complete_action_v1_20261001/root_route_attempt_03/native_frames/opera_training_nursery_1600/0256.webp
AUDITDEV|FAIL|no changed audit-impact record covers audit/day_two_wash_complete_action_v1_20261001/root_route_attempt_03/native_frames/opera_training_nursery_1600/0257.webp
AUDITDEV|FAIL|no changed audit-impact record covers audit/day_two_wash_complete_action_v1_20261001/root_route_attempt_03/native_frames/opera_training_nursery_1600/0258.webp
AUDITDEV|FAIL|no changed audit-impact record covers audit/day_two_wash_complete_action_v1_20261001/root_route_attempt_03/native_frames/opera_training_nursery_1600/0259.webp
AUDITDEV|FAIL|no changed audit-impact record covers audit/day_two_wash_complete_action_v1_20261001/root_route_attempt_03/native_frames/opera_training_nursery_1600/0260.webp
AUDITDEV|FAIL|no changed audit-impact record covers audit/day_two_wash_complete_action_v1_20261001/root_route_attempt_03/native_frames/opera_training_nursery_1600/0261.webp
AUDITDEV|FAIL|no changed audit-impact record covers audit/day_two_wash_complete_action_v1_20261001/root_route_attempt_03/native_frames/opera_training_nursery_1600/0262.webp
AUDITDEV|FAIL|no changed audit-impact record covers audit/day_two_wash_complete_action_v1_20261001/root_route_attempt_03/parser.stderr.log
AUDITDEV|FAIL|no changed audit-impact record covers audit/day_two_wash_complete_action_v1_20261001/root_route_attempt_03/parser.stdout.log
AUDITDEV|FAIL|no changed audit-impact record covers audit/job_artwork_refinement_live/review_tools/build_current_job_item_register_v2.py
AUDITDEV|FAIL|no changed audit-impact record covers audit/job_artwork_refinement_live/review_tools/build_current_job_item_register_v3.py
AUDITDEV|FAIL|no changed audit-impact record covers audit/job_artwork_refinement_live/review_tools/build_current_job_item_register_v4.py
AUDITDEV|FAIL|no changed audit-impact record covers audit/job_artwork_refinement_live/review_tools/build_current_job_item_register_v5.py
AUDITDEV|FAIL|no changed audit-impact record covers audit/job_artwork_refinement_live/review_tools/build_current_job_item_register_v6.py
AUDITDEV|FAIL|no changed audit-impact record covers audit/job_artwork_refinement_live/review_tools/build_current_job_item_register_v7.py
AUDITDEV|FAIL|no changed audit-impact record covers audit/job_artwork_refinement_live/review_tools/build_current_job_item_register_v8.py
AUDITDEV|FAIL|no changed audit-impact record covers audit/job_review_v2_20261001/.gdignore
AUDITDEV|FAIL|no changed audit-impact record covers audit/job_review_v2_20261001/CARRY_FORWARD_RECEIPT.json
AUDITDEV|FAIL|no changed audit-impact record covers audit/job_review_v2_20261001/DECLARED_LINK_CORRECTION_V4.json
AUDITDEV|FAIL|no changed audit-impact record covers audit/job_review_v2_20261001/HOSTED_A_FAILED_STEPS.log
AUDITDEV|FAIL|no changed audit-impact record covers audit/job_review_v2_20261001/HOSTED_A_FAILURE_STATE.json
AUDITDEV|FAIL|no changed audit-impact record covers audit/job_review_v2_20261001/MANIFEST_V2.json
AUDITDEV|FAIL|no changed audit-impact record covers audit/job_review_v2_20261001/SOURCE_A_CHECKPOINT_IDENTITY.json
AUDITDEV|FAIL|no changed audit-impact record covers audit/job_review_v2_20261001/SOURCE_A_FETCH_JOURNAL.jsonl
AUDITDEV|FAIL|no changed audit-impact record covers audit/job_review_v2_20261001/SOURCE_A_REMOTE_RESULT.json
AUDITDEV|FAIL|no changed audit-impact record covers audit/job_review_v2_20261001/SOURCE_A_REMOTE_VERIFICATION.json
AUDITDEV|FAIL|no changed audit-impact record covers audit/job_review_v2_20261001/SOURCE_OPINION_RECONCILIATION_V1.json
AUDITDEV|FAIL|no changed audit-impact record covers audit/job_review_v2_20261001/browser_review_v1/REVIEW.json
AUDITDEV|FAIL|no changed audit-impact record covers audit/job_review_v2_20261001/browser_review_v1/wash_register_v2_browser.png
AUDITDEV|FAIL|no changed audit-impact record covers audit/job_review_v2_20261001/browser_review_v1/wash_review_v2_browser_foam.png
AUDITDEV|FAIL|no changed audit-impact record covers audit/job_review_v2_20261001/browser_review_v1/wash_review_v2_browser_summary.png
AUDITDEV|FAIL|no changed audit-impact record covers audit/job_review_v2_20261001/browser_review_v2/REVIEW.json
AUDITDEV|FAIL|no changed audit-impact record covers audit/job_review_v2_20261001/browser_review_v2/executed_archive_corrected_browser_review_v4.py
AUDITDEV|FAIL|no changed audit-impact record covers audit/job_review_v2_20261001/browser_review_v2/wash_register_v2_browser_corrected.png
AUDITDEV|FAIL|no changed audit-impact record covers audit/job_review_v2_20261001/browser_review_v2/wash_register_v2_browser_source_fixed.png
AUDITDEV|FAIL|no changed audit-impact record covers audit/job_review_v2_20261001/browser_review_v3/REVIEW.json
AUDITDEV|FAIL|no changed audit-impact record covers audit/job_review_v2_20261001/browser_review_v3/wash_viewer_checks_v5.json
AUDITDEV|FAIL|no changed audit-impact record covers audit/job_review_v2_20261001/browser_review_v3/wash_viewer_doctor_v5.png
AUDITDEV|FAIL|no changed audit-impact record covers audit/job_review_v2_20261001/browser_review_v3/wash_viewer_nursery_v5.png
AUDITDEV|FAIL|no changed audit-impact record covers audit/job_review_v2_20261001/browser_review_v4/REGIONAL_PREVIEW_FAILURE.json
AUDITDEV|FAIL|no changed audit-impact record covers audit/job_review_v2_20261001/browser_review_v4/craft_region_register_scrolled_v12.png
AUDITDEV|FAIL|no changed audit-impact record covers audit/job_review_v2_20261001/browser_review_v4/craft_region_register_v10.png
AUDITDEV|FAIL|no changed audit-impact record covers audit/job_review_v2_20261001/browser_review_v4/doctor_source_mobile_actual_v12.png
AUDITDEV|FAIL|no changed audit-impact record covers audit/job_review_v2_20261001/browser_review_v4/doctor_source_mobile_initial_v12.png
AUDITDEV|FAIL|no changed audit-impact record covers audit/job_review_v2_20261001/browser_review_v4/executed_fix_exact_region_clip_v13.py
AUDITDEV|FAIL|no changed audit-impact record covers audit/job_review_v2_20261001/browser_review_v4/wash_viewer_mobile_initial_v12.png
AUDITDEV|FAIL|no changed audit-impact record covers audit/job_review_v2_20261001/browser_review_v5/QUALIFICATION.json
AUDITDEV|FAIL|no changed audit-impact record covers audit/job_review_v2_20261001/browser_review_v5/REGION_BEFORE_V14.json
AUDITDEV|FAIL|no changed audit-impact record covers audit/job_review_v2_20261001/browser_review_v5/craft_paint_register_corrected_v14.png
AUDITDEV|FAIL|no changed audit-impact record covers audit/job_review_v2_20261001/browser_review_v5/craft_region_register_corrected_v14.png
AUDITDEV|FAIL|no changed audit-impact record covers audit/job_review_v2_20261001/browser_review_v5/craft_region_register_row2_v14.png
AUDITDEV|FAIL|no changed audit-impact record covers audit/job_review_v2_20261001/browser_review_v5/craft_region_register_row3_v14.png
AUDITDEV|FAIL|no changed audit-impact record covers audit/job_review_v2_20261001/browser_review_v5/craft_region_second_failed_v13.png
AUDITDEV|FAIL|no changed audit-impact record covers audit/job_review_v2_20261001/browser_review_v5/executed_fix_region_image_maxwidth_v14.py
AUDITDEV|FAIL|no changed audit-impact record covers audit/job_review_v2_20261001/browser_review_v5/executed_seal_gallery_evidence_v17.py
AUDITDEV|FAIL|no changed audit-impact record covers audit/job_review_v2_20261001/browser_review_v5/hall_craft_report_browser_v14.png
AUDITDEV|FAIL|no changed audit-impact record covers audit/job_review_v2_20261001/browser_review_v5/idea_region_geometry_v14.json
AUDITDEV|FAIL|no changed audit-impact record covers audit/job_review_v2_20261001/browser_review_v5/idea_register_v14.png
AUDITDEV|FAIL|no changed audit-impact record covers audit/job_review_v2_20261001/browser_review_v5/paint_region_geometry_v14.json
AUDITDEV|FAIL|no changed audit-impact record covers audit/job_review_v2_20261001/browser_review_v5/palette_region_geometry_v14.json
AUDITDEV|FAIL|no changed audit-impact record covers audit/job_review_v2_20261001/browser_review_v5/palette_register_v14.png
AUDITDEV|FAIL|no changed audit-impact record covers audit/job_review_v2_20261001/browser_review_v5/region_after_v14.json
AUDITDEV|FAIL|no changed audit-impact record covers audit/job_review_v2_20261001/browser_review_v5/standalone_craft_geometry_v14.json
AUDITDEV|FAIL|no changed audit-impact record covers audit/job_review_v2_20261001/browser_review_v6/QUALIFICATION.json
AUDITDEV|FAIL|no changed audit-impact record covers audit/job_review_v2_20261001/browser_review_v6/doctor_motion_browser_v29.png
AUDITDEV|FAIL|no changed audit-impact record covers audit/job_review_v2_20261001/browser_review_v6/executed_seal_browser_and_run_document_gates_v29.py
AUDITDEV|FAIL|no changed audit-impact record covers audit/job_review_v2_20261001/browser_review_v6/wash_route_browser_final_v29.png
AUDITDEV|FAIL|no changed audit-impact record covers audit/job_review_v2_20261001/executed_create_separate_review_v2.py
AUDITDEV|FAIL|no changed audit-impact record covers audit/job_review_v2_20261001/executed_finalize_distinct_wash_review_v2.py
AUDITDEV|FAIL|no changed audit-impact record covers audit/job_review_v2_20261001/executed_source_a_remote_verifier_v6.py
AUDITDEV|FAIL|no changed audit-impact record covers audit/job_review_v2_20261001/failed_probe_diagnostics_v1/PROCESS_RESULTS.json
AUDITDEV|FAIL|no changed audit-impact record covers audit/job_review_v2_20261001/failed_probe_diagnostics_v1/RECEIPT.json
AUDITDEV|FAIL|no changed audit-impact record covers audit/job_review_v2_20261001/failed_probe_diagnostics_v1/executed_run_v2_failed_probe_diagnostics_v1.py
AUDITDEV|FAIL|no changed audit-impact record covers audit/job_review_v2_20261001/failed_probe_diagnostics_v1/probe_audit.stderr.log
AUDITDEV|FAIL|no changed audit-impact record covers audit/job_review_v2_20261001/failed_probe_diagnostics_v1/probe_audit.stdout.log
AUDITDEV|FAIL|no changed audit-impact record covers audit/job_review_v2_20261001/failed_probe_diagnostics_v1/probe_mg2d.stderr.log
AUDITDEV|FAIL|no changed audit-impact record covers audit/job_review_v2_20261001/failed_probe_diagnostics_v1/probe_mg2d.stdout.log
AUDITDEV|FAIL|no changed audit-impact record covers audit/job_review_v2_20261001/full_ci_candidate_retry_v2/ENGINE_DIAGNOSTICS.json
AUDITDEV|FAIL|no changed audit-impact record covers audit/job_review_v2_20261001/full_ci_candidate_retry_v2/RECEIPT.json
AUDITDEV|FAIL|no changed audit-impact record covers audit/job_review_v2_20261001/full_ci_candidate_retry_v2/SOURCE_BEFORE.json
AUDITDEV|FAIL|no changed audit-impact record covers audit/job_review_v2_20261001/full_ci_candidate_retry_v2/process.exit
AUDITDEV|FAIL|no changed audit-impact record covers audit/job_review_v2_20261001/full_ci_candidate_retry_v2/stderr.log
AUDITDEV|FAIL|no changed audit-impact record covers audit/job_review_v2_20261001/full_ci_candidate_retry_v2/stdout.log
AUDITDEV|FAIL|no changed audit-impact record covers audit/job_review_v2_20261001/full_ci_candidate_retry_v2/wrapper.sh
AUDITDEV|FAIL|no changed audit-impact record covers audit/job_review_v2_20261001/full_ci_candidate_v1/ENGINE_DIAGNOSTICS.json
AUDITDEV|FAIL|no changed audit-impact record covers audit/job_review_v2_20261001/full_ci_candidate_v1/RECEIPT.json
AUDITDEV|FAIL|no changed audit-impact record covers audit/job_review_v2_20261001/full_ci_candidate_v1/SOURCE_BEFORE.json
AUDITDEV|FAIL|no changed audit-impact record covers audit/job_review_v2_20261001/full_ci_candidate_v1/process.exit
AUDITDEV|FAIL|no changed audit-impact record covers audit/job_review_v2_20261001/full_ci_candidate_v1/stderr.log
AUDITDEV|FAIL|no changed audit-impact record covers audit/job_review_v2_20261001/full_ci_candidate_v1/stdout.log
AUDITDEV|FAIL|no changed audit-impact record covers audit/job_review_v2_20261001/full_ci_candidate_v1/wrapper.sh
AUDITDEV|FAIL|no changed audit-impact record covers audit/job_review_v2_20261001/index.html
AUDITDEV|FAIL|no changed audit-impact record covers audit/job_review_v2_20261001/resource_checks_v1/FAILURE.json
AUDITDEV|FAIL|no changed audit-impact record covers audit/job_review_v2_20261001/resource_checks_v1/executed_check_distinct_review_resources_v2.py
AUDITDEV|FAIL|no changed audit-impact record covers audit/job_review_v2_20261001/resource_checks_v2/RECEIPT.json
AUDITDEV|FAIL|no changed audit-impact record covers audit/job_review_v2_20261001/resource_checks_v2/executed_check_distinct_review_resources_v3.py
AUDITDEV|FAIL|no changed audit-impact record covers audit/job_review_v2_20261001/resource_checks_v3/RECEIPT.json
AUDITDEV|FAIL|no changed audit-impact record covers audit/job_review_v2_20261001/resource_checks_v3/executed_check_distinct_review_resources_v4.py
AUDITDEV|FAIL|no changed audit-impact record covers audit/job_review_v2_20261001/resource_checks_v4/RECEIPT.json
AUDITDEV|FAIL|no changed audit-impact record covers audit/job_review_v2_20261001/resource_checks_v4/executed_check_distinct_review_resources_v5.py
AUDITDEV|FAIL|no changed audit-impact record covers audit/job_review_v2_20261001/resource_checks_v5/RECEIPT.json
AUDITDEV|FAIL|no changed audit-impact record covers audit/job_review_v2_20261001/resource_checks_v5/executed_check_distinct_review_resources_v6.py
AUDITDEV|FAIL|no changed audit-impact record covers audit/job_review_v2_20261001/resource_checks_v6/RECEIPT.json
AUDITDEV|FAIL|no changed audit-impact record covers audit/job_review_v2_20261001/resource_checks_v6/executed_check_distinct_review_resources_v7.py
AUDITDEV|FAIL|no changed audit-impact record covers audit/job_review_v2_20261001/resource_checks_v7/RECEIPT.json
AUDITDEV|FAIL|no changed audit-impact record covers audit/job_review_v2_20261001/resource_checks_v7/executed_check_distinct_review_resources_v8.py
AUDITDEV|FAIL|no changed audit-impact record covers audit/job_review_v2_20261001/review_tools/DECLARED_NEW_WASH_LINKS_V5.json
AUDITDEV|FAIL|no changed audit-impact record covers audit/job_review_v2_20261001/review_tools/DIAGNOSTIC_LINK_CORRECTION_V9.json
AUDITDEV|FAIL|no changed audit-impact record covers audit/job_review_v2_20261001/review_tools/V2_PREVIEW_ALLOWED.json
AUDITDEV|FAIL|no changed audit-impact record covers audit/job_review_v2_20261001/review_tools/build_current_job_item_register_v2.py
AUDITDEV|FAIL|no changed audit-impact record covers audit/job_review_v2_20261001/review_tools/build_current_job_item_register_v3.py
AUDITDEV|FAIL|no changed audit-impact record covers audit/job_review_v2_20261001/review_tools/build_current_job_item_register_v4.py
AUDITDEV|FAIL|no changed audit-impact record covers audit/job_review_v2_20261001/review_tools/build_current_job_item_register_v5.py
AUDITDEV|FAIL|no changed audit-impact record covers audit/job_review_v2_20261001/review_tools/build_current_job_item_register_v6.py
AUDITDEV|FAIL|no changed audit-impact record covers audit/job_review_v2_20261001/review_tools/build_current_job_item_register_v7.py
AUDITDEV|FAIL|no changed audit-impact record covers audit/job_review_v2_20261001/review_tools/build_current_job_item_register_v8.py
AUDITDEV|FAIL|no changed audit-impact record covers audit/job_review_v2_20261001/review_tools/check_distinct_review_resources_v5.py
AUDITDEV|FAIL|no changed audit-impact record covers audit/job_review_v2_20261001/review_tools/check_distinct_review_resources_v6.py
AUDITDEV|FAIL|no changed audit-impact record covers audit/job_review_v2_20261001/review_tools/check_distinct_review_resources_v7.py
AUDITDEV|FAIL|no changed audit-impact record covers audit/job_review_v2_20261001/review_tools/check_distinct_review_resources_v8.py
AUDITDEV|FAIL|no changed audit-impact record covers audit/job_review_v2_20261001/review_tools/executed_extend_current_review_checks_v27.py
AUDITDEV|FAIL|no changed audit-impact record covers audit/job_review_v2_20261001/review_tools/executed_fix_declared_review_links_v4.py
AUDITDEV|FAIL|no changed audit-impact record covers audit/job_review_v2_20261001/review_tools/executed_fix_review_diagnostic_link_and_retry_v9.py
AUDITDEV|FAIL|no changed audit-impact record covers audit/job_review_v2_20261001/review_tools/executed_prepare_checkpoint_links_and_stage_v26.py
AUDITDEV|FAIL|no changed audit-impact record covers audit/job_review_v2_20261001/review_tools/executed_prepare_live_exact_preview_v11.py
AUDITDEV|FAIL|no changed audit-impact record covers audit/job_review_v2_20261001/review_tools/executed_prepare_review_publication_and_ci_retry_v8.py
AUDITDEV|FAIL|no changed audit-impact record covers audit/job_review_v2_20261001/review_tools/executed_prepare_review_v2_range_server.py
AUDITDEV|FAIL|no changed audit-impact record covers audit/job_review_v2_20261001/review_tools/executed_prepare_wash_and_browser_review_v3.py
AUDITDEV|FAIL|no changed audit-impact record covers audit/job_review_v2_20261001/review_tools/executed_reconcile_recorded_source_opinions_v16.py
AUDITDEV|FAIL|no changed audit-impact record covers audit/job_review_v2_20261001/review_tools/executed_repair_exact_preview_allowance_v28.py
AUDITDEV|FAIL|no changed audit-impact record covers audit/job_review_v2_20261001/review_tools/executed_update_verified_review_state_v21.py
AUDITDEV|FAIL|no changed audit-impact record covers audit/job_review_v2_20261001/review_tools/run_v2_full_ci_retry_v2.py
AUDITDEV|FAIL|no changed audit-impact record covers audit/job_review_v2_20261001/review_tools/run_v2_full_ci_v1.py
AUDITDEV|FAIL|no changed audit-impact record covers audit/job_review_v2_20261001/review_tools/serve_distinct_review_v2.py
AUDITDEV|FAIL|no changed audit-impact record covers audit/job_review_v2_20261001/review_tools/serve_distinct_review_v3.py
AUDITDEV|FAIL|no changed audit-impact record covers audit/job_source_review_hall_craft_v1_20261001/.gdignore
AUDITDEV|FAIL|no changed audit-impact record covers audit/job_source_review_hall_craft_v1_20261001/REVIEW.json
AUDITDEV|FAIL|no changed audit-impact record covers audit/job_source_review_hall_craft_v1_20261001/executed_review_hall_and_craft_sources_v10.py
AUDITDEV|FAIL|no changed audit-impact record covers audit/job_source_review_hall_craft_v1_20261001/index.html
AUDITDEV|RESULT|3931 ISSUE(S)
