WorkerThreadPool: 12 threads, 3 max low-priority.
Godot Engine v4.7.2.stable.official.ed1daf0bf - https://godotengine.org
TextServer: Added interface "Dummy"
TextServer: Added interface "ICU / HarfBuzz / Graphite (Built-in)"
Using "default" pen tablet driver...

TextServer: Primary interface set to: "ICU / HarfBuzz / Graphite (Built-in)".
Loading resource: res://default_bus_layout.tres remapped: res://default_bus_layout.tres
Completed load for: 'res://default_bus_layout.tres' remapped 'res://default_bus_layout.tres' at thread -1
CORE API HASH: 2004498165
EDITOR API HASH: 1696660745
Loading resource: res://scripts/probe_chapter2_lawn.gd remapped: res://scripts/probe_chapter2_lawn.gd
Loading resource: res://shaders/castle_fixture_bloom.gdshader remapped: res://shaders/castle_fixture_bloom.gdshader
Completed load for: 'res://shaders/castle_fixture_bloom.gdshader' remapped 'res://shaders/castle_fixture_bloom.gdshader' at thread -1
Loading resource: res://assets/characters/roshan_25d/roshan_directional.png remapped: res://assets/characters/roshan_25d/roshan_directional.png
Loading resource: res://.godot/imported/roshan_directional.png-d625ae71ef68ca7b79f00f48e0d76cbb.s3tc.ctex remapped: res://.godot/imported/roshan_directional.png-d625ae71ef68ca7b79f00f48e0d76cbb.s3tc.ctex
Completed load for: 'res://assets/characters/roshan_25d/roshan_directional.png' remapped 'res://assets/characters/roshan_25d/roshan_directional.png' at thread -1
Loading resource: res://assets/characters/roshan_25d/roshan_swim_front.png remapped: res://assets/characters/roshan_25d/roshan_swim_front.png
Loading resource: res://.godot/imported/roshan_swim_front.png-42175e9e171cd7007cff3a9ae801e389.s3tc.ctex remapped: res://.godot/imported/roshan_swim_front.png-42175e9e171cd7007cff3a9ae801e389.s3tc.ctex
Completed load for: 'res://assets/characters/roshan_25d/roshan_swim_front.png' remapped 'res://assets/characters/roshan_25d/roshan_swim_front.png' at thread -1
Loading resource: res://assets/characters/roshan_25d/roshan_swim_back.png remapped: res://assets/characters/roshan_25d/roshan_swim_back.png
Loading resource: res://.godot/imported/roshan_swim_back.png-e93afa07bbddede1e856e92c5cdc462a.s3tc.ctex remapped: res://.godot/imported/roshan_swim_back.png-e93afa07bbddede1e856e92c5cdc462a.s3tc.ctex
Completed load for: 'res://assets/characters/roshan_25d/roshan_swim_back.png' remapped 'res://assets/characters/roshan_25d/roshan_swim_back.png' at thread -1
Loading resource: res://assets/flats/castle/rooms/room_actor_shadow.png remapped: res://assets/flats/castle/rooms/room_actor_shadow.png
Loading resource: res://.godot/imported/room_actor_shadow.png-f1d04727dc138f663653a3117bb0a06a.s3tc.ctex remapped: res://.godot/imported/room_actor_shadow.png-f1d04727dc138f663653a3117bb0a06a.s3tc.ctex
Completed load for: 'res://assets/flats/castle/rooms/room_actor_shadow.png' remapped 'res://assets/flats/castle/rooms/room_actor_shadow.png' at thread -1
Loading resource: res://assets/shaders/castle_fixture_water.gdshader remapped: res://assets/shaders/castle_fixture_water.gdshader
Completed load for: 'res://assets/shaders/castle_fixture_water.gdshader' remapped 'res://assets/shaders/castle_fixture_water.gdshader' at thread -1
Loading resource: res://assets/terrain/up_water_nrm.jpg remapped: res://assets/terrain/up_water_nrm.jpg
Loading resource: res://.godot/imported/up_water_nrm.jpg-17f81a1afbb895061d198f7cd6fac5ca.ctex remapped: res://.godot/imported/up_water_nrm.jpg-17f81a1afbb895061d198f7cd6fac5ca.ctex
Completed load for: 'res://assets/terrain/up_water_nrm.jpg' remapped 'res://assets/terrain/up_water_nrm.jpg' at thread -1
Loading resource: res://assets/terrain/caustics.png remapped: res://assets/terrain/caustics.png
Loading resource: res://.godot/imported/caustics.png-3a5cbbf4f913abf47849e57640465f02.s3tc.ctex remapped: res://.godot/imported/caustics.png-3a5cbbf4f913abf47849e57640465f02.s3tc.ctex
Completed load for: 'res://assets/terrain/caustics.png' remapped 'res://assets/terrain/caustics.png' at thread -1
Loading resource: res://assets/sprites/fx_water/fx_water_bubble_burst_atlas.png remapped: res://assets/sprites/fx_water/fx_water_bubble_burst_atlas.png
Loading resource: res://.godot/imported/fx_water_bubble_burst_atlas.png-6756054a8ce0da3a133c2d2926db3fe9.s3tc.ctex remapped: res://.godot/imported/fx_water_bubble_burst_atlas.png-6756054a8ce0da3a133c2d2926db3fe9.s3tc.ctex
Completed load for: 'res://assets/sprites/fx_water/fx_water_bubble_burst_atlas.png' remapped 'res://assets/sprites/fx_water/fx_water_bubble_burst_atlas.png' at thread -1
Loading resource: res://assets/sprites/fx_water/fx_water_splash_medium_atlas.png remapped: res://assets/sprites/fx_water/fx_water_splash_medium_atlas.png
Loading resource: res://.godot/imported/fx_water_splash_medium_atlas.png-e51a9350ed55a41c49ea3d00f22151f4.s3tc.ctex remapped: res://.godot/imported/fx_water_splash_medium_atlas.png-e51a9350ed55a41c49ea3d00f22151f4.s3tc.ctex
Completed load for: 'res://assets/sprites/fx_water/fx_water_splash_medium_atlas.png' remapped 'res://assets/sprites/fx_water/fx_water_splash_medium_atlas.png' at thread -1
Loading resource: res://assets/flats/castle/logo_studio_v2/castle_banner_pink.png remapped: res://assets/flats/castle/logo_studio_v2/castle_banner_pink.png
Loading resource: res://.godot/imported/castle_banner_pink.png-1f07d5f169916030a25ffc843a00a097.ctex remapped: res://.godot/imported/castle_banner_pink.png-1f07d5f169916030a25ffc843a00a097.ctex
Completed load for: 'res://assets/flats/castle/logo_studio_v2/castle_banner_pink.png' remapped 'res://assets/flats/castle/logo_studio_v2/castle_banner_pink.png' at thread -1
Loading resource: res://assets/flats/castle/logo_studio_v2/castle_banner_gold.png remapped: res://assets/flats/castle/logo_studio_v2/castle_banner_gold.png
Loading resource: res://.godot/imported/castle_banner_gold.png-5442446e7bc3ba706d422fcbb4922333.ctex remapped: res://.godot/imported/castle_banner_gold.png-5442446e7bc3ba706d422fcbb4922333.ctex
Completed load for: 'res://assets/flats/castle/logo_studio_v2/castle_banner_gold.png' remapped 'res://assets/flats/castle/logo_studio_v2/castle_banner_gold.png' at thread -1
Loading resource: res://assets/flats/castle/logo_studio_v2/castle_banner_mint.png remapped: res://assets/flats/castle/logo_studio_v2/castle_banner_mint.png
Loading resource: res://.godot/imported/castle_banner_mint.png-1bd0912452535d09563f5821ab572aa1.ctex remapped: res://.godot/imported/castle_banner_mint.png-1bd0912452535d09563f5821ab572aa1.ctex
Completed load for: 'res://assets/flats/castle/logo_studio_v2/castle_banner_mint.png' remapped 'res://assets/flats/castle/logo_studio_v2/castle_banner_mint.png' at thread -1
Loading resource: res://assets/flats/castle/logo_studio_v2/castle_banner_ocean.png remapped: res://assets/flats/castle/logo_studio_v2/castle_banner_ocean.png
Loading resource: res://.godot/imported/castle_banner_ocean.png-b4870497f6aa7ef8fd0fa9b03a7817e1.ctex remapped: res://.godot/imported/castle_banner_ocean.png-b4870497f6aa7ef8fd0fa9b03a7817e1.ctex
Completed load for: 'res://assets/flats/castle/logo_studio_v2/castle_banner_ocean.png' remapped 'res://assets/flats/castle/logo_studio_v2/castle_banner_ocean.png' at thread -1
Loading resource: res://assets/flats/castle/logo_studio_v2/castle_banner_purple.png remapped: res://assets/flats/castle/logo_studio_v2/castle_banner_purple.png
Loading resource: res://.godot/imported/castle_banner_purple.png-a711c2ef7be4134e857e2b0804f886f4.ctex remapped: res://.godot/imported/castle_banner_purple.png-a711c2ef7be4134e857e2b0804f886f4.ctex
Completed load for: 'res://assets/flats/castle/logo_studio_v2/castle_banner_purple.png' remapped 'res://assets/flats/castle/logo_studio_v2/castle_banner_purple.png' at thread -1
Loading resource: res://assets/flats/castle/logo_studio_v2/castle_banner_rainbow.png remapped: res://assets/flats/castle/logo_studio_v2/castle_banner_rainbow.png
Loading resource: res://.godot/imported/castle_banner_rainbow.png-51987bbcab3d63a5e6b8856c39d3e1f5.ctex remapped: res://.godot/imported/castle_banner_rainbow.png-51987bbcab3d63a5e6b8856c39d3e1f5.ctex
Completed load for: 'res://assets/flats/castle/logo_studio_v2/castle_banner_rainbow.png' remapped 'res://assets/flats/castle/logo_studio_v2/castle_banner_rainbow.png' at thread -1
Loading resource: res://assets/flats/castle/logo_studio_v2/castle_banner_motif_rainbow.png remapped: res://assets/flats/castle/logo_studio_v2/castle_banner_motif_rainbow.png
Loading resource: res://.godot/imported/castle_banner_motif_rainbow.png-7d37c39c57d9145c1662a600706a0215.ctex remapped: res://.godot/imported/castle_banner_motif_rainbow.png-7d37c39c57d9145c1662a600706a0215.ctex
Completed load for: 'res://assets/flats/castle/logo_studio_v2/castle_banner_motif_rainbow.png' remapped 'res://assets/flats/castle/logo_studio_v2/castle_banner_motif_rainbow.png' at thread -1
Loading resource: res://assets/flats/castle/logo_studio_v2/castle_banner_motif_shell.png remapped: res://assets/flats/castle/logo_studio_v2/castle_banner_motif_shell.png
Loading resource: res://.godot/imported/castle_banner_motif_shell.png-2ded8f0554ad78cbf31ed04692a2e95a.ctex remapped: res://.godot/imported/castle_banner_motif_shell.png-2ded8f0554ad78cbf31ed04692a2e95a.ctex
Completed load for: 'res://assets/flats/castle/logo_studio_v2/castle_banner_motif_shell.png' remapped 'res://assets/flats/castle/logo_studio_v2/castle_banner_motif_shell.png' at thread -1
Loading resource: res://assets/flats/castle/logo_studio_v2/castle_banner_motif_kitty.png remapped: res://assets/flats/castle/logo_studio_v2/castle_banner_motif_kitty.png
Loading resource: res://.godot/imported/castle_banner_motif_kitty.png-476ecb445ef20b8f0ee562bf74ffc1f3.ctex remapped: res://.godot/imported/castle_banner_motif_kitty.png-476ecb445ef20b8f0ee562bf74ffc1f3.ctex
Completed load for: 'res://assets/flats/castle/logo_studio_v2/castle_banner_motif_kitty.png' remapped 'res://assets/flats/castle/logo_studio_v2/castle_banner_motif_kitty.png' at thread -1
Loading resource: res://assets/flats/castle/logo_studio_v2/castle_banner_motif_dog.png remapped: res://assets/flats/castle/logo_studio_v2/castle_banner_motif_dog.png
Loading resource: res://.godot/imported/castle_banner_motif_dog.png-f60e00a475feefbed7e6b7b03314b4e3.ctex remapped: res://.godot/imported/castle_banner_motif_dog.png-f60e00a475feefbed7e6b7b03314b4e3.ctex
Completed load for: 'res://assets/flats/castle/logo_studio_v2/castle_banner_motif_dog.png' remapped 'res://assets/flats/castle/logo_studio_v2/castle_banner_motif_dog.png' at thread -1
Loading resource: res://assets/flats/castle/logo_studio_v2/castle_banner_motif_star.png remapped: res://assets/flats/castle/logo_studio_v2/castle_banner_motif_star.png
Loading resource: res://.godot/imported/castle_banner_motif_star.png-c2920063905028bbe428c242038dc858.ctex remapped: res://.godot/imported/castle_banner_motif_star.png-c2920063905028bbe428c242038dc858.ctex
Completed load for: 'res://assets/flats/castle/logo_studio_v2/castle_banner_motif_star.png' remapped 'res://assets/flats/castle/logo_studio_v2/castle_banner_motif_star.png' at thread -1
Loading resource: res://assets/flats/castle/logo_studio_v2/castle_banner_motif_heart.png remapped: res://assets/flats/castle/logo_studio_v2/castle_banner_motif_heart.png
Loading resource: res://.godot/imported/castle_banner_motif_heart.png-1e2c41e7d0fee88319aa5e07bebb840c.ctex remapped: res://.godot/imported/castle_banner_motif_heart.png-1e2c41e7d0fee88319aa5e07bebb840c.ctex
Completed load for: 'res://assets/flats/castle/logo_studio_v2/castle_banner_motif_heart.png' remapped 'res://assets/flats/castle/logo_studio_v2/castle_banner_motif_heart.png' at thread -1
Loading resource: res://assets/flats/castle/logo_studio_v2/castle_banner_motif_crown.png remapped: res://assets/flats/castle/logo_studio_v2/castle_banner_motif_crown.png
Loading resource: res://.godot/imported/castle_banner_motif_crown.png-a6e77f1d9ed0122ac2aa4567a6832a08.ctex remapped: res://.godot/imported/castle_banner_motif_crown.png-a6e77f1d9ed0122ac2aa4567a6832a08.ctex
Completed load for: 'res://assets/flats/castle/logo_studio_v2/castle_banner_motif_crown.png' remapped 'res://assets/flats/castle/logo_studio_v2/castle_banner_motif_crown.png' at thread -1
Loading resource: res://assets/flats/castle/logo_studio_v2/castle_banner_motif_butterfly.png remapped: res://assets/flats/castle/logo_studio_v2/castle_banner_motif_butterfly.png
Loading resource: res://.godot/imported/castle_banner_motif_butterfly.png-862a1cf8dacc6daab2058d435ea0ad5f.ctex remapped: res://.godot/imported/castle_banner_motif_butterfly.png-862a1cf8dacc6daab2058d435ea0ad5f.ctex
Completed load for: 'res://assets/flats/castle/logo_studio_v2/castle_banner_motif_butterfly.png' remapped 'res://assets/flats/castle/logo_studio_v2/castle_banner_motif_butterfly.png' at thread -1
Loading resource: res://assets/castle/training/ghost_hand.png remapped: res://assets/castle/training/ghost_hand.png
Loading resource: res://.godot/imported/ghost_hand.png-1de3e3644c9a46e5892c5a8fa86dad01.ctex remapped: res://.godot/imported/ghost_hand.png-1de3e3644c9a46e5892c5a8fa86dad01.ctex
Completed load for: 'res://assets/castle/training/ghost_hand.png' remapped 'res://assets/castle/training/ghost_hand.png' at thread -1
Loading resource: res://assets/ui/boot_splash_mermaid_roshan.png remapped: res://assets/ui/boot_splash_mermaid_roshan.png
Loading resource: res://.godot/imported/boot_splash_mermaid_roshan.png-b4f76f82b4095448b9258c74830dd0bf.ctex remapped: res://.godot/imported/boot_splash_mermaid_roshan.png-b4f76f82b4095448b9258c74830dd0bf.ctex
Completed load for: 'res://assets/ui/boot_splash_mermaid_roshan.png' remapped 'res://assets/ui/boot_splash_mermaid_roshan.png' at thread -1
Loading resource: res://assets/castle/day_one_art_studio/magic_cleaning_brush.png remapped: res://assets/castle/day_one_art_studio/magic_cleaning_brush.png
Loading resource: res://.godot/imported/magic_cleaning_brush.png-9aab3d5c1cf900b3b09e19eacb3d842d.ctex remapped: res://.godot/imported/magic_cleaning_brush.png-9aab3d5c1cf900b3b09e19eacb3d842d.ctex
Completed load for: 'res://assets/castle/day_one_art_studio/magic_cleaning_brush.png' remapped 'res://assets/castle/day_one_art_studio/magic_cleaning_brush.png' at thread -1
Loading resource: res://assets/castle/day_one_art_studio/loose_brush_bundle.png remapped: res://assets/castle/day_one_art_studio/loose_brush_bundle.png
Loading resource: res://.godot/imported/loose_brush_bundle.png-864136367585f2d9d14d7d1e8b20b7c8.ctex remapped: res://.godot/imported/loose_brush_bundle.png-864136367585f2d9d14d7d1e8b20b7c8.ctex
Completed load for: 'res://assets/castle/day_one_art_studio/loose_brush_bundle.png' remapped 'res://assets/castle/day_one_art_studio/loose_brush_bundle.png' at thread -1
Loading resource: res://assets/castle/day_one_art_studio/paint_bottle_pink.png remapped: res://assets/castle/day_one_art_studio/paint_bottle_pink.png
Loading resource: res://.godot/imported/paint_bottle_pink.png-c543c4d9f1f567c443e165a9fa714da8.ctex remapped: res://.godot/imported/paint_bottle_pink.png-c543c4d9f1f567c443e165a9fa714da8.ctex
Completed load for: 'res://assets/castle/day_one_art_studio/paint_bottle_pink.png' remapped 'res://assets/castle/day_one_art_studio/paint_bottle_pink.png' at thread -1
Loading resource: res://assets/castle/day_one_art_studio/paint_bottle_blue.png remapped: res://assets/castle/day_one_art_studio/paint_bottle_blue.png
Loading resource: res://.godot/imported/paint_bottle_blue.png-5095790b8453a9b3e2ea954bc927e605.ctex remapped: res://.godot/imported/paint_bottle_blue.png-5095790b8453a9b3e2ea954bc927e605.ctex
Completed load for: 'res://assets/castle/day_one_art_studio/paint_bottle_blue.png' remapped 'res://assets/castle/day_one_art_studio/paint_bottle_blue.png' at thread -1
Loading resource: res://assets/castle/day_one_art_studio/paint_cups.png remapped: res://assets/castle/day_one_art_studio/paint_cups.png
Loading resource: res://.godot/imported/paint_cups.png-100570cd9a806d4462c301ca08769707.ctex remapped: res://.godot/imported/paint_cups.png-100570cd9a806d4462c301ca08769707.ctex
Completed load for: 'res://assets/castle/day_one_art_studio/paint_cups.png' remapped 'res://assets/castle/day_one_art_studio/paint_cups.png' at thread -1
Loading resource: res://assets/castle/day_one_art_studio/grime_left.png remapped: res://assets/castle/day_one_art_studio/grime_left.png
Loading resource: res://.godot/imported/grime_left.png-9b85fce9291a82cc7fa602186defdc14.ctex remapped: res://.godot/imported/grime_left.png-9b85fce9291a82cc7fa602186defdc14.ctex
Completed load for: 'res://assets/castle/day_one_art_studio/grime_left.png' remapped 'res://assets/castle/day_one_art_studio/grime_left.png' at thread -1
Loading resource: res://assets/castle/day_one_art_studio/grime_desk.png remapped: res://assets/castle/day_one_art_studio/grime_desk.png
Loading resource: res://.godot/imported/grime_desk.png-38eed6c08bb917d3198d2d948f230b8b.ctex remapped: res://.godot/imported/grime_desk.png-38eed6c08bb917d3198d2d948f230b8b.ctex
Completed load for: 'res://assets/castle/day_one_art_studio/grime_desk.png' remapped 'res://assets/castle/day_one_art_studio/grime_desk.png' at thread -1
Loading resource: res://assets/castle/day_one_art_studio/grime_right.png remapped: res://assets/castle/day_one_art_studio/grime_right.png
Loading resource: res://.godot/imported/grime_right.png-9c83e9c00c88d0942dc2efe0b144a31b.ctex remapped: res://.godot/imported/grime_right.png-9c83e9c00c88d0942dc2efe0b144a31b.ctex
Completed load for: 'res://assets/castle/day_one_art_studio/grime_right.png' remapped 'res://assets/castle/day_one_art_studio/grime_right.png' at thread -1
Loading resource: res://assets/flats/castle/rooms/room_bubble_bath_dirty_day_one.png remapped: res://assets/flats/castle/rooms/room_bubble_bath_dirty_day_one.png
Loading resource: res://.godot/imported/room_bubble_bath_dirty_day_one.png-9e5525828616e0db5b9a3b8b28435c35.ctex remapped: res://.godot/imported/room_bubble_bath_dirty_day_one.png-9e5525828616e0db5b9a3b8b28435c35.ctex
Completed load for: 'res://assets/flats/castle/rooms/room_bubble_bath_dirty_day_one.png' remapped 'res://assets/flats/castle/rooms/room_bubble_bath_dirty_day_one.png' at thread -1
Loading resource: res://assets/flats/castle/rooms/room_bubble_bath_dirty_drained_day_one.png remapped: res://assets/flats/castle/rooms/room_bubble_bath_dirty_drained_day_one.png
Loading resource: res://.godot/imported/room_bubble_bath_dirty_drained_day_one.png-7e8d3b4c3b9d1f29e91ac035a5fb7262.ctex remapped: res://.godot/imported/room_bubble_bath_dirty_drained_day_one.png-7e8d3b4c3b9d1f29e91ac035a5fb7262.ctex
Completed load for: 'res://assets/flats/castle/rooms/room_bubble_bath_dirty_drained_day_one.png' remapped 'res://assets/flats/castle/rooms/room_bubble_bath_dirty_drained_day_one.png' at thread -1
Loading resource: res://assets/flats/castle/rooms/room_bubble_bath.png remapped: res://assets/flats/castle/rooms/room_bubble_bath.png
Loading resource: res://.godot/imported/room_bubble_bath.png-8ee98b24e8364131dc5cfc2232874cd7.ctex remapped: res://.godot/imported/room_bubble_bath.png-8ee98b24e8364131dc5cfc2232874cd7.ctex
Completed load for: 'res://assets/flats/castle/rooms/room_bubble_bath.png' remapped 'res://assets/flats/castle/rooms/room_bubble_bath.png' at thread -1
Loading resource: res://assets/castle/dirty_cleanup_2d/targets/target_sink_grime_v1.png remapped: res://assets/castle/dirty_cleanup_2d/targets/target_sink_grime_v1.png
Loading resource: res://.godot/imported/target_sink_grime_v1.png-5d01aaca3a2b34c04e93afaef486eb50.ctex remapped: res://.godot/imported/target_sink_grime_v1.png-5d01aaca3a2b34c04e93afaef486eb50.ctex
Completed load for: 'res://assets/castle/dirty_cleanup_2d/targets/target_sink_grime_v1.png' remapped 'res://assets/castle/dirty_cleanup_2d/targets/target_sink_grime_v1.png' at thread -1
Loading resource: res://assets/sprites/sky_lagoon/sky_lagoon_castle_four_tower_v4.png remapped: res://assets/sprites/sky_lagoon/sky_lagoon_castle_four_tower_v4.png
Loading resource: res://.godot/imported/sky_lagoon_castle_four_tower_v4.png-3db3791a13b15911d5b711360be9c503.ctex remapped: res://.godot/imported/sky_lagoon_castle_four_tower_v4.png-3db3791a13b15911d5b711360be9c503.ctex
Completed load for: 'res://assets/sprites/sky_lagoon/sky_lagoon_castle_four_tower_v4.png' remapped 'res://assets/sprites/sky_lagoon/sky_lagoon_castle_four_tower_v4.png' at thread -1
Loading resource: res://assets/sprites/sky_lagoon/sky_lagoon_cloud_family_v7_hd_grade.png remapped: res://assets/sprites/sky_lagoon/sky_lagoon_cloud_family_v7_hd_grade.png
Loading resource: res://.godot/imported/sky_lagoon_cloud_family_v7_hd_grade.png-dc0538f7caa6b853334b469234e73a2d.ctex remapped: res://.godot/imported/sky_lagoon_cloud_family_v7_hd_grade.png-dc0538f7caa6b853334b469234e73a2d.ctex
Completed load for: 'res://assets/sprites/sky_lagoon/sky_lagoon_cloud_family_v7_hd_grade.png' remapped 'res://assets/sprites/sky_lagoon/sky_lagoon_cloud_family_v7_hd_grade.png' at thread -1
Loading resource: res://assets/sprites/sky_lagoon/sky_lagoon_cloud_single_v1.png remapped: res://assets/sprites/sky_lagoon/sky_lagoon_cloud_single_v1.png
Loading resource: res://.godot/imported/sky_lagoon_cloud_single_v1.png-b03683c7f3026927cde33f24d92a67e5.ctex remapped: res://.godot/imported/sky_lagoon_cloud_single_v1.png-b03683c7f3026927cde33f24d92a67e5.ctex
Completed load for: 'res://assets/sprites/sky_lagoon/sky_lagoon_cloud_single_v1.png' remapped 'res://assets/sprites/sky_lagoon/sky_lagoon_cloud_single_v1.png' at thread -1
Loading resource: res://assets/ui/castle_room_buttons_v2/room_opera_hall.png remapped: res://assets/ui/castle_room_buttons_v2/room_opera_hall.png
Loading resource: res://.godot/imported/room_opera_hall.png-4be4ecc3703261914b8a9526019262cc.ctex remapped: res://.godot/imported/room_opera_hall.png-4be4ecc3703261914b8a9526019262cc.ctex
Completed load for: 'res://assets/ui/castle_room_buttons_v2/room_opera_hall.png' remapped 'res://assets/ui/castle_room_buttons_v2/room_opera_hall.png' at thread -1
Loading resource: res://assets/ui/castle_room_buttons_v2/room_craft_room.png remapped: res://assets/ui/castle_room_buttons_v2/room_craft_room.png
Loading resource: res://.godot/imported/room_craft_room.png-7dc4a5c01065ce328e731b6b38053da5.ctex remapped: res://.godot/imported/room_craft_room.png-7dc4a5c01065ce328e731b6b38053da5.ctex
Completed load for: 'res://assets/ui/castle_room_buttons_v2/room_craft_room.png' remapped 'res://assets/ui/castle_room_buttons_v2/room_craft_room.png' at thread -1
Loading resource: res://assets/ui/castle_room_buttons_v2/room_kitchen.png remapped: res://assets/ui/castle_room_buttons_v2/room_kitchen.png
Loading resource: res://.godot/imported/room_kitchen.png-61af0fca52cce833210f295107496cf7.ctex remapped: res://.godot/imported/room_kitchen.png-61af0fca52cce833210f295107496cf7.ctex
Completed load for: 'res://assets/ui/castle_room_buttons_v2/room_kitchen.png' remapped 'res://assets/ui/castle_room_buttons_v2/room_kitchen.png' at thread -1
Loading resource: res://assets/mg/sun.png remapped: res://assets/mg/sun.png
Loading resource: res://.godot/imported/sun.png-c8bf9605370f6e02d9b21d685d405f9b.ctex remapped: res://.godot/imported/sun.png-c8bf9605370f6e02d9b21d685d405f9b.ctex
Completed load for: 'res://assets/mg/sun.png' remapped 'res://assets/mg/sun.png' at thread -1
Loading resource: res://assets/props/story/play_swing_frame.png remapped: res://assets/props/story/play_swing_frame.png
Loading resource: res://.godot/imported/play_swing_frame.png-a81ab1af7d4b95737787aabcf622cdbc.ctex remapped: res://.godot/imported/play_swing_frame.png-a81ab1af7d4b95737787aabcf622cdbc.ctex
Completed load for: 'res://assets/props/story/play_swing_frame.png' remapped 'res://assets/props/story/play_swing_frame.png' at thread -1
Loading resource: res://assets/props/story/play_swing_seat.png remapped: res://assets/props/story/play_swing_seat.png
Loading resource: res://.godot/imported/play_swing_seat.png-fbc2feb15e1e0c3563f38dd6be314f41.ctex remapped: res://.godot/imported/play_swing_seat.png-fbc2feb15e1e0c3563f38dd6be314f41.ctex
Completed load for: 'res://assets/props/story/play_swing_seat.png' remapped 'res://assets/props/story/play_swing_seat.png' at thread -1
Loading resource: res://assets/characters/roshan_25d/roshan_gesture_a.png remapped: res://assets/characters/roshan_25d/roshan_gesture_a.png
Loading resource: res://.godot/imported/roshan_gesture_a.png-18a31aea6ac3722a9397d1f4c4f45867.s3tc.ctex remapped: res://.godot/imported/roshan_gesture_a.png-18a31aea6ac3722a9397d1f4c4f45867.s3tc.ctex
Completed load for: 'res://assets/characters/roshan_25d/roshan_gesture_a.png' remapped 'res://assets/characters/roshan_25d/roshan_gesture_a.png' at thread -1
Loading resource: res://assets/characters/roshan_25d/roshan_gesture_b.png remapped: res://assets/characters/roshan_25d/roshan_gesture_b.png
Loading resource: res://.godot/imported/roshan_gesture_b.png-8cb0fb1a0e3c6a3ff52f66869af29ee3.s3tc.ctex remapped: res://.godot/imported/roshan_gesture_b.png-8cb0fb1a0e3c6a3ff52f66869af29ee3.s3tc.ctex
Completed load for: 'res://assets/characters/roshan_25d/roshan_gesture_b.png' remapped 'res://assets/characters/roshan_25d/roshan_gesture_b.png' at thread -1
Loading resource: res://assets/characters/roshan_25d/roshan_gesture_c.png remapped: res://assets/characters/roshan_25d/roshan_gesture_c.png
Loading resource: res://.godot/imported/roshan_gesture_c.png-938a4e5c63b0fe35548d3f25bd960773.s3tc.ctex remapped: res://.godot/imported/roshan_gesture_c.png-938a4e5c63b0fe35548d3f25bd960773.s3tc.ctex
Completed load for: 'res://assets/characters/roshan_25d/roshan_gesture_c.png' remapped 'res://assets/characters/roshan_25d/roshan_gesture_c.png' at thread -1
Loading resource: res://assets/characters/roshan_25d/roshan_gesture_d.png remapped: res://assets/characters/roshan_25d/roshan_gesture_d.png
Loading resource: res://.godot/imported/roshan_gesture_d.png-08aed87dc09d080eaf1e4104fb084fdc.s3tc.ctex remapped: res://.godot/imported/roshan_gesture_d.png-08aed87dc09d080eaf1e4104fb084fdc.s3tc.ctex
Completed load for: 'res://assets/characters/roshan_25d/roshan_gesture_d.png' remapped 'res://assets/characters/roshan_25d/roshan_gesture_d.png' at thread -1
Loading resource: res://assets/characters/roshan_25d/roshan_play_a.png remapped: res://assets/characters/roshan_25d/roshan_play_a.png
Loading resource: res://.godot/imported/roshan_play_a.png-7836c4193fc7d229ea3c5f1583aa2038.s3tc.ctex remapped: res://.godot/imported/roshan_play_a.png-7836c4193fc7d229ea3c5f1583aa2038.s3tc.ctex
Completed load for: 'res://assets/characters/roshan_25d/roshan_play_a.png' remapped 'res://assets/characters/roshan_25d/roshan_play_a.png' at thread -1
Loading resource: res://assets/characters/roshan_25d/roshan_play_b.png remapped: res://assets/characters/roshan_25d/roshan_play_b.png
Loading resource: res://.godot/imported/roshan_play_b.png-115ffaa3712f999ce1caf531c6fbc9ec.s3tc.ctex remapped: res://.godot/imported/roshan_play_b.png-115ffaa3712f999ce1caf531c6fbc9ec.s3tc.ctex
Completed load for: 'res://assets/characters/roshan_25d/roshan_play_b.png' remapped 'res://assets/characters/roshan_25d/roshan_play_b.png' at thread -1
Loading resource: res://assets/flats/castle/boss/dusty_attic_arena_2048.png remapped: res://assets/flats/castle/boss/dusty_attic_arena_2048.png
Loading resource: res://.godot/imported/dusty_attic_arena_2048.png-d3ca08103aa6a7020e840963166fbe19.ctex remapped: res://.godot/imported/dusty_attic_arena_2048.png-d3ca08103aa6a7020e840963166fbe19.ctex
Completed load for: 'res://assets/flats/castle/boss/dusty_attic_arena_2048.png' remapped 'res://assets/flats/castle/boss/dusty_attic_arena_2048.png' at thread -1
Loading resource: res://assets/opera/worlds/props/fx_stolen_sparkle.png remapped: res://assets/opera/worlds/props/fx_stolen_sparkle.png
Loading resource: res://.godot/imported/fx_stolen_sparkle.png-78d191c055130f9a82753b3c1b5d08ac.s3tc.ctex remapped: res://.godot/imported/fx_stolen_sparkle.png-78d191c055130f9a82753b3c1b5d08ac.s3tc.ctex
Completed load for: 'res://assets/opera/worlds/props/fx_stolen_sparkle.png' remapped 'res://assets/opera/worlds/props/fx_stolen_sparkle.png' at thread -1
Loading resource: res://assets/opera/worlds/props/fx_dust_puff.png remapped: res://assets/opera/worlds/props/fx_dust_puff.png
Loading resource: res://.godot/imported/fx_dust_puff.png-c19e7c817e63296b4a7808774d821915.ctex remapped: res://.godot/imported/fx_dust_puff.png-c19e7c817e63296b4a7808774d821915.ctex
Completed load for: 'res://assets/opera/worlds/props/fx_dust_puff.png' remapped 'res://assets/opera/worlds/props/fx_dust_puff.png' at thread -1
Loading resource: res://assets/effects/grand_puff/purple_vortex_v4.png remapped: res://assets/effects/grand_puff/purple_vortex_v4.png
Loading resource: res://.godot/imported/purple_vortex_v4.png-73637daaea783585b2d9d0dcf967aace.ctex remapped: res://.godot/imported/purple_vortex_v4.png-73637daaea783585b2d9d0dcf967aace.ctex
Completed load for: 'res://assets/effects/grand_puff/purple_vortex_v4.png' remapped 'res://assets/effects/grand_puff/purple_vortex_v4.png' at thread -1
Loading resource: res://assets/castle/dirty_cleanup_2d/effects/fx_soap_bubbles.png remapped: res://assets/castle/dirty_cleanup_2d/effects/fx_soap_bubbles.png
Loading resource: res://.godot/imported/fx_soap_bubbles.png-8f04cce33abb3c3312d7afe57e1021e1.ctex remapped: res://.godot/imported/fx_soap_bubbles.png-8f04cce33abb3c3312d7afe57e1021e1.ctex
Completed load for: 'res://assets/castle/dirty_cleanup_2d/effects/fx_soap_bubbles.png' remapped 'res://assets/castle/dirty_cleanup_2d/effects/fx_soap_bubbles.png' at thread -1
Completed load for: 'res://scripts/probe_chapter2_lawn.gd' remapped 'res://scripts/probe_chapter2_lawn.gd' at thread -1
SceneTreeFTI: traversal method DEFAULT
Loaded system CA certificates
Loading resource: res://assets/flats/sky_lagoon/main/flat_sky_lagoon_main_panorama_v5_tile_r0_c2.png remapped: res://assets/flats/sky_lagoon/main/flat_sky_lagoon_main_panorama_v5_tile_r0_c2.png
Loading resource: res://.godot/imported/flat_sky_lagoon_main_panorama_v5_tile_r0_c2.png-707b7c1249db60c277ba18a5a90d2606.s3tc.ctex remapped: res://.godot/imported/flat_sky_lagoon_main_panorama_v5_tile_r0_c2.png-707b7c1249db60c277ba18a5a90d2606.s3tc.ctex
Completed load for: 'res://assets/flats/sky_lagoon/main/flat_sky_lagoon_main_panorama_v5_tile_r0_c2.png' remapped 'res://assets/flats/sky_lagoon/main/flat_sky_lagoon_main_panorama_v5_tile_r0_c2.png' at thread -1
Loading resource: res://assets/flats/sky_lagoon/main/flat_sky_lagoon_main_panorama_v5_tile_r0_c3.png remapped: res://assets/flats/sky_lagoon/main/flat_sky_lagoon_main_panorama_v5_tile_r0_c3.png
Loading resource: res://.godot/imported/flat_sky_lagoon_main_panorama_v5_tile_r0_c3.png-f5a0de2cacbf855b5537bfa011fb414f.s3tc.ctex remapped: res://.godot/imported/flat_sky_lagoon_main_panorama_v5_tile_r0_c3.png-f5a0de2cacbf855b5537bfa011fb414f.s3tc.ctex
Completed load for: 'res://assets/flats/sky_lagoon/main/flat_sky_lagoon_main_panorama_v5_tile_r0_c3.png' remapped 'res://assets/flats/sky_lagoon/main/flat_sky_lagoon_main_panorama_v5_tile_r0_c3.png' at thread -1
Loading resource: res://assets/flats/sky_lagoon/main/flat_sky_lagoon_main_panorama_v5_tile_r1_c2.png remapped: res://assets/flats/sky_lagoon/main/flat_sky_lagoon_main_panorama_v5_tile_r1_c2.png
Loading resource: res://.godot/imported/flat_sky_lagoon_main_panorama_v5_tile_r1_c2.png-0c556d40124fed4dea38c25d4997f920.s3tc.ctex remapped: res://.godot/imported/flat_sky_lagoon_main_panorama_v5_tile_r1_c2.png-0c556d40124fed4dea38c25d4997f920.s3tc.ctex
Completed load for: 'res://assets/flats/sky_lagoon/main/flat_sky_lagoon_main_panorama_v5_tile_r1_c2.png' remapped 'res://assets/flats/sky_lagoon/main/flat_sky_lagoon_main_panorama_v5_tile_r1_c2.png' at thread -1
Loading resource: res://assets/flats/sky_lagoon/main/flat_sky_lagoon_main_panorama_v5_tile_r1_c3.png remapped: res://assets/flats/sky_lagoon/main/flat_sky_lagoon_main_panorama_v5_tile_r1_c3.png
Loading resource: res://.godot/imported/flat_sky_lagoon_main_panorama_v5_tile_r1_c3.png-f8ce0e5f490964960eec056604b88fb0.s3tc.ctex remapped: res://.godot/imported/flat_sky_lagoon_main_panorama_v5_tile_r1_c3.png-f8ce0e5f490964960eec056604b88fb0.s3tc.ctex
Completed load for: 'res://assets/flats/sky_lagoon/main/flat_sky_lagoon_main_panorama_v5_tile_r1_c3.png' remapped 'res://assets/flats/sky_lagoon/main/flat_sky_lagoon_main_panorama_v5_tile_r1_c3.png' at thread -1
Loading resource: res://assets/flats/castle/dream_house/dining_table.png remapped: res://assets/flats/castle/dream_house/dining_table.png
Loading resource: res://.godot/imported/dining_table.png-1adcb52d35ada4eaad348863d3c4ed14.ctex remapped: res://.godot/imported/dining_table.png-1adcb52d35ada4eaad348863d3c4ed14.ctex
Completed load for: 'res://assets/flats/castle/dream_house/dining_table.png' remapped 'res://assets/flats/castle/dream_house/dining_table.png' at thread -1
Loading resource: res://assets/characters/friends/wacky_chuck.png remapped: res://assets/characters/friends/wacky_chuck.png
Loading resource: res://.godot/imported/wacky_chuck.png-63371bb14e3433205c86fe378abf8c31.ctex remapped: res://.godot/imported/wacky_chuck.png-63371bb14e3433205c86fe378abf8c31.ctex
Completed load for: 'res://assets/characters/friends/wacky_chuck.png' remapped 'res://assets/characters/friends/wacky_chuck.png' at thread -1
Loading resource: res://assets/characters/friends/two_friends.png remapped: res://assets/characters/friends/two_friends.png
Loading resource: res://.godot/imported/two_friends.png-927c5e0bbc031d63df1bd89267fce6b9.ctex remapped: res://.godot/imported/two_friends.png-927c5e0bbc031d63df1bd89267fce6b9.ctex
Completed load for: 'res://assets/characters/friends/two_friends.png' remapped 'res://assets/characters/friends/two_friends.png' at thread -1
Loading resource: res://assets/characters/friends/pearl_friend.png remapped: res://assets/characters/friends/pearl_friend.png
Loading resource: res://.godot/imported/pearl_friend.png-9ec09c1badbb97711a21e69ddc22aeac.ctex remapped: res://.godot/imported/pearl_friend.png-9ec09c1badbb97711a21e69ddc22aeac.ctex
Completed load for: 'res://assets/characters/friends/pearl_friend.png' remapped 'res://assets/characters/friends/pearl_friend.png' at thread -1
Loading resource: res://assets/characters/friends/mama_baby.png remapped: res://assets/characters/friends/mama_baby.png
Loading resource: res://.godot/imported/mama_baby.png-5a11388366ac5314d4ba6bff63bf1e40.ctex remapped: res://.godot/imported/mama_baby.png-5a11388366ac5314d4ba6bff63bf1e40.ctex
Completed load for: 'res://assets/characters/friends/mama_baby.png' remapped 'res://assets/characters/friends/mama_baby.png' at thread -1
Loading resource: res://assets/characters/friends/kareem.png remapped: res://assets/characters/friends/kareem.png
Loading resource: res://.godot/imported/kareem.png-bd70711ad9a4b54f8fe2a1d80ea60996.ctex remapped: res://.godot/imported/kareem.png-bd70711ad9a4b54f8fe2a1d80ea60996.ctex
Completed load for: 'res://assets/characters/friends/kareem.png' remapped 'res://assets/characters/friends/kareem.png' at thread -1
Loading resource: res://assets/characters/friends/huluu.png remapped: res://assets/characters/friends/huluu.png
Loading resource: res://.godot/imported/huluu.png-6fee73331b3d0600210812844b67ef58.ctex remapped: res://.godot/imported/huluu.png-6fee73331b3d0600210812844b67ef58.ctex
Completed load for: 'res://assets/characters/friends/huluu.png' remapped 'res://assets/characters/friends/huluu.png' at thread -1
Loading resource: res://assets/characters/friends/flower_friend.png remapped: res://assets/characters/friends/flower_friend.png
Loading resource: res://.godot/imported/flower_friend.png-4e6651e528bf5baab9ad87f4d0b8c7f4.ctex remapped: res://.godot/imported/flower_friend.png-4e6651e528bf5baab9ad87f4d0b8c7f4.ctex
Completed load for: 'res://assets/characters/friends/flower_friend.png' remapped 'res://assets/characters/friends/flower_friend.png' at thread -1
Loading resource: res://assets/characters/friends/daddy.webp remapped: res://assets/characters/friends/daddy.webp
Loading resource: res://.godot/imported/daddy.webp-3a22b857022db58d12ed91602bd085a3.ctex remapped: res://.godot/imported/daddy.webp-3a22b857022db58d12ed91602bd085a3.ctex
Completed load for: 'res://assets/characters/friends/daddy.webp' remapped 'res://assets/characters/friends/daddy.webp' at thread -1
Loading resource: res://assets/book/doll_cat.png remapped: res://assets/book/doll_cat.png
Loading resource: res://.godot/imported/doll_cat.png-8dd5b416a4b7baec369dde60c7412a62.ctex remapped: res://.godot/imported/doll_cat.png-8dd5b416a4b7baec369dde60c7412a62.ctex
Completed load for: 'res://assets/book/doll_cat.png' remapped 'res://assets/book/doll_cat.png' at thread -1
Loading resource: res://assets/book/doll_bunny.png remapped: res://assets/book/doll_bunny.png
Loading resource: res://.godot/imported/doll_bunny.png-a1a52c944c5598edfdca50b66b939c38.ctex remapped: res://.godot/imported/doll_bunny.png-a1a52c944c5598edfdca50b66b939c38.ctex
Completed load for: 'res://assets/book/doll_bunny.png' remapped 'res://assets/book/doll_bunny.png' at thread -1
Loading resource: res://assets/opera/worlds/props/goal_ballerina.png remapped: res://assets/opera/worlds/props/goal_ballerina.png
Loading resource: res://.godot/imported/goal_ballerina.png-db67e5af6a1fa1e71ecf4379dcef72ff.s3tc.ctex remapped: res://.godot/imported/goal_ballerina.png-db67e5af6a1fa1e71ecf4379dcef72ff.s3tc.ctex
Completed load for: 'res://assets/opera/worlds/props/goal_ballerina.png' remapped 'res://assets/opera/worlds/props/goal_ballerina.png' at thread -1
Loading resource: res://assets/opera/worlds/props/goal_popstar.png remapped: res://assets/opera/worlds/props/goal_popstar.png
Loading resource: res://.godot/imported/goal_popstar.png-31c1f07a899a0040c0e44accf433085d.s3tc.ctex remapped: res://.godot/imported/goal_popstar.png-31c1f07a899a0040c0e44accf433085d.s3tc.ctex
Completed load for: 'res://assets/opera/worlds/props/goal_popstar.png' remapped 'res://assets/opera/worlds/props/goal_popstar.png' at thread -1
Loading resource: res://assets/characters/rumi/rumi_eight_pose_runtime.png remapped: res://assets/characters/rumi/rumi_eight_pose_runtime.png
Loading resource: res://.godot/imported/rumi_eight_pose_runtime.png-4d3d7e9eed391ec400be6a483fbbd59d.ctex remapped: res://.godot/imported/rumi_eight_pose_runtime.png-4d3d7e9eed391ec400be6a483fbbd59d.ctex
Completed load for: 'res://assets/characters/rumi/rumi_eight_pose_runtime.png' remapped 'res://assets/characters/rumi/rumi_eight_pose_runtime.png' at thread -1
Loading resource: res://assets/chapter2/birthday/chapter2_grand_five_strawberry_cake.png remapped: res://assets/chapter2/birthday/chapter2_grand_five_strawberry_cake.png
Loading resource: res://.godot/imported/chapter2_grand_five_strawberry_cake.png-15d258e3bfb36bfe1a0dd9e5007fd873.ctex remapped: res://.godot/imported/chapter2_grand_five_strawberry_cake.png-15d258e3bfb36bfe1a0dd9e5007fd873.ctex
Completed load for: 'res://assets/chapter2/birthday/chapter2_grand_five_strawberry_cake.png' remapped 'res://assets/chapter2/birthday/chapter2_grand_five_strawberry_cake.png' at thread -1
Loading resource: res://assets/chapter2/birthday/rainbow_candle_unlit.png remapped: res://assets/chapter2/birthday/rainbow_candle_unlit.png
Loading resource: res://.godot/imported/rainbow_candle_unlit.png-590e1bfc4f9a4572b2b8e253adc40060.ctex remapped: res://.godot/imported/rainbow_candle_unlit.png-590e1bfc4f9a4572b2b8e253adc40060.ctex
Completed load for: 'res://assets/chapter2/birthday/rainbow_candle_unlit.png' remapped 'res://assets/chapter2/birthday/rainbow_candle_unlit.png' at thread -1
Loading resource: res://assets/opera/worlds/props/goal_astronaut.png remapped: res://assets/opera/worlds/props/goal_astronaut.png
Loading resource: res://.godot/imported/goal_astronaut.png-99a883c005e02d50b9d2c0ef7d7f4365.s3tc.ctex remapped: res://.godot/imported/goal_astronaut.png-99a883c005e02d50b9d2c0ef7d7f4365.s3tc.ctex
Completed load for: 'res://assets/opera/worlds/props/goal_astronaut.png' remapped 'res://assets/opera/worlds/props/goal_astronaut.png' at thread -1
Loading resource: res://assets/chapter2/ember_alpha/king_v4_cutout.png remapped: res://assets/chapter2/ember_alpha/king_v4_cutout.png
Loading resource: res://.godot/imported/king_v4_cutout.png-3c47309ecb90795648de80b4f5515814.ctex remapped: res://.godot/imported/king_v4_cutout.png-3c47309ecb90795648de80b4f5515814.ctex
Completed load for: 'res://assets/chapter2/ember_alpha/king_v4_cutout.png' remapped 'res://assets/chapter2/ember_alpha/king_v4_cutout.png' at thread -1
Loading resource: res://assets/chapter2/ember_alpha/prince_idle.png remapped: res://assets/chapter2/ember_alpha/prince_idle.png
Loading resource: res://.godot/imported/prince_idle.png-7c4c40d6ac3da968384799442f0160ab.ctex remapped: res://.godot/imported/prince_idle.png-7c4c40d6ac3da968384799442f0160ab.ctex
Completed load for: 'res://assets/chapter2/ember_alpha/prince_idle.png' remapped 'res://assets/chapter2/ember_alpha/prince_idle.png' at thread -1
Loading resource: res://assets/chapter2/birthday/rainbow_candle_large_flame.png remapped: res://assets/chapter2/birthday/rainbow_candle_large_flame.png
Loading resource: res://.godot/imported/rainbow_candle_large_flame.png-a1a0b3799a2bc1aeef43e25e6bbcd0c6.ctex remapped: res://.godot/imported/rainbow_candle_large_flame.png-a1a0b3799a2bc1aeef43e25e6bbcd0c6.ctex
Completed load for: 'res://assets/chapter2/birthday/rainbow_candle_large_flame.png' remapped 'res://assets/chapter2/birthday/rainbow_candle_large_flame.png' at thread -1
Loading resource: res://assets/characters/roshan_25d/roshan_base.png remapped: res://assets/characters/roshan_25d/roshan_base.png
Loading resource: res://.godot/imported/roshan_base.png-9c456388e4a5ef13b9331f23ea18de99.s3tc.ctex remapped: res://.godot/imported/roshan_base.png-9c456388e4a5ef13b9331f23ea18de99.s3tc.ctex
Completed load for: 'res://assets/characters/roshan_25d/roshan_base.png' remapped 'res://assets/characters/roshan_25d/roshan_base.png' at thread -1
bcdec: Decompression of a 256x256 DXT5 RGBA8 image with 0 mipmaps took 0 ms.
LAWN_SCALE|king=[P: (963.6135, 272.0), S: (262.7051, 288.0)] prince=[P: (848.0, 329.6), S: (110.2246, 230.4)] roshan=[P: (671.0, 345.0), S: (166.0, 215.0)]
CHAPTER2_LAWN|visible Prince height preserves approved four-fifths King ratio: OK
CHAPTER2_LAWN|King reads larger without dwarfing Roshan: OK
CHAPTER2_LAWN|story cast shares a ground plane despite different texture padding: OK
CHAPTER2_LAWN|ignition targets the source-art brass button above the porthole: OK
CHAPTER2_LAWN|authored final fingertip lands on the brass button: OK
CHAPTER2_LAWN|warning origin agrees with the King's grounded position: OK
CHAPTER2_LAWN|lit and stolen candle use identical display size: OK
CHAPTER2_LAWN|birthday staging represents all eight earned castle jobs: OK
CHAPTER2_LAWN|earned handoff is physically visible: Cake: OK
CHAPTER2_LAWN|earned handoff is physically visible: Banner: OK
CHAPTER2_LAWN|earned handoff is physically visible: StuffieCat: OK
CHAPTER2_LAWN|earned handoff is physically visible: StuffieBunny: OK
CHAPTER2_LAWN|earned handoff is physically visible: MusicBox: OK
CHAPTER2_LAWN|earned handoff is physically visible: Rumi: OK
CHAPTER2_LAWN|earned handoff is physically visible: PartyMicrophone: OK
CHAPTER2_LAWN|earned handoff is physically visible: Rocket: OK
CHAPTER2_LAWN|earned handoff is physically visible: Candle: OK
CHAPTER2_LAWN|stuffies reuse the original protected ballet art: OK
CHAPTER2_LAWN|birthday lawn contains no playground equipment: OK
CHAPTER2_LAWN|idle lawn cannot light candle or start battle: OK
CHAPTER2_LAWN|rocket tap requests bounded travel without remote progress: OK
CHAPTER2_LAWN|another finger cannot cancel the requested ignition: OK
Loading resource: res://assets/characters/roshan_25d/roshan_base.png remapped: res://assets/characters/roshan_25d/roshan_base.png
Loading resource: res://.godot/imported/roshan_base.png-9c456388e4a5ef13b9331f23ea18de99.s3tc.ctex remapped: res://.godot/imported/roshan_base.png-9c456388e4a5ef13b9331f23ea18de99.s3tc.ctex
Completed load for: 'res://assets/characters/roshan_25d/roshan_base.png' remapped 'res://assets/characters/roshan_25d/roshan_base.png' at thread -1
CHAPTER2_LAWN|canceled source touch cannot complete ignition later: OK
CHAPTER2_LAWN|checkpoint writes to disk: OK
Loading resource: res://assets/flats/sky_lagoon/main/flat_sky_lagoon_main_panorama_v5_tile_r0_c2.png remapped: res://assets/flats/sky_lagoon/main/flat_sky_lagoon_main_panorama_v5_tile_r0_c2.png
Loading resource: res://.godot/imported/flat_sky_lagoon_main_panorama_v5_tile_r0_c2.png-707b7c1249db60c277ba18a5a90d2606.s3tc.ctex remapped: res://.godot/imported/flat_sky_lagoon_main_panorama_v5_tile_r0_c2.png-707b7c1249db60c277ba18a5a90d2606.s3tc.ctex
Completed load for: 'res://assets/flats/sky_lagoon/main/flat_sky_lagoon_main_panorama_v5_tile_r0_c2.png' remapped 'res://assets/flats/sky_lagoon/main/flat_sky_lagoon_main_panorama_v5_tile_r0_c2.png' at thread -1
Loading resource: res://assets/flats/sky_lagoon/main/flat_sky_lagoon_main_panorama_v5_tile_r0_c3.png remapped: res://assets/flats/sky_lagoon/main/flat_sky_lagoon_main_panorama_v5_tile_r0_c3.png
Loading resource: res://.godot/imported/flat_sky_lagoon_main_panorama_v5_tile_r0_c3.png-f5a0de2cacbf855b5537bfa011fb414f.s3tc.ctex remapped: res://.godot/imported/flat_sky_lagoon_main_panorama_v5_tile_r0_c3.png-f5a0de2cacbf855b5537bfa011fb414f.s3tc.ctex
Completed load for: 'res://assets/flats/sky_lagoon/main/flat_sky_lagoon_main_panorama_v5_tile_r0_c3.png' remapped 'res://assets/flats/sky_lagoon/main/flat_sky_lagoon_main_panorama_v5_tile_r0_c3.png' at thread -1
Loading resource: res://assets/flats/sky_lagoon/main/flat_sky_lagoon_main_panorama_v5_tile_r1_c2.png remapped: res://assets/flats/sky_lagoon/main/flat_sky_lagoon_main_panorama_v5_tile_r1_c2.png
Loading resource: res://.godot/imported/flat_sky_lagoon_main_panorama_v5_tile_r1_c2.png-0c556d40124fed4dea38c25d4997f920.s3tc.ctex remapped: res://.godot/imported/flat_sky_lagoon_main_panorama_v5_tile_r1_c2.png-0c556d40124fed4dea38c25d4997f920.s3tc.ctex
Completed load for: 'res://assets/flats/sky_lagoon/main/flat_sky_lagoon_main_panorama_v5_tile_r1_c2.png' remapped 'res://assets/flats/sky_lagoon/main/flat_sky_lagoon_main_panorama_v5_tile_r1_c2.png' at thread -1
Loading resource: res://assets/flats/sky_lagoon/main/flat_sky_lagoon_main_panorama_v5_tile_r1_c3.png remapped: res://assets/flats/sky_lagoon/main/flat_sky_lagoon_main_panorama_v5_tile_r1_c3.png
Loading resource: res://.godot/imported/flat_sky_lagoon_main_panorama_v5_tile_r1_c3.png-f8ce0e5f490964960eec056604b88fb0.s3tc.ctex remapped: res://.godot/imported/flat_sky_lagoon_main_panorama_v5_tile_r1_c3.png-f8ce0e5f490964960eec056604b88fb0.s3tc.ctex
Completed load for: 'res://assets/flats/sky_lagoon/main/flat_sky_lagoon_main_panorama_v5_tile_r1_c3.png' remapped 'res://assets/flats/sky_lagoon/main/flat_sky_lagoon_main_panorama_v5_tile_r1_c3.png' at thread -1
Loading resource: res://assets/flats/castle/dream_house/dining_table.png remapped: res://assets/flats/castle/dream_house/dining_table.png
Loading resource: res://.godot/imported/dining_table.png-1adcb52d35ada4eaad348863d3c4ed14.ctex remapped: res://.godot/imported/dining_table.png-1adcb52d35ada4eaad348863d3c4ed14.ctex
Completed load for: 'res://assets/flats/castle/dream_house/dining_table.png' remapped 'res://assets/flats/castle/dream_house/dining_table.png' at thread -1
Loading resource: res://assets/characters/friends/wacky_chuck.png remapped: res://assets/characters/friends/wacky_chuck.png
Loading resource: res://.godot/imported/wacky_chuck.png-63371bb14e3433205c86fe378abf8c31.ctex remapped: res://.godot/imported/wacky_chuck.png-63371bb14e3433205c86fe378abf8c31.ctex
Completed load for: 'res://assets/characters/friends/wacky_chuck.png' remapped 'res://assets/characters/friends/wacky_chuck.png' at thread -1
Loading resource: res://assets/characters/friends/two_friends.png remapped: res://assets/characters/friends/two_friends.png
Loading resource: res://.godot/imported/two_friends.png-927c5e0bbc031d63df1bd89267fce6b9.ctex remapped: res://.godot/imported/two_friends.png-927c5e0bbc031d63df1bd89267fce6b9.ctex
Completed load for: 'res://assets/characters/friends/two_friends.png' remapped 'res://assets/characters/friends/two_friends.png' at thread -1
Loading resource: res://assets/characters/friends/pearl_friend.png remapped: res://assets/characters/friends/pearl_friend.png
Loading resource: res://.godot/imported/pearl_friend.png-9ec09c1badbb97711a21e69ddc22aeac.ctex remapped: res://.godot/imported/pearl_friend.png-9ec09c1badbb97711a21e69ddc22aeac.ctex
Completed load for: 'res://assets/characters/friends/pearl_friend.png' remapped 'res://assets/characters/friends/pearl_friend.png' at thread -1
Loading resource: res://assets/characters/friends/mama_baby.png remapped: res://assets/characters/friends/mama_baby.png
Loading resource: res://.godot/imported/mama_baby.png-5a11388366ac5314d4ba6bff63bf1e40.ctex remapped: res://.godot/imported/mama_baby.png-5a11388366ac5314d4ba6bff63bf1e40.ctex
Completed load for: 'res://assets/characters/friends/mama_baby.png' remapped 'res://assets/characters/friends/mama_baby.png' at thread -1
Loading resource: res://assets/characters/friends/kareem.png remapped: res://assets/characters/friends/kareem.png
Loading resource: res://.godot/imported/kareem.png-bd70711ad9a4b54f8fe2a1d80ea60996.ctex remapped: res://.godot/imported/kareem.png-bd70711ad9a4b54f8fe2a1d80ea60996.ctex
Completed load for: 'res://assets/characters/friends/kareem.png' remapped 'res://assets/characters/friends/kareem.png' at thread -1
Loading resource: res://assets/characters/friends/huluu.png remapped: res://assets/characters/friends/huluu.png
Loading resource: res://.godot/imported/huluu.png-6fee73331b3d0600210812844b67ef58.ctex remapped: res://.godot/imported/huluu.png-6fee73331b3d0600210812844b67ef58.ctex
Completed load for: 'res://assets/characters/friends/huluu.png' remapped 'res://assets/characters/friends/huluu.png' at thread -1
Loading resource: res://assets/characters/friends/flower_friend.png remapped: res://assets/characters/friends/flower_friend.png
Loading resource: res://.godot/imported/flower_friend.png-4e6651e528bf5baab9ad87f4d0b8c7f4.ctex remapped: res://.godot/imported/flower_friend.png-4e6651e528bf5baab9ad87f4d0b8c7f4.ctex
Completed load for: 'res://assets/characters/friends/flower_friend.png' remapped 'res://assets/characters/friends/flower_friend.png' at thread -1
Loading resource: res://assets/characters/friends/daddy.webp remapped: res://assets/characters/friends/daddy.webp
Loading resource: res://.godot/imported/daddy.webp-3a22b857022db58d12ed91602bd085a3.ctex remapped: res://.godot/imported/daddy.webp-3a22b857022db58d12ed91602bd085a3.ctex
Completed load for: 'res://assets/characters/friends/daddy.webp' remapped 'res://assets/characters/friends/daddy.webp' at thread -1
Loading resource: res://assets/book/doll_cat.png remapped: res://assets/book/doll_cat.png
Loading resource: res://.godot/imported/doll_cat.png-8dd5b416a4b7baec369dde60c7412a62.ctex remapped: res://.godot/imported/doll_cat.png-8dd5b416a4b7baec369dde60c7412a62.ctex
Completed load for: 'res://assets/book/doll_cat.png' remapped 'res://assets/book/doll_cat.png' at thread -1
Loading resource: res://assets/book/doll_bunny.png remapped: res://assets/book/doll_bunny.png
Loading resource: res://.godot/imported/doll_bunny.png-a1a52c944c5598edfdca50b66b939c38.ctex remapped: res://.godot/imported/doll_bunny.png-a1a52c944c5598edfdca50b66b939c38.ctex
Completed load for: 'res://assets/book/doll_bunny.png' remapped 'res://assets/book/doll_bunny.png' at thread -1
Loading resource: res://assets/opera/worlds/props/goal_ballerina.png remapped: res://assets/opera/worlds/props/goal_ballerina.png
Loading resource: res://.godot/imported/goal_ballerina.png-db67e5af6a1fa1e71ecf4379dcef72ff.s3tc.ctex remapped: res://.godot/imported/goal_ballerina.png-db67e5af6a1fa1e71ecf4379dcef72ff.s3tc.ctex
Completed load for: 'res://assets/opera/worlds/props/goal_ballerina.png' remapped 'res://assets/opera/worlds/props/goal_ballerina.png' at thread -1
Loading resource: res://assets/opera/worlds/props/goal_popstar.png remapped: res://assets/opera/worlds/props/goal_popstar.png
Loading resource: res://.godot/imported/goal_popstar.png-31c1f07a899a0040c0e44accf433085d.s3tc.ctex remapped: res://.godot/imported/goal_popstar.png-31c1f07a899a0040c0e44accf433085d.s3tc.ctex
Completed load for: 'res://assets/opera/worlds/props/goal_popstar.png' remapped 'res://assets/opera/worlds/props/goal_popstar.png' at thread -1
Loading resource: res://assets/characters/rumi/rumi_eight_pose_runtime.png remapped: res://assets/characters/rumi/rumi_eight_pose_runtime.png
Loading resource: res://.godot/imported/rumi_eight_pose_runtime.png-4d3d7e9eed391ec400be6a483fbbd59d.ctex remapped: res://.godot/imported/rumi_eight_pose_runtime.png-4d3d7e9eed391ec400be6a483fbbd59d.ctex
Completed load for: 'res://assets/characters/rumi/rumi_eight_pose_runtime.png' remapped 'res://assets/characters/rumi/rumi_eight_pose_runtime.png' at thread -1
Loading resource: res://assets/chapter2/birthday/chapter2_grand_five_strawberry_cake.png remapped: res://assets/chapter2/birthday/chapter2_grand_five_strawberry_cake.png
Loading resource: res://.godot/imported/chapter2_grand_five_strawberry_cake.png-15d258e3bfb36bfe1a0dd9e5007fd873.ctex remapped: res://.godot/imported/chapter2_grand_five_strawberry_cake.png-15d258e3bfb36bfe1a0dd9e5007fd873.ctex
Completed load for: 'res://assets/chapter2/birthday/chapter2_grand_five_strawberry_cake.png' remapped 'res://assets/chapter2/birthday/chapter2_grand_five_strawberry_cake.png' at thread -1
Loading resource: res://assets/chapter2/birthday/rainbow_candle_unlit.png remapped: res://assets/chapter2/birthday/rainbow_candle_unlit.png
Loading resource: res://.godot/imported/rainbow_candle_unlit.png-590e1bfc4f9a4572b2b8e253adc40060.ctex remapped: res://.godot/imported/rainbow_candle_unlit.png-590e1bfc4f9a4572b2b8e253adc40060.ctex
Completed load for: 'res://assets/chapter2/birthday/rainbow_candle_unlit.png' remapped 'res://assets/chapter2/birthday/rainbow_candle_unlit.png' at thread -1
Loading resource: res://assets/opera/worlds/props/goal_astronaut.png remapped: res://assets/opera/worlds/props/goal_astronaut.png
Loading resource: res://.godot/imported/goal_astronaut.png-99a883c005e02d50b9d2c0ef7d7f4365.s3tc.ctex remapped: res://.godot/imported/goal_astronaut.png-99a883c005e02d50b9d2c0ef7d7f4365.s3tc.ctex
Completed load for: 'res://assets/opera/worlds/props/goal_astronaut.png' remapped 'res://assets/opera/worlds/props/goal_astronaut.png' at thread -1
Loading resource: res://assets/chapter2/ember_alpha/king_v4_cutout.png remapped: res://assets/chapter2/ember_alpha/king_v4_cutout.png
Loading resource: res://.godot/imported/king_v4_cutout.png-3c47309ecb90795648de80b4f5515814.ctex remapped: res://.godot/imported/king_v4_cutout.png-3c47309ecb90795648de80b4f5515814.ctex
Completed load for: 'res://assets/chapter2/ember_alpha/king_v4_cutout.png' remapped 'res://assets/chapter2/ember_alpha/king_v4_cutout.png' at thread -1
Loading resource: res://assets/chapter2/ember_alpha/prince_idle.png remapped: res://assets/chapter2/ember_alpha/prince_idle.png
Loading resource: res://.godot/imported/prince_idle.png-7c4c40d6ac3da968384799442f0160ab.ctex remapped: res://.godot/imported/prince_idle.png-7c4c40d6ac3da968384799442f0160ab.ctex
Completed load for: 'res://assets/chapter2/ember_alpha/prince_idle.png' remapped 'res://assets/chapter2/ember_alpha/prince_idle.png' at thread -1
Loading resource: res://assets/chapter2/birthday/rainbow_candle_large_flame.png remapped: res://assets/chapter2/birthday/rainbow_candle_large_flame.png
Loading resource: res://.godot/imported/rainbow_candle_large_flame.png-a1a0b3799a2bc1aeef43e25e6bbcd0c6.ctex remapped: res://.godot/imported/rainbow_candle_large_flame.png-a1a0b3799a2bc1aeef43e25e6bbcd0c6.ctex
Completed load for: 'res://assets/chapter2/birthday/rainbow_candle_large_flame.png' remapped 'res://assets/chapter2/birthday/rainbow_candle_large_flame.png' at thread -1
Loading resource: res://assets/characters/roshan_25d/roshan_base.png remapped: res://assets/characters/roshan_25d/roshan_base.png
Loading resource: res://.godot/imported/roshan_base.png-9c456388e4a5ef13b9331f23ea18de99.s3tc.ctex remapped: res://.godot/imported/roshan_base.png-9c456388e4a5ef13b9331f23ea18de99.s3tc.ctex
Completed load for: 'res://assets/characters/roshan_25d/roshan_base.png' remapped 'res://assets/characters/roshan_25d/roshan_base.png' at thread -1
CHAPTER2_LAWN|teardown and reload discard unfinished ignition: OK
Loading resource: res://assets/characters/roshan_25d/roshan_base.png remapped: res://assets/characters/roshan_25d/roshan_base.png
Loading resource: res://.godot/imported/roshan_base.png-9c456388e4a5ef13b9331f23ea18de99.s3tc.ctex remapped: res://.godot/imported/roshan_base.png-9c456388e4a5ef13b9331f23ea18de99.s3tc.ctex
Completed load for: 'res://assets/characters/roshan_25d/roshan_base.png' remapped 'res://assets/characters/roshan_25d/roshan_base.png' at thread -1
CHAPTER2_LAWN|interrupted approach cannot finish after resume: OK
CHAPTER2_LAWN|Roshan reaches the actual rocket before its action: OK
CHAPTER2_LAWN|authored hand reach contacts the ignition before progress: OK
Loading resource: res://assets/characters/roshan_25d/roshan_base.png remapped: res://assets/characters/roshan_25d/roshan_base.png
Loading resource: res://.godot/imported/roshan_base.png-9c456388e4a5ef13b9331f23ea18de99.s3tc.ctex remapped: res://.godot/imported/roshan_base.png-9c456388e4a5ef13b9331f23ea18de99.s3tc.ctex
Completed load for: 'res://assets/characters/roshan_25d/roshan_base.png' remapped 'res://assets/characters/roshan_25d/roshan_base.png' at thread -1
CHAPTER2_LAWN|interrupted contact cannot light the candle later: OK
Loading resource: res://assets/characters/roshan_25d/roshan_base.png remapped: res://assets/characters/roshan_25d/roshan_base.png
Loading resource: res://.godot/imported/roshan_base.png-9c456388e4a5ef13b9331f23ea18de99.s3tc.ctex remapped: res://.godot/imported/roshan_base.png-9c456388e4a5ef13b9331f23ea18de99.s3tc.ctex
Completed load for: 'res://assets/characters/roshan_25d/roshan_base.png' remapped 'res://assets/characters/roshan_25d/roshan_base.png' at thread -1
CHAPTER2_LAWN|fresh complete travel and ignition light the candle once: OK
CHAPTER2_LAWN|checkpoint writes to disk: OK
Loading resource: res://assets/flats/sky_lagoon/main/flat_sky_lagoon_main_panorama_v5_tile_r0_c2.png remapped: res://assets/flats/sky_lagoon/main/flat_sky_lagoon_main_panorama_v5_tile_r0_c2.png
Loading resource: res://.godot/imported/flat_sky_lagoon_main_panorama_v5_tile_r0_c2.png-707b7c1249db60c277ba18a5a90d2606.s3tc.ctex remapped: res://.godot/imported/flat_sky_lagoon_main_panorama_v5_tile_r0_c2.png-707b7c1249db60c277ba18a5a90d2606.s3tc.ctex
Completed load for: 'res://assets/flats/sky_lagoon/main/flat_sky_lagoon_main_panorama_v5_tile_r0_c2.png' remapped 'res://assets/flats/sky_lagoon/main/flat_sky_lagoon_main_panorama_v5_tile_r0_c2.png' at thread -1
Loading resource: res://assets/flats/sky_lagoon/main/flat_sky_lagoon_main_panorama_v5_tile_r0_c3.png remapped: res://assets/flats/sky_lagoon/main/flat_sky_lagoon_main_panorama_v5_tile_r0_c3.png
Loading resource: res://.godot/imported/flat_sky_lagoon_main_panorama_v5_tile_r0_c3.png-f5a0de2cacbf855b5537bfa011fb414f.s3tc.ctex remapped: res://.godot/imported/flat_sky_lagoon_main_panorama_v5_tile_r0_c3.png-f5a0de2cacbf855b5537bfa011fb414f.s3tc.ctex
Completed load for: 'res://assets/flats/sky_lagoon/main/flat_sky_lagoon_main_panorama_v5_tile_r0_c3.png' remapped 'res://assets/flats/sky_lagoon/main/flat_sky_lagoon_main_panorama_v5_tile_r0_c3.png' at thread -1
Loading resource: res://assets/flats/sky_lagoon/main/flat_sky_lagoon_main_panorama_v5_tile_r1_c2.png remapped: res://assets/flats/sky_lagoon/main/flat_sky_lagoon_main_panorama_v5_tile_r1_c2.png
Loading resource: res://.godot/imported/flat_sky_lagoon_main_panorama_v5_tile_r1_c2.png-0c556d40124fed4dea38c25d4997f920.s3tc.ctex remapped: res://.godot/imported/flat_sky_lagoon_main_panorama_v5_tile_r1_c2.png-0c556d40124fed4dea38c25d4997f920.s3tc.ctex
Completed load for: 'res://assets/flats/sky_lagoon/main/flat_sky_lagoon_main_panorama_v5_tile_r1_c2.png' remapped 'res://assets/flats/sky_lagoon/main/flat_sky_lagoon_main_panorama_v5_tile_r1_c2.png' at thread -1
Loading resource: res://assets/flats/sky_lagoon/main/flat_sky_lagoon_main_panorama_v5_tile_r1_c3.png remapped: res://assets/flats/sky_lagoon/main/flat_sky_lagoon_main_panorama_v5_tile_r1_c3.png
Loading resource: res://.godot/imported/flat_sky_lagoon_main_panorama_v5_tile_r1_c3.png-f8ce0e5f490964960eec056604b88fb0.s3tc.ctex remapped: res://.godot/imported/flat_sky_lagoon_main_panorama_v5_tile_r1_c3.png-f8ce0e5f490964960eec056604b88fb0.s3tc.ctex
Completed load for: 'res://assets/flats/sky_lagoon/main/flat_sky_lagoon_main_panorama_v5_tile_r1_c3.png' remapped 'res://assets/flats/sky_lagoon/main/flat_sky_lagoon_main_panorama_v5_tile_r1_c3.png' at thread -1
Loading resource: res://assets/flats/castle/dream_house/dining_table.png remapped: res://assets/flats/castle/dream_house/dining_table.png
Loading resource: res://.godot/imported/dining_table.png-1adcb52d35ada4eaad348863d3c4ed14.ctex remapped: res://.godot/imported/dining_table.png-1adcb52d35ada4eaad348863d3c4ed14.ctex
Completed load for: 'res://assets/flats/castle/dream_house/dining_table.png' remapped 'res://assets/flats/castle/dream_house/dining_table.png' at thread -1
Loading resource: res://assets/characters/friends/wacky_chuck.png remapped: res://assets/characters/friends/wacky_chuck.png
Loading resource: res://.godot/imported/wacky_chuck.png-63371bb14e3433205c86fe378abf8c31.ctex remapped: res://.godot/imported/wacky_chuck.png-63371bb14e3433205c86fe378abf8c31.ctex
Completed load for: 'res://assets/characters/friends/wacky_chuck.png' remapped 'res://assets/characters/friends/wacky_chuck.png' at thread -1
Loading resource: res://assets/characters/friends/two_friends.png remapped: res://assets/characters/friends/two_friends.png
Loading resource: res://.godot/imported/two_friends.png-927c5e0bbc031d63df1bd89267fce6b9.ctex remapped: res://.godot/imported/two_friends.png-927c5e0bbc031d63df1bd89267fce6b9.ctex
Completed load for: 'res://assets/characters/friends/two_friends.png' remapped 'res://assets/characters/friends/two_friends.png' at thread -1
Loading resource: res://assets/characters/friends/pearl_friend.png remapped: res://assets/characters/friends/pearl_friend.png
Loading resource: res://.godot/imported/pearl_friend.png-9ec09c1badbb97711a21e69ddc22aeac.ctex remapped: res://.godot/imported/pearl_friend.png-9ec09c1badbb97711a21e69ddc22aeac.ctex
Completed load for: 'res://assets/characters/friends/pearl_friend.png' remapped 'res://assets/characters/friends/pearl_friend.png' at thread -1
Loading resource: res://assets/characters/friends/mama_baby.png remapped: res://assets/characters/friends/mama_baby.png
Loading resource: res://.godot/imported/mama_baby.png-5a11388366ac5314d4ba6bff63bf1e40.ctex remapped: res://.godot/imported/mama_baby.png-5a11388366ac5314d4ba6bff63bf1e40.ctex
Completed load for: 'res://assets/characters/friends/mama_baby.png' remapped 'res://assets/characters/friends/mama_baby.png' at thread -1
Loading resource: res://assets/characters/friends/kareem.png remapped: res://assets/characters/friends/kareem.png
Loading resource: res://.godot/imported/kareem.png-bd70711ad9a4b54f8fe2a1d80ea60996.ctex remapped: res://.godot/imported/kareem.png-bd70711ad9a4b54f8fe2a1d80ea60996.ctex
Completed load for: 'res://assets/characters/friends/kareem.png' remapped 'res://assets/characters/friends/kareem.png' at thread -1
Loading resource: res://assets/characters/friends/huluu.png remapped: res://assets/characters/friends/huluu.png
Loading resource: res://.godot/imported/huluu.png-6fee73331b3d0600210812844b67ef58.ctex remapped: res://.godot/imported/huluu.png-6fee73331b3d0600210812844b67ef58.ctex
Completed load for: 'res://assets/characters/friends/huluu.png' remapped 'res://assets/characters/friends/huluu.png' at thread -1
Loading resource: res://assets/characters/friends/flower_friend.png remapped: res://assets/characters/friends/flower_friend.png
Loading resource: res://.godot/imported/flower_friend.png-4e6651e528bf5baab9ad87f4d0b8c7f4.ctex remapped: res://.godot/imported/flower_friend.png-4e6651e528bf5baab9ad87f4d0b8c7f4.ctex
Completed load for: 'res://assets/characters/friends/flower_friend.png' remapped 'res://assets/characters/friends/flower_friend.png' at thread -1
Loading resource: res://assets/characters/friends/daddy.webp remapped: res://assets/characters/friends/daddy.webp
Loading resource: res://.godot/imported/daddy.webp-3a22b857022db58d12ed91602bd085a3.ctex remapped: res://.godot/imported/daddy.webp-3a22b857022db58d12ed91602bd085a3.ctex
Completed load for: 'res://assets/characters/friends/daddy.webp' remapped 'res://assets/characters/friends/daddy.webp' at thread -1
Loading resource: res://assets/book/doll_cat.png remapped: res://assets/book/doll_cat.png
Loading resource: res://.godot/imported/doll_cat.png-8dd5b416a4b7baec369dde60c7412a62.ctex remapped: res://.godot/imported/doll_cat.png-8dd5b416a4b7baec369dde60c7412a62.ctex
Completed load for: 'res://assets/book/doll_cat.png' remapped 'res://assets/book/doll_cat.png' at thread -1
Loading resource: res://assets/book/doll_bunny.png remapped: res://assets/book/doll_bunny.png
Loading resource: res://.godot/imported/doll_bunny.png-a1a52c944c5598edfdca50b66b939c38.ctex remapped: res://.godot/imported/doll_bunny.png-a1a52c944c5598edfdca50b66b939c38.ctex
Completed load for: 'res://assets/book/doll_bunny.png' remapped 'res://assets/book/doll_bunny.png' at thread -1
Loading resource: res://assets/opera/worlds/props/goal_ballerina.png remapped: res://assets/opera/worlds/props/goal_ballerina.png
Loading resource: res://.godot/imported/goal_ballerina.png-db67e5af6a1fa1e71ecf4379dcef72ff.s3tc.ctex remapped: res://.godot/imported/goal_ballerina.png-db67e5af6a1fa1e71ecf4379dcef72ff.s3tc.ctex
Completed load for: 'res://assets/opera/worlds/props/goal_ballerina.png' remapped 'res://assets/opera/worlds/props/goal_ballerina.png' at thread -1
Loading resource: res://assets/opera/worlds/props/goal_popstar.png remapped: res://assets/opera/worlds/props/goal_popstar.png
Loading resource: res://.godot/imported/goal_popstar.png-31c1f07a899a0040c0e44accf433085d.s3tc.ctex remapped: res://.godot/imported/goal_popstar.png-31c1f07a899a0040c0e44accf433085d.s3tc.ctex
Completed load for: 'res://assets/opera/worlds/props/goal_popstar.png' remapped 'res://assets/opera/worlds/props/goal_popstar.png' at thread -1
Loading resource: res://assets/characters/rumi/rumi_eight_pose_runtime.png remapped: res://assets/characters/rumi/rumi_eight_pose_runtime.png
Loading resource: res://.godot/imported/rumi_eight_pose_runtime.png-4d3d7e9eed391ec400be6a483fbbd59d.ctex remapped: res://.godot/imported/rumi_eight_pose_runtime.png-4d3d7e9eed391ec400be6a483fbbd59d.ctex
Completed load for: 'res://assets/characters/rumi/rumi_eight_pose_runtime.png' remapped 'res://assets/characters/rumi/rumi_eight_pose_runtime.png' at thread -1
Loading resource: res://assets/chapter2/birthday/chapter2_grand_five_strawberry_cake.png remapped: res://assets/chapter2/birthday/chapter2_grand_five_strawberry_cake.png
Loading resource: res://.godot/imported/chapter2_grand_five_strawberry_cake.png-15d258e3bfb36bfe1a0dd9e5007fd873.ctex remapped: res://.godot/imported/chapter2_grand_five_strawberry_cake.png-15d258e3bfb36bfe1a0dd9e5007fd873.ctex
Completed load for: 'res://assets/chapter2/birthday/chapter2_grand_five_strawberry_cake.png' remapped 'res://assets/chapter2/birthday/chapter2_grand_five_strawberry_cake.png' at thread -1
Loading resource: res://assets/chapter2/birthday/rainbow_candle_unlit.png remapped: res://assets/chapter2/birthday/rainbow_candle_unlit.png
Loading resource: res://.godot/imported/rainbow_candle_unlit.png-590e1bfc4f9a4572b2b8e253adc40060.ctex remapped: res://.godot/imported/rainbow_candle_unlit.png-590e1bfc4f9a4572b2b8e253adc40060.ctex
Completed load for: 'res://assets/chapter2/birthday/rainbow_candle_unlit.png' remapped 'res://assets/chapter2/birthday/rainbow_candle_unlit.png' at thread -1
Loading resource: res://assets/opera/worlds/props/goal_astronaut.png remapped: res://assets/opera/worlds/props/goal_astronaut.png
Loading resource: res://.godot/imported/goal_astronaut.png-99a883c005e02d50b9d2c0ef7d7f4365.s3tc.ctex remapped: res://.godot/imported/goal_astronaut.png-99a883c005e02d50b9d2c0ef7d7f4365.s3tc.ctex
Completed load for: 'res://assets/opera/worlds/props/goal_astronaut.png' remapped 'res://assets/opera/worlds/props/goal_astronaut.png' at thread -1
Loading resource: res://assets/chapter2/ember_alpha/king_v4_cutout.png remapped: res://assets/chapter2/ember_alpha/king_v4_cutout.png
Loading resource: res://.godot/imported/king_v4_cutout.png-3c47309ecb90795648de80b4f5515814.ctex remapped: res://.godot/imported/king_v4_cutout.png-3c47309ecb90795648de80b4f5515814.ctex
Completed load for: 'res://assets/chapter2/ember_alpha/king_v4_cutout.png' remapped 'res://assets/chapter2/ember_alpha/king_v4_cutout.png' at thread -1
Loading resource: res://assets/chapter2/ember_alpha/prince_idle.png remapped: res://assets/chapter2/ember_alpha/prince_idle.png
Loading resource: res://.godot/imported/prince_idle.png-7c4c40d6ac3da968384799442f0160ab.ctex remapped: res://.godot/imported/prince_idle.png-7c4c40d6ac3da968384799442f0160ab.ctex
Completed load for: 'res://assets/chapter2/ember_alpha/prince_idle.png' remapped 'res://assets/chapter2/ember_alpha/prince_idle.png' at thread -1
Loading resource: res://assets/chapter2/birthday/rainbow_candle_large_flame.png remapped: res://assets/chapter2/birthday/rainbow_candle_large_flame.png
Loading resource: res://.godot/imported/rainbow_candle_large_flame.png-a1a0b3799a2bc1aeef43e25e6bbcd0c6.ctex remapped: res://.godot/imported/rainbow_candle_large_flame.png-a1a0b3799a2bc1aeef43e25e6bbcd0c6.ctex
Completed load for: 'res://assets/chapter2/birthday/rainbow_candle_large_flame.png' remapped 'res://assets/chapter2/birthday/rainbow_candle_large_flame.png' at thread -1
Loading resource: res://assets/characters/roshan_25d/roshan_base.png remapped: res://assets/characters/roshan_25d/roshan_base.png
Loading resource: res://.godot/imported/roshan_base.png-9c456388e4a5ef13b9331f23ea18de99.s3tc.ctex remapped: res://.godot/imported/roshan_base.png-9c456388e4a5ef13b9331f23ea18de99.s3tc.ctex
Completed load for: 'res://assets/characters/roshan_25d/roshan_base.png' remapped 'res://assets/characters/roshan_25d/roshan_base.png' at thread -1
CHAPTER2_LAWN|lighting checkpoint survives disk reload: OK
CHAPTER2_LAWN|introduction reaches playable battle: OK
CHAPTER2_LAWN|zero input cannot protect friends or lose progress: OK
CHAPTER2_LAWN|round 0 has reachable safe lawn: OK
CHAPTER2_LAWN|background freezes encounter and clears held pointer: OK
CHAPTER2_LAWN|focus alone cannot restore an application pause: OK
CHAPTER2_LAWN|late release after resume cannot award a counter: OK
CHAPTER2_LAWN|off-target press cannot award protection: OK
CHAPTER2_LAWN|fresh visible counter advances exactly one round: OK
CHAPTER2_LAWN|checkpoint writes to disk: OK
Loading resource: res://assets/flats/sky_lagoon/main/flat_sky_lagoon_main_panorama_v5_tile_r0_c2.png remapped: res://assets/flats/sky_lagoon/main/flat_sky_lagoon_main_panorama_v5_tile_r0_c2.png
Loading resource: res://.godot/imported/flat_sky_lagoon_main_panorama_v5_tile_r0_c2.png-707b7c1249db60c277ba18a5a90d2606.s3tc.ctex remapped: res://.godot/imported/flat_sky_lagoon_main_panorama_v5_tile_r0_c2.png-707b7c1249db60c277ba18a5a90d2606.s3tc.ctex
Completed load for: 'res://assets/flats/sky_lagoon/main/flat_sky_lagoon_main_panorama_v5_tile_r0_c2.png' remapped 'res://assets/flats/sky_lagoon/main/flat_sky_lagoon_main_panorama_v5_tile_r0_c2.png' at thread -1
Loading resource: res://assets/flats/sky_lagoon/main/flat_sky_lagoon_main_panorama_v5_tile_r0_c3.png remapped: res://assets/flats/sky_lagoon/main/flat_sky_lagoon_main_panorama_v5_tile_r0_c3.png
Loading resource: res://.godot/imported/flat_sky_lagoon_main_panorama_v5_tile_r0_c3.png-f5a0de2cacbf855b5537bfa011fb414f.s3tc.ctex remapped: res://.godot/imported/flat_sky_lagoon_main_panorama_v5_tile_r0_c3.png-f5a0de2cacbf855b5537bfa011fb414f.s3tc.ctex
Completed load for: 'res://assets/flats/sky_lagoon/main/flat_sky_lagoon_main_panorama_v5_tile_r0_c3.png' remapped 'res://assets/flats/sky_lagoon/main/flat_sky_lagoon_main_panorama_v5_tile_r0_c3.png' at thread -1
Loading resource: res://assets/flats/sky_lagoon/main/flat_sky_lagoon_main_panorama_v5_tile_r1_c2.png remapped: res://assets/flats/sky_lagoon/main/flat_sky_lagoon_main_panorama_v5_tile_r1_c2.png
Loading resource: res://.godot/imported/flat_sky_lagoon_main_panorama_v5_tile_r1_c2.png-0c556d40124fed4dea38c25d4997f920.s3tc.ctex remapped: res://.godot/imported/flat_sky_lagoon_main_panorama_v5_tile_r1_c2.png-0c556d40124fed4dea38c25d4997f920.s3tc.ctex
Completed load for: 'res://assets/flats/sky_lagoon/main/flat_sky_lagoon_main_panorama_v5_tile_r1_c2.png' remapped 'res://assets/flats/sky_lagoon/main/flat_sky_lagoon_main_panorama_v5_tile_r1_c2.png' at thread -1
Loading resource: res://assets/flats/sky_lagoon/main/flat_sky_lagoon_main_panorama_v5_tile_r1_c3.png remapped: res://assets/flats/sky_lagoon/main/flat_sky_lagoon_main_panorama_v5_tile_r1_c3.png
Loading resource: res://.godot/imported/flat_sky_lagoon_main_panorama_v5_tile_r1_c3.png-f8ce0e5f490964960eec056604b88fb0.s3tc.ctex remapped: res://.godot/imported/flat_sky_lagoon_main_panorama_v5_tile_r1_c3.png-f8ce0e5f490964960eec056604b88fb0.s3tc.ctex
Completed load for: 'res://assets/flats/sky_lagoon/main/flat_sky_lagoon_main_panorama_v5_tile_r1_c3.png' remapped 'res://assets/flats/sky_lagoon/main/flat_sky_lagoon_main_panorama_v5_tile_r1_c3.png' at thread -1
Loading resource: res://assets/flats/castle/dream_house/dining_table.png remapped: res://assets/flats/castle/dream_house/dining_table.png
Loading resource: res://.godot/imported/dining_table.png-1adcb52d35ada4eaad348863d3c4ed14.ctex remapped: res://.godot/imported/dining_table.png-1adcb52d35ada4eaad348863d3c4ed14.ctex
Completed load for: 'res://assets/flats/castle/dream_house/dining_table.png' remapped 'res://assets/flats/castle/dream_house/dining_table.png' at thread -1
Loading resource: res://assets/characters/friends/wacky_chuck.png remapped: res://assets/characters/friends/wacky_chuck.png
Loading resource: res://.godot/imported/wacky_chuck.png-63371bb14e3433205c86fe378abf8c31.ctex remapped: res://.godot/imported/wacky_chuck.png-63371bb14e3433205c86fe378abf8c31.ctex
Completed load for: 'res://assets/characters/friends/wacky_chuck.png' remapped 'res://assets/characters/friends/wacky_chuck.png' at thread -1
Loading resource: res://assets/characters/friends/two_friends.png remapped: res://assets/characters/friends/two_friends.png
Loading resource: res://.godot/imported/two_friends.png-927c5e0bbc031d63df1bd89267fce6b9.ctex remapped: res://.godot/imported/two_friends.png-927c5e0bbc031d63df1bd89267fce6b9.ctex
Completed load for: 'res://assets/characters/friends/two_friends.png' remapped 'res://assets/characters/friends/two_friends.png' at thread -1
Loading resource: res://assets/characters/friends/pearl_friend.png remapped: res://assets/characters/friends/pearl_friend.png
Loading resource: res://.godot/imported/pearl_friend.png-9ec09c1badbb97711a21e69ddc22aeac.ctex remapped: res://.godot/imported/pearl_friend.png-9ec09c1badbb97711a21e69ddc22aeac.ctex
Completed load for: 'res://assets/characters/friends/pearl_friend.png' remapped 'res://assets/characters/friends/pearl_friend.png' at thread -1
Loading resource: res://assets/characters/friends/mama_baby.png remapped: res://assets/characters/friends/mama_baby.png
Loading resource: res://.godot/imported/mama_baby.png-5a11388366ac5314d4ba6bff63bf1e40.ctex remapped: res://.godot/imported/mama_baby.png-5a11388366ac5314d4ba6bff63bf1e40.ctex
Completed load for: 'res://assets/characters/friends/mama_baby.png' remapped 'res://assets/characters/friends/mama_baby.png' at thread -1
Loading resource: res://assets/characters/friends/kareem.png remapped: res://assets/characters/friends/kareem.png
Loading resource: res://.godot/imported/kareem.png-bd70711ad9a4b54f8fe2a1d80ea60996.ctex remapped: res://.godot/imported/kareem.png-bd70711ad9a4b54f8fe2a1d80ea60996.ctex
Completed load for: 'res://assets/characters/friends/kareem.png' remapped 'res://assets/characters/friends/kareem.png' at thread -1
Loading resource: res://assets/characters/friends/huluu.png remapped: res://assets/characters/friends/huluu.png
Loading resource: res://.godot/imported/huluu.png-6fee73331b3d0600210812844b67ef58.ctex remapped: res://.godot/imported/huluu.png-6fee73331b3d0600210812844b67ef58.ctex
Completed load for: 'res://assets/characters/friends/huluu.png' remapped 'res://assets/characters/friends/huluu.png' at thread -1
Loading resource: res://assets/characters/friends/flower_friend.png remapped: res://assets/characters/friends/flower_friend.png
Loading resource: res://.godot/imported/flower_friend.png-4e6651e528bf5baab9ad87f4d0b8c7f4.ctex remapped: res://.godot/imported/flower_friend.png-4e6651e528bf5baab9ad87f4d0b8c7f4.ctex
Completed load for: 'res://assets/characters/friends/flower_friend.png' remapped 'res://assets/characters/friends/flower_friend.png' at thread -1
Loading resource: res://assets/characters/friends/daddy.webp remapped: res://assets/characters/friends/daddy.webp
Loading resource: res://.godot/imported/daddy.webp-3a22b857022db58d12ed91602bd085a3.ctex remapped: res://.godot/imported/daddy.webp-3a22b857022db58d12ed91602bd085a3.ctex
Completed load for: 'res://assets/characters/friends/daddy.webp' remapped 'res://assets/characters/friends/daddy.webp' at thread -1
Loading resource: res://assets/book/doll_cat.png remapped: res://assets/book/doll_cat.png
Loading resource: res://.godot/imported/doll_cat.png-8dd5b416a4b7baec369dde60c7412a62.ctex remapped: res://.godot/imported/doll_cat.png-8dd5b416a4b7baec369dde60c7412a62.ctex
Completed load for: 'res://assets/book/doll_cat.png' remapped 'res://assets/book/doll_cat.png' at thread -1
Loading resource: res://assets/book/doll_bunny.png remapped: res://assets/book/doll_bunny.png
Loading resource: res://.godot/imported/doll_bunny.png-a1a52c944c5598edfdca50b66b939c38.ctex remapped: res://.godot/imported/doll_bunny.png-a1a52c944c5598edfdca50b66b939c38.ctex
Completed load for: 'res://assets/book/doll_bunny.png' remapped 'res://assets/book/doll_bunny.png' at thread -1
Loading resource: res://assets/opera/worlds/props/goal_ballerina.png remapped: res://assets/opera/worlds/props/goal_ballerina.png
Loading resource: res://.godot/imported/goal_ballerina.png-db67e5af6a1fa1e71ecf4379dcef72ff.s3tc.ctex remapped: res://.godot/imported/goal_ballerina.png-db67e5af6a1fa1e71ecf4379dcef72ff.s3tc.ctex
Completed load for: 'res://assets/opera/worlds/props/goal_ballerina.png' remapped 'res://assets/opera/worlds/props/goal_ballerina.png' at thread -1
Loading resource: res://assets/opera/worlds/props/goal_popstar.png remapped: res://assets/opera/worlds/props/goal_popstar.png
Loading resource: res://.godot/imported/goal_popstar.png-31c1f07a899a0040c0e44accf433085d.s3tc.ctex remapped: res://.godot/imported/goal_popstar.png-31c1f07a899a0040c0e44accf433085d.s3tc.ctex
Completed load for: 'res://assets/opera/worlds/props/goal_popstar.png' remapped 'res://assets/opera/worlds/props/goal_popstar.png' at thread -1
Loading resource: res://assets/characters/rumi/rumi_eight_pose_runtime.png remapped: res://assets/characters/rumi/rumi_eight_pose_runtime.png
Loading resource: res://.godot/imported/rumi_eight_pose_runtime.png-4d3d7e9eed391ec400be6a483fbbd59d.ctex remapped: res://.godot/imported/rumi_eight_pose_runtime.png-4d3d7e9eed391ec400be6a483fbbd59d.ctex
Completed load for: 'res://assets/characters/rumi/rumi_eight_pose_runtime.png' remapped 'res://assets/characters/rumi/rumi_eight_pose_runtime.png' at thread -1
Loading resource: res://assets/chapter2/birthday/chapter2_grand_five_strawberry_cake.png remapped: res://assets/chapter2/birthday/chapter2_grand_five_strawberry_cake.png
Loading resource: res://.godot/imported/chapter2_grand_five_strawberry_cake.png-15d258e3bfb36bfe1a0dd9e5007fd873.ctex remapped: res://.godot/imported/chapter2_grand_five_strawberry_cake.png-15d258e3bfb36bfe1a0dd9e5007fd873.ctex
Completed load for: 'res://assets/chapter2/birthday/chapter2_grand_five_strawberry_cake.png' remapped 'res://assets/chapter2/birthday/chapter2_grand_five_strawberry_cake.png' at thread -1
Loading resource: res://assets/chapter2/birthday/rainbow_candle_unlit.png remapped: res://assets/chapter2/birthday/rainbow_candle_unlit.png
Loading resource: res://.godot/imported/rainbow_candle_unlit.png-590e1bfc4f9a4572b2b8e253adc40060.ctex remapped: res://.godot/imported/rainbow_candle_unlit.png-590e1bfc4f9a4572b2b8e253adc40060.ctex
Completed load for: 'res://assets/chapter2/birthday/rainbow_candle_unlit.png' remapped 'res://assets/chapter2/birthday/rainbow_candle_unlit.png' at thread -1
Loading resource: res://assets/opera/worlds/props/goal_astronaut.png remapped: res://assets/opera/worlds/props/goal_astronaut.png
Loading resource: res://.godot/imported/goal_astronaut.png-99a883c005e02d50b9d2c0ef7d7f4365.s3tc.ctex remapped: res://.godot/imported/goal_astronaut.png-99a883c005e02d50b9d2c0ef7d7f4365.s3tc.ctex
Completed load for: 'res://assets/opera/worlds/props/goal_astronaut.png' remapped 'res://assets/opera/worlds/props/goal_astronaut.png' at thread -1
Loading resource: res://assets/chapter2/ember_alpha/king_v4_cutout.png remapped: res://assets/chapter2/ember_alpha/king_v4_cutout.png
Loading resource: res://.godot/imported/king_v4_cutout.png-3c47309ecb90795648de80b4f5515814.ctex remapped: res://.godot/imported/king_v4_cutout.png-3c47309ecb90795648de80b4f5515814.ctex
Completed load for: 'res://assets/chapter2/ember_alpha/king_v4_cutout.png' remapped 'res://assets/chapter2/ember_alpha/king_v4_cutout.png' at thread -1
Loading resource: res://assets/chapter2/ember_alpha/prince_idle.png remapped: res://assets/chapter2/ember_alpha/prince_idle.png
Loading resource: res://.godot/imported/prince_idle.png-7c4c40d6ac3da968384799442f0160ab.ctex remapped: res://.godot/imported/prince_idle.png-7c4c40d6ac3da968384799442f0160ab.ctex
Completed load for: 'res://assets/chapter2/ember_alpha/prince_idle.png' remapped 'res://assets/chapter2/ember_alpha/prince_idle.png' at thread -1
Loading resource: res://assets/chapter2/birthday/rainbow_candle_large_flame.png remapped: res://assets/chapter2/birthday/rainbow_candle_large_flame.png
Loading resource: res://.godot/imported/rainbow_candle_large_flame.png-a1a0b3799a2bc1aeef43e25e6bbcd0c6.ctex remapped: res://.godot/imported/rainbow_candle_large_flame.png-a1a0b3799a2bc1aeef43e25e6bbcd0c6.ctex
Completed load for: 'res://assets/chapter2/birthday/rainbow_candle_large_flame.png' remapped 'res://assets/chapter2/birthday/rainbow_candle_large_flame.png' at thread -1
Loading resource: res://assets/characters/roshan_25d/roshan_base.png remapped: res://assets/characters/roshan_25d/roshan_base.png
Loading resource: res://.godot/imported/roshan_base.png-9c456388e4a5ef13b9331f23ea18de99.s3tc.ctex remapped: res://.godot/imported/roshan_base.png-9c456388e4a5ef13b9331f23ea18de99.s3tc.ctex
Completed load for: 'res://assets/characters/roshan_25d/roshan_base.png' remapped 'res://assets/characters/roshan_25d/roshan_base.png' at thread -1
CHAPTER2_LAWN|round checkpoint survives disk reload: OK
CHAPTER2_LAWN|round 1 has reachable safe lawn: OK
CHAPTER2_LAWN|off-target press cannot award protection: OK
CHAPTER2_LAWN|fresh visible counter advances exactly one round: OK
CHAPTER2_LAWN|checkpoint writes to disk: OK
Loading resource: res://assets/flats/sky_lagoon/main/flat_sky_lagoon_main_panorama_v5_tile_r0_c2.png remapped: res://assets/flats/sky_lagoon/main/flat_sky_lagoon_main_panorama_v5_tile_r0_c2.png
Loading resource: res://.godot/imported/flat_sky_lagoon_main_panorama_v5_tile_r0_c2.png-707b7c1249db60c277ba18a5a90d2606.s3tc.ctex remapped: res://.godot/imported/flat_sky_lagoon_main_panorama_v5_tile_r0_c2.png-707b7c1249db60c277ba18a5a90d2606.s3tc.ctex
Completed load for: 'res://assets/flats/sky_lagoon/main/flat_sky_lagoon_main_panorama_v5_tile_r0_c2.png' remapped 'res://assets/flats/sky_lagoon/main/flat_sky_lagoon_main_panorama_v5_tile_r0_c2.png' at thread -1
Loading resource: res://assets/flats/sky_lagoon/main/flat_sky_lagoon_main_panorama_v5_tile_r0_c3.png remapped: res://assets/flats/sky_lagoon/main/flat_sky_lagoon_main_panorama_v5_tile_r0_c3.png
Loading resource: res://.godot/imported/flat_sky_lagoon_main_panorama_v5_tile_r0_c3.png-f5a0de2cacbf855b5537bfa011fb414f.s3tc.ctex remapped: res://.godot/imported/flat_sky_lagoon_main_panorama_v5_tile_r0_c3.png-f5a0de2cacbf855b5537bfa011fb414f.s3tc.ctex
Completed load for: 'res://assets/flats/sky_lagoon/main/flat_sky_lagoon_main_panorama_v5_tile_r0_c3.png' remapped 'res://assets/flats/sky_lagoon/main/flat_sky_lagoon_main_panorama_v5_tile_r0_c3.png' at thread -1
Loading resource: res://assets/flats/sky_lagoon/main/flat_sky_lagoon_main_panorama_v5_tile_r1_c2.png remapped: res://assets/flats/sky_lagoon/main/flat_sky_lagoon_main_panorama_v5_tile_r1_c2.png
Loading resource: res://.godot/imported/flat_sky_lagoon_main_panorama_v5_tile_r1_c2.png-0c556d40124fed4dea38c25d4997f920.s3tc.ctex remapped: res://.godot/imported/flat_sky_lagoon_main_panorama_v5_tile_r1_c2.png-0c556d40124fed4dea38c25d4997f920.s3tc.ctex
Completed load for: 'res://assets/flats/sky_lagoon/main/flat_sky_lagoon_main_panorama_v5_tile_r1_c2.png' remapped 'res://assets/flats/sky_lagoon/main/flat_sky_lagoon_main_panorama_v5_tile_r1_c2.png' at thread -1
Loading resource: res://assets/flats/sky_lagoon/main/flat_sky_lagoon_main_panorama_v5_tile_r1_c3.png remapped: res://assets/flats/sky_lagoon/main/flat_sky_lagoon_main_panorama_v5_tile_r1_c3.png
Loading resource: res://.godot/imported/flat_sky_lagoon_main_panorama_v5_tile_r1_c3.png-f8ce0e5f490964960eec056604b88fb0.s3tc.ctex remapped: res://.godot/imported/flat_sky_lagoon_main_panorama_v5_tile_r1_c3.png-f8ce0e5f490964960eec056604b88fb0.s3tc.ctex
Completed load for: 'res://assets/flats/sky_lagoon/main/flat_sky_lagoon_main_panorama_v5_tile_r1_c3.png' remapped 'res://assets/flats/sky_lagoon/main/flat_sky_lagoon_main_panorama_v5_tile_r1_c3.png' at thread -1
Loading resource: res://assets/flats/castle/dream_house/dining_table.png remapped: res://assets/flats/castle/dream_house/dining_table.png
Loading resource: res://.godot/imported/dining_table.png-1adcb52d35ada4eaad348863d3c4ed14.ctex remapped: res://.godot/imported/dining_table.png-1adcb52d35ada4eaad348863d3c4ed14.ctex
Completed load for: 'res://assets/flats/castle/dream_house/dining_table.png' remapped 'res://assets/flats/castle/dream_house/dining_table.png' at thread -1
Loading resource: res://assets/characters/friends/wacky_chuck.png remapped: res://assets/characters/friends/wacky_chuck.png
Loading resource: res://.godot/imported/wacky_chuck.png-63371bb14e3433205c86fe378abf8c31.ctex remapped: res://.godot/imported/wacky_chuck.png-63371bb14e3433205c86fe378abf8c31.ctex
Completed load for: 'res://assets/characters/friends/wacky_chuck.png' remapped 'res://assets/characters/friends/wacky_chuck.png' at thread -1
Loading resource: res://assets/characters/friends/two_friends.png remapped: res://assets/characters/friends/two_friends.png
Loading resource: res://.godot/imported/two_friends.png-927c5e0bbc031d63df1bd89267fce6b9.ctex remapped: res://.godot/imported/two_friends.png-927c5e0bbc031d63df1bd89267fce6b9.ctex
Completed load for: 'res://assets/characters/friends/two_friends.png' remapped 'res://assets/characters/friends/two_friends.png' at thread -1
Loading resource: res://assets/characters/friends/pearl_friend.png remapped: res://assets/characters/friends/pearl_friend.png
Loading resource: res://.godot/imported/pearl_friend.png-9ec09c1badbb97711a21e69ddc22aeac.ctex remapped: res://.godot/imported/pearl_friend.png-9ec09c1badbb97711a21e69ddc22aeac.ctex
Completed load for: 'res://assets/characters/friends/pearl_friend.png' remapped 'res://assets/characters/friends/pearl_friend.png' at thread -1
Loading resource: res://assets/characters/friends/mama_baby.png remapped: res://assets/characters/friends/mama_baby.png
Loading resource: res://.godot/imported/mama_baby.png-5a11388366ac5314d4ba6bff63bf1e40.ctex remapped: res://.godot/imported/mama_baby.png-5a11388366ac5314d4ba6bff63bf1e40.ctex
Completed load for: 'res://assets/characters/friends/mama_baby.png' remapped 'res://assets/characters/friends/mama_baby.png' at thread -1
Loading resource: res://assets/characters/friends/kareem.png remapped: res://assets/characters/friends/kareem.png
Loading resource: res://.godot/imported/kareem.png-bd70711ad9a4b54f8fe2a1d80ea60996.ctex remapped: res://.godot/imported/kareem.png-bd70711ad9a4b54f8fe2a1d80ea60996.ctex
Completed load for: 'res://assets/characters/friends/kareem.png' remapped 'res://assets/characters/friends/kareem.png' at thread -1
Loading resource: res://assets/characters/friends/huluu.png remapped: res://assets/characters/friends/huluu.png
Loading resource: res://.godot/imported/huluu.png-6fee73331b3d0600210812844b67ef58.ctex remapped: res://.godot/imported/huluu.png-6fee73331b3d0600210812844b67ef58.ctex
Completed load for: 'res://assets/characters/friends/huluu.png' remapped 'res://assets/characters/friends/huluu.png' at thread -1
Loading resource: res://assets/characters/friends/flower_friend.png remapped: res://assets/characters/friends/flower_friend.png
Loading resource: res://.godot/imported/flower_friend.png-4e6651e528bf5baab9ad87f4d0b8c7f4.ctex remapped: res://.godot/imported/flower_friend.png-4e6651e528bf5baab9ad87f4d0b8c7f4.ctex
Completed load for: 'res://assets/characters/friends/flower_friend.png' remapped 'res://assets/characters/friends/flower_friend.png' at thread -1
Loading resource: res://assets/characters/friends/daddy.webp remapped: res://assets/characters/friends/daddy.webp
Loading resource: res://.godot/imported/daddy.webp-3a22b857022db58d12ed91602bd085a3.ctex remapped: res://.godot/imported/daddy.webp-3a22b857022db58d12ed91602bd085a3.ctex
Completed load for: 'res://assets/characters/friends/daddy.webp' remapped 'res://assets/characters/friends/daddy.webp' at thread -1
Loading resource: res://assets/book/doll_cat.png remapped: res://assets/book/doll_cat.png
Loading resource: res://.godot/imported/doll_cat.png-8dd5b416a4b7baec369dde60c7412a62.ctex remapped: res://.godot/imported/doll_cat.png-8dd5b416a4b7baec369dde60c7412a62.ctex
Completed load for: 'res://assets/book/doll_cat.png' remapped 'res://assets/book/doll_cat.png' at thread -1
Loading resource: res://assets/book/doll_bunny.png remapped: res://assets/book/doll_bunny.png
Loading resource: res://.godot/imported/doll_bunny.png-a1a52c944c5598edfdca50b66b939c38.ctex remapped: res://.godot/imported/doll_bunny.png-a1a52c944c5598edfdca50b66b939c38.ctex
Completed load for: 'res://assets/book/doll_bunny.png' remapped 'res://assets/book/doll_bunny.png' at thread -1
Loading resource: res://assets/opera/worlds/props/goal_ballerina.png remapped: res://assets/opera/worlds/props/goal_ballerina.png
Loading resource: res://.godot/imported/goal_ballerina.png-db67e5af6a1fa1e71ecf4379dcef72ff.s3tc.ctex remapped: res://.godot/imported/goal_ballerina.png-db67e5af6a1fa1e71ecf4379dcef72ff.s3tc.ctex
Completed load for: 'res://assets/opera/worlds/props/goal_ballerina.png' remapped 'res://assets/opera/worlds/props/goal_ballerina.png' at thread -1
Loading resource: res://assets/opera/worlds/props/goal_popstar.png remapped: res://assets/opera/worlds/props/goal_popstar.png
Loading resource: res://.godot/imported/goal_popstar.png-31c1f07a899a0040c0e44accf433085d.s3tc.ctex remapped: res://.godot/imported/goal_popstar.png-31c1f07a899a0040c0e44accf433085d.s3tc.ctex
Completed load for: 'res://assets/opera/worlds/props/goal_popstar.png' remapped 'res://assets/opera/worlds/props/goal_popstar.png' at thread -1
Loading resource: res://assets/characters/rumi/rumi_eight_pose_runtime.png remapped: res://assets/characters/rumi/rumi_eight_pose_runtime.png
Loading resource: res://.godot/imported/rumi_eight_pose_runtime.png-4d3d7e9eed391ec400be6a483fbbd59d.ctex remapped: res://.godot/imported/rumi_eight_pose_runtime.png-4d3d7e9eed391ec400be6a483fbbd59d.ctex
Completed load for: 'res://assets/characters/rumi/rumi_eight_pose_runtime.png' remapped 'res://assets/characters/rumi/rumi_eight_pose_runtime.png' at thread -1
Loading resource: res://assets/chapter2/birthday/chapter2_grand_five_strawberry_cake.png remapped: res://assets/chapter2/birthday/chapter2_grand_five_strawberry_cake.png
Loading resource: res://.godot/imported/chapter2_grand_five_strawberry_cake.png-15d258e3bfb36bfe1a0dd9e5007fd873.ctex remapped: res://.godot/imported/chapter2_grand_five_strawberry_cake.png-15d258e3bfb36bfe1a0dd9e5007fd873.ctex
Completed load for: 'res://assets/chapter2/birthday/chapter2_grand_five_strawberry_cake.png' remapped 'res://assets/chapter2/birthday/chapter2_grand_five_strawberry_cake.png' at thread -1
Loading resource: res://assets/chapter2/birthday/rainbow_candle_unlit.png remapped: res://assets/chapter2/birthday/rainbow_candle_unlit.png
Loading resource: res://.godot/imported/rainbow_candle_unlit.png-590e1bfc4f9a4572b2b8e253adc40060.ctex remapped: res://.godot/imported/rainbow_candle_unlit.png-590e1bfc4f9a4572b2b8e253adc40060.ctex
Completed load for: 'res://assets/chapter2/birthday/rainbow_candle_unlit.png' remapped 'res://assets/chapter2/birthday/rainbow_candle_unlit.png' at thread -1
Loading resource: res://assets/opera/worlds/props/goal_astronaut.png remapped: res://assets/opera/worlds/props/goal_astronaut.png
Loading resource: res://.godot/imported/goal_astronaut.png-99a883c005e02d50b9d2c0ef7d7f4365.s3tc.ctex remapped: res://.godot/imported/goal_astronaut.png-99a883c005e02d50b9d2c0ef7d7f4365.s3tc.ctex
Completed load for: 'res://assets/opera/worlds/props/goal_astronaut.png' remapped 'res://assets/opera/worlds/props/goal_astronaut.png' at thread -1
Loading resource: res://assets/chapter2/ember_alpha/king_v4_cutout.png remapped: res://assets/chapter2/ember_alpha/king_v4_cutout.png
Loading resource: res://.godot/imported/king_v4_cutout.png-3c47309ecb90795648de80b4f5515814.ctex remapped: res://.godot/imported/king_v4_cutout.png-3c47309ecb90795648de80b4f5515814.ctex
Completed load for: 'res://assets/chapter2/ember_alpha/king_v4_cutout.png' remapped 'res://assets/chapter2/ember_alpha/king_v4_cutout.png' at thread -1
Loading resource: res://assets/chapter2/ember_alpha/prince_idle.png remapped: res://assets/chapter2/ember_alpha/prince_idle.png
Loading resource: res://.godot/imported/prince_idle.png-7c4c40d6ac3da968384799442f0160ab.ctex remapped: res://.godot/imported/prince_idle.png-7c4c40d6ac3da968384799442f0160ab.ctex
Completed load for: 'res://assets/chapter2/ember_alpha/prince_idle.png' remapped 'res://assets/chapter2/ember_alpha/prince_idle.png' at thread -1
Loading resource: res://assets/chapter2/birthday/rainbow_candle_large_flame.png remapped: res://assets/chapter2/birthday/rainbow_candle_large_flame.png
Loading resource: res://.godot/imported/rainbow_candle_large_flame.png-a1a0b3799a2bc1aeef43e25e6bbcd0c6.ctex remapped: res://.godot/imported/rainbow_candle_large_flame.png-a1a0b3799a2bc1aeef43e25e6bbcd0c6.ctex
Completed load for: 'res://assets/chapter2/birthday/rainbow_candle_large_flame.png' remapped 'res://assets/chapter2/birthday/rainbow_candle_large_flame.png' at thread -1
Loading resource: res://assets/characters/roshan_25d/roshan_base.png remapped: res://assets/characters/roshan_25d/roshan_base.png
Loading resource: res://.godot/imported/roshan_base.png-9c456388e4a5ef13b9331f23ea18de99.s3tc.ctex remapped: res://.godot/imported/roshan_base.png-9c456388e4a5ef13b9331f23ea18de99.s3tc.ctex
Completed load for: 'res://assets/characters/roshan_25d/roshan_base.png' remapped 'res://assets/characters/roshan_25d/roshan_base.png' at thread -1
CHAPTER2_LAWN|round checkpoint survives disk reload: OK
CHAPTER2_LAWN|round 2 has reachable safe lawn: OK
CHAPTER2_LAWN|off-target press cannot award protection: OK
CHAPTER2_LAWN|fresh visible counter advances exactly one round: OK
CHAPTER2_LAWN|checkpoint writes to disk: OK
Loading resource: res://assets/flats/sky_lagoon/main/flat_sky_lagoon_main_panorama_v5_tile_r0_c2.png remapped: res://assets/flats/sky_lagoon/main/flat_sky_lagoon_main_panorama_v5_tile_r0_c2.png
Loading resource: res://.godot/imported/flat_sky_lagoon_main_panorama_v5_tile_r0_c2.png-707b7c1249db60c277ba18a5a90d2606.s3tc.ctex remapped: res://.godot/imported/flat_sky_lagoon_main_panorama_v5_tile_r0_c2.png-707b7c1249db60c277ba18a5a90d2606.s3tc.ctex
Completed load for: 'res://assets/flats/sky_lagoon/main/flat_sky_lagoon_main_panorama_v5_tile_r0_c2.png' remapped 'res://assets/flats/sky_lagoon/main/flat_sky_lagoon_main_panorama_v5_tile_r0_c2.png' at thread -1
Loading resource: res://assets/flats/sky_lagoon/main/flat_sky_lagoon_main_panorama_v5_tile_r0_c3.png remapped: res://assets/flats/sky_lagoon/main/flat_sky_lagoon_main_panorama_v5_tile_r0_c3.png
Loading resource: res://.godot/imported/flat_sky_lagoon_main_panorama_v5_tile_r0_c3.png-f5a0de2cacbf855b5537bfa011fb414f.s3tc.ctex remapped: res://.godot/imported/flat_sky_lagoon_main_panorama_v5_tile_r0_c3.png-f5a0de2cacbf855b5537bfa011fb414f.s3tc.ctex
Completed load for: 'res://assets/flats/sky_lagoon/main/flat_sky_lagoon_main_panorama_v5_tile_r0_c3.png' remapped 'res://assets/flats/sky_lagoon/main/flat_sky_lagoon_main_panorama_v5_tile_r0_c3.png' at thread -1
Loading resource: res://assets/flats/sky_lagoon/main/flat_sky_lagoon_main_panorama_v5_tile_r1_c2.png remapped: res://assets/flats/sky_lagoon/main/flat_sky_lagoon_main_panorama_v5_tile_r1_c2.png
Loading resource: res://.godot/imported/flat_sky_lagoon_main_panorama_v5_tile_r1_c2.png-0c556d40124fed4dea38c25d4997f920.s3tc.ctex remapped: res://.godot/imported/flat_sky_lagoon_main_panorama_v5_tile_r1_c2.png-0c556d40124fed4dea38c25d4997f920.s3tc.ctex
Completed load for: 'res://assets/flats/sky_lagoon/main/flat_sky_lagoon_main_panorama_v5_tile_r1_c2.png' remapped 'res://assets/flats/sky_lagoon/main/flat_sky_lagoon_main_panorama_v5_tile_r1_c2.png' at thread -1
Loading resource: res://assets/flats/sky_lagoon/main/flat_sky_lagoon_main_panorama_v5_tile_r1_c3.png remapped: res://assets/flats/sky_lagoon/main/flat_sky_lagoon_main_panorama_v5_tile_r1_c3.png
Loading resource: res://.godot/imported/flat_sky_lagoon_main_panorama_v5_tile_r1_c3.png-f8ce0e5f490964960eec056604b88fb0.s3tc.ctex remapped: res://.godot/imported/flat_sky_lagoon_main_panorama_v5_tile_r1_c3.png-f8ce0e5f490964960eec056604b88fb0.s3tc.ctex
Completed load for: 'res://assets/flats/sky_lagoon/main/flat_sky_lagoon_main_panorama_v5_tile_r1_c3.png' remapped 'res://assets/flats/sky_lagoon/main/flat_sky_lagoon_main_panorama_v5_tile_r1_c3.png' at thread -1
Loading resource: res://assets/flats/castle/dream_house/dining_table.png remapped: res://assets/flats/castle/dream_house/dining_table.png
Loading resource: res://.godot/imported/dining_table.png-1adcb52d35ada4eaad348863d3c4ed14.ctex remapped: res://.godot/imported/dining_table.png-1adcb52d35ada4eaad348863d3c4ed14.ctex
Completed load for: 'res://assets/flats/castle/dream_house/dining_table.png' remapped 'res://assets/flats/castle/dream_house/dining_table.png' at thread -1
Loading resource: res://assets/characters/friends/wacky_chuck.png remapped: res://assets/characters/friends/wacky_chuck.png
Loading resource: res://.godot/imported/wacky_chuck.png-63371bb14e3433205c86fe378abf8c31.ctex remapped: res://.godot/imported/wacky_chuck.png-63371bb14e3433205c86fe378abf8c31.ctex
Completed load for: 'res://assets/characters/friends/wacky_chuck.png' remapped 'res://assets/characters/friends/wacky_chuck.png' at thread -1
Loading resource: res://assets/characters/friends/two_friends.png remapped: res://assets/characters/friends/two_friends.png
Loading resource: res://.godot/imported/two_friends.png-927c5e0bbc031d63df1bd89267fce6b9.ctex remapped: res://.godot/imported/two_friends.png-927c5e0bbc031d63df1bd89267fce6b9.ctex
Completed load for: 'res://assets/characters/friends/two_friends.png' remapped 'res://assets/characters/friends/two_friends.png' at thread -1
Loading resource: res://assets/characters/friends/pearl_friend.png remapped: res://assets/characters/friends/pearl_friend.png
Loading resource: res://.godot/imported/pearl_friend.png-9ec09c1badbb97711a21e69ddc22aeac.ctex remapped: res://.godot/imported/pearl_friend.png-9ec09c1badbb97711a21e69ddc22aeac.ctex
Completed load for: 'res://assets/characters/friends/pearl_friend.png' remapped 'res://assets/characters/friends/pearl_friend.png' at thread -1
Loading resource: res://assets/characters/friends/mama_baby.png remapped: res://assets/characters/friends/mama_baby.png
Loading resource: res://.godot/imported/mama_baby.png-5a11388366ac5314d4ba6bff63bf1e40.ctex remapped: res://.godot/imported/mama_baby.png-5a11388366ac5314d4ba6bff63bf1e40.ctex
Completed load for: 'res://assets/characters/friends/mama_baby.png' remapped 'res://assets/characters/friends/mama_baby.png' at thread -1
Loading resource: res://assets/characters/friends/kareem.png remapped: res://assets/characters/friends/kareem.png
Loading resource: res://.godot/imported/kareem.png-bd70711ad9a4b54f8fe2a1d80ea60996.ctex remapped: res://.godot/imported/kareem.png-bd70711ad9a4b54f8fe2a1d80ea60996.ctex
Completed load for: 'res://assets/characters/friends/kareem.png' remapped 'res://assets/characters/friends/kareem.png' at thread -1
Loading resource: res://assets/characters/friends/huluu.png remapped: res://assets/characters/friends/huluu.png
Loading resource: res://.godot/imported/huluu.png-6fee73331b3d0600210812844b67ef58.ctex remapped: res://.godot/imported/huluu.png-6fee73331b3d0600210812844b67ef58.ctex
Completed load for: 'res://assets/characters/friends/huluu.png' remapped 'res://assets/characters/friends/huluu.png' at thread -1
Loading resource: res://assets/characters/friends/flower_friend.png remapped: res://assets/characters/friends/flower_friend.png
Loading resource: res://.godot/imported/flower_friend.png-4e6651e528bf5baab9ad87f4d0b8c7f4.ctex remapped: res://.godot/imported/flower_friend.png-4e6651e528bf5baab9ad87f4d0b8c7f4.ctex
Completed load for: 'res://assets/characters/friends/flower_friend.png' remapped 'res://assets/characters/friends/flower_friend.png' at thread -1
Loading resource: res://assets/characters/friends/daddy.webp remapped: res://assets/characters/friends/daddy.webp
Loading resource: res://.godot/imported/daddy.webp-3a22b857022db58d12ed91602bd085a3.ctex remapped: res://.godot/imported/daddy.webp-3a22b857022db58d12ed91602bd085a3.ctex
Completed load for: 'res://assets/characters/friends/daddy.webp' remapped 'res://assets/characters/friends/daddy.webp' at thread -1
Loading resource: res://assets/book/doll_cat.png remapped: res://assets/book/doll_cat.png
Loading resource: res://.godot/imported/doll_cat.png-8dd5b416a4b7baec369dde60c7412a62.ctex remapped: res://.godot/imported/doll_cat.png-8dd5b416a4b7baec369dde60c7412a62.ctex
Completed load for: 'res://assets/book/doll_cat.png' remapped 'res://assets/book/doll_cat.png' at thread -1
Loading resource: res://assets/book/doll_bunny.png remapped: res://assets/book/doll_bunny.png
Loading resource: res://.godot/imported/doll_bunny.png-a1a52c944c5598edfdca50b66b939c38.ctex remapped: res://.godot/imported/doll_bunny.png-a1a52c944c5598edfdca50b66b939c38.ctex
Completed load for: 'res://assets/book/doll_bunny.png' remapped 'res://assets/book/doll_bunny.png' at thread -1
Loading resource: res://assets/opera/worlds/props/goal_ballerina.png remapped: res://assets/opera/worlds/props/goal_ballerina.png
Loading resource: res://.godot/imported/goal_ballerina.png-db67e5af6a1fa1e71ecf4379dcef72ff.s3tc.ctex remapped: res://.godot/imported/goal_ballerina.png-db67e5af6a1fa1e71ecf4379dcef72ff.s3tc.ctex
Completed load for: 'res://assets/opera/worlds/props/goal_ballerina.png' remapped 'res://assets/opera/worlds/props/goal_ballerina.png' at thread -1
Loading resource: res://assets/opera/worlds/props/goal_popstar.png remapped: res://assets/opera/worlds/props/goal_popstar.png
Loading resource: res://.godot/imported/goal_popstar.png-31c1f07a899a0040c0e44accf433085d.s3tc.ctex remapped: res://.godot/imported/goal_popstar.png-31c1f07a899a0040c0e44accf433085d.s3tc.ctex
Completed load for: 'res://assets/opera/worlds/props/goal_popstar.png' remapped 'res://assets/opera/worlds/props/goal_popstar.png' at thread -1
Loading resource: res://assets/characters/rumi/rumi_eight_pose_runtime.png remapped: res://assets/characters/rumi/rumi_eight_pose_runtime.png
Loading resource: res://.godot/imported/rumi_eight_pose_runtime.png-4d3d7e9eed391ec400be6a483fbbd59d.ctex remapped: res://.godot/imported/rumi_eight_pose_runtime.png-4d3d7e9eed391ec400be6a483fbbd59d.ctex
Completed load for: 'res://assets/characters/rumi/rumi_eight_pose_runtime.png' remapped 'res://assets/characters/rumi/rumi_eight_pose_runtime.png' at thread -1
Loading resource: res://assets/chapter2/birthday/chapter2_grand_five_strawberry_cake.png remapped: res://assets/chapter2/birthday/chapter2_grand_five_strawberry_cake.png
Loading resource: res://.godot/imported/chapter2_grand_five_strawberry_cake.png-15d258e3bfb36bfe1a0dd9e5007fd873.ctex remapped: res://.godot/imported/chapter2_grand_five_strawberry_cake.png-15d258e3bfb36bfe1a0dd9e5007fd873.ctex
Completed load for: 'res://assets/chapter2/birthday/chapter2_grand_five_strawberry_cake.png' remapped 'res://assets/chapter2/birthday/chapter2_grand_five_strawberry_cake.png' at thread -1
Loading resource: res://assets/chapter2/birthday/rainbow_candle_unlit.png remapped: res://assets/chapter2/birthday/rainbow_candle_unlit.png
Loading resource: res://.godot/imported/rainbow_candle_unlit.png-590e1bfc4f9a4572b2b8e253adc40060.ctex remapped: res://.godot/imported/rainbow_candle_unlit.png-590e1bfc4f9a4572b2b8e253adc40060.ctex
Completed load for: 'res://assets/chapter2/birthday/rainbow_candle_unlit.png' remapped 'res://assets/chapter2/birthday/rainbow_candle_unlit.png' at thread -1
Loading resource: res://assets/opera/worlds/props/goal_astronaut.png remapped: res://assets/opera/worlds/props/goal_astronaut.png
Loading resource: res://.godot/imported/goal_astronaut.png-99a883c005e02d50b9d2c0ef7d7f4365.s3tc.ctex remapped: res://.godot/imported/goal_astronaut.png-99a883c005e02d50b9d2c0ef7d7f4365.s3tc.ctex
Completed load for: 'res://assets/opera/worlds/props/goal_astronaut.png' remapped 'res://assets/opera/worlds/props/goal_astronaut.png' at thread -1
Loading resource: res://assets/chapter2/ember_alpha/king_v4_cutout.png remapped: res://assets/chapter2/ember_alpha/king_v4_cutout.png
Loading resource: res://.godot/imported/king_v4_cutout.png-3c47309ecb90795648de80b4f5515814.ctex remapped: res://.godot/imported/king_v4_cutout.png-3c47309ecb90795648de80b4f5515814.ctex
Completed load for: 'res://assets/chapter2/ember_alpha/king_v4_cutout.png' remapped 'res://assets/chapter2/ember_alpha/king_v4_cutout.png' at thread -1
Loading resource: res://assets/chapter2/ember_alpha/prince_idle.png remapped: res://assets/chapter2/ember_alpha/prince_idle.png
Loading resource: res://.godot/imported/prince_idle.png-7c4c40d6ac3da968384799442f0160ab.ctex remapped: res://.godot/imported/prince_idle.png-7c4c40d6ac3da968384799442f0160ab.ctex
Completed load for: 'res://assets/chapter2/ember_alpha/prince_idle.png' remapped 'res://assets/chapter2/ember_alpha/prince_idle.png' at thread -1
Loading resource: res://assets/chapter2/birthday/rainbow_candle_large_flame.png remapped: res://assets/chapter2/birthday/rainbow_candle_large_flame.png
Loading resource: res://.godot/imported/rainbow_candle_large_flame.png-a1a0b3799a2bc1aeef43e25e6bbcd0c6.ctex remapped: res://.godot/imported/rainbow_candle_large_flame.png-a1a0b3799a2bc1aeef43e25e6bbcd0c6.ctex
Completed load for: 'res://assets/chapter2/birthday/rainbow_candle_large_flame.png' remapped 'res://assets/chapter2/birthday/rainbow_candle_large_flame.png' at thread -1
Loading resource: res://assets/characters/roshan_25d/roshan_base.png remapped: res://assets/characters/roshan_25d/roshan_base.png
Loading resource: res://.godot/imported/roshan_base.png-9c456388e4a5ef13b9331f23ea18de99.s3tc.ctex remapped: res://.godot/imported/roshan_base.png-9c456388e4a5ef13b9331f23ea18de99.s3tc.ctex
Completed load for: 'res://assets/characters/roshan_25d/roshan_base.png' remapped 'res://assets/characters/roshan_25d/roshan_base.png' at thread -1
CHAPTER2_LAWN|round checkpoint survives disk reload: OK
CHAPTER2_LAWN|three rounds preserve candle until story theft: OK
Loading resource: res://assets/chapter2/birthday/rainbow_candle_unlit.png remapped: res://assets/chapter2/birthday/rainbow_candle_unlit.png
Loading resource: res://.godot/imported/rainbow_candle_unlit.png-590e1bfc4f9a4572b2b8e253adc40060.ctex remapped: res://.godot/imported/rainbow_candle_unlit.png-590e1bfc4f9a4572b2b8e253adc40060.ctex
Completed load for: 'res://assets/chapter2/birthday/rainbow_candle_unlit.png' remapped 'res://assets/chapter2/birthday/rainbow_candle_unlit.png' at thread -1
CHAPTER2_LAWN|King cheats only after protection success: OK
CHAPTER2_LAWN|checkpoint writes to disk: OK
Loading resource: res://assets/flats/sky_lagoon/main/flat_sky_lagoon_main_panorama_v5_tile_r0_c2.png remapped: res://assets/flats/sky_lagoon/main/flat_sky_lagoon_main_panorama_v5_tile_r0_c2.png
Loading resource: res://.godot/imported/flat_sky_lagoon_main_panorama_v5_tile_r0_c2.png-707b7c1249db60c277ba18a5a90d2606.s3tc.ctex remapped: res://.godot/imported/flat_sky_lagoon_main_panorama_v5_tile_r0_c2.png-707b7c1249db60c277ba18a5a90d2606.s3tc.ctex
Completed load for: 'res://assets/flats/sky_lagoon/main/flat_sky_lagoon_main_panorama_v5_tile_r0_c2.png' remapped 'res://assets/flats/sky_lagoon/main/flat_sky_lagoon_main_panorama_v5_tile_r0_c2.png' at thread -1
Loading resource: res://assets/flats/sky_lagoon/main/flat_sky_lagoon_main_panorama_v5_tile_r0_c3.png remapped: res://assets/flats/sky_lagoon/main/flat_sky_lagoon_main_panorama_v5_tile_r0_c3.png
Loading resource: res://.godot/imported/flat_sky_lagoon_main_panorama_v5_tile_r0_c3.png-f5a0de2cacbf855b5537bfa011fb414f.s3tc.ctex remapped: res://.godot/imported/flat_sky_lagoon_main_panorama_v5_tile_r0_c3.png-f5a0de2cacbf855b5537bfa011fb414f.s3tc.ctex
Completed load for: 'res://assets/flats/sky_lagoon/main/flat_sky_lagoon_main_panorama_v5_tile_r0_c3.png' remapped 'res://assets/flats/sky_lagoon/main/flat_sky_lagoon_main_panorama_v5_tile_r0_c3.png' at thread -1
Loading resource: res://assets/flats/sky_lagoon/main/flat_sky_lagoon_main_panorama_v5_tile_r1_c2.png remapped: res://assets/flats/sky_lagoon/main/flat_sky_lagoon_main_panorama_v5_tile_r1_c2.png
Loading resource: res://.godot/imported/flat_sky_lagoon_main_panorama_v5_tile_r1_c2.png-0c556d40124fed4dea38c25d4997f920.s3tc.ctex remapped: res://.godot/imported/flat_sky_lagoon_main_panorama_v5_tile_r1_c2.png-0c556d40124fed4dea38c25d4997f920.s3tc.ctex
Completed load for: 'res://assets/flats/sky_lagoon/main/flat_sky_lagoon_main_panorama_v5_tile_r1_c2.png' remapped 'res://assets/flats/sky_lagoon/main/flat_sky_lagoon_main_panorama_v5_tile_r1_c2.png' at thread -1
Loading resource: res://assets/flats/sky_lagoon/main/flat_sky_lagoon_main_panorama_v5_tile_r1_c3.png remapped: res://assets/flats/sky_lagoon/main/flat_sky_lagoon_main_panorama_v5_tile_r1_c3.png
Loading resource: res://.godot/imported/flat_sky_lagoon_main_panorama_v5_tile_r1_c3.png-f8ce0e5f490964960eec056604b88fb0.s3tc.ctex remapped: res://.godot/imported/flat_sky_lagoon_main_panorama_v5_tile_r1_c3.png-f8ce0e5f490964960eec056604b88fb0.s3tc.ctex
Completed load for: 'res://assets/flats/sky_lagoon/main/flat_sky_lagoon_main_panorama_v5_tile_r1_c3.png' remapped 'res://assets/flats/sky_lagoon/main/flat_sky_lagoon_main_panorama_v5_tile_r1_c3.png' at thread -1
Loading resource: res://assets/flats/castle/dream_house/dining_table.png remapped: res://assets/flats/castle/dream_house/dining_table.png
Loading resource: res://.godot/imported/dining_table.png-1adcb52d35ada4eaad348863d3c4ed14.ctex remapped: res://.godot/imported/dining_table.png-1adcb52d35ada4eaad348863d3c4ed14.ctex
Completed load for: 'res://assets/flats/castle/dream_house/dining_table.png' remapped 'res://assets/flats/castle/dream_house/dining_table.png' at thread -1
Loading resource: res://assets/characters/friends/wacky_chuck.png remapped: res://assets/characters/friends/wacky_chuck.png
Loading resource: res://.godot/imported/wacky_chuck.png-63371bb14e3433205c86fe378abf8c31.ctex remapped: res://.godot/imported/wacky_chuck.png-63371bb14e3433205c86fe378abf8c31.ctex
Completed load for: 'res://assets/characters/friends/wacky_chuck.png' remapped 'res://assets/characters/friends/wacky_chuck.png' at thread -1
Loading resource: res://assets/characters/friends/two_friends.png remapped: res://assets/characters/friends/two_friends.png
Loading resource: res://.godot/imported/two_friends.png-927c5e0bbc031d63df1bd89267fce6b9.ctex remapped: res://.godot/imported/two_friends.png-927c5e0bbc031d63df1bd89267fce6b9.ctex
Completed load for: 'res://assets/characters/friends/two_friends.png' remapped 'res://assets/characters/friends/two_friends.png' at thread -1
Loading resource: res://assets/characters/friends/pearl_friend.png remapped: res://assets/characters/friends/pearl_friend.png
Loading resource: res://.godot/imported/pearl_friend.png-9ec09c1badbb97711a21e69ddc22aeac.ctex remapped: res://.godot/imported/pearl_friend.png-9ec09c1badbb97711a21e69ddc22aeac.ctex
Completed load for: 'res://assets/characters/friends/pearl_friend.png' remapped 'res://assets/characters/friends/pearl_friend.png' at thread -1
Loading resource: res://assets/characters/friends/mama_baby.png remapped: res://assets/characters/friends/mama_baby.png
Loading resource: res://.godot/imported/mama_baby.png-5a11388366ac5314d4ba6bff63bf1e40.ctex remapped: res://.godot/imported/mama_baby.png-5a11388366ac5314d4ba6bff63bf1e40.ctex
Completed load for: 'res://assets/characters/friends/mama_baby.png' remapped 'res://assets/characters/friends/mama_baby.png' at thread -1
Loading resource: res://assets/characters/friends/kareem.png remapped: res://assets/characters/friends/kareem.png
Loading resource: res://.godot/imported/kareem.png-bd70711ad9a4b54f8fe2a1d80ea60996.ctex remapped: res://.godot/imported/kareem.png-bd70711ad9a4b54f8fe2a1d80ea60996.ctex
Completed load for: 'res://assets/characters/friends/kareem.png' remapped 'res://assets/characters/friends/kareem.png' at thread -1
Loading resource: res://assets/characters/friends/huluu.png remapped: res://assets/characters/friends/huluu.png
Loading resource: res://.godot/imported/huluu.png-6fee73331b3d0600210812844b67ef58.ctex remapped: res://.godot/imported/huluu.png-6fee73331b3d0600210812844b67ef58.ctex
Completed load for: 'res://assets/characters/friends/huluu.png' remapped 'res://assets/characters/friends/huluu.png' at thread -1
Loading resource: res://assets/characters/friends/flower_friend.png remapped: res://assets/characters/friends/flower_friend.png
Loading resource: res://.godot/imported/flower_friend.png-4e6651e528bf5baab9ad87f4d0b8c7f4.ctex remapped: res://.godot/imported/flower_friend.png-4e6651e528bf5baab9ad87f4d0b8c7f4.ctex
Completed load for: 'res://assets/characters/friends/flower_friend.png' remapped 'res://assets/characters/friends/flower_friend.png' at thread -1
Loading resource: res://assets/characters/friends/daddy.webp remapped: res://assets/characters/friends/daddy.webp
Loading resource: res://.godot/imported/daddy.webp-3a22b857022db58d12ed91602bd085a3.ctex remapped: res://.godot/imported/daddy.webp-3a22b857022db58d12ed91602bd085a3.ctex
Completed load for: 'res://assets/characters/friends/daddy.webp' remapped 'res://assets/characters/friends/daddy.webp' at thread -1
Loading resource: res://assets/book/doll_cat.png remapped: res://assets/book/doll_cat.png
Loading resource: res://.godot/imported/doll_cat.png-8dd5b416a4b7baec369dde60c7412a62.ctex remapped: res://.godot/imported/doll_cat.png-8dd5b416a4b7baec369dde60c7412a62.ctex
Completed load for: 'res://assets/book/doll_cat.png' remapped 'res://assets/book/doll_cat.png' at thread -1
Loading resource: res://assets/book/doll_bunny.png remapped: res://assets/book/doll_bunny.png
Loading resource: res://.godot/imported/doll_bunny.png-a1a52c944c5598edfdca50b66b939c38.ctex remapped: res://.godot/imported/doll_bunny.png-a1a52c944c5598edfdca50b66b939c38.ctex
Completed load for: 'res://assets/book/doll_bunny.png' remapped 'res://assets/book/doll_bunny.png' at thread -1
Loading resource: res://assets/opera/worlds/props/goal_ballerina.png remapped: res://assets/opera/worlds/props/goal_ballerina.png
Loading resource: res://.godot/imported/goal_ballerina.png-db67e5af6a1fa1e71ecf4379dcef72ff.s3tc.ctex remapped: res://.godot/imported/goal_ballerina.png-db67e5af6a1fa1e71ecf4379dcef72ff.s3tc.ctex
Completed load for: 'res://assets/opera/worlds/props/goal_ballerina.png' remapped 'res://assets/opera/worlds/props/goal_ballerina.png' at thread -1
Loading resource: res://assets/opera/worlds/props/goal_popstar.png remapped: res://assets/opera/worlds/props/goal_popstar.png
Loading resource: res://.godot/imported/goal_popstar.png-31c1f07a899a0040c0e44accf433085d.s3tc.ctex remapped: res://.godot/imported/goal_popstar.png-31c1f07a899a0040c0e44accf433085d.s3tc.ctex
Completed load for: 'res://assets/opera/worlds/props/goal_popstar.png' remapped 'res://assets/opera/worlds/props/goal_popstar.png' at thread -1
Loading resource: res://assets/characters/rumi/rumi_eight_pose_runtime.png remapped: res://assets/characters/rumi/rumi_eight_pose_runtime.png
Loading resource: res://.godot/imported/rumi_eight_pose_runtime.png-4d3d7e9eed391ec400be6a483fbbd59d.ctex remapped: res://.godot/imported/rumi_eight_pose_runtime.png-4d3d7e9eed391ec400be6a483fbbd59d.ctex
Completed load for: 'res://assets/characters/rumi/rumi_eight_pose_runtime.png' remapped 'res://assets/characters/rumi/rumi_eight_pose_runtime.png' at thread -1
Loading resource: res://assets/chapter2/birthday/chapter2_grand_five_strawberry_cake.png remapped: res://assets/chapter2/birthday/chapter2_grand_five_strawberry_cake.png
Loading resource: res://.godot/imported/chapter2_grand_five_strawberry_cake.png-15d258e3bfb36bfe1a0dd9e5007fd873.ctex remapped: res://.godot/imported/chapter2_grand_five_strawberry_cake.png-15d258e3bfb36bfe1a0dd9e5007fd873.ctex
Completed load for: 'res://assets/chapter2/birthday/chapter2_grand_five_strawberry_cake.png' remapped 'res://assets/chapter2/birthday/chapter2_grand_five_strawberry_cake.png' at thread -1
Loading resource: res://assets/chapter2/birthday/rainbow_candle_unlit.png remapped: res://assets/chapter2/birthday/rainbow_candle_unlit.png
Loading resource: res://.godot/imported/rainbow_candle_unlit.png-590e1bfc4f9a4572b2b8e253adc40060.ctex remapped: res://.godot/imported/rainbow_candle_unlit.png-590e1bfc4f9a4572b2b8e253adc40060.ctex
Completed load for: 'res://assets/chapter2/birthday/rainbow_candle_unlit.png' remapped 'res://assets/chapter2/birthday/rainbow_candle_unlit.png' at thread -1
Loading resource: res://assets/opera/worlds/props/goal_astronaut.png remapped: res://assets/opera/worlds/props/goal_astronaut.png
Loading resource: res://.godot/imported/goal_astronaut.png-99a883c005e02d50b9d2c0ef7d7f4365.s3tc.ctex remapped: res://.godot/imported/goal_astronaut.png-99a883c005e02d50b9d2c0ef7d7f4365.s3tc.ctex
Completed load for: 'res://assets/opera/worlds/props/goal_astronaut.png' remapped 'res://assets/opera/worlds/props/goal_astronaut.png' at thread -1
Loading resource: res://assets/chapter2/ember_alpha/king_v4_cutout.png remapped: res://assets/chapter2/ember_alpha/king_v4_cutout.png
Loading resource: res://.godot/imported/king_v4_cutout.png-3c47309ecb90795648de80b4f5515814.ctex remapped: res://.godot/imported/king_v4_cutout.png-3c47309ecb90795648de80b4f5515814.ctex
Completed load for: 'res://assets/chapter2/ember_alpha/king_v4_cutout.png' remapped 'res://assets/chapter2/ember_alpha/king_v4_cutout.png' at thread -1
Loading resource: res://assets/chapter2/ember_alpha/prince_idle.png remapped: res://assets/chapter2/ember_alpha/prince_idle.png
Loading resource: res://.godot/imported/prince_idle.png-7c4c40d6ac3da968384799442f0160ab.ctex remapped: res://.godot/imported/prince_idle.png-7c4c40d6ac3da968384799442f0160ab.ctex
Completed load for: 'res://assets/chapter2/ember_alpha/prince_idle.png' remapped 'res://assets/chapter2/ember_alpha/prince_idle.png' at thread -1
Loading resource: res://assets/chapter2/birthday/rainbow_candle_large_flame.png remapped: res://assets/chapter2/birthday/rainbow_candle_large_flame.png
Loading resource: res://.godot/imported/rainbow_candle_large_flame.png-a1a0b3799a2bc1aeef43e25e6bbcd0c6.ctex remapped: res://.godot/imported/rainbow_candle_large_flame.png-a1a0b3799a2bc1aeef43e25e6bbcd0c6.ctex
Completed load for: 'res://assets/chapter2/birthday/rainbow_candle_large_flame.png' remapped 'res://assets/chapter2/birthday/rainbow_candle_large_flame.png' at thread -1
Loading resource: res://assets/characters/roshan_25d/roshan_base.png remapped: res://assets/characters/roshan_25d/roshan_base.png
Loading resource: res://.godot/imported/roshan_base.png-9c456388e4a5ef13b9331f23ea18de99.s3tc.ctex remapped: res://.godot/imported/roshan_base.png-9c456388e4a5ef13b9331f23ea18de99.s3tc.ctex
Completed load for: 'res://assets/characters/roshan_25d/roshan_base.png' remapped 'res://assets/characters/roshan_25d/roshan_base.png' at thread -1
CHAPTER2_LAWN|theft checkpoint does not skip reassurance: OK
CHAPTER2_LAWN|King leaves earned handoff intact: Cake: OK
CHAPTER2_LAWN|King leaves earned handoff intact: Banner: OK
CHAPTER2_LAWN|King leaves earned handoff intact: StuffieCat: OK
CHAPTER2_LAWN|King leaves earned handoff intact: StuffieBunny: OK
CHAPTER2_LAWN|King leaves earned handoff intact: MusicBox: OK
CHAPTER2_LAWN|King leaves earned handoff intact: Rumi: OK
CHAPTER2_LAWN|King leaves earned handoff intact: PartyMicrophone: OK
CHAPTER2_LAWN|King leaves earned handoff intact: Rocket: OK
CHAPTER2_LAWN|King takes only the local candle: OK
CHAPTER2_LAWN|checkpoint writes to disk: OK
Loading resource: res://assets/flats/sky_lagoon/main/flat_sky_lagoon_main_panorama_v5_tile_r0_c2.png remapped: res://assets/flats/sky_lagoon/main/flat_sky_lagoon_main_panorama_v5_tile_r0_c2.png
Loading resource: res://.godot/imported/flat_sky_lagoon_main_panorama_v5_tile_r0_c2.png-707b7c1249db60c277ba18a5a90d2606.s3tc.ctex remapped: res://.godot/imported/flat_sky_lagoon_main_panorama_v5_tile_r0_c2.png-707b7c1249db60c277ba18a5a90d2606.s3tc.ctex
Completed load for: 'res://assets/flats/sky_lagoon/main/flat_sky_lagoon_main_panorama_v5_tile_r0_c2.png' remapped 'res://assets/flats/sky_lagoon/main/flat_sky_lagoon_main_panorama_v5_tile_r0_c2.png' at thread -1
Loading resource: res://assets/flats/sky_lagoon/main/flat_sky_lagoon_main_panorama_v5_tile_r0_c3.png remapped: res://assets/flats/sky_lagoon/main/flat_sky_lagoon_main_panorama_v5_tile_r0_c3.png
Loading resource: res://.godot/imported/flat_sky_lagoon_main_panorama_v5_tile_r0_c3.png-f5a0de2cacbf855b5537bfa011fb414f.s3tc.ctex remapped: res://.godot/imported/flat_sky_lagoon_main_panorama_v5_tile_r0_c3.png-f5a0de2cacbf855b5537bfa011fb414f.s3tc.ctex
Completed load for: 'res://assets/flats/sky_lagoon/main/flat_sky_lagoon_main_panorama_v5_tile_r0_c3.png' remapped 'res://assets/flats/sky_lagoon/main/flat_sky_lagoon_main_panorama_v5_tile_r0_c3.png' at thread -1
Loading resource: res://assets/flats/sky_lagoon/main/flat_sky_lagoon_main_panorama_v5_tile_r1_c2.png remapped: res://assets/flats/sky_lagoon/main/flat_sky_lagoon_main_panorama_v5_tile_r1_c2.png
Loading resource: res://.godot/imported/flat_sky_lagoon_main_panorama_v5_tile_r1_c2.png-0c556d40124fed4dea38c25d4997f920.s3tc.ctex remapped: res://.godot/imported/flat_sky_lagoon_main_panorama_v5_tile_r1_c2.png-0c556d40124fed4dea38c25d4997f920.s3tc.ctex
Completed load for: 'res://assets/flats/sky_lagoon/main/flat_sky_lagoon_main_panorama_v5_tile_r1_c2.png' remapped 'res://assets/flats/sky_lagoon/main/flat_sky_lagoon_main_panorama_v5_tile_r1_c2.png' at thread -1
Loading resource: res://assets/flats/sky_lagoon/main/flat_sky_lagoon_main_panorama_v5_tile_r1_c3.png remapped: res://assets/flats/sky_lagoon/main/flat_sky_lagoon_main_panorama_v5_tile_r1_c3.png
Loading resource: res://.godot/imported/flat_sky_lagoon_main_panorama_v5_tile_r1_c3.png-f8ce0e5f490964960eec056604b88fb0.s3tc.ctex remapped: res://.godot/imported/flat_sky_lagoon_main_panorama_v5_tile_r1_c3.png-f8ce0e5f490964960eec056604b88fb0.s3tc.ctex
Completed load for: 'res://assets/flats/sky_lagoon/main/flat_sky_lagoon_main_panorama_v5_tile_r1_c3.png' remapped 'res://assets/flats/sky_lagoon/main/flat_sky_lagoon_main_panorama_v5_tile_r1_c3.png' at thread -1
Loading resource: res://assets/flats/castle/dream_house/dining_table.png remapped: res://assets/flats/castle/dream_house/dining_table.png
Loading resource: res://.godot/imported/dining_table.png-1adcb52d35ada4eaad348863d3c4ed14.ctex remapped: res://.godot/imported/dining_table.png-1adcb52d35ada4eaad348863d3c4ed14.ctex
Completed load for: 'res://assets/flats/castle/dream_house/dining_table.png' remapped 'res://assets/flats/castle/dream_house/dining_table.png' at thread -1
Loading resource: res://assets/characters/friends/wacky_chuck.png remapped: res://assets/characters/friends/wacky_chuck.png
Loading resource: res://.godot/imported/wacky_chuck.png-63371bb14e3433205c86fe378abf8c31.ctex remapped: res://.godot/imported/wacky_chuck.png-63371bb14e3433205c86fe378abf8c31.ctex
Completed load for: 'res://assets/characters/friends/wacky_chuck.png' remapped 'res://assets/characters/friends/wacky_chuck.png' at thread -1
Loading resource: res://assets/characters/friends/two_friends.png remapped: res://assets/characters/friends/two_friends.png
Loading resource: res://.godot/imported/two_friends.png-927c5e0bbc031d63df1bd89267fce6b9.ctex remapped: res://.godot/imported/two_friends.png-927c5e0bbc031d63df1bd89267fce6b9.ctex
Completed load for: 'res://assets/characters/friends/two_friends.png' remapped 'res://assets/characters/friends/two_friends.png' at thread -1
Loading resource: res://assets/characters/friends/pearl_friend.png remapped: res://assets/characters/friends/pearl_friend.png
Loading resource: res://.godot/imported/pearl_friend.png-9ec09c1badbb97711a21e69ddc22aeac.ctex remapped: res://.godot/imported/pearl_friend.png-9ec09c1badbb97711a21e69ddc22aeac.ctex
Completed load for: 'res://assets/characters/friends/pearl_friend.png' remapped 'res://assets/characters/friends/pearl_friend.png' at thread -1
Loading resource: res://assets/characters/friends/mama_baby.png remapped: res://assets/characters/friends/mama_baby.png
Loading resource: res://.godot/imported/mama_baby.png-5a11388366ac5314d4ba6bff63bf1e40.ctex remapped: res://.godot/imported/mama_baby.png-5a11388366ac5314d4ba6bff63bf1e40.ctex
Completed load for: 'res://assets/characters/friends/mama_baby.png' remapped 'res://assets/characters/friends/mama_baby.png' at thread -1
Loading resource: res://assets/characters/friends/kareem.png remapped: res://assets/characters/friends/kareem.png
Loading resource: res://.godot/imported/kareem.png-bd70711ad9a4b54f8fe2a1d80ea60996.ctex remapped: res://.godot/imported/kareem.png-bd70711ad9a4b54f8fe2a1d80ea60996.ctex
Completed load for: 'res://assets/characters/friends/kareem.png' remapped 'res://assets/characters/friends/kareem.png' at thread -1
Loading resource: res://assets/characters/friends/huluu.png remapped: res://assets/characters/friends/huluu.png
Loading resource: res://.godot/imported/huluu.png-6fee73331b3d0600210812844b67ef58.ctex remapped: res://.godot/imported/huluu.png-6fee73331b3d0600210812844b67ef58.ctex
Completed load for: 'res://assets/characters/friends/huluu.png' remapped 'res://assets/characters/friends/huluu.png' at thread -1
Loading resource: res://assets/characters/friends/flower_friend.png remapped: res://assets/characters/friends/flower_friend.png
Loading resource: res://.godot/imported/flower_friend.png-4e6651e528bf5baab9ad87f4d0b8c7f4.ctex remapped: res://.godot/imported/flower_friend.png-4e6651e528bf5baab9ad87f4d0b8c7f4.ctex
Completed load for: 'res://assets/characters/friends/flower_friend.png' remapped 'res://assets/characters/friends/flower_friend.png' at thread -1
Loading resource: res://assets/characters/friends/daddy.webp remapped: res://assets/characters/friends/daddy.webp
Loading resource: res://.godot/imported/daddy.webp-3a22b857022db58d12ed91602bd085a3.ctex remapped: res://.godot/imported/daddy.webp-3a22b857022db58d12ed91602bd085a3.ctex
Completed load for: 'res://assets/characters/friends/daddy.webp' remapped 'res://assets/characters/friends/daddy.webp' at thread -1
Loading resource: res://assets/book/doll_cat.png remapped: res://assets/book/doll_cat.png
Loading resource: res://.godot/imported/doll_cat.png-8dd5b416a4b7baec369dde60c7412a62.ctex remapped: res://.godot/imported/doll_cat.png-8dd5b416a4b7baec369dde60c7412a62.ctex
Completed load for: 'res://assets/book/doll_cat.png' remapped 'res://assets/book/doll_cat.png' at thread -1
Loading resource: res://assets/book/doll_bunny.png remapped: res://assets/book/doll_bunny.png
Loading resource: res://.godot/imported/doll_bunny.png-a1a52c944c5598edfdca50b66b939c38.ctex remapped: res://.godot/imported/doll_bunny.png-a1a52c944c5598edfdca50b66b939c38.ctex
Completed load for: 'res://assets/book/doll_bunny.png' remapped 'res://assets/book/doll_bunny.png' at thread -1
Loading resource: res://assets/opera/worlds/props/goal_ballerina.png remapped: res://assets/opera/worlds/props/goal_ballerina.png
Loading resource: res://.godot/imported/goal_ballerina.png-db67e5af6a1fa1e71ecf4379dcef72ff.s3tc.ctex remapped: res://.godot/imported/goal_ballerina.png-db67e5af6a1fa1e71ecf4379dcef72ff.s3tc.ctex
Completed load for: 'res://assets/opera/worlds/props/goal_ballerina.png' remapped 'res://assets/opera/worlds/props/goal_ballerina.png' at thread -1
Loading resource: res://assets/opera/worlds/props/goal_popstar.png remapped: res://assets/opera/worlds/props/goal_popstar.png
Loading resource: res://.godot/imported/goal_popstar.png-31c1f07a899a0040c0e44accf433085d.s3tc.ctex remapped: res://.godot/imported/goal_popstar.png-31c1f07a899a0040c0e44accf433085d.s3tc.ctex
Completed load for: 'res://assets/opera/worlds/props/goal_popstar.png' remapped 'res://assets/opera/worlds/props/goal_popstar.png' at thread -1
Loading resource: res://assets/characters/rumi/rumi_eight_pose_runtime.png remapped: res://assets/characters/rumi/rumi_eight_pose_runtime.png
Loading resource: res://.godot/imported/rumi_eight_pose_runtime.png-4d3d7e9eed391ec400be6a483fbbd59d.ctex remapped: res://.godot/imported/rumi_eight_pose_runtime.png-4d3d7e9eed391ec400be6a483fbbd59d.ctex
Completed load for: 'res://assets/characters/rumi/rumi_eight_pose_runtime.png' remapped 'res://assets/characters/rumi/rumi_eight_pose_runtime.png' at thread -1
Loading resource: res://assets/chapter2/birthday/chapter2_grand_five_strawberry_cake.png remapped: res://assets/chapter2/birthday/chapter2_grand_five_strawberry_cake.png
Loading resource: res://.godot/imported/chapter2_grand_five_strawberry_cake.png-15d258e3bfb36bfe1a0dd9e5007fd873.ctex remapped: res://.godot/imported/chapter2_grand_five_strawberry_cake.png-15d258e3bfb36bfe1a0dd9e5007fd873.ctex
Completed load for: 'res://assets/chapter2/birthday/chapter2_grand_five_strawberry_cake.png' remapped 'res://assets/chapter2/birthday/chapter2_grand_five_strawberry_cake.png' at thread -1
Loading resource: res://assets/chapter2/birthday/rainbow_candle_unlit.png remapped: res://assets/chapter2/birthday/rainbow_candle_unlit.png
Loading resource: res://.godot/imported/rainbow_candle_unlit.png-590e1bfc4f9a4572b2b8e253adc40060.ctex remapped: res://.godot/imported/rainbow_candle_unlit.png-590e1bfc4f9a4572b2b8e253adc40060.ctex
Completed load for: 'res://assets/chapter2/birthday/rainbow_candle_unlit.png' remapped 'res://assets/chapter2/birthday/rainbow_candle_unlit.png' at thread -1
Loading resource: res://assets/opera/worlds/props/goal_astronaut.png remapped: res://assets/opera/worlds/props/goal_astronaut.png
Loading resource: res://.godot/imported/goal_astronaut.png-99a883c005e02d50b9d2c0ef7d7f4365.s3tc.ctex remapped: res://.godot/imported/goal_astronaut.png-99a883c005e02d50b9d2c0ef7d7f4365.s3tc.ctex
Completed load for: 'res://assets/opera/worlds/props/goal_astronaut.png' remapped 'res://assets/opera/worlds/props/goal_astronaut.png' at thread -1
Loading resource: res://assets/chapter2/ember_alpha/king_v4_cutout.png remapped: res://assets/chapter2/ember_alpha/king_v4_cutout.png
Loading resource: res://.godot/imported/king_v4_cutout.png-3c47309ecb90795648de80b4f5515814.ctex remapped: res://.godot/imported/king_v4_cutout.png-3c47309ecb90795648de80b4f5515814.ctex
Completed load for: 'res://assets/chapter2/ember_alpha/king_v4_cutout.png' remapped 'res://assets/chapter2/ember_alpha/king_v4_cutout.png' at thread -1
Loading resource: res://assets/chapter2/ember_alpha/prince_idle.png remapped: res://assets/chapter2/ember_alpha/prince_idle.png
Loading resource: res://.godot/imported/prince_idle.png-7c4c40d6ac3da968384799442f0160ab.ctex remapped: res://.godot/imported/prince_idle.png-7c4c40d6ac3da968384799442f0160ab.ctex
Completed load for: 'res://assets/chapter2/ember_alpha/prince_idle.png' remapped 'res://assets/chapter2/ember_alpha/prince_idle.png' at thread -1
Loading resource: res://assets/chapter2/birthday/rainbow_candle_large_flame.png remapped: res://assets/chapter2/birthday/rainbow_candle_large_flame.png
Loading resource: res://.godot/imported/rainbow_candle_large_flame.png-a1a0b3799a2bc1aeef43e25e6bbcd0c6.ctex remapped: res://.godot/imported/rainbow_candle_large_flame.png-a1a0b3799a2bc1aeef43e25e6bbcd0c6.ctex
Completed load for: 'res://assets/chapter2/birthday/rainbow_candle_large_flame.png' remapped 'res://assets/chapter2/birthday/rainbow_candle_large_flame.png' at thread -1
Loading resource: res://assets/characters/roshan_25d/roshan_base.png remapped: res://assets/characters/roshan_25d/roshan_base.png
Loading resource: res://.godot/imported/roshan_base.png-9c456388e4a5ef13b9331f23ea18de99.s3tc.ctex remapped: res://.godot/imported/roshan_base.png-9c456388e4a5ef13b9331f23ea18de99.s3tc.ctex
Completed load for: 'res://assets/characters/roshan_25d/roshan_base.png' remapped 'res://assets/characters/roshan_25d/roshan_base.png' at thread -1
CHAPTER2_LAWN|reassurance completes story without losing party rewards: OK
CHAPTER2_LAWN|royals leave together: OK
CHAPTER2_LAWN|RESULT: PASS checks_failed=0
XR: Clearing primary interface
XR: Removed interface "Native mobile"
XR: Removed interface "OpenXR"
