Godot Engine v4.7.2.stable.official.ed1daf0bf - https://godotengine.org

[   0% ] [90m[1mfirst_scan_filesystem[22m | Started Project initialization (5 steps)[39m[0m
[   0% ] [90m[1mfirst_scan_filesystem[22m | Scanning file structure...[39m[0m
[  16% ] [90m[1mfirst_scan_filesystem[22m | Loading global class names...[39m[0m
[  33% ] [90m[1mfirst_scan_filesystem[22m | Verifying GDExtensions...[39m[0m
[  50% ] [90m[1mfirst_scan_filesystem[22m | Creating autoload scripts...[39m[0m
[  66% ] [90m[1mfirst_scan_filesystem[22m | Initializing plugins...[39m[0m
[  83% ] [90m[1mfirst_scan_filesystem[22m | Starting file scan...[39m[0m
[92m[ DONE ][39m [1mfirst_scan_filesystem[22m
[0m
[   0% ] [90m[1m_update_scan_actions[22m | Started Scanning actions... (1097 steps)[39m[0m
[   0% ] [90m[1m_update_scan_actions[22m | Rock2_nano_cliff_Rock2_1.png[39m[0m
[   0% ] [90m[1m_update_scan_actions[22m | ClownFish_Image_0.jpg[39m[0m
[   0% ] [90m[1m_update_scan_actions[22m | ClownFish_normal.png[39m[0m
[   0% ] [90m[1m_update_scan_actions[22m | Crab_Image_0.jpg[39m[0m
[   0% ] [90m[1m_update_scan_actions[22m | Crab_normal.png[39m[0m
[   0% ] [90m[1m_update_scan_actions[22m | Dolphin_Image_0.jpg[39m[0m
[   0% ] [90m[1m_update_scan_actions[22m | Dolphin_normal.png[39m[0m
[   0% ] [90m[1m_update_scan_actions[22m | Hammerhead_Image_0.jpg[39m[0m
[   0% ] [90m[1m_update_scan_actions[22m | Hammerhead_normal.png[39m[0m
[   0% ] [90m[1m_update_scan_actions[22m | Lobster_Image_0.jpg[39m[0m
[   0% ] [90m[1m_update_scan_actions[22m | Lobster_normal.png[39m[0m
[   1% ] [90m[1m_update_scan_actions[22m | Octopus_Image_0.jpg[39m[0m
[   1% ] [90m[1m_update_scan_actions[22m | Octopus_normal.png[39m[0m
[   1% ] [90m[1m_update_scan_actions[22m | Shark_Image_0.jpg[39m[0m
[   1% ] [90m[1m_update_scan_actions[22m | Shark_normal.png[39m[0m
[   1% ] [90m[1m_update_scan_actions[22m | Squid_Image_0.jpg[39m[0m
[   1% ] [90m[1m_update_scan_actions[22m | Squid_normal.png[39m[0m
[   1% ] [90m[1m_update_scan_actions[22m | StingRay_Image_0.jpg[39m[0m
[   1% ] [90m[1m_update_scan_actions[22m | StingRay_normal.png[39m[0m
[   1% ] [90m[1m_update_scan_actions[22m | Turtle_Image_0.jpg[39m[0m
[   1% ] [90m[1m_update_scan_actions[22m | Turtle_normal.png[39m[0m
[   1% ] [90m[1m_update_scan_actions[22m | Whale_Image_0.jpg[39m[0m
[   2% ] [90m[1m_update_scan_actions[22m | Whale_normal.png[39m[0m
[   2% ] [90m[1m_update_scan_actions[22m | butterfly1_butterfly1.png[39m[0m
[   2% ] [90m[1m_update_scan_actions[22m | butterfly2_butterfly2.png[39m[0m
[   2% ] [90m[1m_update_scan_actions[22m | clownfish_side_clownfish_side.png[39m[0m
[   2% ] [90m[1m_update_scan_actions[22m | coral1_Image_0_flat_coral1_Image_0_flat.png[39m[0m
[   2% ] [90m[1m_update_scan_actions[22m | coral2_Image_0_flat_coral2_Image_0_flat.png[39m[0m
[   2% ] [90m[1m_update_scan_actions[22m | coral3_Image_0_flat_coral3_Image_0_flat.png[39m[0m
[   2% ] [90m[1m_update_scan_actions[22m | coral4_Image_0_flat_coral4_Image_0_flat.png[39m[0m
[   2% ] [90m[1m_update_scan_actions[22m | coral5_Image_0_flat_coral5_Image_0_flat.png[39m[0m
[   2% ] [90m[1m_update_scan_actions[22m | coral6_Image_0_flat_coral6_Image_0_flat.png[39m[0m
[   2% ] [90m[1m_update_scan_actions[22m | coral_Image_0_flat_coral_Image_0_flat.png[39m[0m
[   3% ] [90m[1m_update_scan_actions[22m | craft_birdie_mask_craft_birdie_mask.png[39m[0m
[   3% ] [90m[1m_update_scan_actions[22m | craft_kitty_mask_craft_kitty_mask.png[39m[0m
[   3% ] [90m[1m_update_scan_actions[22m | fanshell_Image_0_flat_fanshell_Image_0_flat.png[39m[0m
[   3% ] [90m[1m_update_scan_actions[22m | grasstuft_grasstuft.png[39m[0m
[   3% ] [90m[1m_update_scan_actions[22m | kelp_kelp.png[39m[0m
[   3% ] [90m[1m_update_scan_actions[22m | play_horse_Image_0_flat_play_horse_Image_0_flat.png[39m[0m
[   3% ] [90m[1m_update_scan_actions[22m | play_merry_Image_0_flat_play_merry_Image_0_flat.png[39m[0m
[   3% ] [90m[1m_update_scan_actions[22m | play_sandbox_Image_0_flat_play_sandbox_Image_0_flat.png[39m[0m
[   3% ] [90m[1m_update_scan_actions[22m | play_seesaw_Image_0_flat_play_seesaw_Image_0_flat.png[39m[0m
[   3% ] [90m[1m_update_scan_actions[22m | play_slide_Image_0_flat_play_slide_Image_0_flat.png[39m[0m
[   3% ] [90m[1m_update_scan_actions[22m | play_swing_Image_0_flat_play_swing_Image_0_flat.png[39m[0m
[   4% ] [90m[1m_update_scan_actions[22m | rock1_Image_0_flat_rock1_Image_0_flat.png[39m[0m
[   4% ] [90m[1m_update_scan_actions[22m | rock2_Image_0_flat_rock2_Image_0_flat.png[39m[0m
[   4% ] [90m[1m_update_scan_actions[22m | rock3_Image_0_flat_rock3_Image_0_flat.png[39m[0m
[   4% ] [90m[1m_update_scan_actions[22m | rock4_Image_0_flat_rock4_Image_0_flat.png[39m[0m
[   4% ] [90m[1m_update_scan_actions[22m | rock5_Image_0_flat_rock5_Image_0_flat.png[39m[0m
[   4% ] [90m[1m_update_scan_actions[22m | rock_Image_0_flat_rock_Image_0_flat.png[39m[0m
[   4% ] [90m[1m_update_scan_actions[22m | rock_largea_Image_0_flat_rock_largea_Image_0_flat.png[39m[0m
[   4% ] [90m[1m_update_scan_actions[22m | sanddollar_Image_0_flat_sanddollar_Image_0_flat.png[39m[0m
[   4% ] [90m[1m_update_scan_actions[22m | seagrass_seagrass.png[39m[0m
[   4% ] [90m[1m_update_scan_actions[22m | smallfanshell_Image_0_flat_smallfanshell_Image_0_flat.png[39m[0m
[   4% ] [90m[1m_update_scan_actions[22m | spiralshell_Image_0_flat_spiralshell_Image_0_flat.png[39m[0m
[   5% ] [90m[1m_update_scan_actions[22m | sponge_barrel_Image_0_flat_sponge_barrel_Image_0_flat.png[39m[0m
[   5% ] [90m[1m_update_scan_actions[22m | sponge_tubes_Image_0_flat_sponge_tubes_Image_0_flat.png[39m[0m
[   5% ] [90m[1m_update_scan_actions[22m | starfish_decal_starfish_decal.png[39m[0m
[   5% ] [90m[1m_update_scan_actions[22m | starfish_Image_0_flat_starfish_Image_0_flat.png[39m[0m
[   5% ] [90m[1m_update_scan_actions[22m | tree_fall2_Image_0_flat_tree_fall2_Image_0_flat.png[39m[0m
[   5% ] [90m[1m_update_scan_actions[22m | tree_fall_Image_0_flat_tree_fall_Image_0_flat.png[39m[0m
[   5% ] [90m[1m_update_scan_actions[22m | tree_fat_Image_0_flat_tree_fat_Image_0_flat.png[39m[0m
[   5% ] [90m[1m_update_scan_actions[22m | tree_palm_Image_0_flat_tree_palm_Image_0_flat.png[39m[0m
[   5% ] [90m[1m_update_scan_actions[22m | tree_pineroundf_Image_0_lift_flat_tree_pineroundf_Image_0_lift_flat.png[39m[0m
[   5% ] [90m[1m_update_scan_actions[22m | bird_accent_bird_accent.png[39m[0m
[   5% ] [90m[1m_update_scan_actions[22m | bird_body_bird_body.png[39m[0m
[   6% ] [90m[1m_update_scan_actions[22m | bird_line_bird_line.png[39m[0m
[   6% ] [90m[1m_update_scan_actions[22m | butterfly_butterfly.png[39m[0m
[   6% ] [90m[1m_update_scan_actions[22m | carrot_carrot.png[39m[0m
[   6% ] [90m[1m_update_scan_actions[22m | cat_accent_cat_accent.png[39m[0m
[   6% ] [90m[1m_update_scan_actions[22m | cat_body_cat_body.png[39m[0m
[   6% ] [90m[1m_update_scan_actions[22m | cat_line_cat_line.png[39m[0m
[   6% ] [90m[1m_update_scan_actions[22m | coal_coal.png[39m[0m
[   6% ] [90m[1m_update_scan_actions[22m | fish_body_fish_body.png[39m[0m
[   6% ] [90m[1m_update_scan_actions[22m | fish_fins_fish_fins.png[39m[0m
[   6% ] [90m[1m_update_scan_actions[22m | fish_line_fish_line.png[39m[0m
[   6% ] [90m[1m_update_scan_actions[22m | flower2_flower2.png[39m[0m
[   7% ] [90m[1m_update_scan_actions[22m | flower3_flower3.png[39m[0m
[   7% ] [90m[1m_update_scan_actions[22m | flower4_flower4.png[39m[0m
[   7% ] [90m[1m_update_scan_actions[22m | flower_flower.png[39m[0m
[   7% ] [90m[1m_update_scan_actions[22m | k_bush2_k_bush2.png[39m[0m
[   7% ] [90m[1m_update_scan_actions[22m | k_bush_k_bush.png[39m[0m
[   7% ] [90m[1m_update_scan_actions[22m | k_flower1_k_flower1.png[39m[0m
[   7% ] [90m[1m_update_scan_actions[22m | k_flower2_k_flower2.png[39m[0m
[   7% ] [90m[1m_update_scan_actions[22m | k_pine_k_pine.png[39m[0m
[   7% ] [90m[1m_update_scan_actions[22m | k_sprout_k_sprout.png[39m[0m
[   7% ] [90m[1m_update_scan_actions[22m | k_xmastree_k_xmastree.png[39m[0m
[   7% ] [90m[1m_update_scan_actions[22m | orn1_orn1.png[39m[0m
[   8% ] [90m[1m_update_scan_actions[22m | orn2_orn2.png[39m[0m
[   8% ] [90m[1m_update_scan_actions[22m | orn3_orn3.png[39m[0m
[   8% ] [90m[1m_update_scan_actions[22m | orn4_orn4.png[39m[0m
[   8% ] [90m[1m_update_scan_actions[22m | orn5_orn5.png[39m[0m
[   8% ] [90m[1m_update_scan_actions[22m | rainbow_swatch_rainbow_swatch.png[39m[0m
[   8% ] [90m[1m_update_scan_actions[22m | seed_seed.png[39m[0m
[   8% ] [90m[1m_update_scan_actions[22m | snowman_snowman.png[39m[0m
[   8% ] [90m[1m_update_scan_actions[22m | sprout_sprout.png[39m[0m
[   8% ] [90m[1m_update_scan_actions[22m | star_star.png[39m[0m
[   8% ] [90m[1m_update_scan_actions[22m | sun_sun.png[39m[0m
[   8% ] [90m[1m_update_scan_actions[22m | tree_tree.png[39m[0m
[   9% ] [90m[1m_update_scan_actions[22m | wateringcan_wateringcan.png[39m[0m
[   9% ] [90m[1m_update_scan_actions[22m | xtree_xtree.png[39m[0m
[   9% ] [90m[1m_update_scan_actions[22m | crystal_facet_crystal_facet.png[39m[0m
[   9% ] [90m[1m_update_scan_actions[22m | fruit_apple_fruit_apple.png[39m[0m
[   9% ] [90m[1m_update_scan_actions[22m | fruit_banana_fruit_banana.png[39m[0m
[   9% ] [90m[1m_update_scan_actions[22m | fruit_melon_fruit_melon.png[39m[0m
[   9% ] [90m[1m_update_scan_actions[22m | fruit_orange_fruit_orange.png[39m[0m
[   9% ] [90m[1m_update_scan_actions[22m | leaf_broad_leaf_broad.png[39m[0m
[   9% ] [90m[1m_update_scan_actions[22m | leaf_fern_leaf_fern.png[39m[0m
[   9% ] [90m[1m_update_scan_actions[22m | shipwood_shipwood.png[39m[0m
[   9% ] [90m[1m_update_scan_actions[22m | banjo.ogg[39m[0m
[  10% ] [90m[1m_update_scan_actions[22m | castle_bubble_bath.ogg[39m[0m
[  10% ] [90m[1m_update_scan_actions[22m | castle_craft_room.ogg[39m[0m
[  10% ] [90m[1m_update_scan_actions[22m | castle_dining_room.ogg[39m[0m
[  10% ] [90m[1m_update_scan_actions[22m | castle_family_gallery.ogg[39m[0m
[  10% ] [90m[1m_update_scan_actions[22m | castle_kitchen.ogg[39m[0m
[  10% ] [90m[1m_update_scan_actions[22m | castle_library.ogg[39m[0m
[  10% ] [90m[1m_update_scan_actions[22m | castle_mermaid_pool.ogg[39m[0m
[  10% ] [90m[1m_update_scan_actions[22m | castle_movie_lounge.ogg[39m[0m
[  10% ] [90m[1m_update_scan_actions[22m | castle_open.ogg[39m[0m
[  10% ] [90m[1m_update_scan_actions[22m | castle_opera_hall.ogg[39m[0m
[  10% ] [90m[1m_update_scan_actions[22m | castle_playroom.ogg[39m[0m
[  11% ] [90m[1m_update_scan_actions[22m | castle_royal_bedroom.ogg[39m[0m
[  11% ] [90m[1m_update_scan_actions[22m | castle_sleepover_bedroom.ogg[39m[0m
[  11% ] [90m[1m_update_scan_actions[22m | combat_fire.ogg[39m[0m
[  11% ] [90m[1m_update_scan_actions[22m | combat_ice.ogg[39m[0m
[  11% ] [90m[1m_update_scan_actions[22m | combat_tutorial.ogg[39m[0m
[  11% ] [90m[1m_update_scan_actions[22m | dolls.ogg[39m[0m
[  11% ] [90m[1m_update_scan_actions[22m | dungeon_ember.ogg[39m[0m
[  11% ] [90m[1m_update_scan_actions[22m | dungeon_ice.ogg[39m[0m
[  11% ] [90m[1m_update_scan_actions[22m | dustboss.ogg[39m[0m
[  11% ] [90m[1m_update_scan_actions[22m | ember.ogg[39m[0m
[  11% ] [90m[1m_update_scan_actions[22m | fetch.ogg[39m[0m
[  12% ] [90m[1m_update_scan_actions[22m | finale.ogg[39m[0m
[  12% ] [90m[1m_update_scan_actions[22m | galaxy.ogg[39m[0m
[  12% ] [90m[1m_update_scan_actions[22m | hall.ogg[39m[0m
[  12% ] [90m[1m_update_scan_actions[22m | home.ogg[39m[0m
[  12% ] [90m[1m_update_scan_actions[22m | level2.ogg[39m[0m
[  12% ] [90m[1m_update_scan_actions[22m | melody.ogg[39m[0m
[  12% ] [90m[1m_update_scan_actions[22m | northern.ogg[39m[0m
[  12% ] [90m[1m_update_scan_actions[22m | opera_astronaut.ogg[39m[0m
[  12% ] [90m[1m_update_scan_actions[22m | opera_ballerina.ogg[39m[0m
[  12% ] [90m[1m_update_scan_actions[22m | opera_boss_dragon.ogg[39m[0m
[  12% ] [90m[1m_update_scan_actions[22m | opera_boss_maestro.ogg[39m[0m
[  13% ] [90m[1m_update_scan_actions[22m | opera_boss_phantom.ogg[39m[0m
[  13% ] [90m[1m_update_scan_actions[22m | opera_boxer.ogg[39m[0m
[  13% ] [90m[1m_update_scan_actions[22m | opera_candymaker.ogg[39m[0m
[  13% ] [90m[1m_update_scan_actions[22m | opera_chef.ogg[39m[0m
[  13% ] [90m[1m_update_scan_actions[22m | opera_detective.ogg[39m[0m
[  13% ] [90m[1m_update_scan_actions[22m | opera_doctor.ogg[39m[0m
[  13% ] [90m[1m_update_scan_actions[22m | opera_farmer.ogg[39m[0m
[  13% ] [90m[1m_update_scan_actions[22m | opera_geologist.ogg[39m[0m
[  13% ] [90m[1m_update_scan_actions[22m | opera_lobby.ogg[39m[0m
[  13% ] [90m[1m_update_scan_actions[22m | opera_magician.ogg[39m[0m
[  13% ] [90m[1m_update_scan_actions[22m | opera_nursery.ogg[39m[0m
[  14% ] [90m[1m_update_scan_actions[22m | opera_painter.ogg[39m[0m
[  14% ] [90m[1m_update_scan_actions[22m | opera_popstar.ogg[39m[0m
[  14% ] [90m[1m_update_scan_actions[22m | opera_racer.ogg[39m[0m
[  14% ] [90m[1m_update_scan_actions[22m | opera_teacher.ogg[39m[0m
[  14% ] [90m[1m_update_scan_actions[22m | picture_garden.ogg[39m[0m
[  14% ] [90m[1m_update_scan_actions[22m | picture_snowman.ogg[39m[0m
[  14% ] [90m[1m_update_scan_actions[22m | picture_trampoline.ogg[39m[0m
[  14% ] [90m[1m_update_scan_actions[22m | picture_xmas.ogg[39m[0m
[  14% ] [90m[1m_update_scan_actions[22m | race.ogg[39m[0m
[  14% ] [90m[1m_update_scan_actions[22m | seek.ogg[39m[0m
[  14% ] [90m[1m_update_scan_actions[22m | shop.ogg[39m[0m
[  15% ] [90m[1m_update_scan_actions[22m | stuffie_battle.ogg[39m[0m
[  15% ] [90m[1m_update_scan_actions[22m | treasure.ogg[39m[0m
[  15% ] [90m[1m_update_scan_actions[22m | world.ogg[39m[0m
[  15% ] [90m[1m_update_scan_actions[22m | world_night.ogg[39m[0m
[  15% ] [90m[1m_update_scan_actions[22m | roshan_chapter2_astronaut_ready_park.ogg[39m[0m
[  15% ] [90m[1m_update_scan_actions[22m | roshan_chapter2_ballerina_stuffies_mirror.ogg[39m[0m
[  15% ] [90m[1m_update_scan_actions[22m | roshan_chapter2_candymaker_coat_strawberries.ogg[39m[0m
[  15% ] [90m[1m_update_scan_actions[22m | roshan_chapter2_candymaker_glaze_strawberries.ogg[39m[0m
[  15% ] [90m[1m_update_scan_actions[22m | roshan_chapter2_candymaker_place_candied_strawberries.ogg[39m[0m
[  15% ] [90m[1m_update_scan_actions[22m | roshan_chapter2_candymaker_sort_strawberries.ogg[39m[0m
[  15% ] [90m[1m_update_scan_actions[22m | roshan_chapter2_chef_stack.ogg[39m[0m
[  16% ] [90m[1m_update_scan_actions[22m | roshan_chapter2_detective_unlit_rainbow_candle_reveal.ogg[39m[0m
[  16% ] [90m[1m_update_scan_actions[22m | roshan_chapter2_ember_clue.ogg[39m[0m
[  16% ] [90m[1m_update_scan_actions[22m | roshan_chapter2_farmer_deliver_to_kitchen.ogg[39m[0m
[  16% ] [90m[1m_update_scan_actions[22m | roshan_chapter2_farmer_fill_basket.ogg[39m[0m
[  16% ] [90m[1m_update_scan_actions[22m | roshan_chapter2_farmer_gather_strawberries.ogg[39m[0m
[  16% ] [90m[1m_update_scan_actions[22m | roshan_chapter2_painter_hang_banner.ogg[39m[0m
[  16% ] [90m[1m_update_scan_actions[22m | roshan_chapter2_painter_paint_banner.ogg[39m[0m
[  16% ] [90m[1m_update_scan_actions[22m | roshan_chapter2_party_ready.ogg[39m[0m
[  16% ] [90m[1m_update_scan_actions[22m | roshan_chapter2_route_astronaut.ogg[39m[0m
[  16% ] [90m[1m_update_scan_actions[22m | roshan_chapter2_route_ballerina.ogg[39m[0m
[  16% ] [90m[1m_update_scan_actions[22m | roshan_chapter2_route_candy_maker.ogg[39m[0m
[  17% ] [90m[1m_update_scan_actions[22m | roshan_chapter2_route_chef.ogg[39m[0m
[  17% ] [90m[1m_update_scan_actions[22m | roshan_chapter2_route_detective.ogg[39m[0m
[  17% ] [90m[1m_update_scan_actions[22m | roshan_chapter2_route_farmer.ogg[39m[0m
[  17% ] [90m[1m_update_scan_actions[22m | roshan_chapter2_route_painter.ogg[39m[0m
[  17% ] [90m[1m_update_scan_actions[22m | roshan_chapter2_route_popstar.ogg[39m[0m
[  17% ] [90m[1m_update_scan_actions[22m | chuck.ogg[39m[0m
[  17% ] [90m[1m_update_scan_actions[22m | chuck_bark.ogg[39m[0m
[  17% ] [90m[1m_update_scan_actions[22m | chuck_whimper.ogg[39m[0m
[  17% ] [90m[1m_update_scan_actions[22m | daddy1.ogg[39m[0m
[  17% ] [90m[1m_update_scan_actions[22m | daddy2.ogg[39m[0m
[  17% ] [90m[1m_update_scan_actions[22m | daddy3.ogg[39m[0m
[  18% ] [90m[1m_update_scan_actions[22m | everyone.ogg[39m[0m
[  18% ] [90m[1m_update_scan_actions[22m | evie.ogg[39m[0m
[  18% ] [90m[1m_update_scan_actions[22m | evie_fail.ogg[39m[0m
[  18% ] [90m[1m_update_scan_actions[22m | evie_win.ogg[39m[0m
[  18% ] [90m[1m_update_scan_actions[22m | faron.ogg[39m[0m
[  18% ] [90m[1m_update_scan_actions[22m | faron_fail.ogg[39m[0m
[  18% ] [90m[1m_update_scan_actions[22m | faron_miss.ogg[39m[0m
[  18% ] [90m[1m_update_scan_actions[22m | faron_win.ogg[39m[0m
[  18% ] [90m[1m_update_scan_actions[22m | harper.ogg[39m[0m
[  18% ] [90m[1m_update_scan_actions[22m | harper_win.ogg[39m[0m
[  18% ] [90m[1m_update_scan_actions[22m | huluu.ogg[39m[0m
[  19% ] [90m[1m_update_scan_actions[22m | huluu_greet.ogg[39m[0m
[  19% ] [90m[1m_update_scan_actions[22m | huluu_hero.ogg[39m[0m
[  19% ] [90m[1m_update_scan_actions[22m | huluu_intro.ogg[39m[0m
[  19% ] [90m[1m_update_scan_actions[22m | huluu_talk.ogg[39m[0m
[  19% ] [90m[1m_update_scan_actions[22m | huluu_thanks.ogg[39m[0m
[  19% ] [90m[1m_update_scan_actions[22m | huluu_win.ogg[39m[0m
[  19% ] [90m[1m_update_scan_actions[22m | rosalina.ogg[39m[0m
[  19% ] [90m[1m_update_scan_actions[22m | rosalina_greet.ogg[39m[0m
[  19% ] [90m[1m_update_scan_actions[22m | rosalina_locked.ogg[39m[0m
[  19% ] [90m[1m_update_scan_actions[22m | rosalina_open.ogg[39m[0m
[  19% ] [90m[1m_update_scan_actions[22m | rosalina_win.ogg[39m[0m
[  20% ] [90m[1m_update_scan_actions[22m | roshan_beans.ogg[39m[0m
[  20% ] [90m[1m_update_scan_actions[22m | roshan_bump.ogg[39m[0m
[  20% ] [90m[1m_update_scan_actions[22m | roshan_fail.ogg[39m[0m
[  20% ] [90m[1m_update_scan_actions[22m | roshan_hungry.ogg[39m[0m
[  20% ] [90m[1m_update_scan_actions[22m | roshan_idle1.ogg[39m[0m
[  20% ] [90m[1m_update_scan_actions[22m | roshan_idle2.ogg[39m[0m
[  20% ] [90m[1m_update_scan_actions[22m | roshan_idle3.ogg[39m[0m
[  20% ] [90m[1m_update_scan_actions[22m | roshan_intro1.ogg[39m[0m
[  20% ] [90m[1m_update_scan_actions[22m | roshan_intro2.ogg[39m[0m
[  20% ] [90m[1m_update_scan_actions[22m | roshan_intro3.ogg[39m[0m
[  20% ] [90m[1m_update_scan_actions[22m | roshan_intro4.ogg[39m[0m
[  21% ] [90m[1m_update_scan_actions[22m | roshan_oops.ogg[39m[0m
[  21% ] [90m[1m_update_scan_actions[22m | roshan_pearl2.ogg[39m[0m
[  21% ] [90m[1m_update_scan_actions[22m | roshan_pearl3.ogg[39m[0m
[  21% ] [90m[1m_update_scan_actions[22m | roshan_pearl.ogg[39m[0m
[  21% ] [90m[1m_update_scan_actions[22m | roshan_ship.ogg[39m[0m
[  21% ] [90m[1m_update_scan_actions[22m | roshan_talk.ogg[39m[0m
[  21% ] [90m[1m_update_scan_actions[22m | roshan_whale.ogg[39m[0m
[  21% ] [90m[1m_update_scan_actions[22m | roshan_win.ogg[39m[0m
[  21% ] [90m[1m_update_scan_actions[22m | roshan_wreck.ogg[39m[0m
[  21% ] [90m[1m_update_scan_actions[22m | shop.ogg[39m[0m
[  21% ] [90m[1m_update_scan_actions[22m | sparkle.ogg[39m[0m
[  22% ] [90m[1m_update_scan_actions[22m | wacky.ogg[39m[0m
[  22% ] [90m[1m_update_scan_actions[22m | wacky_fail.ogg[39m[0m
[  22% ] [90m[1m_update_scan_actions[22m | wacky_splash.ogg[39m[0m
[  22% ] [90m[1m_update_scan_actions[22m | wacky_win.ogg[39m[0m
[  22% ] [90m[1m_update_scan_actions[22m | ambience_hall.ogg[39m[0m
[  22% ] [90m[1m_update_scan_actions[22m | ambience_lagoon.ogg[39m[0m
[  22% ] [90m[1m_update_scan_actions[22m | ambience_reef.ogg[39m[0m
[  22% ] [90m[1m_update_scan_actions[22m | buy.ogg[39m[0m
[  22% ] [90m[1m_update_scan_actions[22m | buzz.ogg[39m[0m
[  22% ] [90m[1m_update_scan_actions[22m | chime.ogg[39m[0m
[  22% ] [90m[1m_update_scan_actions[22m | fart.ogg[39m[0m
[  23% ] [90m[1m_update_scan_actions[22m | penguin_giggle.ogg[39m[0m
[  23% ] [90m[1m_update_scan_actions[22m | purr.wav[39m[0m
[  23% ] [90m[1m_update_scan_actions[22m | ui_tap.ogg[39m[0m
[  23% ] [90m[1m_update_scan_actions[22m | voice_yay.mp3[39m[0m
[  23% ] [90m[1m_update_scan_actions[22m | glass_mermaid.png[39m[0m
[  23% ] [90m[1m_update_scan_actions[22m | p_flower.jpg[39m[0m
[  23% ] [90m[1m_update_scan_actions[22m | p_garden.jpg[39m[0m
[  23% ] [90m[1m_update_scan_actions[22m | p_seattle.jpg[39m[0m
[  23% ] [90m[1m_update_scan_actions[22m | p_slide.jpg[39m[0m
[  23% ] [90m[1m_update_scan_actions[22m | p_snowman.jpg[39m[0m
[  23% ] [90m[1m_update_scan_actions[22m | p_trampoline.jpg[39m[0m
[  24% ] [90m[1m_update_scan_actions[22m | p_xmas.jpg[39m[0m
[  24% ] [90m[1m_update_scan_actions[22m | baby_doll2.png[39m[0m
[  24% ] [90m[1m_update_scan_actions[22m | baby_doll3.png[39m[0m
[  24% ] [90m[1m_update_scan_actions[22m | baby_doll.png[39m[0m
[  24% ] [90m[1m_update_scan_actions[22m | chuck_solo.png[39m[0m
[  24% ] [90m[1m_update_scan_actions[22m | doll_bunny.png[39m[0m
[  24% ] [90m[1m_update_scan_actions[22m | doll_cat.png[39m[0m
[  24% ] [90m[1m_update_scan_actions[22m | flower_girl.png[39m[0m
[  24% ] [90m[1m_update_scan_actions[22m | friendship_flower.png[39m[0m
[  24% ] [90m[1m_update_scan_actions[22m | kareem_shop.jpg[39m[0m
[  24% ] [90m[1m_update_scan_actions[22m | lake_winter.jpg[39m[0m
[  25% ] [90m[1m_update_scan_actions[22m | nursery_bg.jpg[39m[0m
[  25% ] [90m[1m_update_scan_actions[22m | grime_desk.png[39m[0m
[  25% ] [90m[1m_update_scan_actions[22m | grime_left.png[39m[0m
[  25% ] [90m[1m_update_scan_actions[22m | grime_right.png[39m[0m
[  25% ] [90m[1m_update_scan_actions[22m | loose_brush_bundle.png[39m[0m
[  25% ] [90m[1m_update_scan_actions[22m | magic_cleaning_brush.png[39m[0m
[  25% ] [90m[1m_update_scan_actions[22m | paint_bottle_blue.png[39m[0m
[  25% ] [90m[1m_update_scan_actions[22m | paint_bottle_pink.png[39m[0m
[  25% ] [90m[1m_update_scan_actions[22m | paint_cups.png[39m[0m
[  25% ] [90m[1m_update_scan_actions[22m | dust_bunny_family.png[39m[0m
[  25% ] [90m[1m_update_scan_actions[22m | dust_bunny_hop.png[39m[0m
[  26% ] [90m[1m_update_scan_actions[22m | dust_bunny_shell_hide.png[39m[0m
[  26% ] [90m[1m_update_scan_actions[22m | dust_bunny_sleepy.png[39m[0m
[  26% ] [90m[1m_update_scan_actions[22m | fx_soap_bubbles.png[39m[0m
[  26% ] [90m[1m_update_scan_actions[22m | bed_nano_fabric_bed_1.png[39m[0m
[  26% ] [90m[1m_update_scan_actions[22m | bed_nano_fabric_bed_3.png[39m[0m
[  26% ] [90m[1m_update_scan_actions[22m | bed_nano_fabric_bed_4.png[39m[0m
[  26% ] [90m[1m_update_scan_actions[22m | bed_nano_wood_bed_2.png[39m[0m
[  26% ] [90m[1m_update_scan_actions[22m | throne_nano_fabric_throne_2.png[39m[0m
[  26% ] [90m[1m_update_scan_actions[22m | throne_nano_wood_throne_1.png[39m[0m
[  26% ] [90m[1m_update_scan_actions[22m | daddy.webp[39m[0m
[  26% ] [90m[1m_update_scan_actions[22m | flower_friend.png[39m[0m
[  27% ] [90m[1m_update_scan_actions[22m | huluu.png[39m[0m
[  27% ] [90m[1m_update_scan_actions[22m | kareem.png[39m[0m
[  27% ] [90m[1m_update_scan_actions[22m | mama_baby.png[39m[0m
[  27% ] [90m[1m_update_scan_actions[22m | pearl_friend.png[39m[0m
[  27% ] [90m[1m_update_scan_actions[22m | two_friends.png[39m[0m
[  27% ] [90m[1m_update_scan_actions[22m | wacky_chuck.png[39m[0m
[  27% ] [90m[1m_update_scan_actions[22m | roshan_base.png[39m[0m
[  27% ] [90m[1m_update_scan_actions[22m | roshan_directional.png[39m[0m
[  27% ] [90m[1m_update_scan_actions[22m | roshan_gestures.png[39m[0m
[  27% ] [90m[1m_update_scan_actions[22m | roshan_gesture_a.png[39m[0m
[  27% ] [90m[1m_update_scan_actions[22m | roshan_gesture_b.png[39m[0m
[  28% ] [90m[1m_update_scan_actions[22m | roshan_gesture_c.png[39m[0m
[  28% ] [90m[1m_update_scan_actions[22m | roshan_gesture_d.png[39m[0m
[  28% ] [90m[1m_update_scan_actions[22m | roshan_play.png[39m[0m
[  28% ] [90m[1m_update_scan_actions[22m | roshan_play_a.png[39m[0m
[  28% ] [90m[1m_update_scan_actions[22m | roshan_play_b.png[39m[0m
[  28% ] [90m[1m_update_scan_actions[22m | roshan_swim.png[39m[0m
[  28% ] [90m[1m_update_scan_actions[22m | roshan_swim_back.png[39m[0m
[  28% ] [90m[1m_update_scan_actions[22m | roshan_swim_front.png[39m[0m
[  28% ] [90m[1m_update_scan_actions[22m | fairy_mermaid.png[39m[0m
[  28% ] [90m[1m_update_scan_actions[22m | fairy_wing_card.png[39m[0m
[  28% ] [90m[1m_update_scan_actions[22m | daddy.png[39m[0m
[  29% ] [90m[1m_update_scan_actions[22m | flower_friend.png[39m[0m
[  29% ] [90m[1m_update_scan_actions[22m | huluu.png[39m[0m
[  29% ] [90m[1m_update_scan_actions[22m | kareem.png[39m[0m
[  29% ] [90m[1m_update_scan_actions[22m | mama_baby.png[39m[0m
[  29% ] [90m[1m_update_scan_actions[22m | pearl_friend.png[39m[0m
[  29% ] [90m[1m_update_scan_actions[22m | two_friends.png[39m[0m
[  29% ] [90m[1m_update_scan_actions[22m | wacky_chuck.png[39m[0m
[  29% ] [90m[1m_update_scan_actions[22m | chuck_poodle_rigged_base_color.jpg[39m[0m
[  29% ] [90m[1m_update_scan_actions[22m | chuck_poodle_rigged_metallic_roughness.jpg[39m[0m
[  29% ] [90m[1m_update_scan_actions[22m | chuck_poodle_rigged_normal.jpg[39m[0m
[  29% ] [90m[1m_update_scan_actions[22m | fairy_fairy_mermaid.png[39m[0m
[  30% ] [90m[1m_update_scan_actions[22m | huluu_huluu.png[39m[0m
[  30% ] [90m[1m_update_scan_actions[22m | lamb_0.png[39m[0m
[  30% ] [90m[1m_update_scan_actions[22m | roshan_sprite.png[39m[0m
[  30% ] [90m[1m_update_scan_actions[22m | purple_vortex_v4.png[39m[0m
[  30% ] [90m[1m_update_scan_actions[22m | boss_bloom.png[39m[0m
[  30% ] [90m[1m_update_scan_actions[22m | boss_bud.png[39m[0m
[  30% ] [90m[1m_update_scan_actions[22m | boss_leaf.png[39m[0m
[  30% ] [90m[1m_update_scan_actions[22m | boss_opening.png[39m[0m
[  30% ] [90m[1m_update_scan_actions[22m | boss_seed.png[39m[0m
[  30% ] [90m[1m_update_scan_actions[22m | boss_sprout.png[39m[0m
[  30% ] [90m[1m_update_scan_actions[22m | bug_firefly.png[39m[0m
[  31% ] [90m[1m_update_scan_actions[22m | bug_jewel.png[39m[0m
[  31% ] [90m[1m_update_scan_actions[22m | bug_moth.png[39m[0m
[  31% ] [90m[1m_update_scan_actions[22m | danger_thorn_halo.png[39m[0m
[  31% ] [90m[1m_update_scan_actions[22m | helpful_flower_gate.png[39m[0m
[  31% ] [90m[1m_update_scan_actions[22m | ornament_lavender_reeds.png[39m[0m
[  31% ] [90m[1m_update_scan_actions[22m | ornament_lily_cluster.png[39m[0m
[  31% ] [90m[1m_update_scan_actions[22m | pond_panorama.png[39m[0m
[  31% ] [90m[1m_update_scan_actions[22m | dusty_attic_arena_2048.png[39m[0m
[  31% ] [90m[1m_update_scan_actions[22m | castle_banner_gold.png[39m[0m
[  31% ] [90m[1m_update_scan_actions[22m | castle_banner_mint.png[39m[0m
[  31% ] [90m[1m_update_scan_actions[22m | castle_banner_motif_butterfly.png[39m[0m
[  32% ] [90m[1m_update_scan_actions[22m | castle_banner_motif_crown.png[39m[0m
[  32% ] [90m[1m_update_scan_actions[22m | castle_banner_motif_dog.png[39m[0m
[  32% ] [90m[1m_update_scan_actions[22m | castle_banner_motif_heart.png[39m[0m
[  32% ] [90m[1m_update_scan_actions[22m | castle_banner_motif_kitty.png[39m[0m
[  32% ] [90m[1m_update_scan_actions[22m | castle_banner_motif_rainbow.png[39m[0m
[  32% ] [90m[1m_update_scan_actions[22m | castle_banner_motif_shell.png[39m[0m
[  32% ] [90m[1m_update_scan_actions[22m | castle_banner_motif_star.png[39m[0m
[  32% ] [90m[1m_update_scan_actions[22m | castle_banner_ocean.png[39m[0m
[  32% ] [90m[1m_update_scan_actions[22m | castle_banner_pink.png[39m[0m
[  32% ] [90m[1m_update_scan_actions[22m | castle_banner_purple.png[39m[0m
[  32% ] [90m[1m_update_scan_actions[22m | castle_banner_rainbow.png[39m[0m
[  33% ] [90m[1m_update_scan_actions[22m | main_hall_room_led_r0_c0.png[39m[0m
[  33% ] [90m[1m_update_scan_actions[22m | main_hall_room_led_r0_c1.png[39m[0m
[  33% ] [90m[1m_update_scan_actions[22m | main_hall_room_led_r0_c2.png[39m[0m
[  33% ] [90m[1m_update_scan_actions[22m | main_hall_room_led_r0_c3.png[39m[0m
[  33% ] [90m[1m_update_scan_actions[22m | main_hall_room_led_r1_c0.png[39m[0m
[  33% ] [90m[1m_update_scan_actions[22m | main_hall_room_led_r1_c1.png[39m[0m
[  33% ] [90m[1m_update_scan_actions[22m | main_hall_room_led_r1_c2.png[39m[0m
[  33% ] [90m[1m_update_scan_actions[22m | main_hall_room_led_r1_c3.png[39m[0m
[  33% ] [90m[1m_update_scan_actions[22m | castle_playroom_portal_reuse.png[39m[0m
[  33% ] [90m[1m_update_scan_actions[22m | castle_royal_tapestry_reuse.png[39m[0m
[  33% ] [90m[1m_update_scan_actions[22m | castle_sconce_glow_reuse.png[39m[0m
[  34% ] [90m[1m_update_scan_actions[22m | castle_shell_sconce_assembly.png[39m[0m
[  34% ] [90m[1m_update_scan_actions[22m | castle_shell_sconce_touchable.png[39m[0m
[  34% ] [90m[1m_update_scan_actions[22m | main_hall_screen_a_room_led_master.png[39m[0m
[  34% ] [90m[1m_update_scan_actions[22m | main_hall_screen_b_room_led_master.png[39m[0m
[  34% ] [90m[1m_update_scan_actions[22m | sign_bubble_bath.png[39m[0m
[  34% ] [90m[1m_update_scan_actions[22m | sign_craft_room.png[39m[0m
[  34% ] [90m[1m_update_scan_actions[22m | sign_family_gallery.png[39m[0m
[  34% ] [90m[1m_update_scan_actions[22m | sign_kitchen.png[39m[0m
[  34% ] [90m[1m_update_scan_actions[22m | sign_library.png[39m[0m
[  34% ] [90m[1m_update_scan_actions[22m | sign_mermaid_pool.png[39m[0m
[  34% ] [90m[1m_update_scan_actions[22m | sign_opera_hall.png[39m[0m
[  35% ] [90m[1m_update_scan_actions[22m | sign_playroom.png[39m[0m
[  35% ] [90m[1m_update_scan_actions[22m | room_opera_house_venue_background_r0_c0.png[39m[0m
[  35% ] [90m[1m_update_scan_actions[22m | room_opera_house_venue_background_r0_c1.png[39m[0m
[  35% ] [90m[1m_update_scan_actions[22m | room_opera_house_venue_background_r0_c2.png[39m[0m
[  35% ] [90m[1m_update_scan_actions[22m | room_opera_house_venue_background_r0_c3.png[39m[0m
[  35% ] [90m[1m_update_scan_actions[22m | room_opera_house_venue_background_r1_c0.png[39m[0m
[  35% ] [90m[1m_update_scan_actions[22m | room_opera_house_venue_background_r1_c1.png[39m[0m
[  35% ] [90m[1m_update_scan_actions[22m | room_opera_house_venue_background_r1_c2.png[39m[0m
[  35% ] [90m[1m_update_scan_actions[22m | room_opera_house_venue_background_r1_c3.png[39m[0m
[  35% ] [90m[1m_update_scan_actions[22m | room_opera_house_venue.png[39m[0m
[  35% ] [90m[1m_update_scan_actions[22m | room_actor_shadow.png[39m[0m
[  36% ] [90m[1m_update_scan_actions[22m | room_bubble_bath.png[39m[0m
[  36% ] [90m[1m_update_scan_actions[22m | room_bubble_bath_background.png[39m[0m
[  36% ] [90m[1m_update_scan_actions[22m | room_bubble_bath_front_left.png[39m[0m
[  36% ] [90m[1m_update_scan_actions[22m | room_bubble_bath_front_right.png[39m[0m
[  36% ] [90m[1m_update_scan_actions[22m | room_bubble_bath_item_bathtub.png[39m[0m
[  36% ] [90m[1m_update_scan_actions[22m | room_bubble_bath_item_sink.png[39m[0m
[  36% ] [90m[1m_update_scan_actions[22m | room_bubble_bath_item_toilet.png[39m[0m
[  36% ] [90m[1m_update_scan_actions[22m | room_craft_room.png[39m[0m
[  36% ] [90m[1m_update_scan_actions[22m | room_craft_room_background.png[39m[0m
[  36% ] [90m[1m_update_scan_actions[22m | room_craft_room_front_left.png[39m[0m
[  36% ] [90m[1m_update_scan_actions[22m | room_craft_room_front_right.png[39m[0m
[  37% ] [90m[1m_update_scan_actions[22m | room_craft_room_item_idea_board.png[39m[0m
[  37% ] [90m[1m_update_scan_actions[22m | room_craft_room_item_paint_table.png[39m[0m
[  37% ] [90m[1m_update_scan_actions[22m | room_craft_room_item_palette.png[39m[0m
[  37% ] [90m[1m_update_scan_actions[22m | room_kitchen.png[39m[0m
[  37% ] [90m[1m_update_scan_actions[22m | room_kitchen_background.png[39m[0m
[  37% ] [90m[1m_update_scan_actions[22m | room_kitchen_front_left.png[39m[0m
[  37% ] [90m[1m_update_scan_actions[22m | room_kitchen_front_right.png[39m[0m
[  37% ] [90m[1m_update_scan_actions[22m | room_kitchen_item_sink.png[39m[0m
[  37% ] [90m[1m_update_scan_actions[22m | room_kitchen_item_soup_pot.png[39m[0m
[  37% ] [90m[1m_update_scan_actions[22m | room_kitchen_item_teapot.png[39m[0m
[  37% ] [90m[1m_update_scan_actions[22m | room_library.png[39m[0m
[  38% ] [90m[1m_update_scan_actions[22m | room_library_background.png[39m[0m
[  38% ] [90m[1m_update_scan_actions[22m | room_library_front_left.png[39m[0m
[  38% ] [90m[1m_update_scan_actions[22m | room_library_front_right.png[39m[0m
[  38% ] [90m[1m_update_scan_actions[22m | room_library_item_magic_book.png[39m[0m
[  38% ] [90m[1m_update_scan_actions[22m | room_library_item_pearl_lamp.png[39m[0m
[  38% ] [90m[1m_update_scan_actions[22m | room_library_item_pearl_table.png[39m[0m
[  38% ] [90m[1m_update_scan_actions[22m | room_main_hall.png[39m[0m
[  38% ] [90m[1m_update_scan_actions[22m | room_main_hall_background.png[39m[0m
[  38% ] [90m[1m_update_scan_actions[22m | room_main_hall_background_v2.png[39m[0m
[  38% ] [90m[1m_update_scan_actions[22m | room_main_hall_front_left.png[39m[0m
[  38% ] [90m[1m_update_scan_actions[22m | room_main_hall_front_right.png[39m[0m
[  39% ] [90m[1m_update_scan_actions[22m | room_main_hall_item_fountain_left.png[39m[0m
[  39% ] [90m[1m_update_scan_actions[22m | room_main_hall_item_fountain_left_v2.png[39m[0m
[  39% ] [90m[1m_update_scan_actions[22m | room_main_hall_item_fountain_right.png[39m[0m
[  39% ] [90m[1m_update_scan_actions[22m | room_main_hall_item_fountain_right_v2.png[39m[0m
[  39% ] [90m[1m_update_scan_actions[22m | room_main_hall_item_throne.png[39m[0m
[  39% ] [90m[1m_update_scan_actions[22m | room_mermaid_pool.png[39m[0m
[  39% ] [90m[1m_update_scan_actions[22m | room_mermaid_pool_background.png[39m[0m
[  39% ] [90m[1m_update_scan_actions[22m | room_mermaid_pool_front_left.png[39m[0m
[  39% ] [90m[1m_update_scan_actions[22m | room_mermaid_pool_front_right.png[39m[0m
[  39% ] [90m[1m_update_scan_actions[22m | room_mermaid_pool_item_bubble_fountain.png[39m[0m
[  39% ] [90m[1m_update_scan_actions[22m | room_mermaid_pool_item_flower_float.png[39m[0m
[  40% ] [90m[1m_update_scan_actions[22m | room_mermaid_pool_item_waterfall.png[39m[0m
[  40% ] [90m[1m_update_scan_actions[22m | room_mermaid_pool_mid_pool.png[39m[0m
[  40% ] [90m[1m_update_scan_actions[22m | room_opera_hall.png[39m[0m
[  40% ] [90m[1m_update_scan_actions[22m | room_opera_hall_background.png[39m[0m
[  40% ] [90m[1m_update_scan_actions[22m | room_opera_hall_front_left.png[39m[0m
[  40% ] [90m[1m_update_scan_actions[22m | room_opera_hall_front_right.png[39m[0m
[  40% ] [90m[1m_update_scan_actions[22m | room_opera_hall_item_chandelier.png[39m[0m
[  40% ] [90m[1m_update_scan_actions[22m | room_opera_hall_item_curtains.png[39m[0m
[  40% ] [90m[1m_update_scan_actions[22m | room_opera_hall_item_stage_star.png[39m[0m
[  40% ] [90m[1m_update_scan_actions[22m | room_playroom.png[39m[0m
[  40% ] [90m[1m_update_scan_actions[22m | room_playroom_background.png[39m[0m
[  41% ] [90m[1m_update_scan_actions[22m | room_playroom_front_left.png[39m[0m
[  41% ] [90m[1m_update_scan_actions[22m | room_playroom_front_right.png[39m[0m
[  41% ] [90m[1m_update_scan_actions[22m | room_playroom_item_blocks.png[39m[0m
[  41% ] [90m[1m_update_scan_actions[22m | room_playroom_item_stacking_toy.png[39m[0m
[  41% ] [90m[1m_update_scan_actions[22m | room_playroom_item_stuffie_nook.png[39m[0m
[  41% ] [90m[1m_update_scan_actions[22m | flat_sky_lagoon_main_panorama_v4_tile_r0_c0.png[39m[0m
[  41% ] [90m[1m_update_scan_actions[22m | flat_sky_lagoon_main_panorama_v4_tile_r0_c1.png[39m[0m
[  41% ] [90m[1m_update_scan_actions[22m | flat_sky_lagoon_main_panorama_v4_tile_r0_c2.png[39m[0m
[  41% ] [90m[1m_update_scan_actions[22m | flat_sky_lagoon_main_panorama_v4_tile_r0_c3.png[39m[0m
[  41% ] [90m[1m_update_scan_actions[22m | flat_sky_lagoon_main_panorama_v4_tile_r0_c4.png[39m[0m
[  41% ] [90m[1m_update_scan_actions[22m | flat_sky_lagoon_main_panorama_v4_tile_r0_c5.png[39m[0m
[  42% ] [90m[1m_update_scan_actions[22m | flat_sky_lagoon_main_panorama_v4_tile_r1_c0.png[39m[0m
[  42% ] [90m[1m_update_scan_actions[22m | flat_sky_lagoon_main_panorama_v4_tile_r1_c1.png[39m[0m
[  42% ] [90m[1m_update_scan_actions[22m | flat_sky_lagoon_main_panorama_v4_tile_r1_c2.png[39m[0m
[  42% ] [90m[1m_update_scan_actions[22m | flat_sky_lagoon_main_panorama_v4_tile_r1_c3.png[39m[0m
[  42% ] [90m[1m_update_scan_actions[22m | flat_sky_lagoon_main_panorama_v4_tile_r1_c4.png[39m[0m
[  42% ] [90m[1m_update_scan_actions[22m | flat_sky_lagoon_main_panorama_v4_tile_r1_c5.png[39m[0m
[  42% ] [90m[1m_update_scan_actions[22m | flat_sky_lagoon_main_panorama_v5_tile_r0_c0.png[39m[0m
[  42% ] [90m[1m_update_scan_actions[22m | flat_sky_lagoon_main_panorama_v5_tile_r0_c1.png[39m[0m
[  42% ] [90m[1m_update_scan_actions[22m | flat_sky_lagoon_main_panorama_v5_tile_r0_c2.png[39m[0m
[  42% ] [90m[1m_update_scan_actions[22m | flat_sky_lagoon_main_panorama_v5_tile_r0_c3.png[39m[0m
[  42% ] [90m[1m_update_scan_actions[22m | flat_sky_lagoon_main_panorama_v5_tile_r0_c4.png[39m[0m
[  43% ] [90m[1m_update_scan_actions[22m | flat_sky_lagoon_main_panorama_v5_tile_r0_c5.png[39m[0m
[  43% ] [90m[1m_update_scan_actions[22m | flat_sky_lagoon_main_panorama_v5_tile_r1_c0.png[39m[0m
[  43% ] [90m[1m_update_scan_actions[22m | flat_sky_lagoon_main_panorama_v5_tile_r1_c1.png[39m[0m
[  43% ] [90m[1m_update_scan_actions[22m | flat_sky_lagoon_main_panorama_v5_tile_r1_c2.png[39m[0m
[  43% ] [90m[1m_update_scan_actions[22m | flat_sky_lagoon_main_panorama_v5_tile_r1_c3.png[39m[0m
[  43% ] [90m[1m_update_scan_actions[22m | flat_sky_lagoon_main_panorama_v5_tile_r1_c4.png[39m[0m
[  43% ] [90m[1m_update_scan_actions[22m | flat_sky_lagoon_main_panorama_v5_tile_r1_c5.png[39m[0m
[  43% ] [90m[1m_update_scan_actions[22m | beetle_Tex_Beetle.png[39m[0m
[  43% ] [90m[1m_update_scan_actions[22m | butterfly1_butterflyTxt.png[39m[0m
[  43% ] [90m[1m_update_scan_actions[22m | butterfly2_PUSHILIN_butterfly.png[39m[0m
[  43% ] [90m[1m_update_scan_actions[22m | crystal1_texture_1.png[39m[0m
[  44% ] [90m[1m_update_scan_actions[22m | crystal2_texture_1.png[39m[0m
[  44% ] [90m[1m_update_scan_actions[22m | crystal3_texture_1.png[39m[0m
[  44% ] [90m[1m_update_scan_actions[22m | crystal_castle_Diffuse_palette_2.jpg[39m[0m
[  44% ] [90m[1m_update_scan_actions[22m | ladybug_Tex_LadyBug.png[39m[0m
[  44% ] [90m[1m_update_scan_actions[22m | tray_nano_wood_tray_1.png[39m[0m
[  44% ] [90m[1m_update_scan_actions[22m | tray_plate_oval_001.png[39m[0m
[  44% ] [90m[1m_update_scan_actions[22m | trop_bigleaf_nano_grass_trop_bigleaf_1.png[39m[0m
[  44% ] [90m[1m_update_scan_actions[22m | trop_bigleaf_nano_grass_trop_bigleaf_2.png[39m[0m
[  44% ] [90m[1m_update_scan_actions[22m | trop_bigleaf_nano_grass_trop_bigleaf_3.png[39m[0m
[  44% ] [90m[1m_update_scan_actions[22m | trop_bigleaf_nano_grass_trop_bigleaf_4.png[39m[0m
[  44% ] [90m[1m_update_scan_actions[22m | trop_bigleaf_nano_grass_trop_bigleaf_5.png[39m[0m
[  45% ] [90m[1m_update_scan_actions[22m | trop_bigleaf_nano_grass_trop_bigleaf_6.png[39m[0m
[  45% ] [90m[1m_update_scan_actions[22m | trop_bigleaf_nano_grass_trop_bigleaf_7.png[39m[0m
[  45% ] [90m[1m_update_scan_actions[22m | trop_bigleaf_nano_grass_trop_bigleaf_8.png[39m[0m
[  45% ] [90m[1m_update_scan_actions[22m | trop_bigleaf_nano_grass_trop_bigleaf_9.png[39m[0m
[  45% ] [90m[1m_update_scan_actions[22m | trop_bigleaf_nano_grass_trop_bigleaf_10.png[39m[0m
[  45% ] [90m[1m_update_scan_actions[22m | trop_bigleaf_nano_grass_trop_bigleaf_11.png[39m[0m
[  45% ] [90m[1m_update_scan_actions[22m | trop_bigleaf_nano_grass_trop_bigleaf_12.png[39m[0m
[  45% ] [90m[1m_update_scan_actions[22m | trop_bigleaf_nano_grass_trop_bigleaf_13.png[39m[0m
[  45% ] [90m[1m_update_scan_actions[22m | trop_bigleaf_nano_grass_trop_bigleaf_14.png[39m[0m
[  45% ] [90m[1m_update_scan_actions[22m | trop_fern_Leaves.png[39m[0m
[  45% ] [90m[1m_update_scan_actions[22m | trop_fern_nano_grass_trop_fern_1.png[39m[0m
[  46% ] [90m[1m_update_scan_actions[22m | trop_monstera_nano_grass_trop_monstera_1.png[39m[0m
[  46% ] [90m[1m_update_scan_actions[22m | trop_monstera_tiny_treats_texture_1.png[39m[0m
[  46% ] [90m[1m_update_scan_actions[22m | trop_palm1_nano_grass_trop_palm1_2.png[39m[0m
[  46% ] [90m[1m_update_scan_actions[22m | trop_palm1_nano_wood_trop_palm1_1.png[39m[0m
[  46% ] [90m[1m_update_scan_actions[22m | trop_palm1_nano_wood_trop_palm1_3.png[39m[0m
[  46% ] [90m[1m_update_scan_actions[22m | trop_palm2_CoconutPalmTree_BaseColor.png[39m[0m
[  46% ] [90m[1m_update_scan_actions[22m | trop_palm2_nano_wood_trop_palm2_1.png[39m[0m
[  46% ] [90m[1m_update_scan_actions[22m | adaptive_bg_432.png[39m[0m
[  46% ] [90m[1m_update_scan_actions[22m | adaptive_fg_432.png[39m[0m
[  46% ] [90m[1m_update_scan_actions[22m | icon_192.png[39m[0m
[  46% ] [90m[1m_update_scan_actions[22m | boost_ribbon.png[39m[0m
[  47% ] [90m[1m_update_scan_actions[22m | finish_banner.png[39m[0m
[  47% ] [90m[1m_update_scan_actions[22m | flag_colormap.png[39m[0m
[  47% ] [90m[1m_update_scan_actions[22m | tower-square_colormap.png[39m[0m
[  47% ] [90m[1m_update_scan_actions[22m | bench_tiny_treats_texture_1.png[39m[0m
[  47% ] [90m[1m_update_scan_actions[22m | fountain_tiny_treats_texture_1.png[39m[0m
[  47% ] [90m[1m_update_scan_actions[22m | bird_accent.png[39m[0m
[  47% ] [90m[1m_update_scan_actions[22m | bird_body.png[39m[0m
[  47% ] [90m[1m_update_scan_actions[22m | bird_line.png[39m[0m
[  47% ] [90m[1m_update_scan_actions[22m | butterfly.png[39m[0m
[  47% ] [90m[1m_update_scan_actions[22m | carrot.png[39m[0m
[  47% ] [90m[1m_update_scan_actions[22m | cat_accent.png[39m[0m
[  48% ] [90m[1m_update_scan_actions[22m | cat_body.png[39m[0m
[  48% ] [90m[1m_update_scan_actions[22m | cat_line.png[39m[0m
[  48% ] [90m[1m_update_scan_actions[22m | coal.png[39m[0m
[  48% ] [90m[1m_update_scan_actions[22m | fish_body.png[39m[0m
[  48% ] [90m[1m_update_scan_actions[22m | fish_fins.png[39m[0m
[  48% ] [90m[1m_update_scan_actions[22m | fish_line.png[39m[0m
[  48% ] [90m[1m_update_scan_actions[22m | flower2.png[39m[0m
[  48% ] [90m[1m_update_scan_actions[22m | flower3.png[39m[0m
[  48% ] [90m[1m_update_scan_actions[22m | flower4.png[39m[0m
[  48% ] [90m[1m_update_scan_actions[22m | flower.png[39m[0m
[  48% ] [90m[1m_update_scan_actions[22m | k_bush2.png[39m[0m
[  49% ] [90m[1m_update_scan_actions[22m | k_bush.png[39m[0m
[  49% ] [90m[1m_update_scan_actions[22m | k_flower1.png[39m[0m
[  49% ] [90m[1m_update_scan_actions[22m | k_flower2.png[39m[0m
[  49% ] [90m[1m_update_scan_actions[22m | k_pine.png[39m[0m
[  49% ] [90m[1m_update_scan_actions[22m | k_sprout.png[39m[0m
[  49% ] [90m[1m_update_scan_actions[22m | k_xmastree.png[39m[0m
[  49% ] [90m[1m_update_scan_actions[22m | orn1.png[39m[0m
[  49% ] [90m[1m_update_scan_actions[22m | orn2.png[39m[0m
[  49% ] [90m[1m_update_scan_actions[22m | orn3.png[39m[0m
[  49% ] [90m[1m_update_scan_actions[22m | orn4.png[39m[0m
[  50% ] [90m[1m_update_scan_actions[22m | orn5.png[39m[0m
[  50% ] [90m[1m_update_scan_actions[22m | rainbow_swatch.png[39m[0m
[  50% ] [90m[1m_update_scan_actions[22m | seed.png[39m[0m
[  50% ] [90m[1m_update_scan_actions[22m | snowman.png[39m[0m
[  50% ] [90m[1m_update_scan_actions[22m | sprout.png[39m[0m
[  50% ] [90m[1m_update_scan_actions[22m | star.png[39m[0m
[  50% ] [90m[1m_update_scan_actions[22m | sun.png[39m[0m
[  50% ] [90m[1m_update_scan_actions[22m | tree.png[39m[0m
[  50% ] [90m[1m_update_scan_actions[22m | wateringcan.png[39m[0m
[  50% ] [90m[1m_update_scan_actions[22m | xtree.png[39m[0m
[  50% ] [90m[1m_update_scan_actions[22m | grass_leafsLarge_nano_grass_grass_leafsLarge_1.png[39m[0m
[  51% ] [90m[1m_update_scan_actions[22m | plant_bush_nano_grass_plant_bush_1.png[39m[0m
[  51% ] [90m[1m_update_scan_actions[22m | opera_rival_boxer_match.png[39m[0m
[  51% ] [90m[1m_update_scan_actions[22m | opera_rival_racer_portrait.png[39m[0m
[  51% ] [90m[1m_update_scan_actions[22m | faron_nursery.png[39m[0m
[  51% ] [90m[1m_update_scan_actions[22m | imp_captain.png[39m[0m
[  51% ] [90m[1m_update_scan_actions[22m | imp_captain_bopped.png[39m[0m
[  51% ] [90m[1m_update_scan_actions[22m | imp_captain_bow.png[39m[0m
[  51% ] [90m[1m_update_scan_actions[22m | imp_captain_charge.png[39m[0m
[  51% ] [90m[1m_update_scan_actions[22m | imp_captain_flee.png[39m[0m
[  51% ] [90m[1m_update_scan_actions[22m | imp_captain_guard.png[39m[0m
[  51% ] [90m[1m_update_scan_actions[22m | imp_captain_recover.png[39m[0m
[  52% ] [90m[1m_update_scan_actions[22m | imp_captain_slash.png[39m[0m
[  52% ] [90m[1m_update_scan_actions[22m | imp_captain_stagger.png[39m[0m
[  52% ] [90m[1m_update_scan_actions[22m | imp_captain_taunt.png[39m[0m
[  52% ] [90m[1m_update_scan_actions[22m | imp_captain_windup.png[39m[0m
[  52% ] [90m[1m_update_scan_actions[22m | imp_mischief.png[39m[0m
[  52% ] [90m[1m_update_scan_actions[22m | imp_mischief_bopped.png[39m[0m
[  52% ] [90m[1m_update_scan_actions[22m | imp_mischief_bow.png[39m[0m
[  52% ] [90m[1m_update_scan_actions[22m | imp_mischief_charge.png[39m[0m
[  52% ] [90m[1m_update_scan_actions[22m | imp_mischief_flee.png[39m[0m
[  52% ] [90m[1m_update_scan_actions[22m | imp_mischief_guard.png[39m[0m
[  52% ] [90m[1m_update_scan_actions[22m | imp_mischief_recover.png[39m[0m
[  53% ] [90m[1m_update_scan_actions[22m | imp_mischief_slash.png[39m[0m
[  53% ] [90m[1m_update_scan_actions[22m | imp_mischief_stagger.png[39m[0m
[  53% ] [90m[1m_update_scan_actions[22m | imp_mischief_taunt.png[39m[0m
[  53% ] [90m[1m_update_scan_actions[22m | imp_mischief_windup.png[39m[0m
[  53% ] [90m[1m_update_scan_actions[22m | rival_astronaut.png[39m[0m
[  53% ] [90m[1m_update_scan_actions[22m | rival_astronaut_bopped.png[39m[0m
[  53% ] [90m[1m_update_scan_actions[22m | rival_astronaut_bow.png[39m[0m
[  53% ] [90m[1m_update_scan_actions[22m | rival_astronaut_charge.png[39m[0m
[  53% ] [90m[1m_update_scan_actions[22m | rival_astronaut_flee.png[39m[0m
[  53% ] [90m[1m_update_scan_actions[22m | rival_astronaut_guard.png[39m[0m
[  53% ] [90m[1m_update_scan_actions[22m | rival_astronaut_hop_a.png[39m[0m
[  54% ] [90m[1m_update_scan_actions[22m | rival_astronaut_hop_b.png[39m[0m
[  54% ] [90m[1m_update_scan_actions[22m | rival_astronaut_recover.png[39m[0m
[  54% ] [90m[1m_update_scan_actions[22m | rival_astronaut_slash.png[39m[0m
[  54% ] [90m[1m_update_scan_actions[22m | rival_astronaut_stagger.png[39m[0m
[  54% ] [90m[1m_update_scan_actions[22m | rival_astronaut_taunt.png[39m[0m
[  54% ] [90m[1m_update_scan_actions[22m | rival_astronaut_windup.png[39m[0m
[  54% ] [90m[1m_update_scan_actions[22m | rival_ballerina.png[39m[0m
[  54% ] [90m[1m_update_scan_actions[22m | rival_ballerina_bopped.png[39m[0m
[  54% ] [90m[1m_update_scan_actions[22m | rival_ballerina_bow.png[39m[0m
[  54% ] [90m[1m_update_scan_actions[22m | rival_ballerina_charge.png[39m[0m
[  54% ] [90m[1m_update_scan_actions[22m | rival_ballerina_flee.png[39m[0m
[  55% ] [90m[1m_update_scan_actions[22m | rival_ballerina_guard.png[39m[0m
[  55% ] [90m[1m_update_scan_actions[22m | rival_ballerina_hop_a.png[39m[0m
[  55% ] [90m[1m_update_scan_actions[22m | rival_ballerina_hop_b.png[39m[0m
[  55% ] [90m[1m_update_scan_actions[22m | rival_ballerina_recover.png[39m[0m
[  55% ] [90m[1m_update_scan_actions[22m | rival_ballerina_slash.png[39m[0m
[  55% ] [90m[1m_update_scan_actions[22m | rival_ballerina_stagger.png[39m[0m
[  55% ] [90m[1m_update_scan_actions[22m | rival_ballerina_taunt.png[39m[0m
[  55% ] [90m[1m_update_scan_actions[22m | rival_ballerina_windup.png[39m[0m
[  55% ] [90m[1m_update_scan_actions[22m | rival_boxer.png[39m[0m
[  55% ] [90m[1m_update_scan_actions[22m | rival_boxer_bopped.png[39m[0m
[  55% ] [90m[1m_update_scan_actions[22m | rival_boxer_bow.png[39m[0m
[  56% ] [90m[1m_update_scan_actions[22m | rival_boxer_charge.png[39m[0m
[  56% ] [90m[1m_update_scan_actions[22m | rival_boxer_flee.png[39m[0m
[  56% ] [90m[1m_update_scan_actions[22m | rival_boxer_guard.png[39m[0m
[  56% ] [90m[1m_update_scan_actions[22m | rival_boxer_hop_a.png[39m[0m
[  56% ] [90m[1m_update_scan_actions[22m | rival_boxer_hop_b.png[39m[0m
[  56% ] [90m[1m_update_scan_actions[22m | rival_boxer_recover.png[39m[0m
[  56% ] [90m[1m_update_scan_actions[22m | rival_boxer_slash.png[39m[0m
[  56% ] [90m[1m_update_scan_actions[22m | rival_boxer_stagger.png[39m[0m
[  56% ] [90m[1m_update_scan_actions[22m | rival_boxer_taunt.png[39m[0m
[  56% ] [90m[1m_update_scan_actions[22m | rival_boxer_windup.png[39m[0m
[  56% ] [90m[1m_update_scan_actions[22m | rival_candymaker.png[39m[0m
[  57% ] [90m[1m_update_scan_actions[22m | rival_candymaker_bopped.png[39m[0m
[  57% ] [90m[1m_update_scan_actions[22m | rival_candymaker_bow.png[39m[0m
[  57% ] [90m[1m_update_scan_actions[22m | rival_candymaker_charge.png[39m[0m
[  57% ] [90m[1m_update_scan_actions[22m | rival_candymaker_flee.png[39m[0m
[  57% ] [90m[1m_update_scan_actions[22m | rival_candymaker_guard.png[39m[0m
[  57% ] [90m[1m_update_scan_actions[22m | rival_candymaker_hop_a.png[39m[0m
[  57% ] [90m[1m_update_scan_actions[22m | rival_candymaker_hop_b.png[39m[0m
[  57% ] [90m[1m_update_scan_actions[22m | rival_candymaker_recover.png[39m[0m
[  57% ] [90m[1m_update_scan_actions[22m | rival_candymaker_slash.png[39m[0m
[  57% ] [90m[1m_update_scan_actions[22m | rival_candymaker_stagger.png[39m[0m
[  57% ] [90m[1m_update_scan_actions[22m | rival_candymaker_taunt.png[39m[0m
[  58% ] [90m[1m_update_scan_actions[22m | rival_candymaker_windup.png[39m[0m
[  58% ] [90m[1m_update_scan_actions[22m | rival_chef.png[39m[0m
[  58% ] [90m[1m_update_scan_actions[22m | rival_chef_bopped.png[39m[0m
[  58% ] [90m[1m_update_scan_actions[22m | rival_chef_bow.png[39m[0m
[  58% ] [90m[1m_update_scan_actions[22m | rival_chef_charge.png[39m[0m
[  58% ] [90m[1m_update_scan_actions[22m | rival_chef_flee.png[39m[0m
[  58% ] [90m[1m_update_scan_actions[22m | rival_chef_guard.png[39m[0m
[  58% ] [90m[1m_update_scan_actions[22m | rival_chef_hop_a.png[39m[0m
[  58% ] [90m[1m_update_scan_actions[22m | rival_chef_hop_b.png[39m[0m
[  58% ] [90m[1m_update_scan_actions[22m | rival_chef_recover.png[39m[0m
[  58% ] [90m[1m_update_scan_actions[22m | rival_chef_slash.png[39m[0m
[  59% ] [90m[1m_update_scan_actions[22m | rival_chef_stagger.png[39m[0m
[  59% ] [90m[1m_update_scan_actions[22m | rival_chef_taunt.png[39m[0m
[  59% ] [90m[1m_update_scan_actions[22m | rival_chef_windup.png[39m[0m
[  59% ] [90m[1m_update_scan_actions[22m | rival_detective.png[39m[0m
[  59% ] [90m[1m_update_scan_actions[22m | rival_detective_bopped.png[39m[0m
[  59% ] [90m[1m_update_scan_actions[22m | rival_detective_bow.png[39m[0m
[  59% ] [90m[1m_update_scan_actions[22m | rival_detective_charge.png[39m[0m
[  59% ] [90m[1m_update_scan_actions[22m | rival_detective_flee.png[39m[0m
[  59% ] [90m[1m_update_scan_actions[22m | rival_detective_guard.png[39m[0m
[  59% ] [90m[1m_update_scan_actions[22m | rival_detective_hop_a.png[39m[0m
[  59% ] [90m[1m_update_scan_actions[22m | rival_detective_hop_b.png[39m[0m
[  60% ] [90m[1m_update_scan_actions[22m | rival_detective_recover.png[39m[0m
[  60% ] [90m[1m_update_scan_actions[22m | rival_detective_slash.png[39m[0m
[  60% ] [90m[1m_update_scan_actions[22m | rival_detective_stagger.png[39m[0m
[  60% ] [90m[1m_update_scan_actions[22m | rival_detective_taunt.png[39m[0m
[  60% ] [90m[1m_update_scan_actions[22m | rival_detective_windup.png[39m[0m
[  60% ] [90m[1m_update_scan_actions[22m | rival_doctor.png[39m[0m
[  60% ] [90m[1m_update_scan_actions[22m | rival_doctor_bopped.png[39m[0m
[  60% ] [90m[1m_update_scan_actions[22m | rival_doctor_bow.png[39m[0m
[  60% ] [90m[1m_update_scan_actions[22m | rival_doctor_charge.png[39m[0m
[  60% ] [90m[1m_update_scan_actions[22m | rival_doctor_flee.png[39m[0m
[  60% ] [90m[1m_update_scan_actions[22m | rival_doctor_guard.png[39m[0m
[  61% ] [90m[1m_update_scan_actions[22m | rival_doctor_hop_a.png[39m[0m
[  61% ] [90m[1m_update_scan_actions[22m | rival_doctor_hop_b.png[39m[0m
[  61% ] [90m[1m_update_scan_actions[22m | rival_doctor_recover.png[39m[0m
[  61% ] [90m[1m_update_scan_actions[22m | rival_doctor_slash.png[39m[0m
[  61% ] [90m[1m_update_scan_actions[22m | rival_doctor_stagger.png[39m[0m
[  61% ] [90m[1m_update_scan_actions[22m | rival_doctor_taunt.png[39m[0m
[  61% ] [90m[1m_update_scan_actions[22m | rival_doctor_windup.png[39m[0m
[  61% ] [90m[1m_update_scan_actions[22m | rival_farmer.png[39m[0m
[  61% ] [90m[1m_update_scan_actions[22m | rival_farmer_bopped.png[39m[0m
[  61% ] [90m[1m_update_scan_actions[22m | rival_farmer_bow.png[39m[0m
[  61% ] [90m[1m_update_scan_actions[22m | rival_farmer_charge.png[39m[0m
[  62% ] [90m[1m_update_scan_actions[22m | rival_farmer_flee.png[39m[0m
[  62% ] [90m[1m_update_scan_actions[22m | rival_farmer_guard.png[39m[0m
[  62% ] [90m[1m_update_scan_actions[22m | rival_farmer_hop_a.png[39m[0m
[  62% ] [90m[1m_update_scan_actions[22m | rival_farmer_hop_b.png[39m[0m
[  62% ] [90m[1m_update_scan_actions[22m | rival_farmer_recover.png[39m[0m
[  62% ] [90m[1m_update_scan_actions[22m | rival_farmer_slash.png[39m[0m
[  62% ] [90m[1m_update_scan_actions[22m | rival_farmer_stagger.png[39m[0m
[  62% ] [90m[1m_update_scan_actions[22m | rival_farmer_taunt.png[39m[0m
[  62% ] [90m[1m_update_scan_actions[22m | rival_farmer_windup.png[39m[0m
[  62% ] [90m[1m_update_scan_actions[22m | rival_magician.png[39m[0m
[  62% ] [90m[1m_update_scan_actions[22m | rival_magician_bopped.png[39m[0m
[  63% ] [90m[1m_update_scan_actions[22m | rival_magician_bow.png[39m[0m
[  63% ] [90m[1m_update_scan_actions[22m | rival_magician_charge.png[39m[0m
[  63% ] [90m[1m_update_scan_actions[22m | rival_magician_flee.png[39m[0m
[  63% ] [90m[1m_update_scan_actions[22m | rival_magician_guard.png[39m[0m
[  63% ] [90m[1m_update_scan_actions[22m | rival_magician_hop_a.png[39m[0m
[  63% ] [90m[1m_update_scan_actions[22m | rival_magician_hop_b.png[39m[0m
[  63% ] [90m[1m_update_scan_actions[22m | rival_magician_recover.png[39m[0m
[  63% ] [90m[1m_update_scan_actions[22m | rival_magician_slash.png[39m[0m
[  63% ] [90m[1m_update_scan_actions[22m | rival_magician_stagger.png[39m[0m
[  63% ] [90m[1m_update_scan_actions[22m | rival_magician_taunt.png[39m[0m
[  63% ] [90m[1m_update_scan_actions[22m | rival_magician_windup.png[39m[0m
[  64% ] [90m[1m_update_scan_actions[22m | rival_painter.png[39m[0m
[  64% ] [90m[1m_update_scan_actions[22m | rival_painter_bopped.png[39m[0m
[  64% ] [90m[1m_update_scan_actions[22m | rival_painter_bow.png[39m[0m
[  64% ] [90m[1m_update_scan_actions[22m | rival_painter_charge.png[39m[0m
[  64% ] [90m[1m_update_scan_actions[22m | rival_painter_flee.png[39m[0m
[  64% ] [90m[1m_update_scan_actions[22m | rival_painter_guard.png[39m[0m
[  64% ] [90m[1m_update_scan_actions[22m | rival_painter_hop_a.png[39m[0m
[  64% ] [90m[1m_update_scan_actions[22m | rival_painter_hop_b.png[39m[0m
[  64% ] [90m[1m_update_scan_actions[22m | rival_painter_recover.png[39m[0m
[  64% ] [90m[1m_update_scan_actions[22m | rival_painter_slash.png[39m[0m
[  64% ] [90m[1m_update_scan_actions[22m | rival_painter_stagger.png[39m[0m
[  65% ] [90m[1m_update_scan_actions[22m | rival_painter_taunt.png[39m[0m
[  65% ] [90m[1m_update_scan_actions[22m | rival_painter_windup.png[39m[0m
[  65% ] [90m[1m_update_scan_actions[22m | rival_popstar.png[39m[0m
[  65% ] [90m[1m_update_scan_actions[22m | rival_popstar_bopped.png[39m[0m
[  65% ] [90m[1m_update_scan_actions[22m | rival_popstar_bow.png[39m[0m
[  65% ] [90m[1m_update_scan_actions[22m | rival_popstar_charge.png[39m[0m
[  65% ] [90m[1m_update_scan_actions[22m | rival_popstar_flee.png[39m[0m
[  65% ] [90m[1m_update_scan_actions[22m | rival_popstar_guard.png[39m[0m
[  65% ] [90m[1m_update_scan_actions[22m | rival_popstar_hop_a.png[39m[0m
[  65% ] [90m[1m_update_scan_actions[22m | rival_popstar_hop_b.png[39m[0m
[  65% ] [90m[1m_update_scan_actions[22m | rival_popstar_recover.png[39m[0m
[  66% ] [90m[1m_update_scan_actions[22m | rival_popstar_slash.png[39m[0m
[  66% ] [90m[1m_update_scan_actions[22m | rival_popstar_stagger.png[39m[0m
[  66% ] [90m[1m_update_scan_actions[22m | rival_popstar_taunt.png[39m[0m
[  66% ] [90m[1m_update_scan_actions[22m | rival_popstar_windup.png[39m[0m
[  66% ] [90m[1m_update_scan_actions[22m | rival_racer.png[39m[0m
[  66% ] [90m[1m_update_scan_actions[22m | rival_racer_bopped.png[39m[0m
[  66% ] [90m[1m_update_scan_actions[22m | rival_racer_bow.png[39m[0m
[  66% ] [90m[1m_update_scan_actions[22m | rival_racer_charge.png[39m[0m
[  66% ] [90m[1m_update_scan_actions[22m | rival_racer_flee.png[39m[0m
[  66% ] [90m[1m_update_scan_actions[22m | rival_racer_guard.png[39m[0m
[  66% ] [90m[1m_update_scan_actions[22m | rival_racer_hop_a.png[39m[0m
[  67% ] [90m[1m_update_scan_actions[22m | rival_racer_hop_b.png[39m[0m
[  67% ] [90m[1m_update_scan_actions[22m | rival_racer_recover.png[39m[0m
[  67% ] [90m[1m_update_scan_actions[22m | rival_racer_slash.png[39m[0m
[  67% ] [90m[1m_update_scan_actions[22m | rival_racer_stagger.png[39m[0m
[  67% ] [90m[1m_update_scan_actions[22m | rival_racer_taunt.png[39m[0m
[  67% ] [90m[1m_update_scan_actions[22m | rival_racer_windup.png[39m[0m
[  67% ] [90m[1m_update_scan_actions[22m | roshan_astronaut.png[39m[0m
[  67% ] [90m[1m_update_scan_actions[22m | roshan_ballerina.png[39m[0m
[  67% ] [90m[1m_update_scan_actions[22m | roshan_boxer.png[39m[0m
[  67% ] [90m[1m_update_scan_actions[22m | roshan_candymaker.png[39m[0m
[  67% ] [90m[1m_update_scan_actions[22m | roshan_chef.png[39m[0m
[  68% ] [90m[1m_update_scan_actions[22m | roshan_detective.png[39m[0m
[  68% ] [90m[1m_update_scan_actions[22m | roshan_doctor.png[39m[0m
[  68% ] [90m[1m_update_scan_actions[22m | roshan_farmer.png[39m[0m
[  68% ] [90m[1m_update_scan_actions[22m | roshan_magician.png[39m[0m
[  68% ] [90m[1m_update_scan_actions[22m | roshan_nursery.png[39m[0m
[  68% ] [90m[1m_update_scan_actions[22m | roshan_painter.png[39m[0m
[  68% ] [90m[1m_update_scan_actions[22m | roshan_popstar.png[39m[0m
[  68% ] [90m[1m_update_scan_actions[22m | roshan_racer.png[39m[0m
[  68% ] [90m[1m_update_scan_actions[22m | stage_astronaut_c0r0.png[39m[0m
[  68% ] [90m[1m_update_scan_actions[22m | stage_astronaut_c0r1.png[39m[0m
[  68% ] [90m[1m_update_scan_actions[22m | stage_astronaut_c1r0.png[39m[0m
[  69% ] [90m[1m_update_scan_actions[22m | stage_astronaut_c1r1.png[39m[0m
[  69% ] [90m[1m_update_scan_actions[22m | stage_ballerina_c0r0.png[39m[0m
[  69% ] [90m[1m_update_scan_actions[22m | stage_ballerina_c0r1.png[39m[0m
[  69% ] [90m[1m_update_scan_actions[22m | stage_ballerina_c1r0.png[39m[0m
[  69% ] [90m[1m_update_scan_actions[22m | stage_ballerina_c1r1.png[39m[0m
[  69% ] [90m[1m_update_scan_actions[22m | stage_boxer_c0r0.png[39m[0m
[  69% ] [90m[1m_update_scan_actions[22m | stage_boxer_c0r1.png[39m[0m
[  69% ] [90m[1m_update_scan_actions[22m | stage_boxer_c1r0.png[39m[0m
[  69% ] [90m[1m_update_scan_actions[22m | stage_boxer_c1r1.png[39m[0m
[  69% ] [90m[1m_update_scan_actions[22m | stage_candymaker_c0r0.png[39m[0m
[  69% ] [90m[1m_update_scan_actions[22m | stage_candymaker_c0r1.png[39m[0m
[  70% ] [90m[1m_update_scan_actions[22m | stage_candymaker_c1r0.png[39m[0m
[  70% ] [90m[1m_update_scan_actions[22m | stage_candymaker_c1r1.png[39m[0m
[  70% ] [90m[1m_update_scan_actions[22m | stage_chef_c0r0.png[39m[0m
[  70% ] [90m[1m_update_scan_actions[22m | stage_chef_c0r1.png[39m[0m
[  70% ] [90m[1m_update_scan_actions[22m | stage_chef_c1r0.png[39m[0m
[  70% ] [90m[1m_update_scan_actions[22m | stage_chef_c1r1.png[39m[0m
[  70% ] [90m[1m_update_scan_actions[22m | stage_detective_c0r0.png[39m[0m
[  70% ] [90m[1m_update_scan_actions[22m | stage_detective_c0r1.png[39m[0m
[  70% ] [90m[1m_update_scan_actions[22m | stage_detective_c1r0.png[39m[0m
[  70% ] [90m[1m_update_scan_actions[22m | stage_detective_c1r1.png[39m[0m
[  70% ] [90m[1m_update_scan_actions[22m | stage_doctor_c0r0.png[39m[0m
[  71% ] [90m[1m_update_scan_actions[22m | stage_doctor_c0r1.png[39m[0m
[  71% ] [90m[1m_update_scan_actions[22m | stage_doctor_c1r0.png[39m[0m
[  71% ] [90m[1m_update_scan_actions[22m | stage_doctor_c1r1.png[39m[0m
[  71% ] [90m[1m_update_scan_actions[22m | stage_farmer_c0r0.png[39m[0m
[  71% ] [90m[1m_update_scan_actions[22m | stage_farmer_c0r1.png[39m[0m
[  71% ] [90m[1m_update_scan_actions[22m | stage_farmer_c1r0.png[39m[0m
[  71% ] [90m[1m_update_scan_actions[22m | stage_farmer_c1r1.png[39m[0m
[  71% ] [90m[1m_update_scan_actions[22m | stage_magician_c0r0.png[39m[0m
[  71% ] [90m[1m_update_scan_actions[22m | stage_magician_c0r1.png[39m[0m
[  71% ] [90m[1m_update_scan_actions[22m | stage_magician_c1r0.png[39m[0m
[  71% ] [90m[1m_update_scan_actions[22m | stage_magician_c1r1.png[39m[0m
[  72% ] [90m[1m_update_scan_actions[22m | stage_nursery_c0r0.png[39m[0m
[  72% ] [90m[1m_update_scan_actions[22m | stage_nursery_c0r1.png[39m[0m
[  72% ] [90m[1m_update_scan_actions[22m | stage_nursery_c1r0.png[39m[0m
[  72% ] [90m[1m_update_scan_actions[22m | stage_nursery_c1r1.png[39m[0m
[  72% ] [90m[1m_update_scan_actions[22m | stage_painter_c0r0.png[39m[0m
[  72% ] [90m[1m_update_scan_actions[22m | stage_painter_c0r1.png[39m[0m
[  72% ] [90m[1m_update_scan_actions[22m | stage_painter_c1r0.png[39m[0m
[  72% ] [90m[1m_update_scan_actions[22m | stage_painter_c1r1.png[39m[0m
[  72% ] [90m[1m_update_scan_actions[22m | stage_popstar_c0r0.png[39m[0m
[  72% ] [90m[1m_update_scan_actions[22m | stage_popstar_c0r1.png[39m[0m
[  72% ] [90m[1m_update_scan_actions[22m | stage_popstar_c1r0.png[39m[0m
[  73% ] [90m[1m_update_scan_actions[22m | stage_popstar_c1r1.png[39m[0m
[  73% ] [90m[1m_update_scan_actions[22m | stage_racer_c0r0.png[39m[0m
[  73% ] [90m[1m_update_scan_actions[22m | stage_racer_c0r1.png[39m[0m
[  73% ] [90m[1m_update_scan_actions[22m | stage_racer_c1r0.png[39m[0m
[  73% ] [90m[1m_update_scan_actions[22m | stage_racer_c1r1.png[39m[0m
[  73% ] [90m[1m_update_scan_actions[22m | world_astronaut_c0r0.png[39m[0m
[  73% ] [90m[1m_update_scan_actions[22m | world_astronaut_c0r1.png[39m[0m
[  73% ] [90m[1m_update_scan_actions[22m | world_astronaut_c1r0.png[39m[0m
[  73% ] [90m[1m_update_scan_actions[22m | world_astronaut_c1r1.png[39m[0m
[  73% ] [90m[1m_update_scan_actions[22m | world_ballerina_c0r0.png[39m[0m
[  73% ] [90m[1m_update_scan_actions[22m | world_ballerina_c0r1.png[39m[0m
[  74% ] [90m[1m_update_scan_actions[22m | world_ballerina_c1r0.png[39m[0m
[  74% ] [90m[1m_update_scan_actions[22m | world_ballerina_c1r1.png[39m[0m
[  74% ] [90m[1m_update_scan_actions[22m | world_boxer_c0r0.png[39m[0m
[  74% ] [90m[1m_update_scan_actions[22m | world_boxer_c0r1.png[39m[0m
[  74% ] [90m[1m_update_scan_actions[22m | world_boxer_c1r0.png[39m[0m
[  74% ] [90m[1m_update_scan_actions[22m | world_boxer_c1r1.png[39m[0m
[  74% ] [90m[1m_update_scan_actions[22m | world_candymaker_c0r0.png[39m[0m
[  74% ] [90m[1m_update_scan_actions[22m | world_candymaker_c0r1.png[39m[0m
[  74% ] [90m[1m_update_scan_actions[22m | world_candymaker_c1r0.png[39m[0m
[  74% ] [90m[1m_update_scan_actions[22m | world_candymaker_c1r1.png[39m[0m
[  74% ] [90m[1m_update_scan_actions[22m | world_chef_c0r0.png[39m[0m
[  75% ] [90m[1m_update_scan_actions[22m | world_chef_c0r1.png[39m[0m
[  75% ] [90m[1m_update_scan_actions[22m | world_chef_c1r0.png[39m[0m
[  75% ] [90m[1m_update_scan_actions[22m | world_chef_c1r1.png[39m[0m
[  75% ] [90m[1m_update_scan_actions[22m | world_detective_c0r0.png[39m[0m
[  75% ] [90m[1m_update_scan_actions[22m | world_detective_c0r1.png[39m[0m
[  75% ] [90m[1m_update_scan_actions[22m | world_detective_c1r0.png[39m[0m
[  75% ] [90m[1m_update_scan_actions[22m | world_detective_c1r1.png[39m[0m
[  75% ] [90m[1m_update_scan_actions[22m | world_doctor_c0r0.png[39m[0m
[  75% ] [90m[1m_update_scan_actions[22m | world_doctor_c0r1.png[39m[0m
[  75% ] [90m[1m_update_scan_actions[22m | world_doctor_c1r0.png[39m[0m
[  75% ] [90m[1m_update_scan_actions[22m | world_doctor_c1r1.png[39m[0m
[  76% ] [90m[1m_update_scan_actions[22m | world_farmer_c0r0.png[39m[0m
[  76% ] [90m[1m_update_scan_actions[22m | world_farmer_c0r1.png[39m[0m
[  76% ] [90m[1m_update_scan_actions[22m | world_farmer_c1r0.png[39m[0m
[  76% ] [90m[1m_update_scan_actions[22m | world_farmer_c1r1.png[39m[0m
[  76% ] [90m[1m_update_scan_actions[22m | world_magician_c0r0.png[39m[0m
[  76% ] [90m[1m_update_scan_actions[22m | world_magician_c0r1.png[39m[0m
[  76% ] [90m[1m_update_scan_actions[22m | world_magician_c1r0.png[39m[0m
[  76% ] [90m[1m_update_scan_actions[22m | world_magician_c1r1.png[39m[0m
[  76% ] [90m[1m_update_scan_actions[22m | world_nursery_c0r0.png[39m[0m
[  76% ] [90m[1m_update_scan_actions[22m | world_nursery_c0r1.png[39m[0m
[  76% ] [90m[1m_update_scan_actions[22m | world_nursery_c1r0.png[39m[0m
[  77% ] [90m[1m_update_scan_actions[22m | world_nursery_c1r1.png[39m[0m
[  77% ] [90m[1m_update_scan_actions[22m | world_painter_c0r0.png[39m[0m
[  77% ] [90m[1m_update_scan_actions[22m | world_painter_c0r1.png[39m[0m
[  77% ] [90m[1m_update_scan_actions[22m | world_painter_c1r0.png[39m[0m
[  77% ] [90m[1m_update_scan_actions[22m | world_painter_c1r1.png[39m[0m
[  77% ] [90m[1m_update_scan_actions[22m | world_popstar_c0r0.png[39m[0m
[  77% ] [90m[1m_update_scan_actions[22m | world_popstar_c0r1.png[39m[0m
[  77% ] [90m[1m_update_scan_actions[22m | world_popstar_c1r0.png[39m[0m
[  77% ] [90m[1m_update_scan_actions[22m | world_popstar_c1r1.png[39m[0m
[  77% ] [90m[1m_update_scan_actions[22m | world_racer_c0r0.png[39m[0m
[  77% ] [90m[1m_update_scan_actions[22m | world_racer_c0r1.png[39m[0m
[  78% ] [90m[1m_update_scan_actions[22m | world_racer_c1r0.png[39m[0m
[  78% ] [90m[1m_update_scan_actions[22m | world_racer_c1r1.png[39m[0m
[  78% ] [90m[1m_update_scan_actions[22m | fx_bop_puff.png[39m[0m
[  78% ] [90m[1m_update_scan_actions[22m | fx_dizzy_stars.png[39m[0m
[  78% ] [90m[1m_update_scan_actions[22m | fx_dust_puff.png[39m[0m
[  78% ] [90m[1m_update_scan_actions[22m | fx_slash_arc.png[39m[0m
[  78% ] [90m[1m_update_scan_actions[22m | fx_stolen_sparkle.png[39m[0m
[  78% ] [90m[1m_update_scan_actions[22m | fx_telegraph_bang.png[39m[0m
[  78% ] [90m[1m_update_scan_actions[22m | fx_telegraph_ring.png[39m[0m
[  78% ] [90m[1m_update_scan_actions[22m | goal_astronaut.png[39m[0m
[  78% ] [90m[1m_update_scan_actions[22m | goal_ballerina.png[39m[0m
[  79% ] [90m[1m_update_scan_actions[22m | goal_boxer.png[39m[0m
[  79% ] [90m[1m_update_scan_actions[22m | goal_candymaker.png[39m[0m
[  79% ] [90m[1m_update_scan_actions[22m | goal_chef.png[39m[0m
[  79% ] [90m[1m_update_scan_actions[22m | goal_detective.png[39m[0m
[  79% ] [90m[1m_update_scan_actions[22m | goal_doctor.png[39m[0m
[  79% ] [90m[1m_update_scan_actions[22m | goal_farmer.png[39m[0m
[  79% ] [90m[1m_update_scan_actions[22m | goal_magician.png[39m[0m
[  79% ] [90m[1m_update_scan_actions[22m | goal_nursery.png[39m[0m
[  79% ] [90m[1m_update_scan_actions[22m | goal_painter.png[39m[0m
[  79% ] [90m[1m_update_scan_actions[22m | goal_popstar.png[39m[0m
[  79% ] [90m[1m_update_scan_actions[22m | goal_racer.png[39m[0m
[  80% ] [90m[1m_update_scan_actions[22m | finale_stage_c0r0.png[39m[0m
[  80% ] [90m[1m_update_scan_actions[22m | finale_stage_c0r1.png[39m[0m
[  80% ] [90m[1m_update_scan_actions[22m | finale_stage_c1r0.png[39m[0m
[  80% ] [90m[1m_update_scan_actions[22m | finale_stage_c1r1.png[39m[0m
[  80% ] [90m[1m_update_scan_actions[22m | magnifier.png[39m[0m
[  80% ] [90m[1m_update_scan_actions[22m | station_marker.png[39m[0m
[  80% ] [90m[1m_update_scan_actions[22m | task_card_frame.png[39m[0m
[  80% ] [90m[1m_update_scan_actions[22m | widget_basin_shared_shine.png[39m[0m
[  80% ] [90m[1m_update_scan_actions[22m | widget_catch_nursery_cradle.png[39m[0m
[  80% ] [90m[1m_update_scan_actions[22m | widget_charge_astronaut_glow.png[39m[0m
[  80% ] [90m[1m_update_scan_actions[22m | widget_charge_ballerina_glow.png[39m[0m
[  81% ] [90m[1m_update_scan_actions[22m | widget_charge_farmer_glow.png[39m[0m
[  81% ] [90m[1m_update_scan_actions[22m | widget_charge_magician_glow.png[39m[0m
[  81% ] [90m[1m_update_scan_actions[22m | widget_charge_popstar_glow.png[39m[0m
[  81% ] [90m[1m_update_scan_actions[22m | widget_crank_astronaut_mover.png[39m[0m
[  81% ] [90m[1m_update_scan_actions[22m | widget_crank_ballerina_mover.png[39m[0m
[  81% ] [90m[1m_update_scan_actions[22m | widget_crank_candymaker_mover.png[39m[0m
[  81% ] [90m[1m_update_scan_actions[22m | widget_crank_chef_mover.png[39m[0m
[  81% ] [90m[1m_update_scan_actions[22m | widget_crank_doctor_mover.png[39m[0m
[  81% ] [90m[1m_update_scan_actions[22m | widget_crank_magician_mover.png[39m[0m
[  81% ] [90m[1m_update_scan_actions[22m | widget_crank_painter_mover.png[39m[0m
[  81% ] [90m[1m_update_scan_actions[22m | widget_crank_popstar_mover.png[39m[0m
[  82% ] [90m[1m_update_scan_actions[22m | widget_crank_racer_mover.png[39m[0m
[  82% ] [90m[1m_update_scan_actions[22m | widget_gauge_shared_needle.png[39m[0m
[  82% ] [90m[1m_update_scan_actions[22m | widget_lanes_shared_pick.png[39m[0m
[  82% ] [90m[1m_update_scan_actions[22m | widget_pour_candymaker_mover.png[39m[0m
[  82% ] [90m[1m_update_scan_actions[22m | widget_pour_chef_mover.png[39m[0m
[  82% ] [90m[1m_update_scan_actions[22m | widget_pour_nursery_mover.png[39m[0m
[  82% ] [90m[1m_update_scan_actions[22m | widget_pour_painter_mover.png[39m[0m
[  82% ] [90m[1m_update_scan_actions[22m | widget_push_boxer_mover.png[39m[0m
[  82% ] [90m[1m_update_scan_actions[22m | widget_push_farmer_mover.png[39m[0m
[  82% ] [90m[1m_update_scan_actions[22m | widget_push_nursery_mover.png[39m[0m
[  82% ] [90m[1m_update_scan_actions[22m | widget_push_racer_mover.png[39m[0m
[  83% ] [90m[1m_update_scan_actions[22m | widget_push_shared_arrow_down.png[39m[0m
[  83% ] [90m[1m_update_scan_actions[22m | widget_push_shared_arrow_lr.png[39m[0m
[  83% ] [90m[1m_update_scan_actions[22m | widget_target_astronaut_mark.png[39m[0m
[  83% ] [90m[1m_update_scan_actions[22m | widget_target_astronaut_mover.png[39m[0m
[  83% ] [90m[1m_update_scan_actions[22m | widget_target_boxer_mark.png[39m[0m
[  83% ] [90m[1m_update_scan_actions[22m | widget_target_boxer_mover.png[39m[0m
[  83% ] [90m[1m_update_scan_actions[22m | widget_target_candymaker_mark.png[39m[0m
[  83% ] [90m[1m_update_scan_actions[22m | widget_target_candymaker_mover.png[39m[0m
[  83% ] [90m[1m_update_scan_actions[22m | widget_target_chef_mark.png[39m[0m
[  83% ] [90m[1m_update_scan_actions[22m | widget_target_chef_mover.png[39m[0m
[  83% ] [90m[1m_update_scan_actions[22m | widget_target_doctor_mark.png[39m[0m
[  84% ] [90m[1m_update_scan_actions[22m | widget_target_doctor_mover.png[39m[0m
[  84% ] [90m[1m_update_scan_actions[22m | widget_target_farmer_mark.png[39m[0m
[  84% ] [90m[1m_update_scan_actions[22m | widget_target_farmer_mover.png[39m[0m
[  84% ] [90m[1m_update_scan_actions[22m | widget_target_painter_mark.png[39m[0m
[  84% ] [90m[1m_update_scan_actions[22m | widget_target_painter_mover.png[39m[0m
[  84% ] [90m[1m_update_scan_actions[22m | widget_target_racer_mark.png[39m[0m
[  84% ] [90m[1m_update_scan_actions[22m | widget_target_racer_mover.png[39m[0m
[  84% ] [90m[1m_update_scan_actions[22m | widget_track_ballerina_mover.png[39m[0m
[  84% ] [90m[1m_update_scan_actions[22m | widget_track_boxer_mover.png[39m[0m
[  84% ] [90m[1m_update_scan_actions[22m | widget_track_candymaker_mover.png[39m[0m
[  84% ] [90m[1m_update_scan_actions[22m | widget_track_detective_mover.png[39m[0m
[  85% ] [90m[1m_update_scan_actions[22m | widget_track_farmer_mover.png[39m[0m
[  85% ] [90m[1m_update_scan_actions[22m | widget_track_magician_mover.png[39m[0m
[  85% ] [90m[1m_update_scan_actions[22m | widget_track_nursery_mover.png[39m[0m
[  85% ] [90m[1m_update_scan_actions[22m | widget_track_popstar_mover.png[39m[0m
[  85% ] [90m[1m_update_scan_actions[22m | widget_track_shared_hit.png[39m[0m
[  85% ] [90m[1m_update_scan_actions[22m | butterfly1.png[39m[0m
[  85% ] [90m[1m_update_scan_actions[22m | butterfly2.png[39m[0m
[  85% ] [90m[1m_update_scan_actions[22m | clownfish_Image_0.jpg[39m[0m
[  85% ] [90m[1m_update_scan_actions[22m | clownfish_side.png[39m[0m
[  85% ] [90m[1m_update_scan_actions[22m | coral1_Image_0_flat.png[39m[0m
[  85% ] [90m[1m_update_scan_actions[22m | coral2_Image_0_flat.png[39m[0m
[  86% ] [90m[1m_update_scan_actions[22m | coral3_Image_0_flat.png[39m[0m
[  86% ] [90m[1m_update_scan_actions[22m | coral4_Image_0_flat.png[39m[0m
[  86% ] [90m[1m_update_scan_actions[22m | coral5_Image_0_flat.png[39m[0m
[  86% ] [90m[1m_update_scan_actions[22m | coral6_Image_0_flat.png[39m[0m
[  86% ] [90m[1m_update_scan_actions[22m | coral_Image_0_flat.png[39m[0m
[  86% ] [90m[1m_update_scan_actions[22m | crab_Image_0.jpg[39m[0m
[  86% ] [90m[1m_update_scan_actions[22m | craft_birdie_base_color.jpg[39m[0m
[  86% ] [90m[1m_update_scan_actions[22m | craft_birdie_mask.png[39m[0m
[  86% ] [90m[1m_update_scan_actions[22m | craft_birdie_rigged_base_color.jpg[39m[0m
[  86% ] [90m[1m_update_scan_actions[22m | craft_kitty_base_color.jpg[39m[0m
[  86% ] [90m[1m_update_scan_actions[22m | craft_kitty_mask.png[39m[0m
[  87% ] [90m[1m_update_scan_actions[22m | craft_kitty_rigged_base_color.jpg[39m[0m
[  87% ] [90m[1m_update_scan_actions[22m | dolphin_Image_0.jpg[39m[0m
[  87% ] [90m[1m_update_scan_actions[22m | fanshell_Image_0_flat.png[39m[0m
[  87% ] [90m[1m_update_scan_actions[22m | grasstuft.png[39m[0m
[  87% ] [90m[1m_update_scan_actions[22m | hammerhead_Image_0.jpg[39m[0m
[  87% ] [90m[1m_update_scan_actions[22m | kelp.png[39m[0m
[  87% ] [90m[1m_update_scan_actions[22m | lobster_Image_0.jpg[39m[0m
[  87% ] [90m[1m_update_scan_actions[22m | octopus_Image_0.jpg[39m[0m
[  87% ] [90m[1m_update_scan_actions[22m | penguin_Image_0.jpg[39m[0m
[  87% ] [90m[1m_update_scan_actions[22m | play_horse_Image_0_flat.png[39m[0m
[  87% ] [90m[1m_update_scan_actions[22m | play_merry_Image_0_flat.png[39m[0m
[  88% ] [90m[1m_update_scan_actions[22m | play_sandbox_Image_0_flat.png[39m[0m
[  88% ] [90m[1m_update_scan_actions[22m | play_seesaw_Image_0_flat.png[39m[0m
[  88% ] [90m[1m_update_scan_actions[22m | play_slide_Image_0_flat.png[39m[0m
[  88% ] [90m[1m_update_scan_actions[22m | play_swing_Image_0_flat.png[39m[0m
[  88% ] [90m[1m_update_scan_actions[22m | rock1_Image_0_flat.png[39m[0m
[  88% ] [90m[1m_update_scan_actions[22m | rock2_Image_0_flat.png[39m[0m
[  88% ] [90m[1m_update_scan_actions[22m | rock3_Image_0_flat.png[39m[0m
[  88% ] [90m[1m_update_scan_actions[22m | rock4_Image_0_flat.png[39m[0m
[  88% ] [90m[1m_update_scan_actions[22m | rock5_Image_0_flat.png[39m[0m
[  88% ] [90m[1m_update_scan_actions[22m | rock_Image_0_flat.png[39m[0m
[  88% ] [90m[1m_update_scan_actions[22m | rock_largea_Image_0_flat.png[39m[0m
[  89% ] [90m[1m_update_scan_actions[22m | sanddollar_Image_0_flat.png[39m[0m
[  89% ] [90m[1m_update_scan_actions[22m | seagrass.png[39m[0m
[  89% ] [90m[1m_update_scan_actions[22m | shark_Image_0.jpg[39m[0m
[  89% ] [90m[1m_update_scan_actions[22m | smallfanshell_Image_0_flat.png[39m[0m
[  89% ] [90m[1m_update_scan_actions[22m | spiralshell_Image_0_flat.png[39m[0m
[  89% ] [90m[1m_update_scan_actions[22m | sponge_barrel_Image_0_flat.png[39m[0m
[  89% ] [90m[1m_update_scan_actions[22m | sponge_tubes_Image_0_flat.png[39m[0m
[  89% ] [90m[1m_update_scan_actions[22m | squid_Image_0.jpg[39m[0m
[  89% ] [90m[1m_update_scan_actions[22m | starfish_decal.png[39m[0m
[  89% ] [90m[1m_update_scan_actions[22m | starfish_Image_0_flat.png[39m[0m
[  89% ] [90m[1m_update_scan_actions[22m | stingray_Image_0.jpg[39m[0m
[  90% ] [90m[1m_update_scan_actions[22m | tree_fall2_Image_0_flat.png[39m[0m
[  90% ] [90m[1m_update_scan_actions[22m | tree_fall_Image_0_flat.png[39m[0m
[  90% ] [90m[1m_update_scan_actions[22m | tree_fat_Image_0_flat.png[39m[0m
[  90% ] [90m[1m_update_scan_actions[22m | tree_palm_Image_0_flat.png[39m[0m
[  90% ] [90m[1m_update_scan_actions[22m | tree_pineroundf_Image_0_lift_flat.png[39m[0m
[  90% ] [90m[1m_update_scan_actions[22m | turtle_Image_0.jpg[39m[0m
[  90% ] [90m[1m_update_scan_actions[22m | whale_Image_0.jpg[39m[0m
[  90% ] [90m[1m_update_scan_actions[22m | colormap.png[39m[0m
[  90% ] [90m[1m_update_scan_actions[22m | fx_water_bubble_burst_atlas.png[39m[0m
[  90% ] [90m[1m_update_scan_actions[22m | fx_water_foamline_strip.png[39m[0m
[  90% ] [90m[1m_update_scan_actions[22m | fx_water_ripple_ring_atlas.png[39m[0m
[  91% ] [90m[1m_update_scan_actions[22m | fx_water_splash_breach_atlas.png[39m[0m
[  91% ] [90m[1m_update_scan_actions[22m | fx_water_splash_medium_atlas.png[39m[0m
[  91% ] [90m[1m_update_scan_actions[22m | fx_water_splash_small_atlas.png[39m[0m
[  91% ] [90m[1m_update_scan_actions[22m | frog_idle_atlas.png[39m[0m
[  91% ] [90m[1m_update_scan_actions[22m | frog_startle_atlas.png[39m[0m
[  91% ] [90m[1m_update_scan_actions[22m | hare_idle_atlas.png[39m[0m
[  91% ] [90m[1m_update_scan_actions[22m | hare_startle_atlas.png[39m[0m
[  91% ] [90m[1m_update_scan_actions[22m | otter_idle_atlas.png[39m[0m
[  91% ] [90m[1m_update_scan_actions[22m | otter_startle_atlas.png[39m[0m
[  91% ] [90m[1m_update_scan_actions[22m | raccoon_idle_atlas.png[39m[0m
[  91% ] [90m[1m_update_scan_actions[22m | raccoon_startle_atlas.png[39m[0m
[  92% ] [90m[1m_update_scan_actions[22m | squirrel_idle_atlas.png[39m[0m
[  92% ] [90m[1m_update_scan_actions[22m | squirrel_startle_atlas.png[39m[0m
[  92% ] [90m[1m_update_scan_actions[22m | roshan_seesaw_0.png[39m[0m
[  92% ] [90m[1m_update_scan_actions[22m | roshan_seesaw_1.png[39m[0m
[  92% ] [90m[1m_update_scan_actions[22m | roshan_seesaw_2.png[39m[0m
[  92% ] [90m[1m_update_scan_actions[22m | roshan_seesaw_3.png[39m[0m
[  92% ] [90m[1m_update_scan_actions[22m | roshan_slide_0.png[39m[0m
[  92% ] [90m[1m_update_scan_actions[22m | roshan_slide_1.png[39m[0m
[  92% ] [90m[1m_update_scan_actions[22m | roshan_slide_2_v2.png[39m[0m
[  92% ] [90m[1m_update_scan_actions[22m | roshan_slide_3_v2.png[39m[0m
[  92% ] [90m[1m_update_scan_actions[22m | roshan_swing_0.png[39m[0m
[  93% ] [90m[1m_update_scan_actions[22m | roshan_swing_1.png[39m[0m
[  93% ] [90m[1m_update_scan_actions[22m | roshan_swing_2_v2.png[39m[0m
[  93% ] [90m[1m_update_scan_actions[22m | roshan_swing_3_v2.png[39m[0m
[  93% ] [90m[1m_update_scan_actions[22m | sky_lagoon_castle_gate.png[39m[0m
[  93% ] [90m[1m_update_scan_actions[22m | sky_lagoon_cloud_family_drift.png[39m[0m
[  93% ] [90m[1m_update_scan_actions[22m | sky_lagoon_contact_shadow.png[39m[0m
[  93% ] [90m[1m_update_scan_actions[22m | sky_lagoon_slide.png[39m[0m
[  93% ] [90m[1m_update_scan_actions[22m | sky_lagoon_smoke_wisp_v2.png[39m[0m
[  93% ] [90m[1m_update_scan_actions[22m | sky_lagoon_swing.png[39m[0m
[  93% ] [90m[1m_update_scan_actions[22m | display_shelf.png[39m[0m
[  93% ] [90m[1m_update_scan_actions[22m | backdrop_seamounts.jpg[39m[0m
[  94% ] [90m[1m_update_scan_actions[22m | beachball.png[39m[0m
[  94% ] [90m[1m_update_scan_actions[22m | castle_carpet_col.jpg[39m[0m
[  94% ] [90m[1m_update_scan_actions[22m | castle_floor_col.jpg[39m[0m
[  94% ] [90m[1m_update_scan_actions[22m | caustics.png[39m[0m
[  94% ] [90m[1m_update_scan_actions[22m | flower2.png[39m[0m
[  94% ] [90m[1m_update_scan_actions[22m | flower.png[39m[0m
[  94% ] [90m[1m_update_scan_actions[22m | gen2_water_col.jpg[39m[0m
[  94% ] [90m[1m_update_scan_actions[22m | grass.jpg[39m[0m
[  94% ] [90m[1m_update_scan_actions[22m | kitchen_counter_col.jpg[39m[0m
[  94% ] [90m[1m_update_scan_actions[22m | kitchen_floor_col.jpg[39m[0m
[  94% ] [90m[1m_update_scan_actions[22m | kitchen_wood_col.jpg[39m[0m
[  95% ] [90m[1m_update_scan_actions[22m | leaf.png[39m[0m
[  95% ] [90m[1m_update_scan_actions[22m | polyp.png[39m[0m
[  95% ] [90m[1m_update_scan_actions[22m | polyp_normal.png[39m[0m
[  95% ] [90m[1m_update_scan_actions[22m | scales.png[39m[0m
[  95% ] [90m[1m_update_scan_actions[22m | scales_normal.png[39m[0m
[  95% ] [90m[1m_update_scan_actions[22m | star_detail.png[39m[0m
[  95% ] [90m[1m_update_scan_actions[22m | up_castle_col.jpg[39m[0m
[  95% ] [90m[1m_update_scan_actions[22m | up_castle_nrm.jpg[39m[0m
[  95% ] [90m[1m_update_scan_actions[22m | up_castle_rgh.jpg[39m[0m
[  95% ] [90m[1m_update_scan_actions[22m | up_cliffwall_col.jpg[39m[0m
[  95% ] [90m[1m_update_scan_actions[22m | up_cliff_col.jpg[39m[0m
[  96% ] [90m[1m_update_scan_actions[22m | up_cliff_nrm.jpg[39m[0m
[  96% ] [90m[1m_update_scan_actions[22m | up_cliff_rgh.jpg[39m[0m
[  96% ] [90m[1m_update_scan_actions[22m | up_cobble_col.jpg[39m[0m
[  96% ] [90m[1m_update_scan_actions[22m | up_cobble_nrm.jpg[39m[0m
[  96% ] [90m[1m_update_scan_actions[22m | up_cobble_rgh.jpg[39m[0m
[  96% ] [90m[1m_update_scan_actions[22m | up_crystal_col.png[39m[0m
[  96% ] [90m[1m_update_scan_actions[22m | up_dirt_col.jpg[39m[0m
[  96% ] [90m[1m_update_scan_actions[22m | up_dirt_nrm.jpg[39m[0m
[  96% ] [90m[1m_update_scan_actions[22m | up_dirt_rgh.jpg[39m[0m
[  96% ] [90m[1m_update_scan_actions[22m | up_door_col.jpg[39m[0m
[  96% ] [90m[1m_update_scan_actions[22m | up_door_nrm.jpg[39m[0m
[  97% ] [90m[1m_update_scan_actions[22m | up_door_rgh.jpg[39m[0m
[  97% ] [90m[1m_update_scan_actions[22m | up_fabric_col.jpg[39m[0m
[  97% ] [90m[1m_update_scan_actions[22m | up_fabric_nrm.jpg[39m[0m
[  97% ] [90m[1m_update_scan_actions[22m | up_fabric_rgh.jpg[39m[0m
[  97% ] [90m[1m_update_scan_actions[22m | up_flagstone_col.jpg[39m[0m
[  97% ] [90m[1m_update_scan_actions[22m | up_flagstone_nrm.jpg[39m[0m
[  97% ] [90m[1m_update_scan_actions[22m | up_flagstone_rgh.jpg[39m[0m
[  97% ] [90m[1m_update_scan_actions[22m | up_grass_col.jpg[39m[0m
[  97% ] [90m[1m_update_scan_actions[22m | up_grass_nrm.jpg[39m[0m
[  97% ] [90m[1m_update_scan_actions[22m | up_grass_rgh.jpg[39m[0m
[  97% ] [90m[1m_update_scan_actions[22m | up_marble_col.jpg[39m[0m
[  98% ] [90m[1m_update_scan_actions[22m | up_marble_nrm.jpg[39m[0m
[  98% ] [90m[1m_update_scan_actions[22m | up_marble_rgh.jpg[39m[0m
[  98% ] [90m[1m_update_scan_actions[22m | up_roof_col.jpg[39m[0m
[  98% ] [90m[1m_update_scan_actions[22m | up_roof_nrm.jpg[39m[0m
[  98% ] [90m[1m_update_scan_actions[22m | up_roof_rgh.jpg[39m[0m
[  98% ] [90m[1m_update_scan_actions[22m | up_sand_col.jpg[39m[0m
[  98% ] [90m[1m_update_scan_actions[22m | up_sand_nrm.jpg[39m[0m
[  98% ] [90m[1m_update_scan_actions[22m | up_sand_rgh.jpg[39m[0m
[  98% ] [90m[1m_update_scan_actions[22m | up_shipwood_col.png[39m[0m
[  98% ] [90m[1m_update_scan_actions[22m | up_snowsoft_col.jpg[39m[0m
[  98% ] [90m[1m_update_scan_actions[22m | up_snow_col.jpg[39m[0m
[  99% ] [90m[1m_update_scan_actions[22m | up_snow_nrm.jpg[39m[0m
[  99% ] [90m[1m_update_scan_actions[22m | up_snow_rgh.jpg[39m[0m
[  99% ] [90m[1m_update_scan_actions[22m | up_water_col.jpg[39m[0m
[  99% ] [90m[1m_update_scan_actions[22m | up_water_nrm.jpg[39m[0m
[  99% ] [90m[1m_update_scan_actions[22m | up_water_rgh.jpg[39m[0m
[  99% ] [90m[1m_update_scan_actions[22m | up_wood_col.jpg[39m[0m
[  99% ] [90m[1m_update_scan_actions[22m | up_wood_nrm.jpg[39m[0m
[  99% ] [90m[1m_update_scan_actions[22m | up_wood_rgh.jpg[39m[0m
[  99% ] [90m[1m_update_scan_actions[22m | monstertruck_Atlas.png[39m[0m
[92m[ DONE ][39m [1m_update_scan_actions[22m
[0m
[   0% ] [90m[1mreimport[22m | Started (Re)Importing Assets (1097 steps)[39m[0m
[   0% ] [90m[1mreimport[22m | Preparing files to reimport...[39m[0m
[   0% ] [90m[1mreimport[22m | Preparing files to reimport...[39m[0m
[   0% ] [90m[1mreimport[22m | Preparing files to reimport...[39m[0m
[   0% ] [90m[1mreimport[22m | Preparing files to reimport...[39m[0m
[   0% ] [90m[1mreimport[22m | Preparing files to reimport...[39m[0m
[   0% ] [90m[1mreimport[22m | Preparing files to reimport...[39m[0m
[   0% ] [90m[1mreimport[22m | Preparing files to reimport...[39m[0m
[   0% ] [90m[1mreimport[22m | Preparing files to reimport...[39m[0m
[   0% ] [90m[1mreimport[22m | Preparing files to reimport...[39m[0m
[   0% ] [90m[1mreimport[22m | Preparing files to reimport...[39m[0m
[   0% ] [90m[1mreimport[22m | Preparing files to reimport...[39m[0m
[   1% ] [90m[1mreimport[22m | Preparing files to reimport...[39m[0m
[   1% ] [90m[1mreimport[22m | Preparing files to reimport...[39m[0m
[   1% ] [90m[1mreimport[22m | Preparing files to reimport...[39m[0m
[   1% ] [90m[1mreimport[22m | Preparing files to reimport...[39m[0m
[   1% ] [90m[1mreimport[22m | Preparing files to reimport...[39m[0m
[   1% ] [90m[1mreimport[22m | Preparing files to reimport...[39m[0m
[   1% ] [90m[1mreimport[22m | Preparing files to reimport...[39m[0m
[   1% ] [90m[1mreimport[22m | Preparing files to reimport...[39m[0m
[   1% ] [90m[1mreimport[22m | Preparing files to reimport...[39m[0m
[   1% ] [90m[1mreimport[22m | Preparing files to reimport...[39m[0m
[   1% ] [90m[1mreimport[22m | Preparing files to reimport...[39m[0m
[   2% ] [90m[1mreimport[22m | Preparing files to reimport...[39m[0m
[   2% ] [90m[1mreimport[22m | Preparing files to reimport...[39m[0m
[   2% ] [90m[1mreimport[22m | Preparing files to reimport...[39m[0m
[   2% ] [90m[1mreimport[22m | Preparing files to reimport...[39m[0m
[   2% ] [90m[1mreimport[22m | Preparing files to reimport...[39m[0m
[   2% ] [90m[1mreimport[22m | Preparing files to reimport...[39m[0m
[   2% ] [90m[1mreimport[22m | Preparing files to reimport...[39m[0m
[   2% ] [90m[1mreimport[22m | Preparing files to reimport...[39m[0m
[   2% ] [90m[1mreimport[22m | Preparing files to reimport...[39m[0m
[   2% ] [90m[1mreimport[22m | Preparing files to reimport...[39m[0m
[   2% ] [90m[1mreimport[22m | Preparing files to reimport...[39m[0m
[   3% ] [90m[1mreimport[22m | Preparing files to reimport...[39m[0m
[   3% ] [90m[1mreimport[22m | Preparing files to reimport...[39m[0m
[   3% ] [90m[1mreimport[22m | Preparing files to reimport...[39m[0m
[   3% ] [90m[1mreimport[22m | Preparing files to reimport...[39m[0m
[   3% ] [90m[1mreimport[22m | Preparing files to reimport...[39m[0m
[   3% ] [90m[1mreimport[22m | Preparing files to reimport...[39m[0m
[   3% ] [90m[1mreimport[22m | Preparing files to reimport...[39m[0m
[   3% ] [90m[1mreimport[22m | Preparing files to reimport...[39m[0m
[   3% ] [90m[1mreimport[22m | Preparing files to reimport...[39m[0m
[   3% ] [90m[1mreimport[22m | Preparing files to reimport...[39m[0m
[   3% ] [90m[1mreimport[22m | Preparing files to reimport...[39m[0m
[   4% ] [90m[1mreimport[22m | Preparing files to reimport...[39m[0m
[   4% ] [90m[1mreimport[22m | Preparing files to reimport...[39m[0m
[   4% ] [90m[1mreimport[22m | Preparing files to reimport...[39m[0m
[   4% ] [90m[1mreimport[22m | Preparing files to reimport...[39m[0m
[   4% ] [90m[1mreimport[22m | Preparing files to reimport...[39m[0m
[   4% ] [90m[1mreimport[22m | Preparing files to reimport...[39m[0m
[   4% ] [90m[1mreimport[22m | Preparing files to reimport...[39m[0m
[   4% ] [90m[1mreimport[22m | Preparing files to reimport...[39m[0m
[   4% ] [90m[1mreimport[22m | Preparing files to reimport...[39m[0m
[   4% ] [90m[1mreimport[22m | Preparing files to reimport...[39m[0m
[   4% ] [90m[1mreimport[22m | Preparing files to reimport...[39m[0m
[   5% ] [90m[1mreimport[22m | Preparing files to reimport...[39m[0m
[   5% ] [90m[1mreimport[22m | Preparing files to reimport...[39m[0m
[   5% ] [90m[1mreimport[22m | Preparing files to reimport...[39m[0m
[   5% ] [90m[1mreimport[22m | Preparing files to reimport...[39m[0m
[   5% ] [90m[1mreimport[22m | Preparing files to reimport...[39m[0m
[   5% ] [90m[1mreimport[22m | Preparing files to reimport...[39m[0m
[   5% ] [90m[1mreimport[22m | Preparing files to reimport...[39m[0m
[   5% ] [90m[1mreimport[22m | Preparing files to reimport...[39m[0m
[   5% ] [90m[1mreimport[22m | Preparing files to reimport...[39m[0m
[   5% ] [90m[1mreimport[22m | Preparing files to reimport...[39m[0m
[   5% ] [90m[1mreimport[22m | Preparing files to reimport...[39m[0m
[   6% ] [90m[1mreimport[22m | Preparing files to reimport...[39m[0m
[   6% ] [90m[1mreimport[22m | Preparing files to reimport...[39m[0m
[   6% ] [90m[1mreimport[22m | Preparing files to reimport...[39m[0m
[   6% ] [90m[1mreimport[22m | Preparing files to reimport...[39m[0m
[   6% ] [90m[1mreimport[22m | Preparing files to reimport...[39m[0m
[   6% ] [90m[1mreimport[22m | Preparing files to reimport...[39m[0m
[   6% ] [90m[1mreimport[22m | Preparing files to reimport...[39m[0m
[   6% ] [90m[1mreimport[22m | Preparing files to reimport...[39m[0m
[   6% ] [90m[1mreimport[22m | Preparing files to reimport...[39m[0m
[   6% ] [90m[1mreimport[22m | Preparing files to reimport...[39m[0m
[   6% ] [90m[1mreimport[22m | Preparing files to reimport...[39m[0m
[   7% ] [90m[1mreimport[22m | Preparing files to reimport...[39m[0m
[   7% ] [90m[1mreimport[22m | Preparing files to reimport...[39m[0m
[   7% ] [90m[1mreimport[22m | Preparing files to reimport...[39m[0m
[   7% ] [90m[1mreimport[22m | Preparing files to reimport...[39m[0m
[   7% ] [90m[1mreimport[22m | Preparing files to reimport...[39m[0m
[   7% ] [90m[1mreimport[22m | Preparing files to reimport...[39m[0m
[   7% ] [90m[1mreimport[22m | Preparing files to reimport...[39m[0m
[   7% ] [90m[1mreimport[22m | Preparing files to reimport...[39m[0m
[   7% ] [90m[1mreimport[22m | Preparing files to reimport...[39m[0m
[   7% ] [90m[1mreimport[22m | Preparing files to reimport...[39m[0m
[   7% ] [90m[1mreimport[22m | Preparing files to reimport...[39m[0m
[   8% ] [90m[1mreimport[22m | Preparing files to reimport...[39m[0m
[   8% ] [90m[1mreimport[22m | Preparing files to reimport...[39m[0m
[   8% ] [90m[1mreimport[22m | Preparing files to reimport...[39m[0m
[   8% ] [90m[1mreimport[22m | Preparing files to reimport...[39m[0m
[   8% ] [90m[1mreimport[22m | Preparing files to reimport...[39m[0m
[   8% ] [90m[1mreimport[22m | Preparing files to reimport...[39m[0m
[   8% ] [90m[1mreimport[22m | Preparing files to reimport...[39m[0m
[   8% ] [90m[1mreimport[22m | Preparing files to reimport...[39m[0m
[   8% ] [90m[1mreimport[22m | Preparing files to reimport...[39m[0m
[   8% ] [90m[1mreimport[22m | Preparing files to reimport...[39m[0m
[   8% ] [90m[1mreimport[22m | Preparing files to reimport...[39m[0m
[   9% ] [90m[1mreimport[22m | Preparing files to reimport...[39m[0m
[   9% ] [90m[1mreimport[22m | Preparing files to reimport...[39m[0m
[   9% ] [90m[1mreimport[22m | Preparing files to reimport...[39m[0m
[   9% ] [90m[1mreimport[22m | Preparing files to reimport...[39m[0m
[   9% ] [90m[1mreimport[22m | Preparing files to reimport...[39m[0m
[   9% ] [90m[1mreimport[22m | Preparing files to reimport...[39m[0m
[   9% ] [90m[1mreimport[22m | Preparing files to reimport...[39m[0m
[   9% ] [90m[1mreimport[22m | Preparing files to reimport...[39m[0m
[   9% ] [90m[1mreimport[22m | Preparing files to reimport...[39m[0m
[   9% ] [90m[1mreimport[22m | Preparing files to reimport...[39m[0m
[   9% ] [90m[1mreimport[22m | Preparing files to reimport...[39m[0m
[  10% ] [90m[1mreimport[22m | Preparing files to reimport...[39m[0m
[  10% ] [90m[1mreimport[22m | Preparing files to reimport...[39m[0m
[  10% ] [90m[1mreimport[22m | Preparing files to reimport...[39m[0m
[  10% ] [90m[1mreimport[22m | Preparing files to reimport...[39m[0m
[  10% ] [90m[1mreimport[22m | Preparing files to reimport...[39m[0m
[  10% ] [90m[1mreimport[22m | Preparing files to reimport...[39m[0m
[  10% ] [90m[1mreimport[22m | Preparing files to reimport...[39m[0m
[  10% ] [90m[1mreimport[22m | Preparing files to reimport...[39m[0m
[  10% ] [90m[1mreimport[22m | Preparing files to reimport...[39m[0m
[  10% ] [90m[1mreimport[22m | Preparing files to reimport...[39m[0m
[  10% ] [90m[1mreimport[22m | Preparing files to reimport...[39m[0m
[  11% ] [90m[1mreimport[22m | Preparing files to reimport...[39m[0m
[  11% ] [90m[1mreimport[22m | Preparing files to reimport...[39m[0m
[  11% ] [90m[1mreimport[22m | Preparing files to reimport...[39m[0m
[  11% ] [90m[1mreimport[22m | Preparing files to reimport...[39m[0m
[  11% ] [90m[1mreimport[22m | Preparing files to reimport...[39m[0m
[  11% ] [90m[1mreimport[22m | Preparing files to reimport...[39m[0m
[  11% ] [90m[1mreimport[22m | Preparing files to reimport...[39m[0m
[  11% ] [90m[1mreimport[22m | Preparing files to reimport...[39m[0m
[  11% ] [90m[1mreimport[22m | Preparing files to reimport...[39m[0m
[  11% ] [90m[1mreimport[22m | Preparing files to reimport...[39m[0m
[  11% ] [90m[1mreimport[22m | Preparing files to reimport...[39m[0m
[  12% ] [90m[1mreimport[22m | Preparing files to reimport...[39m[0m
[  12% ] [90m[1mreimport[22m | Preparing files to reimport...[39m[0m
[  12% ] [90m[1mreimport[22m | Preparing files to reimport...[39m[0m
[  12% ] [90m[1mreimport[22m | Preparing files to reimport...[39m[0m
[  12% ] [90m[1mreimport[22m | Preparing files to reimport...[39m[0m
[  12% ] [90m[1mreimport[22m | Preparing files to reimport...[39m[0m
[  12% ] [90m[1mreimport[22m | Preparing files to reimport...[39m[0m
[  12% ] [90m[1mreimport[22m | Preparing files to reimport...[39m[0m
[  12% ] [90m[1mreimport[22m | Preparing files to reimport...[39m[0m
[  12% ] [90m[1mreimport[22m | Preparing files to reimport...[39m[0m
[  12% ] [90m[1mreimport[22m | Preparing files to reimport...[39m[0m
[  13% ] [90m[1mreimport[22m | Preparing files to reimport...[39m[0m
[  13% ] [90m[1mreimport[22m | Preparing files to reimport...[39m[0m
[  13% ] [90m[1mreimport[22m | Preparing files to reimport...[39m[0m
[  13% ] [90m[1mreimport[22m | Preparing files to reimport...[39m[0m
[  13% ] [90m[1mreimport[22m | Preparing files to reimport...[39m[0m
[  13% ] [90m[1mreimport[22m | Preparing files to reimport...[39m[0m
[  13% ] [90m[1mreimport[22m | Preparing files to reimport...[39m[0m
[  13% ] [90m[1mreimport[22m | Preparing files to reimport...[39m[0m
[  13% ] [90m[1mreimport[22m | Preparing files to reimport...[39m[0m
[  13% ] [90m[1mreimport[22m | Preparing files to reimport...[39m[0m
[  13% ] [90m[1mreimport[22m | Preparing files to reimport...[39m[0m
[  14% ] [90m[1mreimport[22m | Preparing files to reimport...[39m[0m
[  14% ] [90m[1mreimport[22m | Preparing files to reimport...[39m[0m
[  14% ] [90m[1mreimport[22m | Preparing files to reimport...[39m[0m
[  14% ] [90m[1mreimport[22m | Preparing files to reimport...[39m[0m
[  14% ] [90m[1mreimport[22m | Preparing files to reimport...[39m[0m
[  14% ] [90m[1mreimport[22m | Preparing files to reimport...[39m[0m
[  14% ] [90m[1mreimport[22m | Preparing files to reimport...[39m[0m
[  14% ] [90m[1mreimport[22m | Preparing files to reimport...[39m[0m
[  14% ] [90m[1mreimport[22m | Preparing files to reimport...[39m[0m
[  14% ] [90m[1mreimport[22m | Preparing files to reimport...[39m[0m
[  14% ] [90m[1mreimport[22m | Preparing files to reimport...[39m[0m
[  15% ] [90m[1mreimport[22m | Preparing files to reimport...[39m[0m
[  15% ] [90m[1mreimport[22m | Preparing files to reimport...[39m[0m
[  15% ] [90m[1mreimport[22m | Preparing files to reimport...[39m[0m
[  15% ] [90m[1mreimport[22m | Preparing files to reimport...[39m[0m
[  15% ] [90m[1mreimport[22m | Preparing files to reimport...[39m[0m
[  15% ] [90m[1mreimport[22m | Preparing files to reimport...[39m[0m
[  15% ] [90m[1mreimport[22m | Preparing files to reimport...[39m[0m
[  15% ] [90m[1mreimport[22m | Preparing files to reimport...[39m[0m
[  15% ] [90m[1mreimport[22m | Preparing files to reimport...[39m[0m
[  15% ] [90m[1mreimport[22m | Preparing files to reimport...[39m[0m
[  15% ] [90m[1mreimport[22m | Preparing files to reimport...[39m[0m
[  16% ] [90m[1mreimport[22m | Preparing files to reimport...[39m[0m
[  16% ] [90m[1mreimport[22m | Preparing files to reimport...[39m[0m
[  16% ] [90m[1mreimport[22m | Preparing files to reimport...[39m[0m
[  16% ] [90m[1mreimport[22m | Preparing files to reimport...[39m[0m
[  16% ] [90m[1mreimport[22m | Preparing files to reimport...[39m[0m
[  16% ] [90m[1mreimport[22m | Preparing files to reimport...[39m[0m
[  16% ] [90m[1mreimport[22m | Preparing files to reimport...[39m[0m
[  16% ] [90m[1mreimport[22m | Preparing files to reimport...[39m[0m
[  16% ] [90m[1mreimport[22m | Preparing files to reimport...[39m[0m
[  16% ] [90m[1mreimport[22m | Preparing files to reimport...[39m[0m
[  16% ] [90m[1mreimport[22m | Preparing files to reimport...[39m[0m
[  17% ] [90m[1mreimport[22m | Preparing files to reimport...[39m[0m
[  17% ] [90m[1mreimport[22m | Preparing files to reimport...[39m[0m
[  17% ] [90m[1mreimport[22m | Preparing files to reimport...[39m[0m
[  17% ] [90m[1mreimport[22m | Preparing files to reimport...[39m[0m
[  17% ] [90m[1mreimport[22m | Preparing files to reimport...[39m[0m
[  17% ] [90m[1mreimport[22m | Preparing files to reimport...[39m[0m
[  17% ] [90m[1mreimport[22m | Preparing files to reimport...[39m[0m
[  17% ] [90m[1mreimport[22m | Preparing files to reimport...[39m[0m
[  17% ] [90m[1mreimport[22m | Preparing files to reimport...[39m[0m
[  17% ] [90m[1mreimport[22m | Preparing files to reimport...[39m[0m
[  17% ] [90m[1mreimport[22m | Preparing files to reimport...[39m[0m
[  18% ] [90m[1mreimport[22m | Preparing files to reimport...[39m[0m
[  18% ] [90m[1mreimport[22m | Preparing files to reimport...[39m[0m
[  18% ] [90m[1mreimport[22m | Preparing files to reimport...[39m[0m
[  18% ] [90m[1mreimport[22m | Preparing files to reimport...[39m[0m
[  18% ] [90m[1mreimport[22m | Preparing files to reimport...[39m[0m
[  18% ] [90m[1mreimport[22m | Preparing files to reimport...[39m[0m
[  18% ] [90m[1mreimport[22m | Preparing files to reimport...[39m[0m
[  18% ] [90m[1mreimport[22m | Preparing files to reimport...[39m[0m
[  18% ] [90m[1mreimport[22m | Preparing files to reimport...[39m[0m
[  18% ] [90m[1mreimport[22m | Preparing files to reimport...[39m[0m
[  18% ] [90m[1mreimport[22m | Preparing files to reimport...[39m[0m
[  19% ] [90m[1mreimport[22m | Preparing files to reimport...[39m[0m
[  19% ] [90m[1mreimport[22m | Preparing files to reimport...[39m[0m
[  19% ] [90m[1mreimport[22m | Preparing files to reimport...[39m[0m
[  19% ] [90m[1mreimport[22m | Preparing files to reimport...[39m[0m
[  19% ] [90m[1mreimport[22m | Preparing files to reimport...[39m[0m
[  19% ] [90m[1mreimport[22m | Preparing files to reimport...[39m[0m
[  19% ] [90m[1mreimport[22m | Preparing files to reimport...[39m[0m
[  19% ] [90m[1mreimport[22m | Preparing files to reimport...[39m[0m
[  19% ] [90m[1mreimport[22m | Preparing files to reimport...[39m[0m
[  19% ] [90m[1mreimport[22m | Preparing files to reimport...[39m[0m
[  19% ] [90m[1mreimport[22m | Preparing files to reimport...[39m[0m
[  20% ] [90m[1mreimport[22m | Preparing files to reimport...[39m[0m
[  20% ] [90m[1mreimport[22m | Preparing files to reimport...[39m[0m
[  20% ] [90m[1mreimport[22m | Preparing files to reimport...[39m[0m
[  20% ] [90m[1mreimport[22m | Preparing files to reimport...[39m[0m
[  20% ] [90m[1mreimport[22m | Preparing files to reimport...[39m[0m
[  20% ] [90m[1mreimport[22m | Preparing files to reimport...[39m[0m
[  20% ] [90m[1mreimport[22m | Preparing files to reimport...[39m[0m
[  20% ] [90m[1mreimport[22m | Preparing files to reimport...[39m[0m
[  20% ] [90m[1mreimport[22m | Preparing files to reimport...[39m[0m
[  20% ] [90m[1mreimport[22m | Preparing files to reimport...[39m[0m
[  20% ] [90m[1mreimport[22m | Preparing files to reimport...[39m[0m
[  21% ] [90m[1mreimport[22m | Preparing files to reimport...[39m[0m
[  21% ] [90m[1mreimport[22m | Preparing files to reimport...[39m[0m
[  21% ] [90m[1mreimport[22m | Preparing files to reimport...[39m[0m
[  21% ] [90m[1mreimport[22m | Preparing files to reimport...[39m[0m
[  21% ] [90m[1mreimport[22m | Preparing files to reimport...[39m[0m
[  21% ] [90m[1mreimport[22m | Preparing files to reimport...[39m[0m
[  21% ] [90m[1mreimport[22m | Preparing files to reimport...[39m[0m
[  21% ] [90m[1mreimport[22m | Preparing files to reimport...[39m[0m
[  21% ] [90m[1mreimport[22m | Preparing files to reimport...[39m[0m
[  21% ] [90m[1mreimport[22m | Preparing files to reimport...[39m[0m
[  21% ] [90m[1mreimport[22m | Preparing files to reimport...[39m[0m
[  22% ] [90m[1mreimport[22m | Preparing files to reimport...[39m[0m
[  22% ] [90m[1mreimport[22m | Preparing files to reimport...[39m[0m
[  22% ] [90m[1mreimport[22m | Preparing files to reimport...[39m[0m
[  22% ] [90m[1mreimport[22m | Preparing files to reimport...[39m[0m
[  22% ] [90m[1mreimport[22m | Preparing files to reimport...[39m[0m
[  22% ] [90m[1mreimport[22m | Preparing files to reimport...[39m[0m
[  22% ] [90m[1mreimport[22m | Preparing files to reimport...[39m[0m
[  22% ] [90m[1mreimport[22m | Preparing files to reimport...[39m[0m
[  22% ] [90m[1mreimport[22m | Preparing files to reimport...[39m[0m
[  22% ] [90m[1mreimport[22m | Preparing files to reimport...[39m[0m
[  22% ] [90m[1mreimport[22m | Preparing files to reimport...[39m[0m
[  23% ] [90m[1mreimport[22m | Preparing files to reimport...[39m[0m
[  23% ] [90m[1mreimport[22m | Preparing files to reimport...[39m[0m
[  23% ] [90m[1mreimport[22m | Preparing files to reimport...[39m[0m
[  23% ] [90m[1mreimport[22m | Preparing files to reimport...[39m[0m
[  23% ] [90m[1mreimport[22m | Preparing files to reimport...[39m[0m
[  23% ] [90m[1mreimport[22m | Preparing files to reimport...[39m[0m
[  23% ] [90m[1mreimport[22m | Preparing files to reimport...[39m[0m
[  23% ] [90m[1mreimport[22m | Preparing files to reimport...[39m[0m
[  23% ] [90m[1mreimport[22m | Preparing files to reimport...[39m[0m
[  23% ] [90m[1mreimport[22m | Preparing files to reimport...[39m[0m
[  23% ] [90m[1mreimport[22m | Preparing files to reimport...[39m[0m
[  24% ] [90m[1mreimport[22m | Preparing files to reimport...[39m[0m
[  24% ] [90m[1mreimport[22m | Preparing files to reimport...[39m[0m
[  24% ] [90m[1mreimport[22m | Preparing files to reimport...[39m[0m
[  24% ] [90m[1mreimport[22m | Preparing files to reimport...[39m[0m
[  24% ] [90m[1mreimport[22m | Preparing files to reimport...[39m[0m
[  24% ] [90m[1mreimport[22m | Preparing files to reimport...[39m[0m
[  24% ] [90m[1mreimport[22m | Preparing files to reimport...[39m[0m
[  24% ] [90m[1mreimport[22m | Preparing files to reimport...[39m[0m
[  24% ] [90m[1mreimport[22m | Preparing files to reimport...[39m[0m
[  24% ] [90m[1mreimport[22m | Preparing files to reimport...[39m[0m
[  24% ] [90m[1mreimport[22m | Preparing files to reimport...[39m[0m
[  25% ] [90m[1mreimport[22m | Preparing files to reimport...[39m[0m
[  25% ] [90m[1mreimport[22m | Preparing files to reimport...[39m[0m
[  25% ] [90m[1mreimport[22m | Preparing files to reimport...[39m[0m
[  25% ] [90m[1mreimport[22m | Preparing files to reimport...[39m[0m
[  25% ] [90m[1mreimport[22m | Preparing files to reimport...[39m[0m
[  25% ] [90m[1mreimport[22m | Preparing files to reimport...[39m[0m
[  25% ] [90m[1mreimport[22m | Preparing files to reimport...[39m[0m
[  25% ] [90m[1mreimport[22m | Preparing files to reimport...[39m[0m
[  25% ] [90m[1mreimport[22m | Preparing files to reimport...[39m[0m
[  25% ] [90m[1mreimport[22m | Preparing files to reimport...[39m[0m
[  25% ] [90m[1mreimport[22m | Preparing files to reimport...[39m[0m
[  26% ] [90m[1mreimport[22m | Preparing files to reimport...[39m[0m
[  26% ] [90m[1mreimport[22m | Preparing files to reimport...[39m[0m
[  26% ] [90m[1mreimport[22m | Preparing files to reimport...[39m[0m
[  26% ] [90m[1mreimport[22m | Preparing files to reimport...[39m[0m
[  26% ] [90m[1mreimport[22m | Preparing files to reimport...[39m[0m
[  26% ] [90m[1mreimport[22m | Preparing files to reimport...[39m[0m
[  26% ] [90m[1mreimport[22m | Preparing files to reimport...[39m[0m
[  26% ] [90m[1mreimport[22m | Preparing files to reimport...[39m[0m
[  26% ] [90m[1mreimport[22m | Preparing files to reimport...[39m[0m
[  26% ] [90m[1mreimport[22m | Preparing files to reimport...[39m[0m
[  26% ] [90m[1mreimport[22m | Preparing files to reimport...[39m[0m
[  27% ] [90m[1mreimport[22m | Preparing files to reimport...[39m[0m
[  27% ] [90m[1mreimport[22m | Preparing files to reimport...[39m[0m
[  27% ] [90m[1mreimport[22m | Preparing files to reimport...[39m[0m
[  27% ] [90m[1mreimport[22m | Preparing files to reimport...[39m[0m
[  27% ] [90m[1mreimport[22m | Preparing files to reimport...[39m[0m
[  27% ] [90m[1mreimport[22m | Preparing files to reimport...[39m[0m
[  27% ] [90m[1mreimport[22m | Preparing files to reimport...[39m[0m
[  27% ] [90m[1mreimport[22m | Preparing files to reimport...[39m[0m
[  27% ] [90m[1mreimport[22m | Preparing files to reimport...[39m[0m
[  27% ] [90m[1mreimport[22m | Preparing files to reimport...[39m[0m
[  27% ] [90m[1mreimport[22m | Preparing files to reimport...[39m[0m
[  28% ] [90m[1mreimport[22m | Preparing files to reimport...[39m[0m
[  28% ] [90m[1mreimport[22m | Preparing files to reimport...[39m[0m
[  28% ] [90m[1mreimport[22m | Preparing files to reimport...[39m[0m
[  28% ] [90m[1mreimport[22m | Preparing files to reimport...[39m[0m
[  28% ] [90m[1mreimport[22m | Preparing files to reimport...[39m[0m
[  28% ] [90m[1mreimport[22m | Preparing files to reimport...[39m[0m
[  28% ] [90m[1mreimport[22m | Preparing files to reimport...[39m[0m
[  28% ] [90m[1mreimport[22m | Preparing files to reimport...[39m[0m
[  28% ] [90m[1mreimport[22m | Preparing files to reimport...[39m[0m
[  28% ] [90m[1mreimport[22m | Preparing files to reimport...[39m[0m
[  28% ] [90m[1mreimport[22m | Preparing files to reimport...[39m[0m
[  29% ] [90m[1mreimport[22m | Preparing files to reimport...[39m[0m
[  29% ] [90m[1mreimport[22m | Preparing files to reimport...[39m[0m
[  29% ] [90m[1mreimport[22m | Preparing files to reimport...[39m[0m
[  29% ] [90m[1mreimport[22m | Preparing files to reimport...[39m[0m
[  29% ] [90m[1mreimport[22m | Preparing files to reimport...[39m[0m
[  29% ] [90m[1mreimport[22m | Preparing files to reimport...[39m[0m
[  29% ] [90m[1mreimport[22m | Preparing files to reimport...[39m[0m
[  29% ] [90m[1mreimport[22m | Preparing files to reimport...[39m[0m
[  29% ] [90m[1mreimport[22m | Preparing files to reimport...[39m[0m
[  29% ] [90m[1mreimport[22m | Preparing files to reimport...[39m[0m
[  29% ] [90m[1mreimport[22m | Preparing files to reimport...[39m[0m
[  30% ] [90m[1mreimport[22m | Preparing files to reimport...[39m[0m
[  30% ] [90m[1mreimport[22m | Preparing files to reimport...[39m[0m
[  30% ] [90m[1mreimport[22m | Preparing files to reimport...[39m[0m
[  30% ] [90m[1mreimport[22m | Preparing files to reimport...[39m[0m
[  30% ] [90m[1mreimport[22m | Preparing files to reimport...[39m[0m
[  30% ] [90m[1mreimport[22m | Preparing files to reimport...[39m[0m
[  30% ] [90m[1mreimport[22m | Preparing files to reimport...[39m[0m
[  30% ] [90m[1mreimport[22m | Preparing files to reimport...[39m[0m
[  30% ] [90m[1mreimport[22m | Preparing files to reimport...[39m[0m
[  30% ] [90m[1mreimport[22m | Preparing files to reimport...[39m[0m
[  30% ] [90m[1mreimport[22m | Preparing files to reimport...[39m[0m
[  31% ] [90m[1mreimport[22m | Preparing files to reimport...[39m[0m
[  31% ] [90m[1mreimport[22m | Preparing files to reimport...[39m[0m
[  31% ] [90m[1mreimport[22m | Preparing files to reimport...[39m[0m
[  31% ] [90m[1mreimport[22m | Preparing files to reimport...[39m[0m
[  31% ] [90m[1mreimport[22m | Preparing files to reimport...[39m[0m
[  31% ] [90m[1mreimport[22m | Preparing files to reimport...[39m[0m
[  31% ] [90m[1mreimport[22m | Preparing files to reimport...[39m[0m
[  31% ] [90m[1mreimport[22m | Preparing files to reimport...[39m[0m
[  31% ] [90m[1mreimport[22m | Preparing files to reimport...[39m[0m
[  31% ] [90m[1mreimport[22m | Preparing files to reimport...[39m[0m
[  31% ] [90m[1mreimport[22m | Preparing files to reimport...[39m[0m
[  32% ] [90m[1mreimport[22m | Preparing files to reimport...[39m[0m
[  32% ] [90m[1mreimport[22m | Preparing files to reimport...[39m[0m
[  32% ] [90m[1mreimport[22m | Preparing files to reimport...[39m[0m
[  32% ] [90m[1mreimport[22m | Preparing files to reimport...[39m[0m
[  32% ] [90m[1mreimport[22m | Preparing files to reimport...[39m[0m
[  32% ] [90m[1mreimport[22m | Preparing files to reimport...[39m[0m
[  32% ] [90m[1mreimport[22m | Preparing files to reimport...[39m[0m
[  32% ] [90m[1mreimport[22m | Preparing files to reimport...[39m[0m
[  32% ] [90m[1mreimport[22m | Preparing files to reimport...[39m[0m
[  32% ] [90m[1mreimport[22m | Preparing files to reimport...[39m[0m
[  32% ] [90m[1mreimport[22m | Preparing files to reimport...[39m[0m
[  33% ] [90m[1mreimport[22m | Preparing files to reimport...[39m[0m
[  33% ] [90m[1mreimport[22m | Preparing files to reimport...[39m[0m
[  33% ] [90m[1mreimport[22m | Preparing files to reimport...[39m[0m
[  33% ] [90m[1mreimport[22m | Preparing files to reimport...[39m[0m
[  33% ] [90m[1mreimport[22m | Preparing files to reimport...[39m[0m
[  33% ] [90m[1mreimport[22m | Preparing files to reimport...[39m[0m
[  33% ] [90m[1mreimport[22m | Preparing files to reimport...[39m[0m
[  33% ] [90m[1mreimport[22m | Preparing files to reimport...[39m[0m
[  33% ] [90m[1mreimport[22m | Preparing files to reimport...[39m[0m
[  33% ] [90m[1mreimport[22m | Preparing files to reimport...[39m[0m
[  33% ] [90m[1mreimport[22m | Preparing files to reimport...[39m[0m
[  34% ] [90m[1mreimport[22m | Preparing files to reimport...[39m[0m
[  34% ] [90m[1mreimport[22m | Preparing files to reimport...[39m[0m
[  34% ] [90m[1mreimport[22m | Preparing files to reimport...[39m[0m
[  34% ] [90m[1mreimport[22m | Preparing files to reimport...[39m[0m
[  34% ] [90m[1mreimport[22m | Preparing files to reimport...[39m[0m
[  34% ] [90m[1mreimport[22m | Preparing files to reimport...[39m[0m
[  34% ] [90m[1mreimport[22m | Preparing files to reimport...[39m[0m
[  34% ] [90m[1mreimport[22m | Preparing files to reimport...[39m[0m
[  34% ] [90m[1mreimport[22m | Preparing files to reimport...[39m[0m
[  34% ] [90m[1mreimport[22m | Preparing files to reimport...[39m[0m
[  34% ] [90m[1mreimport[22m | Preparing files to reimport...[39m[0m
[  35% ] [90m[1mreimport[22m | Preparing files to reimport...[39m[0m
[  35% ] [90m[1mreimport[22m | Preparing files to reimport...[39m[0m
[  35% ] [90m[1mreimport[22m | Preparing files to reimport...[39m[0m
[  35% ] [90m[1mreimport[22m | Preparing files to reimport...[39m[0m
[  35% ] [90m[1mreimport[22m | Preparing files to reimport...[39m[0m
[  35% ] [90m[1mreimport[22m | Preparing files to reimport...[39m[0m
[  35% ] [90m[1mreimport[22m | Preparing files to reimport...[39m[0m
[  35% ] [90m[1mreimport[22m | Preparing files to reimport...[39m[0m
[  35% ] [90m[1mreimport[22m | Preparing files to reimport...[39m[0m
[  35% ] [90m[1mreimport[22m | Preparing files to reimport...[39m[0m
[  35% ] [90m[1mreimport[22m | Preparing files to reimport...[39m[0m
[  36% ] [90m[1mreimport[22m | Preparing files to reimport...[39m[0m
[  36% ] [90m[1mreimport[22m | Preparing files to reimport...[39m[0m
[  36% ] [90m[1mreimport[22m | Preparing files to reimport...[39m[0m
[  36% ] [90m[1mreimport[22m | Preparing files to reimport...[39m[0m
[  36% ] [90m[1mreimport[22m | Preparing files to reimport...[39m[0m
[  36% ] [90m[1mreimport[22m | Preparing files to reimport...[39m[0m
[  36% ] [90m[1mreimport[22m | Preparing files to reimport...[39m[0m
[  36% ] [90m[1mreimport[22m | Preparing files to reimport...[39m[0m
[  36% ] [90m[1mreimport[22m | Preparing files to reimport...[39m[0m
[  36% ] [90m[1mreimport[22m | Preparing files to reimport...[39m[0m
[  36% ] [90m[1mreimport[22m | Preparing files to reimport...[39m[0m
[  37% ] [90m[1mreimport[22m | Preparing files to reimport...[39m[0m
[  37% ] [90m[1mreimport[22m | Preparing files to reimport...[39m[0m
[  37% ] [90m[1mreimport[22m | Preparing files to reimport...[39m[0m
[  37% ] [90m[1mreimport[22m | Preparing files to reimport...[39m[0m
[  37% ] [90m[1mreimport[22m | Preparing files to reimport...[39m[0m
[  37% ] [90m[1mreimport[22m | Preparing files to reimport...[39m[0m
[  37% ] [90m[1mreimport[22m | Preparing files to reimport...[39m[0m
[  37% ] [90m[1mreimport[22m | Preparing files to reimport...[39m[0m
[  37% ] [90m[1mreimport[22m | Preparing files to reimport...[39m[0m
[  37% ] [90m[1mreimport[22m | Preparing files to reimport...[39m[0m
[  37% ] [90m[1mreimport[22m | Preparing files to reimport...[39m[0m
[  38% ] [90m[1mreimport[22m | Preparing files to reimport...[39m[0m
[  38% ] [90m[1mreimport[22m | Preparing files to reimport...[39m[0m
[  38% ] [90m[1mreimport[22m | Preparing files to reimport...[39m[0m
[  38% ] [90m[1mreimport[22m | Preparing files to reimport...[39m[0m
[  38% ] [90m[1mreimport[22m | Preparing files to reimport...[39m[0m
[  38% ] [90m[1mreimport[22m | Preparing files to reimport...[39m[0m
[  38% ] [90m[1mreimport[22m | Preparing files to reimport...[39m[0m
[  38% ] [90m[1mreimport[22m | Preparing files to reimport...[39m[0m
[  38% ] [90m[1mreimport[22m | Preparing files to reimport...[39m[0m
[  38% ] [90m[1mreimport[22m | Preparing files to reimport...[39m[0m
[  38% ] [90m[1mreimport[22m | Preparing files to reimport...[39m[0m
[  39% ] [90m[1mreimport[22m | Preparing files to reimport...[39m[0m
[  39% ] [90m[1mreimport[22m | Preparing files to reimport...[39m[0m
[  39% ] [90m[1mreimport[22m | Preparing files to reimport...[39m[0m
[  39% ] [90m[1mreimport[22m | Preparing files to reimport...[39m[0m
[  39% ] [90m[1mreimport[22m | Preparing files to reimport...[39m[0m
[  39% ] [90m[1mreimport[22m | Preparing files to reimport...[39m[0m
[  39% ] [90m[1mreimport[22m | Preparing files to reimport...[39m[0m
[  39% ] [90m[1mreimport[22m | Preparing files to reimport...[39m[0m
[  39% ] [90m[1mreimport[22m | Preparing files to reimport...[39m[0m
[  39% ] [90m[1mreimport[22m | Preparing files to reimport...[39m[0m
[  39% ] [90m[1mreimport[22m | Preparing files to reimport...[39m[0m
[  40% ] [90m[1mreimport[22m | Preparing files to reimport...[39m[0m
[  40% ] [90m[1mreimport[22m | Preparing files to reimport...[39m[0m
[  40% ] [90m[1mreimport[22m | Preparing files to reimport...[39m[0m
[  40% ] [90m[1mreimport[22m | Preparing files to reimport...[39m[0m
[  40% ] [90m[1mreimport[22m | Preparing files to reimport...[39m[0m
[  40% ] [90m[1mreimport[22m | Preparing files to reimport...[39m[0m
[  40% ] [90m[1mreimport[22m | Preparing files to reimport...[39m[0m
[  40% ] [90m[1mreimport[22m | Preparing files to reimport...[39m[0m
[  40% ] [90m[1mreimport[22m | Preparing files to reimport...[39m[0m
[  40% ] [90m[1mreimport[22m | Preparing files to reimport...[39m[0m
[  40% ] [90m[1mreimport[22m | Preparing files to reimport...[39m[0m
[  41% ] [90m[1mreimport[22m | Preparing files to reimport...[39m[0m
[  41% ] [90m[1mreimport[22m | Preparing files to reimport...[39m[0m
[  41% ] [90m[1mreimport[22m | Preparing files to reimport...[39m[0m
[  41% ] [90m[1mreimport[22m | Preparing files to reimport...[39m[0m
[  41% ] [90m[1mreimport[22m | Preparing files to reimport...[39m[0m
[  41% ] [90m[1mreimport[22m | Preparing files to reimport...[39m[0m
[  41% ] [90m[1mreimport[22m | Preparing files to reimport...[39m[0m
[  41% ] [90m[1mreimport[22m | Preparing files to reimport...[39m[0m
[  41% ] [90m[1mreimport[22m | Preparing files to reimport...[39m[0m
[  41% ] [90m[1mreimport[22m | Preparing files to reimport...[39m[0m
[  41% ] [90m[1mreimport[22m | Preparing files to reimport...[39m[0m
[  42% ] [90m[1mreimport[22m | Preparing files to reimport...[39m[0m
[  42% ] [90m[1mreimport[22m | Preparing files to reimport...[39m[0m
[  42% ] [90m[1mreimport[22m | Preparing files to reimport...[39m[0m
[  42% ] [90m[1mreimport[22m | Preparing files to reimport...[39m[0m
[  42% ] [90m[1mreimport[22m | Preparing files to reimport...[39m[0m
[  42% ] [90m[1mreimport[22m | Preparing files to reimport...[39m[0m
[  42% ] [90m[1mreimport[22m | Preparing files to reimport...[39m[0m
[  42% ] [90m[1mreimport[22m | Preparing files to reimport...[39m[0m
[  42% ] [90m[1mreimport[22m | Preparing files to reimport...[39m[0m
[  42% ] [90m[1mreimport[22m | Preparing files to reimport...[39m[0m
[  42% ] [90m[1mreimport[22m | Preparing files to reimport...[39m[0m
[  43% ] [90m[1mreimport[22m | Preparing files to reimport...[39m[0m
[  43% ] [90m[1mreimport[22m | Preparing files to reimport...[39m[0m
[  43% ] [90m[1mreimport[22m | Preparing files to reimport...[39m[0m
[  43% ] [90m[1mreimport[22m | Preparing files to reimport...[39m[0m
[  43% ] [90m[1mreimport[22m | Preparing files to reimport...[39m[0m
[  43% ] [90m[1mreimport[22m | Preparing files to reimport...[39m[0m
[  43% ] [90m[1mreimport[22m | Preparing files to reimport...[39m[0m
[  43% ] [90m[1mreimport[22m | Preparing files to reimport...[39m[0m
[  43% ] [90m[1mreimport[22m | Preparing files to reimport...[39m[0m
[  43% ] [90m[1mreimport[22m | Preparing files to reimport...[39m[0m
[  43% ] [90m[1mreimport[22m | Preparing files to reimport...[39m[0m
[  44% ] [90m[1mreimport[22m | Preparing files to reimport...[39m[0m
[  44% ] [90m[1mreimport[22m | Preparing files to reimport...[39m[0m
[  44% ] [90m[1mreimport[22m | Preparing files to reimport...[39m[0m
[  44% ] [90m[1mreimport[22m | Preparing files to reimport...[39m[0m
[  44% ] [90m[1mreimport[22m | Preparing files to reimport...[39m[0m
[  44% ] [90m[1mreimport[22m | Preparing files to reimport...[39m[0m
[  44% ] [90m[1mreimport[22m | Preparing files to reimport...[39m[0m
[  44% ] [90m[1mreimport[22m | Preparing files to reimport...[39m[0m
[  44% ] [90m[1mreimport[22m | Preparing files to reimport...[39m[0m
[  44% ] [90m[1mreimport[22m | Preparing files to reimport...[39m[0m
[  44% ] [90m[1mreimport[22m | Preparing files to reimport...[39m[0m
[  45% ] [90m[1mreimport[22m | Preparing files to reimport...[39m[0m
[  45% ] [90m[1mreimport[22m | Preparing files to reimport...[39m[0m
[  45% ] [90m[1mreimport[22m | Preparing files to reimport...[39m[0m
[  45% ] [90m[1mreimport[22m | Preparing files to reimport...[39m[0m
[  45% ] [90m[1mreimport[22m | Preparing files to reimport...[39m[0m
[  45% ] [90m[1mreimport[22m | Preparing files to reimport...[39m[0m
[  45% ] [90m[1mreimport[22m | Preparing files to reimport...[39m[0m
[  45% ] [90m[1mreimport[22m | Preparing files to reimport...[39m[0m
[  45% ] [90m[1mreimport[22m | Preparing files to reimport...[39m[0m
[  45% ] [90m[1mreimport[22m | Preparing files to reimport...[39m[0m
[  45% ] [90m[1mreimport[22m | Preparing files to reimport...[39m[0m
[  46% ] [90m[1mreimport[22m | Preparing files to reimport...[39m[0m
[  46% ] [90m[1mreimport[22m | Preparing files to reimport...[39m[0m
[  46% ] [90m[1mreimport[22m | Preparing files to reimport...[39m[0m
[  46% ] [90m[1mreimport[22m | Preparing files to reimport...[39m[0m
[  46% ] [90m[1mreimport[22m | Preparing files to reimport...[39m[0m
[  46% ] [90m[1mreimport[22m | Preparing files to reimport...[39m[0m
[  46% ] [90m[1mreimport[22m | Preparing files to reimport...[39m[0m
[  46% ] [90m[1mreimport[22m | Preparing files to reimport...[39m[0m
[  46% ] [90m[1mreimport[22m | Preparing files to reimport...[39m[0m
[  46% ] [90m[1mreimport[22m | Preparing files to reimport...[39m[0m
[  46% ] [90m[1mreimport[22m | Preparing files to reimport...[39m[0m
[  47% ] [90m[1mreimport[22m | Preparing files to reimport...[39m[0m
[  47% ] [90m[1mreimport[22m | Preparing files to reimport...[39m[0m
[  47% ] [90m[1mreimport[22m | Preparing files to reimport...[39m[0m
[  47% ] [90m[1mreimport[22m | Preparing files to reimport...[39m[0m
[  47% ] [90m[1mreimport[22m | Preparing files to reimport...[39m[0m
[  47% ] [90m[1mreimport[22m | Preparing files to reimport...[39m[0m
[  47% ] [90m[1mreimport[22m | Preparing files to reimport...[39m[0m
[  47% ] [90m[1mreimport[22m | Preparing files to reimport...[39m[0m
[  47% ] [90m[1mreimport[22m | Preparing files to reimport...[39m[0m
[  47% ] [90m[1mreimport[22m | Preparing files to reimport...[39m[0m
[  47% ] [90m[1mreimport[22m | Preparing files to reimport...[39m[0m
[  48% ] [90m[1mreimport[22m | Preparing files to reimport...[39m[0m
[  48% ] [90m[1mreimport[22m | Preparing files to reimport...[39m[0m
[  48% ] [90m[1mreimport[22m | Preparing files to reimport...[39m[0m
[  48% ] [90m[1mreimport[22m | Preparing files to reimport...[39m[0m
[  48% ] [90m[1mreimport[22m | Preparing files to reimport...[39m[0m
[  48% ] [90m[1mreimport[22m | Preparing files to reimport...[39m[0m
[  48% ] [90m[1mreimport[22m | Preparing files to reimport...[39m[0m
[  48% ] [90m[1mreimport[22m | Preparing files to reimport...[39m[0m
[  48% ] [90m[1mreimport[22m | Preparing files to reimport...[39m[0m
[  48% ] [90m[1mreimport[22m | Preparing files to reimport...[39m[0m
[  48% ] [90m[1mreimport[22m | Preparing files to reimport...[39m[0m
[  49% ] [90m[1mreimport[22m | Preparing files to reimport...[39m[0m
[  49% ] [90m[1mreimport[22m | Preparing files to reimport...[39m[0m
[  49% ] [90m[1mreimport[22m | Preparing files to reimport...[39m[0m
[  49% ] [90m[1mreimport[22m | Preparing files to reimport...[39m[0m
[  49% ] [90m[1mreimport[22m | Preparing files to reimport...[39m[0m
[  49% ] [90m[1mreimport[22m | Preparing files to reimport...[39m[0m
[  49% ] [90m[1mreimport[22m | Preparing files to reimport...[39m[0m
[  49% ] [90m[1mreimport[22m | Preparing files to reimport...[39m[0m
[  49% ] [90m[1mreimport[22m | Preparing files to reimport...[39m[0m
[  49% ] [90m[1mreimport[22m | Preparing files to reimport...[39m[0m
[  50% ] [90m[1mreimport[22m | Preparing files to reimport...[39m[0m
[  50% ] [90m[1mreimport[22m | Preparing files to reimport...[39m[0m
[  50% ] [90m[1mreimport[22m | Preparing files to reimport...[39m[0m
[  50% ] [90m[1mreimport[22m | Preparing files to reimport...[39m[0m
[  50% ] [90m[1mreimport[22m | Preparing files to reimport...[39m[0m
[  50% ] [90m[1mreimport[22m | Preparing files to reimport...[39m[0m
[  50% ] [90m[1mreimport[22m | Preparing files to reimport...[39m[0m
[  50% ] [90m[1mreimport[22m | Preparing files to reimport...[39m[0m
[  50% ] [90m[1mreimport[22m | Preparing files to reimport...[39m[0m
[  50% ] [90m[1mreimport[22m | Preparing files to reimport...[39m[0m
[  50% ] [90m[1mreimport[22m | Preparing files to reimport...[39m[0m
[  51% ] [90m[1mreimport[22m | Preparing files to reimport...[39m[0m
[  51% ] [90m[1mreimport[22m | Preparing files to reimport...[39m[0m
[  51% ] [90m[1mreimport[22m | Preparing files to reimport...[39m[0m
[  51% ] [90m[1mreimport[22m | Preparing files to reimport...[39m[0m
[  51% ] [90m[1mreimport[22m | Preparing files to reimport...[39m[0m
[  51% ] [90m[1mreimport[22m | Preparing files to reimport...[39m[0m
[  51% ] [90m[1mreimport[22m | Preparing files to reimport...[39m[0m
[  51% ] [90m[1mreimport[22m | Preparing files to reimport...[39m[0m
[  51% ] [90m[1mreimport[22m | Preparing files to reimport...[39m[0m
[  51% ] [90m[1mreimport[22m | Preparing files to reimport...[39m[0m
[  51% ] [90m[1mreimport[22m | Preparing files to reimport...[39m[0m
[  52% ] [90m[1mreimport[22m | Preparing files to reimport...[39m[0m
[  52% ] [90m[1mreimport[22m | Preparing files to reimport...[39m[0m
[  52% ] [90m[1mreimport[22m | Preparing files to reimport...[39m[0m
[  52% ] [90m[1mreimport[22m | Preparing files to reimport...[39m[0m
[  52% ] [90m[1mreimport[22m | Preparing files to reimport...[39m[0m
[  52% ] [90m[1mreimport[22m | Preparing files to reimport...[39m[0m
[  52% ] [90m[1mreimport[22m | Preparing files to reimport...[39m[0m
[  52% ] [90m[1mreimport[22m | Preparing files to reimport...[39m[0m
[  52% ] [90m[1mreimport[22m | Preparing files to reimport...[39m[0m
[  52% ] [90m[1mreimport[22m | Preparing files to reimport...[39m[0m
[  52% ] [90m[1mreimport[22m | Preparing files to reimport...[39m[0m
[  53% ] [90m[1mreimport[22m | Preparing files to reimport...[39m[0m
[  53% ] [90m[1mreimport[22m | Preparing files to reimport...[39m[0m
[  53% ] [90m[1mreimport[22m | Preparing files to reimport...[39m[0m
[  53% ] [90m[1mreimport[22m | Preparing files to reimport...[39m[0m
[  53% ] [90m[1mreimport[22m | Preparing files to reimport...[39m[0m
[  53% ] [90m[1mreimport[22m | Preparing files to reimport...[39m[0m
[  53% ] [90m[1mreimport[22m | Preparing files to reimport...[39m[0m
[  53% ] [90m[1mreimport[22m | Preparing files to reimport...[39m[0m
[  53% ] [90m[1mreimport[22m | Preparing files to reimport...[39m[0m
[  53% ] [90m[1mreimport[22m | Preparing files to reimport...[39m[0m
[  53% ] [90m[1mreimport[22m | Preparing files to reimport...[39m[0m
[  54% ] [90m[1mreimport[22m | Preparing files to reimport...[39m[0m
[  54% ] [90m[1mreimport[22m | Preparing files to reimport...[39m[0m
[  54% ] [90m[1mreimport[22m | Preparing files to reimport...[39m[0m
[  54% ] [90m[1mreimport[22m | Preparing files to reimport...[39m[0m
[  54% ] [90m[1mreimport[22m | Preparing files to reimport...[39m[0m
[  54% ] [90m[1mreimport[22m | Preparing files to reimport...[39m[0m
[  54% ] [90m[1mreimport[22m | Preparing files to reimport...[39m[0m
[  54% ] [90m[1mreimport[22m | Preparing files to reimport...[39m[0m
[  54% ] [90m[1mreimport[22m | Preparing files to reimport...[39m[0m
[  54% ] [90m[1mreimport[22m | Preparing files to reimport...[39m[0m
[  54% ] [90m[1mreimport[22m | Preparing files to reimport...[39m[0m
[  55% ] [90m[1mreimport[22m | Preparing files to reimport...[39m[0m
[  55% ] [90m[1mreimport[22m | Preparing files to reimport...[39m[0m
[  55% ] [90m[1mreimport[22m | Preparing files to reimport...[39m[0m
[  55% ] [90m[1mreimport[22m | Preparing files to reimport...[39m[0m
[  55% ] [90m[1mreimport[22m | Preparing files to reimport...[39m[0m
[  55% ] [90m[1mreimport[22m | Preparing files to reimport...[39m[0m
[  55% ] [90m[1mreimport[22m | Preparing files to reimport...[39m[0m
[  55% ] [90m[1mreimport[22m | Preparing files to reimport...[39m[0m
[  55% ] [90m[1mreimport[22m | Preparing files to reimport...[39m[0m
[  55% ] [90m[1mreimport[22m | Preparing files to reimport...[39m[0m
[  55% ] [90m[1mreimport[22m | Preparing files to reimport...[39m[0m
[  56% ] [90m[1mreimport[22m | Preparing files to reimport...[39m[0m
[  56% ] [90m[1mreimport[22m | Preparing files to reimport...[39m[0m
[  56% ] [90m[1mreimport[22m | Preparing files to reimport...[39m[0m
[  56% ] [90m[1mreimport[22m | Preparing files to reimport...[39m[0m
[  56% ] [90m[1mreimport[22m | Preparing files to reimport...[39m[0m
[  56% ] [90m[1mreimport[22m | Preparing files to reimport...[39m[0m
[  56% ] [90m[1mreimport[22m | Preparing files to reimport...[39m[0m
[  56% ] [90m[1mreimport[22m | Preparing files to reimport...[39m[0m
[  56% ] [90m[1mreimport[22m | Preparing files to reimport...[39m[0m
[  56% ] [90m[1mreimport[22m | Preparing files to reimport...[39m[0m
[  56% ] [90m[1mreimport[22m | Preparing files to reimport...[39m[0m
[  57% ] [90m[1mreimport[22m | Preparing files to reimport...[39m[0m
[  57% ] [90m[1mreimport[22m | Preparing files to reimport...[39m[0m
[  57% ] [90m[1mreimport[22m | Preparing files to reimport...[39m[0m
[  57% ] [90m[1mreimport[22m | Preparing files to reimport...[39m[0m
[  57% ] [90m[1mreimport[22m | Preparing files to reimport...[39m[0m
[  57% ] [90m[1mreimport[22m | Preparing files to reimport...[39m[0m
[  57% ] [90m[1mreimport[22m | Preparing files to reimport...[39m[0m
[  57% ] [90m[1mreimport[22m | Preparing files to reimport...[39m[0m
[  57% ] [90m[1mreimport[22m | Preparing files to reimport...[39m[0m
[  57% ] [90m[1mreimport[22m | Preparing files to reimport...[39m[0m
[  57% ] [90m[1mreimport[22m | Preparing files to reimport...[39m[0m
[  58% ] [90m[1mreimport[22m | Preparing files to reimport...[39m[0m
[  58% ] [90m[1mreimport[22m | Preparing files to reimport...[39m[0m
[  58% ] [90m[1mreimport[22m | Preparing files to reimport...[39m[0m
[  58% ] [90m[1mreimport[22m | Preparing files to reimport...[39m[0m
[  58% ] [90m[1mreimport[22m | Preparing files to reimport...[39m[0m
[  58% ] [90m[1mreimport[22m | Preparing files to reimport...[39m[0m
[  58% ] [90m[1mreimport[22m | Preparing files to reimport...[39m[0m
[  58% ] [90m[1mreimport[22m | Preparing files to reimport...[39m[0m
[  58% ] [90m[1mreimport[22m | Preparing files to reimport...[39m[0m
[  58% ] [90m[1mreimport[22m | Preparing files to reimport...[39m[0m
[  58% ] [90m[1mreimport[22m | Preparing files to reimport...[39m[0m
[  59% ] [90m[1mreimport[22m | Preparing files to reimport...[39m[0m
[  59% ] [90m[1mreimport[22m | Preparing files to reimport...[39m[0m
[  59% ] [90m[1mreimport[22m | Preparing files to reimport...[39m[0m
[  59% ] [90m[1mreimport[22m | Preparing files to reimport...[39m[0m
[  59% ] [90m[1mreimport[22m | Preparing files to reimport...[39m[0m
[  59% ] [90m[1mreimport[22m | Preparing files to reimport...[39m[0m
[  59% ] [90m[1mreimport[22m | Preparing files to reimport...[39m[0m
[  59% ] [90m[1mreimport[22m | Preparing files to reimport...[39m[0m
[  59% ] [90m[1mreimport[22m | Preparing files to reimport...[39m[0m
[  59% ] [90m[1mreimport[22m | Preparing files to reimport...[39m[0m
[  59% ] [90m[1mreimport[22m | Preparing files to reimport...[39m[0m
[  60% ] [90m[1mreimport[22m | Preparing files to reimport...[39m[0m
[  60% ] [90m[1mreimport[22m | Preparing files to reimport...[39m[0m
[  60% ] [90m[1mreimport[22m | Preparing files to reimport...[39m[0m
[  60% ] [90m[1mreimport[22m | Preparing files to reimport...[39m[0m
[  60% ] [90m[1mreimport[22m | Preparing files to reimport...[39m[0m
[  60% ] [90m[1mreimport[22m | Preparing files to reimport...[39m[0m
[  60% ] [90m[1mreimport[22m | Preparing files to reimport...[39m[0m
[  60% ] [90m[1mreimport[22m | Preparing files to reimport...[39m[0m
[  60% ] [90m[1mreimport[22m | Preparing files to reimport...[39m[0m
[  60% ] [90m[1mreimport[22m | Preparing files to reimport...[39m[0m
[  60% ] [90m[1mreimport[22m | Preparing files to reimport...[39m[0m
[  61% ] [90m[1mreimport[22m | Preparing files to reimport...[39m[0m
[  61% ] [90m[1mreimport[22m | Preparing files to reimport...[39m[0m
[  61% ] [90m[1mreimport[22m | Preparing files to reimport...[39m[0m
[  61% ] [90m[1mreimport[22m | Preparing files to reimport...[39m[0m
[  61% ] [90m[1mreimport[22m | Preparing files to reimport...[39m[0m
[  61% ] [90m[1mreimport[22m | Preparing files to reimport...[39m[0m
[  61% ] [90m[1mreimport[22m | Preparing files to reimport...[39m[0m
[  61% ] [90m[1mreimport[22m | Preparing files to reimport...[39m[0m
[  61% ] [90m[1mreimport[22m | Preparing files to reimport...[39m[0m
[  61% ] [90m[1mreimport[22m | Preparing files to reimport...[39m[0m
[  61% ] [90m[1mreimport[22m | Preparing files to reimport...[39m[0m
[  62% ] [90m[1mreimport[22m | Preparing files to reimport...[39m[0m
[  62% ] [90m[1mreimport[22m | Preparing files to reimport...[39m[0m
[  62% ] [90m[1mreimport[22m | Preparing files to reimport...[39m[0m
[  62% ] [90m[1mreimport[22m | Preparing files to reimport...[39m[0m
[  62% ] [90m[1mreimport[22m | Preparing files to reimport...[39m[0m
[  62% ] [90m[1mreimport[22m | Preparing files to reimport...[39m[0m
[  62% ] [90m[1mreimport[22m | Preparing files to reimport...[39m[0m
[  62% ] [90m[1mreimport[22m | Preparing files to reimport...[39m[0m
[  62% ] [90m[1mreimport[22m | Preparing files to reimport...[39m[0m
[  62% ] [90m[1mreimport[22m | Preparing files to reimport...[39m[0m
[  62% ] [90m[1mreimport[22m | Preparing files to reimport...[39m[0m
[  63% ] [90m[1mreimport[22m | Preparing files to reimport...[39m[0m
[  63% ] [90m[1mreimport[22m | Preparing files to reimport...[39m[0m
[  63% ] [90m[1mreimport[22m | Preparing files to reimport...[39m[0m
[  63% ] [90m[1mreimport[22m | Preparing files to reimport...[39m[0m
[  63% ] [90m[1mreimport[22m | Preparing files to reimport...[39m[0m
[  63% ] [90m[1mreimport[22m | Preparing files to reimport...[39m[0m
[  63% ] [90m[1mreimport[22m | Preparing files to reimport...[39m[0m
[  63% ] [90m[1mreimport[22m | Preparing files to reimport...[39m[0m
[  63% ] [90m[1mreimport[22m | Preparing files to reimport...[39m[0m
[  63% ] [90m[1mreimport[22m | Preparing files to reimport...[39m[0m
[  63% ] [90m[1mreimport[22m | Preparing files to reimport...[39m[0m
[  64% ] [90m[1mreimport[22m | Preparing files to reimport...[39m[0m
[  64% ] [90m[1mreimport[22m | Preparing files to reimport...[39m[0m
[  64% ] [90m[1mreimport[22m | Preparing files to reimport...[39m[0m
[  64% ] [90m[1mreimport[22m | Preparing files to reimport...[39m[0m
[  64% ] [90m[1mreimport[22m | Preparing files to reimport...[39m[0m
[  64% ] [90m[1mreimport[22m | Preparing files to reimport...[39m[0m
[  64% ] [90m[1mreimport[22m | Preparing files to reimport...[39m[0m
[  64% ] [90m[1mreimport[22m | Preparing files to reimport...[39m[0m
[  64% ] [90m[1mreimport[22m | Preparing files to reimport...[39m[0m
[  64% ] [90m[1mreimport[22m | Preparing files to reimport...[39m[0m
[  64% ] [90m[1mreimport[22m | Preparing files to reimport...[39m[0m
[  65% ] [90m[1mreimport[22m | Preparing files to reimport...[39m[0m
[  65% ] [90m[1mreimport[22m | Preparing files to reimport...[39m[0m
[  65% ] [90m[1mreimport[22m | Preparing files to reimport...[39m[0m
[  65% ] [90m[1mreimport[22m | Preparing files to reimport...[39m[0m
[  65% ] [90m[1mreimport[22m | Preparing files to reimport...[39m[0m
[  65% ] [90m[1mreimport[22m | Preparing files to reimport...[39m[0m
[  65% ] [90m[1mreimport[22m | Preparing files to reimport...[39m[0m
[  65% ] [90m[1mreimport[22m | Preparing files to reimport...[39m[0m
[  65% ] [90m[1mreimport[22m | Preparing files to reimport...[39m[0m
[  65% ] [90m[1mreimport[22m | Preparing files to reimport...[39m[0m
[  65% ] [90m[1mreimport[22m | Preparing files to reimport...[39m[0m
[  66% ] [90m[1mreimport[22m | Preparing files to reimport...[39m[0m
[  66% ] [90m[1mreimport[22m | Preparing files to reimport...[39m[0m
[  66% ] [90m[1mreimport[22m | Preparing files to reimport...[39m[0m
[  66% ] [90m[1mreimport[22m | Preparing files to reimport...[39m[0m
[  66% ] [90m[1mreimport[22m | Preparing files to reimport...[39m[0m
[  66% ] [90m[1mreimport[22m | Preparing files to reimport...[39m[0m
[  66% ] [90m[1mreimport[22m | Preparing files to reimport...[39m[0m
[  66% ] [90m[1mreimport[22m | Preparing files to reimport...[39m[0m
[  66% ] [90m[1mreimport[22m | Preparing files to reimport...[39m[0m
[  66% ] [90m[1mreimport[22m | Preparing files to reimport...[39m[0m
[  66% ] [90m[1mreimport[22m | Preparing files to reimport...[39m[0m
[  67% ] [90m[1mreimport[22m | Preparing files to reimport...[39m[0m
[  67% ] [90m[1mreimport[22m | Preparing files to reimport...[39m[0m
[  67% ] [90m[1mreimport[22m | Preparing files to reimport...[39m[0m
[  67% ] [90m[1mreimport[22m | Preparing files to reimport...[39m[0m
[  67% ] [90m[1mreimport[22m | Preparing files to reimport...[39m[0m
[  67% ] [90m[1mreimport[22m | Preparing files to reimport...[39m[0m
[  67% ] [90m[1mreimport[22m | Preparing files to reimport...[39m[0m
[  67% ] [90m[1mreimport[22m | Preparing files to reimport...[39m[0m
[  67% ] [90m[1mreimport[22m | Preparing files to reimport...[39m[0m
[  67% ] [90m[1mreimport[22m | Preparing files to reimport...[39m[0m
[  67% ] [90m[1mreimport[22m | Preparing files to reimport...[39m[0m
[  68% ] [90m[1mreimport[22m | Preparing files to reimport...[39m[0m
[  68% ] [90m[1mreimport[22m | Preparing files to reimport...[39m[0m
[  68% ] [90m[1mreimport[22m | Preparing files to reimport...[39m[0m
[  68% ] [90m[1mreimport[22m | Preparing files to reimport...[39m[0m
[  68% ] [90m[1mreimport[22m | Preparing files to reimport...[39m[0m
[  68% ] [90m[1mreimport[22m | Preparing files to reimport...[39m[0m
[  68% ] [90m[1mreimport[22m | Preparing files to reimport...[39m[0m
[  68% ] [90m[1mreimport[22m | Preparing files to reimport...[39m[0m
[  68% ] [90m[1mreimport[22m | Preparing files to reimport...[39m[0m
[  68% ] [90m[1mreimport[22m | Preparing files to reimport...[39m[0m
[  68% ] [90m[1mreimport[22m | Preparing files to reimport...[39m[0m
[  69% ] [90m[1mreimport[22m | Preparing files to reimport...[39m[0m
[  69% ] [90m[1mreimport[22m | Preparing files to reimport...[39m[0m
[  69% ] [90m[1mreimport[22m | Preparing files to reimport...[39m[0m
[  69% ] [90m[1mreimport[22m | Preparing files to reimport...[39m[0m
[  69% ] [90m[1mreimport[22m | Preparing files to reimport...[39m[0m
[  69% ] [90m[1mreimport[22m | Preparing files to reimport...[39m[0m
[  69% ] [90m[1mreimport[22m | Preparing files to reimport...[39m[0m
[  69% ] [90m[1mreimport[22m | Preparing files to reimport...[39m[0m
[  69% ] [90m[1mreimport[22m | Preparing files to reimport...[39m[0m
[  69% ] [90m[1mreimport[22m | Preparing files to reimport...[39m[0m
[  69% ] [90m[1mreimport[22m | Preparing files to reimport...[39m[0m
[  70% ] [90m[1mreimport[22m | Preparing files to reimport...[39m[0m
[  70% ] [90m[1mreimport[22m | Preparing files to reimport...[39m[0m
[  70% ] [90m[1mreimport[22m | Preparing files to reimport...[39m[0m
[  70% ] [90m[1mreimport[22m | Preparing files to reimport...[39m[0m
[  70% ] [90m[1mreimport[22m | Preparing files to reimport...[39m[0m
[  70% ] [90m[1mreimport[22m | Preparing files to reimport...[39m[0m
[  70% ] [90m[1mreimport[22m | Preparing files to reimport...[39m[0m
[  70% ] [90m[1mreimport[22m | Preparing files to reimport...[39m[0m
[  70% ] [90m[1mreimport[22m | Preparing files to reimport...[39m[0m
[  70% ] [90m[1mreimport[22m | Preparing files to reimport...[39m[0m
[  70% ] [90m[1mreimport[22m | Preparing files to reimport...[39m[0m
[  71% ] [90m[1mreimport[22m | Preparing files to reimport...[39m[0m
[  71% ] [90m[1mreimport[22m | Preparing files to reimport...[39m[0m
[  71% ] [90m[1mreimport[22m | Preparing files to reimport...[39m[0m
[  71% ] [90m[1mreimport[22m | Preparing files to reimport...[39m[0m
[  71% ] [90m[1mreimport[22m | Preparing files to reimport...[39m[0m
[  71% ] [90m[1mreimport[22m | Preparing files to reimport...[39m[0m
[  71% ] [90m[1mreimport[22m | Preparing files to reimport...[39m[0m
[  71% ] [90m[1mreimport[22m | Preparing files to reimport...[39m[0m
[  71% ] [90m[1mreimport[22m | Preparing files to reimport...[39m[0m
[  71% ] [90m[1mreimport[22m | Preparing files to reimport...[39m[0m
[  71% ] [90m[1mreimport[22m | Preparing files to reimport...[39m[0m
[  72% ] [90m[1mreimport[22m | Preparing files to reimport...[39m[0m
[  72% ] [90m[1mreimport[22m | Preparing files to reimport...[39m[0m
[  72% ] [90m[1mreimport[22m | Preparing files to reimport...[39m[0m
[  72% ] [90m[1mreimport[22m | Preparing files to reimport...[39m[0m
[  72% ] [90m[1mreimport[22m | Preparing files to reimport...[39m[0m
[  72% ] [90m[1mreimport[22m | Preparing files to reimport...[39m[0m
[  72% ] [90m[1mreimport[22m | Preparing files to reimport...[39m[0m
[  72% ] [90m[1mreimport[22m | Preparing files to reimport...[39m[0m
[  72% ] [90m[1mreimport[22m | Preparing files to reimport...[39m[0m
[  72% ] [90m[1mreimport[22m | Preparing files to reimport...[39m[0m
[  72% ] [90m[1mreimport[22m | Preparing files to reimport...[39m[0m
[  73% ] [90m[1mreimport[22m | Preparing files to reimport...[39m[0m
[  73% ] [90m[1mreimport[22m | Preparing files to reimport...[39m[0m
[  73% ] [90m[1mreimport[22m | Preparing files to reimport...[39m[0m
[  73% ] [90m[1mreimport[22m | Preparing files to reimport...[39m[0m
[  73% ] [90m[1mreimport[22m | Preparing files to reimport...[39m[0m
[  73% ] [90m[1mreimport[22m | Preparing files to reimport...[39m[0m
[  73% ] [90m[1mreimport[22m | Preparing files to reimport...[39m[0m
[  73% ] [90m[1mreimport[22m | Preparing files to reimport...[39m[0m
[  73% ] [90m[1mreimport[22m | Preparing files to reimport...[39m[0m
[  73% ] [90m[1mreimport[22m | Preparing files to reimport...[39m[0m
[  73% ] [90m[1mreimport[22m | Preparing files to reimport...[39m[0m
[  74% ] [90m[1mreimport[22m | Preparing files to reimport...[39m[0m
[  74% ] [90m[1mreimport[22m | Preparing files to reimport...[39m[0m
[  74% ] [90m[1mreimport[22m | Preparing files to reimport...[39m[0m
[  74% ] [90m[1mreimport[22m | Preparing files to reimport...[39m[0m
[  74% ] [90m[1mreimport[22m | Preparing files to reimport...[39m[0m
[  74% ] [90m[1mreimport[22m | Preparing files to reimport...[39m[0m
[  74% ] [90m[1mreimport[22m | Preparing files to reimport...[39m[0m
[  74% ] [90m[1mreimport[22m | Preparing files to reimport...[39m[0m
[  74% ] [90m[1mreimport[22m | Preparing files to reimport...[39m[0m
[  74% ] [90m[1mreimport[22m | Preparing files to reimport...[39m[0m
[  74% ] [90m[1mreimport[22m | Preparing files to reimport...[39m[0m
[  75% ] [90m[1mreimport[22m | Preparing files to reimport...[39m[0m
[  75% ] [90m[1mreimport[22m | Preparing files to reimport...[39m[0m
[  75% ] [90m[1mreimport[22m | Preparing files to reimport...[39m[0m
[  75% ] [90m[1mreimport[22m | Preparing files to reimport...[39m[0m
[  75% ] [90m[1mreimport[22m | Preparing files to reimport...[39m[0m
[  75% ] [90m[1mreimport[22m | Preparing files to reimport...[39m[0m
[  75% ] [90m[1mreimport[22m | Preparing files to reimport...[39m[0m
[  75% ] [90m[1mreimport[22m | Preparing files to reimport...[39m[0m
[  75% ] [90m[1mreimport[22m | Preparing files to reimport...[39m[0m
[  75% ] [90m[1mreimport[22m | Preparing files to reimport...[39m[0m
[  75% ] [90m[1mreimport[22m | Preparing files to reimport...[39m[0m
[  76% ] [90m[1mreimport[22m | Preparing files to reimport...[39m[0m
[  76% ] [90m[1mreimport[22m | Preparing files to reimport...[39m[0m
[  76% ] [90m[1mreimport[22m | Preparing files to reimport...[39m[0m
[  76% ] [90m[1mreimport[22m | Preparing files to reimport...[39m[0m
[  76% ] [90m[1mreimport[22m | Preparing files to reimport...[39m[0m
[  76% ] [90m[1mreimport[22m | Preparing files to reimport...[39m[0m
[  76% ] [90m[1mreimport[22m | Preparing files to reimport...[39m[0m
[  76% ] [90m[1mreimport[22m | Preparing files to reimport...[39m[0m
[  76% ] [90m[1mreimport[22m | Preparing files to reimport...[39m[0m
[  76% ] [90m[1mreimport[22m | Preparing files to reimport...[39m[0m
[  76% ] [90m[1mreimport[22m | Preparing files to reimport...[39m[0m
[  77% ] [90m[1mreimport[22m | Preparing files to reimport...[39m[0m
[  77% ] [90m[1mreimport[22m | Preparing files to reimport...[39m[0m
[  77% ] [90m[1mreimport[22m | Preparing files to reimport...[39m[0m
[  77% ] [90m[1mreimport[22m | Preparing files to reimport...[39m[0m
[  77% ] [90m[1mreimport[22m | Preparing files to reimport...[39m[0m
[  77% ] [90m[1mreimport[22m | Preparing files to reimport...[39m[0m
[  77% ] [90m[1mreimport[22m | Preparing files to reimport...[39m[0m
[  77% ] [90m[1mreimport[22m | Preparing files to reimport...[39m[0m
[  77% ] [90m[1mreimport[22m | Preparing files to reimport...[39m[0m
[  77% ] [90m[1mreimport[22m | Preparing files to reimport...[39m[0m
[  77% ] [90m[1mreimport[22m | Preparing files to reimport...[39m[0m
[  78% ] [90m[1mreimport[22m | Preparing files to reimport...[39m[0m
[  78% ] [90m[1mreimport[22m | Preparing files to reimport...[39m[0m
[  78% ] [90m[1mreimport[22m | Preparing files to reimport...[39m[0m
[  78% ] [90m[1mreimport[22m | Preparing files to reimport...[39m[0m
[  78% ] [90m[1mreimport[22m | Preparing files to reimport...[39m[0m
[  78% ] [90m[1mreimport[22m | Preparing files to reimport...[39m[0m
[  78% ] [90m[1mreimport[22m | Preparing files to reimport...[39m[0m
[  78% ] [90m[1mreimport[22m | Preparing files to reimport...[39m[0m
[  78% ] [90m[1mreimport[22m | Preparing files to reimport...[39m[0m
[  78% ] [90m[1mreimport[22m | Preparing files to reimport...[39m[0m
[  78% ] [90m[1mreimport[22m | Preparing files to reimport...[39m[0m
[  79% ] [90m[1mreimport[22m | Preparing files to reimport...[39m[0m
[  79% ] [90m[1mreimport[22m | Preparing files to reimport...[39m[0m
[  79% ] [90m[1mreimport[22m | Preparing files to reimport...[39m[0m
[  79% ] [90m[1mreimport[22m | Preparing files to reimport...[39m[0m
[  79% ] [90m[1mreimport[22m | Preparing files to reimport...[39m[0m
[  79% ] [90m[1mreimport[22m | Preparing files to reimport...[39m[0m
[  79% ] [90m[1mreimport[22m | Preparing files to reimport...[39m[0m
[  79% ] [90m[1mreimport[22m | Preparing files to reimport...[39m[0m
[  79% ] [90m[1mreimport[22m | Preparing files to reimport...[39m[0m
[  79% ] [90m[1mreimport[22m | Preparing files to reimport...[39m[0m
[  79% ] [90m[1mreimport[22m | Preparing files to reimport...[39m[0m
[  80% ] [90m[1mreimport[22m | Preparing files to reimport...[39m[0m
[  80% ] [90m[1mreimport[22m | Preparing files to reimport...[39m[0m
[  80% ] [90m[1mreimport[22m | Preparing files to reimport...[39m[0m
[  80% ] [90m[1mreimport[22m | Preparing files to reimport...[39m[0m
[  80% ] [90m[1mreimport[22m | Preparing files to reimport...[39m[0m
[  80% ] [90m[1mreimport[22m | Preparing files to reimport...[39m[0m
[  80% ] [90m[1mreimport[22m | Preparing files to reimport...[39m[0m
[  80% ] [90m[1mreimport[22m | Preparing files to reimport...[39m[0m
[  80% ] [90m[1mreimport[22m | Preparing files to reimport...[39m[0m
[  80% ] [90m[1mreimport[22m | Preparing files to reimport...[39m[0m
[  80% ] [90m[1mreimport[22m | Preparing files to reimport...[39m[0m
[  81% ] [90m[1mreimport[22m | Preparing files to reimport...[39m[0m
[  81% ] [90m[1mreimport[22m | Preparing files to reimport...[39m[0m
[  81% ] [90m[1mreimport[22m | Preparing files to reimport...[39m[0m
[  81% ] [90m[1mreimport[22m | Preparing files to reimport...[39m[0m
[  81% ] [90m[1mreimport[22m | Preparing files to reimport...[39m[0m
[  81% ] [90m[1mreimport[22m | Preparing files to reimport...[39m[0m
[  81% ] [90m[1mreimport[22m | Preparing files to reimport...[39m[0m
[  81% ] [90m[1mreimport[22m | Preparing files to reimport...[39m[0m
[  81% ] [90m[1mreimport[22m | Preparing files to reimport...[39m[0m
[  81% ] [90m[1mreimport[22m | Preparing files to reimport...[39m[0m
[  81% ] [90m[1mreimport[22m | Preparing files to reimport...[39m[0m
[  82% ] [90m[1mreimport[22m | Preparing files to reimport...[39m[0m
[  82% ] [90m[1mreimport[22m | Preparing files to reimport...[39m[0m
[  82% ] [90m[1mreimport[22m | Preparing files to reimport...[39m[0m
[  82% ] [90m[1mreimport[22m | Preparing files to reimport...[39m[0m
[  82% ] [90m[1mreimport[22m | Preparing files to reimport...[39m[0m
[  82% ] [90m[1mreimport[22m | Preparing files to reimport...[39m[0m
[  82% ] [90m[1mreimport[22m | Preparing files to reimport...[39m[0m
[  82% ] [90m[1mreimport[22m | Preparing files to reimport...[39m[0m
[  82% ] [90m[1mreimport[22m | Preparing files to reimport...[39m[0m
[  82% ] [90m[1mreimport[22m | Preparing files to reimport...[39m[0m
[  82% ] [90m[1mreimport[22m | Preparing files to reimport...[39m[0m
[  83% ] [90m[1mreimport[22m | Preparing files to reimport...[39m[0m
[  83% ] [90m[1mreimport[22m | Preparing files to reimport...[39m[0m
[  83% ] [90m[1mreimport[22m | Preparing files to reimport...[39m[0m
[  83% ] [90m[1mreimport[22m | Preparing files to reimport...[39m[0m
[  83% ] [90m[1mreimport[22m | Preparing files to reimport...[39m[0m
[  83% ] [90m[1mreimport[22m | Preparing files to reimport...[39m[0m
[  83% ] [90m[1mreimport[22m | Preparing files to reimport...[39m[0m
[  83% ] [90m[1mreimport[22m | Preparing files to reimport...[39m[0m
[  83% ] [90m[1mreimport[22m | Preparing files to reimport...[39m[0m
[  83% ] [90m[1mreimport[22m | Preparing files to reimport...[39m[0m
[  83% ] [90m[1mreimport[22m | Preparing files to reimport...[39m[0m
[  84% ] [90m[1mreimport[22m | Preparing files to reimport...[39m[0m
[  84% ] [90m[1mreimport[22m | Preparing files to reimport...[39m[0m
[  84% ] [90m[1mreimport[22m | Preparing files to reimport...[39m[0m
[  84% ] [90m[1mreimport[22m | Preparing files to reimport...[39m[0m
[  84% ] [90m[1mreimport[22m | Preparing files to reimport...[39m[0m
[  84% ] [90m[1mreimport[22m | Preparing files to reimport...[39m[0m
[  84% ] [90m[1mreimport[22m | Preparing files to reimport...[39m[0m
[  84% ] [90m[1mreimport[22m | Preparing files to reimport...[39m[0m
[  84% ] [90m[1mreimport[22m | Preparing files to reimport...[39m[0m
[  84% ] [90m[1mreimport[22m | Preparing files to reimport...[39m[0m
[  84% ] [90m[1mreimport[22m | Preparing files to reimport...[39m[0m
[  85% ] [90m[1mreimport[22m | Preparing files to reimport...[39m[0m
[  85% ] [90m[1mreimport[22m | Preparing files to reimport...[39m[0m
[  85% ] [90m[1mreimport[22m | Preparing files to reimport...[39m[0m
[  85% ] [90m[1mreimport[22m | Preparing files to reimport...[39m[0m
[  85% ] [90m[1mreimport[22m | Preparing files to reimport...[39m[0m
[  85% ] [90m[1mreimport[22m | Preparing files to reimport...[39m[0m
[  85% ] [90m[1mreimport[22m | Preparing files to reimport...[39m[0m
[  85% ] [90m[1mreimport[22m | Preparing files to reimport...[39m[0m
[  85% ] [90m[1mreimport[22m | Preparing files to reimport...[39m[0m
[  85% ] [90m[1mreimport[22m | Preparing files to reimport...[39m[0m
[  85% ] [90m[1mreimport[22m | Preparing files to reimport...[39m[0m
[  86% ] [90m[1mreimport[22m | Preparing files to reimport...[39m[0m
[  86% ] [90m[1mreimport[22m | Preparing files to reimport...[39m[0m
[  86% ] [90m[1mreimport[22m | Preparing files to reimport...[39m[0m
[  86% ] [90m[1mreimport[22m | Preparing files to reimport...[39m[0m
[  86% ] [90m[1mreimport[22m | Preparing files to reimport...[39m[0m
[  86% ] [90m[1mreimport[22m | Preparing files to reimport...[39m[0m
[  86% ] [90m[1mreimport[22m | Preparing files to reimport...[39m[0m
[  86% ] [90m[1mreimport[22m | Preparing files to reimport...[39m[0m
[  86% ] [90m[1mreimport[22m | Preparing files to reimport...[39m[0m
[  86% ] [90m[1mreimport[22m | Preparing files to reimport...[39m[0m
[  86% ] [90m[1mreimport[22m | Preparing files to reimport...[39m[0m
[  87% ] [90m[1mreimport[22m | Preparing files to reimport...[39m[0m
[  87% ] [90m[1mreimport[22m | Preparing files to reimport...[39m[0m
[  87% ] [90m[1mreimport[22m | Preparing files to reimport...[39m[0m
[  87% ] [90m[1mreimport[22m | Preparing files to reimport...[39m[0m
[  87% ] [90m[1mreimport[22m | Preparing files to reimport...[39m[0m
[  87% ] [90m[1mreimport[22m | Preparing files to reimport...[39m[0m
[  87% ] [90m[1mreimport[22m | Preparing files to reimport...[39m[0m
[  87% ] [90m[1mreimport[22m | Preparing files to reimport...[39m[0m
[  87% ] [90m[1mreimport[22m | Preparing files to reimport...[39m[0m
[  87% ] [90m[1mreimport[22m | Preparing files to reimport...[39m[0m
[  87% ] [90m[1mreimport[22m | Preparing files to reimport...[39m[0m
[  88% ] [90m[1mreimport[22m | Preparing files to reimport...[39m[0m
[  88% ] [90m[1mreimport[22m | Preparing files to reimport...[39m[0m
[  88% ] [90m[1mreimport[22m | Preparing files to reimport...[39m[0m
[  88% ] [90m[1mreimport[22m | Preparing files to reimport...[39m[0m
[  88% ] [90m[1mreimport[22m | Preparing files to reimport...[39m[0m
[  88% ] [90m[1mreimport[22m | Preparing files to reimport...[39m[0m
[  88% ] [90m[1mreimport[22m | Preparing files to reimport...[39m[0m
[  88% ] [90m[1mreimport[22m | Preparing files to reimport...[39m[0m
[  88% ] [90m[1mreimport[22m | Preparing files to reimport...[39m[0m
[  88% ] [90m[1mreimport[22m | Preparing files to reimport...[39m[0m
[  88% ] [90m[1mreimport[22m | Preparing files to reimport...[39m[0m
[  89% ] [90m[1mreimport[22m | Preparing files to reimport...[39m[0m
[  89% ] [90m[1mreimport[22m | Preparing files to reimport...[39m[0m
[  89% ] [90m[1mreimport[22m | Preparing files to reimport...[39m[0m
[  89% ] [90m[1mreimport[22m | Preparing files to reimport...[39m[0m
[  89% ] [90m[1mreimport[22m | Preparing files to reimport...[39m[0m
[  89% ] [90m[1mreimport[22m | Preparing files to reimport...[39m[0m
[  89% ] [90m[1mreimport[22m | Preparing files to reimport...[39m[0m
[  89% ] [90m[1mreimport[22m | Preparing files to reimport...[39m[0m
[  89% ] [90m[1mreimport[22m | Preparing files to reimport...[39m[0m
[  89% ] [90m[1mreimport[22m | Preparing files to reimport...[39m[0m
[  89% ] [90m[1mreimport[22m | Preparing files to reimport...[39m[0m
[  90% ] [90m[1mreimport[22m | Preparing files to reimport...[39m[0m
[  90% ] [90m[1mreimport[22m | Preparing files to reimport...[39m[0m
[  90% ] [90m[1mreimport[22m | Preparing files to reimport...[39m[0m
[  90% ] [90m[1mreimport[22m | Preparing files to reimport...[39m[0m
[  90% ] [90m[1mreimport[22m | Preparing files to reimport...[39m[0m
[  90% ] [90m[1mreimport[22m | Preparing files to reimport...[39m[0m
[  90% ] [90m[1mreimport[22m | Preparing files to reimport...[39m[0m
[  90% ] [90m[1mreimport[22m | Preparing files to reimport...[39m[0m
[  90% ] [90m[1mreimport[22m | Preparing files to reimport...[39m[0m
[  90% ] [90m[1mreimport[22m | Preparing files to reimport...[39m[0m
[  90% ] [90m[1mreimport[22m | Preparing files to reimport...[39m[0m
[  91% ] [90m[1mreimport[22m | Preparing files to reimport...[39m[0m
[  91% ] [90m[1mreimport[22m | Preparing files to reimport...[39m[0m
[  91% ] [90m[1mreimport[22m | Preparing files to reimport...[39m[0m
[  91% ] [90m[1mreimport[22m | Preparing files to reimport...[39m[0m
[  91% ] [90m[1mreimport[22m | Preparing files to reimport...[39m[0m
[  91% ] [90m[1mreimport[22m | Preparing files to reimport...[39m[0m
[  91% ] [90m[1mreimport[22m | Preparing files to reimport...[39m[0m
[  91% ] [90m[1mreimport[22m | Preparing files to reimport...[39m[0m
[  91% ] [90m[1mreimport[22m | Preparing files to reimport...[39m[0m
[  91% ] [90m[1mreimport[22m | Preparing files to reimport...[39m[0m
[  91% ] [90m[1mreimport[22m | Preparing files to reimport...[39m[0m
[  92% ] [90m[1mreimport[22m | Preparing files to reimport...[39m[0m
[  92% ] [90m[1mreimport[22m | Preparing files to reimport...[39m[0m
[  92% ] [90m[1mreimport[22m | Preparing files to reimport...[39m[0m
[  92% ] [90m[1mreimport[22m | Preparing files to reimport...[39m[0m
[  92% ] [90m[1mreimport[22m | Preparing files to reimport...[39m[0m
[  92% ] [90m[1mreimport[22m | Preparing files to reimport...[39m[0m
[  92% ] [90m[1mreimport[22m | Preparing files to reimport...[39m[0m
[  92% ] [90m[1mreimport[22m | Preparing files to reimport...[39m[0m
[  92% ] [90m[1mreimport[22m | Preparing files to reimport...[39m[0m
[  92% ] [90m[1mreimport[22m | Preparing files to reimport...[39m[0m
[  92% ] [90m[1mreimport[22m | Preparing files to reimport...[39m[0m
[  93% ] [90m[1mreimport[22m | Preparing files to reimport...[39m[0m
[  93% ] [90m[1mreimport[22m | Preparing files to reimport...[39m[0m
[  93% ] [90m[1mreimport[22m | Preparing files to reimport...[39m[0m
[  93% ] [90m[1mreimport[22m | Preparing files to reimport...[39m[0m
[  93% ] [90m[1mreimport[22m | Preparing files to reimport...[39m[0m
[  93% ] [90m[1mreimport[22m | Preparing files to reimport...[39m[0m
[  93% ] [90m[1mreimport[22m | Preparing files to reimport...[39m[0m
[  93% ] [90m[1mreimport[22m | Preparing files to reimport...[39m[0m
[  93% ] [90m[1mreimport[22m | Preparing files to reimport...[39m[0m
[  93% ] [90m[1mreimport[22m | Preparing files to reimport...[39m[0m
[  93% ] [90m[1mreimport[22m | Preparing files to reimport...[39m[0m
[  94% ] [90m[1mreimport[22m | Preparing files to reimport...[39m[0m
[  94% ] [90m[1mreimport[22m | Preparing files to reimport...[39m[0m
[  94% ] [90m[1mreimport[22m | Preparing files to reimport...[39m[0m
[  94% ] [90m[1mreimport[22m | Preparing files to reimport...[39m[0m
[  94% ] [90m[1mreimport[22m | Preparing files to reimport...[39m[0m
[  94% ] [90m[1mreimport[22m | Preparing files to reimport...[39m[0m
[  94% ] [90m[1mreimport[22m | Preparing files to reimport...[39m[0m
[  94% ] [90m[1mreimport[22m | Preparing files to reimport...[39m[0m
[  94% ] [90m[1mreimport[22m | Preparing files to reimport...[39m[0m
[  94% ] [90m[1mreimport[22m | Preparing files to reimport...[39m[0m
[  94% ] [90m[1mreimport[22m | Preparing files to reimport...[39m[0m
[  95% ] [90m[1mreimport[22m | Preparing files to reimport...[39m[0m
[  95% ] [90m[1mreimport[22m | Preparing files to reimport...[39m[0m
[  95% ] [90m[1mreimport[22m | Preparing files to reimport...[39m[0m
[  95% ] [90m[1mreimport[22m | Preparing files to reimport...[39m[0m
[  95% ] [90m[1mreimport[22m | Preparing files to reimport...[39m[0m
[  95% ] [90m[1mreimport[22m | Preparing files to reimport...[39m[0m
[  95% ] [90m[1mreimport[22m | Preparing files to reimport...[39m[0m
[  95% ] [90m[1mreimport[22m | Preparing files to reimport...[39m[0m
[  95% ] [90m[1mreimport[22m | Preparing files to reimport...[39m[0m
[  95% ] [90m[1mreimport[22m | Preparing files to reimport...[39m[0m
[  95% ] [90m[1mreimport[22m | Preparing files to reimport...[39m[0m
[  96% ] [90m[1mreimport[22m | Preparing files to reimport...[39m[0m
[  96% ] [90m[1mreimport[22m | Preparing files to reimport...[39m[0m
[  96% ] [90m[1mreimport[22m | Preparing files to reimport...[39m[0m
[  96% ] [90m[1mreimport[22m | Preparing files to reimport...[39m[0m
[  96% ] [90m[1mreimport[22m | Preparing files to reimport...[39m[0m
[  96% ] [90m[1mreimport[22m | Preparing files to reimport...[39m[0m
[  96% ] [90m[1mreimport[22m | Preparing files to reimport...[39m[0m
[  96% ] [90m[1mreimport[22m | Preparing files to reimport...[39m[0m
[  96% ] [90m[1mreimport[22m | Preparing files to reimport...[39m[0m
[  96% ] [90m[1mreimport[22m | Preparing files to reimport...[39m[0m
[  96% ] [90m[1mreimport[22m | Preparing files to reimport...[39m[0m
[  97% ] [90m[1mreimport[22m | Preparing files to reimport...[39m[0m
[  97% ] [90m[1mreimport[22m | Preparing files to reimport...[39m[0m
[  97% ] [90m[1mreimport[22m | Preparing files to reimport...[39m[0m
[  97% ] [90m[1mreimport[22m | Preparing files to reimport...[39m[0m
[  97% ] [90m[1mreimport[22m | Preparing files to reimport...[39m[0m
[  97% ] [90m[1mreimport[22m | Preparing files to reimport...[39m[0m
[  97% ] [90m[1mreimport[22m | Preparing files to reimport...[39m[0m
[  97% ] [90m[1mreimport[22m | Preparing files to reimport...[39m[0m
[  97% ] [90m[1mreimport[22m | Preparing files to reimport...[39m[0m
[  97% ] [90m[1mreimport[22m | Preparing files to reimport...[39m[0m
[  97% ] [90m[1mreimport[22m | Preparing files to reimport...[39m[0m
[  98% ] [90m[1mreimport[22m | Preparing files to reimport...[39m[0m
[  98% ] [90m[1mreimport[22m | Preparing files to reimport...[39m[0m
[  98% ] [90m[1mreimport[22m | Preparing files to reimport...[39m[0m
[  98% ] [90m[1mreimport[22m | Preparing files to reimport...[39m[0m
[  98% ] [90m[1mreimport[22m | Preparing files to reimport...[39m[0m
[  98% ] [90m[1mreimport[22m | Preparing files to reimport...[39m[0m
[  98% ] [90m[1mreimport[22m | Preparing files to reimport...[39m[0m
[  98% ] [90m[1mreimport[22m | Preparing files to reimport...[39m[0m
[  98% ] [90m[1mreimport[22m | Preparing files to reimport...[39m[0m
[  98% ] [90m[1mreimport[22m | Preparing files to reimport...[39m[0m
[  98% ] [90m[1mreimport[22m | Preparing files to reimport...[39m[0m
[  99% ] [90m[1mreimport[22m | Preparing files to reimport...[39m[0m
[  99% ] [90m[1mreimport[22m | Preparing files to reimport...[39m[0m
[  99% ] [90m[1mreimport[22m | Preparing files to reimport...[39m[0m
[  99% ] [90m[1mreimport[22m | Preparing files to reimport...[39m[0m
[  99% ] [90m[1mreimport[22m | Preparing files to reimport...[39m[0m
[  99% ] [90m[1mreimport[22m | Preparing files to reimport...[39m[0m
[  99% ] [90m[1mreimport[22m | Preparing files to reimport...[39m[0m
[  99% ] [90m[1mreimport[22m | Preparing files to reimport...[39m[0m
[  99% ] [90m[1mreimport[22m | Preparing files to reimport...[39m[0m
[   0% ] [90m[1mreimport[22m | Executing pre-reimport operations...[39m[0m
[   0% ] [90m[1mreimport[22m | voice_yay.mp3[39m[0m
[   0% ] [90m[1mreimport[22m | voice_yay.mp3[39m[0m
[   0% ] [90m[1mreimport[22m | treasure.ogg[39m[0m
[   0% ] [90m[1mreimport[22m | stuffie_battle.ogg[39m[0m
[   0% ] [90m[1mreimport[22m | shop.ogg[39m[0m
[   0% ] [90m[1mreimport[22m | seek.ogg[39m[0m
[   0% ] [90m[1mreimport[22m | race.ogg[39m[0m
[   0% ] [90m[1mreimport[22m | picture_xmas.ogg[39m[0m
[   0% ] [90m[1mreimport[22m | picture_trampoline.ogg[39m[0m
[   0% ] [90m[1mreimport[22m | picture_snowman.ogg[39m[0m
[   0% ] [90m[1mreimport[22m | picture_garden.ogg[39m[0m
[   1% ] [90m[1mreimport[22m | opera_teacher.ogg[39m[0m
[   1% ] [90m[1mreimport[22m | opera_racer.ogg[39m[0m
[   1% ] [90m[1mreimport[22m | banjo.ogg[39m[0m
[   1% ] [90m[1mreimport[22m | castle_bubble_bath.ogg[39m[0m
[   1% ] [90m[1mreimport[22m | castle_craft_room.ogg[39m[0m
[   1% ] [90m[1mreimport[22m | castle_dining_room.ogg[39m[0m
[   1% ] [90m[1mreimport[22m | castle_family_gallery.ogg[39m[0m
[   1% ] [90m[1mreimport[22m | castle_kitchen.ogg[39m[0m
[   1% ] [90m[1mreimport[22m | castle_library.ogg[39m[0m
[   1% ] [90m[1mreimport[22m | castle_mermaid_pool.ogg[39m[0m
[   1% ] [90m[1mreimport[22m | roshan_chapter2_route_ballerina.ogg[39m[0m
[   2% ] [90m[1mreimport[22m | roshan_chapter2_route_astronaut.ogg[39m[0m
[   2% ] [90m[1mreimport[22m | roshan_chapter2_party_ready.ogg[39m[0m
[   2% ] [90m[1mreimport[22m | roshan_chapter2_painter_paint_banner.ogg[39m[0m
[   2% ] [90m[1mreimport[22m | roshan_chapter2_painter_hang_banner.ogg[39m[0m
[   2% ] [90m[1mreimport[22m | roshan_chapter2_farmer_gather_strawberries.ogg[39m[0m
[   2% ] [90m[1mreimport[22m | roshan_chapter2_farmer_fill_basket.ogg[39m[0m
[   2% ] [90m[1mreimport[22m | roshan_chapter2_farmer_deliver_to_kitchen.ogg[39m[0m
[   2% ] [90m[1mreimport[22m | roshan_chapter2_ember_clue.ogg[39m[0m
[   2% ] [90m[1mreimport[22m | roshan_chapter2_detective_unlit_rainbow_candle_reveal.ogg[39m[0m
[   2% ] [90m[1mreimport[22m | roshan_chapter2_chef_stack.ogg[39m[0m
[   2% ] [90m[1mreimport[22m | roshan_chapter2_candymaker_sort_strawberries.ogg[39m[0m
[   3% ] [90m[1mreimport[22m | roshan_chapter2_candymaker_place_candied_strawberries.ogg[39m[0m
[   3% ] [90m[1mreimport[22m | roshan_chapter2_candymaker_glaze_strawberries.ogg[39m[0m
[   3% ] [90m[1mreimport[22m | roshan_chapter2_candymaker_coat_strawberries.ogg[39m[0m
[   3% ] [90m[1mreimport[22m | roshan_chapter2_ballerina_stuffies_mirror.ogg[39m[0m
[   3% ] [90m[1mreimport[22m | roshan_chapter2_astronaut_ready_park.ogg[39m[0m
[   3% ] [90m[1mreimport[22m | world_night.ogg[39m[0m
[   3% ] [90m[1mreimport[22m | world.ogg[39m[0m
[   3% ] [90m[1mreimport[22m | melody.ogg[39m[0m
[   3% ] [90m[1mreimport[22m | northern.ogg[39m[0m
[   3% ] [90m[1mreimport[22m | opera_astronaut.ogg[39m[0m
[   3% ] [90m[1mreimport[22m | opera_ballerina.ogg[39m[0m
[   4% ] [90m[1mreimport[22m | opera_boss_dragon.ogg[39m[0m
[   4% ] [90m[1mreimport[22m | opera_boss_maestro.ogg[39m[0m
[   4% ] [90m[1mreimport[22m | opera_boss_phantom.ogg[39m[0m
[   4% ] [90m[1mreimport[22m | opera_boxer.ogg[39m[0m
[   4% ] [90m[1mreimport[22m | opera_candymaker.ogg[39m[0m
[   4% ] [90m[1mreimport[22m | opera_chef.ogg[39m[0m
[   4% ] [90m[1mreimport[22m | opera_detective.ogg[39m[0m
[   4% ] [90m[1mreimport[22m | opera_doctor.ogg[39m[0m
[   4% ] [90m[1mreimport[22m | opera_farmer.ogg[39m[0m
[   4% ] [90m[1mreimport[22m | opera_geologist.ogg[39m[0m
[   4% ] [90m[1mreimport[22m | opera_lobby.ogg[39m[0m
[   5% ] [90m[1mreimport[22m | opera_magician.ogg[39m[0m
[   5% ] [90m[1mreimport[22m | opera_nursery.ogg[39m[0m
[   5% ] [90m[1mreimport[22m | opera_painter.ogg[39m[0m
[   5% ] [90m[1mreimport[22m | opera_popstar.ogg[39m[0m
[   5% ] [90m[1mreimport[22m | castle_movie_lounge.ogg[39m[0m
[   5% ] [90m[1mreimport[22m | castle_open.ogg[39m[0m
[   5% ] [90m[1mreimport[22m | castle_opera_hall.ogg[39m[0m
[   5% ] [90m[1mreimport[22m | castle_playroom.ogg[39m[0m
[   5% ] [90m[1mreimport[22m | castle_royal_bedroom.ogg[39m[0m
[   5% ] [90m[1mreimport[22m | castle_sleepover_bedroom.ogg[39m[0m
[   5% ] [90m[1mreimport[22m | combat_fire.ogg[39m[0m
[   6% ] [90m[1mreimport[22m | combat_ice.ogg[39m[0m
[   6% ] [90m[1mreimport[22m | combat_tutorial.ogg[39m[0m
[   6% ] [90m[1mreimport[22m | dolls.ogg[39m[0m
[   6% ] [90m[1mreimport[22m | dungeon_ember.ogg[39m[0m
[   6% ] [90m[1mreimport[22m | dungeon_ice.ogg[39m[0m
[   6% ] [90m[1mreimport[22m | dustboss.ogg[39m[0m
[   6% ] [90m[1mreimport[22m | ember.ogg[39m[0m
[   6% ] [90m[1mreimport[22m | fetch.ogg[39m[0m
[   6% ] [90m[1mreimport[22m | finale.ogg[39m[0m
[   6% ] [90m[1mreimport[22m | galaxy.ogg[39m[0m
[   6% ] [90m[1mreimport[22m | hall.ogg[39m[0m
[   7% ] [90m[1mreimport[22m | home.ogg[39m[0m
[   7% ] [90m[1mreimport[22m | level2.ogg[39m[0m
[   7% ] [90m[1mreimport[22m | roshan_whale.ogg[39m[0m
[   7% ] [90m[1mreimport[22m | roshan_talk.ogg[39m[0m
[   7% ] [90m[1mreimport[22m | roshan_ship.ogg[39m[0m
[   7% ] [90m[1mreimport[22m | roshan_pearl.ogg[39m[0m
[   7% ] [90m[1mreimport[22m | roshan_pearl3.ogg[39m[0m
[   7% ] [90m[1mreimport[22m | roshan_pearl2.ogg[39m[0m
[   7% ] [90m[1mreimport[22m | roshan_oops.ogg[39m[0m
[   7% ] [90m[1mreimport[22m | roshan_intro4.ogg[39m[0m
[   7% ] [90m[1mreimport[22m | roshan_intro3.ogg[39m[0m
[   8% ] [90m[1mreimport[22m | roshan_intro2.ogg[39m[0m
[   8% ] [90m[1mreimport[22m | roshan_intro1.ogg[39m[0m
[   8% ] [90m[1mreimport[22m | roshan_idle3.ogg[39m[0m
[   8% ] [90m[1mreimport[22m | roshan_idle2.ogg[39m[0m
[   8% ] [90m[1mreimport[22m | roshan_idle1.ogg[39m[0m
[   8% ] [90m[1mreimport[22m | roshan_hungry.ogg[39m[0m
[   8% ] [90m[1mreimport[22m | roshan_fail.ogg[39m[0m
[   8% ] [90m[1mreimport[22m | roshan_bump.ogg[39m[0m
[   8% ] [90m[1mreimport[22m | ui_tap.ogg[39m[0m
[   8% ] [90m[1mreimport[22m | penguin_giggle.ogg[39m[0m
[   8% ] [90m[1mreimport[22m | fart.ogg[39m[0m
[   9% ] [90m[1mreimport[22m | chime.ogg[39m[0m
[   9% ] [90m[1mreimport[22m | buzz.ogg[39m[0m
[   9% ] [90m[1mreimport[22m | buy.ogg[39m[0m
[   9% ] [90m[1mreimport[22m | ambience_reef.ogg[39m[0m
[   9% ] [90m[1mreimport[22m | ambience_lagoon.ogg[39m[0m
[   9% ] [90m[1mreimport[22m | ambience_hall.ogg[39m[0m
[   9% ] [90m[1mreimport[22m | wacky_win.ogg[39m[0m
[   9% ] [90m[1mreimport[22m | wacky_splash.ogg[39m[0m
[   9% ] [90m[1mreimport[22m | wacky_fail.ogg[39m[0m
[   9% ] [90m[1mreimport[22m | wacky.ogg[39m[0m
[   9% ] [90m[1mreimport[22m | sparkle.ogg[39m[0m
[  10% ] [90m[1mreimport[22m | shop.ogg[39m[0m
[  10% ] [90m[1mreimport[22m | roshan_wreck.ogg[39m[0m
[  10% ] [90m[1mreimport[22m | roshan_win.ogg[39m[0m
[  10% ] [90m[1mreimport[22m | faron.ogg[39m[0m
[  10% ] [90m[1mreimport[22m | evie_win.ogg[39m[0m
[  10% ] [90m[1mreimport[22m | evie_fail.ogg[39m[0m
[  10% ] [90m[1mreimport[22m | evie.ogg[39m[0m
[  10% ] [90m[1mreimport[22m | everyone.ogg[39m[0m
[  10% ] [90m[1mreimport[22m | daddy3.ogg[39m[0m
[  10% ] [90m[1mreimport[22m | daddy2.ogg[39m[0m
[  10% ] [90m[1mreimport[22m | daddy1.ogg[39m[0m
[  11% ] [90m[1mreimport[22m | chuck_whimper.ogg[39m[0m
[  11% ] [90m[1mreimport[22m | chuck_bark.ogg[39m[0m
[  11% ] [90m[1mreimport[22m | chuck.ogg[39m[0m
[  11% ] [90m[1mreimport[22m | roshan_chapter2_route_popstar.ogg[39m[0m
[  11% ] [90m[1mreimport[22m | roshan_chapter2_route_painter.ogg[39m[0m
[  11% ] [90m[1mreimport[22m | roshan_chapter2_route_farmer.ogg[39m[0m
[  11% ] [90m[1mreimport[22m | roshan_chapter2_route_detective.ogg[39m[0m
[  11% ] [90m[1mreimport[22m | roshan_chapter2_route_chef.ogg[39m[0m
[  11% ] [90m[1mreimport[22m | roshan_chapter2_route_candy_maker.ogg[39m[0m
[  11% ] [90m[1mreimport[22m | roshan_beans.ogg[39m[0m
[  11% ] [90m[1mreimport[22m | rosalina_win.ogg[39m[0m
[  12% ] [90m[1mreimport[22m | rosalina_open.ogg[39m[0m
[  12% ] [90m[1mreimport[22m | rosalina_locked.ogg[39m[0m
[  12% ] [90m[1mreimport[22m | rosalina_greet.ogg[39m[0m
[  12% ] [90m[1mreimport[22m | rosalina.ogg[39m[0m
[  12% ] [90m[1mreimport[22m | huluu_win.ogg[39m[0m
[  12% ] [90m[1mreimport[22m | huluu_thanks.ogg[39m[0m
[  12% ] [90m[1mreimport[22m | huluu_talk.ogg[39m[0m
[  12% ] [90m[1mreimport[22m | faron_fail.ogg[39m[0m
[  12% ] [90m[1mreimport[22m | faron_miss.ogg[39m[0m
[  12% ] [90m[1mreimport[22m | faron_win.ogg[39m[0m
[  12% ] [90m[1mreimport[22m | harper.ogg[39m[0m
[  13% ] [90m[1mreimport[22m | harper_win.ogg[39m[0m
[  13% ] [90m[1mreimport[22m | huluu.ogg[39m[0m
[  13% ] [90m[1mreimport[22m | huluu_greet.ogg[39m[0m
[  13% ] [90m[1mreimport[22m | huluu_hero.ogg[39m[0m
[  13% ] [90m[1mreimport[22m | voice_yay.mp3[39m[0m
[  13% ] [90m[1mreimport[22m | treasure.ogg[39m[0m
[  13% ] [90m[1mreimport[22m | stuffie_battle.ogg[39m[0m
[  13% ] [90m[1mreimport[22m | shop.ogg[39m[0m
[  13% ] [90m[1mreimport[22m | seek.ogg[39m[0m
[  13% ] [90m[1mreimport[22m | race.ogg[39m[0m
[  13% ] [90m[1mreimport[22m | picture_xmas.ogg[39m[0m
[  14% ] [90m[1mreimport[22m | picture_trampoline.ogg[39m[0m
[  14% ] [90m[1mreimport[22m | picture_snowman.ogg[39m[0m
[  14% ] [90m[1mreimport[22m | picture_garden.ogg[39m[0m
[  14% ] [90m[1mreimport[22m | opera_teacher.ogg[39m[0m
[  14% ] [90m[1mreimport[22m | opera_racer.ogg[39m[0m
[  14% ] [90m[1mreimport[22m | banjo.ogg[39m[0m
[  14% ] [90m[1mreimport[22m | castle_bubble_bath.ogg[39m[0m
[  14% ] [90m[1mreimport[22m | castle_craft_room.ogg[39m[0m
[  14% ] [90m[1mreimport[22m | castle_dining_room.ogg[39m[0m
[  14% ] [90m[1mreimport[22m | castle_family_gallery.ogg[39m[0m
[  14% ] [90m[1mreimport[22m | castle_kitchen.ogg[39m[0m
[  15% ] [90m[1mreimport[22m | castle_library.ogg[39m[0m
[  15% ] [90m[1mreimport[22m | castle_mermaid_pool.ogg[39m[0m
[  15% ] [90m[1mreimport[22m | roshan_chapter2_route_ballerina.ogg[39m[0m
[  15% ] [90m[1mreimport[22m | roshan_chapter2_route_astronaut.ogg[39m[0m
[  15% ] [90m[1mreimport[22m | roshan_chapter2_party_ready.ogg[39m[0m
[  15% ] [90m[1mreimport[22m | roshan_chapter2_painter_paint_banner.ogg[39m[0m
[  15% ] [90m[1mreimport[22m | roshan_chapter2_painter_hang_banner.ogg[39m[0m
[  15% ] [90m[1mreimport[22m | roshan_chapter2_farmer_gather_strawberries.ogg[39m[0m
[  15% ] [90m[1mreimport[22m | roshan_chapter2_farmer_fill_basket.ogg[39m[0m
[  15% ] [90m[1mreimport[22m | roshan_chapter2_farmer_deliver_to_kitchen.ogg[39m[0m
[  15% ] [90m[1mreimport[22m | roshan_chapter2_ember_clue.ogg[39m[0m
[  16% ] [90m[1mreimport[22m | roshan_chapter2_detective_unlit_rainbow_candle_reveal.ogg[39m[0m
[  16% ] [90m[1mreimport[22m | roshan_chapter2_chef_stack.ogg[39m[0m
[  16% ] [90m[1mreimport[22m | roshan_chapter2_candymaker_sort_strawberries.ogg[39m[0m
[  16% ] [90m[1mreimport[22m | roshan_chapter2_candymaker_place_candied_strawberries.ogg[39m[0m
[  16% ] [90m[1mreimport[22m | roshan_chapter2_candymaker_glaze_strawberries.ogg[39m[0m
[  16% ] [90m[1mreimport[22m | roshan_chapter2_candymaker_coat_strawberries.ogg[39m[0m
[  16% ] [90m[1mreimport[22m | roshan_chapter2_ballerina_stuffies_mirror.ogg[39m[0m
[  16% ] [90m[1mreimport[22m | roshan_chapter2_astronaut_ready_park.ogg[39m[0m
[  16% ] [90m[1mreimport[22m | world_night.ogg[39m[0m
[  16% ] [90m[1mreimport[22m | world.ogg[39m[0m
[  16% ] [90m[1mreimport[22m | melody.ogg[39m[0m
[  17% ] [90m[1mreimport[22m | northern.ogg[39m[0m
[  17% ] [90m[1mreimport[22m | opera_astronaut.ogg[39m[0m
[  17% ] [90m[1mreimport[22m | opera_ballerina.ogg[39m[0m
[  17% ] [90m[1mreimport[22m | opera_boss_dragon.ogg[39m[0m
[  17% ] [90m[1mreimport[22m | opera_boss_maestro.ogg[39m[0m
[  17% ] [90m[1mreimport[22m | opera_boss_phantom.ogg[39m[0m
[  17% ] [90m[1mreimport[22m | opera_boxer.ogg[39m[0m
[  17% ] [90m[1mreimport[22m | opera_candymaker.ogg[39m[0m
[  17% ] [90m[1mreimport[22m | opera_chef.ogg[39m[0m
[  17% ] [90m[1mreimport[22m | opera_detective.ogg[39m[0m
[  17% ] [90m[1mreimport[22m | opera_doctor.ogg[39m[0m
[  18% ] [90m[1mreimport[22m | opera_farmer.ogg[39m[0m
[  18% ] [90m[1mreimport[22m | opera_geologist.ogg[39m[0m
[  18% ] [90m[1mreimport[22m | opera_lobby.ogg[39m[0m
[  18% ] [90m[1mreimport[22m | opera_magician.ogg[39m[0m
[  18% ] [90m[1mreimport[22m | opera_nursery.ogg[39m[0m
[  18% ] [90m[1mreimport[22m | opera_painter.ogg[39m[0m
[  18% ] [90m[1mreimport[22m | opera_popstar.ogg[39m[0m
[  18% ] [90m[1mreimport[22m | castle_movie_lounge.ogg[39m[0m
[  18% ] [90m[1mreimport[22m | castle_open.ogg[39m[0m
[  18% ] [90m[1mreimport[22m | castle_opera_hall.ogg[39m[0m
[  18% ] [90m[1mreimport[22m | castle_playroom.ogg[39m[0m
[  19% ] [90m[1mreimport[22m | castle_royal_bedroom.ogg[39m[0m
[  19% ] [90m[1mreimport[22m | castle_sleepover_bedroom.ogg[39m[0m
[  19% ] [90m[1mreimport[22m | combat_fire.ogg[39m[0m
[  19% ] [90m[1mreimport[22m | combat_ice.ogg[39m[0m
[  19% ] [90m[1mreimport[22m | combat_tutorial.ogg[39m[0m
[  19% ] [90m[1mreimport[22m | dolls.ogg[39m[0m
[  19% ] [90m[1mreimport[22m | dungeon_ember.ogg[39m[0m
[  19% ] [90m[1mreimport[22m | dungeon_ice.ogg[39m[0m
[  19% ] [90m[1mreimport[22m | dustboss.ogg[39m[0m
[  19% ] [90m[1mreimport[22m | ember.ogg[39m[0m
[  19% ] [90m[1mreimport[22m | fetch.ogg[39m[0m
[  20% ] [90m[1mreimport[22m | finale.ogg[39m[0m
[  20% ] [90m[1mreimport[22m | galaxy.ogg[39m[0m
[  20% ] [90m[1mreimport[22m | hall.ogg[39m[0m
[  20% ] [90m[1mreimport[22m | home.ogg[39m[0m
[  20% ] [90m[1mreimport[22m | level2.ogg[39m[0m
[  20% ] [90m[1mreimport[22m | roshan_whale.ogg[39m[0m
[  20% ] [90m[1mreimport[22m | roshan_talk.ogg[39m[0m
[  20% ] [90m[1mreimport[22m | roshan_ship.ogg[39m[0m
[  20% ] [90m[1mreimport[22m | roshan_pearl.ogg[39m[0m
[  20% ] [90m[1mreimport[22m | roshan_pearl3.ogg[39m[0m
[  20% ] [90m[1mreimport[22m | roshan_pearl2.ogg[39m[0m
[  21% ] [90m[1mreimport[22m | roshan_oops.ogg[39m[0m
[  21% ] [90m[1mreimport[22m | roshan_intro4.ogg[39m[0m
[  21% ] [90m[1mreimport[22m | roshan_intro3.ogg[39m[0m
[  21% ] [90m[1mreimport[22m | roshan_intro2.ogg[39m[0m
[  21% ] [90m[1mreimport[22m | roshan_intro1.ogg[39m[0m
[  21% ] [90m[1mreimport[22m | roshan_idle3.ogg[39m[0m
[  21% ] [90m[1mreimport[22m | roshan_idle2.ogg[39m[0m
[  21% ] [90m[1mreimport[22m | roshan_idle1.ogg[39m[0m
[  21% ] [90m[1mreimport[22m | roshan_hungry.ogg[39m[0m
[  21% ] [90m[1mreimport[22m | roshan_fail.ogg[39m[0m
[  21% ] [90m[1mreimport[22m | roshan_bump.ogg[39m[0m
[  22% ] [90m[1mreimport[22m | ui_tap.ogg[39m[0m
[  22% ] [90m[1mreimport[22m | penguin_giggle.ogg[39m[0m
[  22% ] [90m[1mreimport[22m | fart.ogg[39m[0m
[  22% ] [90m[1mreimport[22m | chime.ogg[39m[0m
[  22% ] [90m[1mreimport[22m | buzz.ogg[39m[0m
[  22% ] [90m[1mreimport[22m | buy.ogg[39m[0m
[  22% ] [90m[1mreimport[22m | ambience_reef.ogg[39m[0m
[  22% ] [90m[1mreimport[22m | ambience_lagoon.ogg[39m[0m
[  22% ] [90m[1mreimport[22m | ambience_hall.ogg[39m[0m
[  22% ] [90m[1mreimport[22m | wacky_win.ogg[39m[0m
[  22% ] [90m[1mreimport[22m | wacky_splash.ogg[39m[0m
[  23% ] [90m[1mreimport[22m | wacky_fail.ogg[39m[0m
[  23% ] [90m[1mreimport[22m | wacky.ogg[39m[0m
[  23% ] [90m[1mreimport[22m | sparkle.ogg[39m[0m
[  23% ] [90m[1mreimport[22m | shop.ogg[39m[0m
[  23% ] [90m[1mreimport[22m | roshan_wreck.ogg[39m[0m
[  23% ] [90m[1mreimport[22m | roshan_win.ogg[39m[0m
[  23% ] [90m[1mreimport[22m | faron.ogg[39m[0m
[  23% ] [90m[1mreimport[22m | evie_win.ogg[39m[0m
[  23% ] [90m[1mreimport[22m | evie_fail.ogg[39m[0m
[  23% ] [90m[1mreimport[22m | evie.ogg[39m[0m
[  23% ] [90m[1mreimport[22m | everyone.ogg[39m[0m
[  24% ] [90m[1mreimport[22m | daddy3.ogg[39m[0m
[  24% ] [90m[1mreimport[22m | daddy2.ogg[39m[0m
[  24% ] [90m[1mreimport[22m | daddy1.ogg[39m[0m
[  24% ] [90m[1mreimport[22m | chuck_whimper.ogg[39m[0m
[  24% ] [90m[1mreimport[22m | chuck_bark.ogg[39m[0m
[  24% ] [90m[1mreimport[22m | chuck.ogg[39m[0m
[  24% ] [90m[1mreimport[22m | roshan_chapter2_route_popstar.ogg[39m[0m
[  24% ] [90m[1mreimport[22m | roshan_chapter2_route_painter.ogg[39m[0m
[  24% ] [90m[1mreimport[22m | roshan_chapter2_route_farmer.ogg[39m[0m
[  24% ] [90m[1mreimport[22m | roshan_chapter2_route_detective.ogg[39m[0m
[  24% ] [90m[1mreimport[22m | roshan_chapter2_route_chef.ogg[39m[0m
[  25% ] [90m[1mreimport[22m | roshan_chapter2_route_candy_maker.ogg[39m[0m
[  25% ] [90m[1mreimport[22m | roshan_beans.ogg[39m[0m
[  25% ] [90m[1mreimport[22m | rosalina_win.ogg[39m[0m
[  25% ] [90m[1mreimport[22m | rosalina_open.ogg[39m[0m
[  25% ] [90m[1mreimport[22m | rosalina_locked.ogg[39m[0m
[  25% ] [90m[1mreimport[22m | rosalina_greet.ogg[39m[0m
[  25% ] [90m[1mreimport[22m | rosalina.ogg[39m[0m
[  25% ] [90m[1mreimport[22m | huluu_win.ogg[39m[0m
[  25% ] [90m[1mreimport[22m | huluu_thanks.ogg[39m[0m
[  25% ] [90m[1mreimport[22m | huluu_talk.ogg[39m[0m
[  25% ] [90m[1mreimport[22m | faron_fail.ogg[39m[0m
[  26% ] [90m[1mreimport[22m | faron_miss.ogg[39m[0m
[  26% ] [90m[1mreimport[22m | faron_win.ogg[39m[0m
[  26% ] [90m[1mreimport[22m | harper.ogg[39m[0m
[  26% ] [90m[1mreimport[22m | harper_win.ogg[39m[0m
[  26% ] [90m[1mreimport[22m | huluu.ogg[39m[0m
[  26% ] [90m[1mreimport[22m | huluu_greet.ogg[39m[0m
[  26% ] [90m[1mreimport[22m | huluu_hero.ogg[39m[0m
[  26% ] [90m[1mreimport[22m | huluu_intro.ogg[39m[0m
[  26% ] [90m[1mreimport[22m | roshan_farmer.png[39m[0m
[  26% ] [90m[1mreimport[22m | roshan_doctor.png[39m[0m
[  26% ] [90m[1mreimport[22m | roshan_detective.png[39m[0m
[  27% ] [90m[1mreimport[22m | roshan_chef.png[39m[0m
[  27% ] [90m[1mreimport[22m | roshan_candymaker.png[39m[0m
[  27% ] [90m[1mreimport[22m | roshan_boxer.png[39m[0m
[  27% ] [90m[1mreimport[22m | roshan_ballerina.png[39m[0m
[  27% ] [90m[1mreimport[22m | roshan_astronaut.png[39m[0m
[  27% ] [90m[1mreimport[22m | rival_racer_windup.png[39m[0m
[  27% ] [90m[1mreimport[22m | world_doctor_c0r0.png[39m[0m
[  27% ] [90m[1mreimport[22m | world_detective_c1r1.png[39m[0m
[  27% ] [90m[1mreimport[22m | world_detective_c1r0.png[39m[0m
[  27% ] [90m[1mreimport[22m | world_detective_c0r1.png[39m[0m
[  27% ] [90m[1mreimport[22m | world_detective_c0r0.png[39m[0m
[  28% ] [90m[1mreimport[22m | world_chef_c1r1.png[39m[0m
[  28% ] [90m[1mreimport[22m | world_chef_c1r0.png[39m[0m
[  28% ] [90m[1mreimport[22m | world_chef_c0r1.png[39m[0m
[  28% ] [90m[1mreimport[22m | world_chef_c0r0.png[39m[0m
[  28% ] [90m[1mreimport[22m | world_candymaker_c1r1.png[39m[0m
[  28% ] [90m[1mreimport[22m | world_candymaker_c1r0.png[39m[0m
[  28% ] [90m[1mreimport[22m | world_candymaker_c0r1.png[39m[0m
[  28% ] [90m[1mreimport[22m | world_candymaker_c0r0.png[39m[0m
[  28% ] [90m[1mreimport[22m | world_boxer_c1r1.png[39m[0m
[  28% ] [90m[1mreimport[22m | world_boxer_c1r0.png[39m[0m
[  28% ] [90m[1mreimport[22m | world_boxer_c0r1.png[39m[0m
[  29% ] [90m[1mreimport[22m | world_boxer_c0r0.png[39m[0m
[  29% ] [90m[1mreimport[22m | world_ballerina_c1r1.png[39m[0m
[  29% ] [90m[1mreimport[22m | world_ballerina_c1r0.png[39m[0m
[  29% ] [90m[1mreimport[22m | world_ballerina_c0r1.png[39m[0m
[  29% ] [90m[1mreimport[22m | world_ballerina_c0r0.png[39m[0m
[  29% ] [90m[1mreimport[22m | world_astronaut_c1r1.png[39m[0m
[  29% ] [90m[1mreimport[22m | world_astronaut_c1r0.png[39m[0m
[  29% ] [90m[1mreimport[22m | world_astronaut_c0r1.png[39m[0m
[  29% ] [90m[1mreimport[22m | world_astronaut_c0r0.png[39m[0m
[  29% ] [90m[1mreimport[22m | stage_racer_c1r1.png[39m[0m
[  29% ] [90m[1mreimport[22m | stage_racer_c1r0.png[39m[0m
[  30% ] [90m[1mreimport[22m | world_racer_c1r1.png[39m[0m
[  30% ] [90m[1mreimport[22m | world_racer_c1r0.png[39m[0m
[  30% ] [90m[1mreimport[22m | world_racer_c0r1.png[39m[0m
[  30% ] [90m[1mreimport[22m | world_racer_c0r0.png[39m[0m
[  30% ] [90m[1mreimport[22m | world_popstar_c1r1.png[39m[0m
[  30% ] [90m[1mreimport[22m | world_popstar_c1r0.png[39m[0m
[  30% ] [90m[1mreimport[22m | world_popstar_c0r1.png[39m[0m
[  30% ] [90m[1mreimport[22m | world_popstar_c0r0.png[39m[0m
[  30% ] [90m[1mreimport[22m | world_painter_c1r1.png[39m[0m
[  30% ] [90m[1mreimport[22m | world_painter_c1r0.png[39m[0m
[  30% ] [90m[1mreimport[22m | world_painter_c0r1.png[39m[0m
[  31% ] [90m[1mreimport[22m | world_painter_c0r0.png[39m[0m
[  31% ] [90m[1mreimport[22m | world_nursery_c1r1.png[39m[0m
[  31% ] [90m[1mreimport[22m | world_nursery_c1r0.png[39m[0m
[  31% ] [90m[1mreimport[22m | world_nursery_c0r1.png[39m[0m
[  31% ] [90m[1mreimport[22m | world_nursery_c0r0.png[39m[0m
[  31% ] [90m[1mreimport[22m | world_magician_c1r1.png[39m[0m
[  31% ] [90m[1mreimport[22m | world_magician_c1r0.png[39m[0m
[  31% ] [90m[1mreimport[22m | world_magician_c0r1.png[39m[0m
[  31% ] [90m[1mreimport[22m | world_magician_c0r0.png[39m[0m
[  31% ] [90m[1mreimport[22m | world_farmer_c1r1.png[39m[0m
[  31% ] [90m[1mreimport[22m | world_farmer_c1r0.png[39m[0m
[  32% ] [90m[1mreimport[22m | world_farmer_c0r1.png[39m[0m
[  32% ] [90m[1mreimport[22m | world_farmer_c0r0.png[39m[0m
[  32% ] [90m[1mreimport[22m | world_doctor_c1r1.png[39m[0m
[  32% ] [90m[1mreimport[22m | world_doctor_c1r0.png[39m[0m
[  32% ] [90m[1mreimport[22m | world_doctor_c0r1.png[39m[0m
[  32% ] [90m[1mreimport[22m | stage_detective_c0r1.png[39m[0m
[  32% ] [90m[1mreimport[22m | stage_detective_c0r0.png[39m[0m
[  32% ] [90m[1mreimport[22m | stage_chef_c1r1.png[39m[0m
[  32% ] [90m[1mreimport[22m | stage_chef_c1r0.png[39m[0m
[  32% ] [90m[1mreimport[22m | stage_chef_c0r1.png[39m[0m
[  32% ] [90m[1mreimport[22m | stage_chef_c0r0.png[39m[0m
[  33% ] [90m[1mreimport[22m | stage_candymaker_c1r1.png[39m[0m
[  33% ] [90m[1mreimport[22m | stage_candymaker_c1r0.png[39m[0m
[  33% ] [90m[1mreimport[22m | stage_candymaker_c0r1.png[39m[0m
[  33% ] [90m[1mreimport[22m | stage_candymaker_c0r0.png[39m[0m
[  33% ] [90m[1mreimport[22m | stage_boxer_c1r1.png[39m[0m
[  33% ] [90m[1mreimport[22m | stage_boxer_c1r0.png[39m[0m
[  33% ] [90m[1mreimport[22m | stage_boxer_c0r1.png[39m[0m
[  33% ] [90m[1mreimport[22m | stage_boxer_c0r0.png[39m[0m
[  33% ] [90m[1mreimport[22m | stage_ballerina_c1r1.png[39m[0m
[  33% ] [90m[1mreimport[22m | stage_ballerina_c1r0.png[39m[0m
[  33% ] [90m[1mreimport[22m | stage_ballerina_c0r1.png[39m[0m
[  34% ] [90m[1mreimport[22m | stage_ballerina_c0r0.png[39m[0m
[  34% ] [90m[1mreimport[22m | stage_astronaut_c1r1.png[39m[0m
[  34% ] [90m[1mreimport[22m | stage_astronaut_c1r0.png[39m[0m
[  34% ] [90m[1mreimport[22m | stage_astronaut_c0r1.png[39m[0m
[  34% ] [90m[1mreimport[22m | stage_astronaut_c0r0.png[39m[0m
[  34% ] [90m[1mreimport[22m | roshan_racer.png[39m[0m
[  34% ] [90m[1mreimport[22m | roshan_popstar.png[39m[0m
[  34% ] [90m[1mreimport[22m | roshan_painter.png[39m[0m
[  34% ] [90m[1mreimport[22m | roshan_nursery.png[39m[0m
[  34% ] [90m[1mreimport[22m | roshan_magician.png[39m[0m
[  34% ] [90m[1mreimport[22m | stage_racer_c0r1.png[39m[0m
[  35% ] [90m[1mreimport[22m | stage_racer_c0r0.png[39m[0m
[  35% ] [90m[1mreimport[22m | stage_popstar_c1r1.png[39m[0m
[  35% ] [90m[1mreimport[22m | stage_popstar_c1r0.png[39m[0m
[  35% ] [90m[1mreimport[22m | stage_popstar_c0r1.png[39m[0m
[  35% ] [90m[1mreimport[22m | stage_popstar_c0r0.png[39m[0m
[  35% ] [90m[1mreimport[22m | stage_painter_c1r1.png[39m[0m
[  35% ] [90m[1mreimport[22m | stage_painter_c1r0.png[39m[0m
[  35% ] [90m[1mreimport[22m | stage_painter_c0r1.png[39m[0m
[  35% ] [90m[1mreimport[22m | stage_painter_c0r0.png[39m[0m
[  35% ] [90m[1mreimport[22m | stage_nursery_c1r1.png[39m[0m
[  35% ] [90m[1mreimport[22m | stage_nursery_c1r0.png[39m[0m
[  36% ] [90m[1mreimport[22m | stage_nursery_c0r1.png[39m[0m
[  36% ] [90m[1mreimport[22m | stage_nursery_c0r0.png[39m[0m
[  36% ] [90m[1mreimport[22m | stage_magician_c1r1.png[39m[0m
[  36% ] [90m[1mreimport[22m | stage_magician_c1r0.png[39m[0m
[  36% ] [90m[1mreimport[22m | stage_magician_c0r1.png[39m[0m
[  36% ] [90m[1mreimport[22m | stage_magician_c0r0.png[39m[0m
[  36% ] [90m[1mreimport[22m | stage_farmer_c1r1.png[39m[0m
[  36% ] [90m[1mreimport[22m | stage_farmer_c1r0.png[39m[0m
[  36% ] [90m[1mreimport[22m | stage_farmer_c0r1.png[39m[0m
[  36% ] [90m[1mreimport[22m | stage_farmer_c0r0.png[39m[0m
[  36% ] [90m[1mreimport[22m | stage_doctor_c1r1.png[39m[0m
[  37% ] [90m[1mreimport[22m | stage_doctor_c1r0.png[39m[0m
[  37% ] [90m[1mreimport[22m | stage_doctor_c0r1.png[39m[0m
[  37% ] [90m[1mreimport[22m | stage_doctor_c0r0.png[39m[0m
[  37% ] [90m[1mreimport[22m | stage_detective_c1r1.png[39m[0m
[  37% ] [90m[1mreimport[22m | stage_detective_c1r0.png[39m[0m
[  37% ] [90m[1mreimport[22m | rival_detective_bopped.png[39m[0m
[  37% ] [90m[1mreimport[22m | rival_detective_bow.png[39m[0m
[  37% ] [90m[1mreimport[22m | rival_detective_charge.png[39m[0m
[  37% ] [90m[1mreimport[22m | rival_detective_flee.png[39m[0m
[  37% ] [90m[1mreimport[22m | rival_detective_guard.png[39m[0m
[  37% ] [90m[1mreimport[22m | rival_detective_hop_a.png[39m[0m
[  38% ] [90m[1mreimport[22m | rival_detective_hop_b.png[39m[0m
[  38% ] [90m[1mreimport[22m | rival_detective_recover.png[39m[0m
[  38% ] [90m[1mreimport[22m | rival_detective_slash.png[39m[0m
[  38% ] [90m[1mreimport[22m | rival_detective_stagger.png[39m[0m
[  38% ] [90m[1mreimport[22m | rival_detective_taunt.png[39m[0m
[  38% ] [90m[1mreimport[22m | rival_detective_windup.png[39m[0m
[  38% ] [90m[1mreimport[22m | rival_doctor.png[39m[0m
[  38% ] [90m[1mreimport[22m | rival_doctor_bopped.png[39m[0m
[  38% ] [90m[1mreimport[22m | rival_doctor_bow.png[39m[0m
[  38% ] [90m[1mreimport[22m | rival_doctor_charge.png[39m[0m
[  38% ] [90m[1mreimport[22m | rival_doctor_flee.png[39m[0m
[  39% ] [90m[1mreimport[22m | rival_doctor_guard.png[39m[0m
[  39% ] [90m[1mreimport[22m | rival_doctor_hop_a.png[39m[0m
[  39% ] [90m[1mreimport[22m | rival_doctor_hop_b.png[39m[0m
[  39% ] [90m[1mreimport[22m | rival_doctor_recover.png[39m[0m
[  39% ] [90m[1mreimport[22m | rival_doctor_slash.png[39m[0m
[  39% ] [90m[1mreimport[22m | rival_doctor_stagger.png[39m[0m
[  39% ] [90m[1mreimport[22m | rival_doctor_taunt.png[39m[0m
[  39% ] [90m[1mreimport[22m | rival_doctor_windup.png[39m[0m
[  39% ] [90m[1mreimport[22m | rival_farmer.png[39m[0m
[  39% ] [90m[1mreimport[22m | rival_farmer_bopped.png[39m[0m
[  39% ] [90m[1mreimport[22m | rival_farmer_bow.png[39m[0m
[  40% ] [90m[1mreimport[22m | rival_farmer_charge.png[39m[0m
[  40% ] [90m[1mreimport[22m | rival_boxer_stagger.png[39m[0m
[  40% ] [90m[1mreimport[22m | rival_boxer_taunt.png[39m[0m
[  40% ] [90m[1mreimport[22m | rival_boxer_windup.png[39m[0m
[  40% ] [90m[1mreimport[22m | rival_candymaker.png[39m[0m
[  40% ] [90m[1mreimport[22m | rival_candymaker_bopped.png[39m[0m
[  40% ] [90m[1mreimport[22m | rival_candymaker_bow.png[39m[0m
[  40% ] [90m[1mreimport[22m | rival_candymaker_charge.png[39m[0m
[  40% ] [90m[1mreimport[22m | rival_candymaker_flee.png[39m[0m
[  40% ] [90m[1mreimport[22m | rival_candymaker_guard.png[39m[0m
[  40% ] [90m[1mreimport[22m | rival_candymaker_hop_a.png[39m[0m
[  41% ] [90m[1mreimport[22m | rival_candymaker_hop_b.png[39m[0m
[  41% ] [90m[1mreimport[22m | rival_candymaker_recover.png[39m[0m
[  41% ] [90m[1mreimport[22m | rival_candymaker_slash.png[39m[0m
[  41% ] [90m[1mreimport[22m | rival_candymaker_stagger.png[39m[0m
[  41% ] [90m[1mreimport[22m | rival_candymaker_taunt.png[39m[0m
[  41% ] [90m[1mreimport[22m | rival_candymaker_windup.png[39m[0m
[  41% ] [90m[1mreimport[22m | rival_chef.png[39m[0m
[  41% ] [90m[1mreimport[22m | rival_chef_bopped.png[39m[0m
[  41% ] [90m[1mreimport[22m | rival_chef_bow.png[39m[0m
[  41% ] [90m[1mreimport[22m | rival_chef_charge.png[39m[0m
[  41% ] [90m[1mreimport[22m | rival_chef_flee.png[39m[0m
[  42% ] [90m[1mreimport[22m | rival_chef_guard.png[39m[0m
[  42% ] [90m[1mreimport[22m | rival_chef_hop_a.png[39m[0m
[  42% ] [90m[1mreimport[22m | rival_chef_hop_b.png[39m[0m
[  42% ] [90m[1mreimport[22m | rival_chef_recover.png[39m[0m
[  42% ] [90m[1mreimport[22m | rival_chef_slash.png[39m[0m
[  42% ] [90m[1mreimport[22m | rival_chef_stagger.png[39m[0m
[  42% ] [90m[1mreimport[22m | rival_chef_taunt.png[39m[0m
[  42% ] [90m[1mreimport[22m | rival_chef_windup.png[39m[0m
[  42% ] [90m[1mreimport[22m | rival_detective.png[39m[0m
[  42% ] [90m[1mreimport[22m | rival_painter_recover.png[39m[0m
[  42% ] [90m[1mreimport[22m | rival_painter_slash.png[39m[0m
[  43% ] [90m[1mreimport[22m | rival_painter_stagger.png[39m[0m
[  43% ] [90m[1mreimport[22m | rival_painter_taunt.png[39m[0m
[  43% ] [90m[1mreimport[22m | rival_painter_windup.png[39m[0m
[  43% ] [90m[1mreimport[22m | rival_popstar.png[39m[0m
[  43% ] [90m[1mreimport[22m | rival_popstar_bopped.png[39m[0m
[  43% ] [90m[1mreimport[22m | rival_popstar_bow.png[39m[0m
[  43% ] [90m[1mreimport[22m | rival_popstar_charge.png[39m[0m
[  43% ] [90m[1mreimport[22m | rival_popstar_flee.png[39m[0m
[  43% ] [90m[1mreimport[22m | rival_popstar_guard.png[39m[0m
[  43% ] [90m[1mreimport[22m | rival_popstar_hop_a.png[39m[0m
[  43% ] [90m[1mreimport[22m | rival_popstar_hop_b.png[39m[0m
[  44% ] [90m[1mreimport[22m | rival_popstar_recover.png[39m[0m
[  44% ] [90m[1mreimport[22m | rival_popstar_slash.png[39m[0m
[  44% ] [90m[1mreimport[22m | rival_popstar_stagger.png[39m[0m
[  44% ] [90m[1mreimport[22m | rival_popstar_taunt.png[39m[0m
[  44% ] [90m[1mreimport[22m | rival_popstar_windup.png[39m[0m
[  44% ] [90m[1mreimport[22m | rival_racer.png[39m[0m
[  44% ] [90m[1mreimport[22m | rival_racer_bopped.png[39m[0m
[  44% ] [90m[1mreimport[22m | rival_racer_bow.png[39m[0m
[  44% ] [90m[1mreimport[22m | rival_racer_charge.png[39m[0m
[  44% ] [90m[1mreimport[22m | rival_racer_flee.png[39m[0m
[  44% ] [90m[1mreimport[22m | rival_racer_guard.png[39m[0m
[  45% ] [90m[1mreimport[22m | rival_racer_hop_a.png[39m[0m
[  45% ] [90m[1mreimport[22m | rival_racer_hop_b.png[39m[0m
[  45% ] [90m[1mreimport[22m | rival_racer_recover.png[39m[0m
[  45% ] [90m[1mreimport[22m | rival_racer_slash.png[39m[0m
[  45% ] [90m[1mreimport[22m | rival_racer_stagger.png[39m[0m
[  45% ] [90m[1mreimport[22m | rival_racer_taunt.png[39m[0m
[  45% ] [90m[1mreimport[22m | rival_farmer_flee.png[39m[0m
[  45% ] [90m[1mreimport[22m | rival_farmer_guard.png[39m[0m
[  45% ] [90m[1mreimport[22m | rival_farmer_hop_a.png[39m[0m
[  45% ] [90m[1mreimport[22m | rival_farmer_hop_b.png[39m[0m
[  45% ] [90m[1mreimport[22m | rival_farmer_recover.png[39m[0m
[  46% ] [90m[1mreimport[22m | rival_farmer_slash.png[39m[0m
[  46% ] [90m[1mreimport[22m | rival_farmer_stagger.png[39m[0m
[  46% ] [90m[1mreimport[22m | rival_farmer_taunt.png[39m[0m
[  46% ] [90m[1mreimport[22m | rival_farmer_windup.png[39m[0m
[  46% ] [90m[1mreimport[22m | rival_magician.png[39m[0m
[  46% ] [90m[1mreimport[22m | rival_magician_bopped.png[39m[0m
[  46% ] [90m[1mreimport[22m | rival_magician_bow.png[39m[0m
[  46% ] [90m[1mreimport[22m | rival_magician_charge.png[39m[0m
[  46% ] [90m[1mreimport[22m | rival_magician_flee.png[39m[0m
[  46% ] [90m[1mreimport[22m | rival_magician_guard.png[39m[0m
[  46% ] [90m[1mreimport[22m | rival_magician_hop_a.png[39m[0m
[  47% ] [90m[1mreimport[22m | rival_magician_hop_b.png[39m[0m
[  47% ] [90m[1mreimport[22m | rival_magician_recover.png[39m[0m
[  47% ] [90m[1mreimport[22m | rival_magician_slash.png[39m[0m
[  47% ] [90m[1mreimport[22m | rival_magician_stagger.png[39m[0m
[  47% ] [90m[1mreimport[22m | rival_magician_taunt.png[39m[0m
[  47% ] [90m[1mreimport[22m | rival_magician_windup.png[39m[0m
[  47% ] [90m[1mreimport[22m | rival_painter.png[39m[0m
[  47% ] [90m[1mreimport[22m | rival_painter_bopped.png[39m[0m
[  47% ] [90m[1mreimport[22m | rival_painter_bow.png[39m[0m
[  47% ] [90m[1mreimport[22m | rival_painter_charge.png[39m[0m
[  47% ] [90m[1mreimport[22m | rival_painter_flee.png[39m[0m
[  48% ] [90m[1mreimport[22m | rival_painter_guard.png[39m[0m
[  48% ] [90m[1mreimport[22m | rival_painter_hop_a.png[39m[0m
[  48% ] [90m[1mreimport[22m | rival_painter_hop_b.png[39m[0m
[  48% ] [90m[1mreimport[22m | otter_startle_atlas.png[39m[0m
[  48% ] [90m[1mreimport[22m | raccoon_idle_atlas.png[39m[0m
[  48% ] [90m[1mreimport[22m | raccoon_startle_atlas.png[39m[0m
[  48% ] [90m[1mreimport[22m | squirrel_idle_atlas.png[39m[0m
[  48% ] [90m[1mreimport[22m | squirrel_startle_atlas.png[39m[0m
[  48% ] [90m[1mreimport[22m | roshan_seesaw_0.png[39m[0m
[  48% ] [90m[1mreimport[22m | roshan_seesaw_1.png[39m[0m
[  48% ] [90m[1mreimport[22m | roshan_seesaw_2.png[39m[0m
[  49% ] [90m[1mreimport[22m | roshan_seesaw_3.png[39m[0m
[  49% ] [90m[1mreimport[22m | roshan_slide_0.png[39m[0m
[  49% ] [90m[1mreimport[22m | roshan_slide_1.png[39m[0m
[  49% ] [90m[1mreimport[22m | roshan_slide_2_v2.png[39m[0m
[  49% ] [90m[1mreimport[22m | roshan_slide_3_v2.png[39m[0m
[  49% ] [90m[1mreimport[22m | roshan_swing_0.png[39m[0m
[  49% ] [90m[1mreimport[22m | roshan_swing_1.png[39m[0m
[  49% ] [90m[1mreimport[22m | roshan_swing_2_v2.png[39m[0m
[  49% ] [90m[1mreimport[22m | roshan_swing_3_v2.png[39m[0m
[  49% ] [90m[1mreimport[22m | sky_lagoon_castle_gate.png[39m[0m
[  50% ] [90m[1mreimport[22m | sky_lagoon_cloud_family_drift.png[39m[0m
[  50% ] [90m[1mreimport[22m | sky_lagoon_contact_shadow.png[39m[0m
[  50% ] [90m[1mreimport[22m | sky_lagoon_slide.png[39m[0m
[  50% ] [90m[1mreimport[22m | sky_lagoon_smoke_wisp_v2.png[39m[0m
[  50% ] [90m[1mreimport[22m | sky_lagoon_swing.png[39m[0m
[  50% ] [90m[1mreimport[22m | display_shelf.png[39m[0m
[  50% ] [90m[1mreimport[22m | backdrop_seamounts.jpg[39m[0m
[  50% ] [90m[1mreimport[22m | beachball.png[39m[0m
[  50% ] [90m[1mreimport[22m | castle_carpet_col.jpg[39m[0m
[  50% ] [90m[1mreimport[22m | castle_floor_col.jpg[39m[0m
[  50% ] [90m[1mreimport[22m | caustics.png[39m[0m
[  51% ] [90m[1mreimport[22m | sanddollar_Image_0_flat.png[39m[0m
[  51% ] [90m[1mreimport[22m | seagrass.png[39m[0m
[  51% ] [90m[1mreimport[22m | shark_Image_0.jpg[39m[0m
[  51% ] [90m[1mreimport[22m | smallfanshell_Image_0_flat.png[39m[0m
[  51% ] [90m[1mreimport[22m | spiralshell_Image_0_flat.png[39m[0m
[  51% ] [90m[1mreimport[22m | sponge_barrel_Image_0_flat.png[39m[0m
[  51% ] [90m[1mreimport[22m | sponge_tubes_Image_0_flat.png[39m[0m
[  51% ] [90m[1mreimport[22m | squid_Image_0.jpg[39m[0m
[  51% ] [90m[1mreimport[22m | starfish_decal.png[39m[0m
[  51% ] [90m[1mreimport[22m | starfish_Image_0_flat.png[39m[0m
[  51% ] [90m[1mreimport[22m | stingray_Image_0.jpg[39m[0m
[  52% ] [90m[1mreimport[22m | tree_fall2_Image_0_flat.png[39m[0m
[  52% ] [90m[1mreimport[22m | tree_fall_Image_0_flat.png[39m[0m
[  52% ] [90m[1mreimport[22m | tree_fat_Image_0_flat.png[39m[0m
[  52% ] [90m[1mreimport[22m | tree_palm_Image_0_flat.png[39m[0m
[  52% ] [90m[1mreimport[22m | tree_pineroundf_Image_0_lift_flat.png[39m[0m
[  52% ] [90m[1mreimport[22m | turtle_Image_0.jpg[39m[0m
[  52% ] [90m[1mreimport[22m | whale_Image_0.jpg[39m[0m
[  52% ] [90m[1mreimport[22m | colormap.png[39m[0m
[  52% ] [90m[1mreimport[22m | fx_water_bubble_burst_atlas.png[39m[0m
[  52% ] [90m[1mreimport[22m | fx_water_foamline_strip.png[39m[0m
[  52% ] [90m[1mreimport[22m | fx_water_ripple_ring_atlas.png[39m[0m
[  53% ] [90m[1mreimport[22m | fx_water_splash_breach_atlas.png[39m[0m
[  53% ] [90m[1mreimport[22m | fx_water_splash_medium_atlas.png[39m[0m
[  53% ] [90m[1mreimport[22m | fx_water_splash_small_atlas.png[39m[0m
[  53% ] [90m[1mreimport[22m | frog_idle_atlas.png[39m[0m
[  53% ] [90m[1mreimport[22m | frog_startle_atlas.png[39m[0m
[  53% ] [90m[1mreimport[22m | hare_idle_atlas.png[39m[0m
[  53% ] [90m[1mreimport[22m | hare_startle_atlas.png[39m[0m
[  53% ] [90m[1mreimport[22m | otter_idle_atlas.png[39m[0m
[  53% ] [90m[1mreimport[22m | up_fabric_col.jpg[39m[0m
[  53% ] [90m[1mreimport[22m | up_fabric_nrm.jpg[39m[0m
[  53% ] [90m[1mreimport[22m | up_fabric_rgh.jpg[39m[0m
[  54% ] [90m[1mreimport[22m | up_flagstone_col.jpg[39m[0m
[  54% ] [90m[1mreimport[22m | up_flagstone_nrm.jpg[39m[0m
[  54% ] [90m[1mreimport[22m | up_flagstone_rgh.jpg[39m[0m
[  54% ] [90m[1mreimport[22m | up_grass_col.jpg[39m[0m
[  54% ] [90m[1mreimport[22m | up_grass_nrm.jpg[39m[0m
[  54% ] [90m[1mreimport[22m | up_grass_rgh.jpg[39m[0m
[  54% ] [90m[1mreimport[22m | up_marble_col.jpg[39m[0m
[  54% ] [90m[1mreimport[22m | up_marble_nrm.jpg[39m[0m
[  54% ] [90m[1mreimport[22m | up_marble_rgh.jpg[39m[0m
[  54% ] [90m[1mreimport[22m | up_roof_col.jpg[39m[0m
[  54% ] [90m[1mreimport[22m | up_roof_nrm.jpg[39m[0m
[  55% ] [90m[1mreimport[22m | up_roof_rgh.jpg[39m[0m
[  55% ] [90m[1mreimport[22m | up_sand_col.jpg[39m[0m
[  55% ] [90m[1mreimport[22m | up_sand_nrm.jpg[39m[0m
[  55% ] [90m[1mreimport[22m | up_sand_rgh.jpg[39m[0m
[  55% ] [90m[1mreimport[22m | up_shipwood_col.png[39m[0m
[  55% ] [90m[1mreimport[22m | up_snowsoft_col.jpg[39m[0m
[  55% ] [90m[1mreimport[22m | up_snow_col.jpg[39m[0m
[  55% ] [90m[1mreimport[22m | up_snow_nrm.jpg[39m[0m
[  55% ] [90m[1mreimport[22m | up_snow_rgh.jpg[39m[0m
[  55% ] [90m[1mreimport[22m | up_water_col.jpg[39m[0m
[  55% ] [90m[1mreimport[22m | up_water_nrm.jpg[39m[0m
[  56% ] [90m[1mreimport[22m | up_water_rgh.jpg[39m[0m
[  56% ] [90m[1mreimport[22m | up_wood_col.jpg[39m[0m
[  56% ] [90m[1mreimport[22m | up_wood_nrm.jpg[39m[0m
[  56% ] [90m[1mreimport[22m | up_wood_rgh.jpg[39m[0m
[  56% ] [90m[1mreimport[22m | monstertruck_Atlas.png[39m[0m
[  56% ] [90m[1mreimport[22m | flower2.png[39m[0m
[  56% ] [90m[1mreimport[22m | flower.png[39m[0m
[  56% ] [90m[1mreimport[22m | gen2_water_col.jpg[39m[0m
[  56% ] [90m[1mreimport[22m | grass.jpg[39m[0m
[  56% ] [90m[1mreimport[22m | kitchen_counter_col.jpg[39m[0m
[  56% ] [90m[1mreimport[22m | kitchen_floor_col.jpg[39m[0m
[  57% ] [90m[1mreimport[22m | kitchen_wood_col.jpg[39m[0m
[  57% ] [90m[1mreimport[22m | leaf.png[39m[0m
[  57% ] [90m[1mreimport[22m | polyp.png[39m[0m
[  57% ] [90m[1mreimport[22m | polyp_normal.png[39m[0m
[  57% ] [90m[1mreimport[22m | scales.png[39m[0m
[  57% ] [90m[1mreimport[22m | scales_normal.png[39m[0m
[  57% ] [90m[1mreimport[22m | star_detail.png[39m[0m
[  57% ] [90m[1mreimport[22m | up_castle_col.jpg[39m[0m
[  57% ] [90m[1mreimport[22m | up_castle_nrm.jpg[39m[0m
[  57% ] [90m[1mreimport[22m | up_castle_rgh.jpg[39m[0m
[  57% ] [90m[1mreimport[22m | up_cliffwall_col.jpg[39m[0m
[  58% ] [90m[1mreimport[22m | up_cliff_col.jpg[39m[0m
[  58% ] [90m[1mreimport[22m | up_cliff_nrm.jpg[39m[0m
[  58% ] [90m[1mreimport[22m | up_cliff_rgh.jpg[39m[0m
[  58% ] [90m[1mreimport[22m | up_cobble_col.jpg[39m[0m
[  58% ] [90m[1mreimport[22m | up_cobble_nrm.jpg[39m[0m
[  58% ] [90m[1mreimport[22m | up_cobble_rgh.jpg[39m[0m
[  58% ] [90m[1mreimport[22m | up_crystal_col.png[39m[0m
[  58% ] [90m[1mreimport[22m | up_dirt_col.jpg[39m[0m
[  58% ] [90m[1mreimport[22m | up_dirt_nrm.jpg[39m[0m
[  58% ] [90m[1mreimport[22m | up_dirt_rgh.jpg[39m[0m
[  58% ] [90m[1mreimport[22m | up_door_col.jpg[39m[0m
[  59% ] [90m[1mreimport[22m | up_door_nrm.jpg[39m[0m
[  59% ] [90m[1mreimport[22m | up_door_rgh.jpg[39m[0m
[  59% ] [90m[1mreimport[22m | widget_charge_ballerina_glow.png[39m[0m
[  59% ] [90m[1mreimport[22m | widget_charge_farmer_glow.png[39m[0m
[  59% ] [90m[1mreimport[22m | widget_charge_magician_glow.png[39m[0m
[  59% ] [90m[1mreimport[22m | widget_charge_popstar_glow.png[39m[0m
[  59% ] [90m[1mreimport[22m | widget_crank_astronaut_mover.png[39m[0m
[  59% ] [90m[1mreimport[22m | widget_crank_ballerina_mover.png[39m[0m
[  59% ] [90m[1mreimport[22m | widget_crank_candymaker_mover.png[39m[0m
[  59% ] [90m[1mreimport[22m | widget_crank_chef_mover.png[39m[0m
[  59% ] [90m[1mreimport[22m | widget_crank_doctor_mover.png[39m[0m
[  60% ] [90m[1mreimport[22m | widget_crank_magician_mover.png[39m[0m
[  60% ] [90m[1mreimport[22m | widget_crank_painter_mover.png[39m[0m
[  60% ] [90m[1mreimport[22m | widget_crank_popstar_mover.png[39m[0m
[  60% ] [90m[1mreimport[22m | widget_crank_racer_mover.png[39m[0m
[  60% ] [90m[1mreimport[22m | widget_gauge_shared_needle.png[39m[0m
[  60% ] [90m[1mreimport[22m | widget_lanes_shared_pick.png[39m[0m
[  60% ] [90m[1mreimport[22m | widget_pour_candymaker_mover.png[39m[0m
[  60% ] [90m[1mreimport[22m | widget_pour_chef_mover.png[39m[0m
[  60% ] [90m[1mreimport[22m | widget_pour_nursery_mover.png[39m[0m
[  60% ] [90m[1mreimport[22m | widget_pour_painter_mover.png[39m[0m
[  60% ] [90m[1mreimport[22m | widget_push_boxer_mover.png[39m[0m
[  61% ] [90m[1mreimport[22m | widget_push_farmer_mover.png[39m[0m
[  61% ] [90m[1mreimport[22m | widget_push_nursery_mover.png[39m[0m
[  61% ] [90m[1mreimport[22m | widget_push_racer_mover.png[39m[0m
[  61% ] [90m[1mreimport[22m | widget_push_shared_arrow_down.png[39m[0m
[  61% ] [90m[1mreimport[22m | widget_push_shared_arrow_lr.png[39m[0m
[  61% ] [90m[1mreimport[22m | widget_target_astronaut_mark.png[39m[0m
[  61% ] [90m[1mreimport[22m | widget_target_astronaut_mover.png[39m[0m
[  61% ] [90m[1mreimport[22m | widget_target_boxer_mark.png[39m[0m
[  61% ] [90m[1mreimport[22m | widget_target_boxer_mover.png[39m[0m
[  61% ] [90m[1mreimport[22m | fx_bop_puff.png[39m[0m
[  61% ] [90m[1mreimport[22m | fx_dizzy_stars.png[39m[0m
[  62% ] [90m[1mreimport[22m | fx_dust_puff.png[39m[0m
[  62% ] [90m[1mreimport[22m | fx_slash_arc.png[39m[0m
[  62% ] [90m[1mreimport[22m | fx_stolen_sparkle.png[39m[0m
[  62% ] [90m[1mreimport[22m | fx_telegraph_bang.png[39m[0m
[  62% ] [90m[1mreimport[22m | fx_telegraph_ring.png[39m[0m
[  62% ] [90m[1mreimport[22m | goal_astronaut.png[39m[0m
[  62% ] [90m[1mreimport[22m | goal_ballerina.png[39m[0m
[  62% ] [90m[1mreimport[22m | goal_boxer.png[39m[0m
[  62% ] [90m[1mreimport[22m | goal_candymaker.png[39m[0m
[  62% ] [90m[1mreimport[22m | goal_chef.png[39m[0m
[  62% ] [90m[1mreimport[22m | goal_detective.png[39m[0m
[  63% ] [90m[1mreimport[22m | goal_doctor.png[39m[0m
[  63% ] [90m[1mreimport[22m | goal_farmer.png[39m[0m
[  63% ] [90m[1mreimport[22m | goal_magician.png[39m[0m
[  63% ] [90m[1mreimport[22m | goal_nursery.png[39m[0m
[  63% ] [90m[1mreimport[22m | goal_painter.png[39m[0m
[  63% ] [90m[1mreimport[22m | goal_popstar.png[39m[0m
[  63% ] [90m[1mreimport[22m | goal_racer.png[39m[0m
[  63% ] [90m[1mreimport[22m | finale_stage_c0r0.png[39m[0m
[  63% ] [90m[1mreimport[22m | finale_stage_c0r1.png[39m[0m
[  63% ] [90m[1mreimport[22m | finale_stage_c1r0.png[39m[0m
[  63% ] [90m[1mreimport[22m | finale_stage_c1r1.png[39m[0m
[  64% ] [90m[1mreimport[22m | magnifier.png[39m[0m
[  64% ] [90m[1mreimport[22m | station_marker.png[39m[0m
[  64% ] [90m[1mreimport[22m | task_card_frame.png[39m[0m
[  64% ] [90m[1mreimport[22m | widget_basin_shared_shine.png[39m[0m
[  64% ] [90m[1mreimport[22m | widget_catch_nursery_cradle.png[39m[0m
[  64% ] [90m[1mreimport[22m | widget_charge_astronaut_glow.png[39m[0m
[  64% ] [90m[1mreimport[22m | coral6_Image_0_flat.png[39m[0m
[  64% ] [90m[1mreimport[22m | coral_Image_0_flat.png[39m[0m
[  64% ] [90m[1mreimport[22m | crab_Image_0.jpg[39m[0m
[  64% ] [90m[1mreimport[22m | craft_birdie_base_color.jpg[39m[0m
[  64% ] [90m[1mreimport[22m | craft_birdie_mask.png[39m[0m
[  65% ] [90m[1mreimport[22m | craft_birdie_rigged_base_color.jpg[39m[0m
[  65% ] [90m[1mreimport[22m | craft_kitty_base_color.jpg[39m[0m
[  65% ] [90m[1mreimport[22m | craft_kitty_mask.png[39m[0m
[  65% ] [90m[1mreimport[22m | craft_kitty_rigged_base_color.jpg[39m[0m
[  65% ] [90m[1mreimport[22m | dolphin_Image_0.jpg[39m[0m
[  65% ] [90m[1mreimport[22m | fanshell_Image_0_flat.png[39m[0m
[  65% ] [90m[1mreimport[22m | grasstuft.png[39m[0m
[  65% ] [90m[1mreimport[22m | hammerhead_Image_0.jpg[39m[0m
[  65% ] [90m[1mreimport[22m | kelp.png[39m[0m
[  65% ] [90m[1mreimport[22m | lobster_Image_0.jpg[39m[0m
[  65% ] [90m[1mreimport[22m | octopus_Image_0.jpg[39m[0m
[  66% ] [90m[1mreimport[22m | penguin_Image_0.jpg[39m[0m
[  66% ] [90m[1mreimport[22m | play_horse_Image_0_flat.png[39m[0m
[  66% ] [90m[1mreimport[22m | play_merry_Image_0_flat.png[39m[0m
[  66% ] [90m[1mreimport[22m | play_sandbox_Image_0_flat.png[39m[0m
[  66% ] [90m[1mreimport[22m | play_seesaw_Image_0_flat.png[39m[0m
[  66% ] [90m[1mreimport[22m | play_slide_Image_0_flat.png[39m[0m
[  66% ] [90m[1mreimport[22m | play_swing_Image_0_flat.png[39m[0m
[  66% ] [90m[1mreimport[22m | rock1_Image_0_flat.png[39m[0m
[  66% ] [90m[1mreimport[22m | rock2_Image_0_flat.png[39m[0m
[  66% ] [90m[1mreimport[22m | rock3_Image_0_flat.png[39m[0m
[  66% ] [90m[1mreimport[22m | rock4_Image_0_flat.png[39m[0m
[  67% ] [90m[1mreimport[22m | rock5_Image_0_flat.png[39m[0m
[  67% ] [90m[1mreimport[22m | rock_Image_0_flat.png[39m[0m
[  67% ] [90m[1mreimport[22m | rock_largea_Image_0_flat.png[39m[0m
[  67% ] [90m[1mreimport[22m | widget_target_candymaker_mark.png[39m[0m
[  67% ] [90m[1mreimport[22m | widget_target_candymaker_mover.png[39m[0m
[  67% ] [90m[1mreimport[22m | widget_target_chef_mark.png[39m[0m
[  67% ] [90m[1mreimport[22m | widget_target_chef_mover.png[39m[0m
[  67% ] [90m[1mreimport[22m | widget_target_doctor_mark.png[39m[0m
[  67% ] [90m[1mreimport[22m | widget_target_doctor_mover.png[39m[0m
[  67% ] [90m[1mreimport[22m | widget_target_farmer_mark.png[39m[0m
[  67% ] [90m[1mreimport[22m | widget_target_farmer_mover.png[39m[0m
[  68% ] [90m[1mreimport[22m | widget_target_painter_mark.png[39m[0m
[  68% ] [90m[1mreimport[22m | widget_target_painter_mover.png[39m[0m
[  68% ] [90m[1mreimport[22m | widget_target_racer_mark.png[39m[0m
[  68% ] [90m[1mreimport[22m | widget_target_racer_mover.png[39m[0m
[  68% ] [90m[1mreimport[22m | widget_track_ballerina_mover.png[39m[0m
[  68% ] [90m[1mreimport[22m | widget_track_boxer_mover.png[39m[0m
[  68% ] [90m[1mreimport[22m | widget_track_candymaker_mover.png[39m[0m
[  68% ] [90m[1mreimport[22m | widget_track_detective_mover.png[39m[0m
[  68% ] [90m[1mreimport[22m | widget_track_farmer_mover.png[39m[0m
[  68% ] [90m[1mreimport[22m | widget_track_magician_mover.png[39m[0m
[  68% ] [90m[1mreimport[22m | widget_track_nursery_mover.png[39m[0m
[  69% ] [90m[1mreimport[22m | widget_track_popstar_mover.png[39m[0m
[  69% ] [90m[1mreimport[22m | widget_track_shared_hit.png[39m[0m
[  69% ] [90m[1mreimport[22m | butterfly1.png[39m[0m
[  69% ] [90m[1mreimport[22m | butterfly2.png[39m[0m
[  69% ] [90m[1mreimport[22m | clownfish_Image_0.jpg[39m[0m
[  69% ] [90m[1mreimport[22m | clownfish_side.png[39m[0m
[  69% ] [90m[1mreimport[22m | coral1_Image_0_flat.png[39m[0m
[  69% ] [90m[1mreimport[22m | coral2_Image_0_flat.png[39m[0m
[  69% ] [90m[1mreimport[22m | coral3_Image_0_flat.png[39m[0m
[  69% ] [90m[1mreimport[22m | coral4_Image_0_flat.png[39m[0m
[  69% ] [90m[1mreimport[22m | coral5_Image_0_flat.png[39m[0m
[  70% ] [90m[1mreimport[22m | huluu.png[39m[0m
[  70% ] [90m[1mreimport[22m | kareem.png[39m[0m
[  70% ] [90m[1mreimport[22m | mama_baby.png[39m[0m
[  70% ] [90m[1mreimport[22m | pearl_friend.png[39m[0m
[  70% ] [90m[1mreimport[22m | two_friends.png[39m[0m
[  70% ] [90m[1mreimport[22m | wacky_chuck.png[39m[0m
[  70% ] [90m[1mreimport[22m | roshan_base.png[39m[0m
[  70% ] [90m[1mreimport[22m | roshan_directional.png[39m[0m
[  70% ] [90m[1mreimport[22m | roshan_gestures.png[39m[0m
[  70% ] [90m[1mreimport[22m | roshan_gesture_a.png[39m[0m
[  70% ] [90m[1mreimport[22m | roshan_gesture_b.png[39m[0m
[  71% ] [90m[1mreimport[22m | roshan_gesture_c.png[39m[0m
[  71% ] [90m[1mreimport[22m | roshan_gesture_d.png[39m[0m
[  71% ] [90m[1mreimport[22m | roshan_play.png[39m[0m
[  71% ] [90m[1mreimport[22m | roshan_play_a.png[39m[0m
[  71% ] [90m[1mreimport[22m | roshan_play_b.png[39m[0m
[  71% ] [90m[1mreimport[22m | roshan_swim.png[39m[0m
[  71% ] [90m[1mreimport[22m | roshan_swim_back.png[39m[0m
[  71% ] [90m[1mreimport[22m | roshan_swim_front.png[39m[0m
[  71% ] [90m[1mreimport[22m | fairy_mermaid.png[39m[0m
[  71% ] [90m[1mreimport[22m | fairy_wing_card.png[39m[0m
[  71% ] [90m[1mreimport[22m | daddy.png[39m[0m
[  72% ] [90m[1mreimport[22m | flower_friend.png[39m[0m
[  72% ] [90m[1mreimport[22m | huluu.png[39m[0m
[  72% ] [90m[1mreimport[22m | kareem.png[39m[0m
[  72% ] [90m[1mreimport[22m | mama_baby.png[39m[0m
[  72% ] [90m[1mreimport[22m | pearl_friend.png[39m[0m
[  72% ] [90m[1mreimport[22m | two_friends.png[39m[0m
[  72% ] [90m[1mreimport[22m | wacky_chuck.png[39m[0m
[  72% ] [90m[1mreimport[22m | baby_doll.png[39m[0m
[  72% ] [90m[1mreimport[22m | chuck_solo.png[39m[0m
[  72% ] [90m[1mreimport[22m | doll_bunny.png[39m[0m
[  72% ] [90m[1mreimport[22m | doll_cat.png[39m[0m
[  73% ] [90m[1mreimport[22m | flower_girl.png[39m[0m
[  73% ] [90m[1mreimport[22m | friendship_flower.png[39m[0m
[  73% ] [90m[1mreimport[22m | kareem_shop.jpg[39m[0m
[  73% ] [90m[1mreimport[22m | lake_winter.jpg[39m[0m
[  73% ] [90m[1mreimport[22m | nursery_bg.jpg[39m[0m
[  73% ] [90m[1mreimport[22m | grime_desk.png[39m[0m
[  73% ] [90m[1mreimport[22m | grime_left.png[39m[0m
[  73% ] [90m[1mreimport[22m | grime_right.png[39m[0m
[  73% ] [90m[1mreimport[22m | loose_brush_bundle.png[39m[0m
[  73% ] [90m[1mreimport[22m | magic_cleaning_brush.png[39m[0m
[  73% ] [90m[1mreimport[22m | paint_bottle_blue.png[39m[0m
[  74% ] [90m[1mreimport[22m | paint_bottle_pink.png[39m[0m
[  74% ] [90m[1mreimport[22m | paint_cups.png[39m[0m
[  74% ] [90m[1mreimport[22m | dust_bunny_family.png[39m[0m
[  74% ] [90m[1mreimport[22m | dust_bunny_hop.png[39m[0m
[  74% ] [90m[1mreimport[22m | dust_bunny_shell_hide.png[39m[0m
[  74% ] [90m[1mreimport[22m | dust_bunny_sleepy.png[39m[0m
[  74% ] [90m[1mreimport[22m | fx_soap_bubbles.png[39m[0m
[  74% ] [90m[1mreimport[22m | bed_nano_fabric_bed_1.png[39m[0m
[  74% ] [90m[1mreimport[22m | bed_nano_fabric_bed_3.png[39m[0m
[  74% ] [90m[1mreimport[22m | bed_nano_fabric_bed_4.png[39m[0m
[  74% ] [90m[1mreimport[22m | bed_nano_wood_bed_2.png[39m[0m
[  75% ] [90m[1mreimport[22m | throne_nano_fabric_throne_2.png[39m[0m
[  75% ] [90m[1mreimport[22m | throne_nano_wood_throne_1.png[39m[0m
[  75% ] [90m[1mreimport[22m | daddy.webp[39m[0m
[  75% ] [90m[1mreimport[22m | flower_friend.png[39m[0m
[  75% ] [90m[1mreimport[22m | castle_banner_motif_rainbow.png[39m[0m
[  75% ] [90m[1mreimport[22m | castle_banner_motif_shell.png[39m[0m
[  75% ] [90m[1mreimport[22m | castle_banner_motif_star.png[39m[0m
[  75% ] [90m[1mreimport[22m | castle_banner_ocean.png[39m[0m
[  75% ] [90m[1mreimport[22m | castle_banner_pink.png[39m[0m
[  75% ] [90m[1mreimport[22m | castle_banner_purple.png[39m[0m
[  75% ] [90m[1mreimport[22m | castle_banner_rainbow.png[39m[0m
[  76% ] [90m[1mreimport[22m | main_hall_room_led_r0_c0.png[39m[0m
[  76% ] [90m[1mreimport[22m | main_hall_room_led_r0_c1.png[39m[0m
[  76% ] [90m[1mreimport[22m | main_hall_room_led_r0_c2.png[39m[0m
[  76% ] [90m[1mreimport[22m | main_hall_room_led_r0_c3.png[39m[0m
[  76% ] [90m[1mreimport[22m | main_hall_room_led_r1_c0.png[39m[0m
[  76% ] [90m[1mreimport[22m | main_hall_room_led_r1_c1.png[39m[0m
[  76% ] [90m[1mreimport[22m | main_hall_room_led_r1_c2.png[39m[0m
[  76% ] [90m[1mreimport[22m | main_hall_room_led_r1_c3.png[39m[0m
[  76% ] [90m[1mreimport[22m | castle_playroom_portal_reuse.png[39m[0m
[  76% ] [90m[1mreimport[22m | castle_royal_tapestry_reuse.png[39m[0m
[  76% ] [90m[1mreimport[22m | castle_sconce_glow_reuse.png[39m[0m
[  77% ] [90m[1mreimport[22m | castle_shell_sconce_assembly.png[39m[0m
[  77% ] [90m[1mreimport[22m | castle_shell_sconce_touchable.png[39m[0m
[  77% ] [90m[1mreimport[22m | main_hall_screen_a_room_led_master.png[39m[0m
[  77% ] [90m[1mreimport[22m | main_hall_screen_b_room_led_master.png[39m[0m
[  77% ] [90m[1mreimport[22m | sign_bubble_bath.png[39m[0m
[  77% ] [90m[1mreimport[22m | sign_craft_room.png[39m[0m
[  77% ] [90m[1mreimport[22m | sign_family_gallery.png[39m[0m
[  77% ] [90m[1mreimport[22m | sign_kitchen.png[39m[0m
[  77% ] [90m[1mreimport[22m | sign_library.png[39m[0m
[  77% ] [90m[1mreimport[22m | sign_mermaid_pool.png[39m[0m
[  77% ] [90m[1mreimport[22m | sign_opera_hall.png[39m[0m
[  78% ] [90m[1mreimport[22m | chuck_poodle_rigged_base_color.jpg[39m[0m
[  78% ] [90m[1mreimport[22m | chuck_poodle_rigged_metallic_roughness.jpg[39m[0m
[  78% ] [90m[1mreimport[22m | chuck_poodle_rigged_normal.jpg[39m[0m
[  78% ] [90m[1mreimport[22m | fairy_fairy_mermaid.png[39m[0m
[  78% ] [90m[1mreimport[22m | huluu_huluu.png[39m[0m
[  78% ] [90m[1mreimport[22m | lamb_0.png[39m[0m
[  78% ] [90m[1mreimport[22m | roshan_sprite.png[39m[0m
[  78% ] [90m[1mreimport[22m | purple_vortex_v4.png[39m[0m
[  78% ] [90m[1mreimport[22m | boss_bloom.png[39m[0m
[  78% ] [90m[1mreimport[22m | boss_bud.png[39m[0m
[  78% ] [90m[1mreimport[22m | boss_leaf.png[39m[0m
[  79% ] [90m[1mreimport[22m | boss_opening.png[39m[0m
[  79% ] [90m[1mreimport[22m | boss_seed.png[39m[0m
[  79% ] [90m[1mreimport[22m | boss_sprout.png[39m[0m
[  79% ] [90m[1mreimport[22m | bug_firefly.png[39m[0m
[  79% ] [90m[1mreimport[22m | bug_jewel.png[39m[0m
[  79% ] [90m[1mreimport[22m | bug_moth.png[39m[0m
[  79% ] [90m[1mreimport[22m | danger_thorn_halo.png[39m[0m
[  79% ] [90m[1mreimport[22m | helpful_flower_gate.png[39m[0m
[  79% ] [90m[1mreimport[22m | ornament_lavender_reeds.png[39m[0m
[  79% ] [90m[1mreimport[22m | ornament_lily_cluster.png[39m[0m
[  79% ] [90m[1mreimport[22m | pond_panorama.png[39m[0m
[  80% ] [90m[1mreimport[22m | dusty_attic_arena_2048.png[39m[0m
[  80% ] [90m[1mreimport[22m | castle_banner_gold.png[39m[0m
[  80% ] [90m[1mreimport[22m | castle_banner_mint.png[39m[0m
[  80% ] [90m[1mreimport[22m | castle_banner_motif_butterfly.png[39m[0m
[  80% ] [90m[1mreimport[22m | castle_banner_motif_crown.png[39m[0m
[  80% ] [90m[1mreimport[22m | castle_banner_motif_dog.png[39m[0m
[  80% ] [90m[1mreimport[22m | castle_banner_motif_heart.png[39m[0m
[  80% ] [90m[1mreimport[22m | castle_banner_motif_kitty.png[39m[0m
[  80% ] [90m[1mreimport[22m | coral5_Image_0_flat_coral5_Image_0_flat.png[39m[0m
[  80% ] [90m[1mreimport[22m | coral6_Image_0_flat_coral6_Image_0_flat.png[39m[0m
[  80% ] [90m[1mreimport[22m | coral_Image_0_flat_coral_Image_0_flat.png[39m[0m
[  81% ] [90m[1mreimport[22m | craft_birdie_mask_craft_birdie_mask.png[39m[0m
[  81% ] [90m[1mreimport[22m | craft_kitty_mask_craft_kitty_mask.png[39m[0m
[  81% ] [90m[1mreimport[22m | fanshell_Image_0_flat_fanshell_Image_0_flat.png[39m[0m
[  81% ] [90m[1mreimport[22m | grasstuft_grasstuft.png[39m[0m
[  81% ] [90m[1mreimport[22m | kelp_kelp.png[39m[0m
[  81% ] [90m[1mreimport[22m | play_horse_Image_0_flat_play_horse_Image_0_flat.png[39m[0m
[  81% ] [90m[1mreimport[22m | play_merry_Image_0_flat_play_merry_Image_0_flat.png[39m[0m
[  81% ] [90m[1mreimport[22m | play_sandbox_Image_0_flat_play_sandbox_Image_0_flat.png[39m[0m
[  81% ] [90m[1mreimport[22m | play_seesaw_Image_0_flat_play_seesaw_Image_0_flat.png[39m[0m
[  81% ] [90m[1mreimport[22m | play_slide_Image_0_flat_play_slide_Image_0_flat.png[39m[0m
[  81% ] [90m[1mreimport[22m | play_swing_Image_0_flat_play_swing_Image_0_flat.png[39m[0m
[  82% ] [90m[1mreimport[22m | rock1_Image_0_flat_rock1_Image_0_flat.png[39m[0m
[  82% ] [90m[1mreimport[22m | rock2_Image_0_flat_rock2_Image_0_flat.png[39m[0m
[  82% ] [90m[1mreimport[22m | rock3_Image_0_flat_rock3_Image_0_flat.png[39m[0m
[  82% ] [90m[1mreimport[22m | rock4_Image_0_flat_rock4_Image_0_flat.png[39m[0m
[  82% ] [90m[1mreimport[22m | rock5_Image_0_flat_rock5_Image_0_flat.png[39m[0m
[  82% ] [90m[1mreimport[22m | rock_Image_0_flat_rock_Image_0_flat.png[39m[0m
[  82% ] [90m[1mreimport[22m | rock_largea_Image_0_flat_rock_largea_Image_0_flat.png[39m[0m
[  82% ] [90m[1mreimport[22m | sanddollar_Image_0_flat_sanddollar_Image_0_flat.png[39m[0m
[  82% ] [90m[1mreimport[22m | seagrass_seagrass.png[39m[0m
[  82% ] [90m[1mreimport[22m | smallfanshell_Image_0_flat_smallfanshell_Image_0_flat.png[39m[0m
[  82% ] [90m[1mreimport[22m | spiralshell_Image_0_flat_spiralshell_Image_0_flat.png[39m[0m
[  83% ] [90m[1mreimport[22m | sponge_barrel_Image_0_flat_sponge_barrel_Image_0_flat.png[39m[0m
[  83% ] [90m[1mreimport[22m | sponge_tubes_Image_0_flat_sponge_tubes_Image_0_flat.png[39m[0m
[  83% ] [90m[1mreimport[22m | starfish_decal_starfish_decal.png[39m[0m
[  83% ] [90m[1mreimport[22m | starfish_Image_0_flat_starfish_Image_0_flat.png[39m[0m
[  83% ] [90m[1mreimport[22m | Rock2_nano_cliff_Rock2_1.png[39m[0m
[  83% ] [90m[1mreimport[22m | ClownFish_Image_0.jpg[39m[0m
[  83% ] [90m[1mreimport[22m | ClownFish_normal.png[39m[0m
[  83% ] [90m[1mreimport[22m | Crab_Image_0.jpg[39m[0m
[  83% ] [90m[1mreimport[22m | Crab_normal.png[39m[0m
[  83% ] [90m[1mreimport[22m | Dolphin_Image_0.jpg[39m[0m
[  83% ] [90m[1mreimport[22m | Dolphin_normal.png[39m[0m
[  84% ] [90m[1mreimport[22m | Hammerhead_Image_0.jpg[39m[0m
[  84% ] [90m[1mreimport[22m | Hammerhead_normal.png[39m[0m
[  84% ] [90m[1mreimport[22m | Lobster_Image_0.jpg[39m[0m
[  84% ] [90m[1mreimport[22m | Lobster_normal.png[39m[0m
[  84% ] [90m[1mreimport[22m | Octopus_Image_0.jpg[39m[0m
[  84% ] [90m[1mreimport[22m | Octopus_normal.png[39m[0m
[  84% ] [90m[1mreimport[22m | Shark_Image_0.jpg[39m[0m
[  84% ] [90m[1mreimport[22m | Shark_normal.png[39m[0m
[  84% ] [90m[1mreimport[22m | Squid_Image_0.jpg[39m[0m
[  84% ] [90m[1mreimport[22m | Squid_normal.png[39m[0m
[  84% ] [90m[1mreimport[22m | StingRay_Image_0.jpg[39m[0m
[  85% ] [90m[1mreimport[22m | StingRay_normal.png[39m[0m
[  85% ] [90m[1mreimport[22m | Turtle_Image_0.jpg[39m[0m
[  85% ] [90m[1mreimport[22m | Turtle_normal.png[39m[0m
[  85% ] [90m[1mreimport[22m | Whale_Image_0.jpg[39m[0m
[  85% ] [90m[1mreimport[22m | Whale_normal.png[39m[0m
[  85% ] [90m[1mreimport[22m | butterfly1_butterfly1.png[39m[0m
[  85% ] [90m[1mreimport[22m | butterfly2_butterfly2.png[39m[0m
[  85% ] [90m[1mreimport[22m | clownfish_side_clownfish_side.png[39m[0m
[  85% ] [90m[1mreimport[22m | coral1_Image_0_flat_coral1_Image_0_flat.png[39m[0m
[  85% ] [90m[1mreimport[22m | coral2_Image_0_flat_coral2_Image_0_flat.png[39m[0m
[  85% ] [90m[1mreimport[22m | coral3_Image_0_flat_coral3_Image_0_flat.png[39m[0m
[  86% ] [90m[1mreimport[22m | coral4_Image_0_flat_coral4_Image_0_flat.png[39m[0m
[  86% ] [90m[1mreimport[22m | orn3_orn3.png[39m[0m
[  86% ] [90m[1mreimport[22m | orn4_orn4.png[39m[0m
[  86% ] [90m[1mreimport[22m | orn5_orn5.png[39m[0m
[  86% ] [90m[1mreimport[22m | rainbow_swatch_rainbow_swatch.png[39m[0m
[  86% ] [90m[1mreimport[22m | seed_seed.png[39m[0m
[  86% ] [90m[1mreimport[22m | snowman_snowman.png[39m[0m
[  86% ] [90m[1mreimport[22m | sprout_sprout.png[39m[0m
[  86% ] [90m[1mreimport[22m | star_star.png[39m[0m
[  86% ] [90m[1mreimport[22m | sun_sun.png[39m[0m
[  86% ] [90m[1mreimport[22m | tree_tree.png[39m[0m
[  87% ] [90m[1mreimport[22m | wateringcan_wateringcan.png[39m[0m
[  87% ] [90m[1mreimport[22m | xtree_xtree.png[39m[0m
[  87% ] [90m[1mreimport[22m | crystal_facet_crystal_facet.png[39m[0m
[  87% ] [90m[1mreimport[22m | fruit_apple_fruit_apple.png[39m[0m
[  87% ] [90m[1mreimport[22m | fruit_banana_fruit_banana.png[39m[0m
[  87% ] [90m[1mreimport[22m | fruit_melon_fruit_melon.png[39m[0m
[  87% ] [90m[1mreimport[22m | fruit_orange_fruit_orange.png[39m[0m
[  87% ] [90m[1mreimport[22m | leaf_broad_leaf_broad.png[39m[0m
[  87% ] [90m[1mreimport[22m | leaf_fern_leaf_fern.png[39m[0m
[  87% ] [90m[1mreimport[22m | shipwood_shipwood.png[39m[0m
[  87% ] [90m[1mreimport[22m | glass_mermaid.png[39m[0m
[  88% ] [90m[1mreimport[22m | p_flower.jpg[39m[0m
[  88% ] [90m[1mreimport[22m | p_garden.jpg[39m[0m
[  88% ] [90m[1mreimport[22m | p_seattle.jpg[39m[0m
[  88% ] [90m[1mreimport[22m | p_slide.jpg[39m[0m
[  88% ] [90m[1mreimport[22m | p_snowman.jpg[39m[0m
[  88% ] [90m[1mreimport[22m | p_trampoline.jpg[39m[0m
[  88% ] [90m[1mreimport[22m | p_xmas.jpg[39m[0m
[  88% ] [90m[1mreimport[22m | baby_doll2.png[39m[0m
[  88% ] [90m[1mreimport[22m | baby_doll3.png[39m[0m
[  88% ] [90m[1mreimport[22m | tree_fall2_Image_0_flat_tree_fall2_Image_0_flat.png[39m[0m
[  88% ] [90m[1mreimport[22m | tree_fall_Image_0_flat_tree_fall_Image_0_flat.png[39m[0m
[  89% ] [90m[1mreimport[22m | tree_fat_Image_0_flat_tree_fat_Image_0_flat.png[39m[0m
[  89% ] [90m[1mreimport[22m | tree_palm_Image_0_flat_tree_palm_Image_0_flat.png[39m[0m
[  89% ] [90m[1mreimport[22m | tree_pineroundf_Image_0_lift_flat_tree_pineroundf_Image_0_lift_flat.png[39m[0m
[  89% ] [90m[1mreimport[22m | bird_accent_bird_accent.png[39m[0m
[  89% ] [90m[1mreimport[22m | bird_body_bird_body.png[39m[0m
[  89% ] [90m[1mreimport[22m | bird_line_bird_line.png[39m[0m
[  89% ] [90m[1mreimport[22m | butterfly_butterfly.png[39m[0m
[  89% ] [90m[1mreimport[22m | carrot_carrot.png[39m[0m
[  89% ] [90m[1mreimport[22m | cat_accent_cat_accent.png[39m[0m
[  89% ] [90m[1mreimport[22m | cat_body_cat_body.png[39m[0m
[  89% ] [90m[1mreimport[22m | cat_line_cat_line.png[39m[0m
[  90% ] [90m[1mreimport[22m | coal_coal.png[39m[0m
[  90% ] [90m[1mreimport[22m | fish_body_fish_body.png[39m[0m
[  90% ] [90m[1mreimport[22m | fish_fins_fish_fins.png[39m[0m
[  90% ] [90m[1mreimport[22m | fish_line_fish_line.png[39m[0m
[  90% ] [90m[1mreimport[22m | flower2_flower2.png[39m[0m
[  90% ] [90m[1mreimport[22m | flower3_flower3.png[39m[0m
[  90% ] [90m[1mreimport[22m | flower4_flower4.png[39m[0m
[  90% ] [90m[1mreimport[22m | flower_flower.png[39m[0m
[  90% ] [90m[1mreimport[22m | k_bush2_k_bush2.png[39m[0m
[  90% ] [90m[1mreimport[22m | k_bush_k_bush.png[39m[0m
[  90% ] [90m[1mreimport[22m | k_flower1_k_flower1.png[39m[0m
[  91% ] [90m[1mreimport[22m | k_flower2_k_flower2.png[39m[0m
[  91% ] [90m[1mreimport[22m | k_pine_k_pine.png[39m[0m
[  91% ] [90m[1mreimport[22m | k_sprout_k_sprout.png[39m[0m
[  91% ] [90m[1mreimport[22m | k_xmastree_k_xmastree.png[39m[0m
[  91% ] [90m[1mreimport[22m | orn1_orn1.png[39m[0m
[  91% ] [90m[1mreimport[22m | orn2_orn2.png[39m[0m
[  91% ] [90m[1mreimport[22m | flower2.png[39m[0m
[  91% ] [90m[1mreimport[22m | flower3.png[39m[0m
[  91% ] [90m[1mreimport[22m | flower4.png[39m[0m
[  91% ] [90m[1mreimport[22m | flower.png[39m[0m
[  91% ] [90m[1mreimport[22m | k_bush2.png[39m[0m
[  92% ] [90m[1mreimport[22m | k_bush.png[39m[0m
[  92% ] [90m[1mreimport[22m | k_flower1.png[39m[0m
[  92% ] [90m[1mreimport[22m | k_flower2.png[39m[0m
[  92% ] [90m[1mreimport[22m | k_pine.png[39m[0m
[  92% ] [90m[1mreimport[22m | k_sprout.png[39m[0m
[  92% ] [90m[1mreimport[22m | k_xmastree.png[39m[0m
[  92% ] [90m[1mreimport[22m | orn1.png[39m[0m
[  92% ] [90m[1mreimport[22m | orn2.png[39m[0m
[  92% ] [90m[1mreimport[22m | orn3.png[39m[0m
[  92% ] [90m[1mreimport[22m | orn4.png[39m[0m
[  92% ] [90m[1mreimport[22m | orn5.png[39m[0m
[  93% ] [90m[1mreimport[22m | rainbow_swatch.png[39m[0m
[  93% ] [90m[1mreimport[22m | seed.png[39m[0m
[  93% ] [90m[1mreimport[22m | snowman.png[39m[0m
[  93% ] [90m[1mreimport[22m | sprout.png[39m[0m
[  93% ] [90m[1mreimport[22m | star.png[39m[0m
[  93% ] [90m[1mreimport[22m | sun.png[39m[0m
[  93% ] [90m[1mreimport[22m | tree.png[39m[0m
[  93% ] [90m[1mreimport[22m | wateringcan.png[39m[0m
[  93% ] [90m[1mreimport[22m | xtree.png[39m[0m
[  93% ] [90m[1mreimport[22m | grass_leafsLarge_nano_grass_grass_leafsLarge_1.png[39m[0m
[  93% ] [90m[1mreimport[22m | plant_bush_nano_grass_plant_bush_1.png[39m[0m
[  94% ] [90m[1mreimport[22m | opera_rival_boxer_match.png[39m[0m
[  94% ] [90m[1mreimport[22m | opera_rival_racer_portrait.png[39m[0m
[  94% ] [90m[1mreimport[22m | trop_fern_Leaves.png[39m[0m
[  94% ] [90m[1mreimport[22m | trop_fern_nano_grass_trop_fern_1.png[39m[0m
[  94% ] [90m[1mreimport[22m | trop_monstera_nano_grass_trop_monstera_1.png[39m[0m
[  94% ] [90m[1mreimport[22m | trop_monstera_tiny_treats_texture_1.png[39m[0m
[  94% ] [90m[1mreimport[22m | trop_palm1_nano_grass_trop_palm1_2.png[39m[0m
[  94% ] [90m[1mreimport[22m | trop_palm1_nano_wood_trop_palm1_1.png[39m[0m
[  94% ] [90m[1mreimport[22m | trop_palm1_nano_wood_trop_palm1_3.png[39m[0m
[  94% ] [90m[1mreimport[22m | trop_palm2_CoconutPalmTree_BaseColor.png[39m[0m
[  94% ] [90m[1mreimport[22m | trop_palm2_nano_wood_trop_palm2_1.png[39m[0m
[  95% ] [90m[1mreimport[22m | adaptive_bg_432.png[39m[0m
[  95% ] [90m[1mreimport[22m | adaptive_fg_432.png[39m[0m
[  95% ] [90m[1mreimport[22m | icon_192.png[39m[0m
[  95% ] [90m[1mreimport[22m | boost_ribbon.png[39m[0m
[  95% ] [90m[1mreimport[22m | finish_banner.png[39m[0m
[  95% ] [90m[1mreimport[22m | flag_colormap.png[39m[0m
[  95% ] [90m[1mreimport[22m | tower-square_colormap.png[39m[0m
[  95% ] [90m[1mreimport[22m | bench_tiny_treats_texture_1.png[39m[0m
[  95% ] [90m[1mreimport[22m | fountain_tiny_treats_texture_1.png[39m[0m
[  95% ] [90m[1mreimport[22m | bird_accent.png[39m[0m
[  95% ] [90m[1mreimport[22m | bird_body.png[39m[0m
[  96% ] [90m[1mreimport[22m | bird_line.png[39m[0m
[  96% ] [90m[1mreimport[22m | butterfly.png[39m[0m
[  96% ] [90m[1mreimport[22m | carrot.png[39m[0m
[  96% ] [90m[1mreimport[22m | cat_accent.png[39m[0m
[  96% ] [90m[1mreimport[22m | cat_body.png[39m[0m
[  96% ] [90m[1mreimport[22m | cat_line.png[39m[0m
[  96% ] [90m[1mreimport[22m | coal.png[39m[0m
[  96% ] [90m[1mreimport[22m | fish_body.png[39m[0m
[  96% ] [90m[1mreimport[22m | fish_fins.png[39m[0m
[  96% ] [90m[1mreimport[22m | fish_line.png[39m[0m
[  96% ] [90m[1mreimport[22m | rival_astronaut_hop_b.png[39m[0m
[  97% ] [90m[1mreimport[22m | rival_astronaut_recover.png[39m[0m
[  97% ] [90m[1mreimport[22m | rival_astronaut_slash.png[39m[0m
[  97% ] [90m[1mreimport[22m | rival_astronaut_stagger.png[39m[0m
[  97% ] [90m[1mreimport[22m | rival_astronaut_taunt.png[39m[0m
[  97% ] [90m[1mreimport[22m | rival_astronaut_windup.png[39m[0m
[  97% ] [90m[1mreimport[22m | rival_ballerina.png[39m[0m
[  97% ] [90m[1mreimport[22m | rival_ballerina_bopped.png[39m[0m
[  97% ] [90m[1mreimport[22m | rival_ballerina_bow.png[39m[0m
[  97% ] [90m[1mreimport[22m | rival_ballerina_charge.png[39m[0m
[  97% ] [90m[1mreimport[22m | rival_ballerina_flee.png[39m[0m
[  97% ] [90m[1mreimport[22m | rival_ballerina_guard.png[39m[0m
[  98% ] [90m[1mreimport[22m | rival_ballerina_hop_a.png[39m[0m
[  98% ] [90m[1mreimport[22m | rival_ballerina_hop_b.png[39m[0m
[  98% ] [90m[1mreimport[22m | rival_ballerina_recover.png[39m[0m
[  98% ] [90m[1mreimport[22m | rival_ballerina_slash.png[39m[0m
[  98% ] [90m[1mreimport[22m | rival_ballerina_stagger.png[39m[0m
[  98% ] [90m[1mreimport[22m | rival_ballerina_taunt.png[39m[0m
[  98% ] [90m[1mreimport[22m | rival_ballerina_windup.png[39m[0m
[  98% ] [90m[1mreimport[22m | rival_boxer.png[39m[0m
[  98% ] [90m[1mreimport[22m | rival_boxer_bopped.png[39m[0m
[  98% ] [90m[1mreimport[22m | rival_boxer_bow.png[39m[0m
[  98% ] [90m[1mreimport[22m | rival_boxer_charge.png[39m[0m
[  99% ] [90m[1mreimport[22m | rival_boxer_flee.png[39m[0m
[  99% ] [90m[1mreimport[22m | rival_boxer_guard.png[39m[0m
[  99% ] [90m[1mreimport[22m | rival_boxer_hop_a.png[39m[0m
[  99% ] [90m[1mreimport[22m | rival_boxer_hop_b.png[39m[0m
[  99% ] [90m[1mreimport[22m | rival_boxer_recover.png[39m[0m
[  99% ] [90m[1mreimport[22m | rival_boxer_slash.png[39m[0m
[  99% ] [90m[1mreimport[22m | faron_nursery.png[39m[0m
[  99% ] [90m[1mreimport[22m | imp_captain.png[39m[0m
[  99% ] [90m[1mreimport[22m | purr.wav[39m[0m
[  99% ] [90m[1mreimport[22m | Finalizing Asset Import...[39m[0m
[92m[ DONE ][39m [1mreimport[22m
[0m
[   0% ] [90m[1mreimport[22m | Started (Re)Importing Assets (1097 steps)[39m[0m
[   0% ] [90m[1mreimport[22m | Executing post-reimport operations...[39m[0m
[92m[ DONE ][39m [1mreimport[22m
[0m
[   0% ] [90m[1mloading_editor_layout[22m | Started Loading editor (5 steps)[39m[0m
[   0% ] [90m[1mloading_editor_layout[22m | Loading editor layout...[39m[0m
[  16% ] [90m[1mloading_editor_layout[22m | Loading docks...[39m[0m
[92m[ DONE ][39m [1mloading_editor_layout[22m
[0m

