[GGUF][llama.cpp CUDA] kernels unavailable, using fallback
[INT8] Backend: Comfy Kitchen CUDA (setting: auto).
Powered by WanGP v13.141 - a DeepBeepMeep Production

pose/dw-ll_ucoco_384.onnx:   0%|          | 0.00/134M [00:00<?, ?B/s]
pose/dw-ll_ucoco_384.onnx:   0%|          | 0.00/134M [00:00<?, ?B/s]
pose/dw-ll_ucoco_384.onnx:   0%|          | 0.00/134M [00:00<?, ?B/s]
pose/dw-ll_ucoco_384.onnx:   0%|          | 0.00/134M [00:00<?, ?B/s]
pose/dw-ll_ucoco_384.onnx:   0%|          | 0.00/134M [00:00<?, ?B/s]
pose/dw-ll_ucoco_384.onnx:   0%|          | 0.00/134M [00:00<?, ?B/s]
pose/dw-ll_ucoco_384.onnx:   0%|          | 0.00/134M [00:00<?, ?B/s]
pose/dw-ll_ucoco_384.onnx:   0%|          | 0.00/134M [00:00<?, ?B/s]
pose/dw-ll_ucoco_384.onnx:   0%|          | 0.00/134M [00:00<?, ?B/s]
pose/dw-ll_ucoco_384.onnx:   0%|          | 0.00/134M [00:00<?, ?B/s]
pose/dw-ll_ucoco_384.onnx:   0%|          | 0.00/134M [00:01<?, ?B/s]
pose/dw-ll_ucoco_384.onnx:   0%|          | 0.00/134M [00:01<?, ?B/s]
pose/dw-ll_ucoco_384.onnx:   0%|          | 0.00/134M [00:01<?, ?B/s]
pose/dw-ll_ucoco_384.onnx:   0%|          | 0.00/134M [00:01<?, ?B/s]
pose/dw-ll_ucoco_384.onnx:   0%|          | 0.00/134M [00:01<?, ?B/s]
pose/dw-ll_ucoco_384.onnx:   0%|          | 0.00/134M [00:01<?, ?B/s]
pose/dw-ll_ucoco_384.onnx:   0%|          | 0.00/134M [00:01<?, ?B/s]
pose/dw-ll_ucoco_384.onnx:   0%|          | 0.00/134M [00:01<?, ?B/s]
pose/dw-ll_ucoco_384.onnx:   0%|          | 0.00/134M [00:01<?, ?B/s]
pose/dw-ll_ucoco_384.onnx:   0%|          | 0.00/134M [00:01<?, ?B/s]
pose/dw-ll_ucoco_384.onnx:   0%|          | 0.00/134M [00:02<?, ?B/s]
pose/dw-ll_ucoco_384.onnx:   0%|          | 0.00/134M [00:02<?, ?B/s]
pose/dw-ll_ucoco_384.onnx:   0%|          | 0.00/134M [00:02<?, ?B/s]
pose/dw-ll_ucoco_384.onnx:   0%|          | 0.00/134M [00:02<?, ?B/s]
pose/dw-ll_ucoco_384.onnx:   0%|          | 0.00/134M [00:02<?, ?B/s]
pose/dw-ll_ucoco_384.onnx:   0%|          | 0.00/134M [00:02<?, ?B/s]
pose/dw-ll_ucoco_384.onnx:   0%|          | 0.00/134M [00:02<?, ?B/s]
pose/dw-ll_ucoco_384.onnx:   0%|          | 0.00/134M [00:02<?, ?B/s]
pose/dw-ll_ucoco_384.onnx:   0%|          | 0.00/134M [00:02<?, ?B/s]
pose/dw-ll_ucoco_384.onnx:   0%|          | 0.00/134M [00:02<?, ?B/s]
pose/dw-ll_ucoco_384.onnx:   0%|          | 0.00/134M [00:03<?, ?B/s]
pose/dw-ll_ucoco_384.onnx:   0%|          | 0.00/134M [00:03<?, ?B/s]
pose/dw-ll_ucoco_384.onnx:   0%|          | 0.00/134M [00:03<?, ?B/s]
pose/dw-ll_ucoco_384.onnx:   0%|          | 0.00/134M [00:03<?, ?B/s]
pose/dw-ll_ucoco_384.onnx:   0%|          | 0.00/134M [00:03<?, ?B/s]
pose/dw-ll_ucoco_384.onnx:   0%|          | 0.00/134M [00:03<?, ?B/s]
pose/dw-ll_ucoco_384.onnx:   0%|          | 0.00/134M [00:03<?, ?B/s]
pose/dw-ll_ucoco_384.onnx:   0%|          | 0.00/134M [00:03<?, ?B/s]
pose/dw-ll_ucoco_384.onnx:   0%|          | 0.00/134M [00:03<?, ?B/s]
pose/dw-ll_ucoco_384.onnx:   0%|          | 0.00/134M [00:03<?, ?B/s]
pose/dw-ll_ucoco_384.onnx:   0%|          | 0.00/134M [00:04<?, ?B/s]
pose/dw-ll_ucoco_384.onnx:   0%|          | 0.00/134M [00:04<?, ?B/s]
pose/dw-ll_ucoco_384.onnx:   0%|          | 0.00/134M [00:04<?, ?B/s]
pose/dw-ll_ucoco_384.onnx:   0%|          | 0.00/134M [00:04<?, ?B/s]
pose/dw-ll_ucoco_384.onnx:   0%|          | 0.00/134M [00:04<?, ?B/s]
pose/dw-ll_ucoco_384.onnx:   0%|          | 0.00/134M [00:04<?, ?B/s]
pose/dw-ll_ucoco_384.onnx:  50%|####9     | 67.1M/134M [00:04<00:00, 667MB/s]
pose/dw-ll_ucoco_384.onnx: 100%|##########| 134M/134M [00:06<00:00, 68.1MB/s]
pose/dw-ll_ucoco_384.onnx: 100%|##########| 134M/134M [00:06<00:00, 21.5MB/s]

pose/yolox_l.onnx:   0%|          | 0.00/217M [00:00<?, ?B/s]
pose/yolox_l.onnx:   0%|          | 0.00/217M [00:00<?, ?B/s]
pose/yolox_l.onnx:   0%|          | 0.00/217M [00:00<?, ?B/s]
pose/yolox_l.onnx:   0%|          | 0.00/217M [00:00<?, ?B/s]
pose/yolox_l.onnx:   0%|          | 0.00/217M [00:00<?, ?B/s]
pose/yolox_l.onnx:   0%|          | 0.00/217M [00:00<?, ?B/s]
pose/yolox_l.onnx:   0%|          | 0.00/217M [00:00<?, ?B/s]
pose/yolox_l.onnx:   0%|          | 0.00/217M [00:00<?, ?B/s]
pose/yolox_l.onnx:   0%|          | 0.00/217M [00:00<?, ?B/s]
pose/yolox_l.onnx:   0%|          | 0.00/217M [00:00<?, ?B/s]
pose/yolox_l.onnx:   0%|          | 0.00/217M [00:01<?, ?B/s]
pose/yolox_l.onnx:   0%|          | 0.00/217M [00:01<?, ?B/s]
pose/yolox_l.onnx:   0%|          | 0.00/217M [00:01<?, ?B/s]
pose/yolox_l.onnx:   0%|          | 0.00/217M [00:01<?, ?B/s]
pose/yolox_l.onnx:   0%|          | 0.00/217M [00:01<?, ?B/s]
pose/yolox_l.onnx:   0%|          | 0.00/217M [00:01<?, ?B/s]
pose/yolox_l.onnx:   0%|          | 0.00/217M [00:01<?, ?B/s]
pose/yolox_l.onnx:   0%|          | 0.00/217M [00:01<?, ?B/s]
pose/yolox_l.onnx:   0%|          | 0.00/217M [00:01<?, ?B/s]
pose/yolox_l.onnx:   0%|          | 0.00/217M [00:01<?, ?B/s]
pose/yolox_l.onnx:   0%|          | 0.00/217M [00:02<?, ?B/s]
pose/yolox_l.onnx:   0%|          | 0.00/217M [00:02<?, ?B/s]
pose/yolox_l.onnx:   0%|          | 0.00/217M [00:02<?, ?B/s]
pose/yolox_l.onnx:   0%|          | 0.00/217M [00:02<?, ?B/s]
pose/yolox_l.onnx:   0%|          | 0.00/217M [00:02<?, ?B/s]
pose/yolox_l.onnx:   0%|          | 0.00/217M [00:02<?, ?B/s]
pose/yolox_l.onnx:   0%|          | 0.00/217M [00:02<?, ?B/s]
pose/yolox_l.onnx:   0%|          | 0.00/217M [00:02<?, ?B/s]
pose/yolox_l.onnx:   0%|          | 0.00/217M [00:02<?, ?B/s]
pose/yolox_l.onnx:   0%|          | 0.00/217M [00:02<?, ?B/s]
pose/yolox_l.onnx:   0%|          | 0.00/217M [00:03<?, ?B/s]
pose/yolox_l.onnx:   0%|          | 0.00/217M [00:03<?, ?B/s]
pose/yolox_l.onnx:   0%|          | 0.00/217M [00:03<?, ?B/s]
pose/yolox_l.onnx:   0%|          | 0.00/217M [00:03<?, ?B/s]
pose/yolox_l.onnx:   0%|          | 0.00/217M [00:03<?, ?B/s]
pose/yolox_l.onnx:   0%|          | 0.00/217M [00:03<?, ?B/s]
pose/yolox_l.onnx:   0%|          | 0.00/217M [00:03<?, ?B/s]
pose/yolox_l.onnx:   0%|          | 0.00/217M [00:03<?, ?B/s]
pose/yolox_l.onnx:   0%|          | 0.00/217M [00:03<?, ?B/s]
pose/yolox_l.onnx:   0%|          | 0.00/217M [00:03<?, ?B/s]
pose/yolox_l.onnx:   0%|          | 0.00/217M [00:04<?, ?B/s]
pose/yolox_l.onnx:   0%|          | 0.00/217M [00:04<?, ?B/s]
pose/yolox_l.onnx:   0%|          | 0.00/217M [00:04<?, ?B/s]
pose/yolox_l.onnx:   0%|          | 0.00/217M [00:04<?, ?B/s]
pose/yolox_l.onnx:   0%|          | 0.00/217M [00:04<?, ?B/s]
pose/yolox_l.onnx:   0%|          | 0.00/217M [00:04<?, ?B/s]
pose/yolox_l.onnx:   0%|          | 0.00/217M [00:04<?, ?B/s]
pose/yolox_l.onnx:   0%|          | 0.00/217M [00:04<?, ?B/s]
pose/yolox_l.onnx:   0%|          | 0.00/217M [00:04<?, ?B/s]
pose/yolox_l.onnx:   0%|          | 0.00/217M [00:04<?, ?B/s]
pose/yolox_l.onnx:   0%|          | 0.00/217M [00:05<?, ?B/s]
pose/yolox_l.onnx:   0%|          | 0.00/217M [00:05<?, ?B/s]
pose/yolox_l.onnx:   0%|          | 0.00/217M [00:05<?, ?B/s]
pose/yolox_l.onnx:   0%|          | 0.00/217M [00:05<?, ?B/s]
pose/yolox_l.onnx:   0%|          | 0.00/217M [00:05<?, ?B/s]
pose/yolox_l.onnx:   0%|          | 0.00/217M [00:05<?, ?B/s]
pose/yolox_l.onnx:   0%|          | 0.00/217M [00:05<?, ?B/s]
pose/yolox_l.onnx:   0%|          | 0.00/217M [00:05<?, ?B/s]
pose/yolox_l.onnx:   0%|          | 0.00/217M [00:05<?, ?B/s]
pose/yolox_l.onnx:   0%|          | 0.00/217M [00:05<?, ?B/s]
pose/yolox_l.onnx:   0%|          | 0.00/217M [00:06<?, ?B/s]
pose/yolox_l.onnx:   0%|          | 0.00/217M [00:06<?, ?B/s]
pose/yolox_l.onnx:   0%|          | 0.00/217M [00:06<?, ?B/s]
pose/yolox_l.onnx:   0%|          | 0.00/217M [00:06<?, ?B/s]
pose/yolox_l.onnx:   0%|          | 0.00/217M [00:06<?, ?B/s]
pose/yolox_l.onnx:   0%|          | 0.00/217M [00:06<?, ?B/s]
pose/yolox_l.onnx:   0%|          | 0.00/217M [00:06<?, ?B/s]
pose/yolox_l.onnx:   0%|          | 0.00/217M [00:06<?, ?B/s]
pose/yolox_l.onnx:   0%|          | 0.00/217M [00:06<?, ?B/s]
pose/yolox_l.onnx:   0%|          | 0.00/217M [00:06<?, ?B/s]
pose/yolox_l.onnx:   0%|          | 0.00/217M [00:07<?, ?B/s]
pose/yolox_l.onnx:   0%|          | 0.00/217M [00:07<?, ?B/s]
pose/yolox_l.onnx:   0%|          | 0.00/217M [00:07<?, ?B/s]
pose/yolox_l.onnx:   0%|          | 0.00/217M [00:07<?, ?B/s]
pose/yolox_l.onnx:   0%|          | 0.00/217M [00:07<?, ?B/s]
pose/yolox_l.onnx:   0%|          | 0.00/217M [00:07<?, ?B/s]
pose/yolox_l.onnx:   0%|          | 0.00/217M [00:07<?, ?B/s]
pose/yolox_l.onnx:   0%|          | 0.00/217M [00:07<?, ?B/s]
pose/yolox_l.onnx:  31%|###       | 67.0M/217M [00:07<00:00, 644MB/s]
pose/yolox_l.onnx:  62%|######1   | 134M/217M [00:07<00:00, 651MB/s] 
pose/yolox_l.onnx: 100%|##########| 217M/217M [00:08<00:00, 726MB/s]
pose/yolox_l.onnx: 100%|##########| 217M/217M [00:08<00:00, 26.8MB/s]

special_tokens_map.json:   0%|          | 0.00/6.62k [00:00<?, ?B/s]
special_tokens_map.json: 100%|##########| 6.62k/6.62k [00:00<00:00, 4.94MB/s]

umt5-xxl/spiece.model:   0%|          | 0.00/4.55M [00:00<?, ?B/s]
umt5-xxl/spiece.model:   0%|          | 0.00/4.55M [00:00<?, ?B/s]
umt5-xxl/spiece.model:   0%|          | 0.00/4.55M [00:00<?, ?B/s]
umt5-xxl/spiece.model:   0%|          | 0.00/4.55M [00:00<?, ?B/s]
umt5-xxl/spiece.model:   0%|          | 0.00/4.55M [00:00<?, ?B/s]
umt5-xxl/spiece.model:   0%|          | 0.00/4.55M [00:00<?, ?B/s]
umt5-xxl/spiece.model:   0%|          | 0.00/4.55M [00:00<?, ?B/s]
umt5-xxl/spiece.model:   0%|          | 0.00/4.55M [00:00<?, ?B/s]
umt5-xxl/spiece.model:   0%|          | 0.00/4.55M [00:00<?, ?B/s]
umt5-xxl/spiece.model:   0%|          | 0.00/4.55M [00:00<?, ?B/s]
umt5-xxl/spiece.model:   0%|          | 0.00/4.55M [00:01<?, ?B/s]
umt5-xxl/spiece.model: 100%|##########| 4.55M/4.55M [00:01<00:00, 45.1MB/s]
umt5-xxl/spiece.model: 100%|##########| 4.55M/4.55M [00:01<00:00, 4.09MB/s]

umt5-xxl/tokenizer.json:   0%|          | 0.00/16.8M [00:00<?, ?B/s]
umt5-xxl/tokenizer.json:   0%|          | 0.00/16.8M [00:00<?, ?B/s]
umt5-xxl/tokenizer.json:   0%|          | 0.00/16.8M [00:00<?, ?B/s]
umt5-xxl/tokenizer.json:   0%|          | 0.00/16.8M [00:00<?, ?B/s]
umt5-xxl/tokenizer.json:   0%|          | 0.00/16.8M [00:00<?, ?B/s]
umt5-xxl/tokenizer.json:   0%|          | 0.00/16.8M [00:00<?, ?B/s]
umt5-xxl/tokenizer.json:   0%|          | 0.00/16.8M [00:00<?, ?B/s]
umt5-xxl/tokenizer.json:   0%|          | 0.00/16.8M [00:00<?, ?B/s]
umt5-xxl/tokenizer.json:   0%|          | 0.00/16.8M [00:00<?, ?B/s]
umt5-xxl/tokenizer.json:   0%|          | 0.00/16.8M [00:00<?, ?B/s]
umt5-xxl/tokenizer.json: 100%|##########| 16.8M/16.8M [00:01<00:00, 167MB/s]
umt5-xxl/tokenizer.json: 100%|##########| 16.8M/16.8M [00:01<00:00, 16.7MB/s]

tokenizer_config.json:   0%|          | 0.00/61.7k [00:00<?, ?B/s]
tokenizer_config.json: 100%|##########| 61.7k/61.7k [00:00<?, ?B/s]

xlm-roberta-large/models_clip_open-clip-xlm-roberta-large-vit-huge-14-bf16.safetensors:   0%|          | 0.00/2.39G [00:00<?, ?B/s]
xlm-roberta-large/models_clip_open-clip-xlm-roberta-large-vit-huge-14-bf16.safetensors:   0%|          | 0.00/2.39G [00:00<?, ?B/s]
xlm-roberta-large/models_clip_open-clip-xlm-roberta-large-vit-huge-14-bf16.safetensors:   0%|          | 0.00/2.39G [00:00<?, ?B/s]
xlm-roberta-large/models_clip_open-clip-xlm-roberta-large-vit-huge-14-bf16.safetensors:   0%|          | 0.00/2.39G [00:00<?, ?B/s]
xlm-roberta-large/models_clip_open-clip-xlm-roberta-large-vit-huge-14-bf16.safetensors:   0%|          | 0.00/2.39G [00:00<?, ?B/s]
xlm-roberta-large/models_clip_open-clip-xlm-roberta-large-vit-huge-14-bf16.safetensors:   0%|          | 0.00/2.39G [00:00<?, ?B/s]
xlm-roberta-large/models_clip_open-clip-xlm-roberta-large-vit-huge-14-bf16.safetensors:   0%|          | 0.00/2.39G [00:00<?, ?B/s]
xlm-roberta-large/models_clip_open-clip-xlm-roberta-large-vit-huge-14-bf16.safetensors:   0%|          | 0.00/2.39G [00:00<?, ?B/s]
xlm-roberta-large/models_clip_open-clip-xlm-roberta-large-vit-huge-14-bf16.safetensors:   0%|          | 0.00/2.39G [00:00<?, ?B/s]
xlm-roberta-large/models_clip_open-clip-xlm-roberta-large-vit-huge-14-bf16.safetensors:   0%|          | 0.00/2.39G [00:00<?, ?B/s]
xlm-roberta-large/models_clip_open-clip-xlm-roberta-large-vit-huge-14-bf16.safetensors:   0%|          | 0.00/2.39G [00:01<?, ?B/s]
xlm-roberta-large/models_clip_open-clip-xlm-roberta-large-vit-huge-14-bf16.safetensors:   0%|          | 0.00/2.39G [00:01<?, ?B/s]
xlm-roberta-large/models_clip_open-clip-xlm-roberta-large-vit-huge-14-bf16.safetensors:   0%|          | 0.00/2.39G [00:01<?, ?B/s]
xlm-roberta-large/models_clip_open-clip-xlm-roberta-large-vit-huge-14-bf16.safetensors:   0%|          | 0.00/2.39G [00:01<?, ?B/s]
xlm-roberta-large/models_clip_open-clip-xlm-roberta-large-vit-huge-14-bf16.safetensors:   0%|          | 0.00/2.39G [00:01<?, ?B/s]
xlm-roberta-large/models_clip_open-clip-xlm-roberta-large-vit-huge-14-bf16.safetensors:   0%|          | 0.00/2.39G [00:01<?, ?B/s]
xlm-roberta-large/models_clip_open-clip-xlm-roberta-large-vit-huge-14-bf16.safetensors:   0%|          | 0.00/2.39G [00:01<?, ?B/s]
xlm-roberta-large/models_clip_open-clip-xlm-roberta-large-vit-huge-14-bf16.safetensors:   0%|          | 0.00/2.39G [00:01<?, ?B/s]
xlm-roberta-large/models_clip_open-clip-xlm-roberta-large-vit-huge-14-bf16.safetensors:   0%|          | 0.00/2.39G [00:01<?, ?B/s]
xlm-roberta-large/models_clip_open-clip-xlm-roberta-large-vit-huge-14-bf16.safetensors:   0%|          | 0.00/2.39G [00:02<?, ?B/s]
xlm-roberta-large/models_clip_open-clip-xlm-roberta-large-vit-huge-14-bf16.safetensors:   0%|          | 0.00/2.39G [00:02<?, ?B/s]
xlm-roberta-large/models_clip_open-clip-xlm-roberta-large-vit-huge-14-bf16.safetensors:   0%|          | 0.00/2.39G [00:02<?, ?B/s]
xlm-roberta-large/models_clip_open-clip-xlm-roberta-large-vit-huge-14-bf16.safetensors:   0%|          | 0.00/2.39G [00:02<?, ?B/s]
xlm-roberta-large/models_clip_open-clip-xlm-roberta-large-vit-huge-14-bf16.safetensors:   0%|          | 0.00/2.39G [00:02<?, ?B/s]
xlm-roberta-large/models_clip_open-clip-xlm-roberta-large-vit-huge-14-bf16.safetensors:   0%|          | 0.00/2.39G [00:02<?, ?B/s]
xlm-roberta-large/models_clip_open-clip-xlm-roberta-large-vit-huge-14-bf16.safetensors:   0%|          | 0.00/2.39G [00:02<?, ?B/s]
xlm-roberta-large/models_clip_open-clip-xlm-roberta-large-vit-huge-14-bf16.safetensors:   0%|          | 0.00/2.39G [00:02<?, ?B/s]
xlm-roberta-large/models_clip_open-clip-xlm-roberta-large-vit-huge-14-bf16.safetensors:   0%|          | 0.00/2.39G [00:02<?, ?B/s]
xlm-roberta-large/models_clip_open-clip-xlm-roberta-large-vit-huge-14-bf16.safetensors:   0%|          | 0.00/2.39G [00:02<?, ?B/s]
xlm-roberta-large/models_clip_open-clip-xlm-roberta-large-vit-huge-14-bf16.safetensors:   0%|          | 0.00/2.39G [00:03<?, ?B/s]
xlm-roberta-large/models_clip_open-clip-xlm-roberta-large-vit-huge-14-bf16.safetensors:   0%|          | 0.00/2.39G [00:03<?, ?B/s]
xlm-roberta-large/models_clip_open-clip-xlm-roberta-large-vit-huge-14-bf16.safetensors:   0%|          | 0.00/2.39G [00:03<?, ?B/s]
xlm-roberta-large/models_clip_open-clip-xlm-roberta-large-vit-huge-14-bf16.safetensors:   0%|          | 0.00/2.39G [00:03<?, ?B/s]
xlm-roberta-large/models_clip_open-clip-xlm-roberta-large-vit-huge-14-bf16.safetensors:   0%|          | 0.00/2.39G [00:03<?, ?B/s]
xlm-roberta-large/models_clip_open-clip-xlm-roberta-large-vit-huge-14-bf16.safetensors:   0%|          | 0.00/2.39G [00:03<?, ?B/s]
xlm-roberta-large/models_clip_open-clip-xlm-roberta-large-vit-huge-14-bf16.safetensors:   0%|          | 0.00/2.39G [00:03<?, ?B/s]
xlm-roberta-large/models_clip_open-clip-xlm-roberta-large-vit-huge-14-bf16.safetensors:   0%|          | 0.00/2.39G [00:03<?, ?B/s]
xlm-roberta-large/models_clip_open-clip-xlm-roberta-large-vit-huge-14-bf16.safetensors:   0%|          | 0.00/2.39G [00:03<?, ?B/s]
xlm-roberta-large/models_clip_open-clip-xlm-roberta-large-vit-huge-14-bf16.safetensors:   0%|          | 0.00/2.39G [00:04<?, ?B/s]
xlm-roberta-large/models_clip_open-clip-xlm-roberta-large-vit-huge-14-bf16.safetensors:   0%|          | 0.00/2.39G [00:04<?, ?B/s]
xlm-roberta-large/models_clip_open-clip-xlm-roberta-large-vit-huge-14-bf16.safetensors:   0%|          | 0.00/2.39G [00:04<?, ?B/s]
xlm-roberta-large/models_clip_open-clip-xlm-roberta-large-vit-huge-14-bf16.safetensors:   0%|          | 0.00/2.39G [00:04<?, ?B/s]
xlm-roberta-large/models_clip_open-clip-xlm-roberta-large-vit-huge-14-bf16.safetensors:   0%|          | 0.00/2.39G [00:04<?, ?B/s]
xlm-roberta-large/models_clip_open-clip-xlm-roberta-large-vit-huge-14-bf16.safetensors:   0%|          | 0.00/2.39G [00:04<?, ?B/s]
xlm-roberta-large/models_clip_open-clip-xlm-roberta-large-vit-huge-14-bf16.safetensors:   0%|          | 0.00/2.39G [00:04<?, ?B/s]
xlm-roberta-large/models_clip_open-clip-xlm-roberta-large-vit-huge-14-bf16.safetensors:   0%|          | 0.00/2.39G [00:04<?, ?B/s]
xlm-roberta-large/models_clip_open-clip-xlm-roberta-large-vit-huge-14-bf16.safetensors:   0%|          | 0.00/2.39G [00:04<?, ?B/s]
xlm-roberta-large/models_clip_open-clip-xlm-roberta-large-vit-huge-14-bf16.safetensors:   0%|          | 0.00/2.39G [00:04<?, ?B/s]
xlm-roberta-large/models_clip_open-clip-xlm-roberta-large-vit-huge-14-bf16.safetensors:   0%|          | 0.00/2.39G [00:05<?, ?B/s]
xlm-roberta-large/models_clip_open-clip-xlm-roberta-large-vit-huge-14-bf16.safetensors:   0%|          | 0.00/2.39G [00:05<?, ?B/s]
xlm-roberta-large/models_clip_open-clip-xlm-roberta-large-vit-huge-14-bf16.safetensors:   0%|          | 0.00/2.39G [00:05<?, ?B/s]
xlm-roberta-large/models_clip_open-clip-xlm-roberta-large-vit-huge-14-bf16.safetensors:   0%|          | 0.00/2.39G [00:05<?, ?B/s]
xlm-roberta-large/models_clip_open-clip-xlm-roberta-large-vit-huge-14-bf16.safetensors:   0%|          | 0.00/2.39G [00:05<?, ?B/s]
xlm-roberta-large/models_clip_open-clip-xlm-roberta-large-vit-huge-14-bf16.safetensors:   0%|          | 0.00/2.39G [00:05<?, ?B/s]
xlm-roberta-large/models_clip_open-clip-xlm-roberta-large-vit-huge-14-bf16.safetensors:   0%|          | 0.00/2.39G [00:05<?, ?B/s]
xlm-roberta-large/models_clip_open-clip-xlm-roberta-large-vit-huge-14-bf16.safetensors:   0%|          | 0.00/2.39G [00:05<?, ?B/s]
xlm-roberta-large/models_clip_open-clip-xlm-roberta-large-vit-huge-14-bf16.safetensors:   0%|          | 0.00/2.39G [00:05<?, ?B/s]
xlm-roberta-large/models_clip_open-clip-xlm-roberta-large-vit-huge-14-bf16.safetensors:   0%|          | 0.00/2.39G [00:05<?, ?B/s]
xlm-roberta-large/models_clip_open-clip-xlm-roberta-large-vit-huge-14-bf16.safetensors:   0%|          | 0.00/2.39G [00:06<?, ?B/s]
xlm-roberta-large/models_clip_open-clip-xlm-roberta-large-vit-huge-14-bf16.safetensors:   0%|          | 0.00/2.39G [00:06<?, ?B/s]
xlm-roberta-large/models_clip_open-clip-xlm-roberta-large-vit-huge-14-bf16.safetensors:   0%|          | 0.00/2.39G [00:06<?, ?B/s]
xlm-roberta-large/models_clip_open-clip-xlm-roberta-large-vit-huge-14-bf16.safetensors:   0%|          | 0.00/2.39G [00:06<?, ?B/s]
xlm-roberta-large/models_clip_open-clip-xlm-roberta-large-vit-huge-14-bf16.safetensors:   0%|          | 0.00/2.39G [00:06<?, ?B/s]
xlm-roberta-large/models_clip_open-clip-xlm-roberta-large-vit-huge-14-bf16.safetensors:   0%|          | 0.00/2.39G [00:06<?, ?B/s]
xlm-roberta-large/models_clip_open-clip-xlm-roberta-large-vit-huge-14-bf16.safetensors:   0%|          | 0.00/2.39G [00:06<?, ?B/s]
xlm-roberta-large/models_clip_open-clip-xlm-roberta-large-vit-huge-14-bf16.safetensors:   0%|          | 0.00/2.39G [00:06<?, ?B/s]
xlm-roberta-large/models_clip_open-clip-xlm-roberta-large-vit-huge-14-bf16.safetensors:   0%|          | 0.00/2.39G [00:06<?, ?B/s]
xlm-roberta-large/models_clip_open-clip-xlm-roberta-large-vit-huge-14-bf16.safetensors:   0%|          | 0.00/2.39G [00:06<?, ?B/s]
xlm-roberta-large/models_clip_open-clip-xlm-roberta-large-vit-huge-14-bf16.safetensors:   0%|          | 0.00/2.39G [00:07<?, ?B/s]
xlm-roberta-large/models_clip_open-clip-xlm-roberta-large-vit-huge-14-bf16.safetensors:   0%|          | 0.00/2.39G [00:07<?, ?B/s]
xlm-roberta-large/models_clip_open-clip-xlm-roberta-large-vit-huge-14-bf16.safetensors:   0%|          | 0.00/2.39G [00:07<?, ?B/s]
xlm-roberta-large/models_clip_open-clip-xlm-roberta-large-vit-huge-14-bf16.safetensors:   0%|          | 0.00/2.39G [00:07<?, ?B/s]
xlm-roberta-large/models_clip_open-clip-xlm-roberta-large-vit-huge-14-bf16.safetensors:   0%|          | 0.00/2.39G [00:07<?, ?B/s]
xlm-roberta-large/models_clip_open-clip-xlm-roberta-large-vit-huge-14-bf16.safetensors:   0%|          | 0.00/2.39G [00:07<?, ?B/s]
xlm-roberta-large/models_clip_open-clip-xlm-roberta-large-vit-huge-14-bf16.safetensors:   0%|          | 0.00/2.39G [00:07<?, ?B/s]
xlm-roberta-large/models_clip_open-clip-xlm-roberta-large-vit-huge-14-bf16.safetensors:   0%|          | 0.00/2.39G [00:07<?, ?B/s]
xlm-roberta-large/models_clip_open-clip-xlm-roberta-large-vit-huge-14-bf16.safetensors:   0%|          | 0.00/2.39G [00:07<?, ?B/s]
xlm-roberta-large/models_clip_open-clip-xlm-roberta-large-vit-huge-14-bf16.safetensors:   0%|          | 0.00/2.39G [00:07<?, ?B/s]
xlm-roberta-large/models_clip_open-clip-xlm-roberta-large-vit-huge-14-bf16.safetensors:   0%|          | 0.00/2.39G [00:08<?, ?B/s]
xlm-roberta-large/models_clip_open-clip-xlm-roberta-large-vit-huge-14-bf16.safetensors:   0%|          | 0.00/2.39G [00:08<?, ?B/s]
xlm-roberta-large/models_clip_open-clip-xlm-roberta-large-vit-huge-14-bf16.safetensors:   0%|          | 0.00/2.39G [00:08<?, ?B/s]
xlm-roberta-large/models_clip_open-clip-xlm-roberta-large-vit-huge-14-bf16.safetensors:   0%|          | 0.00/2.39G [00:08<?, ?B/s]
xlm-roberta-large/models_clip_open-clip-xlm-roberta-large-vit-huge-14-bf16.safetensors:   0%|          | 0.00/2.39G [00:08<?, ?B/s]
xlm-roberta-large/models_clip_open-clip-xlm-roberta-large-vit-huge-14-bf16.safetensors:   0%|          | 0.00/2.39G [00:08<?, ?B/s]
xlm-roberta-large/models_clip_open-clip-xlm-roberta-large-vit-huge-14-bf16.safetensors:   0%|          | 0.00/2.39G [00:08<?, ?B/s]
xlm-roberta-large/models_clip_open-clip-xlm-roberta-large-vit-huge-14-bf16.safetensors:   0%|          | 0.00/2.39G [00:08<?, ?B/s]
xlm-roberta-large/models_clip_open-clip-xlm-roberta-large-vit-huge-14-bf16.safetensors:   0%|          | 0.00/2.39G [00:08<?, ?B/s]
xlm-roberta-large/models_clip_open-clip-xlm-roberta-large-vit-huge-14-bf16.safetensors:   0%|          | 0.00/2.39G [00:08<?, ?B/s]
xlm-roberta-large/models_clip_open-clip-xlm-roberta-large-vit-huge-14-bf16.safetensors:   0%|          | 0.00/2.39G [00:09<?, ?B/s]
xlm-roberta-large/models_clip_open-clip-xlm-roberta-large-vit-huge-14-bf16.safetensors:   0%|          | 0.00/2.39G [00:09<?, ?B/s]
xlm-roberta-large/models_clip_open-clip-xlm-roberta-large-vit-huge-14-bf16.safetensors:   0%|          | 0.00/2.39G [00:09<?, ?B/s]
xlm-roberta-large/models_clip_open-clip-xlm-roberta-large-vit-huge-14-bf16.safetensors:   0%|          | 0.00/2.39G [00:09<?, ?B/s]
xlm-roberta-large/models_clip_open-clip-xlm-roberta-large-vit-huge-14-bf16.safetensors:   0%|          | 0.00/2.39G [00:09<?, ?B/s]
xlm-roberta-large/models_clip_open-clip-xlm-roberta-large-vit-huge-14-bf16.safetensors:   0%|          | 0.00/2.39G [00:09<?, ?B/s]
xlm-roberta-large/models_clip_open-clip-xlm-roberta-large-vit-huge-14-bf16.safetensors:   0%|          | 0.00/2.39G [00:09<?, ?B/s]
xlm-roberta-large/models_clip_open-clip-xlm-roberta-large-vit-huge-14-bf16.safetensors:   0%|          | 0.00/2.39G [00:09<?, ?B/s]
xlm-roberta-large/models_clip_open-clip-xlm-roberta-large-vit-huge-14-bf16.safetensors:   0%|          | 0.00/2.39G [00:09<?, ?B/s]
xlm-roberta-large/models_clip_open-clip-xlm-roberta-large-vit-huge-14-bf16.safetensors:   0%|          | 0.00/2.39G [00:09<?, ?B/s]
xlm-roberta-large/models_clip_open-clip-xlm-roberta-large-vit-huge-14-bf16.safetensors:   0%|          | 0.00/2.39G [00:10<?, ?B/s]
xlm-roberta-large/models_clip_open-clip-xlm-roberta-large-vit-huge-14-bf16.safetensors:   0%|          | 0.00/2.39G [00:10<?, ?B/s]
xlm-roberta-large/models_clip_open-clip-xlm-roberta-large-vit-huge-14-bf16.safetensors:   0%|          | 0.00/2.39G [00:10<?, ?B/s]
xlm-roberta-large/models_clip_open-clip-xlm-roberta-large-vit-huge-14-bf16.safetensors:   0%|          | 0.00/2.39G [00:10<?, ?B/s]
xlm-roberta-large/models_clip_open-clip-xlm-roberta-large-vit-huge-14-bf16.safetensors:   0%|          | 0.00/2.39G [00:10<?, ?B/s]
xlm-roberta-large/models_clip_open-clip-xlm-roberta-large-vit-huge-14-bf16.safetensors:   0%|          | 0.00/2.39G [00:10<?, ?B/s]
xlm-roberta-large/models_clip_open-clip-xlm-roberta-large-vit-huge-14-bf16.safetensors:   0%|          | 0.00/2.39G [00:10<?, ?B/s]
xlm-roberta-large/models_clip_open-clip-xlm-roberta-large-vit-huge-14-bf16.safetensors:   0%|          | 0.00/2.39G [00:10<?, ?B/s]
xlm-roberta-large/models_clip_open-clip-xlm-roberta-large-vit-huge-14-bf16.safetensors:   0%|          | 0.00/2.39G [00:10<?, ?B/s]
xlm-roberta-large/models_clip_open-clip-xlm-roberta-large-vit-huge-14-bf16.safetensors:   0%|          | 0.00/2.39G [00:11<?, ?B/s]
xlm-roberta-large/models_clip_open-clip-xlm-roberta-large-vit-huge-14-bf16.safetensors:   0%|          | 0.00/2.39G [00:11<?, ?B/s]
xlm-roberta-large/models_clip_open-clip-xlm-roberta-large-vit-huge-14-bf16.safetensors:   0%|          | 0.00/2.39G [00:11<?, ?B/s]
xlm-roberta-large/models_clip_open-clip-xlm-roberta-large-vit-huge-14-bf16.safetensors:   0%|          | 0.00/2.39G [00:11<?, ?B/s]
xlm-roberta-large/models_clip_open-clip-xlm-roberta-large-vit-huge-14-bf16.safetensors:   0%|          | 0.00/2.39G [00:11<?, ?B/s]
xlm-roberta-large/models_clip_open-clip-xlm-roberta-large-vit-huge-14-bf16.safetensors:   0%|          | 0.00/2.39G [00:11<?, ?B/s]
xlm-roberta-large/models_clip_open-clip-xlm-roberta-large-vit-huge-14-bf16.safetensors:   0%|          | 0.00/2.39G [00:11<?, ?B/s]
xlm-roberta-large/models_clip_open-clip-xlm-roberta-large-vit-huge-14-bf16.safetensors:   0%|          | 0.00/2.39G [00:11<?, ?B/s]
xlm-roberta-large/models_clip_open-clip-xlm-roberta-large-vit-huge-14-bf16.safetensors:   0%|          | 0.00/2.39G [00:11<?, ?B/s]
xlm-roberta-large/models_clip_open-clip-xlm-roberta-large-vit-huge-14-bf16.safetensors:   0%|          | 0.00/2.39G [00:11<?, ?B/s]
xlm-roberta-large/models_clip_open-clip-xlm-roberta-large-vit-huge-14-bf16.safetensors:   0%|          | 0.00/2.39G [00:12<?, ?B/s]
xlm-roberta-large/models_clip_open-clip-xlm-roberta-large-vit-huge-14-bf16.safetensors:   0%|          | 0.00/2.39G [00:12<?, ?B/s]
xlm-roberta-large/models_clip_open-clip-xlm-roberta-large-vit-huge-14-bf16.safetensors:   0%|          | 0.00/2.39G [00:12<?, ?B/s]
xlm-roberta-large/models_clip_open-clip-xlm-roberta-large-vit-huge-14-bf16.safetensors:   0%|          | 0.00/2.39G [00:12<?, ?B/s]
xlm-roberta-large/models_clip_open-clip-xlm-roberta-large-vit-huge-14-bf16.safetensors:   0%|          | 0.00/2.39G [00:12<?, ?B/s]
xlm-roberta-large/models_clip_open-clip-xlm-roberta-large-vit-huge-14-bf16.safetensors:   0%|          | 0.00/2.39G [00:12<?, ?B/s]
xlm-roberta-large/models_clip_open-clip-xlm-roberta-large-vit-huge-14-bf16.safetensors:   0%|          | 0.00/2.39G [00:12<?, ?B/s]
xlm-roberta-large/models_clip_open-clip-xlm-roberta-large-vit-huge-14-bf16.safetensors:   0%|          | 0.00/2.39G [00:12<?, ?B/s]
xlm-roberta-large/models_clip_open-clip-xlm-roberta-large-vit-huge-14-bf16.safetensors:   0%|          | 0.00/2.39G [00:12<?, ?B/s]
xlm-roberta-large/models_clip_open-clip-xlm-roberta-large-vit-huge-14-bf16.safetensors:   0%|          | 0.00/2.39G [00:12<?, ?B/s]
xlm-roberta-large/models_clip_open-clip-xlm-roberta-large-vit-huge-14-bf16.safetensors:   0%|          | 0.00/2.39G [00:13<?, ?B/s]
xlm-roberta-large/models_clip_open-clip-xlm-roberta-large-vit-huge-14-bf16.safetensors:   0%|          | 0.00/2.39G [00:13<?, ?B/s]
xlm-roberta-large/models_clip_open-clip-xlm-roberta-large-vit-huge-14-bf16.safetensors:   0%|          | 0.00/2.39G [00:13<?, ?B/s]
xlm-roberta-large/models_clip_open-clip-xlm-roberta-large-vit-huge-14-bf16.safetensors:   0%|          | 0.00/2.39G [00:13<?, ?B/s]
xlm-roberta-large/models_clip_open-clip-xlm-roberta-large-vit-huge-14-bf16.safetensors:   0%|          | 0.00/2.39G [00:13<?, ?B/s]
xlm-roberta-large/models_clip_open-clip-xlm-roberta-large-vit-huge-14-bf16.safetensors:   0%|          | 0.00/2.39G [00:13<?, ?B/s]
xlm-roberta-large/models_clip_open-clip-xlm-roberta-large-vit-huge-14-bf16.safetensors:   0%|          | 0.00/2.39G [00:13<?, ?B/s]
xlm-roberta-large/models_clip_open-clip-xlm-roberta-large-vit-huge-14-bf16.safetensors:   0%|          | 0.00/2.39G [00:13<?, ?B/s]
xlm-roberta-large/models_clip_open-clip-xlm-roberta-large-vit-huge-14-bf16.safetensors:   0%|          | 0.00/2.39G [00:13<?, ?B/s]
xlm-roberta-large/models_clip_open-clip-xlm-roberta-large-vit-huge-14-bf16.safetensors:   0%|          | 0.00/2.39G [00:13<?, ?B/s]
xlm-roberta-large/models_clip_open-clip-xlm-roberta-large-vit-huge-14-bf16.safetensors:   0%|          | 0.00/2.39G [00:14<?, ?B/s]
xlm-roberta-large/models_clip_open-clip-xlm-roberta-large-vit-huge-14-bf16.safetensors:   0%|          | 0.00/2.39G [00:14<?, ?B/s]
xlm-roberta-large/models_clip_open-clip-xlm-roberta-large-vit-huge-14-bf16.safetensors:   0%|          | 0.00/2.39G [00:14<?, ?B/s]
xlm-roberta-large/models_clip_open-clip-xlm-roberta-large-vit-huge-14-bf16.safetensors:   0%|          | 0.00/2.39G [00:14<?, ?B/s]
xlm-roberta-large/models_clip_open-clip-xlm-roberta-large-vit-huge-14-bf16.safetensors:   0%|          | 0.00/2.39G [00:14<?, ?B/s]
xlm-roberta-large/models_clip_open-clip-xlm-roberta-large-vit-huge-14-bf16.safetensors:   0%|          | 0.00/2.39G [00:14<?, ?B/s]
xlm-roberta-large/models_clip_open-clip-xlm-roberta-large-vit-huge-14-bf16.safetensors:   0%|          | 0.00/2.39G [00:14<?, ?B/s]
xlm-roberta-large/models_clip_open-clip-xlm-roberta-large-vit-huge-14-bf16.safetensors:   0%|          | 0.00/2.39G [00:14<?, ?B/s]
xlm-roberta-large/models_clip_open-clip-xlm-roberta-large-vit-huge-14-bf16.safetensors:   0%|          | 0.00/2.39G [00:14<?, ?B/s]
xlm-roberta-large/models_clip_open-clip-xlm-roberta-large-vit-huge-14-bf16.safetensors:   3%|2         | 67.1M/2.39G [00:14<00:03, 667MB/s]
xlm-roberta-large/models_clip_open-clip-xlm-roberta-large-vit-huge-14-bf16.safetensors:   6%|5         | 134M/2.39G [00:21<02:14, 16.8MB/s]
xlm-roberta-large/models_clip_open-clip-xlm-roberta-large-vit-huge-14-bf16.safetensors:   8%|8         | 201M/2.39G [00:21<01:12, 30.2MB/s]
xlm-roberta-large/models_clip_open-clip-xlm-roberta-large-vit-huge-14-bf16.safetensors:  11%|#1        | 268M/2.39G [00:21<00:43, 48.5MB/s]
xlm-roberta-large/models_clip_open-clip-xlm-roberta-large-vit-huge-14-bf16.safetensors:  11%|#1        | 268M/2.39G [00:35<00:43, 48.5MB/s]
xlm-roberta-large/models_clip_open-clip-xlm-roberta-large-vit-huge-14-bf16.safetensors:  14%|#4        | 335M/2.39G [01:11<09:29, 3.60MB/s]
xlm-roberta-large/models_clip_open-clip-xlm-roberta-large-vit-huge-14-bf16.safetensors:  17%|#6        | 402M/2.39G [01:11<06:04, 5.44MB/s]
xlm-roberta-large/models_clip_open-clip-xlm-roberta-large-vit-huge-14-bf16.safetensors:  20%|#9        | 469M/2.39G [01:11<03:59, 8.01MB/s]
xlm-roberta-large/models_clip_open-clip-xlm-roberta-large-vit-huge-14-bf16.safetensors:  22%|##2       | 536M/2.39G [01:11<02:38, 11.7MB/s]
xlm-roberta-large/models_clip_open-clip-xlm-roberta-large-vit-huge-14-bf16.safetensors:  25%|##5       | 604M/2.39G [01:11<01:45, 16.9MB/s]
xlm-roberta-large/models_clip_open-clip-xlm-roberta-large-vit-huge-14-bf16.safetensors:  28%|##8       | 671M/2.39G [01:11<01:11, 24.1MB/s]
xlm-roberta-large/models_clip_open-clip-xlm-roberta-large-vit-huge-14-bf16.safetensors:  31%|###       | 738M/2.39G [01:11<00:48, 34.2MB/s]
xlm-roberta-large/models_clip_open-clip-xlm-roberta-large-vit-huge-14-bf16.safetensors:  34%|###3      | 805M/2.39G [01:11<00:32, 48.1MB/s]
xlm-roberta-large/models_clip_open-clip-xlm-roberta-large-vit-huge-14-bf16.safetensors:  37%|###6      | 872M/2.39G [01:12<00:22, 66.9MB/s]
xlm-roberta-large/models_clip_open-clip-xlm-roberta-large-vit-huge-14-bf16.safetensors:  39%|###9      | 939M/2.39G [01:12<00:15, 91.9MB/s]
xlm-roberta-large/models_clip_open-clip-xlm-roberta-large-vit-huge-14-bf16.safetensors:  43%|####2     | 1.02G/2.39G [01:12<00:10, 127MB/s]
xlm-roberta-large/models_clip_open-clip-xlm-roberta-large-vit-huge-14-bf16.safetensors:  48%|####7     | 1.14G/2.39G [01:12<00:06, 186MB/s]
xlm-roberta-large/models_clip_open-clip-xlm-roberta-large-vit-huge-14-bf16.safetensors:  51%|#####     | 1.21G/2.39G [01:12<00:05, 228MB/s]
xlm-roberta-large/models_clip_open-clip-xlm-roberta-large-vit-huge-14-bf16.safetensors:  53%|#####3    | 1.27G/2.39G [01:12<00:04, 276MB/s]
xlm-roberta-large/models_clip_open-clip-xlm-roberta-large-vit-huge-14-bf16.safetensors:  56%|#####6    | 1.34G/2.39G [01:12<00:03, 328MB/s]
xlm-roberta-large/models_clip_open-clip-xlm-roberta-large-vit-huge-14-bf16.safetensors:  59%|#####9    | 1.41G/2.39G [01:12<00:02, 382MB/s]
xlm-roberta-large/models_clip_open-clip-xlm-roberta-large-vit-huge-14-bf16.safetensors:  62%|######1   | 1.48G/2.39G [01:13<00:02, 435MB/s]
xlm-roberta-large/models_clip_open-clip-xlm-roberta-large-vit-huge-14-bf16.safetensors:  65%|######4   | 1.54G/2.39G [01:13<00:02, 397MB/s]
xlm-roberta-large/models_clip_open-clip-xlm-roberta-large-vit-huge-14-bf16.safetensors:  67%|######7   | 1.61G/2.39G [01:13<00:01, 450MB/s]
xlm-roberta-large/models_clip_open-clip-xlm-roberta-large-vit-huge-14-bf16.safetensors:  70%|#######   | 1.68G/2.39G [01:13<00:01, 497MB/s]
xlm-roberta-large/models_clip_open-clip-xlm-roberta-large-vit-huge-14-bf16.safetensors:  73%|#######3  | 1.74G/2.39G [01:13<00:01, 537MB/s]
xlm-roberta-large/models_clip_open-clip-xlm-roberta-large-vit-huge-14-bf16.safetensors:  76%|#######5  | 1.81G/2.39G [01:13<00:01, 561MB/s]
xlm-roberta-large/models_clip_open-clip-xlm-roberta-large-vit-huge-14-bf16.safetensors:  79%|#######8  | 1.88G/2.39G [01:13<00:00, 580MB/s]
xlm-roberta-large/models_clip_open-clip-xlm-roberta-large-vit-huge-14-bf16.safetensors:  82%|########1 | 1.95G/2.39G [01:13<00:00, 601MB/s]
xlm-roberta-large/models_clip_open-clip-xlm-roberta-large-vit-huge-14-bf16.safetensors:  84%|########4 | 2.01G/2.39G [01:13<00:00, 616MB/s]
xlm-roberta-large/models_clip_open-clip-xlm-roberta-large-vit-huge-14-bf16.safetensors:  87%|########7 | 2.08G/2.39G [01:14<00:00, 630MB/s]
xlm-roberta-large/models_clip_open-clip-xlm-roberta-large-vit-huge-14-bf16.safetensors:  90%|########9 | 2.15G/2.39G [01:14<00:00, 496MB/s]
xlm-roberta-large/models_clip_open-clip-xlm-roberta-large-vit-huge-14-bf16.safetensors:  93%|#########2| 2.21G/2.39G [01:14<00:00, 535MB/s]
xlm-roberta-large/models_clip_open-clip-xlm-roberta-large-vit-huge-14-bf16.safetensors:  96%|#########5| 2.28G/2.39G [01:14<00:00, 564MB/s]
xlm-roberta-large/models_clip_open-clip-xlm-roberta-large-vit-huge-14-bf16.safetensors:  98%|#########8| 2.35G/2.39G [01:14<00:00, 586MB/s]
xlm-roberta-large/models_clip_open-clip-xlm-roberta-large-vit-huge-14-bf16.safetensors: 100%|##########| 2.39G/2.39G [01:14<00:00, 31.9MB/s]

xlm-roberta-large/sentencepiece.bpe.model:   0%|          | 0.00/5.07M [00:00<?, ?B/s]
xlm-roberta-large/sentencepiece.bpe.model:   0%|          | 0.00/5.07M [00:00<?, ?B/s]
xlm-roberta-large/sentencepiece.bpe.model:   0%|          | 0.00/5.07M [00:00<?, ?B/s]
xlm-roberta-large/sentencepiece.bpe.model:   0%|          | 0.00/5.07M [00:00<?, ?B/s]
xlm-roberta-large/sentencepiece.bpe.model:   0%|          | 0.00/5.07M [00:00<?, ?B/s]
xlm-roberta-large/sentencepiece.bpe.model:   0%|          | 0.00/5.07M [00:00<?, ?B/s]
xlm-roberta-large/sentencepiece.bpe.model:   0%|          | 0.00/5.07M [00:00<?, ?B/s]
xlm-roberta-large/sentencepiece.bpe.model:   0%|          | 0.00/5.07M [00:00<?, ?B/s]
xlm-roberta-large/sentencepiece.bpe.model:   0%|          | 0.00/5.07M [00:00<?, ?B/s]
xlm-roberta-large/sentencepiece.bpe.model:   0%|          | 0.00/5.07M [00:00<?, ?B/s]
xlm-roberta-large/sentencepiece.bpe.model:   0%|          | 0.00/5.07M [00:01<?, ?B/s]
xlm-roberta-large/sentencepiece.bpe.model:   0%|          | 0.00/5.07M [00:01<?, ?B/s]
xlm-roberta-large/sentencepiece.bpe.model:   0%|          | 0.00/5.07M [00:01<?, ?B/s]
xlm-roberta-large/sentencepiece.bpe.model: 100%|##########| 5.07M/5.07M [00:01<00:00, 43.8MB/s]
xlm-roberta-large/sentencepiece.bpe.model: 100%|##########| 5.07M/5.07M [00:01<00:00, 3.68MB/s]

special_tokens_map.json:   0%|          | 0.00/280 [00:00<?, ?B/s]
special_tokens_map.json: 100%|##########| 280/280 [00:00<?, ?B/s] 

xlm-roberta-large/tokenizer.json:   0%|          | 0.00/17.1M [00:00<?, ?B/s]
xlm-roberta-large/tokenizer.json:   0%|          | 0.00/17.1M [00:00<?, ?B/s]
xlm-roberta-large/tokenizer.json:   0%|          | 0.00/17.1M [00:00<?, ?B/s]
xlm-roberta-large/tokenizer.json:   0%|          | 0.00/17.1M [00:00<?, ?B/s]
xlm-roberta-large/tokenizer.json:   0%|          | 0.00/17.1M [00:00<?, ?B/s]
xlm-roberta-large/tokenizer.json:   0%|          | 0.00/17.1M [00:00<?, ?B/s]
xlm-roberta-large/tokenizer.json:   0%|          | 0.00/17.1M [00:00<?, ?B/s]
xlm-roberta-large/tokenizer.json:   0%|          | 0.00/17.1M [00:00<?, ?B/s]
xlm-roberta-large/tokenizer.json:   0%|          | 0.00/17.1M [00:00<?, ?B/s]
xlm-roberta-large/tokenizer.json:   1%|1         | 178k/17.1M [00:00<00:09, 1.76MB/s]
xlm-roberta-large/tokenizer.json: 100%|##########| 17.1M/17.1M [00:01<00:00, 45.8MB/s]
xlm-roberta-large/tokenizer.json: 100%|##########| 17.1M/17.1M [00:01<00:00, 13.9MB/s]

tokenizer_config.json:   0%|          | 0.00/418 [00:00<?, ?B/s]
tokenizer_config.json: 100%|##########| 418/418 [00:00<?, ?B/s] 

Wan2.1_VAE.safetensors:   0%|          | 0.00/508M [00:00<?, ?B/s]
Wan2.1_VAE.safetensors:   0%|          | 0.00/508M [00:00<?, ?B/s]
Wan2.1_VAE.safetensors:   0%|          | 0.00/508M [00:00<?, ?B/s]
Wan2.1_VAE.safetensors:   0%|          | 0.00/508M [00:00<?, ?B/s]
Wan2.1_VAE.safetensors:   0%|          | 0.00/508M [00:00<?, ?B/s]
Wan2.1_VAE.safetensors:   0%|          | 0.00/508M [00:00<?, ?B/s]
Wan2.1_VAE.safetensors:   0%|          | 0.00/508M [00:00<?, ?B/s]
Wan2.1_VAE.safetensors:   0%|          | 0.00/508M [00:00<?, ?B/s]
Wan2.1_VAE.safetensors:   0%|          | 0.00/508M [00:00<?, ?B/s]
Wan2.1_VAE.safetensors:   0%|          | 0.00/508M [00:00<?, ?B/s]
Wan2.1_VAE.safetensors:   0%|          | 0.00/508M [00:01<?, ?B/s]
Wan2.1_VAE.safetensors:   0%|          | 0.00/508M [00:01<?, ?B/s]
Wan2.1_VAE.safetensors:   0%|          | 0.00/508M [00:01<?, ?B/s]
Wan2.1_VAE.safetensors:   0%|          | 0.00/508M [00:01<?, ?B/s]
Wan2.1_VAE.safetensors:   0%|          | 0.00/508M [00:01<?, ?B/s]
Wan2.1_VAE.safetensors:   0%|          | 0.00/508M [00:01<?, ?B/s]
Wan2.1_VAE.safetensors:   0%|          | 0.00/508M [00:01<?, ?B/s]
Wan2.1_VAE.safetensors:   0%|          | 0.00/508M [00:01<?, ?B/s]
Wan2.1_VAE.safetensors:   0%|          | 0.00/508M [00:01<?, ?B/s]
Wan2.1_VAE.safetensors:   0%|          | 0.00/508M [00:01<?, ?B/s]
Wan2.1_VAE.safetensors:   0%|          | 0.00/508M [00:02<?, ?B/s]
Wan2.1_VAE.safetensors:   0%|          | 0.00/508M [00:02<?, ?B/s]
Wan2.1_VAE.safetensors:   0%|          | 0.00/508M [00:02<?, ?B/s]
Wan2.1_VAE.safetensors:   0%|          | 0.00/508M [00:02<?, ?B/s]
Wan2.1_VAE.safetensors:   0%|          | 0.00/508M [00:02<?, ?B/s]
Wan2.1_VAE.safetensors:   0%|          | 0.00/508M [00:02<?, ?B/s]
Wan2.1_VAE.safetensors:   0%|          | 0.00/508M [00:02<?, ?B/s]
Wan2.1_VAE.safetensors:   0%|          | 0.00/508M [00:02<?, ?B/s]
Wan2.1_VAE.safetensors:   0%|          | 0.00/508M [00:02<?, ?B/s]
Wan2.1_VAE.safetensors:   0%|          | 0.00/508M [00:02<?, ?B/s]
Wan2.1_VAE.safetensors:   0%|          | 0.00/508M [00:03<?, ?B/s]
Wan2.1_VAE.safetensors:   0%|          | 0.00/508M [00:03<?, ?B/s]
Wan2.1_VAE.safetensors:   0%|          | 0.00/508M [00:03<?, ?B/s]
Wan2.1_VAE.safetensors:   0%|          | 0.00/508M [00:03<?, ?B/s]
Wan2.1_VAE.safetensors:   0%|          | 0.00/508M [00:03<?, ?B/s]
Wan2.1_VAE.safetensors:   0%|          | 0.00/508M [00:03<?, ?B/s]
Wan2.1_VAE.safetensors:   0%|          | 0.00/508M [00:03<?, ?B/s]
Wan2.1_VAE.safetensors:   0%|          | 0.00/508M [00:03<?, ?B/s]
Wan2.1_VAE.safetensors:   0%|          | 0.00/508M [00:03<?, ?B/s]
Wan2.1_VAE.safetensors:   0%|          | 0.00/508M [00:03<?, ?B/s]
Wan2.1_VAE.safetensors:   0%|          | 0.00/508M [00:04<?, ?B/s]
Wan2.1_VAE.safetensors:   0%|          | 0.00/508M [00:04<?, ?B/s]
Wan2.1_VAE.safetensors:   0%|          | 0.00/508M [00:04<?, ?B/s]
Wan2.1_VAE.safetensors:   0%|          | 0.00/508M [00:04<?, ?B/s]
Wan2.1_VAE.safetensors:   0%|          | 0.00/508M [00:04<?, ?B/s]
Wan2.1_VAE.safetensors:   0%|          | 0.00/508M [00:04<?, ?B/s]
Wan2.1_VAE.safetensors:   0%|          | 0.00/508M [00:04<?, ?B/s]
Wan2.1_VAE.safetensors:   0%|          | 0.00/508M [00:04<?, ?B/s]
Wan2.1_VAE.safetensors:   0%|          | 0.00/508M [00:04<?, ?B/s]
Wan2.1_VAE.safetensors:   0%|          | 0.00/508M [00:04<?, ?B/s]
Wan2.1_VAE.safetensors:  13%|#3        | 67.1M/508M [00:05<00:00, 662MB/s]
Wan2.1_VAE.safetensors:  26%|##6       | 134M/508M [00:13<00:26, 13.8MB/s]
Wan2.1_VAE.safetensors:  40%|###9      | 201M/508M [00:13<00:12, 25.0MB/s]
Wan2.1_VAE.safetensors:  66%|######6   | 335M/508M [00:13<00:03, 56.3MB/s]
Wan2.1_VAE.safetensors:  79%|#######9  | 402M/508M [00:17<00:02, 35.5MB/s]
Wan2.1_VAE.safetensors: 100%|##########| 508M/508M [00:17<00:00, 55.9MB/s]
Wan2.1_VAE.safetensors: 100%|##########| 508M/508M [00:17<00:00, 29.4MB/s]

Wan2.1_VAE_upscale2x_imageonly_real_v1.safetensors:   0%|          | 0.00/508M [00:00<?, ?B/s]
Wan2.1_VAE_upscale2x_imageonly_real_v1.safetensors:   0%|          | 0.00/508M [00:00<?, ?B/s]
Wan2.1_VAE_upscale2x_imageonly_real_v1.safetensors:   0%|          | 0.00/508M [00:00<?, ?B/s]
Wan2.1_VAE_upscale2x_imageonly_real_v1.safetensors:   0%|          | 0.00/508M [00:00<?, ?B/s]
Wan2.1_VAE_upscale2x_imageonly_real_v1.safetensors:   0%|          | 0.00/508M [00:00<?, ?B/s]
Wan2.1_VAE_upscale2x_imageonly_real_v1.safetensors:   0%|          | 0.00/508M [00:00<?, ?B/s]
Wan2.1_VAE_upscale2x_imageonly_real_v1.safetensors:   0%|          | 0.00/508M [00:00<?, ?B/s]
Wan2.1_VAE_upscale2x_imageonly_real_v1.safetensors:   0%|          | 0.00/508M [00:00<?, ?B/s]
Wan2.1_VAE_upscale2x_imageonly_real_v1.safetensors:   0%|          | 0.00/508M [00:00<?, ?B/s]
Wan2.1_VAE_upscale2x_imageonly_real_v1.safetensors:   0%|          | 0.00/508M [00:00<?, ?B/s]
Wan2.1_VAE_upscale2x_imageonly_real_v1.safetensors:   0%|          | 0.00/508M [00:01<?, ?B/s]
Wan2.1_VAE_upscale2x_imageonly_real_v1.safetensors:   0%|          | 0.00/508M [00:01<?, ?B/s]
Wan2.1_VAE_upscale2x_imageonly_real_v1.safetensors:   0%|          | 0.00/508M [00:01<?, ?B/s]
Wan2.1_VAE_upscale2x_imageonly_real_v1.safetensors:   0%|          | 0.00/508M [00:01<?, ?B/s]
Wan2.1_VAE_upscale2x_imageonly_real_v1.safetensors:   0%|          | 0.00/508M [00:01<?, ?B/s]
Wan2.1_VAE_upscale2x_imageonly_real_v1.safetensors:   0%|          | 0.00/508M [00:01<?, ?B/s]
Wan2.1_VAE_upscale2x_imageonly_real_v1.safetensors:   0%|          | 0.00/508M [00:01<?, ?B/s]
Wan2.1_VAE_upscale2x_imageonly_real_v1.safetensors:   0%|          | 0.00/508M [00:01<?, ?B/s]
Wan2.1_VAE_upscale2x_imageonly_real_v1.safetensors:   0%|          | 0.00/508M [00:01<?, ?B/s]
Wan2.1_VAE_upscale2x_imageonly_real_v1.safetensors:   0%|          | 0.00/508M [00:02<?, ?B/s]
Wan2.1_VAE_upscale2x_imageonly_real_v1.safetensors:   0%|          | 0.00/508M [00:02<?, ?B/s]
Wan2.1_VAE_upscale2x_imageonly_real_v1.safetensors:   0%|          | 0.00/508M [00:02<?, ?B/s]
Wan2.1_VAE_upscale2x_imageonly_real_v1.safetensors:   0%|          | 0.00/508M [00:02<?, ?B/s]
Wan2.1_VAE_upscale2x_imageonly_real_v1.safetensors:   0%|          | 0.00/508M [00:02<?, ?B/s]
Wan2.1_VAE_upscale2x_imageonly_real_v1.safetensors:   0%|          | 0.00/508M [00:02<?, ?B/s]
Wan2.1_VAE_upscale2x_imageonly_real_v1.safetensors:   0%|          | 0.00/508M [00:02<?, ?B/s]
Wan2.1_VAE_upscale2x_imageonly_real_v1.safetensors:   0%|          | 0.00/508M [00:02<?, ?B/s]
Wan2.1_VAE_upscale2x_imageonly_real_v1.safetensors:   0%|          | 0.00/508M [00:02<?, ?B/s]
Wan2.1_VAE_upscale2x_imageonly_real_v1.safetensors:   0%|          | 0.00/508M [00:02<?, ?B/s]
Wan2.1_VAE_upscale2x_imageonly_real_v1.safetensors:   0%|          | 0.00/508M [00:03<?, ?B/s]
Wan2.1_VAE_upscale2x_imageonly_real_v1.safetensors:   0%|          | 0.00/508M [00:03<?, ?B/s]
Wan2.1_VAE_upscale2x_imageonly_real_v1.safetensors:   0%|          | 0.00/508M [00:03<?, ?B/s]
Wan2.1_VAE_upscale2x_imageonly_real_v1.safetensors:   0%|          | 0.00/508M [00:03<?, ?B/s]
Wan2.1_VAE_upscale2x_imageonly_real_v1.safetensors:   0%|          | 0.00/508M [00:03<?, ?B/s]
Wan2.1_VAE_upscale2x_imageonly_real_v1.safetensors:   0%|          | 0.00/508M [00:03<?, ?B/s]
Wan2.1_VAE_upscale2x_imageonly_real_v1.safetensors:   0%|          | 0.00/508M [00:03<?, ?B/s]
Wan2.1_VAE_upscale2x_imageonly_real_v1.safetensors:   0%|          | 0.00/508M [00:03<?, ?B/s]
Wan2.1_VAE_upscale2x_imageonly_real_v1.safetensors:   0%|          | 0.00/508M [00:03<?, ?B/s]
Wan2.1_VAE_upscale2x_imageonly_real_v1.safetensors:   0%|          | 0.00/508M [00:03<?, ?B/s]
Wan2.1_VAE_upscale2x_imageonly_real_v1.safetensors:   0%|          | 0.00/508M [00:04<?, ?B/s]
Wan2.1_VAE_upscale2x_imageonly_real_v1.safetensors:   0%|          | 0.00/508M [00:04<?, ?B/s]
Wan2.1_VAE_upscale2x_imageonly_real_v1.safetensors:   0%|          | 0.00/508M [00:04<?, ?B/s]
Wan2.1_VAE_upscale2x_imageonly_real_v1.safetensors:   0%|          | 0.00/508M [00:04<?, ?B/s]
Wan2.1_VAE_upscale2x_imageonly_real_v1.safetensors:   0%|          | 0.00/508M [00:04<?, ?B/s]
Wan2.1_VAE_upscale2x_imageonly_real_v1.safetensors:   0%|          | 0.00/508M [00:04<?, ?B/s]
Wan2.1_VAE_upscale2x_imageonly_real_v1.safetensors:   0%|          | 0.00/508M [00:04<?, ?B/s]
Wan2.1_VAE_upscale2x_imageonly_real_v1.safetensors:   0%|          | 0.00/508M [00:04<?, ?B/s]
Wan2.1_VAE_upscale2x_imageonly_real_v1.safetensors:   0%|          | 0.00/508M [00:04<?, ?B/s]
Wan2.1_VAE_upscale2x_imageonly_real_v1.safetensors:   0%|          | 0.00/508M [00:05<?, ?B/s]
Wan2.1_VAE_upscale2x_imageonly_real_v1.safetensors:   0%|          | 0.00/508M [00:05<?, ?B/s]
Wan2.1_VAE_upscale2x_imageonly_real_v1.safetensors:   0%|          | 0.00/508M [00:05<?, ?B/s]
Wan2.1_VAE_upscale2x_imageonly_real_v1.safetensors:   0%|          | 0.00/508M [00:05<?, ?B/s]
Wan2.1_VAE_upscale2x_imageonly_real_v1.safetensors:   0%|          | 0.00/508M [00:05<?, ?B/s]
Wan2.1_VAE_upscale2x_imageonly_real_v1.safetensors:   0%|          | 0.00/508M [00:05<?, ?B/s]
Wan2.1_VAE_upscale2x_imageonly_real_v1.safetensors:   0%|          | 0.00/508M [00:05<?, ?B/s]
Wan2.1_VAE_upscale2x_imageonly_real_v1.safetensors:   0%|          | 0.00/508M [00:05<?, ?B/s]
Wan2.1_VAE_upscale2x_imageonly_real_v1.safetensors:   0%|          | 0.00/508M [00:05<?, ?B/s]
Wan2.1_VAE_upscale2x_imageonly_real_v1.safetensors:   0%|          | 0.00/508M [00:05<?, ?B/s]
Wan2.1_VAE_upscale2x_imageonly_real_v1.safetensors:   0%|          | 0.00/508M [00:06<?, ?B/s]
Wan2.1_VAE_upscale2x_imageonly_real_v1.safetensors:   0%|          | 0.00/508M [00:06<?, ?B/s]
Wan2.1_VAE_upscale2x_imageonly_real_v1.safetensors:   0%|          | 0.00/508M [00:06<?, ?B/s]
Wan2.1_VAE_upscale2x_imageonly_real_v1.safetensors:   0%|          | 0.00/508M [00:06<?, ?B/s]
Wan2.1_VAE_upscale2x_imageonly_real_v1.safetensors:   0%|          | 0.00/508M [00:06<?, ?B/s]
Wan2.1_VAE_upscale2x_imageonly_real_v1.safetensors:   0%|          | 0.00/508M [00:06<?, ?B/s]
Wan2.1_VAE_upscale2x_imageonly_real_v1.safetensors:   0%|          | 0.00/508M [00:06<?, ?B/s]
Wan2.1_VAE_upscale2x_imageonly_real_v1.safetensors:   0%|          | 0.00/508M [00:06<?, ?B/s]
Wan2.1_VAE_upscale2x_imageonly_real_v1.safetensors:   0%|          | 0.00/508M [00:06<?, ?B/s]
Wan2.1_VAE_upscale2x_imageonly_real_v1.safetensors:   0%|          | 0.00/508M [00:06<?, ?B/s]
Wan2.1_VAE_upscale2x_imageonly_real_v1.safetensors:  14%|#3        | 71.0M/508M [00:07<00:00, 705MB/s]
Wan2.1_VAE_upscale2x_imageonly_real_v1.safetensors:  28%|##7       | 142M/508M [00:07<00:00, 704MB/s] 
Wan2.1_VAE_upscale2x_imageonly_real_v1.safetensors:  42%|####1     | 213M/508M [00:07<00:01, 250MB/s]
Wan2.1_VAE_upscale2x_imageonly_real_v1.safetensors:  59%|#####8    | 297M/508M [00:17<00:11, 18.1MB/s]
Wan2.1_VAE_upscale2x_imageonly_real_v1.safetensors:  94%|#########3| 476M/508M [00:18<00:00, 41.4MB/s]
Wan2.1_VAE_upscale2x_imageonly_real_v1.safetensors: 100%|##########| 508M/508M [00:18<00:00, 28.0MB/s]

pose/nlf_l_multi_0.3.2.eager.safetensors:   0%|          | 0.00/355M [00:00<?, ?B/s]
pose/nlf_l_multi_0.3.2.eager.safetensors:   0%|          | 0.00/355M [00:00<?, ?B/s]
pose/nlf_l_multi_0.3.2.eager.safetensors:   0%|          | 0.00/355M [00:00<?, ?B/s]
pose/nlf_l_multi_0.3.2.eager.safetensors:   0%|          | 0.00/355M [00:00<?, ?B/s]
pose/nlf_l_multi_0.3.2.eager.safetensors:   0%|          | 0.00/355M [00:00<?, ?B/s]
pose/nlf_l_multi_0.3.2.eager.safetensors:   0%|          | 0.00/355M [00:00<?, ?B/s]
pose/nlf_l_multi_0.3.2.eager.safetensors:   0%|          | 0.00/355M [00:00<?, ?B/s]
pose/nlf_l_multi_0.3.2.eager.safetensors:   0%|          | 0.00/355M [00:00<?, ?B/s]
pose/nlf_l_multi_0.3.2.eager.safetensors:   0%|          | 0.00/355M [00:00<?, ?B/s]
pose/nlf_l_multi_0.3.2.eager.safetensors:   0%|          | 0.00/355M [00:00<?, ?B/s]
pose/nlf_l_multi_0.3.2.eager.safetensors:   0%|          | 0.00/355M [00:01<?, ?B/s]
pose/nlf_l_multi_0.3.2.eager.safetensors:   0%|          | 0.00/355M [00:01<?, ?B/s]
pose/nlf_l_multi_0.3.2.eager.safetensors:   0%|          | 0.00/355M [00:01<?, ?B/s]
pose/nlf_l_multi_0.3.2.eager.safetensors:   0%|          | 0.00/355M [00:01<?, ?B/s]
pose/nlf_l_multi_0.3.2.eager.safetensors:   0%|          | 0.00/355M [00:01<?, ?B/s]
pose/nlf_l_multi_0.3.2.eager.safetensors:   0%|          | 0.00/355M [00:01<?, ?B/s]
pose/nlf_l_multi_0.3.2.eager.safetensors:   0%|          | 0.00/355M [00:01<?, ?B/s]
pose/nlf_l_multi_0.3.2.eager.safetensors:   0%|          | 0.00/355M [00:01<?, ?B/s]
pose/nlf_l_multi_0.3.2.eager.safetensors:   0%|          | 0.00/355M [00:01<?, ?B/s]
pose/nlf_l_multi_0.3.2.eager.safetensors:   0%|          | 0.00/355M [00:01<?, ?B/s]
pose/nlf_l_multi_0.3.2.eager.safetensors:   0%|          | 0.00/355M [00:02<?, ?B/s]
pose/nlf_l_multi_0.3.2.eager.safetensors:   0%|          | 0.00/355M [00:02<?, ?B/s]
pose/nlf_l_multi_0.3.2.eager.safetensors:   0%|          | 0.00/355M [00:02<?, ?B/s]
pose/nlf_l_multi_0.3.2.eager.safetensors:   0%|          | 0.00/355M [00:02<?, ?B/s]
pose/nlf_l_multi_0.3.2.eager.safetensors:   0%|          | 0.00/355M [00:02<?, ?B/s]
pose/nlf_l_multi_0.3.2.eager.safetensors:   0%|          | 0.00/355M [00:02<?, ?B/s]
pose/nlf_l_multi_0.3.2.eager.safetensors:   0%|          | 0.00/355M [00:02<?, ?B/s]
pose/nlf_l_multi_0.3.2.eager.safetensors:   0%|          | 0.00/355M [00:02<?, ?B/s]
pose/nlf_l_multi_0.3.2.eager.safetensors:   0%|          | 0.00/355M [00:02<?, ?B/s]
pose/nlf_l_multi_0.3.2.eager.safetensors:   0%|          | 0.00/355M [00:02<?, ?B/s]
pose/nlf_l_multi_0.3.2.eager.safetensors:   0%|          | 0.00/355M [00:03<?, ?B/s]
pose/nlf_l_multi_0.3.2.eager.safetensors:   0%|          | 0.00/355M [00:03<?, ?B/s]
pose/nlf_l_multi_0.3.2.eager.safetensors:   0%|          | 0.00/355M [00:03<?, ?B/s]
pose/nlf_l_multi_0.3.2.eager.safetensors:   0%|          | 0.00/355M [00:03<?, ?B/s]
pose/nlf_l_multi_0.3.2.eager.safetensors:   0%|          | 0.00/355M [00:03<?, ?B/s]
pose/nlf_l_multi_0.3.2.eager.safetensors:   0%|          | 0.00/355M [00:03<?, ?B/s]
pose/nlf_l_multi_0.3.2.eager.safetensors:   0%|          | 0.00/355M [00:03<?, ?B/s]
pose/nlf_l_multi_0.3.2.eager.safetensors:   0%|          | 0.00/355M [00:03<?, ?B/s]
pose/nlf_l_multi_0.3.2.eager.safetensors:   0%|          | 0.00/355M [00:03<?, ?B/s]
pose/nlf_l_multi_0.3.2.eager.safetensors:   0%|          | 0.00/355M [00:03<?, ?B/s]
pose/nlf_l_multi_0.3.2.eager.safetensors:   0%|          | 0.00/355M [00:04<?, ?B/s]
pose/nlf_l_multi_0.3.2.eager.safetensors:   0%|          | 0.00/355M [00:04<?, ?B/s]
pose/nlf_l_multi_0.3.2.eager.safetensors:   0%|          | 0.00/355M [00:04<?, ?B/s]
pose/nlf_l_multi_0.3.2.eager.safetensors:   0%|          | 0.00/355M [00:04<?, ?B/s]
pose/nlf_l_multi_0.3.2.eager.safetensors:   0%|          | 0.00/355M [00:04<?, ?B/s]
pose/nlf_l_multi_0.3.2.eager.safetensors:   0%|          | 0.00/355M [00:04<?, ?B/s]
pose/nlf_l_multi_0.3.2.eager.safetensors:   0%|          | 0.00/355M [00:04<?, ?B/s]
pose/nlf_l_multi_0.3.2.eager.safetensors:   0%|          | 0.00/355M [00:04<?, ?B/s]
pose/nlf_l_multi_0.3.2.eager.safetensors:   0%|          | 0.00/355M [00:05<?, ?B/s]
pose/nlf_l_multi_0.3.2.eager.safetensors:   0%|          | 0.00/355M [00:05<?, ?B/s]
pose/nlf_l_multi_0.3.2.eager.safetensors:   0%|          | 0.00/355M [00:05<?, ?B/s]
pose/nlf_l_multi_0.3.2.eager.safetensors:   0%|          | 0.00/355M [00:05<?, ?B/s]
pose/nlf_l_multi_0.3.2.eager.safetensors:   0%|          | 0.00/355M [00:05<?, ?B/s]
pose/nlf_l_multi_0.3.2.eager.safetensors:   0%|          | 0.00/355M [00:05<?, ?B/s]
pose/nlf_l_multi_0.3.2.eager.safetensors:   0%|          | 0.00/355M [00:05<?, ?B/s]
pose/nlf_l_multi_0.3.2.eager.safetensors:   0%|          | 0.00/355M [00:05<?, ?B/s]
pose/nlf_l_multi_0.3.2.eager.safetensors:   0%|          | 0.00/355M [00:05<?, ?B/s]
pose/nlf_l_multi_0.3.2.eager.safetensors:   0%|          | 0.00/355M [00:05<?, ?B/s]
pose/nlf_l_multi_0.3.2.eager.safetensors:   0%|          | 0.00/355M [00:06<?, ?B/s]
pose/nlf_l_multi_0.3.2.eager.safetensors:   0%|          | 0.00/355M [00:06<?, ?B/s]
pose/nlf_l_multi_0.3.2.eager.safetensors:   0%|          | 0.00/355M [00:06<?, ?B/s]
pose/nlf_l_multi_0.3.2.eager.safetensors:   0%|          | 0.00/355M [00:06<?, ?B/s]
pose/nlf_l_multi_0.3.2.eager.safetensors:   0%|          | 0.00/355M [00:06<?, ?B/s]
pose/nlf_l_multi_0.3.2.eager.safetensors:   0%|          | 0.00/355M [00:06<?, ?B/s]
pose/nlf_l_multi_0.3.2.eager.safetensors:   0%|          | 0.00/355M [00:06<?, ?B/s]
pose/nlf_l_multi_0.3.2.eager.safetensors:   0%|          | 0.00/355M [00:06<?, ?B/s]
pose/nlf_l_multi_0.3.2.eager.safetensors:   0%|          | 0.00/355M [00:06<?, ?B/s]
pose/nlf_l_multi_0.3.2.eager.safetensors:   0%|          | 0.00/355M [00:07<?, ?B/s]
pose/nlf_l_multi_0.3.2.eager.safetensors:   0%|          | 0.00/355M [00:07<?, ?B/s]
pose/nlf_l_multi_0.3.2.eager.safetensors:   0%|          | 0.00/355M [00:07<?, ?B/s]
pose/nlf_l_multi_0.3.2.eager.safetensors:   0%|          | 0.00/355M [00:07<?, ?B/s]
pose/nlf_l_multi_0.3.2.eager.safetensors:   0%|          | 0.00/355M [00:07<?, ?B/s]
pose/nlf_l_multi_0.3.2.eager.safetensors:   0%|          | 0.00/355M [00:07<?, ?B/s]
pose/nlf_l_multi_0.3.2.eager.safetensors:   0%|          | 0.00/355M [00:07<?, ?B/s]
pose/nlf_l_multi_0.3.2.eager.safetensors:   0%|          | 0.00/355M [00:07<?, ?B/s]
pose/nlf_l_multi_0.3.2.eager.safetensors:   0%|          | 0.00/355M [00:07<?, ?B/s]
pose/nlf_l_multi_0.3.2.eager.safetensors:   0%|          | 0.00/355M [00:07<?, ?B/s]
pose/nlf_l_multi_0.3.2.eager.safetensors:   0%|          | 0.00/355M [00:08<?, ?B/s]
pose/nlf_l_multi_0.3.2.eager.safetensors:   0%|          | 0.00/355M [00:08<?, ?B/s]
pose/nlf_l_multi_0.3.2.eager.safetensors:   0%|          | 0.00/355M [00:08<?, ?B/s]
pose/nlf_l_multi_0.3.2.eager.safetensors:   0%|          | 0.00/355M [00:08<?, ?B/s]
pose/nlf_l_multi_0.3.2.eager.safetensors:   0%|          | 0.00/355M [00:08<?, ?B/s]
pose/nlf_l_multi_0.3.2.eager.safetensors:   0%|          | 0.00/355M [00:08<?, ?B/s]
pose/nlf_l_multi_0.3.2.eager.safetensors:   0%|          | 0.00/355M [00:08<?, ?B/s]
pose/nlf_l_multi_0.3.2.eager.safetensors:   0%|          | 0.00/355M [00:08<?, ?B/s]
pose/nlf_l_multi_0.3.2.eager.safetensors:   0%|          | 0.00/355M [00:08<?, ?B/s]
pose/nlf_l_multi_0.3.2.eager.safetensors:   0%|          | 0.00/355M [00:08<?, ?B/s]
pose/nlf_l_multi_0.3.2.eager.safetensors:   0%|          | 0.00/355M [00:09<?, ?B/s]
pose/nlf_l_multi_0.3.2.eager.safetensors:   0%|          | 0.00/355M [00:09<?, ?B/s]
pose/nlf_l_multi_0.3.2.eager.safetensors:   0%|          | 0.00/355M [00:09<?, ?B/s]
pose/nlf_l_multi_0.3.2.eager.safetensors:   0%|          | 0.00/355M [00:09<?, ?B/s]
pose/nlf_l_multi_0.3.2.eager.safetensors:   0%|          | 0.00/355M [00:09<?, ?B/s]
pose/nlf_l_multi_0.3.2.eager.safetensors:   0%|          | 0.00/355M [00:09<?, ?B/s]
pose/nlf_l_multi_0.3.2.eager.safetensors:   0%|          | 0.00/355M [00:09<?, ?B/s]
pose/nlf_l_multi_0.3.2.eager.safetensors:   0%|          | 0.00/355M [00:09<?, ?B/s]
pose/nlf_l_multi_0.3.2.eager.safetensors:   0%|          | 0.00/355M [00:09<?, ?B/s]
pose/nlf_l_multi_0.3.2.eager.safetensors:   0%|          | 0.00/355M [00:09<?, ?B/s]
pose/nlf_l_multi_0.3.2.eager.safetensors:   0%|          | 0.00/355M [00:10<?, ?B/s]
pose/nlf_l_multi_0.3.2.eager.safetensors:   0%|          | 0.00/355M [00:10<?, ?B/s]
pose/nlf_l_multi_0.3.2.eager.safetensors:   0%|          | 0.00/355M [00:10<?, ?B/s]
pose/nlf_l_multi_0.3.2.eager.safetensors:  31%|###       | 110M/355M [00:10<00:00, 1.06GB/s]
pose/nlf_l_multi_0.3.2.eager.safetensors:  59%|#####8    | 208M/355M [00:10<00:00, 1.01GB/s]
pose/nlf_l_multi_0.3.2.eager.safetensors:  87%|########6 | 309M/355M [00:10<00:00, 1.00GB/s]
pose/nlf_l_multi_0.3.2.eager.safetensors: 100%|##########| 355M/355M [00:12<00:00, 29.1MB/s]

nlf_l_multi_0.3.2.eager.meta.json:   0%|          | 0.00/27.2k [00:00<?, ?B/s]
nlf_l_multi_0.3.2.eager.meta.json: 100%|##########| 27.2k/27.2k [00:00<?, ?B/s]

sam3/sam3.1_multiplex_bf16.safetensors:   0%|          | 0.00/1.75G [00:00<?, ?B/s]
sam3/sam3.1_multiplex_bf16.safetensors:   0%|          | 0.00/1.75G [00:00<?, ?B/s]
sam3/sam3.1_multiplex_bf16.safetensors:   0%|          | 0.00/1.75G [00:00<?, ?B/s]
sam3/sam3.1_multiplex_bf16.safetensors:   0%|          | 0.00/1.75G [00:00<?, ?B/s]
sam3/sam3.1_multiplex_bf16.safetensors:   0%|          | 0.00/1.75G [00:00<?, ?B/s]
sam3/sam3.1_multiplex_bf16.safetensors:   0%|          | 0.00/1.75G [00:00<?, ?B/s]
sam3/sam3.1_multiplex_bf16.safetensors:   0%|          | 0.00/1.75G [00:00<?, ?B/s]
sam3/sam3.1_multiplex_bf16.safetensors:   0%|          | 0.00/1.75G [00:00<?, ?B/s]
sam3/sam3.1_multiplex_bf16.safetensors:   0%|          | 0.00/1.75G [00:00<?, ?B/s]
sam3/sam3.1_multiplex_bf16.safetensors:   0%|          | 0.00/1.75G [00:00<?, ?B/s]
sam3/sam3.1_multiplex_bf16.safetensors:   0%|          | 0.00/1.75G [00:01<?, ?B/s]
sam3/sam3.1_multiplex_bf16.safetensors:   0%|          | 0.00/1.75G [00:01<?, ?B/s]
sam3/sam3.1_multiplex_bf16.safetensors:   0%|          | 0.00/1.75G [00:01<?, ?B/s]
sam3/sam3.1_multiplex_bf16.safetensors:   0%|          | 0.00/1.75G [00:01<?, ?B/s]
sam3/sam3.1_multiplex_bf16.safetensors:   0%|          | 0.00/1.75G [00:01<?, ?B/s]
sam3/sam3.1_multiplex_bf16.safetensors:   0%|          | 0.00/1.75G [00:01<?, ?B/s]
sam3/sam3.1_multiplex_bf16.safetensors:   0%|          | 0.00/1.75G [00:01<?, ?B/s]
sam3/sam3.1_multiplex_bf16.safetensors:   0%|          | 0.00/1.75G [00:01<?, ?B/s]
sam3/sam3.1_multiplex_bf16.safetensors:   0%|          | 0.00/1.75G [00:01<?, ?B/s]
sam3/sam3.1_multiplex_bf16.safetensors:   0%|          | 0.00/1.75G [00:01<?, ?B/s]
sam3/sam3.1_multiplex_bf16.safetensors:   0%|          | 0.00/1.75G [00:02<?, ?B/s]
sam3/sam3.1_multiplex_bf16.safetensors:   0%|          | 0.00/1.75G [00:02<?, ?B/s]
sam3/sam3.1_multiplex_bf16.safetensors:   0%|          | 0.00/1.75G [00:02<?, ?B/s]
sam3/sam3.1_multiplex_bf16.safetensors:   0%|          | 0.00/1.75G [00:02<?, ?B/s]
sam3/sam3.1_multiplex_bf16.safetensors:   0%|          | 0.00/1.75G [00:02<?, ?B/s]
sam3/sam3.1_multiplex_bf16.safetensors:   0%|          | 0.00/1.75G [00:02<?, ?B/s]
sam3/sam3.1_multiplex_bf16.safetensors:   0%|          | 0.00/1.75G [00:02<?, ?B/s]
sam3/sam3.1_multiplex_bf16.safetensors:   0%|          | 0.00/1.75G [00:02<?, ?B/s]
sam3/sam3.1_multiplex_bf16.safetensors:   0%|          | 0.00/1.75G [00:02<?, ?B/s]
sam3/sam3.1_multiplex_bf16.safetensors:   0%|          | 0.00/1.75G [00:02<?, ?B/s]
sam3/sam3.1_multiplex_bf16.safetensors:   0%|          | 0.00/1.75G [00:03<?, ?B/s]
sam3/sam3.1_multiplex_bf16.safetensors:   0%|          | 0.00/1.75G [00:03<?, ?B/s]
sam3/sam3.1_multiplex_bf16.safetensors:   0%|          | 0.00/1.75G [00:03<?, ?B/s]
sam3/sam3.1_multiplex_bf16.safetensors:   0%|          | 0.00/1.75G [00:03<?, ?B/s]
sam3/sam3.1_multiplex_bf16.safetensors:   0%|          | 0.00/1.75G [00:03<?, ?B/s]
sam3/sam3.1_multiplex_bf16.safetensors:   0%|          | 0.00/1.75G [00:03<?, ?B/s]
sam3/sam3.1_multiplex_bf16.safetensors:   0%|          | 0.00/1.75G [00:03<?, ?B/s]
sam3/sam3.1_multiplex_bf16.safetensors:   0%|          | 0.00/1.75G [00:03<?, ?B/s]
sam3/sam3.1_multiplex_bf16.safetensors:   0%|          | 0.00/1.75G [00:03<?, ?B/s]
sam3/sam3.1_multiplex_bf16.safetensors:   0%|          | 0.00/1.75G [00:04<?, ?B/s]
sam3/sam3.1_multiplex_bf16.safetensors:   0%|          | 0.00/1.75G [00:04<?, ?B/s]
sam3/sam3.1_multiplex_bf16.safetensors:   0%|          | 0.00/1.75G [00:04<?, ?B/s]
sam3/sam3.1_multiplex_bf16.safetensors:   0%|          | 0.00/1.75G [00:04<?, ?B/s]
sam3/sam3.1_multiplex_bf16.safetensors:   0%|          | 0.00/1.75G [00:04<?, ?B/s]
sam3/sam3.1_multiplex_bf16.safetensors:   0%|          | 0.00/1.75G [00:04<?, ?B/s]
sam3/sam3.1_multiplex_bf16.safetensors:   0%|          | 0.00/1.75G [00:04<?, ?B/s]
sam3/sam3.1_multiplex_bf16.safetensors:   0%|          | 0.00/1.75G [00:04<?, ?B/s]
sam3/sam3.1_multiplex_bf16.safetensors:   0%|          | 0.00/1.75G [00:04<?, ?B/s]
sam3/sam3.1_multiplex_bf16.safetensors:   0%|          | 0.00/1.75G [00:04<?, ?B/s]
sam3/sam3.1_multiplex_bf16.safetensors:   0%|          | 0.00/1.75G [00:05<?, ?B/s]
sam3/sam3.1_multiplex_bf16.safetensors:   0%|          | 0.00/1.75G [00:05<?, ?B/s]
sam3/sam3.1_multiplex_bf16.safetensors:   0%|          | 0.00/1.75G [00:05<?, ?B/s]
sam3/sam3.1_multiplex_bf16.safetensors:   0%|          | 0.00/1.75G [00:05<?, ?B/s]
sam3/sam3.1_multiplex_bf16.safetensors:   0%|          | 0.00/1.75G [00:05<?, ?B/s]
sam3/sam3.1_multiplex_bf16.safetensors:   0%|          | 0.00/1.75G [00:05<?, ?B/s]
sam3/sam3.1_multiplex_bf16.safetensors:   0%|          | 0.00/1.75G [00:05<?, ?B/s]
sam3/sam3.1_multiplex_bf16.safetensors:   0%|          | 0.00/1.75G [00:05<?, ?B/s]
sam3/sam3.1_multiplex_bf16.safetensors:   0%|          | 0.00/1.75G [00:05<?, ?B/s]
sam3/sam3.1_multiplex_bf16.safetensors:   0%|          | 0.00/1.75G [00:06<?, ?B/s]
sam3/sam3.1_multiplex_bf16.safetensors:   0%|          | 0.00/1.75G [00:06<?, ?B/s]
sam3/sam3.1_multiplex_bf16.safetensors:   0%|          | 0.00/1.75G [00:06<?, ?B/s]
sam3/sam3.1_multiplex_bf16.safetensors:   0%|          | 0.00/1.75G [00:06<?, ?B/s]
sam3/sam3.1_multiplex_bf16.safetensors:   0%|          | 0.00/1.75G [00:06<?, ?B/s]
sam3/sam3.1_multiplex_bf16.safetensors:   0%|          | 0.00/1.75G [00:06<?, ?B/s]
sam3/sam3.1_multiplex_bf16.safetensors:   0%|          | 0.00/1.75G [00:06<?, ?B/s]
sam3/sam3.1_multiplex_bf16.safetensors:   0%|          | 0.00/1.75G [00:06<?, ?B/s]
sam3/sam3.1_multiplex_bf16.safetensors:   0%|          | 0.00/1.75G [00:06<?, ?B/s]
sam3/sam3.1_multiplex_bf16.safetensors:   0%|          | 0.00/1.75G [00:06<?, ?B/s]
sam3/sam3.1_multiplex_bf16.safetensors:   0%|          | 0.00/1.75G [00:07<?, ?B/s]
sam3/sam3.1_multiplex_bf16.safetensors:   0%|          | 0.00/1.75G [00:07<?, ?B/s]
sam3/sam3.1_multiplex_bf16.safetensors:   0%|          | 0.00/1.75G [00:07<?, ?B/s]
sam3/sam3.1_multiplex_bf16.safetensors:   0%|          | 0.00/1.75G [00:07<?, ?B/s]
sam3/sam3.1_multiplex_bf16.safetensors:   0%|          | 0.00/1.75G [00:07<?, ?B/s]
sam3/sam3.1_multiplex_bf16.safetensors:   0%|          | 0.00/1.75G [00:07<?, ?B/s]
sam3/sam3.1_multiplex_bf16.safetensors:   0%|          | 0.00/1.75G [00:07<?, ?B/s]
sam3/sam3.1_multiplex_bf16.safetensors:   0%|          | 0.00/1.75G [00:07<?, ?B/s]
sam3/sam3.1_multiplex_bf16.safetensors:   0%|          | 0.00/1.75G [00:07<?, ?B/s]
sam3/sam3.1_multiplex_bf16.safetensors:   0%|          | 0.00/1.75G [00:07<?, ?B/s]
sam3/sam3.1_multiplex_bf16.safetensors:   0%|          | 0.00/1.75G [00:08<?, ?B/s]
sam3/sam3.1_multiplex_bf16.safetensors:   0%|          | 0.00/1.75G [00:08<?, ?B/s]
sam3/sam3.1_multiplex_bf16.safetensors:   0%|          | 0.00/1.75G [00:08<?, ?B/s]
sam3/sam3.1_multiplex_bf16.safetensors:   0%|          | 0.00/1.75G [00:08<?, ?B/s]
sam3/sam3.1_multiplex_bf16.safetensors:   0%|          | 0.00/1.75G [00:08<?, ?B/s]
sam3/sam3.1_multiplex_bf16.safetensors:   0%|          | 0.00/1.75G [00:08<?, ?B/s]
sam3/sam3.1_multiplex_bf16.safetensors:   0%|          | 0.00/1.75G [00:08<?, ?B/s]
sam3/sam3.1_multiplex_bf16.safetensors:   0%|          | 0.00/1.75G [00:08<?, ?B/s]
sam3/sam3.1_multiplex_bf16.safetensors:   0%|          | 0.00/1.75G [00:08<?, ?B/s]
sam3/sam3.1_multiplex_bf16.safetensors:   0%|          | 0.00/1.75G [00:08<?, ?B/s]
sam3/sam3.1_multiplex_bf16.safetensors:   0%|          | 0.00/1.75G [00:09<?, ?B/s]
sam3/sam3.1_multiplex_bf16.safetensors:   0%|          | 0.00/1.75G [00:09<?, ?B/s]
sam3/sam3.1_multiplex_bf16.safetensors:   0%|          | 0.00/1.75G [00:09<?, ?B/s]
sam3/sam3.1_multiplex_bf16.safetensors:   0%|          | 0.00/1.75G [00:09<?, ?B/s]
sam3/sam3.1_multiplex_bf16.safetensors:   0%|          | 0.00/1.75G [00:09<?, ?B/s]
sam3/sam3.1_multiplex_bf16.safetensors:   0%|          | 0.00/1.75G [00:09<?, ?B/s]
sam3/sam3.1_multiplex_bf16.safetensors:   0%|          | 0.00/1.75G [00:09<?, ?B/s]
sam3/sam3.1_multiplex_bf16.safetensors:   0%|          | 0.00/1.75G [00:09<?, ?B/s]
sam3/sam3.1_multiplex_bf16.safetensors:   0%|          | 0.00/1.75G [00:09<?, ?B/s]
sam3/sam3.1_multiplex_bf16.safetensors:   0%|          | 0.00/1.75G [00:09<?, ?B/s]
sam3/sam3.1_multiplex_bf16.safetensors:   0%|          | 0.00/1.75G [00:10<?, ?B/s]
sam3/sam3.1_multiplex_bf16.safetensors:   0%|          | 0.00/1.75G [00:10<?, ?B/s]
sam3/sam3.1_multiplex_bf16.safetensors:   0%|          | 0.00/1.75G [00:10<?, ?B/s]
sam3/sam3.1_multiplex_bf16.safetensors:   0%|          | 0.00/1.75G [00:10<?, ?B/s]
sam3/sam3.1_multiplex_bf16.safetensors:   0%|          | 0.00/1.75G [00:10<?, ?B/s]
sam3/sam3.1_multiplex_bf16.safetensors:   0%|          | 0.00/1.75G [00:10<?, ?B/s]
sam3/sam3.1_multiplex_bf16.safetensors:   0%|          | 0.00/1.75G [00:10<?, ?B/s]
sam3/sam3.1_multiplex_bf16.safetensors:   0%|          | 0.00/1.75G [00:10<?, ?B/s]
sam3/sam3.1_multiplex_bf16.safetensors:   0%|          | 0.00/1.75G [00:10<?, ?B/s]
sam3/sam3.1_multiplex_bf16.safetensors:   0%|          | 0.00/1.75G [00:10<?, ?B/s]
sam3/sam3.1_multiplex_bf16.safetensors:   0%|          | 0.00/1.75G [00:11<?, ?B/s]
sam3/sam3.1_multiplex_bf16.safetensors:   0%|          | 0.00/1.75G [00:11<?, ?B/s]
sam3/sam3.1_multiplex_bf16.safetensors:   0%|          | 0.00/1.75G [00:11<?, ?B/s]
sam3/sam3.1_multiplex_bf16.safetensors:   0%|          | 0.00/1.75G [00:11<?, ?B/s]
sam3/sam3.1_multiplex_bf16.safetensors:   0%|          | 0.00/1.75G [00:11<?, ?B/s]
sam3/sam3.1_multiplex_bf16.safetensors:   0%|          | 0.00/1.75G [00:11<?, ?B/s]
sam3/sam3.1_multiplex_bf16.safetensors:   0%|          | 0.00/1.75G [00:11<?, ?B/s]
sam3/sam3.1_multiplex_bf16.safetensors:   0%|          | 0.00/1.75G [00:11<?, ?B/s]
sam3/sam3.1_multiplex_bf16.safetensors:   0%|          | 0.00/1.75G [00:11<?, ?B/s]
sam3/sam3.1_multiplex_bf16.safetensors:   0%|          | 0.00/1.75G [00:11<?, ?B/s]
sam3/sam3.1_multiplex_bf16.safetensors:   0%|          | 0.00/1.75G [00:12<?, ?B/s]
sam3/sam3.1_multiplex_bf16.safetensors:   0%|          | 0.00/1.75G [00:12<?, ?B/s]
sam3/sam3.1_multiplex_bf16.safetensors:   0%|          | 0.00/1.75G [00:12<?, ?B/s]
sam3/sam3.1_multiplex_bf16.safetensors:   0%|          | 0.00/1.75G [00:12<?, ?B/s]
sam3/sam3.1_multiplex_bf16.safetensors:   0%|          | 0.00/1.75G [00:12<?, ?B/s]
sam3/sam3.1_multiplex_bf16.safetensors:   0%|          | 0.00/1.75G [00:12<?, ?B/s]
sam3/sam3.1_multiplex_bf16.safetensors:   0%|          | 0.00/1.75G [00:12<?, ?B/s]
sam3/sam3.1_multiplex_bf16.safetensors:   0%|          | 0.00/1.75G [00:12<?, ?B/s]
sam3/sam3.1_multiplex_bf16.safetensors:   0%|          | 0.00/1.75G [00:12<?, ?B/s]
sam3/sam3.1_multiplex_bf16.safetensors:   0%|          | 0.00/1.75G [00:12<?, ?B/s]
sam3/sam3.1_multiplex_bf16.safetensors:   0%|          | 0.00/1.75G [00:13<?, ?B/s]
sam3/sam3.1_multiplex_bf16.safetensors:   0%|          | 0.00/1.75G [00:13<?, ?B/s]
sam3/sam3.1_multiplex_bf16.safetensors:   0%|          | 0.00/1.75G [00:13<?, ?B/s]
sam3/sam3.1_multiplex_bf16.safetensors:   0%|          | 0.00/1.75G [00:13<?, ?B/s]
sam3/sam3.1_multiplex_bf16.safetensors:   0%|          | 0.00/1.75G [00:13<?, ?B/s]
sam3/sam3.1_multiplex_bf16.safetensors:   0%|          | 0.00/1.75G [00:13<?, ?B/s]
sam3/sam3.1_multiplex_bf16.safetensors:   0%|          | 0.00/1.75G [00:13<?, ?B/s]
sam3/sam3.1_multiplex_bf16.safetensors:   0%|          | 0.00/1.75G [00:13<?, ?B/s]
sam3/sam3.1_multiplex_bf16.safetensors:   0%|          | 0.00/1.75G [00:13<?, ?B/s]
sam3/sam3.1_multiplex_bf16.safetensors:   0%|          | 0.00/1.75G [00:14<?, ?B/s]
sam3/sam3.1_multiplex_bf16.safetensors:   0%|          | 0.00/1.75G [00:14<?, ?B/s]
sam3/sam3.1_multiplex_bf16.safetensors:   0%|          | 0.00/1.75G [00:14<?, ?B/s]
sam3/sam3.1_multiplex_bf16.safetensors:   0%|          | 0.00/1.75G [00:14<?, ?B/s]
sam3/sam3.1_multiplex_bf16.safetensors:   0%|          | 0.00/1.75G [00:14<?, ?B/s]
sam3/sam3.1_multiplex_bf16.safetensors:   0%|          | 0.00/1.75G [00:14<?, ?B/s]
sam3/sam3.1_multiplex_bf16.safetensors:   0%|          | 0.00/1.75G [00:14<?, ?B/s]
sam3/sam3.1_multiplex_bf16.safetensors:   0%|          | 0.00/1.75G [00:14<?, ?B/s]
sam3/sam3.1_multiplex_bf16.safetensors:   0%|          | 0.00/1.75G [00:14<?, ?B/s]
sam3/sam3.1_multiplex_bf16.safetensors:   0%|          | 0.00/1.75G [00:14<?, ?B/s]
sam3/sam3.1_multiplex_bf16.safetensors:   0%|          | 0.00/1.75G [00:15<?, ?B/s]
sam3/sam3.1_multiplex_bf16.safetensors:   0%|          | 0.00/1.75G [00:15<?, ?B/s]
sam3/sam3.1_multiplex_bf16.safetensors:   0%|          | 0.00/1.75G [00:15<?, ?B/s]
sam3/sam3.1_multiplex_bf16.safetensors:   0%|          | 0.00/1.75G [00:15<?, ?B/s]
sam3/sam3.1_multiplex_bf16.safetensors:   0%|          | 0.00/1.75G [00:15<?, ?B/s]
sam3/sam3.1_multiplex_bf16.safetensors:   0%|          | 0.00/1.75G [00:15<?, ?B/s]
sam3/sam3.1_multiplex_bf16.safetensors:   0%|          | 0.00/1.75G [00:15<?, ?B/s]
sam3/sam3.1_multiplex_bf16.safetensors:   0%|          | 0.00/1.75G [00:15<?, ?B/s]
sam3/sam3.1_multiplex_bf16.safetensors:   0%|          | 0.00/1.75G [00:15<?, ?B/s]
sam3/sam3.1_multiplex_bf16.safetensors:   0%|          | 0.00/1.75G [00:15<?, ?B/s]
sam3/sam3.1_multiplex_bf16.safetensors:   0%|          | 0.00/1.75G [00:16<?, ?B/s]
sam3/sam3.1_multiplex_bf16.safetensors:   0%|          | 0.00/1.75G [00:16<?, ?B/s]
sam3/sam3.1_multiplex_bf16.safetensors:   0%|          | 0.00/1.75G [00:16<?, ?B/s]
sam3/sam3.1_multiplex_bf16.safetensors:   0%|          | 0.00/1.75G [00:16<?, ?B/s]
sam3/sam3.1_multiplex_bf16.safetensors:   0%|          | 0.00/1.75G [00:16<?, ?B/s]
sam3/sam3.1_multiplex_bf16.safetensors:   0%|          | 0.00/1.75G [00:16<?, ?B/s]
sam3/sam3.1_multiplex_bf16.safetensors:   0%|          | 0.00/1.75G [00:16<?, ?B/s]
sam3/sam3.1_multiplex_bf16.safetensors:   0%|          | 0.00/1.75G [00:16<?, ?B/s]
sam3/sam3.1_multiplex_bf16.safetensors:   0%|          | 0.00/1.75G [00:16<?, ?B/s]
sam3/sam3.1_multiplex_bf16.safetensors:   4%|3         | 67.1M/1.75G [00:16<00:02, 667MB/s]
sam3/sam3.1_multiplex_bf16.safetensors:   8%|7         | 134M/1.75G [00:17<00:02, 666MB/s] 
sam3/sam3.1_multiplex_bf16.safetensors:  12%|#1        | 201M/1.75G [00:17<00:02, 662MB/s]
sam3/sam3.1_multiplex_bf16.safetensors:  15%|#5        | 268M/1.75G [00:17<00:02, 656MB/s]
sam3/sam3.1_multiplex_bf16.safetensors:  19%|#9        | 335M/1.75G [00:26<01:11, 19.7MB/s]
sam3/sam3.1_multiplex_bf16.safetensors:  23%|##3       | 402M/1.75G [00:26<00:45, 29.4MB/s]
sam3/sam3.1_multiplex_bf16.safetensors:  23%|##3       | 402M/1.75G [00:37<00:45, 29.4MB/s]
sam3/sam3.1_multiplex_bf16.safetensors:  27%|##6       | 470M/1.75G [00:49<02:52, 7.42MB/s]
sam3/sam3.1_multiplex_bf16.safetensors:  31%|###       | 537M/1.75G [00:51<02:00, 10.0MB/s]
sam3/sam3.1_multiplex_bf16.safetensors:  38%|###8      | 671M/1.75G [00:51<00:56, 19.0MB/s]
sam3/sam3.1_multiplex_bf16.safetensors:  44%|####3     | 768M/1.75G [00:51<00:34, 28.1MB/s]
sam3/sam3.1_multiplex_bf16.safetensors:  50%|####9     | 872M/1.75G [00:51<00:20, 41.7MB/s]
sam3/sam3.1_multiplex_bf16.safetensors:  61%|######1   | 1.07G/1.75G [00:51<00:08, 77.4MB/s]
sam3/sam3.1_multiplex_bf16.safetensors:  69%|######9   | 1.21G/1.75G [00:51<00:05, 107MB/s] 
sam3/sam3.1_multiplex_bf16.safetensors:  81%|########  | 1.41G/1.75G [00:52<00:02, 167MB/s]
sam3/sam3.1_multiplex_bf16.safetensors:  88%|########8 | 1.54G/1.75G [00:52<00:00, 211MB/s]
sam3/sam3.1_multiplex_bf16.safetensors:  96%|#########5| 1.68G/1.75G [00:52<00:00, 261MB/s]
sam3/sam3.1_multiplex_bf16.safetensors: 100%|##########| 1.75G/1.75G [00:52<00:00, 33.0MB/s]

sam3/bpe_simple_vocab_16e6.txt.gz:   0%|          | 0.00/1.36M [00:00<?, ?B/s]
sam3/bpe_simple_vocab_16e6.txt.gz:   0%|          | 0.00/1.36M [00:00<?, ?B/s]
sam3/bpe_simple_vocab_16e6.txt.gz:   0%|          | 0.00/1.36M [00:00<?, ?B/s]
sam3/bpe_simple_vocab_16e6.txt.gz:   0%|          | 0.00/1.36M [00:00<?, ?B/s]
sam3/bpe_simple_vocab_16e6.txt.gz:   0%|          | 0.00/1.36M [00:00<?, ?B/s]
sam3/bpe_simple_vocab_16e6.txt.gz:   0%|          | 0.00/1.36M [00:00<?, ?B/s]
sam3/bpe_simple_vocab_16e6.txt.gz:   0%|          | 0.00/1.36M [00:00<?, ?B/s]
sam3/bpe_simple_vocab_16e6.txt.gz:   0%|          | 0.00/1.36M [00:00<?, ?B/s]
sam3/bpe_simple_vocab_16e6.txt.gz:   0%|          | 0.00/1.36M [00:00<?, ?B/s]
sam3/bpe_simple_vocab_16e6.txt.gz: 100%|##########| 1.36M/1.36M [00:00<00:00, 13.5MB/s]
sam3/bpe_simple_vocab_16e6.txt.gz: 100%|##########| 1.36M/1.36M [00:00<00:00, 1.49MB/s]
Loading Model 'ckpts\scail2_14B_quanto_mbf16_int8.safetensors' ...

umt5-xxl/models_t5_umt5-xxl-enc-quanto_int8.safetensors:   0%|          | 0.00/6.73G [00:00<?, ?B/s]
umt5-xxl/models_t5_umt5-xxl-enc-quanto_int8.safetensors:   0%|          | 0.00/6.73G [00:00<?, ?B/s]
umt5-xxl/models_t5_umt5-xxl-enc-quanto_int8.safetensors:   0%|          | 0.00/6.73G [00:00<?, ?B/s]
umt5-xxl/models_t5_umt5-xxl-enc-quanto_int8.safetensors:   0%|          | 0.00/6.73G [00:00<?, ?B/s]
umt5-xxl/models_t5_umt5-xxl-enc-quanto_int8.safetensors:   0%|          | 0.00/6.73G [00:00<?, ?B/s]
umt5-xxl/models_t5_umt5-xxl-enc-quanto_int8.safetensors:   0%|          | 0.00/6.73G [00:00<?, ?B/s]
umt5-xxl/models_t5_umt5-xxl-enc-quanto_int8.safetensors:   0%|          | 0.00/6.73G [00:00<?, ?B/s]
umt5-xxl/models_t5_umt5-xxl-enc-quanto_int8.safetensors:   0%|          | 0.00/6.73G [00:00<?, ?B/s]
umt5-xxl/models_t5_umt5-xxl-enc-quanto_int8.safetensors:   0%|          | 0.00/6.73G [00:00<?, ?B/s]
umt5-xxl/models_t5_umt5-xxl-enc-quanto_int8.safetensors:   0%|          | 0.00/6.73G [00:00<?, ?B/s]
umt5-xxl/models_t5_umt5-xxl-enc-quanto_int8.safetensors:   0%|          | 0.00/6.73G [00:01<?, ?B/s]
umt5-xxl/models_t5_umt5-xxl-enc-quanto_int8.safetensors:   0%|          | 0.00/6.73G [00:01<?, ?B/s]
umt5-xxl/models_t5_umt5-xxl-enc-quanto_int8.safetensors:   0%|          | 0.00/6.73G [00:01<?, ?B/s]
umt5-xxl/models_t5_umt5-xxl-enc-quanto_int8.safetensors:   0%|          | 0.00/6.73G [00:01<?, ?B/s]
umt5-xxl/models_t5_umt5-xxl-enc-quanto_int8.safetensors:   0%|          | 0.00/6.73G [00:01<?, ?B/s]
umt5-xxl/models_t5_umt5-xxl-enc-quanto_int8.safetensors:   0%|          | 0.00/6.73G [00:01<?, ?B/s]
umt5-xxl/models_t5_umt5-xxl-enc-quanto_int8.safetensors:   0%|          | 0.00/6.73G [00:01<?, ?B/s]
umt5-xxl/models_t5_umt5-xxl-enc-quanto_int8.safetensors:   0%|          | 0.00/6.73G [00:01<?, ?B/s]
umt5-xxl/models_t5_umt5-xxl-enc-quanto_int8.safetensors:   0%|          | 0.00/6.73G [00:01<?, ?B/s]
umt5-xxl/models_t5_umt5-xxl-enc-quanto_int8.safetensors:   0%|          | 0.00/6.73G [00:01<?, ?B/s]
umt5-xxl/models_t5_umt5-xxl-enc-quanto_int8.safetensors:   0%|          | 0.00/6.73G [00:02<?, ?B/s]
umt5-xxl/models_t5_umt5-xxl-enc-quanto_int8.safetensors:   0%|          | 0.00/6.73G [00:02<?, ?B/s]
umt5-xxl/models_t5_umt5-xxl-enc-quanto_int8.safetensors:   0%|          | 0.00/6.73G [00:02<?, ?B/s]
umt5-xxl/models_t5_umt5-xxl-enc-quanto_int8.safetensors:   0%|          | 0.00/6.73G [00:02<?, ?B/s]
umt5-xxl/models_t5_umt5-xxl-enc-quanto_int8.safetensors:   0%|          | 0.00/6.73G [00:02<?, ?B/s]
umt5-xxl/models_t5_umt5-xxl-enc-quanto_int8.safetensors:   0%|          | 0.00/6.73G [00:02<?, ?B/s]
umt5-xxl/models_t5_umt5-xxl-enc-quanto_int8.safetensors:   0%|          | 0.00/6.73G [00:02<?, ?B/s]
umt5-xxl/models_t5_umt5-xxl-enc-quanto_int8.safetensors:   0%|          | 0.00/6.73G [00:02<?, ?B/s]
umt5-xxl/models_t5_umt5-xxl-enc-quanto_int8.safetensors:   0%|          | 0.00/6.73G [00:02<?, ?B/s]
umt5-xxl/models_t5_umt5-xxl-enc-quanto_int8.safetensors:   0%|          | 0.00/6.73G [00:02<?, ?B/s]
umt5-xxl/models_t5_umt5-xxl-enc-quanto_int8.safetensors:   0%|          | 0.00/6.73G [00:03<?, ?B/s]
umt5-xxl/models_t5_umt5-xxl-enc-quanto_int8.safetensors:   0%|          | 0.00/6.73G [00:03<?, ?B/s]
umt5-xxl/models_t5_umt5-xxl-enc-quanto_int8.safetensors:   0%|          | 0.00/6.73G [00:03<?, ?B/s]
umt5-xxl/models_t5_umt5-xxl-enc-quanto_int8.safetensors:   0%|          | 0.00/6.73G [00:03<?, ?B/s]
umt5-xxl/models_t5_umt5-xxl-enc-quanto_int8.safetensors:   0%|          | 0.00/6.73G [00:03<?, ?B/s]
umt5-xxl/models_t5_umt5-xxl-enc-quanto_int8.safetensors:   0%|          | 0.00/6.73G [00:03<?, ?B/s]
umt5-xxl/models_t5_umt5-xxl-enc-quanto_int8.safetensors:   0%|          | 0.00/6.73G [00:03<?, ?B/s]
umt5-xxl/models_t5_umt5-xxl-enc-quanto_int8.safetensors:   0%|          | 0.00/6.73G [00:03<?, ?B/s]
umt5-xxl/models_t5_umt5-xxl-enc-quanto_int8.safetensors:   0%|          | 0.00/6.73G [00:03<?, ?B/s]
umt5-xxl/models_t5_umt5-xxl-enc-quanto_int8.safetensors:   0%|          | 0.00/6.73G [00:03<?, ?B/s]
umt5-xxl/models_t5_umt5-xxl-enc-quanto_int8.safetensors:   0%|          | 0.00/6.73G [00:04<?, ?B/s]
umt5-xxl/models_t5_umt5-xxl-enc-quanto_int8.safetensors:   0%|          | 0.00/6.73G [00:04<?, ?B/s]
umt5-xxl/models_t5_umt5-xxl-enc-quanto_int8.safetensors:   0%|          | 0.00/6.73G [00:04<?, ?B/s]
umt5-xxl/models_t5_umt5-xxl-enc-quanto_int8.safetensors:   0%|          | 0.00/6.73G [00:04<?, ?B/s]
umt5-xxl/models_t5_umt5-xxl-enc-quanto_int8.safetensors:   0%|          | 0.00/6.73G [00:04<?, ?B/s]
umt5-xxl/models_t5_umt5-xxl-enc-quanto_int8.safetensors:   0%|          | 0.00/6.73G [00:04<?, ?B/s]
umt5-xxl/models_t5_umt5-xxl-enc-quanto_int8.safetensors:   0%|          | 0.00/6.73G [00:04<?, ?B/s]
umt5-xxl/models_t5_umt5-xxl-enc-quanto_int8.safetensors:   0%|          | 0.00/6.73G [00:04<?, ?B/s]
umt5-xxl/models_t5_umt5-xxl-enc-quanto_int8.safetensors:   0%|          | 0.00/6.73G [00:04<?, ?B/s]
umt5-xxl/models_t5_umt5-xxl-enc-quanto_int8.safetensors:   0%|          | 0.00/6.73G [00:04<?, ?B/s]
umt5-xxl/models_t5_umt5-xxl-enc-quanto_int8.safetensors:   0%|          | 0.00/6.73G [00:05<?, ?B/s]
umt5-xxl/models_t5_umt5-xxl-enc-quanto_int8.safetensors:   0%|          | 0.00/6.73G [00:05<?, ?B/s]
umt5-xxl/models_t5_umt5-xxl-enc-quanto_int8.safetensors:   0%|          | 0.00/6.73G [00:05<?, ?B/s]
umt5-xxl/models_t5_umt5-xxl-enc-quanto_int8.safetensors:   0%|          | 0.00/6.73G [00:05<?, ?B/s]
umt5-xxl/models_t5_umt5-xxl-enc-quanto_int8.safetensors:   0%|          | 0.00/6.73G [00:05<?, ?B/s]
umt5-xxl/models_t5_umt5-xxl-enc-quanto_int8.safetensors:   0%|          | 0.00/6.73G [00:05<?, ?B/s]
umt5-xxl/models_t5_umt5-xxl-enc-quanto_int8.safetensors:   0%|          | 0.00/6.73G [00:05<?, ?B/s]
umt5-xxl/models_t5_umt5-xxl-enc-quanto_int8.safetensors:   0%|          | 0.00/6.73G [00:05<?, ?B/s]
umt5-xxl/models_t5_umt5-xxl-enc-quanto_int8.safetensors:   0%|          | 0.00/6.73G [00:05<?, ?B/s]
umt5-xxl/models_t5_umt5-xxl-enc-quanto_int8.safetensors:   0%|          | 0.00/6.73G [00:05<?, ?B/s]
umt5-xxl/models_t5_umt5-xxl-enc-quanto_int8.safetensors:   0%|          | 0.00/6.73G [00:06<?, ?B/s]
umt5-xxl/models_t5_umt5-xxl-enc-quanto_int8.safetensors:   0%|          | 0.00/6.73G [00:06<?, ?B/s]
umt5-xxl/models_t5_umt5-xxl-enc-quanto_int8.safetensors:   0%|          | 0.00/6.73G [00:06<?, ?B/s]
umt5-xxl/models_t5_umt5-xxl-enc-quanto_int8.safetensors:   0%|          | 0.00/6.73G [00:06<?, ?B/s]
umt5-xxl/models_t5_umt5-xxl-enc-quanto_int8.safetensors:   0%|          | 0.00/6.73G [00:06<?, ?B/s]
umt5-xxl/models_t5_umt5-xxl-enc-quanto_int8.safetensors:   0%|          | 0.00/6.73G [00:06<?, ?B/s]
umt5-xxl/models_t5_umt5-xxl-enc-quanto_int8.safetensors:   0%|          | 0.00/6.73G [00:06<?, ?B/s]
umt5-xxl/models_t5_umt5-xxl-enc-quanto_int8.safetensors:   0%|          | 0.00/6.73G [00:06<?, ?B/s]
umt5-xxl/models_t5_umt5-xxl-enc-quanto_int8.safetensors:   0%|          | 0.00/6.73G [00:06<?, ?B/s]
umt5-xxl/models_t5_umt5-xxl-enc-quanto_int8.safetensors:   0%|          | 0.00/6.73G [00:06<?, ?B/s]
umt5-xxl/models_t5_umt5-xxl-enc-quanto_int8.safetensors:   0%|          | 0.00/6.73G [00:07<?, ?B/s]
umt5-xxl/models_t5_umt5-xxl-enc-quanto_int8.safetensors:   0%|          | 0.00/6.73G [00:07<?, ?B/s]
umt5-xxl/models_t5_umt5-xxl-enc-quanto_int8.safetensors:   0%|          | 0.00/6.73G [00:07<?, ?B/s]
umt5-xxl/models_t5_umt5-xxl-enc-quanto_int8.safetensors:   0%|          | 0.00/6.73G [00:07<?, ?B/s]
umt5-xxl/models_t5_umt5-xxl-enc-quanto_int8.safetensors:   0%|          | 0.00/6.73G [00:07<?, ?B/s]
umt5-xxl/models_t5_umt5-xxl-enc-quanto_int8.safetensors:   0%|          | 0.00/6.73G [00:07<?, ?B/s]
umt5-xxl/models_t5_umt5-xxl-enc-quanto_int8.safetensors:   0%|          | 0.00/6.73G [00:07<?, ?B/s]
umt5-xxl/models_t5_umt5-xxl-enc-quanto_int8.safetensors:   0%|          | 0.00/6.73G [00:07<?, ?B/s]
umt5-xxl/models_t5_umt5-xxl-enc-quanto_int8.safetensors:   0%|          | 0.00/6.73G [00:07<?, ?B/s]
umt5-xxl/models_t5_umt5-xxl-enc-quanto_int8.safetensors:   0%|          | 0.00/6.73G [00:07<?, ?B/s]
umt5-xxl/models_t5_umt5-xxl-enc-quanto_int8.safetensors:   0%|          | 0.00/6.73G [00:08<?, ?B/s]
umt5-xxl/models_t5_umt5-xxl-enc-quanto_int8.safetensors:   0%|          | 0.00/6.73G [00:08<?, ?B/s]
umt5-xxl/models_t5_umt5-xxl-enc-quanto_int8.safetensors:   0%|          | 0.00/6.73G [00:08<?, ?B/s]
umt5-xxl/models_t5_umt5-xxl-enc-quanto_int8.safetensors:   0%|          | 0.00/6.73G [00:08<?, ?B/s]
umt5-xxl/models_t5_umt5-xxl-enc-quanto_int8.safetensors:   0%|          | 0.00/6.73G [00:08<?, ?B/s]
umt5-xxl/models_t5_umt5-xxl-enc-quanto_int8.safetensors:   0%|          | 0.00/6.73G [00:08<?, ?B/s]
umt5-xxl/models_t5_umt5-xxl-enc-quanto_int8.safetensors:   0%|          | 0.00/6.73G [00:08<?, ?B/s]
umt5-xxl/models_t5_umt5-xxl-enc-quanto_int8.safetensors:   0%|          | 0.00/6.73G [00:08<?, ?B/s]
umt5-xxl/models_t5_umt5-xxl-enc-quanto_int8.safetensors:   0%|          | 0.00/6.73G [00:08<?, ?B/s]
umt5-xxl/models_t5_umt5-xxl-enc-quanto_int8.safetensors:   0%|          | 0.00/6.73G [00:08<?, ?B/s]
umt5-xxl/models_t5_umt5-xxl-enc-quanto_int8.safetensors:   0%|          | 0.00/6.73G [00:09<?, ?B/s]
umt5-xxl/models_t5_umt5-xxl-enc-quanto_int8.safetensors:   0%|          | 0.00/6.73G [00:09<?, ?B/s]
umt5-xxl/models_t5_umt5-xxl-enc-quanto_int8.safetensors:   0%|          | 0.00/6.73G [00:09<?, ?B/s]
umt5-xxl/models_t5_umt5-xxl-enc-quanto_int8.safetensors:   0%|          | 0.00/6.73G [00:09<?, ?B/s]
umt5-xxl/models_t5_umt5-xxl-enc-quanto_int8.safetensors:   0%|          | 0.00/6.73G [00:09<?, ?B/s]
umt5-xxl/models_t5_umt5-xxl-enc-quanto_int8.safetensors:   0%|          | 0.00/6.73G [00:09<?, ?B/s]
umt5-xxl/models_t5_umt5-xxl-enc-quanto_int8.safetensors:   0%|          | 0.00/6.73G [00:09<?, ?B/s]
umt5-xxl/models_t5_umt5-xxl-enc-quanto_int8.safetensors:   0%|          | 0.00/6.73G [00:09<?, ?B/s]
umt5-xxl/models_t5_umt5-xxl-enc-quanto_int8.safetensors:   0%|          | 0.00/6.73G [00:09<?, ?B/s]
umt5-xxl/models_t5_umt5-xxl-enc-quanto_int8.safetensors:   0%|          | 0.00/6.73G [00:09<?, ?B/s]
umt5-xxl/models_t5_umt5-xxl-enc-quanto_int8.safetensors:   0%|          | 0.00/6.73G [00:10<?, ?B/s]
umt5-xxl/models_t5_umt5-xxl-enc-quanto_int8.safetensors:   0%|          | 0.00/6.73G [00:10<?, ?B/s]
umt5-xxl/models_t5_umt5-xxl-enc-quanto_int8.safetensors:   0%|          | 0.00/6.73G [00:10<?, ?B/s]
umt5-xxl/models_t5_umt5-xxl-enc-quanto_int8.safetensors:   0%|          | 0.00/6.73G [00:10<?, ?B/s]
umt5-xxl/models_t5_umt5-xxl-enc-quanto_int8.safetensors:   0%|          | 0.00/6.73G [00:10<?, ?B/s]
umt5-xxl/models_t5_umt5-xxl-enc-quanto_int8.safetensors:   0%|          | 0.00/6.73G [00:10<?, ?B/s]
umt5-xxl/models_t5_umt5-xxl-enc-quanto_int8.safetensors:   0%|          | 0.00/6.73G [00:10<?, ?B/s]
umt5-xxl/models_t5_umt5-xxl-enc-quanto_int8.safetensors:   0%|          | 0.00/6.73G [00:10<?, ?B/s]
umt5-xxl/models_t5_umt5-xxl-enc-quanto_int8.safetensors:   0%|          | 0.00/6.73G [00:10<?, ?B/s]
umt5-xxl/models_t5_umt5-xxl-enc-quanto_int8.safetensors:   0%|          | 0.00/6.73G [00:10<?, ?B/s]
umt5-xxl/models_t5_umt5-xxl-enc-quanto_int8.safetensors:   0%|          | 0.00/6.73G [00:11<?, ?B/s]
umt5-xxl/models_t5_umt5-xxl-enc-quanto_int8.safetensors:   0%|          | 0.00/6.73G [00:11<?, ?B/s]
umt5-xxl/models_t5_umt5-xxl-enc-quanto_int8.safetensors:   0%|          | 0.00/6.73G [00:11<?, ?B/s]
umt5-xxl/models_t5_umt5-xxl-enc-quanto_int8.safetensors:   0%|          | 0.00/6.73G [00:11<?, ?B/s]
umt5-xxl/models_t5_umt5-xxl-enc-quanto_int8.safetensors:   0%|          | 0.00/6.73G [00:11<?, ?B/s]
umt5-xxl/models_t5_umt5-xxl-enc-quanto_int8.safetensors:   0%|          | 0.00/6.73G [00:11<?, ?B/s]
umt5-xxl/models_t5_umt5-xxl-enc-quanto_int8.safetensors:   0%|          | 0.00/6.73G [00:11<?, ?B/s]
umt5-xxl/models_t5_umt5-xxl-enc-quanto_int8.safetensors:   0%|          | 0.00/6.73G [00:11<?, ?B/s]
umt5-xxl/models_t5_umt5-xxl-enc-quanto_int8.safetensors:   0%|          | 0.00/6.73G [00:11<?, ?B/s]
umt5-xxl/models_t5_umt5-xxl-enc-quanto_int8.safetensors:   0%|          | 0.00/6.73G [00:12<?, ?B/s]
umt5-xxl/models_t5_umt5-xxl-enc-quanto_int8.safetensors:   0%|          | 0.00/6.73G [00:12<?, ?B/s]
umt5-xxl/models_t5_umt5-xxl-enc-quanto_int8.safetensors:   0%|          | 0.00/6.73G [00:12<?, ?B/s]
umt5-xxl/models_t5_umt5-xxl-enc-quanto_int8.safetensors:   0%|          | 0.00/6.73G [00:12<?, ?B/s]
umt5-xxl/models_t5_umt5-xxl-enc-quanto_int8.safetensors:   0%|          | 0.00/6.73G [00:12<?, ?B/s]
umt5-xxl/models_t5_umt5-xxl-enc-quanto_int8.safetensors:   0%|          | 0.00/6.73G [00:12<?, ?B/s]
umt5-xxl/models_t5_umt5-xxl-enc-quanto_int8.safetensors:   0%|          | 0.00/6.73G [00:12<?, ?B/s]
umt5-xxl/models_t5_umt5-xxl-enc-quanto_int8.safetensors:   0%|          | 0.00/6.73G [00:12<?, ?B/s]
umt5-xxl/models_t5_umt5-xxl-enc-quanto_int8.safetensors:   0%|          | 0.00/6.73G [00:12<?, ?B/s]
umt5-xxl/models_t5_umt5-xxl-enc-quanto_int8.safetensors:   0%|          | 0.00/6.73G [00:12<?, ?B/s]
umt5-xxl/models_t5_umt5-xxl-enc-quanto_int8.safetensors:   0%|          | 0.00/6.73G [00:13<?, ?B/s]
umt5-xxl/models_t5_umt5-xxl-enc-quanto_int8.safetensors:   0%|          | 0.00/6.73G [00:13<?, ?B/s]
umt5-xxl/models_t5_umt5-xxl-enc-quanto_int8.safetensors:   0%|          | 0.00/6.73G [00:13<?, ?B/s]
umt5-xxl/models_t5_umt5-xxl-enc-quanto_int8.safetensors:   0%|          | 0.00/6.73G [00:13<?, ?B/s]
umt5-xxl/models_t5_umt5-xxl-enc-quanto_int8.safetensors:   0%|          | 0.00/6.73G [00:13<?, ?B/s]
umt5-xxl/models_t5_umt5-xxl-enc-quanto_int8.safetensors:   0%|          | 0.00/6.73G [00:13<?, ?B/s]
umt5-xxl/models_t5_umt5-xxl-enc-quanto_int8.safetensors:   0%|          | 0.00/6.73G [00:13<?, ?B/s]
umt5-xxl/models_t5_umt5-xxl-enc-quanto_int8.safetensors:   0%|          | 0.00/6.73G [00:13<?, ?B/s]
umt5-xxl/models_t5_umt5-xxl-enc-quanto_int8.safetensors:   0%|          | 0.00/6.73G [00:13<?, ?B/s]
umt5-xxl/models_t5_umt5-xxl-enc-quanto_int8.safetensors:   0%|          | 0.00/6.73G [00:13<?, ?B/s]
umt5-xxl/models_t5_umt5-xxl-enc-quanto_int8.safetensors:   0%|          | 0.00/6.73G [00:14<?, ?B/s]
umt5-xxl/models_t5_umt5-xxl-enc-quanto_int8.safetensors:   0%|          | 0.00/6.73G [00:14<?, ?B/s]
umt5-xxl/models_t5_umt5-xxl-enc-quanto_int8.safetensors:   0%|          | 0.00/6.73G [00:14<?, ?B/s]
umt5-xxl/models_t5_umt5-xxl-enc-quanto_int8.safetensors:   0%|          | 0.00/6.73G [00:14<?, ?B/s]
umt5-xxl/models_t5_umt5-xxl-enc-quanto_int8.safetensors:   0%|          | 0.00/6.73G [00:14<?, ?B/s]
umt5-xxl/models_t5_umt5-xxl-enc-quanto_int8.safetensors:   0%|          | 0.00/6.73G [00:14<?, ?B/s]
umt5-xxl/models_t5_umt5-xxl-enc-quanto_int8.safetensors:   0%|          | 0.00/6.73G [00:14<?, ?B/s]
umt5-xxl/models_t5_umt5-xxl-enc-quanto_int8.safetensors:   0%|          | 0.00/6.73G [00:14<?, ?B/s]
umt5-xxl/models_t5_umt5-xxl-enc-quanto_int8.safetensors:   0%|          | 0.00/6.73G [00:14<?, ?B/s]
umt5-xxl/models_t5_umt5-xxl-enc-quanto_int8.safetensors:   0%|          | 0.00/6.73G [00:14<?, ?B/s]
umt5-xxl/models_t5_umt5-xxl-enc-quanto_int8.safetensors:   0%|          | 0.00/6.73G [00:15<?, ?B/s]
umt5-xxl/models_t5_umt5-xxl-enc-quanto_int8.safetensors:   0%|          | 0.00/6.73G [00:15<?, ?B/s]
umt5-xxl/models_t5_umt5-xxl-enc-quanto_int8.safetensors:   0%|          | 0.00/6.73G [00:15<?, ?B/s]
umt5-xxl/models_t5_umt5-xxl-enc-quanto_int8.safetensors:   0%|          | 0.00/6.73G [00:15<?, ?B/s]
umt5-xxl/models_t5_umt5-xxl-enc-quanto_int8.safetensors:   0%|          | 0.00/6.73G [00:15<?, ?B/s]
umt5-xxl/models_t5_umt5-xxl-enc-quanto_int8.safetensors:   0%|          | 0.00/6.73G [00:15<?, ?B/s]
umt5-xxl/models_t5_umt5-xxl-enc-quanto_int8.safetensors:   0%|          | 0.00/6.73G [00:15<?, ?B/s]
umt5-xxl/models_t5_umt5-xxl-enc-quanto_int8.safetensors:   0%|          | 0.00/6.73G [00:15<?, ?B/s]
umt5-xxl/models_t5_umt5-xxl-enc-quanto_int8.safetensors:   0%|          | 0.00/6.73G [00:15<?, ?B/s]
umt5-xxl/models_t5_umt5-xxl-enc-quanto_int8.safetensors:   0%|          | 0.00/6.73G [00:16<?, ?B/s]
umt5-xxl/models_t5_umt5-xxl-enc-quanto_int8.safetensors:   0%|          | 0.00/6.73G [00:16<?, ?B/s]
umt5-xxl/models_t5_umt5-xxl-enc-quanto_int8.safetensors:   0%|          | 0.00/6.73G [00:16<?, ?B/s]
umt5-xxl/models_t5_umt5-xxl-enc-quanto_int8.safetensors:   0%|          | 0.00/6.73G [00:16<?, ?B/s]
umt5-xxl/models_t5_umt5-xxl-enc-quanto_int8.safetensors:   0%|          | 0.00/6.73G [00:16<?, ?B/s]
umt5-xxl/models_t5_umt5-xxl-enc-quanto_int8.safetensors:   0%|          | 0.00/6.73G [00:16<?, ?B/s]
umt5-xxl/models_t5_umt5-xxl-enc-quanto_int8.safetensors:   0%|          | 0.00/6.73G [00:16<?, ?B/s]
umt5-xxl/models_t5_umt5-xxl-enc-quanto_int8.safetensors:   0%|          | 0.00/6.73G [00:16<?, ?B/s]
umt5-xxl/models_t5_umt5-xxl-enc-quanto_int8.safetensors:   0%|          | 0.00/6.73G [00:16<?, ?B/s]
umt5-xxl/models_t5_umt5-xxl-enc-quanto_int8.safetensors:   0%|          | 0.00/6.73G [00:16<?, ?B/s]
umt5-xxl/models_t5_umt5-xxl-enc-quanto_int8.safetensors:   0%|          | 0.00/6.73G [00:17<?, ?B/s]
umt5-xxl/models_t5_umt5-xxl-enc-quanto_int8.safetensors:   0%|          | 0.00/6.73G [00:17<?, ?B/s]
umt5-xxl/models_t5_umt5-xxl-enc-quanto_int8.safetensors:   0%|          | 0.00/6.73G [00:17<?, ?B/s]
umt5-xxl/models_t5_umt5-xxl-enc-quanto_int8.safetensors:   0%|          | 0.00/6.73G [00:17<?, ?B/s]
umt5-xxl/models_t5_umt5-xxl-enc-quanto_int8.safetensors:   0%|          | 0.00/6.73G [00:17<?, ?B/s]
umt5-xxl/models_t5_umt5-xxl-enc-quanto_int8.safetensors:   0%|          | 0.00/6.73G [00:17<?, ?B/s]
umt5-xxl/models_t5_umt5-xxl-enc-quanto_int8.safetensors:   0%|          | 0.00/6.73G [00:17<?, ?B/s]
umt5-xxl/models_t5_umt5-xxl-enc-quanto_int8.safetensors:   0%|          | 0.00/6.73G [00:17<?, ?B/s]
umt5-xxl/models_t5_umt5-xxl-enc-quanto_int8.safetensors:   0%|          | 0.00/6.73G [00:17<?, ?B/s]
umt5-xxl/models_t5_umt5-xxl-enc-quanto_int8.safetensors:   0%|          | 0.00/6.73G [00:17<?, ?B/s]
umt5-xxl/models_t5_umt5-xxl-enc-quanto_int8.safetensors:   0%|          | 0.00/6.73G [00:18<?, ?B/s]
umt5-xxl/models_t5_umt5-xxl-enc-quanto_int8.safetensors:   0%|          | 0.00/6.73G [00:18<?, ?B/s]
umt5-xxl/models_t5_umt5-xxl-enc-quanto_int8.safetensors:   0%|          | 0.00/6.73G [00:18<?, ?B/s]
umt5-xxl/models_t5_umt5-xxl-enc-quanto_int8.safetensors:   0%|          | 0.00/6.73G [00:18<?, ?B/s]
umt5-xxl/models_t5_umt5-xxl-enc-quanto_int8.safetensors:   0%|          | 0.00/6.73G [00:18<?, ?B/s]
umt5-xxl/models_t5_umt5-xxl-enc-quanto_int8.safetensors:   0%|          | 0.00/6.73G [00:18<?, ?B/s]
umt5-xxl/models_t5_umt5-xxl-enc-quanto_int8.safetensors:   0%|          | 0.00/6.73G [00:18<?, ?B/s]
umt5-xxl/models_t5_umt5-xxl-enc-quanto_int8.safetensors:   0%|          | 0.00/6.73G [00:18<?, ?B/s]
umt5-xxl/models_t5_umt5-xxl-enc-quanto_int8.safetensors:   0%|          | 0.00/6.73G [00:18<?, ?B/s]
umt5-xxl/models_t5_umt5-xxl-enc-quanto_int8.safetensors:   0%|          | 0.00/6.73G [00:18<?, ?B/s]
umt5-xxl/models_t5_umt5-xxl-enc-quanto_int8.safetensors:   0%|          | 0.00/6.73G [00:19<?, ?B/s]
umt5-xxl/models_t5_umt5-xxl-enc-quanto_int8.safetensors:   0%|          | 0.00/6.73G [00:19<?, ?B/s]
umt5-xxl/models_t5_umt5-xxl-enc-quanto_int8.safetensors:   0%|          | 0.00/6.73G [00:19<?, ?B/s]
umt5-xxl/models_t5_umt5-xxl-enc-quanto_int8.safetensors:   0%|          | 0.00/6.73G [00:19<?, ?B/s]
umt5-xxl/models_t5_umt5-xxl-enc-quanto_int8.safetensors:   0%|          | 0.00/6.73G [00:19<?, ?B/s]
umt5-xxl/models_t5_umt5-xxl-enc-quanto_int8.safetensors:   0%|          | 0.00/6.73G [00:19<?, ?B/s]
umt5-xxl/models_t5_umt5-xxl-enc-quanto_int8.safetensors:   0%|          | 0.00/6.73G [00:19<?, ?B/s]
umt5-xxl/models_t5_umt5-xxl-enc-quanto_int8.safetensors:   0%|          | 0.00/6.73G [00:19<?, ?B/s]
umt5-xxl/models_t5_umt5-xxl-enc-quanto_int8.safetensors:   0%|          | 0.00/6.73G [00:19<?, ?B/s]
umt5-xxl/models_t5_umt5-xxl-enc-quanto_int8.safetensors:   0%|          | 0.00/6.73G [00:19<?, ?B/s]
umt5-xxl/models_t5_umt5-xxl-enc-quanto_int8.safetensors:   0%|          | 0.00/6.73G [00:20<?, ?B/s]
umt5-xxl/models_t5_umt5-xxl-enc-quanto_int8.safetensors:   0%|          | 0.00/6.73G [00:20<?, ?B/s]
umt5-xxl/models_t5_umt5-xxl-enc-quanto_int8.safetensors:   0%|          | 0.00/6.73G [00:20<?, ?B/s]
umt5-xxl/models_t5_umt5-xxl-enc-quanto_int8.safetensors:   0%|          | 0.00/6.73G [00:20<?, ?B/s]
umt5-xxl/models_t5_umt5-xxl-enc-quanto_int8.safetensors:   0%|          | 0.00/6.73G [00:20<?, ?B/s]
umt5-xxl/models_t5_umt5-xxl-enc-quanto_int8.safetensors:   0%|          | 0.00/6.73G [00:20<?, ?B/s]
umt5-xxl/models_t5_umt5-xxl-enc-quanto_int8.safetensors:   0%|          | 0.00/6.73G [00:20<?, ?B/s]
umt5-xxl/models_t5_umt5-xxl-enc-quanto_int8.safetensors:   0%|          | 0.00/6.73G [00:20<?, ?B/s]
umt5-xxl/models_t5_umt5-xxl-enc-quanto_int8.safetensors:   0%|          | 0.00/6.73G [00:20<?, ?B/s]
umt5-xxl/models_t5_umt5-xxl-enc-quanto_int8.safetensors:   0%|          | 0.00/6.73G [00:20<?, ?B/s]
umt5-xxl/models_t5_umt5-xxl-enc-quanto_int8.safetensors:   0%|          | 0.00/6.73G [00:21<?, ?B/s]
umt5-xxl/models_t5_umt5-xxl-enc-quanto_int8.safetensors:   0%|          | 0.00/6.73G [00:21<?, ?B/s]
umt5-xxl/models_t5_umt5-xxl-enc-quanto_int8.safetensors:   0%|          | 0.00/6.73G [00:21<?, ?B/s]
umt5-xxl/models_t5_umt5-xxl-enc-quanto_int8.safetensors:   0%|          | 0.00/6.73G [00:21<?, ?B/s]
umt5-xxl/models_t5_umt5-xxl-enc-quanto_int8.safetensors:   0%|          | 0.00/6.73G [00:21<?, ?B/s]
umt5-xxl/models_t5_umt5-xxl-enc-quanto_int8.safetensors:   0%|          | 0.00/6.73G [00:21<?, ?B/s]
umt5-xxl/models_t5_umt5-xxl-enc-quanto_int8.safetensors:   0%|          | 0.00/6.73G [00:21<?, ?B/s]
umt5-xxl/models_t5_umt5-xxl-enc-quanto_int8.safetensors:   0%|          | 0.00/6.73G [00:21<?, ?B/s]
umt5-xxl/models_t5_umt5-xxl-enc-quanto_int8.safetensors:   0%|          | 0.00/6.73G [00:21<?, ?B/s]
umt5-xxl/models_t5_umt5-xxl-enc-quanto_int8.safetensors:   0%|          | 0.00/6.73G [00:21<?, ?B/s]
umt5-xxl/models_t5_umt5-xxl-enc-quanto_int8.safetensors:   0%|          | 0.00/6.73G [00:22<?, ?B/s]
umt5-xxl/models_t5_umt5-xxl-enc-quanto_int8.safetensors:   0%|          | 0.00/6.73G [00:22<?, ?B/s]
umt5-xxl/models_t5_umt5-xxl-enc-quanto_int8.safetensors:   0%|          | 0.00/6.73G [00:22<?, ?B/s]
umt5-xxl/models_t5_umt5-xxl-enc-quanto_int8.safetensors:   0%|          | 0.00/6.73G [00:22<?, ?B/s]
umt5-xxl/models_t5_umt5-xxl-enc-quanto_int8.safetensors:   0%|          | 0.00/6.73G [00:22<?, ?B/s]
umt5-xxl/models_t5_umt5-xxl-enc-quanto_int8.safetensors:   0%|          | 0.00/6.73G [00:22<?, ?B/s]
umt5-xxl/models_t5_umt5-xxl-enc-quanto_int8.safetensors:   0%|          | 0.00/6.73G [00:22<?, ?B/s]
umt5-xxl/models_t5_umt5-xxl-enc-quanto_int8.safetensors:   0%|          | 0.00/6.73G [00:22<?, ?B/s]
umt5-xxl/models_t5_umt5-xxl-enc-quanto_int8.safetensors:   0%|          | 0.00/6.73G [00:22<?, ?B/s]
umt5-xxl/models_t5_umt5-xxl-enc-quanto_int8.safetensors:   0%|          | 0.00/6.73G [00:22<?, ?B/s]
umt5-xxl/models_t5_umt5-xxl-enc-quanto_int8.safetensors:   0%|          | 0.00/6.73G [00:23<?, ?B/s]
umt5-xxl/models_t5_umt5-xxl-enc-quanto_int8.safetensors:   0%|          | 0.00/6.73G [00:23<?, ?B/s]
umt5-xxl/models_t5_umt5-xxl-enc-quanto_int8.safetensors:   0%|          | 0.00/6.73G [00:23<?, ?B/s]
umt5-xxl/models_t5_umt5-xxl-enc-quanto_int8.safetensors:   0%|          | 0.00/6.73G [00:23<?, ?B/s]
umt5-xxl/models_t5_umt5-xxl-enc-quanto_int8.safetensors:   0%|          | 0.00/6.73G [00:23<?, ?B/s]
umt5-xxl/models_t5_umt5-xxl-enc-quanto_int8.safetensors:   0%|          | 0.00/6.73G [00:23<?, ?B/s]
umt5-xxl/models_t5_umt5-xxl-enc-quanto_int8.safetensors:   0%|          | 0.00/6.73G [00:23<?, ?B/s]
umt5-xxl/models_t5_umt5-xxl-enc-quanto_int8.safetensors:   0%|          | 0.00/6.73G [00:23<?, ?B/s]
umt5-xxl/models_t5_umt5-xxl-enc-quanto_int8.safetensors:   0%|          | 0.00/6.73G [00:23<?, ?B/s]
umt5-xxl/models_t5_umt5-xxl-enc-quanto_int8.safetensors:   0%|          | 0.00/6.73G [00:23<?, ?B/s]
umt5-xxl/models_t5_umt5-xxl-enc-quanto_int8.safetensors:   0%|          | 0.00/6.73G [00:24<?, ?B/s]
umt5-xxl/models_t5_umt5-xxl-enc-quanto_int8.safetensors:   0%|          | 0.00/6.73G [00:24<?, ?B/s]
umt5-xxl/models_t5_umt5-xxl-enc-quanto_int8.safetensors:   0%|          | 0.00/6.73G [00:24<?, ?B/s]
umt5-xxl/models_t5_umt5-xxl-enc-quanto_int8.safetensors:   0%|          | 0.00/6.73G [00:24<?, ?B/s]
umt5-xxl/models_t5_umt5-xxl-enc-quanto_int8.safetensors:   0%|          | 0.00/6.73G [00:24<?, ?B/s]
umt5-xxl/models_t5_umt5-xxl-enc-quanto_int8.safetensors:   0%|          | 0.00/6.73G [00:24<?, ?B/s]
umt5-xxl/models_t5_umt5-xxl-enc-quanto_int8.safetensors:   0%|          | 0.00/6.73G [00:24<?, ?B/s]
umt5-xxl/models_t5_umt5-xxl-enc-quanto_int8.safetensors:   0%|          | 0.00/6.73G [00:24<?, ?B/s]
umt5-xxl/models_t5_umt5-xxl-enc-quanto_int8.safetensors:   0%|          | 0.00/6.73G [00:24<?, ?B/s]
umt5-xxl/models_t5_umt5-xxl-enc-quanto_int8.safetensors:   0%|          | 0.00/6.73G [00:24<?, ?B/s]
umt5-xxl/models_t5_umt5-xxl-enc-quanto_int8.safetensors:   0%|          | 0.00/6.73G [00:25<?, ?B/s]
umt5-xxl/models_t5_umt5-xxl-enc-quanto_int8.safetensors:   0%|          | 0.00/6.73G [00:25<?, ?B/s]
umt5-xxl/models_t5_umt5-xxl-enc-quanto_int8.safetensors:   0%|          | 0.00/6.73G [00:25<?, ?B/s]
umt5-xxl/models_t5_umt5-xxl-enc-quanto_int8.safetensors:   0%|          | 0.00/6.73G [00:25<?, ?B/s]
umt5-xxl/models_t5_umt5-xxl-enc-quanto_int8.safetensors:   0%|          | 0.00/6.73G [00:25<?, ?B/s]
umt5-xxl/models_t5_umt5-xxl-enc-quanto_int8.safetensors:   0%|          | 0.00/6.73G [00:25<?, ?B/s]
umt5-xxl/models_t5_umt5-xxl-enc-quanto_int8.safetensors:   0%|          | 0.00/6.73G [00:25<?, ?B/s]
umt5-xxl/models_t5_umt5-xxl-enc-quanto_int8.safetensors:   0%|          | 0.00/6.73G [00:25<?, ?B/s]
umt5-xxl/models_t5_umt5-xxl-enc-quanto_int8.safetensors:   0%|          | 0.00/6.73G [00:25<?, ?B/s]
umt5-xxl/models_t5_umt5-xxl-enc-quanto_int8.safetensors:   0%|          | 0.00/6.73G [00:25<?, ?B/s]
umt5-xxl/models_t5_umt5-xxl-enc-quanto_int8.safetensors:   0%|          | 0.00/6.73G [00:26<?, ?B/s]
umt5-xxl/models_t5_umt5-xxl-enc-quanto_int8.safetensors:   0%|          | 0.00/6.73G [00:26<?, ?B/s]
umt5-xxl/models_t5_umt5-xxl-enc-quanto_int8.safetensors:   0%|          | 0.00/6.73G [00:26<?, ?B/s]
umt5-xxl/models_t5_umt5-xxl-enc-quanto_int8.safetensors:   0%|          | 0.00/6.73G [00:26<?, ?B/s]
umt5-xxl/models_t5_umt5-xxl-enc-quanto_int8.safetensors:   0%|          | 0.00/6.73G [00:26<?, ?B/s]
umt5-xxl/models_t5_umt5-xxl-enc-quanto_int8.safetensors:   0%|          | 0.00/6.73G [00:26<?, ?B/s]
umt5-xxl/models_t5_umt5-xxl-enc-quanto_int8.safetensors:   0%|          | 0.00/6.73G [00:26<?, ?B/s]
umt5-xxl/models_t5_umt5-xxl-enc-quanto_int8.safetensors:   0%|          | 0.00/6.73G [00:26<?, ?B/s]
umt5-xxl/models_t5_umt5-xxl-enc-quanto_int8.safetensors:   0%|          | 0.00/6.73G [00:26<?, ?B/s]
umt5-xxl/models_t5_umt5-xxl-enc-quanto_int8.safetensors:   0%|          | 0.00/6.73G [00:26<?, ?B/s]
umt5-xxl/models_t5_umt5-xxl-enc-quanto_int8.safetensors:   0%|          | 0.00/6.73G [00:27<?, ?B/s]
umt5-xxl/models_t5_umt5-xxl-enc-quanto_int8.safetensors:   0%|          | 0.00/6.73G [00:27<?, ?B/s]
umt5-xxl/models_t5_umt5-xxl-enc-quanto_int8.safetensors:   0%|          | 0.00/6.73G [00:27<?, ?B/s]
umt5-xxl/models_t5_umt5-xxl-enc-quanto_int8.safetensors:   0%|          | 0.00/6.73G [00:27<?, ?B/s]
umt5-xxl/models_t5_umt5-xxl-enc-quanto_int8.safetensors:   0%|          | 0.00/6.73G [00:27<?, ?B/s]
umt5-xxl/models_t5_umt5-xxl-enc-quanto_int8.safetensors:   0%|          | 0.00/6.73G [00:27<?, ?B/s]
umt5-xxl/models_t5_umt5-xxl-enc-quanto_int8.safetensors:   0%|          | 0.00/6.73G [00:27<?, ?B/s]
umt5-xxl/models_t5_umt5-xxl-enc-quanto_int8.safetensors:   0%|          | 0.00/6.73G [00:27<?, ?B/s]
umt5-xxl/models_t5_umt5-xxl-enc-quanto_int8.safetensors:   0%|          | 0.00/6.73G [00:27<?, ?B/s]
umt5-xxl/models_t5_umt5-xxl-enc-quanto_int8.safetensors:   0%|          | 0.00/6.73G [00:28<?, ?B/s]
umt5-xxl/models_t5_umt5-xxl-enc-quanto_int8.safetensors:   0%|          | 0.00/6.73G [00:28<?, ?B/s]
umt5-xxl/models_t5_umt5-xxl-enc-quanto_int8.safetensors:   0%|          | 0.00/6.73G [00:28<?, ?B/s]
umt5-xxl/models_t5_umt5-xxl-enc-quanto_int8.safetensors:   0%|          | 0.00/6.73G [00:28<?, ?B/s]
umt5-xxl/models_t5_umt5-xxl-enc-quanto_int8.safetensors:   0%|          | 0.00/6.73G [00:28<?, ?B/s]
umt5-xxl/models_t5_umt5-xxl-enc-quanto_int8.safetensors:   0%|          | 0.00/6.73G [00:28<?, ?B/s]
umt5-xxl/models_t5_umt5-xxl-enc-quanto_int8.safetensors:   0%|          | 0.00/6.73G [00:28<?, ?B/s]
umt5-xxl/models_t5_umt5-xxl-enc-quanto_int8.safetensors:   0%|          | 0.00/6.73G [00:28<?, ?B/s]
umt5-xxl/models_t5_umt5-xxl-enc-quanto_int8.safetensors:   0%|          | 0.00/6.73G [00:28<?, ?B/s]
umt5-xxl/models_t5_umt5-xxl-enc-quanto_int8.safetensors:   0%|          | 0.00/6.73G [00:28<?, ?B/s]
umt5-xxl/models_t5_umt5-xxl-enc-quanto_int8.safetensors:   0%|          | 0.00/6.73G [00:29<?, ?B/s]
umt5-xxl/models_t5_umt5-xxl-enc-quanto_int8.safetensors:   0%|          | 0.00/6.73G [00:29<?, ?B/s]
umt5-xxl/models_t5_umt5-xxl-enc-quanto_int8.safetensors:   0%|          | 0.00/6.73G [00:29<?, ?B/s]
umt5-xxl/models_t5_umt5-xxl-enc-quanto_int8.safetensors:   0%|          | 0.00/6.73G [00:29<?, ?B/s]
umt5-xxl/models_t5_umt5-xxl-enc-quanto_int8.safetensors:   0%|          | 0.00/6.73G [00:29<?, ?B/s]
umt5-xxl/models_t5_umt5-xxl-enc-quanto_int8.safetensors:   0%|          | 0.00/6.73G [00:29<?, ?B/s]
umt5-xxl/models_t5_umt5-xxl-enc-quanto_int8.safetensors:   0%|          | 0.00/6.73G [00:29<?, ?B/s]
umt5-xxl/models_t5_umt5-xxl-enc-quanto_int8.safetensors:   0%|          | 0.00/6.73G [00:29<?, ?B/s]
umt5-xxl/models_t5_umt5-xxl-enc-quanto_int8.safetensors:   0%|          | 0.00/6.73G [00:29<?, ?B/s]
umt5-xxl/models_t5_umt5-xxl-enc-quanto_int8.safetensors:   0%|          | 0.00/6.73G [00:29<?, ?B/s]
umt5-xxl/models_t5_umt5-xxl-enc-quanto_int8.safetensors:   0%|          | 0.00/6.73G [00:30<?, ?B/s]
umt5-xxl/models_t5_umt5-xxl-enc-quanto_int8.safetensors:   0%|          | 0.00/6.73G [00:30<?, ?B/s]
umt5-xxl/models_t5_umt5-xxl-enc-quanto_int8.safetensors:   0%|          | 0.00/6.73G [00:30<?, ?B/s]
umt5-xxl/models_t5_umt5-xxl-enc-quanto_int8.safetensors:   0%|          | 0.00/6.73G [00:30<?, ?B/s]
umt5-xxl/models_t5_umt5-xxl-enc-quanto_int8.safetensors:   0%|          | 0.00/6.73G [00:30<?, ?B/s]
umt5-xxl/models_t5_umt5-xxl-enc-quanto_int8.safetensors:   0%|          | 0.00/6.73G [00:30<?, ?B/s]
umt5-xxl/models_t5_umt5-xxl-enc-quanto_int8.safetensors:   0%|          | 0.00/6.73G [00:30<?, ?B/s]
umt5-xxl/models_t5_umt5-xxl-enc-quanto_int8.safetensors:   0%|          | 0.00/6.73G [00:30<?, ?B/s]
umt5-xxl/models_t5_umt5-xxl-enc-quanto_int8.safetensors:   0%|          | 0.00/6.73G [00:30<?, ?B/s]
umt5-xxl/models_t5_umt5-xxl-enc-quanto_int8.safetensors:   0%|          | 0.00/6.73G [00:30<?, ?B/s]
umt5-xxl/models_t5_umt5-xxl-enc-quanto_int8.safetensors:   0%|          | 0.00/6.73G [00:31<?, ?B/s]
umt5-xxl/models_t5_umt5-xxl-enc-quanto_int8.safetensors:   0%|          | 0.00/6.73G [00:31<?, ?B/s]
umt5-xxl/models_t5_umt5-xxl-enc-quanto_int8.safetensors:   0%|          | 0.00/6.73G [00:31<?, ?B/s]
umt5-xxl/models_t5_umt5-xxl-enc-quanto_int8.safetensors:   0%|          | 0.00/6.73G [00:31<?, ?B/s]
umt5-xxl/models_t5_umt5-xxl-enc-quanto_int8.safetensors:   0%|          | 0.00/6.73G [00:31<?, ?B/s]
umt5-xxl/models_t5_umt5-xxl-enc-quanto_int8.safetensors:   0%|          | 0.00/6.73G [00:31<?, ?B/s]
umt5-xxl/models_t5_umt5-xxl-enc-quanto_int8.safetensors:   0%|          | 0.00/6.73G [00:31<?, ?B/s]
umt5-xxl/models_t5_umt5-xxl-enc-quanto_int8.safetensors:   0%|          | 0.00/6.73G [00:31<?, ?B/s]
umt5-xxl/models_t5_umt5-xxl-enc-quanto_int8.safetensors:   0%|          | 0.00/6.73G [00:31<?, ?B/s]
umt5-xxl/models_t5_umt5-xxl-enc-quanto_int8.safetensors:   0%|          | 0.00/6.73G [00:31<?, ?B/s]
umt5-xxl/models_t5_umt5-xxl-enc-quanto_int8.safetensors:   0%|          | 0.00/6.73G [00:32<?, ?B/s]
umt5-xxl/models_t5_umt5-xxl-enc-quanto_int8.safetensors:   0%|          | 0.00/6.73G [00:32<?, ?B/s]
umt5-xxl/models_t5_umt5-xxl-enc-quanto_int8.safetensors:   0%|          | 0.00/6.73G [00:32<?, ?B/s]
umt5-xxl/models_t5_umt5-xxl-enc-quanto_int8.safetensors:   0%|          | 0.00/6.73G [00:32<?, ?B/s]
umt5-xxl/models_t5_umt5-xxl-enc-quanto_int8.safetensors:   0%|          | 0.00/6.73G [00:32<?, ?B/s]
umt5-xxl/models_t5_umt5-xxl-enc-quanto_int8.safetensors:   0%|          | 0.00/6.73G [00:32<?, ?B/s]
umt5-xxl/models_t5_umt5-xxl-enc-quanto_int8.safetensors:   0%|          | 0.00/6.73G [00:32<?, ?B/s]
umt5-xxl/models_t5_umt5-xxl-enc-quanto_int8.safetensors:   0%|          | 0.00/6.73G [00:32<?, ?B/s]
umt5-xxl/models_t5_umt5-xxl-enc-quanto_int8.safetensors:   0%|          | 0.00/6.73G [00:32<?, ?B/s]
umt5-xxl/models_t5_umt5-xxl-enc-quanto_int8.safetensors:   0%|          | 0.00/6.73G [00:32<?, ?B/s]
umt5-xxl/models_t5_umt5-xxl-enc-quanto_int8.safetensors:   0%|          | 0.00/6.73G [00:33<?, ?B/s]
umt5-xxl/models_t5_umt5-xxl-enc-quanto_int8.safetensors:   0%|          | 0.00/6.73G [00:33<?, ?B/s]
umt5-xxl/models_t5_umt5-xxl-enc-quanto_int8.safetensors:   0%|          | 0.00/6.73G [00:33<?, ?B/s]
umt5-xxl/models_t5_umt5-xxl-enc-quanto_int8.safetensors:   0%|          | 0.00/6.73G [00:33<?, ?B/s]
umt5-xxl/models_t5_umt5-xxl-enc-quanto_int8.safetensors:   0%|          | 0.00/6.73G [00:33<?, ?B/s]
umt5-xxl/models_t5_umt5-xxl-enc-quanto_int8.safetensors:   0%|          | 0.00/6.73G [00:33<?, ?B/s]
umt5-xxl/models_t5_umt5-xxl-enc-quanto_int8.safetensors:   0%|          | 0.00/6.73G [00:33<?, ?B/s]
umt5-xxl/models_t5_umt5-xxl-enc-quanto_int8.safetensors:   0%|          | 0.00/6.73G [00:33<?, ?B/s]
umt5-xxl/models_t5_umt5-xxl-enc-quanto_int8.safetensors:   0%|          | 0.00/6.73G [00:33<?, ?B/s]
umt5-xxl/models_t5_umt5-xxl-enc-quanto_int8.safetensors:   0%|          | 0.00/6.73G [00:33<?, ?B/s]
umt5-xxl/models_t5_umt5-xxl-enc-quanto_int8.safetensors:   0%|          | 0.00/6.73G [00:34<?, ?B/s]
umt5-xxl/models_t5_umt5-xxl-enc-quanto_int8.safetensors:   0%|          | 0.00/6.73G [00:34<?, ?B/s]
umt5-xxl/models_t5_umt5-xxl-enc-quanto_int8.safetensors:   0%|          | 0.00/6.73G [00:34<?, ?B/s]
umt5-xxl/models_t5_umt5-xxl-enc-quanto_int8.safetensors:   0%|          | 0.00/6.73G [00:34<?, ?B/s]
umt5-xxl/models_t5_umt5-xxl-enc-quanto_int8.safetensors:   0%|          | 0.00/6.73G [00:34<?, ?B/s]
umt5-xxl/models_t5_umt5-xxl-enc-quanto_int8.safetensors:   0%|          | 0.00/6.73G [00:34<?, ?B/s]
umt5-xxl/models_t5_umt5-xxl-enc-quanto_int8.safetensors:   0%|          | 0.00/6.73G [00:34<?, ?B/s]
umt5-xxl/models_t5_umt5-xxl-enc-quanto_int8.safetensors:   0%|          | 0.00/6.73G [00:34<?, ?B/s]
umt5-xxl/models_t5_umt5-xxl-enc-quanto_int8.safetensors:   0%|          | 0.00/6.73G [00:34<?, ?B/s]
umt5-xxl/models_t5_umt5-xxl-enc-quanto_int8.safetensors:   0%|          | 0.00/6.73G [00:34<?, ?B/s]
umt5-xxl/models_t5_umt5-xxl-enc-quanto_int8.safetensors:   0%|          | 0.00/6.73G [00:35<?, ?B/s]
umt5-xxl/models_t5_umt5-xxl-enc-quanto_int8.safetensors:   0%|          | 0.00/6.73G [00:35<?, ?B/s]
umt5-xxl/models_t5_umt5-xxl-enc-quanto_int8.safetensors:   0%|          | 0.00/6.73G [00:35<?, ?B/s]
umt5-xxl/models_t5_umt5-xxl-enc-quanto_int8.safetensors:   0%|          | 0.00/6.73G [00:35<?, ?B/s]
umt5-xxl/models_t5_umt5-xxl-enc-quanto_int8.safetensors:   0%|          | 0.00/6.73G [00:35<?, ?B/s]
umt5-xxl/models_t5_umt5-xxl-enc-quanto_int8.safetensors:   0%|          | 0.00/6.73G [00:35<?, ?B/s]
umt5-xxl/models_t5_umt5-xxl-enc-quanto_int8.safetensors:   0%|          | 0.00/6.73G [00:35<?, ?B/s]
umt5-xxl/models_t5_umt5-xxl-enc-quanto_int8.safetensors:   0%|          | 0.00/6.73G [00:35<?, ?B/s]
umt5-xxl/models_t5_umt5-xxl-enc-quanto_int8.safetensors:   0%|          | 0.00/6.73G [00:35<?, ?B/s]
umt5-xxl/models_t5_umt5-xxl-enc-quanto_int8.safetensors:   0%|          | 0.00/6.73G [00:35<?, ?B/s]
umt5-xxl/models_t5_umt5-xxl-enc-quanto_int8.safetensors:   0%|          | 0.00/6.73G [00:36<?, ?B/s]
umt5-xxl/models_t5_umt5-xxl-enc-quanto_int8.safetensors:   0%|          | 0.00/6.73G [00:36<?, ?B/s]
umt5-xxl/models_t5_umt5-xxl-enc-quanto_int8.safetensors:   0%|          | 0.00/6.73G [00:36<?, ?B/s]
umt5-xxl/models_t5_umt5-xxl-enc-quanto_int8.safetensors:   0%|          | 0.00/6.73G [00:36<?, ?B/s]
umt5-xxl/models_t5_umt5-xxl-enc-quanto_int8.safetensors:   0%|          | 0.00/6.73G [00:36<?, ?B/s]
umt5-xxl/models_t5_umt5-xxl-enc-quanto_int8.safetensors:   0%|          | 0.00/6.73G [00:36<?, ?B/s]
umt5-xxl/models_t5_umt5-xxl-enc-quanto_int8.safetensors:   0%|          | 0.00/6.73G [00:36<?, ?B/s]
umt5-xxl/models_t5_umt5-xxl-enc-quanto_int8.safetensors:   0%|          | 0.00/6.73G [00:36<?, ?B/s]
umt5-xxl/models_t5_umt5-xxl-enc-quanto_int8.safetensors:   0%|          | 0.00/6.73G [00:36<?, ?B/s]
umt5-xxl/models_t5_umt5-xxl-enc-quanto_int8.safetensors:   0%|          | 0.00/6.73G [00:36<?, ?B/s]
umt5-xxl/models_t5_umt5-xxl-enc-quanto_int8.safetensors:   0%|          | 0.00/6.73G [00:37<?, ?B/s]
umt5-xxl/models_t5_umt5-xxl-enc-quanto_int8.safetensors:   0%|          | 0.00/6.73G [00:37<?, ?B/s]
umt5-xxl/models_t5_umt5-xxl-enc-quanto_int8.safetensors:   0%|          | 0.00/6.73G [00:37<?, ?B/s]
umt5-xxl/models_t5_umt5-xxl-enc-quanto_int8.safetensors:   0%|          | 0.00/6.73G [00:37<?, ?B/s]
umt5-xxl/models_t5_umt5-xxl-enc-quanto_int8.safetensors:   0%|          | 0.00/6.73G [00:37<?, ?B/s]
umt5-xxl/models_t5_umt5-xxl-enc-quanto_int8.safetensors:   0%|          | 0.00/6.73G [00:37<?, ?B/s]
umt5-xxl/models_t5_umt5-xxl-enc-quanto_int8.safetensors:   0%|          | 0.00/6.73G [00:37<?, ?B/s]
umt5-xxl/models_t5_umt5-xxl-enc-quanto_int8.safetensors:   0%|          | 0.00/6.73G [00:37<?, ?B/s]
umt5-xxl/models_t5_umt5-xxl-enc-quanto_int8.safetensors:   0%|          | 0.00/6.73G [00:37<?, ?B/s]
umt5-xxl/models_t5_umt5-xxl-enc-quanto_int8.safetensors:   0%|          | 0.00/6.73G [00:37<?, ?B/s]
umt5-xxl/models_t5_umt5-xxl-enc-quanto_int8.safetensors:   0%|          | 0.00/6.73G [00:38<?, ?B/s]
umt5-xxl/models_t5_umt5-xxl-enc-quanto_int8.safetensors:   0%|          | 0.00/6.73G [00:38<?, ?B/s]
umt5-xxl/models_t5_umt5-xxl-enc-quanto_int8.safetensors:   0%|          | 0.00/6.73G [00:38<?, ?B/s]
umt5-xxl/models_t5_umt5-xxl-enc-quanto_int8.safetensors:   0%|          | 0.00/6.73G [00:38<?, ?B/s]
umt5-xxl/models_t5_umt5-xxl-enc-quanto_int8.safetensors:   0%|          | 0.00/6.73G [00:38<?, ?B/s]
umt5-xxl/models_t5_umt5-xxl-enc-quanto_int8.safetensors:   0%|          | 0.00/6.73G [00:38<?, ?B/s]
umt5-xxl/models_t5_umt5-xxl-enc-quanto_int8.safetensors:   0%|          | 0.00/6.73G [00:38<?, ?B/s]
umt5-xxl/models_t5_umt5-xxl-enc-quanto_int8.safetensors:   0%|          | 0.00/6.73G [00:38<?, ?B/s]
umt5-xxl/models_t5_umt5-xxl-enc-quanto_int8.safetensors:   0%|          | 0.00/6.73G [00:38<?, ?B/s]
umt5-xxl/models_t5_umt5-xxl-enc-quanto_int8.safetensors:   0%|          | 0.00/6.73G [00:39<?, ?B/s]
umt5-xxl/models_t5_umt5-xxl-enc-quanto_int8.safetensors:   0%|          | 0.00/6.73G [00:39<?, ?B/s]
umt5-xxl/models_t5_umt5-xxl-enc-quanto_int8.safetensors:   0%|          | 0.00/6.73G [00:39<?, ?B/s]
umt5-xxl/models_t5_umt5-xxl-enc-quanto_int8.safetensors:   0%|          | 0.00/6.73G [00:39<?, ?B/s]
umt5-xxl/models_t5_umt5-xxl-enc-quanto_int8.safetensors:   0%|          | 0.00/6.73G [00:39<?, ?B/s]
umt5-xxl/models_t5_umt5-xxl-enc-quanto_int8.safetensors:   0%|          | 0.00/6.73G [00:39<?, ?B/s]
umt5-xxl/models_t5_umt5-xxl-enc-quanto_int8.safetensors:   0%|          | 0.00/6.73G [00:39<?, ?B/s]
umt5-xxl/models_t5_umt5-xxl-enc-quanto_int8.safetensors:   0%|          | 0.00/6.73G [00:39<?, ?B/s]
umt5-xxl/models_t5_umt5-xxl-enc-quanto_int8.safetensors:   0%|          | 0.00/6.73G [00:39<?, ?B/s]
umt5-xxl/models_t5_umt5-xxl-enc-quanto_int8.safetensors:   0%|          | 0.00/6.73G [00:39<?, ?B/s]
umt5-xxl/models_t5_umt5-xxl-enc-quanto_int8.safetensors:   0%|          | 0.00/6.73G [00:40<?, ?B/s]
umt5-xxl/models_t5_umt5-xxl-enc-quanto_int8.safetensors:   0%|          | 0.00/6.73G [00:40<?, ?B/s]
umt5-xxl/models_t5_umt5-xxl-enc-quanto_int8.safetensors:   0%|          | 0.00/6.73G [00:40<?, ?B/s]
umt5-xxl/models_t5_umt5-xxl-enc-quanto_int8.safetensors:   0%|          | 0.00/6.73G [00:40<?, ?B/s]
umt5-xxl/models_t5_umt5-xxl-enc-quanto_int8.safetensors:   0%|          | 0.00/6.73G [00:40<?, ?B/s]
umt5-xxl/models_t5_umt5-xxl-enc-quanto_int8.safetensors:   0%|          | 0.00/6.73G [00:40<?, ?B/s]
umt5-xxl/models_t5_umt5-xxl-enc-quanto_int8.safetensors:   0%|          | 0.00/6.73G [00:40<?, ?B/s]
umt5-xxl/models_t5_umt5-xxl-enc-quanto_int8.safetensors:   0%|          | 0.00/6.73G [00:40<?, ?B/s]
umt5-xxl/models_t5_umt5-xxl-enc-quanto_int8.safetensors:   0%|          | 0.00/6.73G [00:40<?, ?B/s]
umt5-xxl/models_t5_umt5-xxl-enc-quanto_int8.safetensors:   0%|          | 0.00/6.73G [00:40<?, ?B/s]
umt5-xxl/models_t5_umt5-xxl-enc-quanto_int8.safetensors:   0%|          | 0.00/6.73G [00:41<?, ?B/s]
umt5-xxl/models_t5_umt5-xxl-enc-quanto_int8.safetensors:   0%|          | 0.00/6.73G [00:41<?, ?B/s]
umt5-xxl/models_t5_umt5-xxl-enc-quanto_int8.safetensors:   0%|          | 0.00/6.73G [00:41<?, ?B/s]
umt5-xxl/models_t5_umt5-xxl-enc-quanto_int8.safetensors:   0%|          | 0.00/6.73G [00:41<?, ?B/s]
umt5-xxl/models_t5_umt5-xxl-enc-quanto_int8.safetensors:   0%|          | 0.00/6.73G [00:41<?, ?B/s]
umt5-xxl/models_t5_umt5-xxl-enc-quanto_int8.safetensors:   0%|          | 0.00/6.73G [00:41<?, ?B/s]
umt5-xxl/models_t5_umt5-xxl-enc-quanto_int8.safetensors:   0%|          | 0.00/6.73G [00:41<?, ?B/s]
umt5-xxl/models_t5_umt5-xxl-enc-quanto_int8.safetensors:   0%|          | 0.00/6.73G [00:41<?, ?B/s]
umt5-xxl/models_t5_umt5-xxl-enc-quanto_int8.safetensors:   0%|          | 0.00/6.73G [00:41<?, ?B/s]
umt5-xxl/models_t5_umt5-xxl-enc-quanto_int8.safetensors:   0%|          | 0.00/6.73G [00:41<?, ?B/s]
umt5-xxl/models_t5_umt5-xxl-enc-quanto_int8.safetensors:   0%|          | 0.00/6.73G [00:42<?, ?B/s]
umt5-xxl/models_t5_umt5-xxl-enc-quanto_int8.safetensors:   0%|          | 0.00/6.73G [00:42<?, ?B/s]
umt5-xxl/models_t5_umt5-xxl-enc-quanto_int8.safetensors:   0%|          | 0.00/6.73G [00:42<?, ?B/s]
umt5-xxl/models_t5_umt5-xxl-enc-quanto_int8.safetensors:   0%|          | 0.00/6.73G [00:42<?, ?B/s]
umt5-xxl/models_t5_umt5-xxl-enc-quanto_int8.safetensors:   0%|          | 0.00/6.73G [00:42<?, ?B/s]
umt5-xxl/models_t5_umt5-xxl-enc-quanto_int8.safetensors:   0%|          | 0.00/6.73G [00:42<?, ?B/s]
umt5-xxl/models_t5_umt5-xxl-enc-quanto_int8.safetensors:   0%|          | 0.00/6.73G [00:42<?, ?B/s]
umt5-xxl/models_t5_umt5-xxl-enc-quanto_int8.safetensors:   0%|          | 0.00/6.73G [00:42<?, ?B/s]
umt5-xxl/models_t5_umt5-xxl-enc-quanto_int8.safetensors:   0%|          | 0.00/6.73G [00:42<?, ?B/s]
umt5-xxl/models_t5_umt5-xxl-enc-quanto_int8.safetensors:   0%|          | 0.00/6.73G [00:42<?, ?B/s]
umt5-xxl/models_t5_umt5-xxl-enc-quanto_int8.safetensors:   0%|          | 0.00/6.73G [00:43<?, ?B/s]
umt5-xxl/models_t5_umt5-xxl-enc-quanto_int8.safetensors:   0%|          | 0.00/6.73G [00:43<?, ?B/s]
umt5-xxl/models_t5_umt5-xxl-enc-quanto_int8.safetensors:   0%|          | 0.00/6.73G [00:43<?, ?B/s]
umt5-xxl/models_t5_umt5-xxl-enc-quanto_int8.safetensors:   0%|          | 0.00/6.73G [00:43<?, ?B/s]
umt5-xxl/models_t5_umt5-xxl-enc-quanto_int8.safetensors:   0%|          | 0.00/6.73G [00:43<?, ?B/s]
umt5-xxl/models_t5_umt5-xxl-enc-quanto_int8.safetensors:   0%|          | 0.00/6.73G [00:43<?, ?B/s]
umt5-xxl/models_t5_umt5-xxl-enc-quanto_int8.safetensors:   0%|          | 0.00/6.73G [00:43<?, ?B/s]
umt5-xxl/models_t5_umt5-xxl-enc-quanto_int8.safetensors:   0%|          | 0.00/6.73G [00:43<?, ?B/s]
umt5-xxl/models_t5_umt5-xxl-enc-quanto_int8.safetensors:   0%|          | 0.00/6.73G [00:43<?, ?B/s]
umt5-xxl/models_t5_umt5-xxl-enc-quanto_int8.safetensors:   0%|          | 0.00/6.73G [00:43<?, ?B/s]
umt5-xxl/models_t5_umt5-xxl-enc-quanto_int8.safetensors:   0%|          | 0.00/6.73G [00:44<?, ?B/s]
umt5-xxl/models_t5_umt5-xxl-enc-quanto_int8.safetensors:   0%|          | 0.00/6.73G [00:44<?, ?B/s]
umt5-xxl/models_t5_umt5-xxl-enc-quanto_int8.safetensors:   0%|          | 0.00/6.73G [00:44<?, ?B/s]
umt5-xxl/models_t5_umt5-xxl-enc-quanto_int8.safetensors:   0%|          | 0.00/6.73G [00:44<?, ?B/s]
umt5-xxl/models_t5_umt5-xxl-enc-quanto_int8.safetensors:   0%|          | 0.00/6.73G [00:44<?, ?B/s]
umt5-xxl/models_t5_umt5-xxl-enc-quanto_int8.safetensors:   0%|          | 0.00/6.73G [00:44<?, ?B/s]
umt5-xxl/models_t5_umt5-xxl-enc-quanto_int8.safetensors:   0%|          | 0.00/6.73G [00:44<?, ?B/s]
umt5-xxl/models_t5_umt5-xxl-enc-quanto_int8.safetensors:   0%|          | 0.00/6.73G [00:44<?, ?B/s]
umt5-xxl/models_t5_umt5-xxl-enc-quanto_int8.safetensors:   0%|          | 0.00/6.73G [00:44<?, ?B/s]
umt5-xxl/models_t5_umt5-xxl-enc-quanto_int8.safetensors:   0%|          | 0.00/6.73G [00:44<?, ?B/s]
umt5-xxl/models_t5_umt5-xxl-enc-quanto_int8.safetensors:   0%|          | 0.00/6.73G [00:45<?, ?B/s]
umt5-xxl/models_t5_umt5-xxl-enc-quanto_int8.safetensors:   0%|          | 0.00/6.73G [00:45<?, ?B/s]
umt5-xxl/models_t5_umt5-xxl-enc-quanto_int8.safetensors:   0%|          | 0.00/6.73G [00:45<?, ?B/s]
umt5-xxl/models_t5_umt5-xxl-enc-quanto_int8.safetensors:   0%|          | 0.00/6.73G [00:45<?, ?B/s]
umt5-xxl/models_t5_umt5-xxl-enc-quanto_int8.safetensors:   0%|          | 0.00/6.73G [00:45<?, ?B/s]
umt5-xxl/models_t5_umt5-xxl-enc-quanto_int8.safetensors:   0%|          | 0.00/6.73G [00:45<?, ?B/s]
umt5-xxl/models_t5_umt5-xxl-enc-quanto_int8.safetensors:   0%|          | 0.00/6.73G [00:45<?, ?B/s]
umt5-xxl/models_t5_umt5-xxl-enc-quanto_int8.safetensors:   0%|          | 0.00/6.73G [00:45<?, ?B/s]
umt5-xxl/models_t5_umt5-xxl-enc-quanto_int8.safetensors:   0%|          | 0.00/6.73G [00:45<?, ?B/s]
umt5-xxl/models_t5_umt5-xxl-enc-quanto_int8.safetensors:   0%|          | 0.00/6.73G [00:45<?, ?B/s]
umt5-xxl/models_t5_umt5-xxl-enc-quanto_int8.safetensors:   0%|          | 0.00/6.73G [00:46<?, ?B/s]
umt5-xxl/models_t5_umt5-xxl-enc-quanto_int8.safetensors:   0%|          | 0.00/6.73G [00:46<?, ?B/s]
umt5-xxl/models_t5_umt5-xxl-enc-quanto_int8.safetensors:   0%|          | 0.00/6.73G [00:46<?, ?B/s]
umt5-xxl/models_t5_umt5-xxl-enc-quanto_int8.safetensors:   0%|          | 0.00/6.73G [00:46<?, ?B/s]
umt5-xxl/models_t5_umt5-xxl-enc-quanto_int8.safetensors:   0%|          | 0.00/6.73G [00:46<?, ?B/s]
umt5-xxl/models_t5_umt5-xxl-enc-quanto_int8.safetensors:   0%|          | 0.00/6.73G [00:46<?, ?B/s]
umt5-xxl/models_t5_umt5-xxl-enc-quanto_int8.safetensors:   0%|          | 0.00/6.73G [00:46<?, ?B/s]
umt5-xxl/models_t5_umt5-xxl-enc-quanto_int8.safetensors:   0%|          | 0.00/6.73G [00:46<?, ?B/s]
umt5-xxl/models_t5_umt5-xxl-enc-quanto_int8.safetensors:   0%|          | 0.00/6.73G [00:46<?, ?B/s]
umt5-xxl/models_t5_umt5-xxl-enc-quanto_int8.safetensors:   0%|          | 0.00/6.73G [00:46<?, ?B/s]
umt5-xxl/models_t5_umt5-xxl-enc-quanto_int8.safetensors:   0%|          | 0.00/6.73G [00:47<?, ?B/s]
umt5-xxl/models_t5_umt5-xxl-enc-quanto_int8.safetensors:   0%|          | 0.00/6.73G [00:47<?, ?B/s]
umt5-xxl/models_t5_umt5-xxl-enc-quanto_int8.safetensors:   0%|          | 0.00/6.73G [00:47<?, ?B/s]
umt5-xxl/models_t5_umt5-xxl-enc-quanto_int8.safetensors:   0%|          | 0.00/6.73G [00:47<?, ?B/s]
umt5-xxl/models_t5_umt5-xxl-enc-quanto_int8.safetensors:   0%|          | 0.00/6.73G [00:47<?, ?B/s]
umt5-xxl/models_t5_umt5-xxl-enc-quanto_int8.safetensors:   0%|          | 0.00/6.73G [00:47<?, ?B/s]
umt5-xxl/models_t5_umt5-xxl-enc-quanto_int8.safetensors:   0%|          | 0.00/6.73G [00:47<?, ?B/s]
umt5-xxl/models_t5_umt5-xxl-enc-quanto_int8.safetensors:   0%|          | 0.00/6.73G [00:47<?, ?B/s]
umt5-xxl/models_t5_umt5-xxl-enc-quanto_int8.safetensors:   0%|          | 0.00/6.73G [00:47<?, ?B/s]
umt5-xxl/models_t5_umt5-xxl-enc-quanto_int8.safetensors:   0%|          | 0.00/6.73G [00:48<?, ?B/s]
umt5-xxl/models_t5_umt5-xxl-enc-quanto_int8.safetensors:   0%|          | 0.00/6.73G [00:48<?, ?B/s]
umt5-xxl/models_t5_umt5-xxl-enc-quanto_int8.safetensors:   0%|          | 0.00/6.73G [00:48<?, ?B/s]
umt5-xxl/models_t5_umt5-xxl-enc-quanto_int8.safetensors:   0%|          | 0.00/6.73G [00:48<?, ?B/s]
umt5-xxl/models_t5_umt5-xxl-enc-quanto_int8.safetensors:   0%|          | 0.00/6.73G [00:48<?, ?B/s]
umt5-xxl/models_t5_umt5-xxl-enc-quanto_int8.safetensors:   0%|          | 0.00/6.73G [00:48<?, ?B/s]
umt5-xxl/models_t5_umt5-xxl-enc-quanto_int8.safetensors:   0%|          | 0.00/6.73G [00:48<?, ?B/s]
umt5-xxl/models_t5_umt5-xxl-enc-quanto_int8.safetensors:   0%|          | 0.00/6.73G [00:48<?, ?B/s]
umt5-xxl/models_t5_umt5-xxl-enc-quanto_int8.safetensors:   0%|          | 0.00/6.73G [00:48<?, ?B/s]
umt5-xxl/models_t5_umt5-xxl-enc-quanto_int8.safetensors:   0%|          | 0.00/6.73G [00:48<?, ?B/s]
umt5-xxl/models_t5_umt5-xxl-enc-quanto_int8.safetensors:   0%|          | 0.00/6.73G [00:49<?, ?B/s]
umt5-xxl/models_t5_umt5-xxl-enc-quanto_int8.safetensors:   0%|          | 0.00/6.73G [00:49<?, ?B/s]
umt5-xxl/models_t5_umt5-xxl-enc-quanto_int8.safetensors:   0%|          | 0.00/6.73G [00:49<?, ?B/s]
umt5-xxl/models_t5_umt5-xxl-enc-quanto_int8.safetensors:   0%|          | 0.00/6.73G [00:49<?, ?B/s]
umt5-xxl/models_t5_umt5-xxl-enc-quanto_int8.safetensors:   0%|          | 0.00/6.73G [00:49<?, ?B/s]
umt5-xxl/models_t5_umt5-xxl-enc-quanto_int8.safetensors:   0%|          | 0.00/6.73G [00:49<?, ?B/s]
umt5-xxl/models_t5_umt5-xxl-enc-quanto_int8.safetensors:   0%|          | 0.00/6.73G [00:49<?, ?B/s]
umt5-xxl/models_t5_umt5-xxl-enc-quanto_int8.safetensors:   0%|          | 0.00/6.73G [00:49<?, ?B/s]
umt5-xxl/models_t5_umt5-xxl-enc-quanto_int8.safetensors:   0%|          | 0.00/6.73G [00:49<?, ?B/s]
umt5-xxl/models_t5_umt5-xxl-enc-quanto_int8.safetensors:   0%|          | 0.00/6.73G [00:49<?, ?B/s]
umt5-xxl/models_t5_umt5-xxl-enc-quanto_int8.safetensors:   0%|          | 0.00/6.73G [00:50<?, ?B/s]
umt5-xxl/models_t5_umt5-xxl-enc-quanto_int8.safetensors:   0%|          | 0.00/6.73G [00:50<?, ?B/s]
umt5-xxl/models_t5_umt5-xxl-enc-quanto_int8.safetensors:   0%|          | 0.00/6.73G [00:50<?, ?B/s]
umt5-xxl/models_t5_umt5-xxl-enc-quanto_int8.safetensors:   0%|          | 0.00/6.73G [00:50<?, ?B/s]
umt5-xxl/models_t5_umt5-xxl-enc-quanto_int8.safetensors:   0%|          | 0.00/6.73G [00:50<?, ?B/s]
umt5-xxl/models_t5_umt5-xxl-enc-quanto_int8.safetensors:   0%|          | 0.00/6.73G [00:50<?, ?B/s]
umt5-xxl/models_t5_umt5-xxl-enc-quanto_int8.safetensors:   0%|          | 0.00/6.73G [00:50<?, ?B/s]
umt5-xxl/models_t5_umt5-xxl-enc-quanto_int8.safetensors:   0%|          | 0.00/6.73G [00:50<?, ?B/s]
umt5-xxl/models_t5_umt5-xxl-enc-quanto_int8.safetensors:   0%|          | 0.00/6.73G [00:50<?, ?B/s]
umt5-xxl/models_t5_umt5-xxl-enc-quanto_int8.safetensors:   0%|          | 0.00/6.73G [00:50<?, ?B/s]
umt5-xxl/models_t5_umt5-xxl-enc-quanto_int8.safetensors:   0%|          | 0.00/6.73G [00:51<?, ?B/s]
umt5-xxl/models_t5_umt5-xxl-enc-quanto_int8.safetensors:   0%|          | 0.00/6.73G [00:51<?, ?B/s]
umt5-xxl/models_t5_umt5-xxl-enc-quanto_int8.safetensors:   0%|          | 0.00/6.73G [00:51<?, ?B/s]
umt5-xxl/models_t5_umt5-xxl-enc-quanto_int8.safetensors:   0%|          | 0.00/6.73G [00:51<?, ?B/s]
umt5-xxl/models_t5_umt5-xxl-enc-quanto_int8.safetensors:   0%|          | 0.00/6.73G [00:51<?, ?B/s]
umt5-xxl/models_t5_umt5-xxl-enc-quanto_int8.safetensors:   0%|          | 0.00/6.73G [00:51<?, ?B/s]
umt5-xxl/models_t5_umt5-xxl-enc-quanto_int8.safetensors:   0%|          | 0.00/6.73G [00:51<?, ?B/s]
umt5-xxl/models_t5_umt5-xxl-enc-quanto_int8.safetensors:   0%|          | 0.00/6.73G [00:51<?, ?B/s]
umt5-xxl/models_t5_umt5-xxl-enc-quanto_int8.safetensors:   0%|          | 0.00/6.73G [00:51<?, ?B/s]
umt5-xxl/models_t5_umt5-xxl-enc-quanto_int8.safetensors:   0%|          | 0.00/6.73G [00:51<?, ?B/s]
umt5-xxl/models_t5_umt5-xxl-enc-quanto_int8.safetensors:   0%|          | 0.00/6.73G [00:52<?, ?B/s]
umt5-xxl/models_t5_umt5-xxl-enc-quanto_int8.safetensors:   0%|          | 0.00/6.73G [00:52<?, ?B/s]
umt5-xxl/models_t5_umt5-xxl-enc-quanto_int8.safetensors:   0%|          | 0.00/6.73G [00:52<?, ?B/s]
umt5-xxl/models_t5_umt5-xxl-enc-quanto_int8.safetensors:   0%|          | 0.00/6.73G [00:52<?, ?B/s]
umt5-xxl/models_t5_umt5-xxl-enc-quanto_int8.safetensors:   0%|          | 0.00/6.73G [00:52<?, ?B/s]
umt5-xxl/models_t5_umt5-xxl-enc-quanto_int8.safetensors:   0%|          | 0.00/6.73G [00:52<?, ?B/s]
umt5-xxl/models_t5_umt5-xxl-enc-quanto_int8.safetensors:   0%|          | 0.00/6.73G [00:52<?, ?B/s]
umt5-xxl/models_t5_umt5-xxl-enc-quanto_int8.safetensors:   0%|          | 0.00/6.73G [00:52<?, ?B/s]
umt5-xxl/models_t5_umt5-xxl-enc-quanto_int8.safetensors:   0%|          | 0.00/6.73G [00:52<?, ?B/s]
umt5-xxl/models_t5_umt5-xxl-enc-quanto_int8.safetensors:   0%|          | 0.00/6.73G [00:52<?, ?B/s]
umt5-xxl/models_t5_umt5-xxl-enc-quanto_int8.safetensors:   0%|          | 0.00/6.73G [00:53<?, ?B/s]
umt5-xxl/models_t5_umt5-xxl-enc-quanto_int8.safetensors:   0%|          | 0.00/6.73G [00:53<?, ?B/s]
umt5-xxl/models_t5_umt5-xxl-enc-quanto_int8.safetensors:   0%|          | 0.00/6.73G [00:53<?, ?B/s]
umt5-xxl/models_t5_umt5-xxl-enc-quanto_int8.safetensors:   0%|          | 0.00/6.73G [00:53<?, ?B/s]
umt5-xxl/models_t5_umt5-xxl-enc-quanto_int8.safetensors:   0%|          | 0.00/6.73G [00:53<?, ?B/s]
umt5-xxl/models_t5_umt5-xxl-enc-quanto_int8.safetensors:   0%|          | 0.00/6.73G [00:53<?, ?B/s]
umt5-xxl/models_t5_umt5-xxl-enc-quanto_int8.safetensors:   0%|          | 0.00/6.73G [00:53<?, ?B/s]
umt5-xxl/models_t5_umt5-xxl-enc-quanto_int8.safetensors:   0%|          | 0.00/6.73G [00:53<?, ?B/s]
umt5-xxl/models_t5_umt5-xxl-enc-quanto_int8.safetensors:   0%|          | 0.00/6.73G [00:53<?, ?B/s]
umt5-xxl/models_t5_umt5-xxl-enc-quanto_int8.safetensors:   0%|          | 0.00/6.73G [00:53<?, ?B/s]
umt5-xxl/models_t5_umt5-xxl-enc-quanto_int8.safetensors:   0%|          | 0.00/6.73G [00:54<?, ?B/s]
umt5-xxl/models_t5_umt5-xxl-enc-quanto_int8.safetensors:   0%|          | 0.00/6.73G [00:54<?, ?B/s]
umt5-xxl/models_t5_umt5-xxl-enc-quanto_int8.safetensors:   0%|          | 0.00/6.73G [00:54<?, ?B/s]
umt5-xxl/models_t5_umt5-xxl-enc-quanto_int8.safetensors:   0%|          | 0.00/6.73G [00:54<?, ?B/s]
umt5-xxl/models_t5_umt5-xxl-enc-quanto_int8.safetensors:   0%|          | 0.00/6.73G [00:54<?, ?B/s]
umt5-xxl/models_t5_umt5-xxl-enc-quanto_int8.safetensors:   0%|          | 0.00/6.73G [00:54<?, ?B/s]
umt5-xxl/models_t5_umt5-xxl-enc-quanto_int8.safetensors:   0%|          | 0.00/6.73G [00:54<?, ?B/s]
umt5-xxl/models_t5_umt5-xxl-enc-quanto_int8.safetensors:   0%|          | 0.00/6.73G [00:54<?, ?B/s]
umt5-xxl/models_t5_umt5-xxl-enc-quanto_int8.safetensors:   0%|          | 0.00/6.73G [00:54<?, ?B/s]
umt5-xxl/models_t5_umt5-xxl-enc-quanto_int8.safetensors:   0%|          | 0.00/6.73G [00:54<?, ?B/s]
umt5-xxl/models_t5_umt5-xxl-enc-quanto_int8.safetensors:   0%|          | 0.00/6.73G [00:55<?, ?B/s]
umt5-xxl/models_t5_umt5-xxl-enc-quanto_int8.safetensors:   0%|          | 0.00/6.73G [00:55<?, ?B/s]
umt5-xxl/models_t5_umt5-xxl-enc-quanto_int8.safetensors:   0%|          | 0.00/6.73G [00:55<?, ?B/s]
umt5-xxl/models_t5_umt5-xxl-enc-quanto_int8.safetensors:   0%|          | 0.00/6.73G [00:55<?, ?B/s]
umt5-xxl/models_t5_umt5-xxl-enc-quanto_int8.safetensors:   0%|          | 0.00/6.73G [00:55<?, ?B/s]
umt5-xxl/models_t5_umt5-xxl-enc-quanto_int8.safetensors:   0%|          | 0.00/6.73G [00:55<?, ?B/s]
umt5-xxl/models_t5_umt5-xxl-enc-quanto_int8.safetensors:   0%|          | 0.00/6.73G [00:55<?, ?B/s]
umt5-xxl/models_t5_umt5-xxl-enc-quanto_int8.safetensors:   0%|          | 0.00/6.73G [00:55<?, ?B/s]
umt5-xxl/models_t5_umt5-xxl-enc-quanto_int8.safetensors:   0%|          | 0.00/6.73G [00:55<?, ?B/s]
umt5-xxl/models_t5_umt5-xxl-enc-quanto_int8.safetensors:   0%|          | 0.00/6.73G [00:55<?, ?B/s]
umt5-xxl/models_t5_umt5-xxl-enc-quanto_int8.safetensors:   0%|          | 0.00/6.73G [00:56<?, ?B/s]
umt5-xxl/models_t5_umt5-xxl-enc-quanto_int8.safetensors:   0%|          | 0.00/6.73G [00:56<?, ?B/s]
umt5-xxl/models_t5_umt5-xxl-enc-quanto_int8.safetensors:   0%|          | 0.00/6.73G [00:56<?, ?B/s]
umt5-xxl/models_t5_umt5-xxl-enc-quanto_int8.safetensors:   0%|          | 0.00/6.73G [00:56<?, ?B/s]
umt5-xxl/models_t5_umt5-xxl-enc-quanto_int8.safetensors:   0%|          | 0.00/6.73G [00:56<?, ?B/s]
umt5-xxl/models_t5_umt5-xxl-enc-quanto_int8.safetensors:   0%|          | 0.00/6.73G [00:56<?, ?B/s]
umt5-xxl/models_t5_umt5-xxl-enc-quanto_int8.safetensors:   0%|          | 0.00/6.73G [00:56<?, ?B/s]
umt5-xxl/models_t5_umt5-xxl-enc-quanto_int8.safetensors:   0%|          | 0.00/6.73G [00:56<?, ?B/s]
umt5-xxl/models_t5_umt5-xxl-enc-quanto_int8.safetensors:   0%|          | 0.00/6.73G [00:56<?, ?B/s]
umt5-xxl/models_t5_umt5-xxl-enc-quanto_int8.safetensors:   0%|          | 0.00/6.73G [00:56<?, ?B/s]
umt5-xxl/models_t5_umt5-xxl-enc-quanto_int8.safetensors:   0%|          | 0.00/6.73G [00:57<?, ?B/s]
umt5-xxl/models_t5_umt5-xxl-enc-quanto_int8.safetensors:   0%|          | 0.00/6.73G [00:57<?, ?B/s]
umt5-xxl/models_t5_umt5-xxl-enc-quanto_int8.safetensors:   0%|          | 0.00/6.73G [00:57<?, ?B/s]
umt5-xxl/models_t5_umt5-xxl-enc-quanto_int8.safetensors:   0%|          | 0.00/6.73G [00:57<?, ?B/s]
umt5-xxl/models_t5_umt5-xxl-enc-quanto_int8.safetensors:   0%|          | 0.00/6.73G [00:57<?, ?B/s]
umt5-xxl/models_t5_umt5-xxl-enc-quanto_int8.safetensors:   0%|          | 0.00/6.73G [00:57<?, ?B/s]
umt5-xxl/models_t5_umt5-xxl-enc-quanto_int8.safetensors:   0%|          | 0.00/6.73G [00:57<?, ?B/s]
umt5-xxl/models_t5_umt5-xxl-enc-quanto_int8.safetensors:   0%|          | 0.00/6.73G [00:57<?, ?B/s]
umt5-xxl/models_t5_umt5-xxl-enc-quanto_int8.safetensors:   0%|          | 0.00/6.73G [00:57<?, ?B/s]
umt5-xxl/models_t5_umt5-xxl-enc-quanto_int8.safetensors:   0%|          | 0.00/6.73G [00:57<?, ?B/s]
umt5-xxl/models_t5_umt5-xxl-enc-quanto_int8.safetensors:   0%|          | 0.00/6.73G [00:58<?, ?B/s]
umt5-xxl/models_t5_umt5-xxl-enc-quanto_int8.safetensors:   0%|          | 0.00/6.73G [00:58<?, ?B/s]
umt5-xxl/models_t5_umt5-xxl-enc-quanto_int8.safetensors:   0%|          | 0.00/6.73G [00:58<?, ?B/s]
umt5-xxl/models_t5_umt5-xxl-enc-quanto_int8.safetensors:   0%|          | 0.00/6.73G [00:58<?, ?B/s]
umt5-xxl/models_t5_umt5-xxl-enc-quanto_int8.safetensors:   0%|          | 0.00/6.73G [00:58<?, ?B/s]
umt5-xxl/models_t5_umt5-xxl-enc-quanto_int8.safetensors:   0%|          | 0.00/6.73G [00:58<?, ?B/s]
umt5-xxl/models_t5_umt5-xxl-enc-quanto_int8.safetensors:   0%|          | 0.00/6.73G [00:58<?, ?B/s]
umt5-xxl/models_t5_umt5-xxl-enc-quanto_int8.safetensors:   0%|          | 0.00/6.73G [00:58<?, ?B/s]
umt5-xxl/models_t5_umt5-xxl-enc-quanto_int8.safetensors:   0%|          | 0.00/6.73G [00:58<?, ?B/s]
umt5-xxl/models_t5_umt5-xxl-enc-quanto_int8.safetensors:   0%|          | 0.00/6.73G [00:59<?, ?B/s]
umt5-xxl/models_t5_umt5-xxl-enc-quanto_int8.safetensors:   0%|          | 0.00/6.73G [00:59<?, ?B/s]
umt5-xxl/models_t5_umt5-xxl-enc-quanto_int8.safetensors:   0%|          | 0.00/6.73G [00:59<?, ?B/s]
umt5-xxl/models_t5_umt5-xxl-enc-quanto_int8.safetensors:   0%|          | 0.00/6.73G [00:59<?, ?B/s]
umt5-xxl/models_t5_umt5-xxl-enc-quanto_int8.safetensors:   0%|          | 0.00/6.73G [00:59<?, ?B/s]
umt5-xxl/models_t5_umt5-xxl-enc-quanto_int8.safetensors:   0%|          | 0.00/6.73G [00:59<?, ?B/s]
umt5-xxl/models_t5_umt5-xxl-enc-quanto_int8.safetensors:   0%|          | 0.00/6.73G [00:59<?, ?B/s]
umt5-xxl/models_t5_umt5-xxl-enc-quanto_int8.safetensors:   0%|          | 0.00/6.73G [00:59<?, ?B/s]
umt5-xxl/models_t5_umt5-xxl-enc-quanto_int8.safetensors:   0%|          | 0.00/6.73G [00:59<?, ?B/s]
umt5-xxl/models_t5_umt5-xxl-enc-quanto_int8.safetensors:   0%|          | 0.00/6.73G [00:59<?, ?B/s]
umt5-xxl/models_t5_umt5-xxl-enc-quanto_int8.safetensors:   0%|          | 0.00/6.73G [01:00<?, ?B/s]
umt5-xxl/models_t5_umt5-xxl-enc-quanto_int8.safetensors:   0%|          | 0.00/6.73G [01:00<?, ?B/s]
umt5-xxl/models_t5_umt5-xxl-enc-quanto_int8.safetensors:   0%|          | 0.00/6.73G [01:00<?, ?B/s]
umt5-xxl/models_t5_umt5-xxl-enc-quanto_int8.safetensors:   0%|          | 0.00/6.73G [01:00<?, ?B/s]
umt5-xxl/models_t5_umt5-xxl-enc-quanto_int8.safetensors:   0%|          | 0.00/6.73G [01:00<?, ?B/s]
umt5-xxl/models_t5_umt5-xxl-enc-quanto_int8.safetensors:   0%|          | 0.00/6.73G [01:00<?, ?B/s]
umt5-xxl/models_t5_umt5-xxl-enc-quanto_int8.safetensors:   0%|          | 0.00/6.73G [01:00<?, ?B/s]
umt5-xxl/models_t5_umt5-xxl-enc-quanto_int8.safetensors:   0%|          | 0.00/6.73G [01:00<?, ?B/s]
umt5-xxl/models_t5_umt5-xxl-enc-quanto_int8.safetensors:   0%|          | 0.00/6.73G [01:00<?, ?B/s]
umt5-xxl/models_t5_umt5-xxl-enc-quanto_int8.safetensors:   0%|          | 0.00/6.73G [01:00<?, ?B/s]
umt5-xxl/models_t5_umt5-xxl-enc-quanto_int8.safetensors:   0%|          | 0.00/6.73G [01:01<?, ?B/s]
umt5-xxl/models_t5_umt5-xxl-enc-quanto_int8.safetensors:   0%|          | 0.00/6.73G [01:01<?, ?B/s]
umt5-xxl/models_t5_umt5-xxl-enc-quanto_int8.safetensors:   0%|          | 0.00/6.73G [01:01<?, ?B/s]
umt5-xxl/models_t5_umt5-xxl-enc-quanto_int8.safetensors:   0%|          | 0.00/6.73G [01:01<?, ?B/s]
umt5-xxl/models_t5_umt5-xxl-enc-quanto_int8.safetensors:   0%|          | 0.00/6.73G [01:01<?, ?B/s]
umt5-xxl/models_t5_umt5-xxl-enc-quanto_int8.safetensors:   0%|          | 0.00/6.73G [01:01<?, ?B/s]
umt5-xxl/models_t5_umt5-xxl-enc-quanto_int8.safetensors:   0%|          | 0.00/6.73G [01:01<?, ?B/s]
umt5-xxl/models_t5_umt5-xxl-enc-quanto_int8.safetensors:   0%|          | 0.00/6.73G [01:01<?, ?B/s]
umt5-xxl/models_t5_umt5-xxl-enc-quanto_int8.safetensors:   0%|          | 0.00/6.73G [01:01<?, ?B/s]
umt5-xxl/models_t5_umt5-xxl-enc-quanto_int8.safetensors:   0%|          | 0.00/6.73G [01:01<?, ?B/s]
umt5-xxl/models_t5_umt5-xxl-enc-quanto_int8.safetensors:   0%|          | 0.00/6.73G [01:02<?, ?B/s]
umt5-xxl/models_t5_umt5-xxl-enc-quanto_int8.safetensors:   0%|          | 0.00/6.73G [01:02<?, ?B/s]
umt5-xxl/models_t5_umt5-xxl-enc-quanto_int8.safetensors:   0%|          | 0.00/6.73G [01:02<?, ?B/s]
umt5-xxl/models_t5_umt5-xxl-enc-quanto_int8.safetensors:   0%|          | 0.00/6.73G [01:02<?, ?B/s]
umt5-xxl/models_t5_umt5-xxl-enc-quanto_int8.safetensors:   0%|          | 0.00/6.73G [01:02<?, ?B/s]
umt5-xxl/models_t5_umt5-xxl-enc-quanto_int8.safetensors:   0%|          | 0.00/6.73G [01:02<?, ?B/s]
umt5-xxl/models_t5_umt5-xxl-enc-quanto_int8.safetensors:   0%|          | 0.00/6.73G [01:02<?, ?B/s]
umt5-xxl/models_t5_umt5-xxl-enc-quanto_int8.safetensors:   0%|          | 0.00/6.73G [01:02<?, ?B/s]
umt5-xxl/models_t5_umt5-xxl-enc-quanto_int8.safetensors:   0%|          | 0.00/6.73G [01:02<?, ?B/s]
umt5-xxl/models_t5_umt5-xxl-enc-quanto_int8.safetensors:   0%|          | 0.00/6.73G [01:02<?, ?B/s]
umt5-xxl/models_t5_umt5-xxl-enc-quanto_int8.safetensors:   0%|          | 0.00/6.73G [01:03<?, ?B/s]
umt5-xxl/models_t5_umt5-xxl-enc-quanto_int8.safetensors:   0%|          | 0.00/6.73G [01:03<?, ?B/s]
umt5-xxl/models_t5_umt5-xxl-enc-quanto_int8.safetensors:   0%|          | 0.00/6.73G [01:03<?, ?B/s]
umt5-xxl/models_t5_umt5-xxl-enc-quanto_int8.safetensors:   0%|          | 0.00/6.73G [01:03<?, ?B/s]
umt5-xxl/models_t5_umt5-xxl-enc-quanto_int8.safetensors:   0%|          | 0.00/6.73G [01:03<?, ?B/s]
umt5-xxl/models_t5_umt5-xxl-enc-quanto_int8.safetensors:   0%|          | 0.00/6.73G [01:03<?, ?B/s]
umt5-xxl/models_t5_umt5-xxl-enc-quanto_int8.safetensors:   0%|          | 0.00/6.73G [01:03<?, ?B/s]
umt5-xxl/models_t5_umt5-xxl-enc-quanto_int8.safetensors:   0%|          | 0.00/6.73G [01:03<?, ?B/s]
umt5-xxl/models_t5_umt5-xxl-enc-quanto_int8.safetensors:   0%|          | 0.00/6.73G [01:03<?, ?B/s]
umt5-xxl/models_t5_umt5-xxl-enc-quanto_int8.safetensors:   0%|          | 0.00/6.73G [01:03<?, ?B/s]
umt5-xxl/models_t5_umt5-xxl-enc-quanto_int8.safetensors:   0%|          | 0.00/6.73G [01:04<?, ?B/s]
umt5-xxl/models_t5_umt5-xxl-enc-quanto_int8.safetensors:   0%|          | 0.00/6.73G [01:04<?, ?B/s]
umt5-xxl/models_t5_umt5-xxl-enc-quanto_int8.safetensors:   0%|          | 0.00/6.73G [01:04<?, ?B/s]
umt5-xxl/models_t5_umt5-xxl-enc-quanto_int8.safetensors:   0%|          | 0.00/6.73G [01:04<?, ?B/s]
umt5-xxl/models_t5_umt5-xxl-enc-quanto_int8.safetensors:   0%|          | 0.00/6.73G [01:04<?, ?B/s]
umt5-xxl/models_t5_umt5-xxl-enc-quanto_int8.safetensors:   0%|          | 0.00/6.73G [01:04<?, ?B/s]
umt5-xxl/models_t5_umt5-xxl-enc-quanto_int8.safetensors:   0%|          | 0.00/6.73G [01:04<?, ?B/s]
umt5-xxl/models_t5_umt5-xxl-enc-quanto_int8.safetensors:   0%|          | 0.00/6.73G [01:04<?, ?B/s]
umt5-xxl/models_t5_umt5-xxl-enc-quanto_int8.safetensors:   0%|          | 0.00/6.73G [01:04<?, ?B/s]
umt5-xxl/models_t5_umt5-xxl-enc-quanto_int8.safetensors:   0%|          | 0.00/6.73G [01:04<?, ?B/s]
umt5-xxl/models_t5_umt5-xxl-enc-quanto_int8.safetensors:   0%|          | 0.00/6.73G [01:05<?, ?B/s]
umt5-xxl/models_t5_umt5-xxl-enc-quanto_int8.safetensors:   0%|          | 0.00/6.73G [01:05<?, ?B/s]
umt5-xxl/models_t5_umt5-xxl-enc-quanto_int8.safetensors:   0%|          | 0.00/6.73G [01:05<?, ?B/s]
umt5-xxl/models_t5_umt5-xxl-enc-quanto_int8.safetensors:   0%|          | 0.00/6.73G [01:05<?, ?B/s]
umt5-xxl/models_t5_umt5-xxl-enc-quanto_int8.safetensors:   0%|          | 0.00/6.73G [01:05<?, ?B/s]
umt5-xxl/models_t5_umt5-xxl-enc-quanto_int8.safetensors:   0%|          | 0.00/6.73G [01:05<?, ?B/s]
umt5-xxl/models_t5_umt5-xxl-enc-quanto_int8.safetensors:   0%|          | 0.00/6.73G [01:05<?, ?B/s]
umt5-xxl/models_t5_umt5-xxl-enc-quanto_int8.safetensors:   0%|          | 0.00/6.73G [01:05<?, ?B/s]
umt5-xxl/models_t5_umt5-xxl-enc-quanto_int8.safetensors:   0%|          | 0.00/6.73G [01:05<?, ?B/s]
umt5-xxl/models_t5_umt5-xxl-enc-quanto_int8.safetensors:   0%|          | 0.00/6.73G [01:05<?, ?B/s]
umt5-xxl/models_t5_umt5-xxl-enc-quanto_int8.safetensors:   0%|          | 0.00/6.73G [01:06<?, ?B/s]
umt5-xxl/models_t5_umt5-xxl-enc-quanto_int8.safetensors:   0%|          | 0.00/6.73G [01:06<?, ?B/s]
umt5-xxl/models_t5_umt5-xxl-enc-quanto_int8.safetensors:   0%|          | 0.00/6.73G [01:06<?, ?B/s]
umt5-xxl/models_t5_umt5-xxl-enc-quanto_int8.safetensors:   0%|          | 0.00/6.73G [01:06<?, ?B/s]
umt5-xxl/models_t5_umt5-xxl-enc-quanto_int8.safetensors:   0%|          | 0.00/6.73G [01:06<?, ?B/s]
umt5-xxl/models_t5_umt5-xxl-enc-quanto_int8.safetensors:   0%|          | 0.00/6.73G [01:06<?, ?B/s]
umt5-xxl/models_t5_umt5-xxl-enc-quanto_int8.safetensors:   0%|          | 0.00/6.73G [01:06<?, ?B/s]
umt5-xxl/models_t5_umt5-xxl-enc-quanto_int8.safetensors:   0%|          | 0.00/6.73G [01:06<?, ?B/s]
umt5-xxl/models_t5_umt5-xxl-enc-quanto_int8.safetensors:   0%|          | 0.00/6.73G [01:06<?, ?B/s]
umt5-xxl/models_t5_umt5-xxl-enc-quanto_int8.safetensors:   0%|          | 0.00/6.73G [01:06<?, ?B/s]
umt5-xxl/models_t5_umt5-xxl-enc-quanto_int8.safetensors:   0%|          | 0.00/6.73G [01:07<?, ?B/s]
umt5-xxl/models_t5_umt5-xxl-enc-quanto_int8.safetensors:   0%|          | 0.00/6.73G [01:07<?, ?B/s]
umt5-xxl/models_t5_umt5-xxl-enc-quanto_int8.safetensors:   0%|          | 0.00/6.73G [01:07<?, ?B/s]
umt5-xxl/models_t5_umt5-xxl-enc-quanto_int8.safetensors:   0%|          | 0.00/6.73G [01:07<?, ?B/s]
umt5-xxl/models_t5_umt5-xxl-enc-quanto_int8.safetensors:   0%|          | 0.00/6.73G [01:07<?, ?B/s]
umt5-xxl/models_t5_umt5-xxl-enc-quanto_int8.safetensors:   0%|          | 0.00/6.73G [01:07<?, ?B/s]
umt5-xxl/models_t5_umt5-xxl-enc-quanto_int8.safetensors:   0%|          | 0.00/6.73G [01:07<?, ?B/s]
umt5-xxl/models_t5_umt5-xxl-enc-quanto_int8.safetensors:   0%|          | 0.00/6.73G [01:07<?, ?B/s]
umt5-xxl/models_t5_umt5-xxl-enc-quanto_int8.safetensors:   0%|          | 0.00/6.73G [01:07<?, ?B/s]
umt5-xxl/models_t5_umt5-xxl-enc-quanto_int8.safetensors:   0%|          | 0.00/6.73G [01:07<?, ?B/s]
umt5-xxl/models_t5_umt5-xxl-enc-quanto_int8.safetensors:   0%|          | 0.00/6.73G [01:08<?, ?B/s]
umt5-xxl/models_t5_umt5-xxl-enc-quanto_int8.safetensors:   0%|          | 0.00/6.73G [01:08<?, ?B/s]
umt5-xxl/models_t5_umt5-xxl-enc-quanto_int8.safetensors:   0%|          | 0.00/6.73G [01:08<?, ?B/s]
umt5-xxl/models_t5_umt5-xxl-enc-quanto_int8.safetensors:   0%|          | 0.00/6.73G [01:08<?, ?B/s]
umt5-xxl/models_t5_umt5-xxl-enc-quanto_int8.safetensors:   0%|          | 0.00/6.73G [01:08<?, ?B/s]
umt5-xxl/models_t5_umt5-xxl-enc-quanto_int8.safetensors:   0%|          | 0.00/6.73G [01:08<?, ?B/s]
umt5-xxl/models_t5_umt5-xxl-enc-quanto_int8.safetensors:   0%|          | 0.00/6.73G [01:08<?, ?B/s]
umt5-xxl/models_t5_umt5-xxl-enc-quanto_int8.safetensors:   0%|          | 0.00/6.73G [01:08<?, ?B/s]
umt5-xxl/models_t5_umt5-xxl-enc-quanto_int8.safetensors:   0%|          | 0.00/6.73G [01:08<?, ?B/s]
umt5-xxl/models_t5_umt5-xxl-enc-quanto_int8.safetensors:   0%|          | 0.00/6.73G [01:09<?, ?B/s]
umt5-xxl/models_t5_umt5-xxl-enc-quanto_int8.safetensors:   0%|          | 0.00/6.73G [01:09<?, ?B/s]
umt5-xxl/models_t5_umt5-xxl-enc-quanto_int8.safetensors:   0%|          | 0.00/6.73G [01:09<?, ?B/s]
umt5-xxl/models_t5_umt5-xxl-enc-quanto_int8.safetensors:   0%|          | 0.00/6.73G [01:09<?, ?B/s]
umt5-xxl/models_t5_umt5-xxl-enc-quanto_int8.safetensors:   0%|          | 0.00/6.73G [01:09<?, ?B/s]
umt5-xxl/models_t5_umt5-xxl-enc-quanto_int8.safetensors:   0%|          | 0.00/6.73G [01:09<?, ?B/s]
umt5-xxl/models_t5_umt5-xxl-enc-quanto_int8.safetensors:   0%|          | 0.00/6.73G [01:09<?, ?B/s]
umt5-xxl/models_t5_umt5-xxl-enc-quanto_int8.safetensors:   0%|          | 0.00/6.73G [01:09<?, ?B/s]
umt5-xxl/models_t5_umt5-xxl-enc-quanto_int8.safetensors:   0%|          | 0.00/6.73G [01:09<?, ?B/s]
umt5-xxl/models_t5_umt5-xxl-enc-quanto_int8.safetensors:   0%|          | 0.00/6.73G [01:09<?, ?B/s]
umt5-xxl/models_t5_umt5-xxl-enc-quanto_int8.safetensors:   0%|          | 0.00/6.73G [01:10<?, ?B/s]
umt5-xxl/models_t5_umt5-xxl-enc-quanto_int8.safetensors:   0%|          | 0.00/6.73G [01:10<?, ?B/s]
umt5-xxl/models_t5_umt5-xxl-enc-quanto_int8.safetensors:   0%|          | 0.00/6.73G [01:10<?, ?B/s]
umt5-xxl/models_t5_umt5-xxl-enc-quanto_int8.safetensors:   0%|          | 0.00/6.73G [01:10<?, ?B/s]
umt5-xxl/models_t5_umt5-xxl-enc-quanto_int8.safetensors:   0%|          | 0.00/6.73G [01:10<?, ?B/s]
umt5-xxl/models_t5_umt5-xxl-enc-quanto_int8.safetensors:   0%|          | 0.00/6.73G [01:10<?, ?B/s]
umt5-xxl/models_t5_umt5-xxl-enc-quanto_int8.safetensors:   0%|          | 0.00/6.73G [01:10<?, ?B/s]
umt5-xxl/models_t5_umt5-xxl-enc-quanto_int8.safetensors:   0%|          | 0.00/6.73G [01:10<?, ?B/s]
umt5-xxl/models_t5_umt5-xxl-enc-quanto_int8.safetensors:   0%|          | 0.00/6.73G [01:10<?, ?B/s]
umt5-xxl/models_t5_umt5-xxl-enc-quanto_int8.safetensors:   0%|          | 0.00/6.73G [01:10<?, ?B/s]
umt5-xxl/models_t5_umt5-xxl-enc-quanto_int8.safetensors:   0%|          | 0.00/6.73G [01:11<?, ?B/s]
umt5-xxl/models_t5_umt5-xxl-enc-quanto_int8.safetensors:   0%|          | 0.00/6.73G [01:11<?, ?B/s]
umt5-xxl/models_t5_umt5-xxl-enc-quanto_int8.safetensors:   0%|          | 0.00/6.73G [01:11<?, ?B/s]
umt5-xxl/models_t5_umt5-xxl-enc-quanto_int8.safetensors:   0%|          | 0.00/6.73G [01:11<?, ?B/s]
umt5-xxl/models_t5_umt5-xxl-enc-quanto_int8.safetensors:   0%|          | 0.00/6.73G [01:11<?, ?B/s]
umt5-xxl/models_t5_umt5-xxl-enc-quanto_int8.safetensors:   0%|          | 0.00/6.73G [01:11<?, ?B/s]
umt5-xxl/models_t5_umt5-xxl-enc-quanto_int8.safetensors:   0%|          | 0.00/6.73G [01:11<?, ?B/s]
umt5-xxl/models_t5_umt5-xxl-enc-quanto_int8.safetensors:   0%|          | 0.00/6.73G [01:11<?, ?B/s]
umt5-xxl/models_t5_umt5-xxl-enc-quanto_int8.safetensors:   0%|          | 0.00/6.73G [01:11<?, ?B/s]
umt5-xxl/models_t5_umt5-xxl-enc-quanto_int8.safetensors:   0%|          | 0.00/6.73G [01:11<?, ?B/s]
umt5-xxl/models_t5_umt5-xxl-enc-quanto_int8.safetensors:   0%|          | 0.00/6.73G [01:12<?, ?B/s]
umt5-xxl/models_t5_umt5-xxl-enc-quanto_int8.safetensors:   0%|          | 0.00/6.73G [01:12<?, ?B/s]
umt5-xxl/models_t5_umt5-xxl-enc-quanto_int8.safetensors:   0%|          | 0.00/6.73G [01:12<?, ?B/s]
umt5-xxl/models_t5_umt5-xxl-enc-quanto_int8.safetensors:   0%|          | 0.00/6.73G [01:12<?, ?B/s]
umt5-xxl/models_t5_umt5-xxl-enc-quanto_int8.safetensors:   0%|          | 0.00/6.73G [01:12<?, ?B/s]
umt5-xxl/models_t5_umt5-xxl-enc-quanto_int8.safetensors:   0%|          | 0.00/6.73G [01:12<?, ?B/s]
umt5-xxl/models_t5_umt5-xxl-enc-quanto_int8.safetensors:   0%|          | 0.00/6.73G [01:12<?, ?B/s]
umt5-xxl/models_t5_umt5-xxl-enc-quanto_int8.safetensors:   0%|          | 0.00/6.73G [01:12<?, ?B/s]
umt5-xxl/models_t5_umt5-xxl-enc-quanto_int8.safetensors:   0%|          | 0.00/6.73G [01:12<?, ?B/s]
umt5-xxl/models_t5_umt5-xxl-enc-quanto_int8.safetensors:   0%|          | 0.00/6.73G [01:12<?, ?B/s]
umt5-xxl/models_t5_umt5-xxl-enc-quanto_int8.safetensors:   0%|          | 0.00/6.73G [01:13<?, ?B/s]
umt5-xxl/models_t5_umt5-xxl-enc-quanto_int8.safetensors:   0%|          | 0.00/6.73G [01:13<?, ?B/s]
umt5-xxl/models_t5_umt5-xxl-enc-quanto_int8.safetensors:   0%|          | 0.00/6.73G [01:13<?, ?B/s]
umt5-xxl/models_t5_umt5-xxl-enc-quanto_int8.safetensors:   0%|          | 0.00/6.73G [01:13<?, ?B/s]
umt5-xxl/models_t5_umt5-xxl-enc-quanto_int8.safetensors:   0%|          | 0.00/6.73G [01:13<?, ?B/s]
umt5-xxl/models_t5_umt5-xxl-enc-quanto_int8.safetensors:   0%|          | 0.00/6.73G [01:13<?, ?B/s]
umt5-xxl/models_t5_umt5-xxl-enc-quanto_int8.safetensors:   0%|          | 0.00/6.73G [01:13<?, ?B/s]
umt5-xxl/models_t5_umt5-xxl-enc-quanto_int8.safetensors:   0%|          | 0.00/6.73G [01:13<?, ?B/s]
umt5-xxl/models_t5_umt5-xxl-enc-quanto_int8.safetensors:   0%|          | 0.00/6.73G [01:13<?, ?B/s]
umt5-xxl/models_t5_umt5-xxl-enc-quanto_int8.safetensors:   0%|          | 0.00/6.73G [01:13<?, ?B/s]
umt5-xxl/models_t5_umt5-xxl-enc-quanto_int8.safetensors:   0%|          | 0.00/6.73G [01:14<?, ?B/s]
umt5-xxl/models_t5_umt5-xxl-enc-quanto_int8.safetensors:   0%|          | 0.00/6.73G [01:14<?, ?B/s]
umt5-xxl/models_t5_umt5-xxl-enc-quanto_int8.safetensors:   0%|          | 0.00/6.73G [01:14<?, ?B/s]
umt5-xxl/models_t5_umt5-xxl-enc-quanto_int8.safetensors:   0%|          | 0.00/6.73G [01:14<?, ?B/s]
umt5-xxl/models_t5_umt5-xxl-enc-quanto_int8.safetensors:   0%|          | 0.00/6.73G [01:14<?, ?B/s]
umt5-xxl/models_t5_umt5-xxl-enc-quanto_int8.safetensors:   0%|          | 0.00/6.73G [01:14<?, ?B/s]
umt5-xxl/models_t5_umt5-xxl-enc-quanto_int8.safetensors:   0%|          | 0.00/6.73G [01:14<?, ?B/s]
umt5-xxl/models_t5_umt5-xxl-enc-quanto_int8.safetensors:   0%|          | 0.00/6.73G [01:14<?, ?B/s]
umt5-xxl/models_t5_umt5-xxl-enc-quanto_int8.safetensors:   0%|          | 0.00/6.73G [01:14<?, ?B/s]
umt5-xxl/models_t5_umt5-xxl-enc-quanto_int8.safetensors:   0%|          | 0.00/6.73G [01:14<?, ?B/s]
umt5-xxl/models_t5_umt5-xxl-enc-quanto_int8.safetensors:   0%|          | 0.00/6.73G [01:15<?, ?B/s]
umt5-xxl/models_t5_umt5-xxl-enc-quanto_int8.safetensors:   0%|          | 0.00/6.73G [01:15<?, ?B/s]
umt5-xxl/models_t5_umt5-xxl-enc-quanto_int8.safetensors:   0%|          | 0.00/6.73G [01:15<?, ?B/s]
umt5-xxl/models_t5_umt5-xxl-enc-quanto_int8.safetensors:   0%|          | 0.00/6.73G [01:15<?, ?B/s]
umt5-xxl/models_t5_umt5-xxl-enc-quanto_int8.safetensors:   0%|          | 0.00/6.73G [01:15<?, ?B/s]
umt5-xxl/models_t5_umt5-xxl-enc-quanto_int8.safetensors:   0%|          | 0.00/6.73G [01:15<?, ?B/s]
umt5-xxl/models_t5_umt5-xxl-enc-quanto_int8.safetensors:   0%|          | 0.00/6.73G [01:15<?, ?B/s]
umt5-xxl/models_t5_umt5-xxl-enc-quanto_int8.safetensors:   0%|          | 0.00/6.73G [01:15<?, ?B/s]
umt5-xxl/models_t5_umt5-xxl-enc-quanto_int8.safetensors:   0%|          | 0.00/6.73G [01:15<?, ?B/s]
umt5-xxl/models_t5_umt5-xxl-enc-quanto_int8.safetensors:   0%|          | 0.00/6.73G [01:15<?, ?B/s]
umt5-xxl/models_t5_umt5-xxl-enc-quanto_int8.safetensors:   0%|          | 0.00/6.73G [01:16<?, ?B/s]
umt5-xxl/models_t5_umt5-xxl-enc-quanto_int8.safetensors:   0%|          | 0.00/6.73G [01:16<?, ?B/s]
umt5-xxl/models_t5_umt5-xxl-enc-quanto_int8.safetensors:   0%|          | 0.00/6.73G [01:16<?, ?B/s]
umt5-xxl/models_t5_umt5-xxl-enc-quanto_int8.safetensors:   0%|          | 0.00/6.73G [01:16<?, ?B/s]
umt5-xxl/models_t5_umt5-xxl-enc-quanto_int8.safetensors:   0%|          | 0.00/6.73G [01:16<?, ?B/s]
umt5-xxl/models_t5_umt5-xxl-enc-quanto_int8.safetensors:   0%|          | 0.00/6.73G [01:16<?, ?B/s]
umt5-xxl/models_t5_umt5-xxl-enc-quanto_int8.safetensors:   0%|          | 0.00/6.73G [01:16<?, ?B/s]
umt5-xxl/models_t5_umt5-xxl-enc-quanto_int8.safetensors:   0%|          | 0.00/6.73G [01:16<?, ?B/s]
umt5-xxl/models_t5_umt5-xxl-enc-quanto_int8.safetensors:   0%|          | 0.00/6.73G [01:16<?, ?B/s]
umt5-xxl/models_t5_umt5-xxl-enc-quanto_int8.safetensors:   0%|          | 0.00/6.73G [01:16<?, ?B/s]
umt5-xxl/models_t5_umt5-xxl-enc-quanto_int8.safetensors:   0%|          | 0.00/6.73G [01:17<?, ?B/s]
umt5-xxl/models_t5_umt5-xxl-enc-quanto_int8.safetensors:   0%|          | 0.00/6.73G [01:17<?, ?B/s]
umt5-xxl/models_t5_umt5-xxl-enc-quanto_int8.safetensors:   0%|          | 0.00/6.73G [01:17<?, ?B/s]
umt5-xxl/models_t5_umt5-xxl-enc-quanto_int8.safetensors:   0%|          | 0.00/6.73G [01:17<?, ?B/s]
umt5-xxl/models_t5_umt5-xxl-enc-quanto_int8.safetensors:   0%|          | 0.00/6.73G [01:17<?, ?B/s]
umt5-xxl/models_t5_umt5-xxl-enc-quanto_int8.safetensors:   0%|          | 0.00/6.73G [01:17<?, ?B/s]
umt5-xxl/models_t5_umt5-xxl-enc-quanto_int8.safetensors:   0%|          | 0.00/6.73G [01:17<?, ?B/s]
umt5-xxl/models_t5_umt5-xxl-enc-quanto_int8.safetensors:   0%|          | 0.00/6.73G [01:17<?, ?B/s]
umt5-xxl/models_t5_umt5-xxl-enc-quanto_int8.safetensors:   0%|          | 0.00/6.73G [01:17<?, ?B/s]
umt5-xxl/models_t5_umt5-xxl-enc-quanto_int8.safetensors:   0%|          | 0.00/6.73G [01:17<?, ?B/s]
umt5-xxl/models_t5_umt5-xxl-enc-quanto_int8.safetensors:   0%|          | 0.00/6.73G [01:18<?, ?B/s]
umt5-xxl/models_t5_umt5-xxl-enc-quanto_int8.safetensors:   1%|          | 67.1M/6.73G [01:18<00:09, 667MB/s]
umt5-xxl/models_t5_umt5-xxl-enc-quanto_int8.safetensors:   2%|1         | 134M/6.73G [01:18<00:10, 612MB/s] 
umt5-xxl/models_t5_umt5-xxl-enc-quanto_int8.safetensors:   4%|3         | 268M/6.73G [01:18<00:10, 605MB/s]
umt5-xxl/models_t5_umt5-xxl-enc-quanto_int8.safetensors:   5%|4         | 335M/6.73G [01:18<00:10, 597MB/s]
umt5-xxl/models_t5_umt5-xxl-enc-quanto_int8.safetensors:   6%|5         | 402M/6.73G [01:18<00:11, 575MB/s]
umt5-xxl/models_t5_umt5-xxl-enc-quanto_int8.safetensors:   7%|6         | 469M/6.73G [01:18<00:10, 598MB/s]
umt5-xxl/models_t5_umt5-xxl-enc-quanto_int8.safetensors:   8%|7         | 536M/6.73G [01:18<00:10, 616MB/s]
umt5-xxl/models_t5_umt5-xxl-enc-quanto_int8.safetensors:   9%|8         | 603M/6.73G [01:19<00:09, 630MB/s]
umt5-xxl/models_t5_umt5-xxl-enc-quanto_int8.safetensors:  11%|#         | 738M/6.73G [01:19<00:07, 833MB/s]
umt5-xxl/models_t5_umt5-xxl-enc-quanto_int8.safetensors:  14%|#3        | 939M/6.73G [01:19<00:06, 908MB/s]
umt5-xxl/models_t5_umt5-xxl-enc-quanto_int8.safetensors:  17%|#6        | 1.14G/6.73G [01:19<00:05, 938MB/s]
umt5-xxl/models_t5_umt5-xxl-enc-quanto_int8.safetensors:  19%|#8        | 1.27G/6.73G [01:19<00:06, 837MB/s]
umt5-xxl/models_t5_umt5-xxl-enc-quanto_int8.safetensors:  22%|##1       | 1.48G/6.73G [01:19<00:05, 891MB/s]
umt5-xxl/models_t5_umt5-xxl-enc-quanto_int8.safetensors:  24%|##3       | 1.61G/6.73G [01:20<00:06, 818MB/s]
umt5-xxl/models_t5_umt5-xxl-enc-quanto_int8.safetensors:  27%|##6       | 1.81G/6.73G [01:20<00:05, 875MB/s]
umt5-xxl/models_t5_umt5-xxl-enc-quanto_int8.safetensors:  29%|##8       | 1.94G/6.73G [01:20<00:04, 960MB/s]
umt5-xxl/models_t5_umt5-xxl-enc-quanto_int8.safetensors:  32%|###1      | 2.15G/6.73G [01:20<00:04, 974MB/s]
umt5-xxl/models_t5_umt5-xxl-enc-quanto_int8.safetensors:  34%|###3      | 2.28G/6.73G [01:20<00:05, 870MB/s]
umt5-xxl/models_t5_umt5-xxl-enc-quanto_int8.safetensors:  36%|###5      | 2.41G/6.73G [01:20<00:04, 958MB/s]
umt5-xxl/models_t5_umt5-xxl-enc-quanto_int8.safetensors:  37%|###6      | 2.48G/6.73G [01:33<00:04, 958MB/s]
umt5-xxl/models_t5_umt5-xxl-enc-quanto_int8.safetensors:  37%|###6      | 2.48G/6.73G [01:33<02:11, 32.3MB/s]
umt5-xxl/models_t5_umt5-xxl-enc-quanto_int8.safetensors:  37%|###6      | 2.48G/6.73G [01:53<02:11, 32.3MB/s]
umt5-xxl/models_t5_umt5-xxl-enc-quanto_int8.safetensors:  38%|###7      | 2.55G/6.73G [02:19<10:36, 6.57MB/s]
umt5-xxl/models_t5_umt5-xxl-enc-quanto_int8.safetensors:  38%|###7      | 2.55G/6.73G [02:33<10:36, 6.57MB/s]
umt5-xxl/models_t5_umt5-xxl-enc-quanto_int8.safetensors:  40%|###9      | 2.68G/6.73G [02:37<09:50, 6.86MB/s]
umt5-xxl/models_t5_umt5-xxl-enc-quanto_int8.safetensors:  41%|####      | 2.75G/6.73G [02:43<08:56, 7.42MB/s]
umt5-xxl/models_t5_umt5-xxl-enc-quanto_int8.safetensors:  43%|####2     | 2.88G/6.73G [02:48<06:18, 10.2MB/s]
umt5-xxl/models_t5_umt5-xxl-enc-quanto_int8.safetensors:  44%|####3     | 2.95G/6.73G [02:48<04:56, 12.8MB/s]
umt5-xxl/models_t5_umt5-xxl-enc-quanto_int8.safetensors:  45%|####4     | 3.02G/6.73G [02:48<03:46, 16.4MB/s]
umt5-xxl/models_t5_umt5-xxl-enc-quanto_int8.safetensors:  47%|####6     | 3.15G/6.73G [02:48<02:13, 26.8MB/s]
umt5-xxl/models_t5_umt5-xxl-enc-quanto_int8.safetensors:  49%|####8     | 3.29G/6.73G [02:48<01:24, 41.0MB/s]
umt5-xxl/models_t5_umt5-xxl-enc-quanto_int8.safetensors:  51%|#####     | 3.42G/6.73G [02:48<00:54, 61.0MB/s]
umt5-xxl/models_t5_umt5-xxl-enc-quanto_int8.safetensors:  53%|#####2    | 3.55G/6.73G [02:48<00:36, 86.8MB/s]
umt5-xxl/models_t5_umt5-xxl-enc-quanto_int8.safetensors:  55%|#####4    | 3.69G/6.73G [02:49<00:24, 123MB/s] 
umt5-xxl/models_t5_umt5-xxl-enc-quanto_int8.safetensors:  58%|#####7    | 3.89G/6.73G [02:58<01:10, 40.1MB/s]
umt5-xxl/models_t5_umt5-xxl-enc-quanto_int8.safetensors:  61%|######    | 4.09G/6.73G [02:59<00:42, 61.9MB/s]
umt5-xxl/models_t5_umt5-xxl-enc-quanto_int8.safetensors:  63%|######2   | 4.22G/6.73G [02:59<00:31, 79.6MB/s]
umt5-xxl/models_t5_umt5-xxl-enc-quanto_int8.safetensors:  65%|######4   | 4.36G/6.73G [02:59<00:23, 102MB/s] 
umt5-xxl/models_t5_umt5-xxl-enc-quanto_int8.safetensors:  67%|######6   | 4.49G/6.73G [02:59<00:16, 138MB/s]
umt5-xxl/models_t5_umt5-xxl-enc-quanto_int8.safetensors:  69%|######8   | 4.63G/6.73G [03:00<00:11, 178MB/s]
umt5-xxl/models_t5_umt5-xxl-enc-quanto_int8.safetensors:  71%|#######   | 4.76G/6.73G [03:00<00:08, 225MB/s]
umt5-xxl/models_t5_umt5-xxl-enc-quanto_int8.safetensors:  73%|#######2  | 4.90G/6.73G [03:00<00:06, 279MB/s]
umt5-xxl/models_t5_umt5-xxl-enc-quanto_int8.safetensors:  74%|#######3  | 4.96G/6.73G [03:13<00:06, 279MB/s]
umt5-xxl/models_t5_umt5-xxl-enc-quanto_int8.safetensors:  74%|#######3  | 4.96G/6.73G [03:13<01:05, 26.9MB/s]
umt5-xxl/models_t5_umt5-xxl-enc-quanto_int8.safetensors:  75%|#######4  | 5.03G/6.73G [03:23<01:41, 16.8MB/s]
umt5-xxl/models_t5_umt5-xxl-enc-quanto_int8.safetensors:  75%|#######4  | 5.03G/6.73G [03:43<01:41, 16.8MB/s]
umt5-xxl/models_t5_umt5-xxl-enc-quanto_int8.safetensors:  76%|#######5  | 5.10G/6.73G [03:44<03:05, 8.84MB/s]
umt5-xxl/models_t5_umt5-xxl-enc-quanto_int8.safetensors:  77%|#######6  | 5.16G/6.73G [03:44<02:15, 11.6MB/s]
umt5-xxl/models_t5_umt5-xxl-enc-quanto_int8.safetensors:  79%|#######8  | 5.30G/6.73G [03:44<01:14, 19.3MB/s]
umt5-xxl/models_t5_umt5-xxl-enc-quanto_int8.safetensors:  81%|########  | 5.43G/6.73G [03:47<00:53, 24.4MB/s]
umt5-xxl/models_t5_umt5-xxl-enc-quanto_int8.safetensors:  83%|########2 | 5.57G/6.73G [03:47<00:31, 36.8MB/s]
umt5-xxl/models_t5_umt5-xxl-enc-quanto_int8.safetensors:  86%|########5 | 5.77G/6.73G [03:47<00:15, 62.3MB/s]
umt5-xxl/models_t5_umt5-xxl-enc-quanto_int8.safetensors:  88%|########7 | 5.90G/6.73G [03:47<00:09, 85.9MB/s]
umt5-xxl/models_t5_umt5-xxl-enc-quanto_int8.safetensors:  91%|######### | 6.10G/6.73G [03:48<00:04, 132MB/s] 
umt5-xxl/models_t5_umt5-xxl-enc-quanto_int8.safetensors:  94%|#########3| 6.30G/6.73G [03:48<00:02, 190MB/s]
umt5-xxl/models_t5_umt5-xxl-enc-quanto_int8.safetensors:  96%|#########5| 6.44G/6.73G [03:48<00:01, 242MB/s]
umt5-xxl/models_t5_umt5-xxl-enc-quanto_int8.safetensors:  98%|#########7| 6.57G/6.73G [03:48<00:00, 291MB/s]
umt5-xxl/models_t5_umt5-xxl-enc-quanto_int8.safetensors: 100%|##########| 6.73G/6.73G [03:48<00:00, 364MB/s]
umt5-xxl/models_t5_umt5-xxl-enc-quanto_int8.safetensors: 100%|##########| 6.73G/6.73G [03:48<00:00, 29.4MB/s]
Loading Text Encoder 'ckpts\umt5-xxl\models_t5_umt5-xxl-enc-quanto_int8.safetensors' ...
[1m[95m************ Memory Management for the GPU Poor (mmgp 3.8.2) by DeepBeepMeep ************[0m[0m
Hooked to model 'transformer' (WanModel)
Async loading plan for model 'transformer' : base size of 6.64 MB will be preloaded with a 385.39 MB async shuttle
Hooked to model 'vae' (WanVAE_)
Hooked to model 'text_encoder' (T5Encoder)
Async loading plan for model 'text_encoder' : base size of 2003.01 MB will be preloaded with a 184.10 MB async circular shuttle
Hooked to model 'text_encoder_2' (XLMRobertaCLIP)
Async loading plan for model 'text_encoder_2' : base size of 493.87 MB will be preloaded with a 1201.02 MB async shuttle
INFO 2026-10-04 00:17:08,966 66676 preprocessor.py: 316: SAM3 encoding keywords before propagation: 'cartoon mermaid character'
dynamic_multimask_via_stability is reset to False in the multiplex model
INFO 2026-10-04 00:17:13,645 66676 sam3_multiplex_base.py: 332: `setting max_num_objects` to 16 -- creating num_obj_for_compile=1 objects for torch.compile cache
INFO 2026-10-04 00:17:14,081 66676 sam3_base_predictor.py: 148: started new session 84719ed0-e0ce-4263-bd7d-228e1bdf32b9
INFO 2026-10-04 00:17:14,081 66676 preprocessor.py: 359: SAM3 keyword currently being processed: 'cartoon mermaid character'
INFO 2026-10-04 00:17:14,951 66676 sam3_multiplex_tracking.py:1693: Running add_prompt on frame 0
INFO 2026-10-04 00:17:17,193 66676 sam3_multiplex_tracking.py:2336: Running full VG propagation (reverse=False).

propagate_in_video:   0%|          | 0/1 [00:00<?, ?it/s]
propagate_in_video: 100%|##########| 1/1 [00:01<00:00,  1.28s/it]
propagate_in_video: 100%|##########| 1/1 [00:01<00:00,  1.28s/it]
INFO 2026-10-04 00:17:18,477 66676 sam3_multiplex_tracking.py: 581: Bucket utilization rate: 6.25%, subscription rate: 100.00%
INFO 2026-10-04 00:17:18,477 66676 sam3_base_predictor.py: 310: propagation ended in session 84719ed0-e0ce-4263-bd7d-228e1bdf32b9
INFO 2026-10-04 00:17:19,066 66676 sam3_base_predictor.py: 329: removed session 84719ed0-e0ce-4263-bd7d-228e1bdf32b9

Encoding Text Prompt 1/2:   0%|          | 0/24 [00:00<?, ?it/s]
Encoding Text Prompt 1/2:   4%|4         | 1/24 [00:01<00:36,  1.58s/it]
Encoding Text Prompt 1/2:  12%|#2        | 3/24 [00:02<00:11,  1.76it/s]
Encoding Text Prompt 1/2:  21%|##        | 5/24 [00:02<00:07,  2.58it/s]
Encoding Text Prompt 1/2:  29%|##9       | 7/24 [00:02<00:05,  3.19it/s]
Encoding Text Prompt 1/2:  38%|###7      | 9/24 [00:03<00:04,  3.74it/s]
Encoding Text Prompt 1/2:  46%|####5     | 11/24 [00:03<00:03,  4.10it/s]
Encoding Text Prompt 1/2:  54%|#####4    | 13/24 [00:04<00:02,  4.41it/s]
Encoding Text Prompt 1/2:  62%|######2   | 15/24 [00:04<00:01,  4.69it/s]
Encoding Text Prompt 1/2:  71%|#######   | 17/24 [00:04<00:01,  5.00it/s]
Encoding Text Prompt 1/2:  79%|#######9  | 19/24 [00:05<00:00,  5.21it/s]
Encoding Text Prompt 1/2:  88%|########7 | 21/24 [00:05<00:00,  5.00it/s]
Encoding Text Prompt 1/2:  96%|#########5| 23/24 [00:05<00:00,  5.08it/s]
                                                                         

Encoding Text Prompt 2/2:   0%|          | 0/24 [00:00<?, ?it/s]
Encoding Text Prompt 2/2:  17%|#6        | 4/24 [00:00<00:02,  8.68it/s]
Encoding Text Prompt 2/2:  29%|##9       | 7/24 [00:00<00:02,  7.89it/s]
Encoding Text Prompt 2/2:  46%|####5     | 11/24 [00:01<00:01,  7.90it/s]
Encoding Text Prompt 2/2:  58%|#####8    | 14/24 [00:01<00:01,  6.76it/s]
Encoding Text Prompt 2/2:  71%|#######   | 17/24 [00:02<00:01,  6.82it/s]
Encoding Text Prompt 2/2:  83%|########3 | 20/24 [00:02<00:00,  7.01it/s]
Encoding Text Prompt 2/2:  96%|#########5| 23/24 [00:03<00:00,  6.90it/s]
                                                                         

VAE Encoding:   0%|          | 0/66 [00:00<?, ?tiles/s]
VAE Encoding:  15%|#5        | 10/66 [00:00<00:02, 23.83tiles/s]
VAE Encoding:  27%|##7       | 18/66 [00:01<00:05,  8.60tiles/s]
VAE Encoding:  35%|###4      | 23/66 [00:02<00:05,  7.69tiles/s]
VAE Encoding:  41%|####      | 27/66 [00:03<00:05,  7.06tiles/s]
VAE Encoding:  45%|####5     | 30/66 [00:03<00:05,  7.17tiles/s]
VAE Encoding:  55%|#####4    | 36/66 [00:04<00:03,  9.31tiles/s]
VAE Encoding:  67%|######6   | 44/66 [00:04<00:01, 12.51tiles/s]
VAE Encoding:  77%|#######7  | 51/66 [00:04<00:01, 14.45tiles/s]
VAE Encoding:  86%|########6 | 57/66 [00:05<00:00, 12.68tiles/s]
                                                                

  0%|          | 0/40 [00:00<?, ?it/s]
  2%|2         | 1/40 [03:22<2:11:18, 202.01s/it]
  5%|5         | 2/40 [06:39<2:06:16, 199.38s/it]Traceback (most recent call last):
  File "<stdin>", line 11, in <module>
  File "C:\Users\Peter\AppData\Local\Python\pythoncore-3.13-64\Lib\subprocess.py", line 577, in run
    raise CalledProcessError(retcode, process.args,
                             output=stdout, stderr=stderr)
subprocess.CalledProcessError: Command '['C:\\Users\\Peter\\AppData\\Local\\Programs\\MermaidReefTools\\AnimationBench\\venv\\Scripts\\python.exe', '-B', '-u', 'tools/benchmark_wan2gp_animation.py', '--runner', 'C:\\Users\\Peter\\AppData\\Local\\Programs\\MermaidReefTools\\AnimationBench\\Wan2GP', '--packet', 'C:\\Users\\Peter\\.codex\\worktrees\\animation-workflow-policy\\mermaid-roshan-reef\\assets_src\\cinematics\\animation_engine_benchmark_20261003', '--engine', 'scail2_14B', '--output', 'C:\\Users\\Peter\\.codex\\worktrees\\animation-workflow-policy\\mermaid-roshan-reef\\assets_src\\cinematics\\animation_engine_benchmark_20261003\\results\\scail2']' returned non-zero exit status 4294967295.
