Godot Engine v4.7.2.stable.official.ed1daf0bf - https://godotengine.org

Unable to open Android 'build-tools' directory.
[   0% ] [90m[1mfirst_scan_filesystem[22m | Started Project initialization (5 steps)[39m[0m
[   0% ] [90m[1mfirst_scan_filesystem[22m | Scanning file structure...[39m[0m
[  16% ] [90m[1mfirst_scan_filesystem[22m | Loading global class names...[39m[0m
[  33% ] [90m[1mfirst_scan_filesystem[22m | Verifying GDExtensions...[39m[0m
[  50% ] [90m[1mfirst_scan_filesystem[22m | Creating autoload scripts...[39m[0m
[  66% ] [90m[1mfirst_scan_filesystem[22m | Initializing plugins...[39m[0m
[  83% ] [90m[1mfirst_scan_filesystem[22m | Starting file scan...[39m[0m
[92m[ DONE ][39m [1mfirst_scan_filesystem[22m
[0m
[   0% ] [90m[1mupdate_scripts_classes[22m | Started Registering global classes... (262 steps)[39m[0m
[   0% ] [90m[1mupdate_scripts_classes[22m | CastleFixtureRigs[39m[0m
[   0% ] [90m[1mupdate_scripts_classes[22m | CastleRooms25D[39m[0m
[   0% ] [90m[1mupdate_scripts_classes[22m | CourtyardTrain[39m[0m
[   1% ] [90m[1mupdate_scripts_classes[22m | DayOneCastleDressing[39m[0m
[   1% ] [90m[1mupdate_scripts_classes[22m | FairyConservatoryDoor2D[39m[0m
[   1% ] [90m[1mupdate_scripts_classes[22m | FairyConservatoryHandoff2D[39m[0m
[   2% ] [90m[1mupdate_scripts_classes[22m | NorthernKingdom[39m[0m
[   2% ] [90m[1mupdate_scripts_classes[22m | SkyLagoon[39m[0m
[   3% ] [90m[1mupdate_scripts_classes[22m | SkyLagoonPromenade[39m[0m
[   3% ] [90m[1mupdate_scripts_classes[22m | BrawlGame[39m[0m
[   3% ] [90m[1mupdate_scripts_classes[22m | DanceEngine[39m[0m
[   4% ] [90m[1mupdate_scripts_classes[22m | DayOneBathroomCleaning[39m[0m
[   4% ] [90m[1mupdate_scripts_classes[22m | DayOneBathroomCleanup[39m[0m
[   4% ] [90m[1mupdate_scripts_classes[22m | DayOneDustBunnySwimmer[39m[0m
[   5% ] [90m[1mupdate_scripts_classes[22m | DayOnePoolCleanup[39m[0m
[   5% ] [90m[1mupdate_scripts_classes[22m | DollsGame[39m[0m
[   6% ] [90m[1mupdate_scripts_classes[22m | DustBossGame[39m[0m
[   6% ] [90m[1mupdate_scripts_classes[22m | FairyGame[39m[0m
[   6% ] [90m[1mupdate_scripts_classes[22m | FetchGame[39m[0m
[   7% ] [90m[1mupdate_scripts_classes[22m | MelodyGame[39m[0m
[   7% ] [90m[1mupdate_scripts_classes[22m | OctagonStage[39m[0m
[   7% ] [90m[1mupdate_scripts_classes[22m | PictureGames[39m[0m
[   8% ] [90m[1mupdate_scripts_classes[22m | PoolSeahorseRescueActivity[39m[0m
[   8% ] [90m[1mupdate_scripts_classes[22m | PoolSkimmerActivity[39m[0m
[   9% ] [90m[1mupdate_scripts_classes[22m | PoolWaterfallActivity[39m[0m
[   9% ] [90m[1mupdate_scripts_classes[22m | SeekGame[39m[0m
[   9% ] [90m[1mupdate_scripts_classes[22m | ShopGame[39m[0m
[  10% ] [90m[1mupdate_scripts_classes[22m | SideScrollStage[39m[0m
[  10% ] [90m[1mupdate_scripts_classes[22m | SlideRaceGame[39m[0m
[  11% ] [90m[1mupdate_scripts_classes[22m | TreasureGame[39m[0m
[  11% ] [90m[1mupdate_scripts_classes[22m | AttackCustomizer[39m[0m
[  11% ] [90m[1mupdate_scripts_classes[22m | AudioDirector[39m[0m
[  12% ] [90m[1mupdate_scripts_classes[22m | BootSplashOverlay[39m[0m
[  12% ] [90m[1mupdate_scripts_classes[22m | BossSplash2D[39m[0m
[  12% ] [90m[1mupdate_scripts_classes[22m | CameraKit[39m[0m
[  13% ] [90m[1mupdate_scripts_classes[22m | CarrySystem[39m[0m
[  13% ] [90m[1mupdate_scripts_classes[22m | CastleCareerRoutes[39m[0m
[  14% ] [90m[1mupdate_scripts_classes[22m | CastleDoorCue[39m[0m
[  14% ] [90m[1mupdate_scripts_classes[22m | CastleDoorLanguage[39m[0m
[  14% ] [90m[1mupdate_scripts_classes[22m | CastleLogoStudio[39m[0m
[  15% ] [90m[1mupdate_scripts_classes[22m | ChapterTwoCareerSceneAdapter[39m[0m
[  15% ] [90m[1mupdate_scripts_classes[22m | ChapterTwoDirector[39m[0m
[  15% ] [90m[1mupdate_scripts_classes[22m | ChapterTwoGiantCake2D[39m[0m
[  16% ] [90m[1mupdate_scripts_classes[22m | ChapterTwoPartyPlan[39m[0m
[  16% ] [90m[1mupdate_scripts_classes[22m | ChapterTwoPartyTable2D[39m[0m
[  17% ] [90m[1mupdate_scripts_classes[22m | ChapterTwoRainbowCandle2D[39m[0m
[  17% ] [90m[1mupdate_scripts_classes[22m | ChapterTwoRoomPlot[39m[0m
[  17% ] [90m[1mupdate_scripts_classes[22m | CollectionSystem[39m[0m
[  18% ] [90m[1mupdate_scripts_classes[22m | CombatArena[39m[0m
[  18% ] [90m[1mupdate_scripts_classes[22m | CombatTutorial[39m[0m
[  19% ] [90m[1mupdate_scripts_classes[22m | ComfyGames[39m[0m
[  19% ] [90m[1mupdate_scripts_classes[22m | CompanionSystem[39m[0m
[  19% ] [90m[1mupdate_scripts_classes[22m | CraftStudio[39m[0m
[  20% ] [90m[1mupdate_scripts_classes[22m | DayOneArtStudio[39m[0m
[  20% ] [90m[1mupdate_scripts_classes[22m | DayOneBathroomMovieHandoff[39m[0m
[  20% ] [90m[1mupdate_scripts_classes[22m | DayOneContextualVoiceCatalog[39m[0m
[  21% ] [90m[1mupdate_scripts_classes[22m | DayOneDirector[39m[0m
[  21% ] [90m[1mupdate_scripts_classes[22m | DayOneDraftMovies[39m[0m
[  22% ] [90m[1mupdate_scripts_classes[22m | DayTwoTransition2D[39m[0m
[  22% ] [90m[1mupdate_scripts_classes[22m | [39m[0m
[  22% ] [90m[1mupdate_scripts_classes[22m | DungeonArt[39m[0m
[  23% ] [90m[1mupdate_scripts_classes[22m | DungeonLevel[39m[0m
[  23% ] [90m[1mupdate_scripts_classes[22m | DungeonPuzzleRoom[39m[0m
[  23% ] [90m[1mupdate_scripts_classes[22m | DustBunnyAI[39m[0m
[  24% ] [90m[1mupdate_scripts_classes[22m | DustBunnyBossSprite[39m[0m
[  24% ] [90m[1mupdate_scripts_classes[22m | DustBunnySprite[39m[0m
[  25% ] [90m[1mupdate_scripts_classes[22m | EmberFortressLevel[39m[0m
[  25% ] [90m[1mupdate_scripts_classes[22m | FxWater[39m[0m
[  25% ] [90m[1mupdate_scripts_classes[22m | GalaxyLevel[39m[0m
[  26% ] [90m[1mupdate_scripts_classes[22m | GrottoPuzzle[39m[0m
[  26% ] [90m[1mupdate_scripts_classes[22m | HitEngine[39m[0m
[  26% ] [90m[1mupdate_scripts_classes[22m | ImpAI[39m[0m
[  27% ] [90m[1mupdate_scripts_classes[22m | InteractionAffordance[39m[0m
[  27% ] [90m[1mupdate_scripts_classes[22m | InteractionDirector[39m[0m
[  28% ] [90m[1mupdate_scripts_classes[22m | IntroOverlay[39m[0m
[  28% ] [90m[1mupdate_scripts_classes[22m | Juice[39m[0m
[  28% ] [90m[1mupdate_scripts_classes[22m | KartGame[39m[0m
[  29% ] [90m[1mupdate_scripts_classes[22m | KartDriving[39m[0m
[  29% ] [90m[1mupdate_scripts_classes[22m | [39m[0m
[  30% ] [90m[1mupdate_scripts_classes[22m | LightRig[39m[0m
[  30% ] [90m[1mupdate_scripts_classes[22m | LivingWorldDirector[39m[0m
[  30% ] [90m[1mupdate_scripts_classes[22m | LivingWorldCanvas[39m[0m
[  31% ] [90m[1mupdate_scripts_classes[22m | LivingWorldCatalog[39m[0m
[  31% ] [90m[1mupdate_scripts_classes[22m | ReefMain[39m[0m
[  31% ] [90m[1mupdate_scripts_classes[22m | MedalSystem[39m[0m
[  32% ] [90m[1mupdate_scripts_classes[22m | MicInput[39m[0m
[  32% ] [90m[1mupdate_scripts_classes[22m | OperaAct[39m[0m
[  33% ] [90m[1mupdate_scripts_classes[22m | OperaBalletSurface[39m[0m
[  33% ] [90m[1mupdate_scripts_classes[22m | OperaBoxingSurface[39m[0m
[  33% ] [90m[1mupdate_scripts_classes[22m | OperaCareerWorld2D[39m[0m
[  34% ] [90m[1mupdate_scripts_classes[22m | OperaCompetition[39m[0m
[  34% ] [90m[1mupdate_scripts_classes[22m | OperaGeologySurface[39m[0m
[  34% ] [90m[1mupdate_scripts_classes[22m | OperaGestureSurface[39m[0m
[  35% ] [90m[1mupdate_scripts_classes[22m | OperaHotspotCatalog[39m[0m
[  35% ] [90m[1mupdate_scripts_classes[22m | OperaHouse[39m[0m
[  36% ] [90m[1mupdate_scripts_classes[22m | OperaHouseVenue2D[39m[0m
[  36% ] [90m[1mupdate_scripts_classes[22m | OperaImpClips[39m[0m
[  36% ] [90m[1mupdate_scripts_classes[22m | OperaMastery[39m[0m
[  37% ] [90m[1mupdate_scripts_classes[22m | OperaNurseryCatch[39m[0m
[  37% ] [90m[1mupdate_scripts_classes[22m | OperaPerformanceOverlay[39m[0m
[  38% ] [90m[1mupdate_scripts_classes[22m | OperaPerformancePlan[39m[0m
[  38% ] [90m[1mupdate_scripts_classes[22m | OperaRacerSurface[39m[0m
[  38% ] [90m[1mupdate_scripts_classes[22m | OperaRoshanActor[39m[0m
[  39% ] [90m[1mupdate_scripts_classes[22m | OperaStagePaths[39m[0m
[  39% ] [90m[1mupdate_scripts_classes[22m | OperaTeacherSurface[39m[0m
[  39% ] [90m[1mupdate_scripts_classes[22m | OperaWorldBackdrop2D[39m[0m
[  40% ] [90m[1mupdate_scripts_classes[22m | OperaWorldHotspot2D[39m[0m
[  40% ] [90m[1mupdate_scripts_classes[22m | PartnerAssist[39m[0m
[  41% ] [90m[1mupdate_scripts_classes[22m | PauseMenu[39m[0m
[  41% ] [90m[1mupdate_scripts_classes[22m | ReefPhysics[39m[0m
[  41% ] [90m[1mupdate_scripts_classes[22m | [39m[0m
[  42% ] [90m[1mupdate_scripts_classes[22m | [39m[0m
[  42% ] [90m[1mupdate_scripts_classes[22m | [39m[0m
[  42% ] [90m[1mupdate_scripts_classes[22m | [39m[0m
[  43% ] [90m[1mupdate_scripts_classes[22m | [39m[0m
[  43% ] [90m[1mupdate_scripts_classes[22m | [39m[0m
[  44% ] [90m[1mupdate_scripts_classes[22m | [39m[0m
[  44% ] [90m[1mupdate_scripts_classes[22m | [39m[0m
[  44% ] [90m[1mupdate_scripts_classes[22m | [39m[0m
[  45% ] [90m[1mupdate_scripts_classes[22m | [39m[0m
[  45% ] [90m[1mupdate_scripts_classes[22m | [39m[0m
[  46% ] [90m[1mupdate_scripts_classes[22m | [39m[0m
[  46% ] [90m[1mupdate_scripts_classes[22m | [39m[0m
[  46% ] [90m[1mupdate_scripts_classes[22m | [39m[0m
[  47% ] [90m[1mupdate_scripts_classes[22m | [39m[0m
[  47% ] [90m[1mupdate_scripts_classes[22m | [39m[0m
[  47% ] [90m[1mupdate_scripts_classes[22m | [39m[0m
[  48% ] [90m[1mupdate_scripts_classes[22m | [39m[0m
[  48% ] [90m[1mupdate_scripts_classes[22m | [39m[0m
[  49% ] [90m[1mupdate_scripts_classes[22m | [39m[0m
[  49% ] [90m[1mupdate_scripts_classes[22m | [39m[0m
[  49% ] [90m[1mupdate_scripts_classes[22m | [39m[0m
[  50% ] [90m[1mupdate_scripts_classes[22m | [39m[0m
[  50% ] [90m[1mupdate_scripts_classes[22m | [39m[0m
[  50% ] [90m[1mupdate_scripts_classes[22m | [39m[0m
[  51% ] [90m[1mupdate_scripts_classes[22m | [39m[0m
[  51% ] [90m[1mupdate_scripts_classes[22m | [39m[0m
[  52% ] [90m[1mupdate_scripts_classes[22m | [39m[0m
[  52% ] [90m[1mupdate_scripts_classes[22m | [39m[0m
[  52% ] [90m[1mupdate_scripts_classes[22m | [39m[0m
[  53% ] [90m[1mupdate_scripts_classes[22m | [39m[0m
[  53% ] [90m[1mupdate_scripts_classes[22m | [39m[0m
[  53% ] [90m[1mupdate_scripts_classes[22m | [39m[0m
[  54% ] [90m[1mupdate_scripts_classes[22m | [39m[0m
[  54% ] [90m[1mupdate_scripts_classes[22m | [39m[0m
[  55% ] [90m[1mupdate_scripts_classes[22m | [39m[0m
[  55% ] [90m[1mupdate_scripts_classes[22m | [39m[0m
[  55% ] [90m[1mupdate_scripts_classes[22m | [39m[0m
[  56% ] [90m[1mupdate_scripts_classes[22m | [39m[0m
[  56% ] [90m[1mupdate_scripts_classes[22m | [39m[0m
[  57% ] [90m[1mupdate_scripts_classes[22m | [39m[0m
[  57% ] [90m[1mupdate_scripts_classes[22m | [39m[0m
[  57% ] [90m[1mupdate_scripts_classes[22m | [39m[0m
[  58% ] [90m[1mupdate_scripts_classes[22m | [39m[0m
[  58% ] [90m[1mupdate_scripts_classes[22m | [39m[0m
[  58% ] [90m[1mupdate_scripts_classes[22m | [39m[0m
[  59% ] [90m[1mupdate_scripts_classes[22m | [39m[0m
[  59% ] [90m[1mupdate_scripts_classes[22m | [39m[0m
[  60% ] [90m[1mupdate_scripts_classes[22m | [39m[0m
[  60% ] [90m[1mupdate_scripts_classes[22m | [39m[0m
[  60% ] [90m[1mupdate_scripts_classes[22m | [39m[0m
[  61% ] [90m[1mupdate_scripts_classes[22m | [39m[0m
[  61% ] [90m[1mupdate_scripts_classes[22m | [39m[0m
[  61% ] [90m[1mupdate_scripts_classes[22m | [39m[0m
[  62% ] [90m[1mupdate_scripts_classes[22m | [39m[0m
[  62% ] [90m[1mupdate_scripts_classes[22m | [39m[0m
[  63% ] [90m[1mupdate_scripts_classes[22m | [39m[0m
[  63% ] [90m[1mupdate_scripts_classes[22m | [39m[0m
[  63% ] [90m[1mupdate_scripts_classes[22m | [39m[0m
[  64% ] [90m[1mupdate_scripts_classes[22m | [39m[0m
[  64% ] [90m[1mupdate_scripts_classes[22m | [39m[0m
[  65% ] [90m[1mupdate_scripts_classes[22m | [39m[0m
[  65% ] [90m[1mupdate_scripts_classes[22m | [39m[0m
[  65% ] [90m[1mupdate_scripts_classes[22m | [39m[0m
[  66% ] [90m[1mupdate_scripts_classes[22m | [39m[0m
[  66% ] [90m[1mupdate_scripts_classes[22m | [39m[0m
[  66% ] [90m[1mupdate_scripts_classes[22m | [39m[0m
[  67% ] [90m[1mupdate_scripts_classes[22m | [39m[0m
[  67% ] [90m[1mupdate_scripts_classes[22m | [39m[0m
[  68% ] [90m[1mupdate_scripts_classes[22m | [39m[0m
[  68% ] [90m[1mupdate_scripts_classes[22m | [39m[0m
[  68% ] [90m[1mupdate_scripts_classes[22m | [39m[0m
[  69% ] [90m[1mupdate_scripts_classes[22m | [39m[0m
[  69% ] [90m[1mupdate_scripts_classes[22m | [39m[0m
[  69% ] [90m[1mupdate_scripts_classes[22m | [39m[0m
[  70% ] [90m[1mupdate_scripts_classes[22m | [39m[0m
[  70% ] [90m[1mupdate_scripts_classes[22m | [39m[0m
[  71% ] [90m[1mupdate_scripts_classes[22m | [39m[0m
[  71% ] [90m[1mupdate_scripts_classes[22m | [39m[0m
[  71% ] [90m[1mupdate_scripts_classes[22m | [39m[0m
[  72% ] [90m[1mupdate_scripts_classes[22m | [39m[0m
[  72% ] [90m[1mupdate_scripts_classes[22m | [39m[0m
[  73% ] [90m[1mupdate_scripts_classes[22m | [39m[0m
[  73% ] [90m[1mupdate_scripts_classes[22m | [39m[0m
[  73% ] [90m[1mupdate_scripts_classes[22m | [39m[0m
[  74% ] [90m[1mupdate_scripts_classes[22m | [39m[0m
[  74% ] [90m[1mupdate_scripts_classes[22m | [39m[0m
[  74% ] [90m[1mupdate_scripts_classes[22m | [39m[0m
[  75% ] [90m[1mupdate_scripts_classes[22m | [39m[0m
[  75% ] [90m[1mupdate_scripts_classes[22m | [39m[0m
[  76% ] [90m[1mupdate_scripts_classes[22m | [39m[0m
[  76% ] [90m[1mupdate_scripts_classes[22m | [39m[0m
[  76% ] [90m[1mupdate_scripts_classes[22m | [39m[0m
[  77% ] [90m[1mupdate_scripts_classes[22m | [39m[0m
[  77% ] [90m[1mupdate_scripts_classes[22m | [39m[0m
[  77% ] [90m[1mupdate_scripts_classes[22m | [39m[0m
[  78% ] [90m[1mupdate_scripts_classes[22m | [39m[0m
[  78% ] [90m[1mupdate_scripts_classes[22m | [39m[0m
[  79% ] [90m[1mupdate_scripts_classes[22m | [39m[0m
[  79% ] [90m[1mupdate_scripts_classes[22m | [39m[0m
[  79% ] [90m[1mupdate_scripts_classes[22m | [39m[0m
[  80% ] [90m[1mupdate_scripts_classes[22m | [39m[0m
[  80% ] [90m[1mupdate_scripts_classes[22m | [39m[0m
[  80% ] [90m[1mupdate_scripts_classes[22m | [39m[0m
[  81% ] [90m[1mupdate_scripts_classes[22m | [39m[0m
[  81% ] [90m[1mupdate_scripts_classes[22m | [39m[0m
[  82% ] [90m[1mupdate_scripts_classes[22m | [39m[0m
[  82% ] [90m[1mupdate_scripts_classes[22m | [39m[0m
[  82% ] [90m[1mupdate_scripts_classes[22m | [39m[0m
[  83% ] [90m[1mupdate_scripts_classes[22m | [39m[0m
[  83% ] [90m[1mupdate_scripts_classes[22m | [39m[0m
[  84% ] [90m[1mupdate_scripts_classes[22m | [39m[0m
[  84% ] [90m[1mupdate_scripts_classes[22m | [39m[0m
[  84% ] [90m[1mupdate_scripts_classes[22m | [39m[0m
[  85% ] [90m[1mupdate_scripts_classes[22m | [39m[0m
[  85% ] [90m[1mupdate_scripts_classes[22m | [39m[0m
[  85% ] [90m[1mupdate_scripts_classes[22m | [39m[0m
[  86% ] [90m[1mupdate_scripts_classes[22m | [39m[0m
[  86% ] [90m[1mupdate_scripts_classes[22m | [39m[0m
[  87% ] [90m[1mupdate_scripts_classes[22m | [39m[0m
[  87% ] [90m[1mupdate_scripts_classes[22m | [39m[0m
[  87% ] [90m[1mupdate_scripts_classes[22m | [39m[0m
[  88% ] [90m[1mupdate_scripts_classes[22m | [39m[0m
[  88% ] [90m[1mupdate_scripts_classes[22m | [39m[0m
[  88% ] [90m[1mupdate_scripts_classes[22m | [39m[0m
[  89% ] [90m[1mupdate_scripts_classes[22m | [39m[0m
[  89% ] [90m[1mupdate_scripts_classes[22m | [39m[0m
[  90% ] [90m[1mupdate_scripts_classes[22m | [39m[0m
[  90% ] [90m[1mupdate_scripts_classes[22m | [39m[0m
[  90% ] [90m[1mupdate_scripts_classes[22m | [39m[0m
[  91% ] [90m[1mupdate_scripts_classes[22m | [39m[0m
[  91% ] [90m[1mupdate_scripts_classes[22m | [39m[0m
[  92% ] [90m[1mupdate_scripts_classes[22m | [39m[0m
[  92% ] [90m[1mupdate_scripts_classes[22m | [39m[0m
[  92% ] [90m[1mupdate_scripts_classes[22m | [39m[0m
[  93% ] [90m[1mupdate_scripts_classes[22m | [39m[0m
[  93% ] [90m[1mupdate_scripts_classes[22m | ReefDistricts[39m[0m
[  93% ] [90m[1mupdate_scripts_classes[22m | ReefFlow[39m[0m
[  94% ] [90m[1mupdate_scripts_classes[22m | RoshanSpriteAnchors[39m[0m
[  94% ] [90m[1mupdate_scripts_classes[22m | RoshanSpriteFrames[39m[0m
[  95% ] [90m[1mupdate_scripts_classes[22m | RoshanSpriteLoop[39m[0m
[  95% ] [90m[1mupdate_scripts_classes[22m | SaveState[39m[0m
[  95% ] [90m[1mupdate_scripts_classes[22m | ShellOrnament[39m[0m
[  96% ] [90m[1mupdate_scripts_classes[22m | SpriteTransition2D[39m[0m
[  96% ] [90m[1mupdate_scripts_classes[22m | StartMenu[39m[0m
[  96% ] [90m[1mupdate_scripts_classes[22m | StorybookUI[39m[0m
[  97% ] [90m[1mupdate_scripts_classes[22m | [39m[0m
[  97% ] [90m[1mupdate_scripts_classes[22m | StuffieBattle[39m[0m
[  98% ] [90m[1mupdate_scripts_classes[22m | TapMoveDirector[39m[0m
[  98% ] [90m[1mupdate_scripts_classes[22m | TeacherLessonPlan[39m[0m
[  98% ] [90m[1mupdate_scripts_classes[22m | [39m[0m
[  99% ] [90m[1mupdate_scripts_classes[22m | WardrobeUI[39m[0m
[92m[ DONE ][39m [1mupdate_scripts_classes[22m
[0m
[   0% ] [90m[1m_update_scan_actions[22m | Started Scanning actions... (2387 steps)[39m[0m
[   0% ] [90m[1m_update_scan_actions[22m | Rock2_nano_cliff_Rock2_1.png[39m[0m
[   0% ] [90m[1m_update_scan_actions[22m | ClownFish_Image_0.jpg[39m[0m
[   0% ] [90m[1m_update_scan_actions[22m | ClownFish_normal.png[39m[0m
[   0% ] [90m[1m_update_scan_actions[22m | Crab_Image_0.jpg[39m[0m
[   0% ] [90m[1m_update_scan_actions[22m | Crab_normal.png[39m[0m
[   0% ] [90m[1m_update_scan_actions[22m | Dolphin_Image_0.jpg[39m[0m
[   0% ] [90m[1m_update_scan_actions[22m | Dolphin_normal.png[39m[0m
[   0% ] [90m[1m_update_scan_actions[22m | Hammerhead_Image_0.jpg[39m[0m
[   0% ] [90m[1m_update_scan_actions[22m | Hammerhead_normal.png[39m[0m
[   0% ] [90m[1m_update_scan_actions[22m | Lobster_Image_0.jpg[39m[0m
[   0% ] [90m[1m_update_scan_actions[22m | Lobster_normal.png[39m[0m
[   0% ] [90m[1m_update_scan_actions[22m | Octopus_Image_0.jpg[39m[0m
[   0% ] [90m[1m_update_scan_actions[22m | Octopus_normal.png[39m[0m
[   0% ] [90m[1m_update_scan_actions[22m | Shark_Image_0.jpg[39m[0m
[   0% ] [90m[1m_update_scan_actions[22m | Shark_normal.png[39m[0m
[   0% ] [90m[1m_update_scan_actions[22m | Squid_Image_0.jpg[39m[0m
[   0% ] [90m[1m_update_scan_actions[22m | Squid_normal.png[39m[0m
[   0% ] [90m[1m_update_scan_actions[22m | StingRay_Image_0.jpg[39m[0m
[   0% ] [90m[1m_update_scan_actions[22m | StingRay_normal.png[39m[0m
[   0% ] [90m[1m_update_scan_actions[22m | Turtle_Image_0.jpg[39m[0m
[   0% ] [90m[1m_update_scan_actions[22m | Turtle_normal.png[39m[0m
[   0% ] [90m[1m_update_scan_actions[22m | Whale_Image_0.jpg[39m[0m
[   0% ] [90m[1m_update_scan_actions[22m | Whale_normal.png[39m[0m
[   0% ] [90m[1m_update_scan_actions[22m | butterfly1_butterfly1.png[39m[0m
[   1% ] [90m[1m_update_scan_actions[22m | butterfly2_butterfly2.png[39m[0m
[   1% ] [90m[1m_update_scan_actions[22m | clownfish_side_clownfish_side.png[39m[0m
[   1% ] [90m[1m_update_scan_actions[22m | coral1_Image_0_flat_coral1_Image_0_flat.png[39m[0m
[   1% ] [90m[1m_update_scan_actions[22m | coral2_Image_0_flat_coral2_Image_0_flat.png[39m[0m
[   1% ] [90m[1m_update_scan_actions[22m | coral3_Image_0_flat_coral3_Image_0_flat.png[39m[0m
[   1% ] [90m[1m_update_scan_actions[22m | coral4_Image_0_flat_coral4_Image_0_flat.png[39m[0m
[   1% ] [90m[1m_update_scan_actions[22m | coral5_Image_0_flat_coral5_Image_0_flat.png[39m[0m
[   1% ] [90m[1m_update_scan_actions[22m | coral6_Image_0_flat_coral6_Image_0_flat.png[39m[0m
[   1% ] [90m[1m_update_scan_actions[22m | coral_Image_0_flat_coral_Image_0_flat.png[39m[0m
[   1% ] [90m[1m_update_scan_actions[22m | craft_birdie_mask_craft_birdie_mask.png[39m[0m
[   1% ] [90m[1m_update_scan_actions[22m | craft_kitty_mask_craft_kitty_mask.png[39m[0m
[   1% ] [90m[1m_update_scan_actions[22m | fanshell_Image_0_flat_fanshell_Image_0_flat.png[39m[0m
[   1% ] [90m[1m_update_scan_actions[22m | grasstuft_grasstuft.png[39m[0m
[   1% ] [90m[1m_update_scan_actions[22m | kelp_kelp.png[39m[0m
[   1% ] [90m[1m_update_scan_actions[22m | play_horse_Image_0_flat_play_horse_Image_0_flat.png[39m[0m
[   1% ] [90m[1m_update_scan_actions[22m | play_merry_Image_0_flat_play_merry_Image_0_flat.png[39m[0m
[   1% ] [90m[1m_update_scan_actions[22m | play_sandbox_Image_0_flat_play_sandbox_Image_0_flat.png[39m[0m
[   1% ] [90m[1m_update_scan_actions[22m | play_seesaw_Image_0_flat_play_seesaw_Image_0_flat.png[39m[0m
[   1% ] [90m[1m_update_scan_actions[22m | play_slide_Image_0_flat_play_slide_Image_0_flat.png[39m[0m
[   1% ] [90m[1m_update_scan_actions[22m | play_swing_Image_0_flat_play_swing_Image_0_flat.png[39m[0m
[   1% ] [90m[1m_update_scan_actions[22m | rock1_Image_0_flat_rock1_Image_0_flat.png[39m[0m
[   1% ] [90m[1m_update_scan_actions[22m | rock2_Image_0_flat_rock2_Image_0_flat.png[39m[0m
[   1% ] [90m[1m_update_scan_actions[22m | rock3_Image_0_flat_rock3_Image_0_flat.png[39m[0m
[   1% ] [90m[1m_update_scan_actions[22m | rock4_Image_0_flat_rock4_Image_0_flat.png[39m[0m
[   2% ] [90m[1m_update_scan_actions[22m | rock5_Image_0_flat_rock5_Image_0_flat.png[39m[0m
[   2% ] [90m[1m_update_scan_actions[22m | rock_Image_0_flat_rock_Image_0_flat.png[39m[0m
[   2% ] [90m[1m_update_scan_actions[22m | rock_largea_Image_0_flat_rock_largea_Image_0_flat.png[39m[0m
[   2% ] [90m[1m_update_scan_actions[22m | sanddollar_Image_0_flat_sanddollar_Image_0_flat.png[39m[0m
[   2% ] [90m[1m_update_scan_actions[22m | seagrass_seagrass.png[39m[0m
[   2% ] [90m[1m_update_scan_actions[22m | smallfanshell_Image_0_flat_smallfanshell_Image_0_flat.png[39m[0m
[   2% ] [90m[1m_update_scan_actions[22m | spiralshell_Image_0_flat_spiralshell_Image_0_flat.png[39m[0m
[   2% ] [90m[1m_update_scan_actions[22m | sponge_barrel_Image_0_flat_sponge_barrel_Image_0_flat.png[39m[0m
[   2% ] [90m[1m_update_scan_actions[22m | sponge_tubes_Image_0_flat_sponge_tubes_Image_0_flat.png[39m[0m
[   2% ] [90m[1m_update_scan_actions[22m | starfish_decal_starfish_decal.png[39m[0m
[   2% ] [90m[1m_update_scan_actions[22m | starfish_Image_0_flat_starfish_Image_0_flat.png[39m[0m
[   2% ] [90m[1m_update_scan_actions[22m | tree_fall2_Image_0_flat_tree_fall2_Image_0_flat.png[39m[0m
[   2% ] [90m[1m_update_scan_actions[22m | tree_fall_Image_0_flat_tree_fall_Image_0_flat.png[39m[0m
[   2% ] [90m[1m_update_scan_actions[22m | tree_fat_Image_0_flat_tree_fat_Image_0_flat.png[39m[0m
[   2% ] [90m[1m_update_scan_actions[22m | tree_palm_Image_0_flat_tree_palm_Image_0_flat.png[39m[0m
[   2% ] [90m[1m_update_scan_actions[22m | tree_pineroundf_Image_0_lift_flat_tree_pineroundf_Image_0_lift_flat.png[39m[0m
[   2% ] [90m[1m_update_scan_actions[22m | bird_accent_bird_accent.png[39m[0m
[   2% ] [90m[1m_update_scan_actions[22m | bird_body_bird_body.png[39m[0m
[   2% ] [90m[1m_update_scan_actions[22m | bird_line_bird_line.png[39m[0m
[   2% ] [90m[1m_update_scan_actions[22m | butterfly_butterfly.png[39m[0m
[   2% ] [90m[1m_update_scan_actions[22m | carrot_carrot.png[39m[0m
[   2% ] [90m[1m_update_scan_actions[22m | cat_accent_cat_accent.png[39m[0m
[   2% ] [90m[1m_update_scan_actions[22m | cat_body_cat_body.png[39m[0m
[   2% ] [90m[1m_update_scan_actions[22m | cat_line_cat_line.png[39m[0m
[   3% ] [90m[1m_update_scan_actions[22m | coal_coal.png[39m[0m
[   3% ] [90m[1m_update_scan_actions[22m | fish_body_fish_body.png[39m[0m
[   3% ] [90m[1m_update_scan_actions[22m | fish_fins_fish_fins.png[39m[0m
[   3% ] [90m[1m_update_scan_actions[22m | fish_line_fish_line.png[39m[0m
[   3% ] [90m[1m_update_scan_actions[22m | flower2_flower2.png[39m[0m
[   3% ] [90m[1m_update_scan_actions[22m | flower3_flower3.png[39m[0m
[   3% ] [90m[1m_update_scan_actions[22m | flower4_flower4.png[39m[0m
[   3% ] [90m[1m_update_scan_actions[22m | flower_flower.png[39m[0m
[   3% ] [90m[1m_update_scan_actions[22m | k_bush2_k_bush2.png[39m[0m
[   3% ] [90m[1m_update_scan_actions[22m | k_bush_k_bush.png[39m[0m
[   3% ] [90m[1m_update_scan_actions[22m | k_flower1_k_flower1.png[39m[0m
[   3% ] [90m[1m_update_scan_actions[22m | k_flower2_k_flower2.png[39m[0m
[   3% ] [90m[1m_update_scan_actions[22m | k_pine_k_pine.png[39m[0m
[   3% ] [90m[1m_update_scan_actions[22m | k_sprout_k_sprout.png[39m[0m
[   3% ] [90m[1m_update_scan_actions[22m | k_xmastree_k_xmastree.png[39m[0m
[   3% ] [90m[1m_update_scan_actions[22m | orn1_orn1.png[39m[0m
[   3% ] [90m[1m_update_scan_actions[22m | orn2_orn2.png[39m[0m
[   3% ] [90m[1m_update_scan_actions[22m | orn3_orn3.png[39m[0m
[   3% ] [90m[1m_update_scan_actions[22m | orn4_orn4.png[39m[0m
[   3% ] [90m[1m_update_scan_actions[22m | orn5_orn5.png[39m[0m
[   3% ] [90m[1m_update_scan_actions[22m | rainbow_swatch_rainbow_swatch.png[39m[0m
[   3% ] [90m[1m_update_scan_actions[22m | seed_seed.png[39m[0m
[   3% ] [90m[1m_update_scan_actions[22m | snowman_snowman.png[39m[0m
[   3% ] [90m[1m_update_scan_actions[22m | sprout_sprout.png[39m[0m
[   4% ] [90m[1m_update_scan_actions[22m | star_star.png[39m[0m
[   4% ] [90m[1m_update_scan_actions[22m | sun_sun.png[39m[0m
[   4% ] [90m[1m_update_scan_actions[22m | tree_tree.png[39m[0m
[   4% ] [90m[1m_update_scan_actions[22m | wateringcan_wateringcan.png[39m[0m
[   4% ] [90m[1m_update_scan_actions[22m | xtree_xtree.png[39m[0m
[   4% ] [90m[1m_update_scan_actions[22m | crystal_facet_crystal_facet.png[39m[0m
[   4% ] [90m[1m_update_scan_actions[22m | fruit_apple_fruit_apple.png[39m[0m
[   4% ] [90m[1m_update_scan_actions[22m | fruit_banana_fruit_banana.png[39m[0m
[   4% ] [90m[1m_update_scan_actions[22m | fruit_melon_fruit_melon.png[39m[0m
[   4% ] [90m[1m_update_scan_actions[22m | fruit_orange_fruit_orange.png[39m[0m
[   4% ] [90m[1m_update_scan_actions[22m | leaf_broad_leaf_broad.png[39m[0m
[   4% ] [90m[1m_update_scan_actions[22m | leaf_fern_leaf_fern.png[39m[0m
[   4% ] [90m[1m_update_scan_actions[22m | shipwood_shipwood.png[39m[0m
[   4% ] [90m[1m_update_scan_actions[22m | bubble_water.ogg[39m[0m
[   4% ] [90m[1m_update_scan_actions[22m | craft_brush.ogg[39m[0m
[   4% ] [90m[1m_update_scan_actions[22m | curtain_swish.ogg[39m[0m
[   4% ] [90m[1m_update_scan_actions[22m | duck_squeak.ogg[39m[0m
[   4% ] [90m[1m_update_scan_actions[22m | faucet_water.ogg[39m[0m
[   4% ] [90m[1m_update_scan_actions[22m | fridge_close.ogg[39m[0m
[   4% ] [90m[1m_update_scan_actions[22m | fridge_door.ogg[39m[0m
[   4% ] [90m[1m_update_scan_actions[22m | fridge_open.ogg[39m[0m
[   4% ] [90m[1m_update_scan_actions[22m | light_switch.ogg[39m[0m
[   4% ] [90m[1m_update_scan_actions[22m | oven_door.ogg[39m[0m
[   4% ] [90m[1m_update_scan_actions[22m | page_flip.ogg[39m[0m
[   5% ] [90m[1m_update_scan_actions[22m | pan_clang.ogg[39m[0m
[   5% ] [90m[1m_update_scan_actions[22m | ribbon_roll.ogg[39m[0m
[   5% ] [90m[1m_update_scan_actions[22m | toilet_flush.ogg[39m[0m
[   5% ] [90m[1m_update_scan_actions[22m | toy_blocks.ogg[39m[0m
[   5% ] [90m[1m_update_scan_actions[22m | banjo.ogg[39m[0m
[   5% ] [90m[1m_update_scan_actions[22m | castle_bubble_bath.ogg[39m[0m
[   5% ] [90m[1m_update_scan_actions[22m | castle_craft_room.ogg[39m[0m
[   5% ] [90m[1m_update_scan_actions[22m | castle_dining_room.ogg[39m[0m
[   5% ] [90m[1m_update_scan_actions[22m | castle_family_gallery.ogg[39m[0m
[   5% ] [90m[1m_update_scan_actions[22m | castle_kitchen.ogg[39m[0m
[   5% ] [90m[1m_update_scan_actions[22m | castle_library.ogg[39m[0m
[   5% ] [90m[1m_update_scan_actions[22m | castle_mermaid_pool.ogg[39m[0m
[   5% ] [90m[1m_update_scan_actions[22m | castle_movie_lounge.ogg[39m[0m
[   5% ] [90m[1m_update_scan_actions[22m | castle_open.ogg[39m[0m
[   5% ] [90m[1m_update_scan_actions[22m | castle_opera_hall.ogg[39m[0m
[   5% ] [90m[1m_update_scan_actions[22m | castle_playroom.ogg[39m[0m
[   5% ] [90m[1m_update_scan_actions[22m | castle_royal_bedroom.ogg[39m[0m
[   5% ] [90m[1m_update_scan_actions[22m | castle_sleepover_bedroom.ogg[39m[0m
[   5% ] [90m[1m_update_scan_actions[22m | combat_fire.ogg[39m[0m
[   5% ] [90m[1m_update_scan_actions[22m | combat_ice.ogg[39m[0m
[   5% ] [90m[1m_update_scan_actions[22m | combat_tutorial.ogg[39m[0m
[   5% ] [90m[1m_update_scan_actions[22m | dolls.ogg[39m[0m
[   5% ] [90m[1m_update_scan_actions[22m | dungeon_ember.ogg[39m[0m
[   5% ] [90m[1m_update_scan_actions[22m | dungeon_ice.ogg[39m[0m
[   6% ] [90m[1m_update_scan_actions[22m | dustboss.ogg[39m[0m
[   6% ] [90m[1m_update_scan_actions[22m | ember.ogg[39m[0m
[   6% ] [90m[1m_update_scan_actions[22m | fetch.ogg[39m[0m
[   6% ] [90m[1m_update_scan_actions[22m | finale.ogg[39m[0m
[   6% ] [90m[1m_update_scan_actions[22m | galaxy.ogg[39m[0m
[   6% ] [90m[1m_update_scan_actions[22m | hall.ogg[39m[0m
[   6% ] [90m[1m_update_scan_actions[22m | home.ogg[39m[0m
[   6% ] [90m[1m_update_scan_actions[22m | level2.ogg[39m[0m
[   6% ] [90m[1m_update_scan_actions[22m | melody.ogg[39m[0m
[   6% ] [90m[1m_update_scan_actions[22m | northern.ogg[39m[0m
[   6% ] [90m[1m_update_scan_actions[22m | opera_astronaut.ogg[39m[0m
[   6% ] [90m[1m_update_scan_actions[22m | opera_ballerina.ogg[39m[0m
[   6% ] [90m[1m_update_scan_actions[22m | opera_boss_dragon.ogg[39m[0m
[   6% ] [90m[1m_update_scan_actions[22m | opera_boss_maestro.ogg[39m[0m
[   6% ] [90m[1m_update_scan_actions[22m | opera_boss_phantom.ogg[39m[0m
[   6% ] [90m[1m_update_scan_actions[22m | opera_boxer.ogg[39m[0m
[   6% ] [90m[1m_update_scan_actions[22m | opera_candymaker.ogg[39m[0m
[   6% ] [90m[1m_update_scan_actions[22m | opera_chef.ogg[39m[0m
[   6% ] [90m[1m_update_scan_actions[22m | opera_detective.ogg[39m[0m
[   6% ] [90m[1m_update_scan_actions[22m | opera_doctor.ogg[39m[0m
[   6% ] [90m[1m_update_scan_actions[22m | opera_farmer.ogg[39m[0m
[   6% ] [90m[1m_update_scan_actions[22m | opera_geologist.ogg[39m[0m
[   6% ] [90m[1m_update_scan_actions[22m | opera_lobby.ogg[39m[0m
[   6% ] [90m[1m_update_scan_actions[22m | opera_magician.ogg[39m[0m
[   7% ] [90m[1m_update_scan_actions[22m | opera_nursery.ogg[39m[0m
[   7% ] [90m[1m_update_scan_actions[22m | opera_painter.ogg[39m[0m
[   7% ] [90m[1m_update_scan_actions[22m | opera_popstar.ogg[39m[0m
[   7% ] [90m[1m_update_scan_actions[22m | opera_racer.ogg[39m[0m
[   7% ] [90m[1m_update_scan_actions[22m | picture_garden.ogg[39m[0m
[   7% ] [90m[1m_update_scan_actions[22m | picture_snowman.ogg[39m[0m
[   7% ] [90m[1m_update_scan_actions[22m | picture_trampoline.ogg[39m[0m
[   7% ] [90m[1m_update_scan_actions[22m | picture_xmas.ogg[39m[0m
[   7% ] [90m[1m_update_scan_actions[22m | race.ogg[39m[0m
[   7% ] [90m[1m_update_scan_actions[22m | seek.ogg[39m[0m
[   7% ] [90m[1m_update_scan_actions[22m | shop.ogg[39m[0m
[   7% ] [90m[1m_update_scan_actions[22m | stuffie_battle.ogg[39m[0m
[   7% ] [90m[1m_update_scan_actions[22m | treasure.ogg[39m[0m
[   7% ] [90m[1m_update_scan_actions[22m | world.ogg[39m[0m
[   7% ] [90m[1m_update_scan_actions[22m | world_night.ogg[39m[0m
[   7% ] [90m[1m_update_scan_actions[22m | combat_bonk.wav[39m[0m
[   7% ] [90m[1m_update_scan_actions[22m | combat_charge_ring.wav[39m[0m
[   7% ] [90m[1m_update_scan_actions[22m | combat_fizzle.wav[39m[0m
[   7% ] [90m[1m_update_scan_actions[22m | combat_freeze.wav[39m[0m
[   7% ] [90m[1m_update_scan_actions[22m | combat_poof.wav[39m[0m
[   7% ] [90m[1m_update_scan_actions[22m | combat_pop.wav[39m[0m
[   7% ] [90m[1m_update_scan_actions[22m | roshan_teacher_start.ogg[39m[0m
[   7% ] [90m[1m_update_scan_actions[22m | teacher_add.ogg[39m[0m
[   7% ] [90m[1m_update_scan_actions[22m | teacher_choose.ogg[39m[0m
[   8% ] [90m[1m_update_scan_actions[22m | teacher_count.ogg[39m[0m
[   8% ] [90m[1m_update_scan_actions[22m | teacher_help.ogg[39m[0m
[   8% ] [90m[1m_update_scan_actions[22m | teacher_match.ogg[39m[0m
[   8% ] [90m[1m_update_scan_actions[22m | teacher_number_1.ogg[39m[0m
[   8% ] [90m[1m_update_scan_actions[22m | teacher_number_2.ogg[39m[0m
[   8% ] [90m[1m_update_scan_actions[22m | teacher_number_3.ogg[39m[0m
[   8% ] [90m[1m_update_scan_actions[22m | teacher_number_4.ogg[39m[0m
[   8% ] [90m[1m_update_scan_actions[22m | teacher_number_5.ogg[39m[0m
[   8% ] [90m[1m_update_scan_actions[22m | teacher_number_6.ogg[39m[0m
[   8% ] [90m[1m_update_scan_actions[22m | teacher_number_7.ogg[39m[0m
[   8% ] [90m[1m_update_scan_actions[22m | teacher_number_8.ogg[39m[0m
[   8% ] [90m[1m_update_scan_actions[22m | teacher_number_9.ogg[39m[0m
[   8% ] [90m[1m_update_scan_actions[22m | teacher_number_10.ogg[39m[0m
[   8% ] [90m[1m_update_scan_actions[22m | teacher_pattern.ogg[39m[0m
[   8% ] [90m[1m_update_scan_actions[22m | daddy_assist_ready.ogg[39m[0m
[   8% ] [90m[1m_update_scan_actions[22m | daddy_dance_talk.ogg[39m[0m
[   8% ] [90m[1m_update_scan_actions[22m | daddy_dance_win.ogg[39m[0m
[   8% ] [90m[1m_update_scan_actions[22m | daddy_hide_seek_found.ogg[39m[0m
[   8% ] [90m[1m_update_scan_actions[22m | daddy_hide_seek_start.ogg[39m[0m
[   8% ] [90m[1m_update_scan_actions[22m | daddy_hide_seek_visit.ogg[39m[0m
[   8% ] [90m[1m_update_scan_actions[22m | everyone.ogg[39m[0m
[   8% ] [90m[1m_update_scan_actions[22m | evie.ogg[39m[0m
[   8% ] [90m[1m_update_scan_actions[22m | evie_fail.ogg[39m[0m
[   9% ] [90m[1m_update_scan_actions[22m | evie_win.ogg[39m[0m
[   9% ] [90m[1m_update_scan_actions[22m | harper.ogg[39m[0m
[   9% ] [90m[1m_update_scan_actions[22m | harper_hint.ogg[39m[0m
[   9% ] [90m[1m_update_scan_actions[22m | harper_win.ogg[39m[0m
[   9% ] [90m[1m_update_scan_actions[22m | huluu.ogg[39m[0m
[   9% ] [90m[1m_update_scan_actions[22m | huluu_greet.ogg[39m[0m
[   9% ] [90m[1m_update_scan_actions[22m | huluu_hero.ogg[39m[0m
[   9% ] [90m[1m_update_scan_actions[22m | huluu_intro.ogg[39m[0m
[   9% ] [90m[1m_update_scan_actions[22m | huluu_talk.ogg[39m[0m
[   9% ] [90m[1m_update_scan_actions[22m | huluu_thanks.ogg[39m[0m
[   9% ] [90m[1m_update_scan_actions[22m | huluu_win.ogg[39m[0m
[   9% ] [90m[1m_update_scan_actions[22m | imp_op_astronaut_arrive.ogg[39m[0m
[   9% ] [90m[1m_update_scan_actions[22m | imp_op_astronaut_bop.ogg[39m[0m
[   9% ] [90m[1m_update_scan_actions[22m | imp_op_astronaut_copy.ogg[39m[0m
[   9% ] [90m[1m_update_scan_actions[22m | imp_op_astronaut_steal.ogg[39m[0m
[   9% ] [90m[1m_update_scan_actions[22m | imp_op_ballerina_arrive.ogg[39m[0m
[   9% ] [90m[1m_update_scan_actions[22m | imp_op_ballerina_bop.ogg[39m[0m
[   9% ] [90m[1m_update_scan_actions[22m | imp_op_ballerina_copy.ogg[39m[0m
[   9% ] [90m[1m_update_scan_actions[22m | imp_op_ballerina_steal.ogg[39m[0m
[   9% ] [90m[1m_update_scan_actions[22m | imp_op_boxer_arrive.ogg[39m[0m
[   9% ] [90m[1m_update_scan_actions[22m | imp_op_boxer_bop.ogg[39m[0m
[   9% ] [90m[1m_update_scan_actions[22m | imp_op_boxer_copy.ogg[39m[0m
[   9% ] [90m[1m_update_scan_actions[22m | imp_op_boxer_steal.ogg[39m[0m
[   9% ] [90m[1m_update_scan_actions[22m | imp_op_candymaker_arrive.ogg[39m[0m
[  10% ] [90m[1m_update_scan_actions[22m | imp_op_candymaker_bop.ogg[39m[0m
[  10% ] [90m[1m_update_scan_actions[22m | imp_op_candymaker_copy.ogg[39m[0m
[  10% ] [90m[1m_update_scan_actions[22m | imp_op_candymaker_steal.ogg[39m[0m
[  10% ] [90m[1m_update_scan_actions[22m | imp_op_captain_intro.ogg[39m[0m
[  10% ] [90m[1m_update_scan_actions[22m | imp_op_captain_rally.ogg[39m[0m
[  10% ] [90m[1m_update_scan_actions[22m | imp_op_chef_arrive.ogg[39m[0m
[  10% ] [90m[1m_update_scan_actions[22m | imp_op_chef_bop.ogg[39m[0m
[  10% ] [90m[1m_update_scan_actions[22m | imp_op_chef_copy.ogg[39m[0m
[  10% ] [90m[1m_update_scan_actions[22m | imp_op_chef_steal.ogg[39m[0m
[  10% ] [90m[1m_update_scan_actions[22m | imp_op_detective_arrive.ogg[39m[0m
[  10% ] [90m[1m_update_scan_actions[22m | imp_op_detective_bop.ogg[39m[0m
[  10% ] [90m[1m_update_scan_actions[22m | imp_op_detective_copy.ogg[39m[0m
[  10% ] [90m[1m_update_scan_actions[22m | imp_op_detective_steal.ogg[39m[0m
[  10% ] [90m[1m_update_scan_actions[22m | imp_op_doctor_arrive.ogg[39m[0m
[  10% ] [90m[1m_update_scan_actions[22m | imp_op_doctor_bop.ogg[39m[0m
[  10% ] [90m[1m_update_scan_actions[22m | imp_op_doctor_copy.ogg[39m[0m
[  10% ] [90m[1m_update_scan_actions[22m | imp_op_doctor_steal.ogg[39m[0m
[  10% ] [90m[1m_update_scan_actions[22m | imp_op_farmer_arrive.ogg[39m[0m
[  10% ] [90m[1m_update_scan_actions[22m | imp_op_farmer_bop.ogg[39m[0m
[  10% ] [90m[1m_update_scan_actions[22m | imp_op_farmer_copy.ogg[39m[0m
[  10% ] [90m[1m_update_scan_actions[22m | imp_op_farmer_steal.ogg[39m[0m
[  10% ] [90m[1m_update_scan_actions[22m | imp_op_magician_arrive.ogg[39m[0m
[  10% ] [90m[1m_update_scan_actions[22m | imp_op_magician_bop.ogg[39m[0m
[  10% ] [90m[1m_update_scan_actions[22m | imp_op_magician_copy.ogg[39m[0m
[  11% ] [90m[1m_update_scan_actions[22m | imp_op_magician_steal.ogg[39m[0m
[  11% ] [90m[1m_update_scan_actions[22m | imp_op_nursery_arrive.ogg[39m[0m
[  11% ] [90m[1m_update_scan_actions[22m | imp_op_nursery_bop.ogg[39m[0m
[  11% ] [90m[1m_update_scan_actions[22m | imp_op_nursery_copy.ogg[39m[0m
[  11% ] [90m[1m_update_scan_actions[22m | imp_op_nursery_steal.ogg[39m[0m
[  11% ] [90m[1m_update_scan_actions[22m | imp_op_painter_arrive.ogg[39m[0m
[  11% ] [90m[1m_update_scan_actions[22m | imp_op_painter_bop.ogg[39m[0m
[  11% ] [90m[1m_update_scan_actions[22m | imp_op_painter_copy.ogg[39m[0m
[  11% ] [90m[1m_update_scan_actions[22m | imp_op_painter_steal.ogg[39m[0m
[  11% ] [90m[1m_update_scan_actions[22m | imp_op_popstar_arrive.ogg[39m[0m
[  11% ] [90m[1m_update_scan_actions[22m | imp_op_popstar_bop.ogg[39m[0m
[  11% ] [90m[1m_update_scan_actions[22m | imp_op_popstar_copy.ogg[39m[0m
[  11% ] [90m[1m_update_scan_actions[22m | imp_op_popstar_steal.ogg[39m[0m
[  11% ] [90m[1m_update_scan_actions[22m | imp_op_racer_arrive.ogg[39m[0m
[  11% ] [90m[1m_update_scan_actions[22m | imp_op_racer_bop.ogg[39m[0m
[  11% ] [90m[1m_update_scan_actions[22m | imp_op_racer_copy.ogg[39m[0m
[  11% ] [90m[1m_update_scan_actions[22m | imp_op_racer_steal.ogg[39m[0m
[  11% ] [90m[1m_update_scan_actions[22m | imp_op_retry.ogg[39m[0m
[  11% ] [90m[1m_update_scan_actions[22m | mewsha_win.ogg[39m[0m
[  11% ] [90m[1m_update_scan_actions[22m | rosalina.ogg[39m[0m
[  11% ] [90m[1m_update_scan_actions[22m | rosalina_greet.ogg[39m[0m
[  11% ] [90m[1m_update_scan_actions[22m | rosalina_locked.ogg[39m[0m
[  11% ] [90m[1m_update_scan_actions[22m | rosalina_open.ogg[39m[0m
[  11% ] [90m[1m_update_scan_actions[22m | rosalina_op_detective_ask_rosalina.ogg[39m[0m
[  12% ] [90m[1m_update_scan_actions[22m | rosalina_op_detective_hint_fountain.ogg[39m[0m
[  12% ] [90m[1m_update_scan_actions[22m | rosalina_win.ogg[39m[0m
[  12% ] [90m[1m_update_scan_actions[22m | roshan_art_studio_hint.ogg[39m[0m
[  12% ] [90m[1m_update_scan_actions[22m | roshan_art_studio_material_hint.ogg[39m[0m
[  12% ] [90m[1m_update_scan_actions[22m | roshan_art_studio_scrub_hint.ogg[39m[0m
[  12% ] [90m[1m_update_scan_actions[22m | roshan_bathroom_basket_hint.ogg[39m[0m
[  12% ] [90m[1m_update_scan_actions[22m | roshan_bathroom_cleanup_done.ogg[39m[0m
[  12% ] [90m[1m_update_scan_actions[22m | roshan_bathroom_cleanup_start.ogg[39m[0m
[  12% ] [90m[1m_update_scan_actions[22m | roshan_bathroom_sink_scrub.ogg[39m[0m
[  12% ] [90m[1m_update_scan_actions[22m | roshan_bathroom_supplies_found.ogg[39m[0m
[  12% ] [90m[1m_update_scan_actions[22m | roshan_bathroom_tub_brush.ogg[39m[0m
[  12% ] [90m[1m_update_scan_actions[22m | roshan_bathroom_tub_drain.ogg[39m[0m
[  12% ] [90m[1m_update_scan_actions[22m | roshan_beans.ogg[39m[0m
[  12% ] [90m[1m_update_scan_actions[22m | roshan_bump.ogg[39m[0m
[  12% ] [90m[1m_update_scan_actions[22m | roshan_carry_first_scoop.ogg[39m[0m
[  12% ] [90m[1m_update_scan_actions[22m | roshan_castle_bath_enter.ogg[39m[0m
[  12% ] [90m[1m_update_scan_actions[22m | roshan_castle_bedroom_enter.ogg[39m[0m
[  12% ] [90m[1m_update_scan_actions[22m | roshan_castle_cosy_seat.ogg[39m[0m
[  12% ] [90m[1m_update_scan_actions[22m | roshan_castle_craft_enter.ogg[39m[0m
[  12% ] [90m[1m_update_scan_actions[22m | roshan_castle_crown_star.ogg[39m[0m
[  12% ] [90m[1m_update_scan_actions[22m | roshan_castle_dining_enter.ogg[39m[0m
[  12% ] [90m[1m_update_scan_actions[22m | roshan_castle_door_resting.ogg[39m[0m
[  12% ] [90m[1m_update_scan_actions[22m | roshan_castle_fairy_open.ogg[39m[0m
[  12% ] [90m[1m_update_scan_actions[22m | roshan_castle_gallery_enter.ogg[39m[0m
[  13% ] [90m[1m_update_scan_actions[22m | roshan_castle_home.ogg[39m[0m
[  13% ] [90m[1m_update_scan_actions[22m | roshan_castle_home_back.ogg[39m[0m
[  13% ] [90m[1m_update_scan_actions[22m | roshan_castle_home_day_one.ogg[39m[0m
[  13% ] [90m[1m_update_scan_actions[22m | roshan_castle_kitchen_enter.ogg[39m[0m
[  13% ] [90m[1m_update_scan_actions[22m | roshan_castle_kitchen_menu.ogg[39m[0m
[  13% ] [90m[1m_update_scan_actions[22m | roshan_castle_library_enter.ogg[39m[0m
[  13% ] [90m[1m_update_scan_actions[22m | roshan_castle_logo_open.ogg[39m[0m
[  13% ] [90m[1m_update_scan_actions[22m | roshan_castle_logo_saved.ogg[39m[0m
[  13% ] [90m[1m_update_scan_actions[22m | roshan_castle_main_hall_enter.ogg[39m[0m
[  13% ] [90m[1m_update_scan_actions[22m | roshan_castle_mist_resting.ogg[39m[0m
[  13% ] [90m[1m_update_scan_actions[22m | roshan_castle_movie_enter.ogg[39m[0m
[  13% ] [90m[1m_update_scan_actions[22m | roshan_castle_opera_enter.ogg[39m[0m
[  13% ] [90m[1m_update_scan_actions[22m | roshan_castle_playroom_enter.ogg[39m[0m
[  13% ] [90m[1m_update_scan_actions[22m | roshan_castle_playroom_rescue_start.ogg[39m[0m
[  13% ] [90m[1m_update_scan_actions[22m | roshan_castle_pool_enter.ogg[39m[0m
[  13% ] [90m[1m_update_scan_actions[22m | roshan_castle_recipe_ready.ogg[39m[0m
[  13% ] [90m[1m_update_scan_actions[22m | roshan_castle_sleepover_enter.ogg[39m[0m
[  13% ] [90m[1m_update_scan_actions[22m | roshan_collection_book_open.ogg[39m[0m
[  13% ] [90m[1m_update_scan_actions[22m | roshan_combat_dust_done.ogg[39m[0m
[  13% ] [90m[1m_update_scan_actions[22m | roshan_combat_dust_start.ogg[39m[0m
[  13% ] [90m[1m_update_scan_actions[22m | roshan_combat_fire_done.ogg[39m[0m
[  13% ] [90m[1m_update_scan_actions[22m | roshan_combat_fire_start.ogg[39m[0m
[  13% ] [90m[1m_update_scan_actions[22m | roshan_combat_ice_done.ogg[39m[0m
[  13% ] [90m[1m_update_scan_actions[22m | roshan_combat_ice_start.ogg[39m[0m
[  14% ] [90m[1m_update_scan_actions[22m | roshan_combat_shield_bounce.ogg[39m[0m
[  14% ] [90m[1m_update_scan_actions[22m | roshan_craft_need_pearls.ogg[39m[0m
[  14% ] [90m[1m_update_scan_actions[22m | roshan_d1_c00_s01_roshan_flight.ogg[39m[0m
[  14% ] [90m[1m_update_scan_actions[22m | roshan_d1_c00_s02_roshan_view.ogg[39m[0m
[  14% ] [90m[1m_update_scan_actions[22m | roshan_d1_c00_s03_roshan_discovery.ogg[39m[0m
[  14% ] [90m[1m_update_scan_actions[22m | roshan_d1_c00_s04_roshan_handhold.ogg[39m[0m
[  14% ] [90m[1m_update_scan_actions[22m | roshan_d1_c00_s05_roshan_lagoon_reveal.ogg[39m[0m
[  14% ] [90m[1m_update_scan_actions[22m | roshan_d1_c00_s06_roshan_prepare_land.ogg[39m[0m
[  14% ] [90m[1m_update_scan_actions[22m | roshan_d1_c01_s01_roshan_landed.ogg[39m[0m
[  14% ] [90m[1m_update_scan_actions[22m | roshan_d1_c01_s02_roshan_handhold.ogg[39m[0m
[  14% ] [90m[1m_update_scan_actions[22m | roshan_d1_c01_s03_roshan_walk_castle.ogg[39m[0m
[  14% ] [90m[1m_update_scan_actions[22m | roshan_d1_c01_s04_roshan_castle_doors.ogg[39m[0m
[  14% ] [90m[1m_update_scan_actions[22m | roshan_day1_arrival_castle.ogg[39m[0m
[  14% ] [90m[1m_update_scan_actions[22m | roshan_day1_arrival_movie.ogg[39m[0m
[  14% ] [90m[1m_update_scan_actions[22m | roshan_day1_arrival_plane.ogg[39m[0m
[  14% ] [90m[1m_update_scan_actions[22m | roshan_day1_art_complete.ogg[39m[0m
[  14% ] [90m[1m_update_scan_actions[22m | roshan_day1_art_customization_confirmed.ogg[39m[0m
[  14% ] [90m[1m_update_scan_actions[22m | roshan_day1_art_desk_hint.ogg[39m[0m
[  14% ] [90m[1m_update_scan_actions[22m | roshan_day1_art_desk_open.ogg[39m[0m
[  14% ] [90m[1m_update_scan_actions[22m | roshan_day1_art_desk_unlock.ogg[39m[0m
[  14% ] [90m[1m_update_scan_actions[22m | roshan_day1_art_enter.ogg[39m[0m
[  14% ] [90m[1m_update_scan_actions[22m | roshan_day1_art_materials_complete.ogg[39m[0m
[  14% ] [90m[1m_update_scan_actions[22m | roshan_day1_art_material_blue_paint_found.ogg[39m[0m
[  14% ] [90m[1m_update_scan_actions[22m | roshan_day1_art_material_blue_paint_hint.ogg[39m[0m
[  15% ] [90m[1m_update_scan_actions[22m | roshan_day1_art_material_brushes_found.ogg[39m[0m
[  15% ] [90m[1m_update_scan_actions[22m | roshan_day1_art_material_brushes_hint.ogg[39m[0m
[  15% ] [90m[1m_update_scan_actions[22m | roshan_day1_art_material_cups_found.ogg[39m[0m
[  15% ] [90m[1m_update_scan_actions[22m | roshan_day1_art_material_cups_hint.ogg[39m[0m
[  15% ] [90m[1m_update_scan_actions[22m | roshan_day1_art_material_pink_paint_found.ogg[39m[0m
[  15% ] [90m[1m_update_scan_actions[22m | roshan_day1_art_material_pink_paint_hint.ogg[39m[0m
[  15% ] [90m[1m_update_scan_actions[22m | roshan_day1_art_scrub_desk.ogg[39m[0m
[  15% ] [90m[1m_update_scan_actions[22m | roshan_day1_art_scrub_desk_clean.ogg[39m[0m
[  15% ] [90m[1m_update_scan_actions[22m | roshan_day1_art_scrub_desk_hint.ogg[39m[0m
[  15% ] [90m[1m_update_scan_actions[22m | roshan_day1_art_scrub_left_clean.ogg[39m[0m
[  15% ] [90m[1m_update_scan_actions[22m | roshan_day1_art_scrub_left_hint.ogg[39m[0m
[  15% ] [90m[1m_update_scan_actions[22m | roshan_day1_art_scrub_right_clean.ogg[39m[0m
[  15% ] [90m[1m_update_scan_actions[22m | roshan_day1_art_scrub_right_hint.ogg[39m[0m
[  15% ] [90m[1m_update_scan_actions[22m | roshan_day1_bathroom_basket_hint.ogg[39m[0m
[  15% ] [90m[1m_update_scan_actions[22m | roshan_day1_bathroom_basket_open.ogg[39m[0m
[  15% ] [90m[1m_update_scan_actions[22m | roshan_day1_bathroom_cleanup_done.ogg[39m[0m
[  15% ] [90m[1m_update_scan_actions[22m | roshan_day1_bathroom_cleanup_start.ogg[39m[0m
[  15% ] [90m[1m_update_scan_actions[22m | roshan_day1_bathroom_enter.ogg[39m[0m
[  15% ] [90m[1m_update_scan_actions[22m | roshan_day1_bathroom_find_basket.ogg[39m[0m
[  15% ] [90m[1m_update_scan_actions[22m | roshan_day1_bathroom_sink_clean.ogg[39m[0m
[  15% ] [90m[1m_update_scan_actions[22m | roshan_day1_bathroom_sink_scrub.ogg[39m[0m
[  15% ] [90m[1m_update_scan_actions[22m | roshan_day1_bathroom_sink_start.ogg[39m[0m
[  15% ] [90m[1m_update_scan_actions[22m | roshan_day1_bathroom_supplies_found.ogg[39m[0m
[  15% ] [90m[1m_update_scan_actions[22m | roshan_day1_bathroom_to_pool.ogg[39m[0m
[  16% ] [90m[1m_update_scan_actions[22m | roshan_day1_bathroom_tub_brush.ogg[39m[0m
[  16% ] [90m[1m_update_scan_actions[22m | roshan_day1_bathroom_tub_clean.ogg[39m[0m
[  16% ] [90m[1m_update_scan_actions[22m | roshan_day1_bathroom_tub_drain.ogg[39m[0m
[  16% ] [90m[1m_update_scan_actions[22m | roshan_day1_bathroom_tub_drain_complete.ogg[39m[0m
[  16% ] [90m[1m_update_scan_actions[22m | roshan_day1_bathroom_tub_drain_hint.ogg[39m[0m
[  16% ] [90m[1m_update_scan_actions[22m | roshan_day1_bathroom_tub_safety.ogg[39m[0m
[  16% ] [90m[1m_update_scan_actions[22m | roshan_day1_boss_bump.ogg[39m[0m
[  16% ] [90m[1m_update_scan_actions[22m | roshan_day1_boss_closer.ogg[39m[0m
[  16% ] [90m[1m_update_scan_actions[22m | roshan_day1_boss_defeated.ogg[39m[0m
[  16% ] [90m[1m_update_scan_actions[22m | roshan_day1_boss_dodge.ogg[39m[0m
[  16% ] [90m[1m_update_scan_actions[22m | roshan_day1_boss_dodge_prompt.ogg[39m[0m
[  16% ] [90m[1m_update_scan_actions[22m | roshan_day1_boss_dodge_success.ogg[39m[0m
[  16% ] [90m[1m_update_scan_actions[22m | roshan_day1_boss_door_glow.ogg[39m[0m
[  16% ] [90m[1m_update_scan_actions[22m | roshan_day1_boss_enraged.ogg[39m[0m
[  16% ] [90m[1m_update_scan_actions[22m | roshan_day1_boss_hit.ogg[39m[0m
[  16% ] [90m[1m_update_scan_actions[22m | roshan_day1_boss_hit_first.ogg[39m[0m
[  16% ] [90m[1m_update_scan_actions[22m | roshan_day1_boss_hit_second.ogg[39m[0m
[  16% ] [90m[1m_update_scan_actions[22m | roshan_day1_boss_intro.ogg[39m[0m
[  16% ] [90m[1m_update_scan_actions[22m | roshan_day1_boss_reminder_almost.ogg[39m[0m
[  16% ] [90m[1m_update_scan_actions[22m | roshan_day1_boss_reminder_closer.ogg[39m[0m
[  16% ] [90m[1m_update_scan_actions[22m | roshan_day1_boss_reminder_dim.ogg[39m[0m
[  16% ] [90m[1m_update_scan_actions[22m | roshan_day1_boss_reminder_mercy.ogg[39m[0m
[  16% ] [90m[1m_update_scan_actions[22m | roshan_day1_boss_tell_opening.ogg[39m[0m
[  17% ] [90m[1m_update_scan_actions[22m | roshan_day1_boss_wait_gold.ogg[39m[0m
[  17% ] [90m[1m_update_scan_actions[22m | roshan_day1_dirty_castle_discovery.ogg[39m[0m
[  17% ] [90m[1m_update_scan_actions[22m | roshan_day1_finale_day_two.ogg[39m[0m
[  17% ] [90m[1m_update_scan_actions[22m | roshan_day1_fridge_close.ogg[39m[0m
[  17% ] [90m[1m_update_scan_actions[22m | roshan_day1_fridge_menu.ogg[39m[0m
[  17% ] [90m[1m_update_scan_actions[22m | roshan_day1_fridge_open.ogg[39m[0m
[  17% ] [90m[1m_update_scan_actions[22m | roshan_day1_pool_complete.ogg[39m[0m
[  17% ] [90m[1m_update_scan_actions[22m | roshan_day1_pool_enter.ogg[39m[0m
[  17% ] [90m[1m_update_scan_actions[22m | roshan_day1_pool_meet_rumi.ogg[39m[0m
[  17% ] [90m[1m_update_scan_actions[22m | roshan_day1_pool_rumi_reply.ogg[39m[0m
[  17% ] [90m[1m_update_scan_actions[22m | roshan_day1_pool_seahorse_clean.ogg[39m[0m
[  17% ] [90m[1m_update_scan_actions[22m | roshan_day1_pool_seahorse_early.ogg[39m[0m
[  17% ] [90m[1m_update_scan_actions[22m | roshan_day1_pool_seahorse_final.ogg[39m[0m
[  17% ] [90m[1m_update_scan_actions[22m | roshan_day1_pool_seahorse_free.ogg[39m[0m
[  17% ] [90m[1m_update_scan_actions[22m | roshan_day1_pool_seahorse_hint.ogg[39m[0m
[  17% ] [90m[1m_update_scan_actions[22m | roshan_day1_pool_seahorse_middle.ogg[39m[0m
[  17% ] [90m[1m_update_scan_actions[22m | roshan_day1_pool_skimmer_01.ogg[39m[0m
[  17% ] [90m[1m_update_scan_actions[22m | roshan_day1_pool_skimmer_02.ogg[39m[0m
[  17% ] [90m[1m_update_scan_actions[22m | roshan_day1_pool_skimmer_03.ogg[39m[0m
[  17% ] [90m[1m_update_scan_actions[22m | roshan_day1_pool_skimmer_04.ogg[39m[0m
[  17% ] [90m[1m_update_scan_actions[22m | roshan_day1_pool_skimmer_05.ogg[39m[0m
[  17% ] [90m[1m_update_scan_actions[22m | roshan_day1_pool_skimmer_06.ogg[39m[0m
[  17% ] [90m[1m_update_scan_actions[22m | roshan_day1_pool_skimmer_clean.ogg[39m[0m
[  17% ] [90m[1m_update_scan_actions[22m | roshan_day1_pool_skimmer_complete.ogg[39m[0m
[  18% ] [90m[1m_update_scan_actions[22m | roshan_day1_pool_skimmer_hint.ogg[39m[0m
[  18% ] [90m[1m_update_scan_actions[22m | roshan_day1_pool_waterfall_clean.ogg[39m[0m
[  18% ] [90m[1m_update_scan_actions[22m | roshan_day1_pool_waterfall_complete.ogg[39m[0m
[  18% ] [90m[1m_update_scan_actions[22m | roshan_day1_pool_waterfall_hint.ogg[39m[0m
[  18% ] [90m[1m_update_scan_actions[22m | roshan_day1_pool_waterfall_lane_center.ogg[39m[0m
[  18% ] [90m[1m_update_scan_actions[22m | roshan_day1_pool_waterfall_lane_left.ogg[39m[0m
[  18% ] [90m[1m_update_scan_actions[22m | roshan_day1_pool_waterfall_lane_right.ogg[39m[0m
[  18% ] [90m[1m_update_scan_actions[22m | roshan_day1_recipe_carrot_ready.ogg[39m[0m
[  18% ] [90m[1m_update_scan_actions[22m | roshan_day1_recipe_carrot_select.ogg[39m[0m
[  18% ] [90m[1m_update_scan_actions[22m | roshan_day1_recipe_pearl_ready.ogg[39m[0m
[  18% ] [90m[1m_update_scan_actions[22m | roshan_day1_recipe_pearl_select.ogg[39m[0m
[  18% ] [90m[1m_update_scan_actions[22m | roshan_day1_recipe_ready.ogg[39m[0m
[  18% ] [90m[1m_update_scan_actions[22m | roshan_day1_stuffie_clean_bunny.ogg[39m[0m
[  18% ] [90m[1m_update_scan_actions[22m | roshan_day1_stuffie_complete.ogg[39m[0m
[  18% ] [90m[1m_update_scan_actions[22m | roshan_day1_stuffie_eagle_saved.ogg[39m[0m
[  18% ] [90m[1m_update_scan_actions[22m | roshan_day1_stuffie_enter.ogg[39m[0m
[  18% ] [90m[1m_update_scan_actions[22m | roshan_day1_stuffie_find_bunny.ogg[39m[0m
[  18% ] [90m[1m_update_scan_actions[22m | roshan_day1_stuffie_pin_left_loose.ogg[39m[0m
[  18% ] [90m[1m_update_scan_actions[22m | roshan_day1_stuffie_pin_right_loose.ogg[39m[0m
[  18% ] [90m[1m_update_scan_actions[22m | roshan_day1_stuffie_rescue_start.ogg[39m[0m
[  18% ] [90m[1m_update_scan_actions[22m | roshan_day1_stuffie_tutorial.ogg[39m[0m
[  18% ] [90m[1m_update_scan_actions[22m | roshan_day_one_all_rooms_clean.ogg[39m[0m
[  18% ] [90m[1m_update_scan_actions[22m | roshan_day_one_finish_current.ogg[39m[0m
[  18% ] [90m[1m_update_scan_actions[22m | roshan_day_one_jobs_resting.ogg[39m[0m
[  19% ] [90m[1m_update_scan_actions[22m | roshan_day_one_new_door.ogg[39m[0m
[  19% ] [90m[1m_update_scan_actions[22m | roshan_day_one_pool_ready.ogg[39m[0m
[  19% ] [90m[1m_update_scan_actions[22m | roshan_day_one_rescue_bunnies.ogg[39m[0m
[  19% ] [90m[1m_update_scan_actions[22m | roshan_day_one_room_clean.ogg[39m[0m
[  19% ] [90m[1m_update_scan_actions[22m | roshan_day_two_begins.ogg[39m[0m
[  19% ] [90m[1m_update_scan_actions[22m | roshan_dungeon_arrow.ogg[39m[0m
[  19% ] [90m[1m_update_scan_actions[22m | roshan_dungeon_done.ogg[39m[0m
[  19% ] [90m[1m_update_scan_actions[22m | roshan_dungeon_door_open.ogg[39m[0m
[  19% ] [90m[1m_update_scan_actions[22m | roshan_dungeon_room_enter.ogg[39m[0m
[  19% ] [90m[1m_update_scan_actions[22m | roshan_dustboss_again_closer.ogg[39m[0m
[  19% ] [90m[1m_update_scan_actions[22m | roshan_dustboss_again_mercy.ogg[39m[0m
[  19% ] [90m[1m_update_scan_actions[22m | roshan_dustboss_again_miss.ogg[39m[0m
[  19% ] [90m[1m_update_scan_actions[22m | roshan_dustboss_angry.ogg[39m[0m
[  19% ] [90m[1m_update_scan_actions[22m | roshan_dustboss_closer.ogg[39m[0m
[  19% ] [90m[1m_update_scan_actions[22m | roshan_dustboss_dizzy_first.ogg[39m[0m
[  19% ] [90m[1m_update_scan_actions[22m | roshan_dustboss_dizzy_round.ogg[39m[0m
[  19% ] [90m[1m_update_scan_actions[22m | roshan_dustboss_dodge.ogg[39m[0m
[  19% ] [90m[1m_update_scan_actions[22m | roshan_dustboss_dodge_yes.ogg[39m[0m
[  19% ] [90m[1m_update_scan_actions[22m | roshan_dustboss_hit.ogg[39m[0m
[  19% ] [90m[1m_update_scan_actions[22m | roshan_dustboss_leap.ogg[39m[0m
[  19% ] [90m[1m_update_scan_actions[22m | roshan_dustboss_show.ogg[39m[0m
[  19% ] [90m[1m_update_scan_actions[22m | roshan_dustboss_tell_dim.ogg[39m[0m
[  19% ] [90m[1m_update_scan_actions[22m | roshan_dustboss_tell_opening.ogg[39m[0m
[  19% ] [90m[1m_update_scan_actions[22m | roshan_dustboss_tell_shielded.ogg[39m[0m
[  20% ] [90m[1m_update_scan_actions[22m | roshan_dustboss_win.ogg[39m[0m
[  20% ] [90m[1m_update_scan_actions[22m | roshan_fail.ogg[39m[0m
[  20% ] [90m[1m_update_scan_actions[22m | roshan_fairy_home.ogg[39m[0m
[  20% ] [90m[1m_update_scan_actions[22m | roshan_fairy_road.ogg[39m[0m
[  20% ] [90m[1m_update_scan_actions[22m | roshan_grotto_discovered.ogg[39m[0m
[  20% ] [90m[1m_update_scan_actions[22m | roshan_hide_seek_hint.ogg[39m[0m
[  20% ] [90m[1m_update_scan_actions[22m | roshan_hungry.ogg[39m[0m
[  20% ] [90m[1m_update_scan_actions[22m | roshan_idle1.ogg[39m[0m
[  20% ] [90m[1m_update_scan_actions[22m | roshan_idle2.ogg[39m[0m
[  20% ] [90m[1m_update_scan_actions[22m | roshan_idle3.ogg[39m[0m
[  20% ] [90m[1m_update_scan_actions[22m | roshan_intro1.ogg[39m[0m
[  20% ] [90m[1m_update_scan_actions[22m | roshan_intro2.ogg[39m[0m
[  20% ] [90m[1m_update_scan_actions[22m | roshan_intro3.ogg[39m[0m
[  20% ] [90m[1m_update_scan_actions[22m | roshan_intro4.ogg[39m[0m
[  20% ] [90m[1m_update_scan_actions[22m | roshan_kart_rocket_start.ogg[39m[0m
[  20% ] [90m[1m_update_scan_actions[22m | roshan_ocean_nap_morning.ogg[39m[0m
[  20% ] [90m[1m_update_scan_actions[22m | roshan_ocean_nap_night.ogg[39m[0m
[  20% ] [90m[1m_update_scan_actions[22m | roshan_oops.ogg[39m[0m
[  20% ] [90m[1m_update_scan_actions[22m | roshan_opera_chapter_two_open.ogg[39m[0m
[  20% ] [90m[1m_update_scan_actions[22m | roshan_op_astronaut_boost.ogg[39m[0m
[  20% ] [90m[1m_update_scan_actions[22m | roshan_op_astronaut_imps.ogg[39m[0m
[  20% ] [90m[1m_update_scan_actions[22m | roshan_op_astronaut_launch.ogg[39m[0m
[  20% ] [90m[1m_update_scan_actions[22m | roshan_op_astronaut_launch_stage.ogg[39m[0m
[  20% ] [90m[1m_update_scan_actions[22m | roshan_op_astronaut_patch.ogg[39m[0m
[  21% ] [90m[1m_update_scan_actions[22m | roshan_op_astronaut_patch_stage.ogg[39m[0m
[  21% ] [90m[1m_update_scan_actions[22m | roshan_op_astronaut_pipes.ogg[39m[0m
[  21% ] [90m[1m_update_scan_actions[22m | roshan_op_astronaut_pipes_stage.ogg[39m[0m
[  21% ] [90m[1m_update_scan_actions[22m | roshan_op_astronaut_rocket_chase.ogg[39m[0m
[  21% ] [90m[1m_update_scan_actions[22m | roshan_op_astronaut_valve.ogg[39m[0m
[  21% ] [90m[1m_update_scan_actions[22m | roshan_op_astronaut_work.ogg[39m[0m
[  21% ] [90m[1m_update_scan_actions[22m | roshan_op_ballerina_duet.ogg[39m[0m
[  21% ] [90m[1m_update_scan_actions[22m | roshan_op_ballerina_imps.ogg[39m[0m
[  21% ] [90m[1m_update_scan_actions[22m | roshan_op_ballerina_pose.ogg[39m[0m
[  21% ] [90m[1m_update_scan_actions[22m | roshan_op_ballerina_ribbon.ogg[39m[0m
[  21% ] [90m[1m_update_scan_actions[22m | roshan_op_ballerina_ribbon_chase.ogg[39m[0m
[  21% ] [90m[1m_update_scan_actions[22m | roshan_op_ballerina_ribbon_stage.ogg[39m[0m
[  21% ] [90m[1m_update_scan_actions[22m | roshan_op_ballerina_steps.ogg[39m[0m
[  21% ] [90m[1m_update_scan_actions[22m | roshan_op_ballerina_twirl.ogg[39m[0m
[  21% ] [90m[1m_update_scan_actions[22m | roshan_op_ballerina_twirl_stage.ogg[39m[0m
[  21% ] [90m[1m_update_scan_actions[22m | roshan_op_ballerina_watch.ogg[39m[0m
[  21% ] [90m[1m_update_scan_actions[22m | roshan_op_ballerina_work.ogg[39m[0m
[  21% ] [90m[1m_update_scan_actions[22m | roshan_op_boxer_bell_chase.ogg[39m[0m
[  21% ] [90m[1m_update_scan_actions[22m | roshan_op_boxer_bell_chase_stage.ogg[39m[0m
[  21% ] [90m[1m_update_scan_actions[22m | roshan_op_boxer_belt.ogg[39m[0m
[  21% ] [90m[1m_update_scan_actions[22m | roshan_op_boxer_belt_stage.ogg[39m[0m
[  21% ] [90m[1m_update_scan_actions[22m | roshan_op_boxer_duck.ogg[39m[0m
[  21% ] [90m[1m_update_scan_actions[22m | roshan_op_boxer_duck_stage.ogg[39m[0m
[  21% ] [90m[1m_update_scan_actions[22m | roshan_op_boxer_jab.ogg[39m[0m
[  22% ] [90m[1m_update_scan_actions[22m | roshan_op_boxer_jab_stage.ogg[39m[0m
[  22% ] [90m[1m_update_scan_actions[22m | roshan_op_boxer_round.ogg[39m[0m
[  22% ] [90m[1m_update_scan_actions[22m | roshan_op_boxer_spar.ogg[39m[0m
[  22% ] [90m[1m_update_scan_actions[22m | roshan_op_boxer_work.ogg[39m[0m
[  22% ] [90m[1m_update_scan_actions[22m | roshan_op_candymaker_candy_chase.ogg[39m[0m
[  22% ] [90m[1m_update_scan_actions[22m | roshan_op_candymaker_imps.ogg[39m[0m
[  22% ] [90m[1m_update_scan_actions[22m | roshan_op_candymaker_parade.ogg[39m[0m
[  22% ] [90m[1m_update_scan_actions[22m | roshan_op_candymaker_share.ogg[39m[0m
[  22% ] [90m[1m_update_scan_actions[22m | roshan_op_candymaker_share_stage.ogg[39m[0m
[  22% ] [90m[1m_update_scan_actions[22m | roshan_op_candymaker_sort.ogg[39m[0m
[  22% ] [90m[1m_update_scan_actions[22m | roshan_op_candymaker_sort_stage.ogg[39m[0m
[  22% ] [90m[1m_update_scan_actions[22m | roshan_op_candymaker_syrup.ogg[39m[0m
[  22% ] [90m[1m_update_scan_actions[22m | roshan_op_candymaker_syrup_stage.ogg[39m[0m
[  22% ] [90m[1m_update_scan_actions[22m | roshan_op_candymaker_work.ogg[39m[0m
[  22% ] [90m[1m_update_scan_actions[22m | roshan_op_candymaker_wrap.ogg[39m[0m
[  22% ] [90m[1m_update_scan_actions[22m | roshan_op_candymaker_wrap_stage.ogg[39m[0m
[  22% ] [90m[1m_update_scan_actions[22m | roshan_op_chef_bake.ogg[39m[0m
[  22% ] [90m[1m_update_scan_actions[22m | roshan_op_chef_bake_stage.ogg[39m[0m
[  22% ] [90m[1m_update_scan_actions[22m | roshan_op_chef_cake_chase.ogg[39m[0m
[  22% ] [90m[1m_update_scan_actions[22m | roshan_op_chef_imps.ogg[39m[0m
[  22% ] [90m[1m_update_scan_actions[22m | roshan_op_chef_pipe.ogg[39m[0m
[  22% ] [90m[1m_update_scan_actions[22m | roshan_op_chef_pipe_stage.ogg[39m[0m
[  22% ] [90m[1m_update_scan_actions[22m | roshan_op_chef_pour.ogg[39m[0m
[  22% ] [90m[1m_update_scan_actions[22m | roshan_op_chef_pour_stage.ogg[39m[0m
[  23% ] [90m[1m_update_scan_actions[22m | roshan_op_chef_stir.ogg[39m[0m
[  23% ] [90m[1m_update_scan_actions[22m | roshan_op_chef_stir_stage.ogg[39m[0m
[  23% ] [90m[1m_update_scan_actions[22m | roshan_op_chef_top.ogg[39m[0m
[  23% ] [90m[1m_update_scan_actions[22m | roshan_op_chef_top_stage.ogg[39m[0m
[  23% ] [90m[1m_update_scan_actions[22m | roshan_op_chef_work.ogg[39m[0m
[  23% ] [90m[1m_update_scan_actions[22m | roshan_op_detective_clues.ogg[39m[0m
[  23% ] [90m[1m_update_scan_actions[22m | roshan_op_detective_imps.ogg[39m[0m
[  23% ] [90m[1m_update_scan_actions[22m | roshan_op_detective_lens.ogg[39m[0m
[  23% ] [90m[1m_update_scan_actions[22m | roshan_op_detective_lens_stage.ogg[39m[0m
[  23% ] [90m[1m_update_scan_actions[22m | roshan_op_detective_lens_stairs.ogg[39m[0m
[  23% ] [90m[1m_update_scan_actions[22m | roshan_op_detective_match.ogg[39m[0m
[  23% ] [90m[1m_update_scan_actions[22m | roshan_op_detective_name.ogg[39m[0m
[  23% ] [90m[1m_update_scan_actions[22m | roshan_op_detective_peek.ogg[39m[0m
[  23% ] [90m[1m_update_scan_actions[22m | roshan_op_detective_search.ogg[39m[0m
[  23% ] [90m[1m_update_scan_actions[22m | roshan_op_detective_search_fountain.ogg[39m[0m
[  23% ] [90m[1m_update_scan_actions[22m | roshan_op_detective_team_corner.ogg[39m[0m
[  23% ] [90m[1m_update_scan_actions[22m | roshan_op_detective_tiara_chase.ogg[39m[0m
[  23% ] [90m[1m_update_scan_actions[22m | roshan_op_detective_tiptoe.ogg[39m[0m
[  23% ] [90m[1m_update_scan_actions[22m | roshan_op_detective_to_clock.ogg[39m[0m
[  23% ] [90m[1m_update_scan_actions[22m | roshan_op_detective_to_fountain.ogg[39m[0m
[  23% ] [90m[1m_update_scan_actions[22m | roshan_op_detective_trail.ogg[39m[0m
[  23% ] [90m[1m_update_scan_actions[22m | roshan_op_detective_trail_trick.ogg[39m[0m
[  23% ] [90m[1m_update_scan_actions[22m | roshan_op_detective_work.ogg[39m[0m
[  23% ] [90m[1m_update_scan_actions[22m | roshan_op_doctor_bandage.ogg[39m[0m
[  24% ] [90m[1m_update_scan_actions[22m | roshan_op_doctor_bandage_stage.ogg[39m[0m
[  24% ] [90m[1m_update_scan_actions[22m | roshan_op_doctor_cast.ogg[39m[0m
[  24% ] [90m[1m_update_scan_actions[22m | roshan_op_doctor_cast_stage.ogg[39m[0m
[  24% ] [90m[1m_update_scan_actions[22m | roshan_op_doctor_find.ogg[39m[0m
[  24% ] [90m[1m_update_scan_actions[22m | roshan_op_doctor_find_stage.ogg[39m[0m
[  24% ] [90m[1m_update_scan_actions[22m | roshan_op_doctor_imps.ogg[39m[0m
[  24% ] [90m[1m_update_scan_actions[22m | roshan_op_doctor_plushy_chase.ogg[39m[0m
[  24% ] [90m[1m_update_scan_actions[22m | roshan_op_doctor_wash.ogg[39m[0m
[  24% ] [90m[1m_update_scan_actions[22m | roshan_op_doctor_wash_stage.ogg[39m[0m
[  24% ] [90m[1m_update_scan_actions[22m | roshan_op_doctor_work.ogg[39m[0m
[  24% ] [90m[1m_update_scan_actions[22m | roshan_op_doctor_x_ray.ogg[39m[0m
[  24% ] [90m[1m_update_scan_actions[22m | roshan_op_doctor_x_ray_stage.ogg[39m[0m
[  24% ] [90m[1m_update_scan_actions[22m | roshan_op_farmer_feed.ogg[39m[0m
[  24% ] [90m[1m_update_scan_actions[22m | roshan_op_farmer_feed_stage.ogg[39m[0m
[  24% ] [90m[1m_update_scan_actions[22m | roshan_op_farmer_herd.ogg[39m[0m
[  24% ] [90m[1m_update_scan_actions[22m | roshan_op_farmer_herd_stage.ogg[39m[0m
[  24% ] [90m[1m_update_scan_actions[22m | roshan_op_farmer_imps.ogg[39m[0m
[  24% ] [90m[1m_update_scan_actions[22m | roshan_op_farmer_mud_hop.ogg[39m[0m
[  24% ] [90m[1m_update_scan_actions[22m | roshan_op_farmer_picnic.ogg[39m[0m
[  24% ] [90m[1m_update_scan_actions[22m | roshan_op_farmer_picnic_stage.ogg[39m[0m
[  24% ] [90m[1m_update_scan_actions[22m | roshan_op_farmer_piggy_chase.ogg[39m[0m
[  24% ] [90m[1m_update_scan_actions[22m | roshan_op_farmer_plant.ogg[39m[0m
[  24% ] [90m[1m_update_scan_actions[22m | roshan_op_farmer_plant_stage.ogg[39m[0m
[  25% ] [90m[1m_update_scan_actions[22m | roshan_op_farmer_work.ogg[39m[0m
[  25% ] [90m[1m_update_scan_actions[22m | roshan_op_magician_bunny_chase.ogg[39m[0m
[  25% ] [90m[1m_update_scan_actions[22m | roshan_op_magician_cabinet.ogg[39m[0m
[  25% ] [90m[1m_update_scan_actions[22m | roshan_op_magician_cabinet_stage.ogg[39m[0m
[  25% ] [90m[1m_update_scan_actions[22m | roshan_op_magician_imps.ogg[39m[0m
[  25% ] [90m[1m_update_scan_actions[22m | roshan_op_magician_portal.ogg[39m[0m
[  25% ] [90m[1m_update_scan_actions[22m | roshan_op_magician_portal_stage.ogg[39m[0m
[  25% ] [90m[1m_update_scan_actions[22m | roshan_op_magician_rope.ogg[39m[0m
[  25% ] [90m[1m_update_scan_actions[22m | roshan_op_magician_rope_stage.ogg[39m[0m
[  25% ] [90m[1m_update_scan_actions[22m | roshan_op_magician_track.ogg[39m[0m
[  25% ] [90m[1m_update_scan_actions[22m | roshan_op_magician_vanish.ogg[39m[0m
[  25% ] [90m[1m_update_scan_actions[22m | roshan_op_magician_vanish_stage.ogg[39m[0m
[  25% ] [90m[1m_update_scan_actions[22m | roshan_op_magician_work.ogg[39m[0m
[  25% ] [90m[1m_update_scan_actions[22m | roshan_op_nursery_baby_chase.ogg[39m[0m
[  25% ] [90m[1m_update_scan_actions[22m | roshan_op_nursery_burp.ogg[39m[0m
[  25% ] [90m[1m_update_scan_actions[22m | roshan_op_nursery_burp_stage.ogg[39m[0m
[  25% ] [90m[1m_update_scan_actions[22m | roshan_op_nursery_imps.ogg[39m[0m
[  25% ] [90m[1m_update_scan_actions[22m | roshan_op_nursery_wash.ogg[39m[0m
[  25% ] [90m[1m_update_scan_actions[22m | roshan_op_nursery_wash_stage.ogg[39m[0m
[  25% ] [90m[1m_update_scan_actions[22m | roshan_op_nursery_work.ogg[39m[0m
[  25% ] [90m[1m_update_scan_actions[22m | roshan_op_painter_fill.ogg[39m[0m
[  25% ] [90m[1m_update_scan_actions[22m | roshan_op_painter_imps.ogg[39m[0m
[  25% ] [90m[1m_update_scan_actions[22m | roshan_op_painter_reveal.ogg[39m[0m
[  25% ] [90m[1m_update_scan_actions[22m | roshan_op_painter_reveal_stage.ogg[39m[0m
[  26% ] [90m[1m_update_scan_actions[22m | roshan_op_painter_sketch.ogg[39m[0m
[  26% ] [90m[1m_update_scan_actions[22m | roshan_op_painter_sketch_stage.ogg[39m[0m
[  26% ] [90m[1m_update_scan_actions[22m | roshan_op_painter_splat.ogg[39m[0m
[  26% ] [90m[1m_update_scan_actions[22m | roshan_op_painter_splat_stage.ogg[39m[0m
[  26% ] [90m[1m_update_scan_actions[22m | roshan_op_painter_strokes.ogg[39m[0m
[  26% ] [90m[1m_update_scan_actions[22m | roshan_op_painter_sunrise_chase.ogg[39m[0m
[  26% ] [90m[1m_update_scan_actions[22m | roshan_op_painter_work.ogg[39m[0m
[  26% ] [90m[1m_update_scan_actions[22m | roshan_op_popstar_dance.ogg[39m[0m
[  26% ] [90m[1m_update_scan_actions[22m | roshan_op_popstar_encore.ogg[39m[0m
[  26% ] [90m[1m_update_scan_actions[22m | roshan_op_popstar_encore_stage.ogg[39m[0m
[  26% ] [90m[1m_update_scan_actions[22m | roshan_op_popstar_imps.ogg[39m[0m
[  26% ] [90m[1m_update_scan_actions[22m | roshan_op_popstar_mic_chase.ogg[39m[0m
[  26% ] [90m[1m_update_scan_actions[22m | roshan_op_popstar_rhythm.ogg[39m[0m
[  26% ] [90m[1m_update_scan_actions[22m | roshan_op_popstar_rhythm_stage.ogg[39m[0m
[  26% ] [90m[1m_update_scan_actions[22m | roshan_op_popstar_sound_check.ogg[39m[0m
[  26% ] [90m[1m_update_scan_actions[22m | roshan_op_popstar_sound_check_stage.ogg[39m[0m
[  26% ] [90m[1m_update_scan_actions[22m | roshan_op_popstar_work.ogg[39m[0m
[  26% ] [90m[1m_update_scan_actions[22m | roshan_op_racer_finish.ogg[39m[0m
[  26% ] [90m[1m_update_scan_actions[22m | roshan_op_racer_imps.ogg[39m[0m
[  26% ] [90m[1m_update_scan_actions[22m | roshan_op_racer_lap_two.ogg[39m[0m
[  26% ] [90m[1m_update_scan_actions[22m | roshan_op_racer_steer.ogg[39m[0m
[  26% ] [90m[1m_update_scan_actions[22m | roshan_op_racer_to_the_line.ogg[39m[0m
[  26% ] [90m[1m_update_scan_actions[22m | roshan_op_racer_to_the_line_stage.ogg[39m[0m
[  26% ] [90m[1m_update_scan_actions[22m | roshan_op_racer_trophy_chase.ogg[39m[0m
[  27% ] [90m[1m_update_scan_actions[22m | roshan_op_racer_tune_up.ogg[39m[0m
[  27% ] [90m[1m_update_scan_actions[22m | roshan_op_racer_tune_up_stage.ogg[39m[0m
[  27% ] [90m[1m_update_scan_actions[22m | roshan_op_racer_turbo.ogg[39m[0m
[  27% ] [90m[1m_update_scan_actions[22m | roshan_op_racer_work.ogg[39m[0m
[  27% ] [90m[1m_update_scan_actions[22m | roshan_pearl2.ogg[39m[0m
[  27% ] [90m[1m_update_scan_actions[22m | roshan_pearl3.ogg[39m[0m
[  27% ] [90m[1m_update_scan_actions[22m | roshan_pearl.ogg[39m[0m
[  27% ] [90m[1m_update_scan_actions[22m | roshan_pool_seahorse_clean.ogg[39m[0m
[  27% ] [90m[1m_update_scan_actions[22m | roshan_pool_surface_clean.ogg[39m[0m
[  27% ] [90m[1m_update_scan_actions[22m | roshan_pool_waterfall_clean.ogg[39m[0m
[  27% ] [90m[1m_update_scan_actions[22m | roshan_ship.ogg[39m[0m
[  27% ] [90m[1m_update_scan_actions[22m | roshan_tail_hop.ogg[39m[0m
[  27% ] [90m[1m_update_scan_actions[22m | roshan_talk.ogg[39m[0m
[  27% ] [90m[1m_update_scan_actions[22m | roshan_tutorial_combo.ogg[39m[0m
[  27% ] [90m[1m_update_scan_actions[22m | roshan_tutorial_done.ogg[39m[0m
[  27% ] [90m[1m_update_scan_actions[22m | roshan_tutorial_first_bop.ogg[39m[0m
[  27% ] [90m[1m_update_scan_actions[22m | roshan_tutorial_partner_power.ogg[39m[0m
[  27% ] [90m[1m_update_scan_actions[22m | roshan_tutorial_power_pop.ogg[39m[0m
[  27% ] [90m[1m_update_scan_actions[22m | roshan_whale.ogg[39m[0m
[  27% ] [90m[1m_update_scan_actions[22m | roshan_win.ogg[39m[0m
[  27% ] [90m[1m_update_scan_actions[22m | roshan_wreck.ogg[39m[0m
[  27% ] [90m[1m_update_scan_actions[22m | rumi_hide_seek_found.ogg[39m[0m
[  27% ] [90m[1m_update_scan_actions[22m | rumi_hide_seek_visit.ogg[39m[0m
[  27% ] [90m[1m_update_scan_actions[22m | rumi_intro.ogg[39m[0m
[  28% ] [90m[1m_update_scan_actions[22m | shop.ogg[39m[0m
[  28% ] [90m[1m_update_scan_actions[22m | shop_op_detective_ask_kareem.ogg[39m[0m
[  28% ] [90m[1m_update_scan_actions[22m | shop_op_detective_hint_clock.ogg[39m[0m
[  28% ] [90m[1m_update_scan_actions[22m | sparkle.ogg[39m[0m
[  28% ] [90m[1m_update_scan_actions[22m | sparkle_hide_seek_found.ogg[39m[0m
[  28% ] [90m[1m_update_scan_actions[22m | sparkle_hide_seek_visit.ogg[39m[0m
[  28% ] [90m[1m_update_scan_actions[22m | wacky.ogg[39m[0m
[  28% ] [90m[1m_update_scan_actions[22m | wacky_fail.ogg[39m[0m
[  28% ] [90m[1m_update_scan_actions[22m | wacky_splash.ogg[39m[0m
[  28% ] [90m[1m_update_scan_actions[22m | wacky_win.ogg[39m[0m
[  28% ] [90m[1m_update_scan_actions[22m | yay.ogg[39m[0m
[  28% ] [90m[1m_update_scan_actions[22m | chuck.ogg[39m[0m
[  28% ] [90m[1m_update_scan_actions[22m | chuck_bark.ogg[39m[0m
[  28% ] [90m[1m_update_scan_actions[22m | chuck_whimper.ogg[39m[0m
[  28% ] [90m[1m_update_scan_actions[22m | daddy1.ogg[39m[0m
[  28% ] [90m[1m_update_scan_actions[22m | daddy2.ogg[39m[0m
[  28% ] [90m[1m_update_scan_actions[22m | daddy3.ogg[39m[0m
[  28% ] [90m[1m_update_scan_actions[22m | everyone.ogg[39m[0m
[  28% ] [90m[1m_update_scan_actions[22m | evie.ogg[39m[0m
[  28% ] [90m[1m_update_scan_actions[22m | evie_fail.ogg[39m[0m
[  28% ] [90m[1m_update_scan_actions[22m | evie_win.ogg[39m[0m
[  28% ] [90m[1m_update_scan_actions[22m | faron.ogg[39m[0m
[  28% ] [90m[1m_update_scan_actions[22m | faron_fail.ogg[39m[0m
[  28% ] [90m[1m_update_scan_actions[22m | faron_miss.ogg[39m[0m
[  29% ] [90m[1m_update_scan_actions[22m | faron_op_nursery_bedtime.ogg[39m[0m
[  29% ] [90m[1m_update_scan_actions[22m | faron_op_nursery_catch.ogg[39m[0m
[  29% ] [90m[1m_update_scan_actions[22m | faron_op_nursery_feed.ogg[39m[0m
[  29% ] [90m[1m_update_scan_actions[22m | faron_win.ogg[39m[0m
[  29% ] [90m[1m_update_scan_actions[22m | harper.ogg[39m[0m
[  29% ] [90m[1m_update_scan_actions[22m | harper_win.ogg[39m[0m
[  29% ] [90m[1m_update_scan_actions[22m | huluu.ogg[39m[0m
[  29% ] [90m[1m_update_scan_actions[22m | huluu_greet.ogg[39m[0m
[  29% ] [90m[1m_update_scan_actions[22m | huluu_hero.ogg[39m[0m
[  29% ] [90m[1m_update_scan_actions[22m | huluu_intro.ogg[39m[0m
[  29% ] [90m[1m_update_scan_actions[22m | huluu_talk.ogg[39m[0m
[  29% ] [90m[1m_update_scan_actions[22m | huluu_thanks.ogg[39m[0m
[  29% ] [90m[1m_update_scan_actions[22m | huluu_win.ogg[39m[0m
[  29% ] [90m[1m_update_scan_actions[22m | imp_op_astronaut_arrive.ogg[39m[0m
[  29% ] [90m[1m_update_scan_actions[22m | imp_op_astronaut_bop.ogg[39m[0m
[  29% ] [90m[1m_update_scan_actions[22m | imp_op_astronaut_copy.ogg[39m[0m
[  29% ] [90m[1m_update_scan_actions[22m | imp_op_astronaut_steal.ogg[39m[0m
[  29% ] [90m[1m_update_scan_actions[22m | imp_op_ballerina_arrive.ogg[39m[0m
[  29% ] [90m[1m_update_scan_actions[22m | imp_op_ballerina_bop.ogg[39m[0m
[  29% ] [90m[1m_update_scan_actions[22m | imp_op_ballerina_copy.ogg[39m[0m
[  29% ] [90m[1m_update_scan_actions[22m | imp_op_ballerina_steal.ogg[39m[0m
[  29% ] [90m[1m_update_scan_actions[22m | imp_op_boxer_arrive.ogg[39m[0m
[  29% ] [90m[1m_update_scan_actions[22m | imp_op_boxer_bop.ogg[39m[0m
[  29% ] [90m[1m_update_scan_actions[22m | imp_op_boxer_copy.ogg[39m[0m
[  30% ] [90m[1m_update_scan_actions[22m | imp_op_boxer_steal.ogg[39m[0m
[  30% ] [90m[1m_update_scan_actions[22m | imp_op_candymaker_arrive.ogg[39m[0m
[  30% ] [90m[1m_update_scan_actions[22m | imp_op_candymaker_bop.ogg[39m[0m
[  30% ] [90m[1m_update_scan_actions[22m | imp_op_candymaker_copy.ogg[39m[0m
[  30% ] [90m[1m_update_scan_actions[22m | imp_op_candymaker_steal.ogg[39m[0m
[  30% ] [90m[1m_update_scan_actions[22m | imp_op_captain.ogg[39m[0m
[  30% ] [90m[1m_update_scan_actions[22m | imp_op_chef_arrive.ogg[39m[0m
[  30% ] [90m[1m_update_scan_actions[22m | imp_op_chef_bop.ogg[39m[0m
[  30% ] [90m[1m_update_scan_actions[22m | imp_op_chef_copy.ogg[39m[0m
[  30% ] [90m[1m_update_scan_actions[22m | imp_op_chef_steal.ogg[39m[0m
[  30% ] [90m[1m_update_scan_actions[22m | imp_op_detective_arrive.ogg[39m[0m
[  30% ] [90m[1m_update_scan_actions[22m | imp_op_detective_bop.ogg[39m[0m
[  30% ] [90m[1m_update_scan_actions[22m | imp_op_detective_copy.ogg[39m[0m
[  30% ] [90m[1m_update_scan_actions[22m | imp_op_detective_steal.ogg[39m[0m
[  30% ] [90m[1m_update_scan_actions[22m | imp_op_doctor_arrive.ogg[39m[0m
[  30% ] [90m[1m_update_scan_actions[22m | imp_op_doctor_bop.ogg[39m[0m
[  30% ] [90m[1m_update_scan_actions[22m | imp_op_doctor_copy.ogg[39m[0m
[  30% ] [90m[1m_update_scan_actions[22m | imp_op_doctor_steal.ogg[39m[0m
[  30% ] [90m[1m_update_scan_actions[22m | imp_op_farmer_arrive.ogg[39m[0m
[  30% ] [90m[1m_update_scan_actions[22m | imp_op_farmer_bop.ogg[39m[0m
[  30% ] [90m[1m_update_scan_actions[22m | imp_op_farmer_copy.ogg[39m[0m
[  30% ] [90m[1m_update_scan_actions[22m | imp_op_farmer_steal.ogg[39m[0m
[  30% ] [90m[1m_update_scan_actions[22m | imp_op_magician_arrive.ogg[39m[0m
[  30% ] [90m[1m_update_scan_actions[22m | imp_op_magician_bop.ogg[39m[0m
[  31% ] [90m[1m_update_scan_actions[22m | imp_op_magician_copy.ogg[39m[0m
[  31% ] [90m[1m_update_scan_actions[22m | imp_op_magician_steal.ogg[39m[0m
[  31% ] [90m[1m_update_scan_actions[22m | imp_op_nursery_arrive.ogg[39m[0m
[  31% ] [90m[1m_update_scan_actions[22m | imp_op_nursery_bop.ogg[39m[0m
[  31% ] [90m[1m_update_scan_actions[22m | imp_op_nursery_copy.ogg[39m[0m
[  31% ] [90m[1m_update_scan_actions[22m | imp_op_nursery_steal.ogg[39m[0m
[  31% ] [90m[1m_update_scan_actions[22m | imp_op_painter_arrive.ogg[39m[0m
[  31% ] [90m[1m_update_scan_actions[22m | imp_op_painter_bop.ogg[39m[0m
[  31% ] [90m[1m_update_scan_actions[22m | imp_op_painter_copy.ogg[39m[0m
[  31% ] [90m[1m_update_scan_actions[22m | imp_op_painter_steal.ogg[39m[0m
[  31% ] [90m[1m_update_scan_actions[22m | imp_op_popstar_arrive.ogg[39m[0m
[  31% ] [90m[1m_update_scan_actions[22m | imp_op_popstar_bop.ogg[39m[0m
[  31% ] [90m[1m_update_scan_actions[22m | imp_op_popstar_copy.ogg[39m[0m
[  31% ] [90m[1m_update_scan_actions[22m | imp_op_popstar_steal.ogg[39m[0m
[  31% ] [90m[1m_update_scan_actions[22m | imp_op_racer_arrive.ogg[39m[0m
[  31% ] [90m[1m_update_scan_actions[22m | imp_op_racer_bop.ogg[39m[0m
[  31% ] [90m[1m_update_scan_actions[22m | imp_op_racer_copy.ogg[39m[0m
[  31% ] [90m[1m_update_scan_actions[22m | imp_op_racer_steal.ogg[39m[0m
[  31% ] [90m[1m_update_scan_actions[22m | imp_op_retry.ogg[39m[0m
[  31% ] [90m[1m_update_scan_actions[22m | rosalina.ogg[39m[0m
[  31% ] [90m[1m_update_scan_actions[22m | rosalina_greet.ogg[39m[0m
[  31% ] [90m[1m_update_scan_actions[22m | rosalina_locked.ogg[39m[0m
[  31% ] [90m[1m_update_scan_actions[22m | rosalina_open.ogg[39m[0m
[  31% ] [90m[1m_update_scan_actions[22m | rosalina_win.ogg[39m[0m
[  32% ] [90m[1m_update_scan_actions[22m | roshan_beans.ogg[39m[0m
[  32% ] [90m[1m_update_scan_actions[22m | roshan_bump.ogg[39m[0m
[  32% ] [90m[1m_update_scan_actions[22m | roshan_fail.ogg[39m[0m
[  32% ] [90m[1m_update_scan_actions[22m | roshan_hungry.ogg[39m[0m
[  32% ] [90m[1m_update_scan_actions[22m | roshan_idle1.ogg[39m[0m
[  32% ] [90m[1m_update_scan_actions[22m | roshan_idle2.ogg[39m[0m
[  32% ] [90m[1m_update_scan_actions[22m | roshan_idle3.ogg[39m[0m
[  32% ] [90m[1m_update_scan_actions[22m | roshan_intro1.ogg[39m[0m
[  32% ] [90m[1m_update_scan_actions[22m | roshan_intro2.ogg[39m[0m
[  32% ] [90m[1m_update_scan_actions[22m | roshan_intro3.ogg[39m[0m
[  32% ] [90m[1m_update_scan_actions[22m | roshan_intro4.ogg[39m[0m
[  32% ] [90m[1m_update_scan_actions[22m | roshan_oops.ogg[39m[0m
[  32% ] [90m[1m_update_scan_actions[22m | roshan_op_astronaut_boost.ogg[39m[0m
[  32% ] [90m[1m_update_scan_actions[22m | roshan_op_astronaut_imps.ogg[39m[0m
[  32% ] [90m[1m_update_scan_actions[22m | roshan_op_astronaut_launch.ogg[39m[0m
[  32% ] [90m[1m_update_scan_actions[22m | roshan_op_astronaut_patch.ogg[39m[0m
[  32% ] [90m[1m_update_scan_actions[22m | roshan_op_astronaut_pipes.ogg[39m[0m
[  32% ] [90m[1m_update_scan_actions[22m | roshan_op_astronaut_rocket_chase.ogg[39m[0m
[  32% ] [90m[1m_update_scan_actions[22m | roshan_op_astronaut_valve.ogg[39m[0m
[  32% ] [90m[1m_update_scan_actions[22m | roshan_op_astronaut_work.ogg[39m[0m
[  32% ] [90m[1m_update_scan_actions[22m | roshan_op_ballerina_duet.ogg[39m[0m
[  32% ] [90m[1m_update_scan_actions[22m | roshan_op_ballerina_imps.ogg[39m[0m
[  32% ] [90m[1m_update_scan_actions[22m | roshan_op_ballerina_ribbon.ogg[39m[0m
[  32% ] [90m[1m_update_scan_actions[22m | roshan_op_ballerina_ribbon_chase.ogg[39m[0m
[  33% ] [90m[1m_update_scan_actions[22m | roshan_op_ballerina_steps.ogg[39m[0m
[  33% ] [90m[1m_update_scan_actions[22m | roshan_op_ballerina_twirl.ogg[39m[0m
[  33% ] [90m[1m_update_scan_actions[22m | roshan_op_ballerina_watch.ogg[39m[0m
[  33% ] [90m[1m_update_scan_actions[22m | roshan_op_ballerina_work.ogg[39m[0m
[  33% ] [90m[1m_update_scan_actions[22m | roshan_op_boxer_bell_chase.ogg[39m[0m
[  33% ] [90m[1m_update_scan_actions[22m | roshan_op_boxer_belt.ogg[39m[0m
[  33% ] [90m[1m_update_scan_actions[22m | roshan_op_boxer_duck.ogg[39m[0m
[  33% ] [90m[1m_update_scan_actions[22m | roshan_op_boxer_jab.ogg[39m[0m
[  33% ] [90m[1m_update_scan_actions[22m | roshan_op_boxer_round.ogg[39m[0m
[  33% ] [90m[1m_update_scan_actions[22m | roshan_op_boxer_spar.ogg[39m[0m
[  33% ] [90m[1m_update_scan_actions[22m | roshan_op_boxer_work.ogg[39m[0m
[  33% ] [90m[1m_update_scan_actions[22m | roshan_op_candymaker_candy_chase.ogg[39m[0m
[  33% ] [90m[1m_update_scan_actions[22m | roshan_op_candymaker_imps.ogg[39m[0m
[  33% ] [90m[1m_update_scan_actions[22m | roshan_op_candymaker_parade.ogg[39m[0m
[  33% ] [90m[1m_update_scan_actions[22m | roshan_op_candymaker_share.ogg[39m[0m
[  33% ] [90m[1m_update_scan_actions[22m | roshan_op_candymaker_sort.ogg[39m[0m
[  33% ] [90m[1m_update_scan_actions[22m | roshan_op_candymaker_syrup.ogg[39m[0m
[  33% ] [90m[1m_update_scan_actions[22m | roshan_op_candymaker_work.ogg[39m[0m
[  33% ] [90m[1m_update_scan_actions[22m | roshan_op_candymaker_wrap.ogg[39m[0m
[  33% ] [90m[1m_update_scan_actions[22m | roshan_op_chef_bake.ogg[39m[0m
[  33% ] [90m[1m_update_scan_actions[22m | roshan_op_chef_cake_chase.ogg[39m[0m
[  33% ] [90m[1m_update_scan_actions[22m | roshan_op_chef_imps.ogg[39m[0m
[  33% ] [90m[1m_update_scan_actions[22m | roshan_op_chef_pipe.ogg[39m[0m
[  34% ] [90m[1m_update_scan_actions[22m | roshan_op_chef_pour.ogg[39m[0m
[  34% ] [90m[1m_update_scan_actions[22m | roshan_op_chef_stir.ogg[39m[0m
[  34% ] [90m[1m_update_scan_actions[22m | roshan_op_chef_top.ogg[39m[0m
[  34% ] [90m[1m_update_scan_actions[22m | roshan_op_chef_work.ogg[39m[0m
[  34% ] [90m[1m_update_scan_actions[22m | roshan_op_detective_clues.ogg[39m[0m
[  34% ] [90m[1m_update_scan_actions[22m | roshan_op_detective_imps.ogg[39m[0m
[  34% ] [90m[1m_update_scan_actions[22m | roshan_op_detective_lens.ogg[39m[0m
[  34% ] [90m[1m_update_scan_actions[22m | roshan_op_detective_match.ogg[39m[0m
[  34% ] [90m[1m_update_scan_actions[22m | roshan_op_detective_name.ogg[39m[0m
[  34% ] [90m[1m_update_scan_actions[22m | roshan_op_detective_peek.ogg[39m[0m
[  34% ] [90m[1m_update_scan_actions[22m | roshan_op_detective_search.ogg[39m[0m
[  34% ] [90m[1m_update_scan_actions[22m | roshan_op_detective_tiara_chase.ogg[39m[0m
[  34% ] [90m[1m_update_scan_actions[22m | roshan_op_detective_trail.ogg[39m[0m
[  34% ] [90m[1m_update_scan_actions[22m | roshan_op_detective_work.ogg[39m[0m
[  34% ] [90m[1m_update_scan_actions[22m | roshan_op_doctor_bandage.ogg[39m[0m
[  34% ] [90m[1m_update_scan_actions[22m | roshan_op_doctor_cast.ogg[39m[0m
[  34% ] [90m[1m_update_scan_actions[22m | roshan_op_doctor_find.ogg[39m[0m
[  34% ] [90m[1m_update_scan_actions[22m | roshan_op_doctor_imps.ogg[39m[0m
[  34% ] [90m[1m_update_scan_actions[22m | roshan_op_doctor_plushy_chase.ogg[39m[0m
[  34% ] [90m[1m_update_scan_actions[22m | roshan_op_doctor_wash.ogg[39m[0m
[  34% ] [90m[1m_update_scan_actions[22m | roshan_op_doctor_work.ogg[39m[0m
[  34% ] [90m[1m_update_scan_actions[22m | roshan_op_doctor_x_ray.ogg[39m[0m
[  34% ] [90m[1m_update_scan_actions[22m | roshan_op_farmer_feed.ogg[39m[0m
[  34% ] [90m[1m_update_scan_actions[22m | roshan_op_farmer_herd.ogg[39m[0m
[  35% ] [90m[1m_update_scan_actions[22m | roshan_op_farmer_imps.ogg[39m[0m
[  35% ] [90m[1m_update_scan_actions[22m | roshan_op_farmer_mud_hop.ogg[39m[0m
[  35% ] [90m[1m_update_scan_actions[22m | roshan_op_farmer_picnic.ogg[39m[0m
[  35% ] [90m[1m_update_scan_actions[22m | roshan_op_farmer_piggy_chase.ogg[39m[0m
[  35% ] [90m[1m_update_scan_actions[22m | roshan_op_farmer_plant.ogg[39m[0m
[  35% ] [90m[1m_update_scan_actions[22m | roshan_op_farmer_work.ogg[39m[0m
[  35% ] [90m[1m_update_scan_actions[22m | roshan_op_magician_bunny_chase.ogg[39m[0m
[  35% ] [90m[1m_update_scan_actions[22m | roshan_op_magician_cabinet.ogg[39m[0m
[  35% ] [90m[1m_update_scan_actions[22m | roshan_op_magician_imps.ogg[39m[0m
[  35% ] [90m[1m_update_scan_actions[22m | roshan_op_magician_portal.ogg[39m[0m
[  35% ] [90m[1m_update_scan_actions[22m | roshan_op_magician_rope.ogg[39m[0m
[  35% ] [90m[1m_update_scan_actions[22m | roshan_op_magician_track.ogg[39m[0m
[  35% ] [90m[1m_update_scan_actions[22m | roshan_op_magician_vanish.ogg[39m[0m
[  35% ] [90m[1m_update_scan_actions[22m | roshan_op_magician_work.ogg[39m[0m
[  35% ] [90m[1m_update_scan_actions[22m | roshan_op_nursery_baby_chase.ogg[39m[0m
[  35% ] [90m[1m_update_scan_actions[22m | roshan_op_nursery_burp.ogg[39m[0m
[  35% ] [90m[1m_update_scan_actions[22m | roshan_op_nursery_imps.ogg[39m[0m
[  35% ] [90m[1m_update_scan_actions[22m | roshan_op_nursery_wash.ogg[39m[0m
[  35% ] [90m[1m_update_scan_actions[22m | roshan_op_nursery_work.ogg[39m[0m
[  35% ] [90m[1m_update_scan_actions[22m | roshan_op_painter_fill.ogg[39m[0m
[  35% ] [90m[1m_update_scan_actions[22m | roshan_op_painter_imps.ogg[39m[0m
[  35% ] [90m[1m_update_scan_actions[22m | roshan_op_painter_reveal.ogg[39m[0m
[  35% ] [90m[1m_update_scan_actions[22m | roshan_op_painter_sketch.ogg[39m[0m
[  35% ] [90m[1m_update_scan_actions[22m | roshan_op_painter_splat.ogg[39m[0m
[  36% ] [90m[1m_update_scan_actions[22m | roshan_op_painter_strokes.ogg[39m[0m
[  36% ] [90m[1m_update_scan_actions[22m | roshan_op_painter_sunrise_chase.ogg[39m[0m
[  36% ] [90m[1m_update_scan_actions[22m | roshan_op_painter_work.ogg[39m[0m
[  36% ] [90m[1m_update_scan_actions[22m | roshan_op_popstar_dance.ogg[39m[0m
[  36% ] [90m[1m_update_scan_actions[22m | roshan_op_popstar_encore.ogg[39m[0m
[  36% ] [90m[1m_update_scan_actions[22m | roshan_op_popstar_imps.ogg[39m[0m
[  36% ] [90m[1m_update_scan_actions[22m | roshan_op_popstar_mic_chase.ogg[39m[0m
[  36% ] [90m[1m_update_scan_actions[22m | roshan_op_popstar_rhythm.ogg[39m[0m
[  36% ] [90m[1m_update_scan_actions[22m | roshan_op_popstar_sound_check.ogg[39m[0m
[  36% ] [90m[1m_update_scan_actions[22m | roshan_op_popstar_work.ogg[39m[0m
[  36% ] [90m[1m_update_scan_actions[22m | roshan_op_racer_finish.ogg[39m[0m
[  36% ] [90m[1m_update_scan_actions[22m | roshan_op_racer_imps.ogg[39m[0m
[  36% ] [90m[1m_update_scan_actions[22m | roshan_op_racer_lap_two.ogg[39m[0m
[  36% ] [90m[1m_update_scan_actions[22m | roshan_op_racer_steer.ogg[39m[0m
[  36% ] [90m[1m_update_scan_actions[22m | roshan_op_racer_to_the_line.ogg[39m[0m
[  36% ] [90m[1m_update_scan_actions[22m | roshan_op_racer_trophy_chase.ogg[39m[0m
[  36% ] [90m[1m_update_scan_actions[22m | roshan_op_racer_tune_up.ogg[39m[0m
[  36% ] [90m[1m_update_scan_actions[22m | roshan_op_racer_turbo.ogg[39m[0m
[  36% ] [90m[1m_update_scan_actions[22m | roshan_op_racer_work.ogg[39m[0m
[  36% ] [90m[1m_update_scan_actions[22m | roshan_pearl2.ogg[39m[0m
[  36% ] [90m[1m_update_scan_actions[22m | roshan_pearl3.ogg[39m[0m
[  36% ] [90m[1m_update_scan_actions[22m | roshan_pearl.ogg[39m[0m
[  36% ] [90m[1m_update_scan_actions[22m | roshan_ship.ogg[39m[0m
[  36% ] [90m[1m_update_scan_actions[22m | roshan_talk.ogg[39m[0m
[  37% ] [90m[1m_update_scan_actions[22m | roshan_whale.ogg[39m[0m
[  37% ] [90m[1m_update_scan_actions[22m | roshan_win.ogg[39m[0m
[  37% ] [90m[1m_update_scan_actions[22m | roshan_wreck.ogg[39m[0m
[  37% ] [90m[1m_update_scan_actions[22m | shop.ogg[39m[0m
[  37% ] [90m[1m_update_scan_actions[22m | sparkle.ogg[39m[0m
[  37% ] [90m[1m_update_scan_actions[22m | wacky.ogg[39m[0m
[  37% ] [90m[1m_update_scan_actions[22m | wacky_fail.ogg[39m[0m
[  37% ] [90m[1m_update_scan_actions[22m | wacky_splash.ogg[39m[0m
[  37% ] [90m[1m_update_scan_actions[22m | wacky_win.ogg[39m[0m
[  37% ] [90m[1m_update_scan_actions[22m | ambience_hall.ogg[39m[0m
[  37% ] [90m[1m_update_scan_actions[22m | ambience_lagoon.ogg[39m[0m
[  37% ] [90m[1m_update_scan_actions[22m | ambience_reef.ogg[39m[0m
[  37% ] [90m[1m_update_scan_actions[22m | buy.ogg[39m[0m
[  37% ] [90m[1m_update_scan_actions[22m | buzz.ogg[39m[0m
[  37% ] [90m[1m_update_scan_actions[22m | chime.ogg[39m[0m
[  37% ] [90m[1m_update_scan_actions[22m | fart.ogg[39m[0m
[  37% ] [90m[1m_update_scan_actions[22m | hop_boing.ogg[39m[0m
[  37% ] [90m[1m_update_scan_actions[22m | penguin_giggle.ogg[39m[0m
[  37% ] [90m[1m_update_scan_actions[22m | purr.wav[39m[0m
[  37% ] [90m[1m_update_scan_actions[22m | ui_tap.ogg[39m[0m
[  37% ] [90m[1m_update_scan_actions[22m | voice_yay.mp3[39m[0m
[  37% ] [90m[1m_update_scan_actions[22m | glass_mermaid.png[39m[0m
[  37% ] [90m[1m_update_scan_actions[22m | p_flower.jpg[39m[0m
[  37% ] [90m[1m_update_scan_actions[22m | p_garden.jpg[39m[0m
[  38% ] [90m[1m_update_scan_actions[22m | p_seattle.jpg[39m[0m
[  38% ] [90m[1m_update_scan_actions[22m | p_slide.jpg[39m[0m
[  38% ] [90m[1m_update_scan_actions[22m | p_snowman.jpg[39m[0m
[  38% ] [90m[1m_update_scan_actions[22m | p_trampoline.jpg[39m[0m
[  38% ] [90m[1m_update_scan_actions[22m | p_xmas.jpg[39m[0m
[  38% ] [90m[1m_update_scan_actions[22m | baby_doll2.png[39m[0m
[  38% ] [90m[1m_update_scan_actions[22m | baby_doll3.png[39m[0m
[  38% ] [90m[1m_update_scan_actions[22m | baby_doll.png[39m[0m
[  38% ] [90m[1m_update_scan_actions[22m | baby_eagle.png[39m[0m
[  38% ] [90m[1m_update_scan_actions[22m | chuck_solo.png[39m[0m
[  38% ] [90m[1m_update_scan_actions[22m | doll_bunny.png[39m[0m
[  38% ] [90m[1m_update_scan_actions[22m | doll_cat.png[39m[0m
[  38% ] [90m[1m_update_scan_actions[22m | flower_girl.png[39m[0m
[  38% ] [90m[1m_update_scan_actions[22m | friendship_flower.png[39m[0m
[  38% ] [90m[1m_update_scan_actions[22m | kareem_shop.jpg[39m[0m
[  38% ] [90m[1m_update_scan_actions[22m | lake_winter.jpg[39m[0m
[  38% ] [90m[1m_update_scan_actions[22m | nursery_bg.jpg[39m[0m
[  38% ] [90m[1m_update_scan_actions[22m | grime_desk.png[39m[0m
[  38% ] [90m[1m_update_scan_actions[22m | grime_left.png[39m[0m
[  38% ] [90m[1m_update_scan_actions[22m | grime_right.png[39m[0m
[  38% ] [90m[1m_update_scan_actions[22m | loose_brush_bundle.png[39m[0m
[  38% ] [90m[1m_update_scan_actions[22m | magic_cleaning_brush.png[39m[0m
[  38% ] [90m[1m_update_scan_actions[22m | paint_bottle_blue.png[39m[0m
[  38% ] [90m[1m_update_scan_actions[22m | paint_bottle_pink.png[39m[0m
[  39% ] [90m[1m_update_scan_actions[22m | paint_cups.png[39m[0m
[  39% ] [90m[1m_update_scan_actions[22m | cleanup_basket.png[39m[0m
[  39% ] [90m[1m_update_scan_actions[22m | floating_trash_atlas.png[39m[0m
[  39% ] [90m[1m_update_scan_actions[22m | pool_skimmer.png[39m[0m
[  39% ] [90m[1m_update_scan_actions[22m | seahorse_mouth_trash.png[39m[0m
[  39% ] [90m[1m_update_scan_actions[22m | seahorse_sick_clear_mouth.png[39m[0m
[  39% ] [90m[1m_update_scan_actions[22m | waterfall_clogged_original_match.png[39m[0m
[  39% ] [90m[1m_update_scan_actions[22m | waterfall_scrubber.png[39m[0m
[  39% ] [90m[1m_update_scan_actions[22m | pool_algae_trash.png[39m[0m
[  39% ] [90m[1m_update_scan_actions[22m | pool_rim_grime.png[39m[0m
[  39% ] [90m[1m_update_scan_actions[22m | seahorse_sick.png[39m[0m
[  39% ] [90m[1m_update_scan_actions[22m | waterfall_clogged_turgid.png[39m[0m
[  39% ] [90m[1m_update_scan_actions[22m | waterfall_growth.png[39m[0m
[  39% ] [90m[1m_update_scan_actions[22m | dust_bunny_curl_ears.png[39m[0m
[  39% ] [90m[1m_update_scan_actions[22m | dust_bunny_family.png[39m[0m
[  39% ] [90m[1m_update_scan_actions[22m | dust_bunny_hop.png[39m[0m
[  39% ] [90m[1m_update_scan_actions[22m | dust_bunny_shell_hide.png[39m[0m
[  39% ] [90m[1m_update_scan_actions[22m | dust_bunny_sleepy.png[39m[0m
[  39% ] [90m[1m_update_scan_actions[22m | dust_bunny_swimming.png[39m[0m
[  39% ] [90m[1m_update_scan_actions[22m | fx_clean_ring.png[39m[0m
[  39% ] [90m[1m_update_scan_actions[22m | fx_soap_bubbles.png[39m[0m
[  39% ] [90m[1m_update_scan_actions[22m | fx_wipe_swoosh.png[39m[0m
[  39% ] [90m[1m_update_scan_actions[22m | target_bath_soap_ring.png[39m[0m
[  39% ] [90m[1m_update_scan_actions[22m | target_cloudy_mirror.png[39m[0m
[  40% ] [90m[1m_update_scan_actions[22m | target_floor_scuff.png[39m[0m
[  40% ] [90m[1m_update_scan_actions[22m | target_sink_grime_v1.png[39m[0m
[  40% ] [90m[1m_update_scan_actions[22m | target_tub_grime_v1.png[39m[0m
[  40% ] [90m[1m_update_scan_actions[22m | tool_magic_cleaner_v1.png[39m[0m
[  40% ] [90m[1m_update_scan_actions[22m | tool_star_sponge.png[39m[0m
[  40% ] [90m[1m_update_scan_actions[22m | ghost_hand.png[39m[0m
[  40% ] [90m[1m_update_scan_actions[22m | training_grotto_backdrop.png[39m[0m
[  40% ] [90m[1m_update_scan_actions[22m | verb_chip_hold.png[39m[0m
[  40% ] [90m[1m_update_scan_actions[22m | verb_chip_tap.png[39m[0m
[  40% ] [90m[1m_update_scan_actions[22m | bed_nano_fabric_bed_1.png[39m[0m
[  40% ] [90m[1m_update_scan_actions[22m | bed_nano_fabric_bed_3.png[39m[0m
[  40% ] [90m[1m_update_scan_actions[22m | bed_nano_fabric_bed_4.png[39m[0m
[  40% ] [90m[1m_update_scan_actions[22m | bed_nano_wood_bed_2.png[39m[0m
[  40% ] [90m[1m_update_scan_actions[22m | throne_nano_fabric_throne_2.png[39m[0m
[  40% ] [90m[1m_update_scan_actions[22m | throne_nano_wood_throne_1.png[39m[0m
[  40% ] [90m[1m_update_scan_actions[22m | chapter2_candied_strawberries_tray.png[39m[0m
[  40% ] [90m[1m_update_scan_actions[22m | chapter2_chef_baked_tiers_unstacked.png[39m[0m
[  40% ] [90m[1m_update_scan_actions[22m | chapter2_chef_batter_stirred.png[39m[0m
[  40% ] [90m[1m_update_scan_actions[22m | chapter2_chef_batter_unstirred.png[39m[0m
[  40% ] [90m[1m_update_scan_actions[22m | chapter2_chef_frosted_rainbow_cake.png[39m[0m
[  40% ] [90m[1m_update_scan_actions[22m | chapter2_chef_stacked_unfrosted_cake.png[39m[0m
[  40% ] [90m[1m_update_scan_actions[22m | chapter2_grand_candied_strawberry_cake.png[39m[0m
[  40% ] [90m[1m_update_scan_actions[22m | chapter2_grand_five_strawberry_cake.png[39m[0m
[  40% ] [90m[1m_update_scan_actions[22m | rainbow_candle_large_flame.png[39m[0m
[  41% ] [90m[1m_update_scan_actions[22m | rainbow_candle_unlit.png[39m[0m
[  41% ] [90m[1m_update_scan_actions[22m | sky_lagoon_strawberry_cluster.png[39m[0m
[  41% ] [90m[1m_update_scan_actions[22m | sky_lagoon_strawberry_single.png[39m[0m
[  41% ] [90m[1m_update_scan_actions[22m | daddy.webp[39m[0m
[  41% ] [90m[1m_update_scan_actions[22m | flower_friend.png[39m[0m
[  41% ] [90m[1m_update_scan_actions[22m | huluu.png[39m[0m
[  41% ] [90m[1m_update_scan_actions[22m | kareem.png[39m[0m
[  41% ] [90m[1m_update_scan_actions[22m | mama_baby.png[39m[0m
[  41% ] [90m[1m_update_scan_actions[22m | pearl_friend.png[39m[0m
[  41% ] [90m[1m_update_scan_actions[22m | two_friends.png[39m[0m
[  41% ] [90m[1m_update_scan_actions[22m | wacky_chuck.png[39m[0m
[  41% ] [90m[1m_update_scan_actions[22m | roshan_base.png[39m[0m
[  41% ] [90m[1m_update_scan_actions[22m | roshan_directional.png[39m[0m
[  41% ] [90m[1m_update_scan_actions[22m | roshan_gestures.png[39m[0m
[  41% ] [90m[1m_update_scan_actions[22m | roshan_gesture_a.png[39m[0m
[  41% ] [90m[1m_update_scan_actions[22m | roshan_gesture_b.png[39m[0m
[  41% ] [90m[1m_update_scan_actions[22m | roshan_gesture_c.png[39m[0m
[  41% ] [90m[1m_update_scan_actions[22m | roshan_gesture_d.png[39m[0m
[  41% ] [90m[1m_update_scan_actions[22m | roshan_play.png[39m[0m
[  41% ] [90m[1m_update_scan_actions[22m | roshan_play_a.png[39m[0m
[  41% ] [90m[1m_update_scan_actions[22m | roshan_play_b.png[39m[0m
[  41% ] [90m[1m_update_scan_actions[22m | roshan_swim.png[39m[0m
[  41% ] [90m[1m_update_scan_actions[22m | roshan_swim_back.png[39m[0m
[  42% ] [90m[1m_update_scan_actions[22m | roshan_swim_front.png[39m[0m
[  42% ] [90m[1m_update_scan_actions[22m | rumi_eight_pose_runtime.png[39m[0m
[  42% ] [90m[1m_update_scan_actions[22m | rumi_pool_idle_swim_atlas.png[39m[0m
[  42% ] [90m[1m_update_scan_actions[22m | fairy_mermaid.png[39m[0m
[  42% ] [90m[1m_update_scan_actions[22m | fairy_wing_card.png[39m[0m
[  42% ] [90m[1m_update_scan_actions[22m | daddy.png[39m[0m
[  42% ] [90m[1m_update_scan_actions[22m | flower_friend.png[39m[0m
[  42% ] [90m[1m_update_scan_actions[22m | huluu.png[39m[0m
[  42% ] [90m[1m_update_scan_actions[22m | kareem.png[39m[0m
[  42% ] [90m[1m_update_scan_actions[22m | mama_baby.png[39m[0m
[  42% ] [90m[1m_update_scan_actions[22m | pearl_friend.png[39m[0m
[  42% ] [90m[1m_update_scan_actions[22m | two_friends.png[39m[0m
[  42% ] [90m[1m_update_scan_actions[22m | wacky_chuck.png[39m[0m
[  42% ] [90m[1m_update_scan_actions[22m | chuck_poodle_rigged_base_color.jpg[39m[0m
[  42% ] [90m[1m_update_scan_actions[22m | chuck_poodle_rigged_metallic_roughness.jpg[39m[0m
[  42% ] [90m[1m_update_scan_actions[22m | chuck_poodle_rigged_normal.jpg[39m[0m
[  42% ] [90m[1m_update_scan_actions[22m | fairy_fairy_mermaid.png[39m[0m
[  42% ] [90m[1m_update_scan_actions[22m | huluu_huluu.png[39m[0m
[  42% ] [90m[1m_update_scan_actions[22m | lamb_0.png[39m[0m
[  42% ] [90m[1m_update_scan_actions[22m | roshan_sprite.png[39m[0m
[  42% ] [90m[1m_update_scan_actions[22m | boss_bloom.png[39m[0m
[  42% ] [90m[1m_update_scan_actions[22m | boss_bud.png[39m[0m
[  42% ] [90m[1m_update_scan_actions[22m | boss_leaf.png[39m[0m
[  42% ] [90m[1m_update_scan_actions[22m | boss_opening.png[39m[0m
[  43% ] [90m[1m_update_scan_actions[22m | boss_seed.png[39m[0m
[  43% ] [90m[1m_update_scan_actions[22m | boss_sprout.png[39m[0m
[  43% ] [90m[1m_update_scan_actions[22m | bug_firefly.png[39m[0m
[  43% ] [90m[1m_update_scan_actions[22m | bug_jewel.png[39m[0m
[  43% ] [90m[1m_update_scan_actions[22m | bug_moth.png[39m[0m
[  43% ] [90m[1m_update_scan_actions[22m | danger_thorn_halo.png[39m[0m
[  43% ] [90m[1m_update_scan_actions[22m | helpful_flower_gate.png[39m[0m
[  43% ] [90m[1m_update_scan_actions[22m | ornament_lavender_reeds.png[39m[0m
[  43% ] [90m[1m_update_scan_actions[22m | ornament_lily_cluster.png[39m[0m
[  43% ] [90m[1m_update_scan_actions[22m | pond_panorama.png[39m[0m
[  43% ] [90m[1m_update_scan_actions[22m | bedside_table.png[39m[0m
[  43% ] [90m[1m_update_scan_actions[22m | canopy_bed.png[39m[0m
[  43% ] [90m[1m_update_scan_actions[22m | cloud_pouf.png[39m[0m
[  43% ] [90m[1m_update_scan_actions[22m | cloud_settee.png[39m[0m
[  43% ] [90m[1m_update_scan_actions[22m | dining_seat.png[39m[0m
[  43% ] [90m[1m_update_scan_actions[22m | dining_table.png[39m[0m
[  43% ] [90m[1m_update_scan_actions[22m | dream_bed_0.png[39m[0m
[  43% ] [90m[1m_update_scan_actions[22m | dream_bed_1.png[39m[0m
[  43% ] [90m[1m_update_scan_actions[22m | dream_bed_2.png[39m[0m
[  43% ] [90m[1m_update_scan_actions[22m | family_portal_dining.png[39m[0m
[  43% ] [90m[1m_update_scan_actions[22m | family_portal_movie_lounge.png[39m[0m
[  43% ] [90m[1m_update_scan_actions[22m | family_portal_royal_bedroom.png[39m[0m
[  43% ] [90m[1m_update_scan_actions[22m | family_portal_sleepover_bedroom.png[39m[0m
[  43% ] [90m[1m_update_scan_actions[22m | family_wing_hall_insert.png[39m[0m
[  44% ] [90m[1m_update_scan_actions[22m | family_wing_portal.png[39m[0m
[  44% ] [90m[1m_update_scan_actions[22m | meal_plate.png[39m[0m
[  44% ] [90m[1m_update_scan_actions[22m | movie_screen_frame.png[39m[0m
[  44% ] [90m[1m_update_scan_actions[22m | provisions_hutch.png[39m[0m
[  44% ] [90m[1m_update_scan_actions[22m | shell_chandelier.png[39m[0m
[  44% ] [90m[1m_update_scan_actions[22m | shell_popcorn_bowl.png[39m[0m
[  44% ] [90m[1m_update_scan_actions[22m | shell_wardrobe.png[39m[0m
[  44% ] [90m[1m_update_scan_actions[22m | story_cushion.png[39m[0m
[  44% ] [90m[1m_update_scan_actions[22m | butterfly_gate_available.png[39m[0m
[  44% ] [90m[1m_update_scan_actions[22m | moonflower_door_closed.png[39m[0m
[  44% ] [90m[1m_update_scan_actions[22m | moonflower_door_open.png[39m[0m
[  44% ] [90m[1m_update_scan_actions[22m | bubble_bath_bathtub_atlas.png[39m[0m
[  44% ] [90m[1m_update_scan_actions[22m | bubble_bath_rubber_duck_atlas.png[39m[0m
[  44% ] [90m[1m_update_scan_actions[22m | bubble_bath_sink_atlas.png[39m[0m
[  44% ] [90m[1m_update_scan_actions[22m | bubble_bath_toilet_atlas.png[39m[0m
[  44% ] [90m[1m_update_scan_actions[22m | craft_room_idea_board_atlas.png[39m[0m
[  44% ] [90m[1m_update_scan_actions[22m | craft_room_paint_table_atlas.png[39m[0m
[  44% ] [90m[1m_update_scan_actions[22m | craft_room_palette_atlas.png[39m[0m
[  44% ] [90m[1m_update_scan_actions[22m | craft_room_ribbon_rack_atlas.png[39m[0m
[  44% ] [90m[1m_update_scan_actions[22m | kitchen_fridge_atlas.png[39m[0m
[  44% ] [90m[1m_update_scan_actions[22m | kitchen_oven_atlas.png[39m[0m
[  44% ] [90m[1m_update_scan_actions[22m | kitchen_pan_1_atlas.png[39m[0m
[  44% ] [90m[1m_update_scan_actions[22m | kitchen_pan_2_atlas.png[39m[0m
[  44% ] [90m[1m_update_scan_actions[22m | kitchen_pan_3_atlas.png[39m[0m
[  45% ] [90m[1m_update_scan_actions[22m | kitchen_pan_4_atlas.png[39m[0m
[  45% ] [90m[1m_update_scan_actions[22m | kitchen_sink_atlas.png[39m[0m
[  45% ] [90m[1m_update_scan_actions[22m | library_book_stack_atlas.png[39m[0m
[  45% ] [90m[1m_update_scan_actions[22m | library_magic_book_atlas.png[39m[0m
[  45% ] [90m[1m_update_scan_actions[22m | library_pearl_lamp_atlas.png[39m[0m
[  45% ] [90m[1m_update_scan_actions[22m | library_pearl_table_atlas.png[39m[0m
[  45% ] [90m[1m_update_scan_actions[22m | main_hall_sconce_atlas.png[39m[0m
[  45% ] [90m[1m_update_scan_actions[22m | main_hall_tapestry_atlas.png[39m[0m
[  45% ] [90m[1m_update_scan_actions[22m | mermaid_pool_bubble_fountain_atlas.png[39m[0m
[  45% ] [90m[1m_update_scan_actions[22m | mermaid_pool_flower_float_atlas.png[39m[0m
[  45% ] [90m[1m_update_scan_actions[22m | mermaid_pool_seahorse_fountain_atlas.png[39m[0m
[  45% ] [90m[1m_update_scan_actions[22m | mermaid_pool_star_float_atlas.png[39m[0m
[  45% ] [90m[1m_update_scan_actions[22m | mermaid_pool_waterfall_atlas.png[39m[0m
[  45% ] [90m[1m_update_scan_actions[22m | opera_hall_chandelier_atlas.png[39m[0m
[  45% ] [90m[1m_update_scan_actions[22m | opera_hall_curtains_atlas.png[39m[0m
[  45% ] [90m[1m_update_scan_actions[22m | opera_hall_footlights_atlas.png[39m[0m
[  45% ] [90m[1m_update_scan_actions[22m | opera_hall_stage_star_atlas.png[39m[0m
[  45% ] [90m[1m_update_scan_actions[22m | playroom_blocks_atlas.png[39m[0m
[  45% ] [90m[1m_update_scan_actions[22m | playroom_play_tent_atlas.png[39m[0m
[  45% ] [90m[1m_update_scan_actions[22m | playroom_stacking_toy_atlas.png[39m[0m
[  45% ] [90m[1m_update_scan_actions[22m | playroom_stuffie_nook_atlas.png[39m[0m
[  45% ] [90m[1m_update_scan_actions[22m | bubble_bath_bathtub_sheet.png[39m[0m
[  45% ] [90m[1m_update_scan_actions[22m | bubble_bath_rubber_duck_sheet.png[39m[0m
[  45% ] [90m[1m_update_scan_actions[22m | bubble_bath_sink_sheet.png[39m[0m
[  46% ] [90m[1m_update_scan_actions[22m | bubble_bath_toilet_sheet.png[39m[0m
[  46% ] [90m[1m_update_scan_actions[22m | craft_room_idea_board_sheet.png[39m[0m
[  46% ] [90m[1m_update_scan_actions[22m | craft_room_paint_table_sheet.png[39m[0m
[  46% ] [90m[1m_update_scan_actions[22m | craft_room_palette_sheet.png[39m[0m
[  46% ] [90m[1m_update_scan_actions[22m | craft_room_ribbon_rack_sheet.png[39m[0m
[  46% ] [90m[1m_update_scan_actions[22m | kitchen_fridge_sheet.png[39m[0m
[  46% ] [90m[1m_update_scan_actions[22m | kitchen_oven_sheet.png[39m[0m
[  46% ] [90m[1m_update_scan_actions[22m | kitchen_pan_1_sheet.png[39m[0m
[  46% ] [90m[1m_update_scan_actions[22m | kitchen_pan_2_sheet.png[39m[0m
[  46% ] [90m[1m_update_scan_actions[22m | kitchen_pan_3_sheet.png[39m[0m
[  46% ] [90m[1m_update_scan_actions[22m | kitchen_pan_4_sheet.png[39m[0m
[  46% ] [90m[1m_update_scan_actions[22m | kitchen_sink_sheet.png[39m[0m
[  46% ] [90m[1m_update_scan_actions[22m | library_book_stack_sheet.png[39m[0m
[  46% ] [90m[1m_update_scan_actions[22m | library_magic_book_sheet.png[39m[0m
[  46% ] [90m[1m_update_scan_actions[22m | library_pearl_lamp_sheet.png[39m[0m
[  46% ] [90m[1m_update_scan_actions[22m | library_pearl_table_sheet.png[39m[0m
[  46% ] [90m[1m_update_scan_actions[22m | main_hall_sconce_sheet.png[39m[0m
[  46% ] [90m[1m_update_scan_actions[22m | main_hall_tapestry_sheet.png[39m[0m
[  46% ] [90m[1m_update_scan_actions[22m | mermaid_pool_bubble_fountain_sheet.png[39m[0m
[  46% ] [90m[1m_update_scan_actions[22m | mermaid_pool_flower_float_sheet.png[39m[0m
[  46% ] [90m[1m_update_scan_actions[22m | mermaid_pool_star_float_sheet.png[39m[0m
[  46% ] [90m[1m_update_scan_actions[22m | mermaid_pool_waterfall_sheet.png[39m[0m
[  46% ] [90m[1m_update_scan_actions[22m | opera_hall_chandelier_sheet.png[39m[0m
[  46% ] [90m[1m_update_scan_actions[22m | opera_hall_curtains_sheet.png[39m[0m
[  47% ] [90m[1m_update_scan_actions[22m | opera_hall_footlights_sheet.png[39m[0m
[  47% ] [90m[1m_update_scan_actions[22m | opera_hall_stage_star_sheet.png[39m[0m
[  47% ] [90m[1m_update_scan_actions[22m | playroom_blocks_sheet.png[39m[0m
[  47% ] [90m[1m_update_scan_actions[22m | playroom_play_tent_sheet.png[39m[0m
[  47% ] [90m[1m_update_scan_actions[22m | playroom_stacking_toy_sheet.png[39m[0m
[  47% ] [90m[1m_update_scan_actions[22m | playroom_stuffie_nook_sheet.png[39m[0m
[  47% ] [90m[1m_update_scan_actions[22m | room_bubble_bath_background.png[39m[0m
[  47% ] [90m[1m_update_scan_actions[22m | room_craft_room_background.png[39m[0m
[  47% ] [90m[1m_update_scan_actions[22m | room_kitchen_background.png[39m[0m
[  47% ] [90m[1m_update_scan_actions[22m | room_library_background.png[39m[0m
[  47% ] [90m[1m_update_scan_actions[22m | room_mermaid_pool_background.png[39m[0m
[  47% ] [90m[1m_update_scan_actions[22m | room_opera_hall_background.png[39m[0m
[  47% ] [90m[1m_update_scan_actions[22m | room_playroom_background.png[39m[0m
[  47% ] [90m[1m_update_scan_actions[22m | room_bubble_bath_background_r0_c0.png[39m[0m
[  47% ] [90m[1m_update_scan_actions[22m | room_bubble_bath_background_r0_c1.png[39m[0m
[  47% ] [90m[1m_update_scan_actions[22m | room_bubble_bath_background_r0_c2.png[39m[0m
[  47% ] [90m[1m_update_scan_actions[22m | room_bubble_bath_background_r0_c3.png[39m[0m
[  47% ] [90m[1m_update_scan_actions[22m | room_bubble_bath_background_r1_c0.png[39m[0m
[  47% ] [90m[1m_update_scan_actions[22m | room_bubble_bath_background_r1_c1.png[39m[0m
[  47% ] [90m[1m_update_scan_actions[22m | room_bubble_bath_background_r1_c2.png[39m[0m
[  47% ] [90m[1m_update_scan_actions[22m | room_bubble_bath_background_r1_c3.png[39m[0m
[  47% ] [90m[1m_update_scan_actions[22m | room_craft_room_background_r0_c0.png[39m[0m
[  47% ] [90m[1m_update_scan_actions[22m | room_craft_room_background_r0_c1.png[39m[0m
[  47% ] [90m[1m_update_scan_actions[22m | room_craft_room_background_r0_c2.png[39m[0m
[  48% ] [90m[1m_update_scan_actions[22m | room_craft_room_background_r0_c3.png[39m[0m
[  48% ] [90m[1m_update_scan_actions[22m | room_craft_room_background_r1_c0.png[39m[0m
[  48% ] [90m[1m_update_scan_actions[22m | room_craft_room_background_r1_c1.png[39m[0m
[  48% ] [90m[1m_update_scan_actions[22m | room_craft_room_background_r1_c2.png[39m[0m
[  48% ] [90m[1m_update_scan_actions[22m | room_craft_room_background_r1_c3.png[39m[0m
[  48% ] [90m[1m_update_scan_actions[22m | room_kitchen_background_r0_c0.png[39m[0m
[  48% ] [90m[1m_update_scan_actions[22m | room_kitchen_background_r0_c1.png[39m[0m
[  48% ] [90m[1m_update_scan_actions[22m | room_kitchen_background_r0_c2.png[39m[0m
[  48% ] [90m[1m_update_scan_actions[22m | room_kitchen_background_r0_c3.png[39m[0m
[  48% ] [90m[1m_update_scan_actions[22m | room_kitchen_background_r1_c0.png[39m[0m
[  48% ] [90m[1m_update_scan_actions[22m | room_kitchen_background_r1_c1.png[39m[0m
[  48% ] [90m[1m_update_scan_actions[22m | room_kitchen_background_r1_c2.png[39m[0m
[  48% ] [90m[1m_update_scan_actions[22m | room_kitchen_background_r1_c3.png[39m[0m
[  48% ] [90m[1m_update_scan_actions[22m | room_kitchen_background_r2_c0.png[39m[0m
[  48% ] [90m[1m_update_scan_actions[22m | room_kitchen_background_r2_c1.png[39m[0m
[  48% ] [90m[1m_update_scan_actions[22m | room_kitchen_background_r2_c2.png[39m[0m
[  48% ] [90m[1m_update_scan_actions[22m | room_kitchen_background_r2_c3.png[39m[0m
[  48% ] [90m[1m_update_scan_actions[22m | room_library_background_r0_c0.png[39m[0m
[  48% ] [90m[1m_update_scan_actions[22m | room_library_background_r0_c1.png[39m[0m
[  48% ] [90m[1m_update_scan_actions[22m | room_library_background_r0_c2.png[39m[0m
[  48% ] [90m[1m_update_scan_actions[22m | room_library_background_r0_c3.png[39m[0m
[  48% ] [90m[1m_update_scan_actions[22m | room_library_background_r1_c0.png[39m[0m
[  48% ] [90m[1m_update_scan_actions[22m | room_library_background_r1_c1.png[39m[0m
[  48% ] [90m[1m_update_scan_actions[22m | room_library_background_r1_c2.png[39m[0m
[  49% ] [90m[1m_update_scan_actions[22m | room_library_background_r1_c3.png[39m[0m
[  49% ] [90m[1m_update_scan_actions[22m | room_mermaid_pool_background_r0_c0.png[39m[0m
[  49% ] [90m[1m_update_scan_actions[22m | room_mermaid_pool_background_r0_c1.png[39m[0m
[  49% ] [90m[1m_update_scan_actions[22m | room_mermaid_pool_background_r0_c2.png[39m[0m
[  49% ] [90m[1m_update_scan_actions[22m | room_mermaid_pool_background_r0_c3.png[39m[0m
[  49% ] [90m[1m_update_scan_actions[22m | room_mermaid_pool_background_r1_c0.png[39m[0m
[  49% ] [90m[1m_update_scan_actions[22m | room_mermaid_pool_background_r1_c1.png[39m[0m
[  49% ] [90m[1m_update_scan_actions[22m | room_mermaid_pool_background_r1_c2.png[39m[0m
[  49% ] [90m[1m_update_scan_actions[22m | room_mermaid_pool_background_r1_c3.png[39m[0m
[  49% ] [90m[1m_update_scan_actions[22m | room_opera_hall_background_r0_c0.png[39m[0m
[  49% ] [90m[1m_update_scan_actions[22m | room_opera_hall_background_r0_c1.png[39m[0m
[  49% ] [90m[1m_update_scan_actions[22m | room_opera_hall_background_r0_c2.png[39m[0m
[  49% ] [90m[1m_update_scan_actions[22m | room_opera_hall_background_r0_c3.png[39m[0m
[  49% ] [90m[1m_update_scan_actions[22m | room_opera_hall_background_r1_c0.png[39m[0m
[  49% ] [90m[1m_update_scan_actions[22m | room_opera_hall_background_r1_c1.png[39m[0m
[  49% ] [90m[1m_update_scan_actions[22m | room_opera_hall_background_r1_c2.png[39m[0m
[  49% ] [90m[1m_update_scan_actions[22m | room_opera_hall_background_r1_c3.png[39m[0m
[  49% ] [90m[1m_update_scan_actions[22m | room_playroom_background_r0_c0.png[39m[0m
[  49% ] [90m[1m_update_scan_actions[22m | room_playroom_background_r0_c1.png[39m[0m
[  49% ] [90m[1m_update_scan_actions[22m | room_playroom_background_r0_c2.png[39m[0m
[  49% ] [90m[1m_update_scan_actions[22m | room_playroom_background_r0_c3.png[39m[0m
[  49% ] [90m[1m_update_scan_actions[22m | room_playroom_background_r1_c0.png[39m[0m
[  49% ] [90m[1m_update_scan_actions[22m | room_playroom_background_r1_c1.png[39m[0m
[  50% ] [90m[1m_update_scan_actions[22m | room_playroom_background_r1_c2.png[39m[0m
[  50% ] [90m[1m_update_scan_actions[22m | room_playroom_background_r1_c3.png[39m[0m
[  50% ] [90m[1m_update_scan_actions[22m | bubble_bath_vanity_mirror_rest.png[39m[0m
[  50% ] [90m[1m_update_scan_actions[22m | craft_room_supply_cupboard_left_rest.png[39m[0m
[  50% ] [90m[1m_update_scan_actions[22m | kitchen_fridge_rest.png[39m[0m
[  50% ] [90m[1m_update_scan_actions[22m | library_ceiling_chandelier_rest.png[39m[0m
[  50% ] [90m[1m_update_scan_actions[22m | library_pearl_lamp_right_rest.png[39m[0m
[  50% ] [90m[1m_update_scan_actions[22m | mermaid_pool_flower_float_rest.png[39m[0m
[  50% ] [90m[1m_update_scan_actions[22m | mermaid_pool_seahorse_fountain_rest.png[39m[0m
[  50% ] [90m[1m_update_scan_actions[22m | mermaid_pool_star_float_rest.png[39m[0m
[  50% ] [90m[1m_update_scan_actions[22m | mermaid_pool_waterfall_rest.png[39m[0m
[  50% ] [90m[1m_update_scan_actions[22m | opera_hall_pearl_sconce_left_rest.png[39m[0m
[  50% ] [90m[1m_update_scan_actions[22m | opera_hall_pearl_sconce_right_rest.png[39m[0m
[  50% ] [90m[1m_update_scan_actions[22m | playroom_shelf_sailboat_rest.png[39m[0m
[  50% ] [90m[1m_update_scan_actions[22m | bubble_bath_vanity_mirror_sheet.png[39m[0m
[  50% ] [90m[1m_update_scan_actions[22m | craft_room_supply_cupboard_left_sheet.png[39m[0m
[  50% ] [90m[1m_update_scan_actions[22m | kitchen_fridge_sheet.png[39m[0m
[  50% ] [90m[1m_update_scan_actions[22m | library_ceiling_chandelier_sheet.png[39m[0m
[  50% ] [90m[1m_update_scan_actions[22m | library_pearl_lamp_right_sheet.png[39m[0m
[  50% ] [90m[1m_update_scan_actions[22m | mermaid_pool_flower_float_sheet.png[39m[0m
[  50% ] [90m[1m_update_scan_actions[22m | mermaid_pool_seahorse_fountain_sheet.png[39m[0m
[  50% ] [90m[1m_update_scan_actions[22m | mermaid_pool_star_float_sheet.png[39m[0m
[  50% ] [90m[1m_update_scan_actions[22m | mermaid_pool_waterfall_sheet.png[39m[0m
[  50% ] [90m[1m_update_scan_actions[22m | opera_hall_pearl_sconce_left_sheet.png[39m[0m
[  51% ] [90m[1m_update_scan_actions[22m | opera_hall_pearl_sconce_right_sheet.png[39m[0m
[  51% ] [90m[1m_update_scan_actions[22m | playroom_shelf_sailboat_sheet.png[39m[0m
[  51% ] [90m[1m_update_scan_actions[22m | castle_banner_gold.png[39m[0m
[  51% ] [90m[1m_update_scan_actions[22m | castle_banner_mint.png[39m[0m
[  51% ] [90m[1m_update_scan_actions[22m | castle_banner_motif_butterfly.png[39m[0m
[  51% ] [90m[1m_update_scan_actions[22m | castle_banner_motif_crown.png[39m[0m
[  51% ] [90m[1m_update_scan_actions[22m | castle_banner_motif_dog.png[39m[0m
[  51% ] [90m[1m_update_scan_actions[22m | castle_banner_motif_heart.png[39m[0m
[  51% ] [90m[1m_update_scan_actions[22m | castle_banner_motif_kitty.png[39m[0m
[  51% ] [90m[1m_update_scan_actions[22m | castle_banner_motif_rainbow.png[39m[0m
[  51% ] [90m[1m_update_scan_actions[22m | castle_banner_motif_shell.png[39m[0m
[  51% ] [90m[1m_update_scan_actions[22m | castle_banner_motif_star.png[39m[0m
[  51% ] [90m[1m_update_scan_actions[22m | castle_banner_ocean.png[39m[0m
[  51% ] [90m[1m_update_scan_actions[22m | castle_banner_pink.png[39m[0m
[  51% ] [90m[1m_update_scan_actions[22m | castle_banner_purple.png[39m[0m
[  51% ] [90m[1m_update_scan_actions[22m | castle_banner_rainbow.png[39m[0m
[  51% ] [90m[1m_update_scan_actions[22m | main_hall_room_led_r0_c0_bleed.png[39m[0m
[  51% ] [90m[1m_update_scan_actions[22m | main_hall_room_led_r0_c1_bleed.png[39m[0m
[  51% ] [90m[1m_update_scan_actions[22m | main_hall_room_led_r0_c2_bleed.png[39m[0m
[  51% ] [90m[1m_update_scan_actions[22m | main_hall_room_led_r0_c3_bleed.png[39m[0m
[  51% ] [90m[1m_update_scan_actions[22m | main_hall_room_led_r1_c0_bleed.png[39m[0m
[  51% ] [90m[1m_update_scan_actions[22m | main_hall_room_led_r1_c1_bleed.png[39m[0m
[  51% ] [90m[1m_update_scan_actions[22m | main_hall_room_led_r1_c2_bleed.png[39m[0m
[  51% ] [90m[1m_update_scan_actions[22m | main_hall_room_led_r1_c3_bleed.png[39m[0m
[  52% ] [90m[1m_update_scan_actions[22m | main_hall_room_led_r0_c0.png[39m[0m
[  52% ] [90m[1m_update_scan_actions[22m | main_hall_room_led_r0_c1.png[39m[0m
[  52% ] [90m[1m_update_scan_actions[22m | main_hall_room_led_r0_c2.png[39m[0m
[  52% ] [90m[1m_update_scan_actions[22m | main_hall_room_led_r0_c3.png[39m[0m
[  52% ] [90m[1m_update_scan_actions[22m | main_hall_room_led_r1_c0.png[39m[0m
[  52% ] [90m[1m_update_scan_actions[22m | main_hall_room_led_r1_c1.png[39m[0m
[  52% ] [90m[1m_update_scan_actions[22m | main_hall_room_led_r1_c2.png[39m[0m
[  52% ] [90m[1m_update_scan_actions[22m | main_hall_room_led_r1_c3.png[39m[0m
[  52% ] [90m[1m_update_scan_actions[22m | castle_join_column_cutout_reuse.png[39m[0m
[  52% ] [90m[1m_update_scan_actions[22m | castle_join_floor_inlay_reuse.png[39m[0m
[  52% ] [90m[1m_update_scan_actions[22m | castle_playroom_portal_cutout_reuse.png[39m[0m
[  52% ] [90m[1m_update_scan_actions[22m | castle_playroom_portal_reuse.png[39m[0m
[  52% ] [90m[1m_update_scan_actions[22m | castle_royal_tapestry_reuse.png[39m[0m
[  52% ] [90m[1m_update_scan_actions[22m | castle_sconce_glow_reuse.png[39m[0m
[  52% ] [90m[1m_update_scan_actions[22m | castle_shell_sconce_assembly.png[39m[0m
[  52% ] [90m[1m_update_scan_actions[22m | castle_shell_sconce_integrated_reuse.png[39m[0m
[  52% ] [90m[1m_update_scan_actions[22m | castle_shell_sconce_touchable.png[39m[0m
[  52% ] [90m[1m_update_scan_actions[22m | main_hall_screen_a_room_led_master.png[39m[0m
[  52% ] [90m[1m_update_scan_actions[22m | main_hall_screen_b_room_led_master.png[39m[0m
[  52% ] [90m[1m_update_scan_actions[22m | main_hall_retained_shell_throne.png[39m[0m
[  52% ] [90m[1m_update_scan_actions[22m | sign_bubble_bath.png[39m[0m
[  52% ] [90m[1m_update_scan_actions[22m | sign_craft_room.png[39m[0m
[  52% ] [90m[1m_update_scan_actions[22m | sign_family_gallery.png[39m[0m
[  52% ] [90m[1m_update_scan_actions[22m | sign_kitchen.png[39m[0m
[  53% ] [90m[1m_update_scan_actions[22m | sign_library.png[39m[0m
[  53% ] [90m[1m_update_scan_actions[22m | sign_mermaid_pool.png[39m[0m
[  53% ] [90m[1m_update_scan_actions[22m | sign_opera_hall.png[39m[0m
[  53% ] [90m[1m_update_scan_actions[22m | sign_playroom.png[39m[0m
[  53% ] [90m[1m_update_scan_actions[22m | main_hall_room_led_r0_c0.png[39m[0m
[  53% ] [90m[1m_update_scan_actions[22m | main_hall_room_led_r0_c1.png[39m[0m
[  53% ] [90m[1m_update_scan_actions[22m | main_hall_room_led_r0_c2.png[39m[0m
[  53% ] [90m[1m_update_scan_actions[22m | main_hall_room_led_r0_c3.png[39m[0m
[  53% ] [90m[1m_update_scan_actions[22m | main_hall_room_led_r0_c4.png[39m[0m
[  53% ] [90m[1m_update_scan_actions[22m | main_hall_room_led_r0_c5.png[39m[0m
[  53% ] [90m[1m_update_scan_actions[22m | main_hall_room_led_r0_c6.png[39m[0m
[  53% ] [90m[1m_update_scan_actions[22m | main_hall_room_led_r0_c7.png[39m[0m
[  53% ] [90m[1m_update_scan_actions[22m | main_hall_room_led_r1_c0.png[39m[0m
[  53% ] [90m[1m_update_scan_actions[22m | main_hall_room_led_r1_c1.png[39m[0m
[  53% ] [90m[1m_update_scan_actions[22m | main_hall_room_led_r1_c2.png[39m[0m
[  53% ] [90m[1m_update_scan_actions[22m | main_hall_room_led_r1_c3.png[39m[0m
[  53% ] [90m[1m_update_scan_actions[22m | main_hall_room_led_r1_c4.png[39m[0m
[  53% ] [90m[1m_update_scan_actions[22m | main_hall_room_led_r1_c5.png[39m[0m
[  53% ] [90m[1m_update_scan_actions[22m | main_hall_room_led_r1_c6.png[39m[0m
[  53% ] [90m[1m_update_scan_actions[22m | main_hall_room_led_r1_c7.png[39m[0m
[  53% ] [90m[1m_update_scan_actions[22m | room_opera_house_venue_background_r0_c0.png[39m[0m
[  53% ] [90m[1m_update_scan_actions[22m | room_opera_house_venue_background_r0_c1.png[39m[0m
[  53% ] [90m[1m_update_scan_actions[22m | room_opera_house_venue_background_r0_c2.png[39m[0m
[  53% ] [90m[1m_update_scan_actions[22m | room_opera_house_venue_background_r0_c3.png[39m[0m
[  54% ] [90m[1m_update_scan_actions[22m | room_opera_house_venue_background_r1_c0.png[39m[0m
[  54% ] [90m[1m_update_scan_actions[22m | room_opera_house_venue_background_r1_c1.png[39m[0m
[  54% ] [90m[1m_update_scan_actions[22m | room_opera_house_venue_background_r1_c2.png[39m[0m
[  54% ] [90m[1m_update_scan_actions[22m | room_opera_house_venue_background_r1_c3.png[39m[0m
[  54% ] [90m[1m_update_scan_actions[22m | room_opera_house_venue.png[39m[0m
[  54% ] [90m[1m_update_scan_actions[22m | room_bubble_bath_background_r0_c0.png[39m[0m
[  54% ] [90m[1m_update_scan_actions[22m | room_bubble_bath_background_r0_c1.png[39m[0m
[  54% ] [90m[1m_update_scan_actions[22m | room_bubble_bath_background_r0_c2.png[39m[0m
[  54% ] [90m[1m_update_scan_actions[22m | room_bubble_bath_background_r0_c3.png[39m[0m
[  54% ] [90m[1m_update_scan_actions[22m | room_bubble_bath_background_r1_c0.png[39m[0m
[  54% ] [90m[1m_update_scan_actions[22m | room_bubble_bath_background_r1_c1.png[39m[0m
[  54% ] [90m[1m_update_scan_actions[22m | room_bubble_bath_background_r1_c2.png[39m[0m
[  54% ] [90m[1m_update_scan_actions[22m | room_bubble_bath_background_r1_c3.png[39m[0m
[  54% ] [90m[1m_update_scan_actions[22m | room_craft_room_background_r0_c0.png[39m[0m
[  54% ] [90m[1m_update_scan_actions[22m | room_craft_room_background_r0_c1.png[39m[0m
[  54% ] [90m[1m_update_scan_actions[22m | room_craft_room_background_r0_c2.png[39m[0m
[  54% ] [90m[1m_update_scan_actions[22m | room_craft_room_background_r0_c3.png[39m[0m
[  54% ] [90m[1m_update_scan_actions[22m | room_craft_room_background_r1_c0.png[39m[0m
[  54% ] [90m[1m_update_scan_actions[22m | room_craft_room_background_r1_c1.png[39m[0m
[  54% ] [90m[1m_update_scan_actions[22m | room_craft_room_background_r1_c2.png[39m[0m
[  54% ] [90m[1m_update_scan_actions[22m | room_craft_room_background_r1_c3.png[39m[0m
[  54% ] [90m[1m_update_scan_actions[22m | room_dining_room_background_r0_c0.png[39m[0m
[  54% ] [90m[1m_update_scan_actions[22m | room_dining_room_background_r0_c1.png[39m[0m
[  54% ] [90m[1m_update_scan_actions[22m | room_dining_room_background_r1_c0.png[39m[0m
[  55% ] [90m[1m_update_scan_actions[22m | room_dining_room_background_r1_c1.png[39m[0m
[  55% ] [90m[1m_update_scan_actions[22m | room_family_gallery_background_r0_c0.png[39m[0m
[  55% ] [90m[1m_update_scan_actions[22m | room_family_gallery_background_r0_c1.png[39m[0m
[  55% ] [90m[1m_update_scan_actions[22m | room_family_gallery_background_r1_c0.png[39m[0m
[  55% ] [90m[1m_update_scan_actions[22m | room_family_gallery_background_r1_c1.png[39m[0m
[  55% ] [90m[1m_update_scan_actions[22m | room_kitchen_background_r0_c0.png[39m[0m
[  55% ] [90m[1m_update_scan_actions[22m | room_kitchen_background_r0_c1.png[39m[0m
[  55% ] [90m[1m_update_scan_actions[22m | room_kitchen_background_r0_c2.png[39m[0m
[  55% ] [90m[1m_update_scan_actions[22m | room_kitchen_background_r0_c3.png[39m[0m
[  55% ] [90m[1m_update_scan_actions[22m | room_kitchen_background_r1_c0.png[39m[0m
[  55% ] [90m[1m_update_scan_actions[22m | room_kitchen_background_r1_c1.png[39m[0m
[  55% ] [90m[1m_update_scan_actions[22m | room_kitchen_background_r1_c2.png[39m[0m
[  55% ] [90m[1m_update_scan_actions[22m | room_kitchen_background_r1_c3.png[39m[0m
[  55% ] [90m[1m_update_scan_actions[22m | room_kitchen_background_r2_c0.png[39m[0m
[  55% ] [90m[1m_update_scan_actions[22m | room_kitchen_background_r2_c1.png[39m[0m
[  55% ] [90m[1m_update_scan_actions[22m | room_kitchen_background_r2_c2.png[39m[0m
[  55% ] [90m[1m_update_scan_actions[22m | room_kitchen_background_r2_c3.png[39m[0m
[  55% ] [90m[1m_update_scan_actions[22m | room_library_background_r0_c0.png[39m[0m
[  55% ] [90m[1m_update_scan_actions[22m | room_library_background_r0_c1.png[39m[0m
[  55% ] [90m[1m_update_scan_actions[22m | room_library_background_r0_c2.png[39m[0m
[  55% ] [90m[1m_update_scan_actions[22m | room_library_background_r0_c3.png[39m[0m
[  55% ] [90m[1m_update_scan_actions[22m | room_library_background_r1_c0.png[39m[0m
[  55% ] [90m[1m_update_scan_actions[22m | room_library_background_r1_c1.png[39m[0m
[  55% ] [90m[1m_update_scan_actions[22m | room_library_background_r1_c2.png[39m[0m
[  56% ] [90m[1m_update_scan_actions[22m | room_library_background_r1_c3.png[39m[0m
[  56% ] [90m[1m_update_scan_actions[22m | room_mermaid_pool_background_r0_c0.png[39m[0m
[  56% ] [90m[1m_update_scan_actions[22m | room_mermaid_pool_background_r0_c1.png[39m[0m
[  56% ] [90m[1m_update_scan_actions[22m | room_mermaid_pool_background_r0_c2.png[39m[0m
[  56% ] [90m[1m_update_scan_actions[22m | room_mermaid_pool_background_r0_c3.png[39m[0m
[  56% ] [90m[1m_update_scan_actions[22m | room_mermaid_pool_background_r1_c0.png[39m[0m
[  56% ] [90m[1m_update_scan_actions[22m | room_mermaid_pool_background_r1_c1.png[39m[0m
[  56% ] [90m[1m_update_scan_actions[22m | room_mermaid_pool_background_r1_c2.png[39m[0m
[  56% ] [90m[1m_update_scan_actions[22m | room_mermaid_pool_background_r1_c3.png[39m[0m
[  56% ] [90m[1m_update_scan_actions[22m | room_movie_lounge_background_r0_c0.png[39m[0m
[  56% ] [90m[1m_update_scan_actions[22m | room_movie_lounge_background_r0_c1.png[39m[0m
[  56% ] [90m[1m_update_scan_actions[22m | room_movie_lounge_background_r1_c0.png[39m[0m
[  56% ] [90m[1m_update_scan_actions[22m | room_movie_lounge_background_r1_c1.png[39m[0m
[  56% ] [90m[1m_update_scan_actions[22m | room_opera_hall_background_r0_c0.png[39m[0m
[  56% ] [90m[1m_update_scan_actions[22m | room_opera_hall_background_r0_c1.png[39m[0m
[  56% ] [90m[1m_update_scan_actions[22m | room_opera_hall_background_r0_c2.png[39m[0m
[  56% ] [90m[1m_update_scan_actions[22m | room_opera_hall_background_r0_c3.png[39m[0m
[  56% ] [90m[1m_update_scan_actions[22m | room_opera_hall_background_r1_c0.png[39m[0m
[  56% ] [90m[1m_update_scan_actions[22m | room_opera_hall_background_r1_c1.png[39m[0m
[  56% ] [90m[1m_update_scan_actions[22m | room_opera_hall_background_r1_c2.png[39m[0m
[  56% ] [90m[1m_update_scan_actions[22m | room_opera_hall_background_r1_c3.png[39m[0m
[  56% ] [90m[1m_update_scan_actions[22m | room_playroom_background_r0_c0.png[39m[0m
[  56% ] [90m[1m_update_scan_actions[22m | room_playroom_background_r0_c1.png[39m[0m
[  56% ] [90m[1m_update_scan_actions[22m | room_playroom_background_r0_c2.png[39m[0m
[  57% ] [90m[1m_update_scan_actions[22m | room_playroom_background_r0_c3.png[39m[0m
[  57% ] [90m[1m_update_scan_actions[22m | room_playroom_background_r1_c0.png[39m[0m
[  57% ] [90m[1m_update_scan_actions[22m | room_playroom_background_r1_c1.png[39m[0m
[  57% ] [90m[1m_update_scan_actions[22m | room_playroom_background_r1_c2.png[39m[0m
[  57% ] [90m[1m_update_scan_actions[22m | room_playroom_background_r1_c3.png[39m[0m
[  57% ] [90m[1m_update_scan_actions[22m | room_royal_bedroom_background_r0_c0.png[39m[0m
[  57% ] [90m[1m_update_scan_actions[22m | room_royal_bedroom_background_r0_c1.png[39m[0m
[  57% ] [90m[1m_update_scan_actions[22m | room_royal_bedroom_background_r1_c0.png[39m[0m
[  57% ] [90m[1m_update_scan_actions[22m | room_royal_bedroom_background_r1_c1.png[39m[0m
[  57% ] [90m[1m_update_scan_actions[22m | room_sleepover_bedroom_background_r0_c0.png[39m[0m
[  57% ] [90m[1m_update_scan_actions[22m | room_sleepover_bedroom_background_r0_c1.png[39m[0m
[  57% ] [90m[1m_update_scan_actions[22m | room_sleepover_bedroom_background_r1_c0.png[39m[0m
[  57% ] [90m[1m_update_scan_actions[22m | room_sleepover_bedroom_background_r1_c1.png[39m[0m
[  57% ] [90m[1m_update_scan_actions[22m | room_actor_shadow.png[39m[0m
[  57% ] [90m[1m_update_scan_actions[22m | room_bubble_bath.png[39m[0m
[  57% ] [90m[1m_update_scan_actions[22m | room_bubble_bath_background.png[39m[0m
[  57% ] [90m[1m_update_scan_actions[22m | room_bubble_bath_dirty_day_one.png[39m[0m
[  57% ] [90m[1m_update_scan_actions[22m | room_bubble_bath_dirty_drained_day_one.png[39m[0m
[  57% ] [90m[1m_update_scan_actions[22m | room_bubble_bath_front_left.png[39m[0m
[  57% ] [90m[1m_update_scan_actions[22m | room_bubble_bath_front_right.png[39m[0m
[  57% ] [90m[1m_update_scan_actions[22m | room_bubble_bath_item_bathtub.png[39m[0m
[  57% ] [90m[1m_update_scan_actions[22m | room_bubble_bath_item_rubber_duck.png[39m[0m
[  57% ] [90m[1m_update_scan_actions[22m | room_bubble_bath_item_sink.png[39m[0m
[  57% ] [90m[1m_update_scan_actions[22m | room_bubble_bath_item_toilet.png[39m[0m
[  58% ] [90m[1m_update_scan_actions[22m | room_craft_room.png[39m[0m
[  58% ] [90m[1m_update_scan_actions[22m | room_craft_room_background.png[39m[0m
[  58% ] [90m[1m_update_scan_actions[22m | room_craft_room_front_left.png[39m[0m
[  58% ] [90m[1m_update_scan_actions[22m | room_craft_room_front_right.png[39m[0m
[  58% ] [90m[1m_update_scan_actions[22m | room_craft_room_item_idea_board.png[39m[0m
[  58% ] [90m[1m_update_scan_actions[22m | room_craft_room_item_paint_table.png[39m[0m
[  58% ] [90m[1m_update_scan_actions[22m | room_craft_room_item_palette.png[39m[0m
[  58% ] [90m[1m_update_scan_actions[22m | room_craft_room_item_ribbon_rack.png[39m[0m
[  58% ] [90m[1m_update_scan_actions[22m | room_dining_room_background.png[39m[0m
[  58% ] [90m[1m_update_scan_actions[22m | room_family_gallery_background.png[39m[0m
[  58% ] [90m[1m_update_scan_actions[22m | room_kitchen.png[39m[0m
[  58% ] [90m[1m_update_scan_actions[22m | room_kitchen_background.png[39m[0m
[  58% ] [90m[1m_update_scan_actions[22m | room_kitchen_front_left.png[39m[0m
[  58% ] [90m[1m_update_scan_actions[22m | room_kitchen_front_right.png[39m[0m
[  58% ] [90m[1m_update_scan_actions[22m | room_kitchen_item_fridge.png[39m[0m
[  58% ] [90m[1m_update_scan_actions[22m | room_kitchen_item_oven.png[39m[0m
[  58% ] [90m[1m_update_scan_actions[22m | room_kitchen_item_pan_1.png[39m[0m
[  58% ] [90m[1m_update_scan_actions[22m | room_kitchen_item_pan_2.png[39m[0m
[  58% ] [90m[1m_update_scan_actions[22m | room_kitchen_item_pan_3.png[39m[0m
[  58% ] [90m[1m_update_scan_actions[22m | room_kitchen_item_pan_4.png[39m[0m
[  58% ] [90m[1m_update_scan_actions[22m | room_kitchen_item_sink.png[39m[0m
[  58% ] [90m[1m_update_scan_actions[22m | room_kitchen_item_soup_pot.png[39m[0m
[  58% ] [90m[1m_update_scan_actions[22m | room_kitchen_item_teapot.png[39m[0m
[  59% ] [90m[1m_update_scan_actions[22m | room_library.png[39m[0m
[  59% ] [90m[1m_update_scan_actions[22m | room_library_background.png[39m[0m
[  59% ] [90m[1m_update_scan_actions[22m | room_library_front_left.png[39m[0m
[  59% ] [90m[1m_update_scan_actions[22m | room_library_front_right.png[39m[0m
[  59% ] [90m[1m_update_scan_actions[22m | room_library_item_book_stack.png[39m[0m
[  59% ] [90m[1m_update_scan_actions[22m | room_library_item_magic_book.png[39m[0m
[  59% ] [90m[1m_update_scan_actions[22m | room_library_item_pearl_lamp.png[39m[0m
[  59% ] [90m[1m_update_scan_actions[22m | room_library_item_pearl_table.png[39m[0m
[  59% ] [90m[1m_update_scan_actions[22m | room_main_hall.png[39m[0m
[  59% ] [90m[1m_update_scan_actions[22m | room_main_hall_background.png[39m[0m
[  59% ] [90m[1m_update_scan_actions[22m | room_main_hall_background_v2.png[39m[0m
[  59% ] [90m[1m_update_scan_actions[22m | room_main_hall_front_left.png[39m[0m
[  59% ] [90m[1m_update_scan_actions[22m | room_main_hall_front_right.png[39m[0m
[  59% ] [90m[1m_update_scan_actions[22m | room_main_hall_item_fountain_left.png[39m[0m
[  59% ] [90m[1m_update_scan_actions[22m | room_main_hall_item_fountain_left_v2.png[39m[0m
[  59% ] [90m[1m_update_scan_actions[22m | room_main_hall_item_fountain_right.png[39m[0m
[  59% ] [90m[1m_update_scan_actions[22m | room_main_hall_item_fountain_right_v2.png[39m[0m
[  59% ] [90m[1m_update_scan_actions[22m | room_main_hall_item_throne.png[39m[0m
[  59% ] [90m[1m_update_scan_actions[22m | room_mermaid_pool.png[39m[0m
[  59% ] [90m[1m_update_scan_actions[22m | room_mermaid_pool_background.png[39m[0m
[  59% ] [90m[1m_update_scan_actions[22m | room_mermaid_pool_front_left.png[39m[0m
[  59% ] [90m[1m_update_scan_actions[22m | room_mermaid_pool_front_right.png[39m[0m
[  59% ] [90m[1m_update_scan_actions[22m | room_mermaid_pool_item_bubble_fountain.png[39m[0m
[  59% ] [90m[1m_update_scan_actions[22m | room_mermaid_pool_item_flower_float.png[39m[0m
[  60% ] [90m[1m_update_scan_actions[22m | room_mermaid_pool_item_seahorse_fountain.png[39m[0m
[  60% ] [90m[1m_update_scan_actions[22m | room_mermaid_pool_item_star_float.png[39m[0m
[  60% ] [90m[1m_update_scan_actions[22m | room_mermaid_pool_item_waterfall.png[39m[0m
[  60% ] [90m[1m_update_scan_actions[22m | room_mermaid_pool_mid_pool.png[39m[0m
[  60% ] [90m[1m_update_scan_actions[22m | room_movie_lounge_background.png[39m[0m
[  60% ] [90m[1m_update_scan_actions[22m | room_opera_hall.png[39m[0m
[  60% ] [90m[1m_update_scan_actions[22m | room_opera_hall_background.png[39m[0m
[  60% ] [90m[1m_update_scan_actions[22m | room_opera_hall_front_left.png[39m[0m
[  60% ] [90m[1m_update_scan_actions[22m | room_opera_hall_front_right.png[39m[0m
[  60% ] [90m[1m_update_scan_actions[22m | room_opera_hall_item_chandelier.png[39m[0m
[  60% ] [90m[1m_update_scan_actions[22m | room_opera_hall_item_curtains.png[39m[0m
[  60% ] [90m[1m_update_scan_actions[22m | room_opera_hall_item_footlights.png[39m[0m
[  60% ] [90m[1m_update_scan_actions[22m | room_opera_hall_item_stage_star.png[39m[0m
[  60% ] [90m[1m_update_scan_actions[22m | room_playroom.png[39m[0m
[  60% ] [90m[1m_update_scan_actions[22m | room_playroom_background.png[39m[0m
[  60% ] [90m[1m_update_scan_actions[22m | room_playroom_front_left.png[39m[0m
[  60% ] [90m[1m_update_scan_actions[22m | room_playroom_front_right.png[39m[0m
[  60% ] [90m[1m_update_scan_actions[22m | room_playroom_item_blocks.png[39m[0m
[  60% ] [90m[1m_update_scan_actions[22m | room_playroom_item_play_tent.png[39m[0m
[  60% ] [90m[1m_update_scan_actions[22m | room_playroom_item_stacking_toy.png[39m[0m
[  60% ] [90m[1m_update_scan_actions[22m | room_playroom_item_stuffie_nook.png[39m[0m
[  60% ] [90m[1m_update_scan_actions[22m | room_royal_bedroom_background.png[39m[0m
[  60% ] [90m[1m_update_scan_actions[22m | room_sleepover_bedroom_background.png[39m[0m
[  60% ] [90m[1m_update_scan_actions[22m | handoff_background_r0_c0.png[39m[0m
[  61% ] [90m[1m_update_scan_actions[22m | handoff_background_r0_c1.png[39m[0m
[  61% ] [90m[1m_update_scan_actions[22m | handoff_background_r0_c2.png[39m[0m
[  61% ] [90m[1m_update_scan_actions[22m | handoff_background_r0_c3.png[39m[0m
[  61% ] [90m[1m_update_scan_actions[22m | handoff_background_r1_c0.png[39m[0m
[  61% ] [90m[1m_update_scan_actions[22m | handoff_background_r1_c1.png[39m[0m
[  61% ] [90m[1m_update_scan_actions[22m | handoff_background_r1_c2.png[39m[0m
[  61% ] [90m[1m_update_scan_actions[22m | handoff_background_r1_c3.png[39m[0m
[  61% ] [90m[1m_update_scan_actions[22m | butterfly_house.png[39m[0m
[  61% ] [90m[1m_update_scan_actions[22m | rainbow_walkway.png[39m[0m
[  61% ] [90m[1m_update_scan_actions[22m | flat_sky_lagoon_main_panorama_tile_0.png[39m[0m
[  61% ] [90m[1m_update_scan_actions[22m | flat_sky_lagoon_main_panorama_tile_1.png[39m[0m
[  61% ] [90m[1m_update_scan_actions[22m | flat_sky_lagoon_main_panorama_tile_2.png[39m[0m
[  61% ] [90m[1m_update_scan_actions[22m | flat_sky_lagoon_main_panorama_v2_tile_0.png[39m[0m
[  61% ] [90m[1m_update_scan_actions[22m | flat_sky_lagoon_main_panorama_v2_tile_1.png[39m[0m
[  61% ] [90m[1m_update_scan_actions[22m | flat_sky_lagoon_main_panorama_v2_tile_2.png[39m[0m
[  61% ] [90m[1m_update_scan_actions[22m | flat_sky_lagoon_main_panorama_v2_tile_3.png[39m[0m
[  61% ] [90m[1m_update_scan_actions[22m | flat_sky_lagoon_main_panorama_v4_tile_r0_c0.png[39m[0m
[  61% ] [90m[1m_update_scan_actions[22m | flat_sky_lagoon_main_panorama_v4_tile_r0_c1.png[39m[0m
[  61% ] [90m[1m_update_scan_actions[22m | flat_sky_lagoon_main_panorama_v4_tile_r0_c2.png[39m[0m
[  61% ] [90m[1m_update_scan_actions[22m | flat_sky_lagoon_main_panorama_v4_tile_r0_c3.png[39m[0m
[  61% ] [90m[1m_update_scan_actions[22m | flat_sky_lagoon_main_panorama_v4_tile_r0_c4.png[39m[0m
[  61% ] [90m[1m_update_scan_actions[22m | flat_sky_lagoon_main_panorama_v4_tile_r0_c5.png[39m[0m
[  61% ] [90m[1m_update_scan_actions[22m | flat_sky_lagoon_main_panorama_v4_tile_r1_c0.png[39m[0m
[  61% ] [90m[1m_update_scan_actions[22m | flat_sky_lagoon_main_panorama_v4_tile_r1_c1.png[39m[0m
[  62% ] [90m[1m_update_scan_actions[22m | flat_sky_lagoon_main_panorama_v4_tile_r1_c2.png[39m[0m
[  62% ] [90m[1m_update_scan_actions[22m | flat_sky_lagoon_main_panorama_v4_tile_r1_c3.png[39m[0m
[  62% ] [90m[1m_update_scan_actions[22m | flat_sky_lagoon_main_panorama_v4_tile_r1_c4.png[39m[0m
[  62% ] [90m[1m_update_scan_actions[22m | flat_sky_lagoon_main_panorama_v4_tile_r1_c5.png[39m[0m
[  62% ] [90m[1m_update_scan_actions[22m | flat_sky_lagoon_main_panorama_v5_tile_r0_c0.png[39m[0m
[  62% ] [90m[1m_update_scan_actions[22m | flat_sky_lagoon_main_panorama_v5_tile_r0_c1.png[39m[0m
[  62% ] [90m[1m_update_scan_actions[22m | flat_sky_lagoon_main_panorama_v5_tile_r0_c2.png[39m[0m
[  62% ] [90m[1m_update_scan_actions[22m | flat_sky_lagoon_main_panorama_v5_tile_r0_c3.png[39m[0m
[  62% ] [90m[1m_update_scan_actions[22m | flat_sky_lagoon_main_panorama_v5_tile_r0_c4.png[39m[0m
[  62% ] [90m[1m_update_scan_actions[22m | flat_sky_lagoon_main_panorama_v5_tile_r0_c5.png[39m[0m
[  62% ] [90m[1m_update_scan_actions[22m | flat_sky_lagoon_main_panorama_v5_tile_r1_c0.png[39m[0m
[  62% ] [90m[1m_update_scan_actions[22m | flat_sky_lagoon_main_panorama_v5_tile_r1_c1.png[39m[0m
[  62% ] [90m[1m_update_scan_actions[22m | flat_sky_lagoon_main_panorama_v5_tile_r1_c2.png[39m[0m
[  62% ] [90m[1m_update_scan_actions[22m | flat_sky_lagoon_main_panorama_v5_tile_r1_c3.png[39m[0m
[  62% ] [90m[1m_update_scan_actions[22m | flat_sky_lagoon_main_panorama_v5_tile_r1_c4.png[39m[0m
[  62% ] [90m[1m_update_scan_actions[22m | flat_sky_lagoon_main_panorama_v5_tile_r1_c5.png[39m[0m
[  62% ] [90m[1m_update_scan_actions[22m | beetle_Tex_Beetle.png[39m[0m
[  62% ] [90m[1m_update_scan_actions[22m | butterfly1_butterflyTxt.png[39m[0m
[  62% ] [90m[1m_update_scan_actions[22m | butterfly2_PUSHILIN_butterfly.png[39m[0m
[  62% ] [90m[1m_update_scan_actions[22m | crystal1_texture_1.png[39m[0m
[  62% ] [90m[1m_update_scan_actions[22m | crystal2_texture_1.png[39m[0m
[  62% ] [90m[1m_update_scan_actions[22m | crystal3_texture_1.png[39m[0m
[  62% ] [90m[1m_update_scan_actions[22m | crystal_castle_Diffuse_palette_2.jpg[39m[0m
[  62% ] [90m[1m_update_scan_actions[22m | ladybug_Tex_LadyBug.png[39m[0m
[  63% ] [90m[1m_update_scan_actions[22m | tray_nano_wood_tray_1.png[39m[0m
[  63% ] [90m[1m_update_scan_actions[22m | tray_plate_oval_001.png[39m[0m
[  63% ] [90m[1m_update_scan_actions[22m | trop_bigleaf_nano_grass_trop_bigleaf_1.png[39m[0m
[  63% ] [90m[1m_update_scan_actions[22m | trop_bigleaf_nano_grass_trop_bigleaf_2.png[39m[0m
[  63% ] [90m[1m_update_scan_actions[22m | trop_bigleaf_nano_grass_trop_bigleaf_3.png[39m[0m
[  63% ] [90m[1m_update_scan_actions[22m | trop_bigleaf_nano_grass_trop_bigleaf_4.png[39m[0m
[  63% ] [90m[1m_update_scan_actions[22m | trop_bigleaf_nano_grass_trop_bigleaf_5.png[39m[0m
[  63% ] [90m[1m_update_scan_actions[22m | trop_bigleaf_nano_grass_trop_bigleaf_6.png[39m[0m
[  63% ] [90m[1m_update_scan_actions[22m | trop_bigleaf_nano_grass_trop_bigleaf_7.png[39m[0m
[  63% ] [90m[1m_update_scan_actions[22m | trop_bigleaf_nano_grass_trop_bigleaf_8.png[39m[0m
[  63% ] [90m[1m_update_scan_actions[22m | trop_bigleaf_nano_grass_trop_bigleaf_9.png[39m[0m
[  63% ] [90m[1m_update_scan_actions[22m | trop_bigleaf_nano_grass_trop_bigleaf_10.png[39m[0m
[  63% ] [90m[1m_update_scan_actions[22m | trop_bigleaf_nano_grass_trop_bigleaf_11.png[39m[0m
[  63% ] [90m[1m_update_scan_actions[22m | trop_bigleaf_nano_grass_trop_bigleaf_12.png[39m[0m
[  63% ] [90m[1m_update_scan_actions[22m | trop_bigleaf_nano_grass_trop_bigleaf_13.png[39m[0m
[  63% ] [90m[1m_update_scan_actions[22m | trop_bigleaf_nano_grass_trop_bigleaf_14.png[39m[0m
[  63% ] [90m[1m_update_scan_actions[22m | trop_fern_Leaves.png[39m[0m
[  63% ] [90m[1m_update_scan_actions[22m | trop_fern_nano_grass_trop_fern_1.png[39m[0m
[  63% ] [90m[1m_update_scan_actions[22m | trop_monstera_nano_grass_trop_monstera_1.png[39m[0m
[  63% ] [90m[1m_update_scan_actions[22m | trop_monstera_tiny_treats_texture_1.png[39m[0m
[  63% ] [90m[1m_update_scan_actions[22m | trop_palm1_nano_grass_trop_palm1_2.png[39m[0m
[  63% ] [90m[1m_update_scan_actions[22m | trop_palm1_nano_wood_trop_palm1_1.png[39m[0m
[  63% ] [90m[1m_update_scan_actions[22m | trop_palm1_nano_wood_trop_palm1_3.png[39m[0m
[  63% ] [90m[1m_update_scan_actions[22m | trop_palm2_CoconutPalmTree_BaseColor.png[39m[0m
[  64% ] [90m[1m_update_scan_actions[22m | trop_palm2_nano_wood_trop_palm2_1.png[39m[0m
[  64% ] [90m[1m_update_scan_actions[22m | adaptive_bg_432.png[39m[0m
[  64% ] [90m[1m_update_scan_actions[22m | adaptive_fg_432.png[39m[0m
[  64% ] [90m[1m_update_scan_actions[22m | icon_192.png[39m[0m
[  64% ] [90m[1m_update_scan_actions[22m | boost_ribbon.png[39m[0m
[  64% ] [90m[1m_update_scan_actions[22m | finish_banner.png[39m[0m
[  64% ] [90m[1m_update_scan_actions[22m | flag_colormap.png[39m[0m
[  64% ] [90m[1m_update_scan_actions[22m | tower-square_colormap.png[39m[0m
[  64% ] [90m[1m_update_scan_actions[22m | bench_tiny_treats_texture_1.png[39m[0m
[  64% ] [90m[1m_update_scan_actions[22m | fountain_tiny_treats_texture_1.png[39m[0m
[  64% ] [90m[1m_update_scan_actions[22m | bird_accent.png[39m[0m
[  64% ] [90m[1m_update_scan_actions[22m | bird_body.png[39m[0m
[  64% ] [90m[1m_update_scan_actions[22m | bird_line.png[39m[0m
[  64% ] [90m[1m_update_scan_actions[22m | butterfly.png[39m[0m
[  64% ] [90m[1m_update_scan_actions[22m | carrot.png[39m[0m
[  64% ] [90m[1m_update_scan_actions[22m | cat_accent.png[39m[0m
[  64% ] [90m[1m_update_scan_actions[22m | cat_body.png[39m[0m
[  64% ] [90m[1m_update_scan_actions[22m | cat_line.png[39m[0m
[  64% ] [90m[1m_update_scan_actions[22m | coal.png[39m[0m
[  64% ] [90m[1m_update_scan_actions[22m | fish_body.png[39m[0m
[  64% ] [90m[1m_update_scan_actions[22m | fish_fins.png[39m[0m
[  64% ] [90m[1m_update_scan_actions[22m | fish_line.png[39m[0m
[  64% ] [90m[1m_update_scan_actions[22m | flower2.png[39m[0m
[  64% ] [90m[1m_update_scan_actions[22m | flower3.png[39m[0m
[  65% ] [90m[1m_update_scan_actions[22m | flower4.png[39m[0m
[  65% ] [90m[1m_update_scan_actions[22m | flower.png[39m[0m
[  65% ] [90m[1m_update_scan_actions[22m | k_bush2.png[39m[0m
[  65% ] [90m[1m_update_scan_actions[22m | k_bush.png[39m[0m
[  65% ] [90m[1m_update_scan_actions[22m | k_flower1.png[39m[0m
[  65% ] [90m[1m_update_scan_actions[22m | k_flower2.png[39m[0m
[  65% ] [90m[1m_update_scan_actions[22m | k_pine.png[39m[0m
[  65% ] [90m[1m_update_scan_actions[22m | k_sprout.png[39m[0m
[  65% ] [90m[1m_update_scan_actions[22m | k_xmastree.png[39m[0m
[  65% ] [90m[1m_update_scan_actions[22m | orn1.png[39m[0m
[  65% ] [90m[1m_update_scan_actions[22m | orn2.png[39m[0m
[  65% ] [90m[1m_update_scan_actions[22m | orn3.png[39m[0m
[  65% ] [90m[1m_update_scan_actions[22m | orn4.png[39m[0m
[  65% ] [90m[1m_update_scan_actions[22m | orn5.png[39m[0m
[  65% ] [90m[1m_update_scan_actions[22m | rainbow_swatch.png[39m[0m
[  65% ] [90m[1m_update_scan_actions[22m | seed.png[39m[0m
[  65% ] [90m[1m_update_scan_actions[22m | snowman.png[39m[0m
[  65% ] [90m[1m_update_scan_actions[22m | sprout.png[39m[0m
[  65% ] [90m[1m_update_scan_actions[22m | star.png[39m[0m
[  65% ] [90m[1m_update_scan_actions[22m | sun.png[39m[0m
[  65% ] [90m[1m_update_scan_actions[22m | tree.png[39m[0m
[  65% ] [90m[1m_update_scan_actions[22m | wateringcan.png[39m[0m
[  65% ] [90m[1m_update_scan_actions[22m | xtree.png[39m[0m
[  65% ] [90m[1m_update_scan_actions[22m | evie_animation.png[39m[0m
[  66% ] [90m[1m_update_scan_actions[22m | evie_portrait.png[39m[0m
[  66% ] [90m[1m_update_scan_actions[22m | lamma_animation.png[39m[0m
[  66% ] [90m[1m_update_scan_actions[22m | grass_leafsLarge_nano_grass_grass_leafsLarge_1.png[39m[0m
[  66% ] [90m[1m_update_scan_actions[22m | plant_bush_nano_grass_plant_bush_1.png[39m[0m
[  66% ] [90m[1m_update_scan_actions[22m | opera_rival_boxer_match.png[39m[0m
[  66% ] [90m[1m_update_scan_actions[22m | opera_rival_racer_portrait.png[39m[0m
[  66% ] [90m[1m_update_scan_actions[22m | roshan_astronaut_sheet_a.png[39m[0m
[  66% ] [90m[1m_update_scan_actions[22m | roshan_ballerina_sheet_a.png[39m[0m
[  66% ] [90m[1m_update_scan_actions[22m | roshan_boxer_sheet_a.png[39m[0m
[  66% ] [90m[1m_update_scan_actions[22m | roshan_candymaker_sheet_a.png[39m[0m
[  66% ] [90m[1m_update_scan_actions[22m | roshan_chef_sheet_a.png[39m[0m
[  66% ] [90m[1m_update_scan_actions[22m | roshan_detective_sheet_a.png[39m[0m
[  66% ] [90m[1m_update_scan_actions[22m | roshan_doctor_sheet_a.png[39m[0m
[  66% ] [90m[1m_update_scan_actions[22m | roshan_farmer_sheet_a.png[39m[0m
[  66% ] [90m[1m_update_scan_actions[22m | roshan_geologist_sheet_a.png[39m[0m
[  66% ] [90m[1m_update_scan_actions[22m | roshan_magician_sheet_a.png[39m[0m
[  66% ] [90m[1m_update_scan_actions[22m | roshan_nursery_sheet_a.png[39m[0m
[  66% ] [90m[1m_update_scan_actions[22m | roshan_painter_sheet_a.png[39m[0m
[  66% ] [90m[1m_update_scan_actions[22m | roshan_popstar_sheet_a.png[39m[0m
[  66% ] [90m[1m_update_scan_actions[22m | roshan_racer_sheet_a.png[39m[0m
[  66% ] [90m[1m_update_scan_actions[22m | roshan_teacher_sheet_a.png[39m[0m
[  66% ] [90m[1m_update_scan_actions[22m | faron_nursery.png[39m[0m
[  66% ] [90m[1m_update_scan_actions[22m | imp_captain.png[39m[0m
[  67% ] [90m[1m_update_scan_actions[22m | imp_captain_bopped.png[39m[0m
[  67% ] [90m[1m_update_scan_actions[22m | imp_captain_bow.png[39m[0m
[  67% ] [90m[1m_update_scan_actions[22m | imp_captain_charge.png[39m[0m
[  67% ] [90m[1m_update_scan_actions[22m | imp_captain_flee.png[39m[0m
[  67% ] [90m[1m_update_scan_actions[22m | imp_captain_guard.png[39m[0m
[  67% ] [90m[1m_update_scan_actions[22m | imp_captain_recover.png[39m[0m
[  67% ] [90m[1m_update_scan_actions[22m | imp_captain_slash.png[39m[0m
[  67% ] [90m[1m_update_scan_actions[22m | imp_captain_stagger.png[39m[0m
[  67% ] [90m[1m_update_scan_actions[22m | imp_captain_taunt.png[39m[0m
[  67% ] [90m[1m_update_scan_actions[22m | imp_captain_windup.png[39m[0m
[  67% ] [90m[1m_update_scan_actions[22m | imp_mischief.png[39m[0m
[  67% ] [90m[1m_update_scan_actions[22m | imp_mischief_bopped.png[39m[0m
[  67% ] [90m[1m_update_scan_actions[22m | imp_mischief_bow.png[39m[0m
[  67% ] [90m[1m_update_scan_actions[22m | imp_mischief_charge.png[39m[0m
[  67% ] [90m[1m_update_scan_actions[22m | imp_mischief_flee.png[39m[0m
[  67% ] [90m[1m_update_scan_actions[22m | imp_mischief_guard.png[39m[0m
[  67% ] [90m[1m_update_scan_actions[22m | imp_mischief_recover.png[39m[0m
[  67% ] [90m[1m_update_scan_actions[22m | imp_mischief_slash.png[39m[0m
[  67% ] [90m[1m_update_scan_actions[22m | imp_mischief_stagger.png[39m[0m
[  67% ] [90m[1m_update_scan_actions[22m | imp_mischief_taunt.png[39m[0m
[  67% ] [90m[1m_update_scan_actions[22m | imp_mischief_windup.png[39m[0m
[  67% ] [90m[1m_update_scan_actions[22m | rival_astronaut.png[39m[0m
[  67% ] [90m[1m_update_scan_actions[22m | rival_astronaut_bopped.png[39m[0m
[  67% ] [90m[1m_update_scan_actions[22m | rival_astronaut_bow.png[39m[0m
[  68% ] [90m[1m_update_scan_actions[22m | rival_astronaut_charge.png[39m[0m
[  68% ] [90m[1m_update_scan_actions[22m | rival_astronaut_flee.png[39m[0m
[  68% ] [90m[1m_update_scan_actions[22m | rival_astronaut_guard.png[39m[0m
[  68% ] [90m[1m_update_scan_actions[22m | rival_astronaut_hop_a.png[39m[0m
[  68% ] [90m[1m_update_scan_actions[22m | rival_astronaut_hop_b.png[39m[0m
[  68% ] [90m[1m_update_scan_actions[22m | rival_astronaut_recover.png[39m[0m
[  68% ] [90m[1m_update_scan_actions[22m | rival_astronaut_slash.png[39m[0m
[  68% ] [90m[1m_update_scan_actions[22m | rival_astronaut_stagger.png[39m[0m
[  68% ] [90m[1m_update_scan_actions[22m | rival_astronaut_taunt.png[39m[0m
[  68% ] [90m[1m_update_scan_actions[22m | rival_astronaut_windup.png[39m[0m
[  68% ] [90m[1m_update_scan_actions[22m | rival_ballerina.png[39m[0m
[  68% ] [90m[1m_update_scan_actions[22m | rival_ballerina_bopped.png[39m[0m
[  68% ] [90m[1m_update_scan_actions[22m | rival_ballerina_bow.png[39m[0m
[  68% ] [90m[1m_update_scan_actions[22m | rival_ballerina_charge.png[39m[0m
[  68% ] [90m[1m_update_scan_actions[22m | rival_ballerina_flee.png[39m[0m
[  68% ] [90m[1m_update_scan_actions[22m | rival_ballerina_guard.png[39m[0m
[  68% ] [90m[1m_update_scan_actions[22m | rival_ballerina_hop_a.png[39m[0m
[  68% ] [90m[1m_update_scan_actions[22m | rival_ballerina_hop_b.png[39m[0m
[  68% ] [90m[1m_update_scan_actions[22m | rival_ballerina_recover.png[39m[0m
[  68% ] [90m[1m_update_scan_actions[22m | rival_ballerina_slash.png[39m[0m
[  68% ] [90m[1m_update_scan_actions[22m | rival_ballerina_stagger.png[39m[0m
[  68% ] [90m[1m_update_scan_actions[22m | rival_ballerina_taunt.png[39m[0m
[  68% ] [90m[1m_update_scan_actions[22m | rival_ballerina_windup.png[39m[0m
[  68% ] [90m[1m_update_scan_actions[22m | rival_boxer.png[39m[0m
[  69% ] [90m[1m_update_scan_actions[22m | rival_boxer_bopped.png[39m[0m
[  69% ] [90m[1m_update_scan_actions[22m | rival_boxer_bow.png[39m[0m
[  69% ] [90m[1m_update_scan_actions[22m | rival_boxer_charge.png[39m[0m
[  69% ] [90m[1m_update_scan_actions[22m | rival_boxer_flee.png[39m[0m
[  69% ] [90m[1m_update_scan_actions[22m | rival_boxer_guard.png[39m[0m
[  69% ] [90m[1m_update_scan_actions[22m | rival_boxer_hop_a.png[39m[0m
[  69% ] [90m[1m_update_scan_actions[22m | rival_boxer_hop_b.png[39m[0m
[  69% ] [90m[1m_update_scan_actions[22m | rival_boxer_recover.png[39m[0m
[  69% ] [90m[1m_update_scan_actions[22m | rival_boxer_slash.png[39m[0m
[  69% ] [90m[1m_update_scan_actions[22m | rival_boxer_stagger.png[39m[0m
[  69% ] [90m[1m_update_scan_actions[22m | rival_boxer_taunt.png[39m[0m
[  69% ] [90m[1m_update_scan_actions[22m | rival_boxer_windup.png[39m[0m
[  69% ] [90m[1m_update_scan_actions[22m | rival_candymaker.png[39m[0m
[  69% ] [90m[1m_update_scan_actions[22m | rival_candymaker_bopped.png[39m[0m
[  69% ] [90m[1m_update_scan_actions[22m | rival_candymaker_bow.png[39m[0m
[  69% ] [90m[1m_update_scan_actions[22m | rival_candymaker_charge.png[39m[0m
[  69% ] [90m[1m_update_scan_actions[22m | rival_candymaker_flee.png[39m[0m
[  69% ] [90m[1m_update_scan_actions[22m | rival_candymaker_guard.png[39m[0m
[  69% ] [90m[1m_update_scan_actions[22m | rival_candymaker_hop_a.png[39m[0m
[  69% ] [90m[1m_update_scan_actions[22m | rival_candymaker_hop_b.png[39m[0m
[  69% ] [90m[1m_update_scan_actions[22m | rival_candymaker_recover.png[39m[0m
[  69% ] [90m[1m_update_scan_actions[22m | rival_candymaker_slash.png[39m[0m
[  69% ] [90m[1m_update_scan_actions[22m | rival_candymaker_stagger.png[39m[0m
[  69% ] [90m[1m_update_scan_actions[22m | rival_candymaker_taunt.png[39m[0m
[  70% ] [90m[1m_update_scan_actions[22m | rival_candymaker_windup.png[39m[0m
[  70% ] [90m[1m_update_scan_actions[22m | rival_chef.png[39m[0m
[  70% ] [90m[1m_update_scan_actions[22m | rival_chef_bopped.png[39m[0m
[  70% ] [90m[1m_update_scan_actions[22m | rival_chef_bow.png[39m[0m
[  70% ] [90m[1m_update_scan_actions[22m | rival_chef_charge.png[39m[0m
[  70% ] [90m[1m_update_scan_actions[22m | rival_chef_flee.png[39m[0m
[  70% ] [90m[1m_update_scan_actions[22m | rival_chef_guard.png[39m[0m
[  70% ] [90m[1m_update_scan_actions[22m | rival_chef_hop_a.png[39m[0m
[  70% ] [90m[1m_update_scan_actions[22m | rival_chef_hop_b.png[39m[0m
[  70% ] [90m[1m_update_scan_actions[22m | rival_chef_recover.png[39m[0m
[  70% ] [90m[1m_update_scan_actions[22m | rival_chef_slash.png[39m[0m
[  70% ] [90m[1m_update_scan_actions[22m | rival_chef_stagger.png[39m[0m
[  70% ] [90m[1m_update_scan_actions[22m | rival_chef_taunt.png[39m[0m
[  70% ] [90m[1m_update_scan_actions[22m | rival_chef_windup.png[39m[0m
[  70% ] [90m[1m_update_scan_actions[22m | rival_detective.png[39m[0m
[  70% ] [90m[1m_update_scan_actions[22m | rival_detective_bopped.png[39m[0m
[  70% ] [90m[1m_update_scan_actions[22m | rival_detective_bow.png[39m[0m
[  70% ] [90m[1m_update_scan_actions[22m | rival_detective_charge.png[39m[0m
[  70% ] [90m[1m_update_scan_actions[22m | rival_detective_flee.png[39m[0m
[  70% ] [90m[1m_update_scan_actions[22m | rival_detective_guard.png[39m[0m
[  70% ] [90m[1m_update_scan_actions[22m | rival_detective_hop_a.png[39m[0m
[  70% ] [90m[1m_update_scan_actions[22m | rival_detective_hop_b.png[39m[0m
[  70% ] [90m[1m_update_scan_actions[22m | rival_detective_recover.png[39m[0m
[  70% ] [90m[1m_update_scan_actions[22m | rival_detective_slash.png[39m[0m
[  71% ] [90m[1m_update_scan_actions[22m | rival_detective_stagger.png[39m[0m
[  71% ] [90m[1m_update_scan_actions[22m | rival_detective_taunt.png[39m[0m
[  71% ] [90m[1m_update_scan_actions[22m | rival_detective_windup.png[39m[0m
[  71% ] [90m[1m_update_scan_actions[22m | rival_doctor.png[39m[0m
[  71% ] [90m[1m_update_scan_actions[22m | rival_doctor_bopped.png[39m[0m
[  71% ] [90m[1m_update_scan_actions[22m | rival_doctor_bow.png[39m[0m
[  71% ] [90m[1m_update_scan_actions[22m | rival_doctor_charge.png[39m[0m
[  71% ] [90m[1m_update_scan_actions[22m | rival_doctor_flee.png[39m[0m
[  71% ] [90m[1m_update_scan_actions[22m | rival_doctor_guard.png[39m[0m
[  71% ] [90m[1m_update_scan_actions[22m | rival_doctor_hop_a.png[39m[0m
[  71% ] [90m[1m_update_scan_actions[22m | rival_doctor_hop_b.png[39m[0m
[  71% ] [90m[1m_update_scan_actions[22m | rival_doctor_recover.png[39m[0m
[  71% ] [90m[1m_update_scan_actions[22m | rival_doctor_slash.png[39m[0m
[  71% ] [90m[1m_update_scan_actions[22m | rival_doctor_stagger.png[39m[0m
[  71% ] [90m[1m_update_scan_actions[22m | rival_doctor_taunt.png[39m[0m
[  71% ] [90m[1m_update_scan_actions[22m | rival_doctor_windup.png[39m[0m
[  71% ] [90m[1m_update_scan_actions[22m | rival_farmer.png[39m[0m
[  71% ] [90m[1m_update_scan_actions[22m | rival_farmer_bopped.png[39m[0m
[  71% ] [90m[1m_update_scan_actions[22m | rival_farmer_bow.png[39m[0m
[  71% ] [90m[1m_update_scan_actions[22m | rival_farmer_charge.png[39m[0m
[  71% ] [90m[1m_update_scan_actions[22m | rival_farmer_flee.png[39m[0m
[  71% ] [90m[1m_update_scan_actions[22m | rival_farmer_guard.png[39m[0m
[  71% ] [90m[1m_update_scan_actions[22m | rival_farmer_hop_a.png[39m[0m
[  71% ] [90m[1m_update_scan_actions[22m | rival_farmer_hop_b.png[39m[0m
[  72% ] [90m[1m_update_scan_actions[22m | rival_farmer_recover.png[39m[0m
[  72% ] [90m[1m_update_scan_actions[22m | rival_farmer_slash.png[39m[0m
[  72% ] [90m[1m_update_scan_actions[22m | rival_farmer_stagger.png[39m[0m
[  72% ] [90m[1m_update_scan_actions[22m | rival_farmer_taunt.png[39m[0m
[  72% ] [90m[1m_update_scan_actions[22m | rival_farmer_windup.png[39m[0m
[  72% ] [90m[1m_update_scan_actions[22m | rival_magician.png[39m[0m
[  72% ] [90m[1m_update_scan_actions[22m | rival_magician_bopped.png[39m[0m
[  72% ] [90m[1m_update_scan_actions[22m | rival_magician_bow.png[39m[0m
[  72% ] [90m[1m_update_scan_actions[22m | rival_magician_charge.png[39m[0m
[  72% ] [90m[1m_update_scan_actions[22m | rival_magician_flee.png[39m[0m
[  72% ] [90m[1m_update_scan_actions[22m | rival_magician_guard.png[39m[0m
[  72% ] [90m[1m_update_scan_actions[22m | rival_magician_hop_a.png[39m[0m
[  72% ] [90m[1m_update_scan_actions[22m | rival_magician_hop_b.png[39m[0m
[  72% ] [90m[1m_update_scan_actions[22m | rival_magician_recover.png[39m[0m
[  72% ] [90m[1m_update_scan_actions[22m | rival_magician_slash.png[39m[0m
[  72% ] [90m[1m_update_scan_actions[22m | rival_magician_stagger.png[39m[0m
[  72% ] [90m[1m_update_scan_actions[22m | rival_magician_taunt.png[39m[0m
[  72% ] [90m[1m_update_scan_actions[22m | rival_magician_windup.png[39m[0m
[  72% ] [90m[1m_update_scan_actions[22m | rival_painter.png[39m[0m
[  72% ] [90m[1m_update_scan_actions[22m | rival_painter_bopped.png[39m[0m
[  72% ] [90m[1m_update_scan_actions[22m | rival_painter_bow.png[39m[0m
[  72% ] [90m[1m_update_scan_actions[22m | rival_painter_charge.png[39m[0m
[  72% ] [90m[1m_update_scan_actions[22m | rival_painter_flee.png[39m[0m
[  72% ] [90m[1m_update_scan_actions[22m | rival_painter_guard.png[39m[0m
[  73% ] [90m[1m_update_scan_actions[22m | rival_painter_hop_a.png[39m[0m
[  73% ] [90m[1m_update_scan_actions[22m | rival_painter_hop_b.png[39m[0m
[  73% ] [90m[1m_update_scan_actions[22m | rival_painter_recover.png[39m[0m
[  73% ] [90m[1m_update_scan_actions[22m | rival_painter_slash.png[39m[0m
[  73% ] [90m[1m_update_scan_actions[22m | rival_painter_stagger.png[39m[0m
[  73% ] [90m[1m_update_scan_actions[22m | rival_painter_taunt.png[39m[0m
[  73% ] [90m[1m_update_scan_actions[22m | rival_painter_windup.png[39m[0m
[  73% ] [90m[1m_update_scan_actions[22m | rival_popstar.png[39m[0m
[  73% ] [90m[1m_update_scan_actions[22m | rival_popstar_bopped.png[39m[0m
[  73% ] [90m[1m_update_scan_actions[22m | rival_popstar_bow.png[39m[0m
[  73% ] [90m[1m_update_scan_actions[22m | rival_popstar_charge.png[39m[0m
[  73% ] [90m[1m_update_scan_actions[22m | rival_popstar_flee.png[39m[0m
[  73% ] [90m[1m_update_scan_actions[22m | rival_popstar_guard.png[39m[0m
[  73% ] [90m[1m_update_scan_actions[22m | rival_popstar_hop_a.png[39m[0m
[  73% ] [90m[1m_update_scan_actions[22m | rival_popstar_hop_b.png[39m[0m
[  73% ] [90m[1m_update_scan_actions[22m | rival_popstar_recover.png[39m[0m
[  73% ] [90m[1m_update_scan_actions[22m | rival_popstar_slash.png[39m[0m
[  73% ] [90m[1m_update_scan_actions[22m | rival_popstar_stagger.png[39m[0m
[  73% ] [90m[1m_update_scan_actions[22m | rival_popstar_taunt.png[39m[0m
[  73% ] [90m[1m_update_scan_actions[22m | rival_popstar_windup.png[39m[0m
[  73% ] [90m[1m_update_scan_actions[22m | rival_racer.png[39m[0m
[  73% ] [90m[1m_update_scan_actions[22m | rival_racer_bopped.png[39m[0m
[  73% ] [90m[1m_update_scan_actions[22m | rival_racer_bow.png[39m[0m
[  73% ] [90m[1m_update_scan_actions[22m | rival_racer_charge.png[39m[0m
[  74% ] [90m[1m_update_scan_actions[22m | rival_racer_flee.png[39m[0m
[  74% ] [90m[1m_update_scan_actions[22m | rival_racer_guard.png[39m[0m
[  74% ] [90m[1m_update_scan_actions[22m | rival_racer_hop_a.png[39m[0m
[  74% ] [90m[1m_update_scan_actions[22m | rival_racer_hop_b.png[39m[0m
[  74% ] [90m[1m_update_scan_actions[22m | rival_racer_recover.png[39m[0m
[  74% ] [90m[1m_update_scan_actions[22m | rival_racer_slash.png[39m[0m
[  74% ] [90m[1m_update_scan_actions[22m | rival_racer_stagger.png[39m[0m
[  74% ] [90m[1m_update_scan_actions[22m | rival_racer_taunt.png[39m[0m
[  74% ] [90m[1m_update_scan_actions[22m | rival_racer_windup.png[39m[0m
[  74% ] [90m[1m_update_scan_actions[22m | roshan_astronaut.png[39m[0m
[  74% ] [90m[1m_update_scan_actions[22m | roshan_ballerina.png[39m[0m
[  74% ] [90m[1m_update_scan_actions[22m | roshan_boxer.png[39m[0m
[  74% ] [90m[1m_update_scan_actions[22m | roshan_candymaker.png[39m[0m
[  74% ] [90m[1m_update_scan_actions[22m | roshan_chef.png[39m[0m
[  74% ] [90m[1m_update_scan_actions[22m | roshan_detective.png[39m[0m
[  74% ] [90m[1m_update_scan_actions[22m | roshan_doctor.png[39m[0m
[  74% ] [90m[1m_update_scan_actions[22m | roshan_farmer.png[39m[0m
[  74% ] [90m[1m_update_scan_actions[22m | roshan_magician.png[39m[0m
[  74% ] [90m[1m_update_scan_actions[22m | roshan_nursery.png[39m[0m
[  74% ] [90m[1m_update_scan_actions[22m | roshan_painter.png[39m[0m
[  74% ] [90m[1m_update_scan_actions[22m | roshan_popstar.png[39m[0m
[  74% ] [90m[1m_update_scan_actions[22m | roshan_racer.png[39m[0m
[  74% ] [90m[1m_update_scan_actions[22m | roshan_teacher.png[39m[0m
[  75% ] [90m[1m_update_scan_actions[22m | stage_astronaut_c0r0.png[39m[0m
[  75% ] [90m[1m_update_scan_actions[22m | stage_astronaut_c0r1.png[39m[0m
[  75% ] [90m[1m_update_scan_actions[22m | stage_astronaut_c1r0.png[39m[0m
[  75% ] [90m[1m_update_scan_actions[22m | stage_astronaut_c1r1.png[39m[0m
[  75% ] [90m[1m_update_scan_actions[22m | stage_ballerina_c0r0.png[39m[0m
[  75% ] [90m[1m_update_scan_actions[22m | stage_ballerina_c0r1.png[39m[0m
[  75% ] [90m[1m_update_scan_actions[22m | stage_ballerina_c1r0.png[39m[0m
[  75% ] [90m[1m_update_scan_actions[22m | stage_ballerina_c1r1.png[39m[0m
[  75% ] [90m[1m_update_scan_actions[22m | stage_boxer_c0r0.png[39m[0m
[  75% ] [90m[1m_update_scan_actions[22m | stage_boxer_c0r1.png[39m[0m
[  75% ] [90m[1m_update_scan_actions[22m | stage_boxer_c1r0.png[39m[0m
[  75% ] [90m[1m_update_scan_actions[22m | stage_boxer_c1r1.png[39m[0m
[  75% ] [90m[1m_update_scan_actions[22m | stage_candymaker_c0r0.png[39m[0m
[  75% ] [90m[1m_update_scan_actions[22m | stage_candymaker_c0r1.png[39m[0m
[  75% ] [90m[1m_update_scan_actions[22m | stage_candymaker_c1r0.png[39m[0m
[  75% ] [90m[1m_update_scan_actions[22m | stage_candymaker_c1r1.png[39m[0m
[  75% ] [90m[1m_update_scan_actions[22m | stage_chef_c0r0.png[39m[0m
[  75% ] [90m[1m_update_scan_actions[22m | stage_chef_c0r1.png[39m[0m
[  75% ] [90m[1m_update_scan_actions[22m | stage_chef_c1r0.png[39m[0m
[  75% ] [90m[1m_update_scan_actions[22m | stage_chef_c1r1.png[39m[0m
[  75% ] [90m[1m_update_scan_actions[22m | stage_detective_c0r0.png[39m[0m
[  75% ] [90m[1m_update_scan_actions[22m | stage_detective_c0r1.png[39m[0m
[  75% ] [90m[1m_update_scan_actions[22m | stage_detective_c1r0.png[39m[0m
[  75% ] [90m[1m_update_scan_actions[22m | stage_detective_c1r1.png[39m[0m
[  76% ] [90m[1m_update_scan_actions[22m | stage_doctor_c0r0.png[39m[0m
[  76% ] [90m[1m_update_scan_actions[22m | stage_doctor_c0r1.png[39m[0m
[  76% ] [90m[1m_update_scan_actions[22m | stage_doctor_c1r0.png[39m[0m
[  76% ] [90m[1m_update_scan_actions[22m | stage_doctor_c1r1.png[39m[0m
[  76% ] [90m[1m_update_scan_actions[22m | stage_farmer_c0r0.png[39m[0m
[  76% ] [90m[1m_update_scan_actions[22m | stage_farmer_c0r1.png[39m[0m
[  76% ] [90m[1m_update_scan_actions[22m | stage_farmer_c1r0.png[39m[0m
[  76% ] [90m[1m_update_scan_actions[22m | stage_farmer_c1r1.png[39m[0m
[  76% ] [90m[1m_update_scan_actions[22m | stage_magician_c0r0.png[39m[0m
[  76% ] [90m[1m_update_scan_actions[22m | stage_magician_c0r1.png[39m[0m
[  76% ] [90m[1m_update_scan_actions[22m | stage_magician_c1r0.png[39m[0m
[  76% ] [90m[1m_update_scan_actions[22m | stage_magician_c1r1.png[39m[0m
[  76% ] [90m[1m_update_scan_actions[22m | stage_nursery_c0r0.png[39m[0m
[  76% ] [90m[1m_update_scan_actions[22m | stage_nursery_c0r1.png[39m[0m
[  76% ] [90m[1m_update_scan_actions[22m | stage_nursery_c1r0.png[39m[0m
[  76% ] [90m[1m_update_scan_actions[22m | stage_nursery_c1r1.png[39m[0m
[  76% ] [90m[1m_update_scan_actions[22m | stage_painter_c0r0.png[39m[0m
[  76% ] [90m[1m_update_scan_actions[22m | stage_painter_c0r1.png[39m[0m
[  76% ] [90m[1m_update_scan_actions[22m | stage_painter_c1r0.png[39m[0m
[  76% ] [90m[1m_update_scan_actions[22m | stage_painter_c1r1.png[39m[0m
[  76% ] [90m[1m_update_scan_actions[22m | stage_popstar_c0r0.png[39m[0m
[  76% ] [90m[1m_update_scan_actions[22m | stage_popstar_c0r1.png[39m[0m
[  76% ] [90m[1m_update_scan_actions[22m | stage_popstar_c1r0.png[39m[0m
[  76% ] [90m[1m_update_scan_actions[22m | stage_popstar_c1r1.png[39m[0m
[  77% ] [90m[1m_update_scan_actions[22m | stage_racer_c0r0.png[39m[0m
[  77% ] [90m[1m_update_scan_actions[22m | stage_racer_c0r1.png[39m[0m
[  77% ] [90m[1m_update_scan_actions[22m | stage_racer_c1r0.png[39m[0m
[  77% ] [90m[1m_update_scan_actions[22m | stage_racer_c1r1.png[39m[0m
[  77% ] [90m[1m_update_scan_actions[22m | world_astronaut.png[39m[0m
[  77% ] [90m[1m_update_scan_actions[22m | world_astronaut_c0r0.png[39m[0m
[  77% ] [90m[1m_update_scan_actions[22m | world_astronaut_c0r1.png[39m[0m
[  77% ] [90m[1m_update_scan_actions[22m | world_astronaut_c1r0.png[39m[0m
[  77% ] [90m[1m_update_scan_actions[22m | world_astronaut_c1r1.png[39m[0m
[  77% ] [90m[1m_update_scan_actions[22m | world_ballerina.png[39m[0m
[  77% ] [90m[1m_update_scan_actions[22m | world_ballerina_c0r0.png[39m[0m
[  77% ] [90m[1m_update_scan_actions[22m | world_ballerina_c0r1.png[39m[0m
[  77% ] [90m[1m_update_scan_actions[22m | world_ballerina_c1r0.png[39m[0m
[  77% ] [90m[1m_update_scan_actions[22m | world_ballerina_c1r1.png[39m[0m
[  77% ] [90m[1m_update_scan_actions[22m | world_boxer.png[39m[0m
[  77% ] [90m[1m_update_scan_actions[22m | world_boxer_c0r0.png[39m[0m
[  77% ] [90m[1m_update_scan_actions[22m | world_boxer_c0r1.png[39m[0m
[  77% ] [90m[1m_update_scan_actions[22m | world_boxer_c1r0.png[39m[0m
[  77% ] [90m[1m_update_scan_actions[22m | world_boxer_c1r1.png[39m[0m
[  77% ] [90m[1m_update_scan_actions[22m | world_candymaker.png[39m[0m
[  77% ] [90m[1m_update_scan_actions[22m | world_candymaker_c0r0.png[39m[0m
[  77% ] [90m[1m_update_scan_actions[22m | world_candymaker_c0r1.png[39m[0m
[  77% ] [90m[1m_update_scan_actions[22m | world_candymaker_c1r0.png[39m[0m
[  77% ] [90m[1m_update_scan_actions[22m | world_candymaker_c1r1.png[39m[0m
[  78% ] [90m[1m_update_scan_actions[22m | world_chef.png[39m[0m
[  78% ] [90m[1m_update_scan_actions[22m | world_chef_c0r0.png[39m[0m
[  78% ] [90m[1m_update_scan_actions[22m | world_chef_c0r1.png[39m[0m
[  78% ] [90m[1m_update_scan_actions[22m | world_chef_c1r0.png[39m[0m
[  78% ] [90m[1m_update_scan_actions[22m | world_chef_c1r1.png[39m[0m
[  78% ] [90m[1m_update_scan_actions[22m | world_detective.png[39m[0m
[  78% ] [90m[1m_update_scan_actions[22m | world_detective_c0r0.png[39m[0m
[  78% ] [90m[1m_update_scan_actions[22m | world_detective_c0r1.png[39m[0m
[  78% ] [90m[1m_update_scan_actions[22m | world_detective_c1r0.png[39m[0m
[  78% ] [90m[1m_update_scan_actions[22m | world_detective_c1r1.png[39m[0m
[  78% ] [90m[1m_update_scan_actions[22m | world_doctor.png[39m[0m
[  78% ] [90m[1m_update_scan_actions[22m | world_doctor_c0r0.png[39m[0m
[  78% ] [90m[1m_update_scan_actions[22m | world_doctor_c0r1.png[39m[0m
[  78% ] [90m[1m_update_scan_actions[22m | world_doctor_c1r0.png[39m[0m
[  78% ] [90m[1m_update_scan_actions[22m | world_doctor_c1r1.png[39m[0m
[  78% ] [90m[1m_update_scan_actions[22m | world_farmer.png[39m[0m
[  78% ] [90m[1m_update_scan_actions[22m | world_farmer_c0r0.png[39m[0m
[  78% ] [90m[1m_update_scan_actions[22m | world_farmer_c0r1.png[39m[0m
[  78% ] [90m[1m_update_scan_actions[22m | world_farmer_c1r0.png[39m[0m
[  78% ] [90m[1m_update_scan_actions[22m | world_farmer_c1r1.png[39m[0m
[  78% ] [90m[1m_update_scan_actions[22m | world_magician.png[39m[0m
[  78% ] [90m[1m_update_scan_actions[22m | world_magician_c0r0.png[39m[0m
[  78% ] [90m[1m_update_scan_actions[22m | world_magician_c0r1.png[39m[0m
[  78% ] [90m[1m_update_scan_actions[22m | world_magician_c1r0.png[39m[0m
[  79% ] [90m[1m_update_scan_actions[22m | world_magician_c1r1.png[39m[0m
[  79% ] [90m[1m_update_scan_actions[22m | world_nursery_c0r0.png[39m[0m
[  79% ] [90m[1m_update_scan_actions[22m | world_nursery_c0r1.png[39m[0m
[  79% ] [90m[1m_update_scan_actions[22m | world_nursery_c1r0.png[39m[0m
[  79% ] [90m[1m_update_scan_actions[22m | world_nursery_c1r1.png[39m[0m
[  79% ] [90m[1m_update_scan_actions[22m | world_painter.png[39m[0m
[  79% ] [90m[1m_update_scan_actions[22m | world_painter_c0r0.png[39m[0m
[  79% ] [90m[1m_update_scan_actions[22m | world_painter_c0r1.png[39m[0m
[  79% ] [90m[1m_update_scan_actions[22m | world_painter_c1r0.png[39m[0m
[  79% ] [90m[1m_update_scan_actions[22m | world_painter_c1r1.png[39m[0m
[  79% ] [90m[1m_update_scan_actions[22m | world_popstar.png[39m[0m
[  79% ] [90m[1m_update_scan_actions[22m | world_popstar_c0r0.png[39m[0m
[  79% ] [90m[1m_update_scan_actions[22m | world_popstar_c0r1.png[39m[0m
[  79% ] [90m[1m_update_scan_actions[22m | world_popstar_c1r0.png[39m[0m
[  79% ] [90m[1m_update_scan_actions[22m | world_popstar_c1r1.png[39m[0m
[  79% ] [90m[1m_update_scan_actions[22m | world_racer.png[39m[0m
[  79% ] [90m[1m_update_scan_actions[22m | world_racer_c0r0.png[39m[0m
[  79% ] [90m[1m_update_scan_actions[22m | world_racer_c0r1.png[39m[0m
[  79% ] [90m[1m_update_scan_actions[22m | world_racer_c1r0.png[39m[0m
[  79% ] [90m[1m_update_scan_actions[22m | world_racer_c1r1.png[39m[0m
[  79% ] [90m[1m_update_scan_actions[22m | geologist_fossil.svg[39m[0m
[  79% ] [90m[1m_update_scan_actions[22m | geologist_layered_rock.svg[39m[0m
[  79% ] [90m[1m_update_scan_actions[22m | magician_rope.png[39m[0m
[  79% ] [90m[1m_update_scan_actions[22m | teacher_lesson_board.svg[39m[0m
[  80% ] [90m[1m_update_scan_actions[22m | baby_0.png[39m[0m
[  80% ] [90m[1m_update_scan_actions[22m | baby_1.png[39m[0m
[  80% ] [90m[1m_update_scan_actions[22m | baby_2.png[39m[0m
[  80% ] [90m[1m_update_scan_actions[22m | fx_bop_puff.png[39m[0m
[  80% ] [90m[1m_update_scan_actions[22m | fx_dizzy_stars.png[39m[0m
[  80% ] [90m[1m_update_scan_actions[22m | fx_dust_puff.png[39m[0m
[  80% ] [90m[1m_update_scan_actions[22m | fx_slash_arc.png[39m[0m
[  80% ] [90m[1m_update_scan_actions[22m | fx_stolen_sparkle.png[39m[0m
[  80% ] [90m[1m_update_scan_actions[22m | fx_telegraph_bang.png[39m[0m
[  80% ] [90m[1m_update_scan_actions[22m | fx_telegraph_ring.png[39m[0m
[  80% ] [90m[1m_update_scan_actions[22m | goal_astronaut.png[39m[0m
[  80% ] [90m[1m_update_scan_actions[22m | goal_ballerina.png[39m[0m
[  80% ] [90m[1m_update_scan_actions[22m | goal_boxer.png[39m[0m
[  80% ] [90m[1m_update_scan_actions[22m | goal_candymaker.png[39m[0m
[  80% ] [90m[1m_update_scan_actions[22m | goal_chef.png[39m[0m
[  80% ] [90m[1m_update_scan_actions[22m | goal_detective.png[39m[0m
[  80% ] [90m[1m_update_scan_actions[22m | goal_doctor.png[39m[0m
[  80% ] [90m[1m_update_scan_actions[22m | goal_farmer.png[39m[0m
[  80% ] [90m[1m_update_scan_actions[22m | goal_geologist.svg[39m[0m
[  80% ] [90m[1m_update_scan_actions[22m | goal_magician.png[39m[0m
[  80% ] [90m[1m_update_scan_actions[22m | goal_nursery.png[39m[0m
[  80% ] [90m[1m_update_scan_actions[22m | goal_painter.png[39m[0m
[  80% ] [90m[1m_update_scan_actions[22m | goal_popstar.png[39m[0m
[  80% ] [90m[1m_update_scan_actions[22m | goal_racer.png[39m[0m
[  81% ] [90m[1m_update_scan_actions[22m | finale_stage_c0r0.png[39m[0m
[  81% ] [90m[1m_update_scan_actions[22m | finale_stage_c0r1.png[39m[0m
[  81% ] [90m[1m_update_scan_actions[22m | finale_stage_c1r0.png[39m[0m
[  81% ] [90m[1m_update_scan_actions[22m | finale_stage_c1r1.png[39m[0m
[  81% ] [90m[1m_update_scan_actions[22m | goal_nursery.png[39m[0m
[  81% ] [90m[1m_update_scan_actions[22m | opera_crest_ballerina.png[39m[0m
[  81% ] [90m[1m_update_scan_actions[22m | opera_crest_boxer.png[39m[0m
[  81% ] [90m[1m_update_scan_actions[22m | opera_crest_candy.png[39m[0m
[  81% ] [90m[1m_update_scan_actions[22m | opera_crest_chef.png[39m[0m
[  81% ] [90m[1m_update_scan_actions[22m | opera_crest_detective.png[39m[0m
[  81% ] [90m[1m_update_scan_actions[22m | opera_crest_doctor.png[39m[0m
[  81% ] [90m[1m_update_scan_actions[22m | opera_crest_dragon.png[39m[0m
[  81% ] [90m[1m_update_scan_actions[22m | opera_crest_engineer.png[39m[0m
[  81% ] [90m[1m_update_scan_actions[22m | opera_crest_farmer.png[39m[0m
[  81% ] [90m[1m_update_scan_actions[22m | opera_crest_geologist.svg[39m[0m
[  81% ] [90m[1m_update_scan_actions[22m | opera_crest_house.png[39m[0m
[  81% ] [90m[1m_update_scan_actions[22m | opera_crest_maestro.png[39m[0m
[  81% ] [90m[1m_update_scan_actions[22m | opera_crest_magician.png[39m[0m
[  81% ] [90m[1m_update_scan_actions[22m | opera_crest_painter.png[39m[0m
[  81% ] [90m[1m_update_scan_actions[22m | opera_crest_phantom.png[39m[0m
[  81% ] [90m[1m_update_scan_actions[22m | opera_crest_racer.png[39m[0m
[  81% ] [90m[1m_update_scan_actions[22m | opera_crest_singer.png[39m[0m
[  81% ] [90m[1m_update_scan_actions[22m | magnifier.png[39m[0m
[  81% ] [90m[1m_update_scan_actions[22m | station_marker.png[39m[0m
[  82% ] [90m[1m_update_scan_actions[22m | task_card_frame.png[39m[0m
[  82% ] [90m[1m_update_scan_actions[22m | widget_basin_doctor.png[39m[0m
[  82% ] [90m[1m_update_scan_actions[22m | widget_basin_doctor_bubbles.png[39m[0m
[  82% ] [90m[1m_update_scan_actions[22m | widget_basin_nursery.png[39m[0m
[  82% ] [90m[1m_update_scan_actions[22m | widget_basin_nursery_bubbles.png[39m[0m
[  82% ] [90m[1m_update_scan_actions[22m | widget_basin_shared_shine.png[39m[0m
[  82% ] [90m[1m_update_scan_actions[22m | widget_catch_nursery.png[39m[0m
[  82% ] [90m[1m_update_scan_actions[22m | widget_catch_nursery_cradle.png[39m[0m
[  82% ] [90m[1m_update_scan_actions[22m | widget_catch_nursery_pillows.png[39m[0m
[  82% ] [90m[1m_update_scan_actions[22m | widget_charge_astronaut.png[39m[0m
[  82% ] [90m[1m_update_scan_actions[22m | widget_charge_astronaut_full.png[39m[0m
[  82% ] [90m[1m_update_scan_actions[22m | widget_charge_astronaut_glow.png[39m[0m
[  82% ] [90m[1m_update_scan_actions[22m | widget_charge_ballerina.png[39m[0m
[  82% ] [90m[1m_update_scan_actions[22m | widget_charge_ballerina_full.png[39m[0m
[  82% ] [90m[1m_update_scan_actions[22m | widget_charge_ballerina_glow.png[39m[0m
[  82% ] [90m[1m_update_scan_actions[22m | widget_charge_farmer.png[39m[0m
[  82% ] [90m[1m_update_scan_actions[22m | widget_charge_farmer_full.png[39m[0m
[  82% ] [90m[1m_update_scan_actions[22m | widget_charge_farmer_glow.png[39m[0m
[  82% ] [90m[1m_update_scan_actions[22m | widget_charge_magician.png[39m[0m
[  82% ] [90m[1m_update_scan_actions[22m | widget_charge_magician_full.png[39m[0m
[  82% ] [90m[1m_update_scan_actions[22m | widget_charge_magician_glow.png[39m[0m
[  82% ] [90m[1m_update_scan_actions[22m | widget_charge_popstar.png[39m[0m
[  82% ] [90m[1m_update_scan_actions[22m | widget_charge_popstar_full.png[39m[0m
[  82% ] [90m[1m_update_scan_actions[22m | widget_charge_popstar_glow.png[39m[0m
[  83% ] [90m[1m_update_scan_actions[22m | widget_clue_board_complete.png[39m[0m
[  83% ] [90m[1m_update_scan_actions[22m | widget_clue_board_empty.png[39m[0m
[  83% ] [90m[1m_update_scan_actions[22m | widget_clue_board_tokens.png[39m[0m
[  83% ] [90m[1m_update_scan_actions[22m | widget_crank_astronaut.png[39m[0m
[  83% ] [90m[1m_update_scan_actions[22m | widget_crank_astronaut_mover.png[39m[0m
[  83% ] [90m[1m_update_scan_actions[22m | widget_crank_astronaut_progress.png[39m[0m
[  83% ] [90m[1m_update_scan_actions[22m | widget_crank_ballerina.png[39m[0m
[  83% ] [90m[1m_update_scan_actions[22m | widget_crank_ballerina_mover.png[39m[0m
[  83% ] [90m[1m_update_scan_actions[22m | widget_crank_ballerina_progress.png[39m[0m
[  83% ] [90m[1m_update_scan_actions[22m | widget_crank_candymaker.png[39m[0m
[  83% ] [90m[1m_update_scan_actions[22m | widget_crank_candymaker_mover.png[39m[0m
[  83% ] [90m[1m_update_scan_actions[22m | widget_crank_candymaker_progress.png[39m[0m
[  83% ] [90m[1m_update_scan_actions[22m | widget_crank_chef.png[39m[0m
[  83% ] [90m[1m_update_scan_actions[22m | widget_crank_chef_mover.png[39m[0m
[  83% ] [90m[1m_update_scan_actions[22m | widget_crank_chef_progress.png[39m[0m
[  83% ] [90m[1m_update_scan_actions[22m | widget_crank_doctor.png[39m[0m
[  83% ] [90m[1m_update_scan_actions[22m | widget_crank_doctor_mover.png[39m[0m
[  83% ] [90m[1m_update_scan_actions[22m | widget_crank_doctor_patient.png[39m[0m
[  83% ] [90m[1m_update_scan_actions[22m | widget_crank_doctor_progress.png[39m[0m
[  83% ] [90m[1m_update_scan_actions[22m | widget_crank_magician.png[39m[0m
[  83% ] [90m[1m_update_scan_actions[22m | widget_crank_magician_mover.png[39m[0m
[  83% ] [90m[1m_update_scan_actions[22m | widget_crank_magician_progress.png[39m[0m
[  83% ] [90m[1m_update_scan_actions[22m | widget_crank_painter.png[39m[0m
[  84% ] [90m[1m_update_scan_actions[22m | widget_crank_painter_mover.png[39m[0m
[  84% ] [90m[1m_update_scan_actions[22m | widget_crank_painter_progress.png[39m[0m
[  84% ] [90m[1m_update_scan_actions[22m | widget_crank_popstar.png[39m[0m
[  84% ] [90m[1m_update_scan_actions[22m | widget_crank_popstar_mover.png[39m[0m
[  84% ] [90m[1m_update_scan_actions[22m | widget_crank_popstar_progress.png[39m[0m
[  84% ] [90m[1m_update_scan_actions[22m | widget_crank_racer.png[39m[0m
[  84% ] [90m[1m_update_scan_actions[22m | widget_crank_racer_kart.png[39m[0m
[  84% ] [90m[1m_update_scan_actions[22m | widget_crank_racer_mover.png[39m[0m
[  84% ] [90m[1m_update_scan_actions[22m | widget_crank_racer_progress.png[39m[0m
[  84% ] [90m[1m_update_scan_actions[22m | widget_crank_racer_wheel.png[39m[0m
[  84% ] [90m[1m_update_scan_actions[22m | widget_crown_chest_closed.png[39m[0m
[  84% ] [90m[1m_update_scan_actions[22m | widget_crown_chest_open.png[39m[0m
[  84% ] [90m[1m_update_scan_actions[22m | widget_gauge_astronaut.png[39m[0m
[  84% ] [90m[1m_update_scan_actions[22m | widget_gauge_astronaut_success.png[39m[0m
[  84% ] [90m[1m_update_scan_actions[22m | widget_gauge_chef.png[39m[0m
[  84% ] [90m[1m_update_scan_actions[22m | widget_gauge_chef_success.png[39m[0m
[  84% ] [90m[1m_update_scan_actions[22m | widget_gauge_racer.png[39m[0m
[  84% ] [90m[1m_update_scan_actions[22m | widget_gauge_racer_success.png[39m[0m
[  84% ] [90m[1m_update_scan_actions[22m | widget_gauge_shared_needle.png[39m[0m
[  84% ] [90m[1m_update_scan_actions[22m | widget_lanes_astronaut.png[39m[0m
[  84% ] [90m[1m_update_scan_actions[22m | widget_lanes_astronaut_lit.png[39m[0m
[  84% ] [90m[1m_update_scan_actions[22m | widget_lanes_ballerina.png[39m[0m
[  84% ] [90m[1m_update_scan_actions[22m | widget_lanes_ballerina_lit.png[39m[0m
[  84% ] [90m[1m_update_scan_actions[22m | widget_lanes_boxer.png[39m[0m
[  85% ] [90m[1m_update_scan_actions[22m | widget_lanes_boxer_lit.png[39m[0m
[  85% ] [90m[1m_update_scan_actions[22m | widget_lanes_candymaker.png[39m[0m
[  85% ] [90m[1m_update_scan_actions[22m | widget_lanes_candymaker_lit.png[39m[0m
[  85% ] [90m[1m_update_scan_actions[22m | widget_lanes_detective.png[39m[0m
[  85% ] [90m[1m_update_scan_actions[22m | widget_lanes_detective_lit.png[39m[0m
[  85% ] [90m[1m_update_scan_actions[22m | widget_lanes_doctor.png[39m[0m
[  85% ] [90m[1m_update_scan_actions[22m | widget_lanes_doctor_lit.png[39m[0m
[  85% ] [90m[1m_update_scan_actions[22m | widget_lanes_farmer.png[39m[0m
[  85% ] [90m[1m_update_scan_actions[22m | widget_lanes_farmer_lit.png[39m[0m
[  85% ] [90m[1m_update_scan_actions[22m | widget_lanes_magician.png[39m[0m
[  85% ] [90m[1m_update_scan_actions[22m | widget_lanes_magician_lit.png[39m[0m
[  85% ] [90m[1m_update_scan_actions[22m | widget_lanes_painter.png[39m[0m
[  85% ] [90m[1m_update_scan_actions[22m | widget_lanes_painter_lit.png[39m[0m
[  85% ] [90m[1m_update_scan_actions[22m | widget_lanes_popstar.png[39m[0m
[  85% ] [90m[1m_update_scan_actions[22m | widget_lanes_popstar_lit.png[39m[0m
[  85% ] [90m[1m_update_scan_actions[22m | widget_lanes_shared_pick.png[39m[0m
[  85% ] [90m[1m_update_scan_actions[22m | widget_magic_cabinet_closed.png[39m[0m
[  85% ] [90m[1m_update_scan_actions[22m | widget_magic_cabinet_reveal.png[39m[0m
[  85% ] [90m[1m_update_scan_actions[22m | widget_magic_vanish_hat.png[39m[0m
[  85% ] [90m[1m_update_scan_actions[22m | widget_magic_vanish_reveal.png[39m[0m
[  85% ] [90m[1m_update_scan_actions[22m | widget_magic_vanish_wand.png[39m[0m
[  85% ] [90m[1m_update_scan_actions[22m | widget_portal_magician_mover.png[39m[0m
[  85% ] [90m[1m_update_scan_actions[22m | widget_pour_candymaker.png[39m[0m
[  85% ] [90m[1m_update_scan_actions[22m | widget_pour_candymaker_fill.png[39m[0m
[  86% ] [90m[1m_update_scan_actions[22m | widget_pour_candymaker_mover.png[39m[0m
[  86% ] [90m[1m_update_scan_actions[22m | widget_pour_candymaker_mover_empty.png[39m[0m
[  86% ] [90m[1m_update_scan_actions[22m | widget_pour_chef.png[39m[0m
[  86% ] [90m[1m_update_scan_actions[22m | widget_pour_chef_fill.png[39m[0m
[  86% ] [90m[1m_update_scan_actions[22m | widget_pour_chef_mover.png[39m[0m
[  86% ] [90m[1m_update_scan_actions[22m | widget_pour_nursery.png[39m[0m
[  86% ] [90m[1m_update_scan_actions[22m | widget_pour_nursery_fill.png[39m[0m
[  86% ] [90m[1m_update_scan_actions[22m | widget_pour_nursery_mover.png[39m[0m
[  86% ] [90m[1m_update_scan_actions[22m | widget_pour_painter.png[39m[0m
[  86% ] [90m[1m_update_scan_actions[22m | widget_pour_painter_fill.png[39m[0m
[  86% ] [90m[1m_update_scan_actions[22m | widget_pour_painter_mover.png[39m[0m
[  86% ] [90m[1m_update_scan_actions[22m | widget_push_boxer.png[39m[0m
[  86% ] [90m[1m_update_scan_actions[22m | widget_push_boxer_mover.png[39m[0m
[  86% ] [90m[1m_update_scan_actions[22m | widget_push_farmer.png[39m[0m
[  86% ] [90m[1m_update_scan_actions[22m | widget_push_farmer_mover.png[39m[0m
[  86% ] [90m[1m_update_scan_actions[22m | widget_push_nursery.png[39m[0m
[  86% ] [90m[1m_update_scan_actions[22m | widget_push_nursery_mover.png[39m[0m
[  86% ] [90m[1m_update_scan_actions[22m | widget_push_racer.png[39m[0m
[  86% ] [90m[1m_update_scan_actions[22m | widget_push_racer_mover.png[39m[0m
[  86% ] [90m[1m_update_scan_actions[22m | widget_push_shared_arrow_down.png[39m[0m
[  86% ] [90m[1m_update_scan_actions[22m | widget_push_shared_arrow_lr.png[39m[0m
[  86% ] [90m[1m_update_scan_actions[22m | widget_target_astronaut.png[39m[0m
[  86% ] [90m[1m_update_scan_actions[22m | widget_target_astronaut_mark.png[39m[0m
[  86% ] [90m[1m_update_scan_actions[22m | widget_target_astronaut_mover.png[39m[0m
[  87% ] [90m[1m_update_scan_actions[22m | widget_target_astronaut_piece_0.png[39m[0m
[  87% ] [90m[1m_update_scan_actions[22m | widget_target_astronaut_piece_1.png[39m[0m
[  87% ] [90m[1m_update_scan_actions[22m | widget_target_astronaut_piece_2.png[39m[0m
[  87% ] [90m[1m_update_scan_actions[22m | widget_target_boxer.png[39m[0m
[  87% ] [90m[1m_update_scan_actions[22m | widget_target_boxer_mark.png[39m[0m
[  87% ] [90m[1m_update_scan_actions[22m | widget_target_boxer_mover.png[39m[0m
[  87% ] [90m[1m_update_scan_actions[22m | widget_target_boxer_success.png[39m[0m
[  87% ] [90m[1m_update_scan_actions[22m | widget_target_candymaker.png[39m[0m
[  87% ] [90m[1m_update_scan_actions[22m | widget_target_candymaker_mark.png[39m[0m
[  87% ] [90m[1m_update_scan_actions[22m | widget_target_candymaker_mover.png[39m[0m
[  87% ] [90m[1m_update_scan_actions[22m | widget_target_candymaker_piece_0.png[39m[0m
[  87% ] [90m[1m_update_scan_actions[22m | widget_target_candymaker_piece_1.png[39m[0m
[  87% ] [90m[1m_update_scan_actions[22m | widget_target_candymaker_piece_2.png[39m[0m
[  87% ] [90m[1m_update_scan_actions[22m | widget_target_chef.png[39m[0m
[  87% ] [90m[1m_update_scan_actions[22m | widget_target_chef_mark.png[39m[0m
[  87% ] [90m[1m_update_scan_actions[22m | widget_target_chef_mover.png[39m[0m
[  87% ] [90m[1m_update_scan_actions[22m | widget_target_chef_piece_0.png[39m[0m
[  87% ] [90m[1m_update_scan_actions[22m | widget_target_chef_piece_1.png[39m[0m
[  87% ] [90m[1m_update_scan_actions[22m | widget_target_chef_piece_2.png[39m[0m
[  87% ] [90m[1m_update_scan_actions[22m | widget_target_doctor.png[39m[0m
[  87% ] [90m[1m_update_scan_actions[22m | widget_target_doctor_mark.png[39m[0m
[  87% ] [90m[1m_update_scan_actions[22m | widget_target_doctor_mover.png[39m[0m
[  87% ] [90m[1m_update_scan_actions[22m | widget_target_farmer.png[39m[0m
[  87% ] [90m[1m_update_scan_actions[22m | widget_target_farmer_mark.png[39m[0m
[  88% ] [90m[1m_update_scan_actions[22m | widget_target_farmer_mover.png[39m[0m
[  88% ] [90m[1m_update_scan_actions[22m | widget_target_farmer_piece_0.png[39m[0m
[  88% ] [90m[1m_update_scan_actions[22m | widget_target_farmer_piece_1.png[39m[0m
[  88% ] [90m[1m_update_scan_actions[22m | widget_target_farmer_piece_2.png[39m[0m
[  88% ] [90m[1m_update_scan_actions[22m | widget_target_painter.png[39m[0m
[  88% ] [90m[1m_update_scan_actions[22m | widget_target_painter_mark.png[39m[0m
[  88% ] [90m[1m_update_scan_actions[22m | widget_target_painter_mover.png[39m[0m
[  88% ] [90m[1m_update_scan_actions[22m | widget_target_racer.png[39m[0m
[  88% ] [90m[1m_update_scan_actions[22m | widget_target_racer_mark.png[39m[0m
[  88% ] [90m[1m_update_scan_actions[22m | widget_target_racer_mover.png[39m[0m
[  88% ] [90m[1m_update_scan_actions[22m | widget_trace_ballerina.png[39m[0m
[  88% ] [90m[1m_update_scan_actions[22m | widget_trace_ballerina_lit.png[39m[0m
[  88% ] [90m[1m_update_scan_actions[22m | widget_trace_chef.png[39m[0m
[  88% ] [90m[1m_update_scan_actions[22m | widget_trace_chef_lit.png[39m[0m
[  88% ] [90m[1m_update_scan_actions[22m | widget_trace_detective.png[39m[0m
[  88% ] [90m[1m_update_scan_actions[22m | widget_trace_detective_lit.png[39m[0m
[  88% ] [90m[1m_update_scan_actions[22m | widget_trace_doctor.png[39m[0m
[  88% ] [90m[1m_update_scan_actions[22m | widget_trace_doctor_lit.png[39m[0m
[  88% ] [90m[1m_update_scan_actions[22m | widget_trace_magician.png[39m[0m
[  88% ] [90m[1m_update_scan_actions[22m | widget_trace_magician_lit.png[39m[0m
[  88% ] [90m[1m_update_scan_actions[22m | widget_trace_painter.png[39m[0m
[  88% ] [90m[1m_update_scan_actions[22m | widget_trace_painter_lit.png[39m[0m
[  88% ] [90m[1m_update_scan_actions[22m | widget_track_ballerina.png[39m[0m
[  88% ] [90m[1m_update_scan_actions[22m | widget_track_ballerina_mover.png[39m[0m
[  89% ] [90m[1m_update_scan_actions[22m | widget_track_boxer.png[39m[0m
[  89% ] [90m[1m_update_scan_actions[22m | widget_track_boxer_mover.png[39m[0m
[  89% ] [90m[1m_update_scan_actions[22m | widget_track_candymaker.png[39m[0m
[  89% ] [90m[1m_update_scan_actions[22m | widget_track_candymaker_mover.png[39m[0m
[  89% ] [90m[1m_update_scan_actions[22m | widget_track_detective.png[39m[0m
[  89% ] [90m[1m_update_scan_actions[22m | widget_track_detective_mover.png[39m[0m
[  89% ] [90m[1m_update_scan_actions[22m | widget_track_farmer.png[39m[0m
[  89% ] [90m[1m_update_scan_actions[22m | widget_track_farmer_mover.png[39m[0m
[  89% ] [90m[1m_update_scan_actions[22m | widget_track_magician.png[39m[0m
[  89% ] [90m[1m_update_scan_actions[22m | widget_track_magician_mover.png[39m[0m
[  89% ] [90m[1m_update_scan_actions[22m | widget_track_nursery.png[39m[0m
[  89% ] [90m[1m_update_scan_actions[22m | widget_track_nursery_mover.png[39m[0m
[  89% ] [90m[1m_update_scan_actions[22m | widget_track_popstar.png[39m[0m
[  89% ] [90m[1m_update_scan_actions[22m | widget_track_popstar_mover.png[39m[0m
[  89% ] [90m[1m_update_scan_actions[22m | widget_track_shared_hit.png[39m[0m
[  89% ] [90m[1m_update_scan_actions[22m | butterfly1.png[39m[0m
[  89% ] [90m[1m_update_scan_actions[22m | butterfly2.png[39m[0m
[  89% ] [90m[1m_update_scan_actions[22m | clownfish_Image_0.jpg[39m[0m
[  89% ] [90m[1m_update_scan_actions[22m | clownfish_side.png[39m[0m
[  89% ] [90m[1m_update_scan_actions[22m | coral1_Image_0_flat.png[39m[0m
[  89% ] [90m[1m_update_scan_actions[22m | coral2_Image_0_flat.png[39m[0m
[  89% ] [90m[1m_update_scan_actions[22m | coral3_Image_0_flat.png[39m[0m
[  89% ] [90m[1m_update_scan_actions[22m | coral4_Image_0_flat.png[39m[0m
[  89% ] [90m[1m_update_scan_actions[22m | coral5_Image_0_flat.png[39m[0m
[  90% ] [90m[1m_update_scan_actions[22m | coral6_Image_0_flat.png[39m[0m
[  90% ] [90m[1m_update_scan_actions[22m | coral_Image_0_flat.png[39m[0m
[  90% ] [90m[1m_update_scan_actions[22m | crab_Image_0.jpg[39m[0m
[  90% ] [90m[1m_update_scan_actions[22m | craft_birdie_base_color.jpg[39m[0m
[  90% ] [90m[1m_update_scan_actions[22m | craft_birdie_mask.png[39m[0m
[  90% ] [90m[1m_update_scan_actions[22m | craft_birdie_rigged_base_color.jpg[39m[0m
[  90% ] [90m[1m_update_scan_actions[22m | craft_kitty_base_color.jpg[39m[0m
[  90% ] [90m[1m_update_scan_actions[22m | craft_kitty_mask.png[39m[0m
[  90% ] [90m[1m_update_scan_actions[22m | craft_kitty_rigged_base_color.jpg[39m[0m
[  90% ] [90m[1m_update_scan_actions[22m | dolphin_Image_0.jpg[39m[0m
[  90% ] [90m[1m_update_scan_actions[22m | fanshell_Image_0_flat.png[39m[0m
[  90% ] [90m[1m_update_scan_actions[22m | grasstuft.png[39m[0m
[  90% ] [90m[1m_update_scan_actions[22m | hammerhead_Image_0.jpg[39m[0m
[  90% ] [90m[1m_update_scan_actions[22m | kelp.png[39m[0m
[  90% ] [90m[1m_update_scan_actions[22m | lobster_Image_0.jpg[39m[0m
[  90% ] [90m[1m_update_scan_actions[22m | octopus_Image_0.jpg[39m[0m
[  90% ] [90m[1m_update_scan_actions[22m | penguin_Image_0.jpg[39m[0m
[  90% ] [90m[1m_update_scan_actions[22m | play_horse_Image_0_flat.png[39m[0m
[  90% ] [90m[1m_update_scan_actions[22m | play_merry_Image_0_flat.png[39m[0m
[  90% ] [90m[1m_update_scan_actions[22m | play_sandbox_Image_0_flat.png[39m[0m
[  90% ] [90m[1m_update_scan_actions[22m | play_seesaw_Image_0_flat.png[39m[0m
[  90% ] [90m[1m_update_scan_actions[22m | play_slide_Image_0_flat.png[39m[0m
[  90% ] [90m[1m_update_scan_actions[22m | play_swing_Image_0_flat.png[39m[0m
[  90% ] [90m[1m_update_scan_actions[22m | rock1_Image_0_flat.png[39m[0m
[  91% ] [90m[1m_update_scan_actions[22m | rock2_Image_0_flat.png[39m[0m
[  91% ] [90m[1m_update_scan_actions[22m | rock3_Image_0_flat.png[39m[0m
[  91% ] [90m[1m_update_scan_actions[22m | rock4_Image_0_flat.png[39m[0m
[  91% ] [90m[1m_update_scan_actions[22m | rock5_Image_0_flat.png[39m[0m
[  91% ] [90m[1m_update_scan_actions[22m | rock_Image_0_flat.png[39m[0m
[  91% ] [90m[1m_update_scan_actions[22m | rock_largea_Image_0_flat.png[39m[0m
[  91% ] [90m[1m_update_scan_actions[22m | sanddollar_Image_0_flat.png[39m[0m
[  91% ] [90m[1m_update_scan_actions[22m | seagrass.png[39m[0m
[  91% ] [90m[1m_update_scan_actions[22m | shark_Image_0.jpg[39m[0m
[  91% ] [90m[1m_update_scan_actions[22m | smallfanshell_Image_0_flat.png[39m[0m
[  91% ] [90m[1m_update_scan_actions[22m | spiralshell_Image_0_flat.png[39m[0m
[  91% ] [90m[1m_update_scan_actions[22m | sponge_barrel_Image_0_flat.png[39m[0m
[  91% ] [90m[1m_update_scan_actions[22m | sponge_tubes_Image_0_flat.png[39m[0m
[  91% ] [90m[1m_update_scan_actions[22m | squid_Image_0.jpg[39m[0m
[  91% ] [90m[1m_update_scan_actions[22m | starfish_decal.png[39m[0m
[  91% ] [90m[1m_update_scan_actions[22m | starfish_Image_0_flat.png[39m[0m
[  91% ] [90m[1m_update_scan_actions[22m | stingray_Image_0.jpg[39m[0m
[  91% ] [90m[1m_update_scan_actions[22m | tree_fall2_Image_0_flat.png[39m[0m
[  91% ] [90m[1m_update_scan_actions[22m | tree_fall_Image_0_flat.png[39m[0m
[  91% ] [90m[1m_update_scan_actions[22m | tree_fat_Image_0_flat.png[39m[0m
[  91% ] [90m[1m_update_scan_actions[22m | tree_palm_Image_0_flat.png[39m[0m
[  91% ] [90m[1m_update_scan_actions[22m | tree_pineroundf_Image_0_lift_flat.png[39m[0m
[  91% ] [90m[1m_update_scan_actions[22m | turtle_Image_0.jpg[39m[0m
[  92% ] [90m[1m_update_scan_actions[22m | whale_Image_0.jpg[39m[0m
[  92% ] [90m[1m_update_scan_actions[22m | beetle.png[39m[0m
[  92% ] [90m[1m_update_scan_actions[22m | flower_coral.png[39m[0m
[  92% ] [90m[1m_update_scan_actions[22m | flower_lavender.png[39m[0m
[  92% ] [90m[1m_update_scan_actions[22m | fruit_apple.png[39m[0m
[  92% ] [90m[1m_update_scan_actions[22m | fruit_banana.png[39m[0m
[  92% ] [90m[1m_update_scan_actions[22m | fruit_melon.png[39m[0m
[  92% ] [90m[1m_update_scan_actions[22m | fruit_orange.png[39m[0m
[  92% ] [90m[1m_update_scan_actions[22m | ladybug.png[39m[0m
[  92% ] [90m[1m_update_scan_actions[22m | leaf_broad.png[39m[0m
[  92% ] [90m[1m_update_scan_actions[22m | leaf_fern.png[39m[0m
[  92% ] [90m[1m_update_scan_actions[22m | leaf_palmfan.png[39m[0m
[  92% ] [90m[1m_update_scan_actions[22m | leaf_spear.png[39m[0m
[  92% ] [90m[1m_update_scan_actions[22m | mushroom_red.png[39m[0m
[  92% ] [90m[1m_update_scan_actions[22m | mushroom_tan_cluster.png[39m[0m
[  92% ] [90m[1m_update_scan_actions[22m | play_swing_frame.png[39m[0m
[  92% ] [90m[1m_update_scan_actions[22m | play_swing_seat.png[39m[0m
[  92% ] [90m[1m_update_scan_actions[22m | colormap.png[39m[0m
[  92% ] [90m[1m_update_scan_actions[22m | dust_bunny_boss_angry.png[39m[0m
[  92% ] [90m[1m_update_scan_actions[22m | dust_bunny_boss_flinch.png[39m[0m
[  92% ] [90m[1m_update_scan_actions[22m | dust_bunny_boss_implode.png[39m[0m
[  92% ] [90m[1m_update_scan_actions[22m | dust_bunny_boss_jump.png[39m[0m
[  92% ] [90m[1m_update_scan_actions[22m | dust_bunny_boss_laugh_vulnerable.png[39m[0m
[  92% ] [90m[1m_update_scan_actions[22m | dust_bunny_clean_bubbles.png[39m[0m
[  93% ] [90m[1m_update_scan_actions[22m | dust_bunny_defeat.png[39m[0m
[  93% ] [90m[1m_update_scan_actions[22m | dust_bunny_hop.png[39m[0m
[  93% ] [90m[1m_update_scan_actions[22m | dust_bunny_idle.png[39m[0m
[  93% ] [90m[1m_update_scan_actions[22m | fx_water_bubble_burst_atlas.png[39m[0m
[  93% ] [90m[1m_update_scan_actions[22m | fx_water_foamline_strip.png[39m[0m
[  93% ] [90m[1m_update_scan_actions[22m | fx_water_ripple_ring_atlas.png[39m[0m
[  93% ] [90m[1m_update_scan_actions[22m | fx_water_splash_breach_atlas.png[39m[0m
[  93% ] [90m[1m_update_scan_actions[22m | fx_water_splash_medium_atlas.png[39m[0m
[  93% ] [90m[1m_update_scan_actions[22m | fx_water_splash_small_atlas.png[39m[0m
[  93% ] [90m[1m_update_scan_actions[22m | frog_idle_atlas.png[39m[0m
[  93% ] [90m[1m_update_scan_actions[22m | frog_startle_atlas.png[39m[0m
[  93% ] [90m[1m_update_scan_actions[22m | hare_idle_atlas.png[39m[0m
[  93% ] [90m[1m_update_scan_actions[22m | hare_startle_atlas.png[39m[0m
[  93% ] [90m[1m_update_scan_actions[22m | otter_idle_atlas.png[39m[0m
[  93% ] [90m[1m_update_scan_actions[22m | otter_startle_atlas.png[39m[0m
[  93% ] [90m[1m_update_scan_actions[22m | raccoon_idle_atlas.png[39m[0m
[  93% ] [90m[1m_update_scan_actions[22m | raccoon_startle_atlas.png[39m[0m
[  93% ] [90m[1m_update_scan_actions[22m | squirrel_idle_atlas.png[39m[0m
[  93% ] [90m[1m_update_scan_actions[22m | squirrel_startle_atlas.png[39m[0m
[  93% ] [90m[1m_update_scan_actions[22m | roshan_seesaw_0.png[39m[0m
[  93% ] [90m[1m_update_scan_actions[22m | roshan_seesaw_1.png[39m[0m
[  93% ] [90m[1m_update_scan_actions[22m | roshan_seesaw_2.png[39m[0m
[  93% ] [90m[1m_update_scan_actions[22m | roshan_seesaw_3.png[39m[0m
[  93% ] [90m[1m_update_scan_actions[22m | roshan_slide_0.png[39m[0m
[  94% ] [90m[1m_update_scan_actions[22m | roshan_slide_1.png[39m[0m
[  94% ] [90m[1m_update_scan_actions[22m | roshan_slide_2_v2.png[39m[0m
[  94% ] [90m[1m_update_scan_actions[22m | roshan_slide_3_v2.png[39m[0m
[  94% ] [90m[1m_update_scan_actions[22m | roshan_swing_0.png[39m[0m
[  94% ] [90m[1m_update_scan_actions[22m | roshan_swing_1.png[39m[0m
[  94% ] [90m[1m_update_scan_actions[22m | roshan_swing_2_v2.png[39m[0m
[  94% ] [90m[1m_update_scan_actions[22m | roshan_swing_3_v2.png[39m[0m
[  94% ] [90m[1m_update_scan_actions[22m | sky_lagoon_activity_frame_v2.png[39m[0m
[  94% ] [90m[1m_update_scan_actions[22m | sky_lagoon_activity_frame_v3.png[39m[0m
[  94% ] [90m[1m_update_scan_actions[22m | sky_lagoon_castle_door_focus_v1.png[39m[0m
[  94% ] [90m[1m_update_scan_actions[22m | sky_lagoon_castle_four_tower_v3.png[39m[0m
[  94% ] [90m[1m_update_scan_actions[22m | sky_lagoon_castle_four_tower_v4.png[39m[0m
[  94% ] [90m[1m_update_scan_actions[22m | sky_lagoon_castle_gate.png[39m[0m
[  94% ] [90m[1m_update_scan_actions[22m | sky_lagoon_castle_gate_v3.png[39m[0m
[  94% ] [90m[1m_update_scan_actions[22m | sky_lagoon_castle_stained_glass_v1.png[39m[0m
[  94% ] [90m[1m_update_scan_actions[22m | sky_lagoon_cloud_family_drift.png[39m[0m
[  94% ] [90m[1m_update_scan_actions[22m | sky_lagoon_cloud_family_v5_audited.png[39m[0m
[  94% ] [90m[1m_update_scan_actions[22m | sky_lagoon_cloud_family_v7_hd_grade.png[39m[0m
[  94% ] [90m[1m_update_scan_actions[22m | sky_lagoon_cloud_single_v1.png[39m[0m
[  94% ] [90m[1m_update_scan_actions[22m | sky_lagoon_contact_shadow.png[39m[0m
[  94% ] [90m[1m_update_scan_actions[22m | sky_lagoon_plane.png[39m[0m
[  94% ] [90m[1m_update_scan_actions[22m | sky_lagoon_plane_v4_audited_360.png[39m[0m
[  94% ] [90m[1m_update_scan_actions[22m | sky_lagoon_plane_v5_hd_grade.png[39m[0m
[  94% ] [90m[1m_update_scan_actions[22m | sky_lagoon_pnw_currant_sway.png[39m[0m
[  95% ] [90m[1m_update_scan_actions[22m | sky_lagoon_pnw_currant_sway_audited.png[39m[0m
[  95% ] [90m[1m_update_scan_actions[22m | sky_lagoon_pnw_fir_sway.png[39m[0m
[  95% ] [90m[1m_update_scan_actions[22m | sky_lagoon_pnw_fir_sway_v2.png[39m[0m
[  95% ] [90m[1m_update_scan_actions[22m | sky_lagoon_roshan.png[39m[0m
[  95% ] [90m[1m_update_scan_actions[22m | sky_lagoon_roshan_runtime_audited.png[39m[0m
[  95% ] [90m[1m_update_scan_actions[22m | sky_lagoon_seesaw.png[39m[0m
[  95% ] [90m[1m_update_scan_actions[22m | sky_lagoon_seesaw_v4.png[39m[0m
[  95% ] [90m[1m_update_scan_actions[22m | sky_lagoon_seesaw_v4_compact.png[39m[0m
[  95% ] [90m[1m_update_scan_actions[22m | sky_lagoon_seesaw_v5_fitted.png[39m[0m
[  95% ] [90m[1m_update_scan_actions[22m | sky_lagoon_slide.png[39m[0m
[  95% ] [90m[1m_update_scan_actions[22m | sky_lagoon_slide_v3.png[39m[0m
[  95% ] [90m[1m_update_scan_actions[22m | sky_lagoon_slide_v3_compact.png[39m[0m
[  95% ] [90m[1m_update_scan_actions[22m | sky_lagoon_smoke_wisp_v2.png[39m[0m
[  95% ] [90m[1m_update_scan_actions[22m | sky_lagoon_swing.png[39m[0m
[  95% ] [90m[1m_update_scan_actions[22m | sky_lagoon_swing_single_mermaid_v1.png[39m[0m
[  95% ] [90m[1m_update_scan_actions[22m | sky_lagoon_swing_v3.png[39m[0m
[  95% ] [90m[1m_update_scan_actions[22m | sky_lagoon_swing_v3_compact.png[39m[0m
[  95% ] [90m[1m_update_scan_actions[22m | sky_lagoon_tree_sticker_medium_v1.png[39m[0m
[  95% ] [90m[1m_update_scan_actions[22m | sky_lagoon_tree_sticker_slender_v1.png[39m[0m
[  95% ] [90m[1m_update_scan_actions[22m | sky_lagoon_tree_sticker_tall_v1.png[39m[0m
[  95% ] [90m[1m_update_scan_actions[22m | display_shelf.png[39m[0m
[  95% ] [90m[1m_update_scan_actions[22m | lamma.png[39m[0m
[  95% ] [90m[1m_update_scan_actions[22m | toy_chest.png[39m[0m
[  95% ] [90m[1m_update_scan_actions[22m | worktable.png[39m[0m
[  96% ] [90m[1m_update_scan_actions[22m | backdrop_seamounts.jpg[39m[0m
[  96% ] [90m[1m_update_scan_actions[22m | bathroom_tile_col.jpg[39m[0m
[  96% ] [90m[1m_update_scan_actions[22m | beachball.png[39m[0m
[  96% ] [90m[1m_update_scan_actions[22m | castle_carpet_col.jpg[39m[0m
[  96% ] [90m[1m_update_scan_actions[22m | castle_floor_col.jpg[39m[0m
[  96% ] [90m[1m_update_scan_actions[22m | caustics.png[39m[0m
[  96% ] [90m[1m_update_scan_actions[22m | flower2.png[39m[0m
[  96% ] [90m[1m_update_scan_actions[22m | flower.png[39m[0m
[  96% ] [90m[1m_update_scan_actions[22m | gen2_water_col.jpg[39m[0m
[  96% ] [90m[1m_update_scan_actions[22m | grass.jpg[39m[0m
[  96% ] [90m[1m_update_scan_actions[22m | kitchen_counter_col.jpg[39m[0m
[  96% ] [90m[1m_update_scan_actions[22m | kitchen_floor_col.jpg[39m[0m
[  96% ] [90m[1m_update_scan_actions[22m | kitchen_wood_col.jpg[39m[0m
[  96% ] [90m[1m_update_scan_actions[22m | leaf.png[39m[0m
[  96% ] [90m[1m_update_scan_actions[22m | polyp.png[39m[0m
[  96% ] [90m[1m_update_scan_actions[22m | polyp_normal.png[39m[0m
[  96% ] [90m[1m_update_scan_actions[22m | scales.png[39m[0m
[  96% ] [90m[1m_update_scan_actions[22m | scales_normal.png[39m[0m
[  96% ] [90m[1m_update_scan_actions[22m | star_detail.png[39m[0m
[  96% ] [90m[1m_update_scan_actions[22m | up_castle_col.jpg[39m[0m
[  96% ] [90m[1m_update_scan_actions[22m | up_castle_nrm.jpg[39m[0m
[  96% ] [90m[1m_update_scan_actions[22m | up_castle_rgh.jpg[39m[0m
[  96% ] [90m[1m_update_scan_actions[22m | up_cliffwall_col.jpg[39m[0m
[  96% ] [90m[1m_update_scan_actions[22m | up_cliff_col.jpg[39m[0m
[  97% ] [90m[1m_update_scan_actions[22m | up_cliff_nrm.jpg[39m[0m
[  97% ] [90m[1m_update_scan_actions[22m | up_cliff_rgh.jpg[39m[0m
[  97% ] [90m[1m_update_scan_actions[22m | up_cobble_col.jpg[39m[0m
[  97% ] [90m[1m_update_scan_actions[22m | up_cobble_nrm.jpg[39m[0m
[  97% ] [90m[1m_update_scan_actions[22m | up_cobble_rgh.jpg[39m[0m
[  97% ] [90m[1m_update_scan_actions[22m | up_crystal_col.png[39m[0m
[  97% ] [90m[1m_update_scan_actions[22m | up_dirt_col.jpg[39m[0m
[  97% ] [90m[1m_update_scan_actions[22m | up_dirt_nrm.jpg[39m[0m
[  97% ] [90m[1m_update_scan_actions[22m | up_dirt_rgh.jpg[39m[0m
[  97% ] [90m[1m_update_scan_actions[22m | up_door_col.jpg[39m[0m
[  97% ] [90m[1m_update_scan_actions[22m | up_door_nrm.jpg[39m[0m
[  97% ] [90m[1m_update_scan_actions[22m | up_door_rgh.jpg[39m[0m
[  97% ] [90m[1m_update_scan_actions[22m | up_fabric_col.jpg[39m[0m
[  97% ] [90m[1m_update_scan_actions[22m | up_fabric_nrm.jpg[39m[0m
[  97% ] [90m[1m_update_scan_actions[22m | up_fabric_rgh.jpg[39m[0m
[  97% ] [90m[1m_update_scan_actions[22m | up_flagstone_col.jpg[39m[0m
[  97% ] [90m[1m_update_scan_actions[22m | up_flagstone_nrm.jpg[39m[0m
[  97% ] [90m[1m_update_scan_actions[22m | up_flagstone_rgh.jpg[39m[0m
[  97% ] [90m[1m_update_scan_actions[22m | up_grass_col.jpg[39m[0m
[  97% ] [90m[1m_update_scan_actions[22m | up_grass_nrm.jpg[39m[0m
[  97% ] [90m[1m_update_scan_actions[22m | up_grass_rgh.jpg[39m[0m
[  97% ] [90m[1m_update_scan_actions[22m | up_marble_col.jpg[39m[0m
[  97% ] [90m[1m_update_scan_actions[22m | up_marble_nrm.jpg[39m[0m
[  97% ] [90m[1m_update_scan_actions[22m | up_marble_rgh.jpg[39m[0m
[  98% ] [90m[1m_update_scan_actions[22m | up_roof_col.jpg[39m[0m
[  98% ] [90m[1m_update_scan_actions[22m | up_roof_nrm.jpg[39m[0m
[  98% ] [90m[1m_update_scan_actions[22m | up_roof_rgh.jpg[39m[0m
[  98% ] [90m[1m_update_scan_actions[22m | up_sand_col.jpg[39m[0m
[  98% ] [90m[1m_update_scan_actions[22m | up_sand_nrm.jpg[39m[0m
[  98% ] [90m[1m_update_scan_actions[22m | up_sand_rgh.jpg[39m[0m
[  98% ] [90m[1m_update_scan_actions[22m | up_shipwood_col.png[39m[0m
[  98% ] [90m[1m_update_scan_actions[22m | up_snowsoft_col.jpg[39m[0m
[  98% ] [90m[1m_update_scan_actions[22m | up_snow_col.jpg[39m[0m
[  98% ] [90m[1m_update_scan_actions[22m | up_snow_nrm.jpg[39m[0m
[  98% ] [90m[1m_update_scan_actions[22m | up_snow_rgh.jpg[39m[0m
[  98% ] [90m[1m_update_scan_actions[22m | up_water_col.jpg[39m[0m
[  98% ] [90m[1m_update_scan_actions[22m | up_water_nrm.jpg[39m[0m
[  98% ] [90m[1m_update_scan_actions[22m | up_water_rgh.jpg[39m[0m
[  98% ] [90m[1m_update_scan_actions[22m | up_wood_col.jpg[39m[0m
[  98% ] [90m[1m_update_scan_actions[22m | up_wood_nrm.jpg[39m[0m
[  98% ] [90m[1m_update_scan_actions[22m | up_wood_rgh.jpg[39m[0m
[  98% ] [90m[1m_update_scan_actions[22m | room_bubble_bath.png[39m[0m
[  98% ] [90m[1m_update_scan_actions[22m | room_craft_room.png[39m[0m
[  98% ] [90m[1m_update_scan_actions[22m | room_kitchen.png[39m[0m
[  98% ] [90m[1m_update_scan_actions[22m | room_library.png[39m[0m
[  98% ] [90m[1m_update_scan_actions[22m | room_main_hall.png[39m[0m
[  98% ] [90m[1m_update_scan_actions[22m | room_mermaid_pool.png[39m[0m
[  98% ] [90m[1m_update_scan_actions[22m | room_opera_hall.png[39m[0m
[  99% ] [90m[1m_update_scan_actions[22m | room_playroom.png[39m[0m
[  99% ] [90m[1m_update_scan_actions[22m | room_bubble_bath.png[39m[0m
[  99% ] [90m[1m_update_scan_actions[22m | room_craft_room.png[39m[0m
[  99% ] [90m[1m_update_scan_actions[22m | room_dining_room.png[39m[0m
[  99% ] [90m[1m_update_scan_actions[22m | room_kitchen.png[39m[0m
[  99% ] [90m[1m_update_scan_actions[22m | room_library.png[39m[0m
[  99% ] [90m[1m_update_scan_actions[22m | room_main_hall.png[39m[0m
[  99% ] [90m[1m_update_scan_actions[22m | room_mermaid_pool.png[39m[0m
[  99% ] [90m[1m_update_scan_actions[22m | room_movie_lounge.png[39m[0m
[  99% ] [90m[1m_update_scan_actions[22m | room_opera_hall.png[39m[0m
[  99% ] [90m[1m_update_scan_actions[22m | room_playroom.png[39m[0m
[  99% ] [90m[1m_update_scan_actions[22m | room_royal_bedroom.png[39m[0m
[  99% ] [90m[1m_update_scan_actions[22m | room_sleepover_bedroom.png[39m[0m
[  99% ] [90m[1m_update_scan_actions[22m | boot_splash_mermaid_roshan.png[39m[0m
[  99% ] [90m[1m_update_scan_actions[22m | monstertruck_Atlas.png[39m[0m
[  99% ] [90m[1m_update_scan_actions[22m | LIGHTING_2026-08-02_cast_idioms.jpg[39m[0m
[  99% ] [90m[1m_update_scan_actions[22m | LIGHTING_2026-08-02_grade_castle_room.jpg[39m[0m
[  99% ] [90m[1m_update_scan_actions[22m | LIGHTING_2026-08-02_grade_main_hall.jpg[39m[0m
[  99% ] [90m[1m_update_scan_actions[22m | LIGHTING_2026-08-02_grade_sky_lagoon.jpg[39m[0m
[  99% ] [90m[1m_update_scan_actions[22m | LIGHTING_2026-08-02_idiom_split.jpg[39m[0m
[  99% ] [90m[1m_update_scan_actions[22m | SKY_LAGOON_ANIMALS_2026-08-01_LIGHTING.jpg[39m[0m
[  99% ] [90m[1m_update_scan_actions[22m | SKY_LAGOON_ANIMAL_REALISM_2026-08-02_FOOTING.jpg[39m[0m
[92m[ DONE ][39m [1m_update_scan_actions[22m
[0m
[   0% ] [90m[1mreimport[22m | Started (Re)Importing Assets (2387 steps)[39m[0m
[   0% ] [90m[1mreimport[22m | Preparing files to reimport...[39m[0m
[   0% ] [90m[1mreimport[22m | Preparing files to reimport...[39m[0m
[   0% ] [90m[1mreimport[22m | Preparing files to reimport...[39m[0m
[   0% ] [90m[1mreimport[22m | Preparing files to reimport...[39m[0m
[   0% ] [90m[1mreimport[22m | Preparing files to reimport...[39m[0m
[   0% ] [90m[1mreimport[22m | Preparing files to reimport...[39m[0m
[   0% ] [90m[1mreimport[22m | Preparing files to reimport...[39m[0m
[   0% ] [90m[1mreimport[22m | Preparing files to reimport...[39m[0m
[   0% ] [90m[1mreimport[22m | Preparing files to reimport...[39m[0m
[   0% ] [90m[1mreimport[22m | Preparing files to reimport...[39m[0m
[   0% ] [90m[1mreimport[22m | Preparing files to reimport...[39m[0m
[   0% ] [90m[1mreimport[22m | Preparing files to reimport...[39m[0m
[   0% ] [90m[1mreimport[22m | Preparing files to reimport...[39m[0m
[   0% ] [90m[1mreimport[22m | Preparing files to reimport...[39m[0m
[   0% ] [90m[1mreimport[22m | Preparing files to reimport...[39m[0m
[   0% ] [90m[1mreimport[22m | Preparing files to reimport...[39m[0m
[   0% ] [90m[1mreimport[22m | Preparing files to reimport...[39m[0m
[   0% ] [90m[1mreimport[22m | Preparing files to reimport...[39m[0m
[   0% ] [90m[1mreimport[22m | Preparing files to reimport...[39m[0m
[   0% ] [90m[1mreimport[22m | Preparing files to reimport...[39m[0m
[   0% ] [90m[1mreimport[22m | Preparing files to reimport...[39m[0m
[   0% ] [90m[1mreimport[22m | Preparing files to reimport...[39m[0m
[   0% ] [90m[1mreimport[22m | Preparing files to reimport...[39m[0m
[   0% ] [90m[1mreimport[22m | Preparing files to reimport...[39m[0m
[   1% ] [90m[1mreimport[22m | Preparing files to reimport...[39m[0m
[   1% ] [90m[1mreimport[22m | Preparing files to reimport...[39m[0m
[   1% ] [90m[1mreimport[22m | Preparing files to reimport...[39m[0m
[   1% ] [90m[1mreimport[22m | Preparing files to reimport...[39m[0m
[   1% ] [90m[1mreimport[22m | Preparing files to reimport...[39m[0m
[   1% ] [90m[1mreimport[22m | Preparing files to reimport...[39m[0m
[   1% ] [90m[1mreimport[22m | Preparing files to reimport...[39m[0m
[   1% ] [90m[1mreimport[22m | Preparing files to reimport...[39m[0m
[   1% ] [90m[1mreimport[22m | Preparing files to reimport...[39m[0m
[   1% ] [90m[1mreimport[22m | Preparing files to reimport...[39m[0m
[   1% ] [90m[1mreimport[22m | Preparing files to reimport...[39m[0m
[   1% ] [90m[1mreimport[22m | Preparing files to reimport...[39m[0m
[   1% ] [90m[1mreimport[22m | Preparing files to reimport...[39m[0m
[   1% ] [90m[1mreimport[22m | Preparing files to reimport...[39m[0m
[   1% ] [90m[1mreimport[22m | Preparing files to reimport...[39m[0m
[   1% ] [90m[1mreimport[22m | Preparing files to reimport...[39m[0m
[   1% ] [90m[1mreimport[22m | Preparing files to reimport...[39m[0m
[   1% ] [90m[1mreimport[22m | Preparing files to reimport...[39m[0m
[   1% ] [90m[1mreimport[22m | Preparing files to reimport...[39m[0m
[   1% ] [90m[1mreimport[22m | Preparing files to reimport...[39m[0m
[   1% ] [90m[1mreimport[22m | Preparing files to reimport...[39m[0m
[   1% ] [90m[1mreimport[22m | Preparing files to reimport...[39m[0m
[   1% ] [90m[1mreimport[22m | Preparing files to reimport...[39m[0m
[   1% ] [90m[1mreimport[22m | Preparing files to reimport...[39m[0m
[   2% ] [90m[1mreimport[22m | Preparing files to reimport...[39m[0m
[   2% ] [90m[1mreimport[22m | Preparing files to reimport...[39m[0m
[   2% ] [90m[1mreimport[22m | Preparing files to reimport...[39m[0m
[   2% ] [90m[1mreimport[22m | Preparing files to reimport...[39m[0m
[   2% ] [90m[1mreimport[22m | Preparing files to reimport...[39m[0m
[   2% ] [90m[1mreimport[22m | Preparing files to reimport...[39m[0m
[   2% ] [90m[1mreimport[22m | Preparing files to reimport...[39m[0m
[   2% ] [90m[1mreimport[22m | Preparing files to reimport...[39m[0m
[   2% ] [90m[1mreimport[22m | Preparing files to reimport...[39m[0m
[   2% ] [90m[1mreimport[22m | Preparing files to reimport...[39m[0m
[   2% ] [90m[1mreimport[22m | Preparing files to reimport...[39m[0m
[   2% ] [90m[1mreimport[22m | Preparing files to reimport...[39m[0m
[   2% ] [90m[1mreimport[22m | Preparing files to reimport...[39m[0m
[   2% ] [90m[1mreimport[22m | Preparing files to reimport...[39m[0m
[   2% ] [90m[1mreimport[22m | Preparing files to reimport...[39m[0m
[   2% ] [90m[1mreimport[22m | Preparing files to reimport...[39m[0m
[   2% ] [90m[1mreimport[22m | Preparing files to reimport...[39m[0m
[   2% ] [90m[1mreimport[22m | Preparing files to reimport...[39m[0m
[   2% ] [90m[1mreimport[22m | Preparing files to reimport...[39m[0m
[   2% ] [90m[1mreimport[22m | Preparing files to reimport...[39m[0m
[   2% ] [90m[1mreimport[22m | Preparing files to reimport...[39m[0m
[   2% ] [90m[1mreimport[22m | Preparing files to reimport...[39m[0m
[   2% ] [90m[1mreimport[22m | Preparing files to reimport...[39m[0m
[   2% ] [90m[1mreimport[22m | Preparing files to reimport...[39m[0m
[   3% ] [90m[1mreimport[22m | Preparing files to reimport...[39m[0m
[   3% ] [90m[1mreimport[22m | Preparing files to reimport...[39m[0m
[   3% ] [90m[1mreimport[22m | Preparing files to reimport...[39m[0m
[   3% ] [90m[1mreimport[22m | Preparing files to reimport...[39m[0m
[   3% ] [90m[1mreimport[22m | Preparing files to reimport...[39m[0m
[   3% ] [90m[1mreimport[22m | Preparing files to reimport...[39m[0m
[   3% ] [90m[1mreimport[22m | Preparing files to reimport...[39m[0m
[   3% ] [90m[1mreimport[22m | Preparing files to reimport...[39m[0m
[   3% ] [90m[1mreimport[22m | Preparing files to reimport...[39m[0m
[   3% ] [90m[1mreimport[22m | Preparing files to reimport...[39m[0m
[   3% ] [90m[1mreimport[22m | Preparing files to reimport...[39m[0m
[   3% ] [90m[1mreimport[22m | Preparing files to reimport...[39m[0m
[   3% ] [90m[1mreimport[22m | Preparing files to reimport...[39m[0m
[   3% ] [90m[1mreimport[22m | Preparing files to reimport...[39m[0m
[   3% ] [90m[1mreimport[22m | Preparing files to reimport...[39m[0m
[   3% ] [90m[1mreimport[22m | Preparing files to reimport...[39m[0m
[   3% ] [90m[1mreimport[22m | Preparing files to reimport...[39m[0m
[   3% ] [90m[1mreimport[22m | Preparing files to reimport...[39m[0m
[   3% ] [90m[1mreimport[22m | Preparing files to reimport...[39m[0m
[   3% ] [90m[1mreimport[22m | Preparing files to reimport...[39m[0m
[   3% ] [90m[1mreimport[22m | Preparing files to reimport...[39m[0m
[   3% ] [90m[1mreimport[22m | Preparing files to reimport...[39m[0m
[   3% ] [90m[1mreimport[22m | Preparing files to reimport...[39m[0m
[   3% ] [90m[1mreimport[22m | Preparing files to reimport...[39m[0m
[   4% ] [90m[1mreimport[22m | Preparing files to reimport...[39m[0m
[   4% ] [90m[1mreimport[22m | Preparing files to reimport...[39m[0m
[   4% ] [90m[1mreimport[22m | Preparing files to reimport...[39m[0m
[   4% ] [90m[1mreimport[22m | Preparing files to reimport...[39m[0m
[   4% ] [90m[1mreimport[22m | Preparing files to reimport...[39m[0m
[   4% ] [90m[1mreimport[22m | Preparing files to reimport...[39m[0m
[   4% ] [90m[1mreimport[22m | Preparing files to reimport...[39m[0m
[   4% ] [90m[1mreimport[22m | Preparing files to reimport...[39m[0m
[   4% ] [90m[1mreimport[22m | Preparing files to reimport...[39m[0m
[   4% ] [90m[1mreimport[22m | Preparing files to reimport...[39m[0m
[   4% ] [90m[1mreimport[22m | Preparing files to reimport...[39m[0m
[   4% ] [90m[1mreimport[22m | Preparing files to reimport...[39m[0m
[   4% ] [90m[1mreimport[22m | Preparing files to reimport...[39m[0m
[   4% ] [90m[1mreimport[22m | Preparing files to reimport...[39m[0m
[   4% ] [90m[1mreimport[22m | Preparing files to reimport...[39m[0m
[   4% ] [90m[1mreimport[22m | Preparing files to reimport...[39m[0m
[   4% ] [90m[1mreimport[22m | Preparing files to reimport...[39m[0m
[   4% ] [90m[1mreimport[22m | Preparing files to reimport...[39m[0m
[   4% ] [90m[1mreimport[22m | Preparing files to reimport...[39m[0m
[   4% ] [90m[1mreimport[22m | Preparing files to reimport...[39m[0m
[   4% ] [90m[1mreimport[22m | Preparing files to reimport...[39m[0m
[   4% ] [90m[1mreimport[22m | Preparing files to reimport...[39m[0m
[   4% ] [90m[1mreimport[22m | Preparing files to reimport...[39m[0m
[   4% ] [90m[1mreimport[22m | Preparing files to reimport...[39m[0m
[   5% ] [90m[1mreimport[22m | Preparing files to reimport...[39m[0m
[   5% ] [90m[1mreimport[22m | Preparing files to reimport...[39m[0m
[   5% ] [90m[1mreimport[22m | Preparing files to reimport...[39m[0m
[   5% ] [90m[1mreimport[22m | Preparing files to reimport...[39m[0m
[   5% ] [90m[1mreimport[22m | Preparing files to reimport...[39m[0m
[   5% ] [90m[1mreimport[22m | Preparing files to reimport...[39m[0m
[   5% ] [90m[1mreimport[22m | Preparing files to reimport...[39m[0m
[   5% ] [90m[1mreimport[22m | Preparing files to reimport...[39m[0m
[   5% ] [90m[1mreimport[22m | Preparing files to reimport...[39m[0m
[   5% ] [90m[1mreimport[22m | Preparing files to reimport...[39m[0m
[   5% ] [90m[1mreimport[22m | Preparing files to reimport...[39m[0m
[   5% ] [90m[1mreimport[22m | Preparing files to reimport...[39m[0m
[   5% ] [90m[1mreimport[22m | Preparing files to reimport...[39m[0m
[   5% ] [90m[1mreimport[22m | Preparing files to reimport...[39m[0m
[   5% ] [90m[1mreimport[22m | Preparing files to reimport...[39m[0m
[   5% ] [90m[1mreimport[22m | Preparing files to reimport...[39m[0m
[   5% ] [90m[1mreimport[22m | Preparing files to reimport...[39m[0m
[   5% ] [90m[1mreimport[22m | Preparing files to reimport...[39m[0m
[   5% ] [90m[1mreimport[22m | Preparing files to reimport...[39m[0m
[   5% ] [90m[1mreimport[22m | Preparing files to reimport...[39m[0m
[   5% ] [90m[1mreimport[22m | Preparing files to reimport...[39m[0m
[   5% ] [90m[1mreimport[22m | Preparing files to reimport...[39m[0m
[   5% ] [90m[1mreimport[22m | Preparing files to reimport...[39m[0m
[   5% ] [90m[1mreimport[22m | Preparing files to reimport...[39m[0m
[   6% ] [90m[1mreimport[22m | Preparing files to reimport...[39m[0m
[   6% ] [90m[1mreimport[22m | Preparing files to reimport...[39m[0m
[   6% ] [90m[1mreimport[22m | Preparing files to reimport...[39m[0m
[   6% ] [90m[1mreimport[22m | Preparing files to reimport...[39m[0m
[   6% ] [90m[1mreimport[22m | Preparing files to reimport...[39m[0m
[   6% ] [90m[1mreimport[22m | Preparing files to reimport...[39m[0m
[   6% ] [90m[1mreimport[22m | Preparing files to reimport...[39m[0m
[   6% ] [90m[1mreimport[22m | Preparing files to reimport...[39m[0m
[   6% ] [90m[1mreimport[22m | Preparing files to reimport...[39m[0m
[   6% ] [90m[1mreimport[22m | Preparing files to reimport...[39m[0m
[   6% ] [90m[1mreimport[22m | Preparing files to reimport...[39m[0m
[   6% ] [90m[1mreimport[22m | Preparing files to reimport...[39m[0m
[   6% ] [90m[1mreimport[22m | Preparing files to reimport...[39m[0m
[   6% ] [90m[1mreimport[22m | Preparing files to reimport...[39m[0m
[   6% ] [90m[1mreimport[22m | Preparing files to reimport...[39m[0m
[   6% ] [90m[1mreimport[22m | Preparing files to reimport...[39m[0m
[   6% ] [90m[1mreimport[22m | Preparing files to reimport...[39m[0m
[   6% ] [90m[1mreimport[22m | Preparing files to reimport...[39m[0m
[   6% ] [90m[1mreimport[22m | Preparing files to reimport...[39m[0m
[   6% ] [90m[1mreimport[22m | Preparing files to reimport...[39m[0m
[   6% ] [90m[1mreimport[22m | Preparing files to reimport...[39m[0m
[   6% ] [90m[1mreimport[22m | Preparing files to reimport...[39m[0m
[   6% ] [90m[1mreimport[22m | Preparing files to reimport...[39m[0m
[   6% ] [90m[1mreimport[22m | Preparing files to reimport...[39m[0m
[   7% ] [90m[1mreimport[22m | Preparing files to reimport...[39m[0m
[   7% ] [90m[1mreimport[22m | Preparing files to reimport...[39m[0m
[   7% ] [90m[1mreimport[22m | Preparing files to reimport...[39m[0m
[   7% ] [90m[1mreimport[22m | Preparing files to reimport...[39m[0m
[   7% ] [90m[1mreimport[22m | Preparing files to reimport...[39m[0m
[   7% ] [90m[1mreimport[22m | Preparing files to reimport...[39m[0m
[   7% ] [90m[1mreimport[22m | Preparing files to reimport...[39m[0m
[   7% ] [90m[1mreimport[22m | Preparing files to reimport...[39m[0m
[   7% ] [90m[1mreimport[22m | Preparing files to reimport...[39m[0m
[   7% ] [90m[1mreimport[22m | Preparing files to reimport...[39m[0m
[   7% ] [90m[1mreimport[22m | Preparing files to reimport...[39m[0m
[   7% ] [90m[1mreimport[22m | Preparing files to reimport...[39m[0m
[   7% ] [90m[1mreimport[22m | Preparing files to reimport...[39m[0m
[   7% ] [90m[1mreimport[22m | Preparing files to reimport...[39m[0m
[   7% ] [90m[1mreimport[22m | Preparing files to reimport...[39m[0m
[   7% ] [90m[1mreimport[22m | Preparing files to reimport...[39m[0m
[   7% ] [90m[1mreimport[22m | Preparing files to reimport...[39m[0m
[   7% ] [90m[1mreimport[22m | Preparing files to reimport...[39m[0m
[   7% ] [90m[1mreimport[22m | Preparing files to reimport...[39m[0m
[   7% ] [90m[1mreimport[22m | Preparing files to reimport...[39m[0m
[   7% ] [90m[1mreimport[22m | Preparing files to reimport...[39m[0m
[   7% ] [90m[1mreimport[22m | Preparing files to reimport...[39m[0m
[   7% ] [90m[1mreimport[22m | Preparing files to reimport...[39m[0m
[   7% ] [90m[1mreimport[22m | Preparing files to reimport...[39m[0m
[   8% ] [90m[1mreimport[22m | Preparing files to reimport...[39m[0m
[   8% ] [90m[1mreimport[22m | Preparing files to reimport...[39m[0m
[   8% ] [90m[1mreimport[22m | Preparing files to reimport...[39m[0m
[   8% ] [90m[1mreimport[22m | Preparing files to reimport...[39m[0m
[   8% ] [90m[1mreimport[22m | Preparing files to reimport...[39m[0m
[   8% ] [90m[1mreimport[22m | Preparing files to reimport...[39m[0m
[   8% ] [90m[1mreimport[22m | Preparing files to reimport...[39m[0m
[   8% ] [90m[1mreimport[22m | Preparing files to reimport...[39m[0m
[   8% ] [90m[1mreimport[22m | Preparing files to reimport...[39m[0m
[   8% ] [90m[1mreimport[22m | Preparing files to reimport...[39m[0m
[   8% ] [90m[1mreimport[22m | Preparing files to reimport...[39m[0m
[   8% ] [90m[1mreimport[22m | Preparing files to reimport...[39m[0m
[   8% ] [90m[1mreimport[22m | Preparing files to reimport...[39m[0m
[   8% ] [90m[1mreimport[22m | Preparing files to reimport...[39m[0m
[   8% ] [90m[1mreimport[22m | Preparing files to reimport...[39m[0m
[   8% ] [90m[1mreimport[22m | Preparing files to reimport...[39m[0m
[   8% ] [90m[1mreimport[22m | Preparing files to reimport...[39m[0m
[   8% ] [90m[1mreimport[22m | Preparing files to reimport...[39m[0m
[   8% ] [90m[1mreimport[22m | Preparing files to reimport...[39m[0m
[   8% ] [90m[1mreimport[22m | Preparing files to reimport...[39m[0m
[   8% ] [90m[1mreimport[22m | Preparing files to reimport...[39m[0m
[   8% ] [90m[1mreimport[22m | Preparing files to reimport...[39m[0m
[   8% ] [90m[1mreimport[22m | Preparing files to reimport...[39m[0m
[   9% ] [90m[1mreimport[22m | Preparing files to reimport...[39m[0m
[   9% ] [90m[1mreimport[22m | Preparing files to reimport...[39m[0m
[   9% ] [90m[1mreimport[22m | Preparing files to reimport...[39m[0m
[   9% ] [90m[1mreimport[22m | Preparing files to reimport...[39m[0m
[   9% ] [90m[1mreimport[22m | Preparing files to reimport...[39m[0m
[   9% ] [90m[1mreimport[22m | Preparing files to reimport...[39m[0m
[   9% ] [90m[1mreimport[22m | Preparing files to reimport...[39m[0m
[   9% ] [90m[1mreimport[22m | Preparing files to reimport...[39m[0m
[   9% ] [90m[1mreimport[22m | Preparing files to reimport...[39m[0m
[   9% ] [90m[1mreimport[22m | Preparing files to reimport...[39m[0m
[   9% ] [90m[1mreimport[22m | Preparing files to reimport...[39m[0m
[   9% ] [90m[1mreimport[22m | Preparing files to reimport...[39m[0m
[   9% ] [90m[1mreimport[22m | Preparing files to reimport...[39m[0m
[   9% ] [90m[1mreimport[22m | Preparing files to reimport...[39m[0m
[   9% ] [90m[1mreimport[22m | Preparing files to reimport...[39m[0m
[   9% ] [90m[1mreimport[22m | Preparing files to reimport...[39m[0m
[   9% ] [90m[1mreimport[22m | Preparing files to reimport...[39m[0m
[   9% ] [90m[1mreimport[22m | Preparing files to reimport...[39m[0m
[   9% ] [90m[1mreimport[22m | Preparing files to reimport...[39m[0m
[   9% ] [90m[1mreimport[22m | Preparing files to reimport...[39m[0m
[   9% ] [90m[1mreimport[22m | Preparing files to reimport...[39m[0m
[   9% ] [90m[1mreimport[22m | Preparing files to reimport...[39m[0m
[   9% ] [90m[1mreimport[22m | Preparing files to reimport...[39m[0m
[   9% ] [90m[1mreimport[22m | Preparing files to reimport...[39m[0m
[  10% ] [90m[1mreimport[22m | Preparing files to reimport...[39m[0m
[  10% ] [90m[1mreimport[22m | Preparing files to reimport...[39m[0m
[  10% ] [90m[1mreimport[22m | Preparing files to reimport...[39m[0m
[  10% ] [90m[1mreimport[22m | Preparing files to reimport...[39m[0m
[  10% ] [90m[1mreimport[22m | Preparing files to reimport...[39m[0m
[  10% ] [90m[1mreimport[22m | Preparing files to reimport...[39m[0m
[  10% ] [90m[1mreimport[22m | Preparing files to reimport...[39m[0m
[  10% ] [90m[1mreimport[22m | Preparing files to reimport...[39m[0m
[  10% ] [90m[1mreimport[22m | Preparing files to reimport...[39m[0m
[  10% ] [90m[1mreimport[22m | Preparing files to reimport...[39m[0m
[  10% ] [90m[1mreimport[22m | Preparing files to reimport...[39m[0m
[  10% ] [90m[1mreimport[22m | Preparing files to reimport...[39m[0m
[  10% ] [90m[1mreimport[22m | Preparing files to reimport...[39m[0m
[  10% ] [90m[1mreimport[22m | Preparing files to reimport...[39m[0m
[  10% ] [90m[1mreimport[22m | Preparing files to reimport...[39m[0m
[  10% ] [90m[1mreimport[22m | Preparing files to reimport...[39m[0m
[  10% ] [90m[1mreimport[22m | Preparing files to reimport...[39m[0m
[  10% ] [90m[1mreimport[22m | Preparing files to reimport...[39m[0m
[  10% ] [90m[1mreimport[22m | Preparing files to reimport...[39m[0m
[  10% ] [90m[1mreimport[22m | Preparing files to reimport...[39m[0m
[  10% ] [90m[1mreimport[22m | Preparing files to reimport...[39m[0m
[  10% ] [90m[1mreimport[22m | Preparing files to reimport...[39m[0m
[  10% ] [90m[1mreimport[22m | Preparing files to reimport...[39m[0m
[  10% ] [90m[1mreimport[22m | Preparing files to reimport...[39m[0m
[  11% ] [90m[1mreimport[22m | Preparing files to reimport...[39m[0m
[  11% ] [90m[1mreimport[22m | Preparing files to reimport...[39m[0m
[  11% ] [90m[1mreimport[22m | Preparing files to reimport...[39m[0m
[  11% ] [90m[1mreimport[22m | Preparing files to reimport...[39m[0m
[  11% ] [90m[1mreimport[22m | Preparing files to reimport...[39m[0m
[  11% ] [90m[1mreimport[22m | Preparing files to reimport...[39m[0m
[  11% ] [90m[1mreimport[22m | Preparing files to reimport...[39m[0m
[  11% ] [90m[1mreimport[22m | Preparing files to reimport...[39m[0m
[  11% ] [90m[1mreimport[22m | Preparing files to reimport...[39m[0m
[  11% ] [90m[1mreimport[22m | Preparing files to reimport...[39m[0m
[  11% ] [90m[1mreimport[22m | Preparing files to reimport...[39m[0m
[  11% ] [90m[1mreimport[22m | Preparing files to reimport...[39m[0m
[  11% ] [90m[1mreimport[22m | Preparing files to reimport...[39m[0m
[  11% ] [90m[1mreimport[22m | Preparing files to reimport...[39m[0m
[  11% ] [90m[1mreimport[22m | Preparing files to reimport...[39m[0m
[  11% ] [90m[1mreimport[22m | Preparing files to reimport...[39m[0m
[  11% ] [90m[1mreimport[22m | Preparing files to reimport...[39m[0m
[  11% ] [90m[1mreimport[22m | Preparing files to reimport...[39m[0m
[  11% ] [90m[1mreimport[22m | Preparing files to reimport...[39m[0m
[  11% ] [90m[1mreimport[22m | Preparing files to reimport...[39m[0m
[  11% ] [90m[1mreimport[22m | Preparing files to reimport...[39m[0m
[  11% ] [90m[1mreimport[22m | Preparing files to reimport...[39m[0m
[  11% ] [90m[1mreimport[22m | Preparing files to reimport...[39m[0m
[  11% ] [90m[1mreimport[22m | Preparing files to reimport...[39m[0m
[  12% ] [90m[1mreimport[22m | Preparing files to reimport...[39m[0m
[  12% ] [90m[1mreimport[22m | Preparing files to reimport...[39m[0m
[  12% ] [90m[1mreimport[22m | Preparing files to reimport...[39m[0m
[  12% ] [90m[1mreimport[22m | Preparing files to reimport...[39m[0m
[  12% ] [90m[1mreimport[22m | Preparing files to reimport...[39m[0m
[  12% ] [90m[1mreimport[22m | Preparing files to reimport...[39m[0m
[  12% ] [90m[1mreimport[22m | Preparing files to reimport...[39m[0m
[  12% ] [90m[1mreimport[22m | Preparing files to reimport...[39m[0m
[  12% ] [90m[1mreimport[22m | Preparing files to reimport...[39m[0m
[  12% ] [90m[1mreimport[22m | Preparing files to reimport...[39m[0m
[  12% ] [90m[1mreimport[22m | Preparing files to reimport...[39m[0m
[  12% ] [90m[1mreimport[22m | Preparing files to reimport...[39m[0m
[  12% ] [90m[1mreimport[22m | Preparing files to reimport...[39m[0m
[  12% ] [90m[1mreimport[22m | Preparing files to reimport...[39m[0m
[  12% ] [90m[1mreimport[22m | Preparing files to reimport...[39m[0m
[  12% ] [90m[1mreimport[22m | Preparing files to reimport...[39m[0m
[  12% ] [90m[1mreimport[22m | Preparing files to reimport...[39m[0m
[  12% ] [90m[1mreimport[22m | Preparing files to reimport...[39m[0m
[  12% ] [90m[1mreimport[22m | Preparing files to reimport...[39m[0m
[  12% ] [90m[1mreimport[22m | Preparing files to reimport...[39m[0m
[  12% ] [90m[1mreimport[22m | Preparing files to reimport...[39m[0m
[  12% ] [90m[1mreimport[22m | Preparing files to reimport...[39m[0m
[  12% ] [90m[1mreimport[22m | Preparing files to reimport...[39m[0m
[  12% ] [90m[1mreimport[22m | Preparing files to reimport...[39m[0m
[  13% ] [90m[1mreimport[22m | Preparing files to reimport...[39m[0m
[  13% ] [90m[1mreimport[22m | Preparing files to reimport...[39m[0m
[  13% ] [90m[1mreimport[22m | Preparing files to reimport...[39m[0m
[  13% ] [90m[1mreimport[22m | Preparing files to reimport...[39m[0m
[  13% ] [90m[1mreimport[22m | Preparing files to reimport...[39m[0m
[  13% ] [90m[1mreimport[22m | Preparing files to reimport...[39m[0m
[  13% ] [90m[1mreimport[22m | Preparing files to reimport...[39m[0m
[  13% ] [90m[1mreimport[22m | Preparing files to reimport...[39m[0m
[  13% ] [90m[1mreimport[22m | Preparing files to reimport...[39m[0m
[  13% ] [90m[1mreimport[22m | Preparing files to reimport...[39m[0m
[  13% ] [90m[1mreimport[22m | Preparing files to reimport...[39m[0m
[  13% ] [90m[1mreimport[22m | Preparing files to reimport...[39m[0m
[  13% ] [90m[1mreimport[22m | Preparing files to reimport...[39m[0m
[  13% ] [90m[1mreimport[22m | Preparing files to reimport...[39m[0m
[  13% ] [90m[1mreimport[22m | Preparing files to reimport...[39m[0m
[  13% ] [90m[1mreimport[22m | Preparing files to reimport...[39m[0m
[  13% ] [90m[1mreimport[22m | Preparing files to reimport...[39m[0m
[  13% ] [90m[1mreimport[22m | Preparing files to reimport...[39m[0m
[  13% ] [90m[1mreimport[22m | Preparing files to reimport...[39m[0m
[  13% ] [90m[1mreimport[22m | Preparing files to reimport...[39m[0m
[  13% ] [90m[1mreimport[22m | Preparing files to reimport...[39m[0m
[  13% ] [90m[1mreimport[22m | Preparing files to reimport...[39m[0m
[  13% ] [90m[1mreimport[22m | Preparing files to reimport...[39m[0m
[  13% ] [90m[1mreimport[22m | Preparing files to reimport...[39m[0m
[  14% ] [90m[1mreimport[22m | Preparing files to reimport...[39m[0m
[  14% ] [90m[1mreimport[22m | Preparing files to reimport...[39m[0m
[  14% ] [90m[1mreimport[22m | Preparing files to reimport...[39m[0m
[  14% ] [90m[1mreimport[22m | Preparing files to reimport...[39m[0m
[  14% ] [90m[1mreimport[22m | Preparing files to reimport...[39m[0m
[  14% ] [90m[1mreimport[22m | Preparing files to reimport...[39m[0m
[  14% ] [90m[1mreimport[22m | Preparing files to reimport...[39m[0m
[  14% ] [90m[1mreimport[22m | Preparing files to reimport...[39m[0m
[  14% ] [90m[1mreimport[22m | Preparing files to reimport...[39m[0m
[  14% ] [90m[1mreimport[22m | Preparing files to reimport...[39m[0m
[  14% ] [90m[1mreimport[22m | Preparing files to reimport...[39m[0m
[  14% ] [90m[1mreimport[22m | Preparing files to reimport...[39m[0m
[  14% ] [90m[1mreimport[22m | Preparing files to reimport...[39m[0m
[  14% ] [90m[1mreimport[22m | Preparing files to reimport...[39m[0m
[  14% ] [90m[1mreimport[22m | Preparing files to reimport...[39m[0m
[  14% ] [90m[1mreimport[22m | Preparing files to reimport...[39m[0m
[  14% ] [90m[1mreimport[22m | Preparing files to reimport...[39m[0m
[  14% ] [90m[1mreimport[22m | Preparing files to reimport...[39m[0m
[  14% ] [90m[1mreimport[22m | Preparing files to reimport...[39m[0m
[  14% ] [90m[1mreimport[22m | Preparing files to reimport...[39m[0m
[  14% ] [90m[1mreimport[22m | Preparing files to reimport...[39m[0m
[  14% ] [90m[1mreimport[22m | Preparing files to reimport...[39m[0m
[  14% ] [90m[1mreimport[22m | Preparing files to reimport...[39m[0m
[  14% ] [90m[1mreimport[22m | Preparing files to reimport...[39m[0m
[  15% ] [90m[1mreimport[22m | Preparing files to reimport...[39m[0m
[  15% ] [90m[1mreimport[22m | Preparing files to reimport...[39m[0m
[  15% ] [90m[1mreimport[22m | Preparing files to reimport...[39m[0m
[  15% ] [90m[1mreimport[22m | Preparing files to reimport...[39m[0m
[  15% ] [90m[1mreimport[22m | Preparing files to reimport...[39m[0m
[  15% ] [90m[1mreimport[22m | Preparing files to reimport...[39m[0m
[  15% ] [90m[1mreimport[22m | Preparing files to reimport...[39m[0m
[  15% ] [90m[1mreimport[22m | Preparing files to reimport...[39m[0m
[  15% ] [90m[1mreimport[22m | Preparing files to reimport...[39m[0m
[  15% ] [90m[1mreimport[22m | Preparing files to reimport...[39m[0m
[  15% ] [90m[1mreimport[22m | Preparing files to reimport...[39m[0m
[  15% ] [90m[1mreimport[22m | Preparing files to reimport...[39m[0m
[  15% ] [90m[1mreimport[22m | Preparing files to reimport...[39m[0m
[  15% ] [90m[1mreimport[22m | Preparing files to reimport...[39m[0m
[  15% ] [90m[1mreimport[22m | Preparing files to reimport...[39m[0m
[  15% ] [90m[1mreimport[22m | Preparing files to reimport...[39m[0m
[  15% ] [90m[1mreimport[22m | Preparing files to reimport...[39m[0m
[  15% ] [90m[1mreimport[22m | Preparing files to reimport...[39m[0m
[  15% ] [90m[1mreimport[22m | Preparing files to reimport...[39m[0m
[  15% ] [90m[1mreimport[22m | Preparing files to reimport...[39m[0m
[  15% ] [90m[1mreimport[22m | Preparing files to reimport...[39m[0m
[  15% ] [90m[1mreimport[22m | Preparing files to reimport...[39m[0m
[  15% ] [90m[1mreimport[22m | Preparing files to reimport...[39m[0m
[  15% ] [90m[1mreimport[22m | Preparing files to reimport...[39m[0m
[  16% ] [90m[1mreimport[22m | Preparing files to reimport...[39m[0m
[  16% ] [90m[1mreimport[22m | Preparing files to reimport...[39m[0m
[  16% ] [90m[1mreimport[22m | Preparing files to reimport...[39m[0m
[  16% ] [90m[1mreimport[22m | Preparing files to reimport...[39m[0m
[  16% ] [90m[1mreimport[22m | Preparing files to reimport...[39m[0m
[  16% ] [90m[1mreimport[22m | Preparing files to reimport...[39m[0m
[  16% ] [90m[1mreimport[22m | Preparing files to reimport...[39m[0m
[  16% ] [90m[1mreimport[22m | Preparing files to reimport...[39m[0m
[  16% ] [90m[1mreimport[22m | Preparing files to reimport...[39m[0m
[  16% ] [90m[1mreimport[22m | Preparing files to reimport...[39m[0m
[  16% ] [90m[1mreimport[22m | Preparing files to reimport...[39m[0m
[  16% ] [90m[1mreimport[22m | Preparing files to reimport...[39m[0m
[  16% ] [90m[1mreimport[22m | Preparing files to reimport...[39m[0m
[  16% ] [90m[1mreimport[22m | Preparing files to reimport...[39m[0m
[  16% ] [90m[1mreimport[22m | Preparing files to reimport...[39m[0m
[  16% ] [90m[1mreimport[22m | Preparing files to reimport...[39m[0m
[  16% ] [90m[1mreimport[22m | Preparing files to reimport...[39m[0m
[  16% ] [90m[1mreimport[22m | Preparing files to reimport...[39m[0m
[  16% ] [90m[1mreimport[22m | Preparing files to reimport...[39m[0m
[  16% ] [90m[1mreimport[22m | Preparing files to reimport...[39m[0m
[  16% ] [90m[1mreimport[22m | Preparing files to reimport...[39m[0m
[  16% ] [90m[1mreimport[22m | Preparing files to reimport...[39m[0m
[  16% ] [90m[1mreimport[22m | Preparing files to reimport...[39m[0m
[  17% ] [90m[1mreimport[22m | Preparing files to reimport...[39m[0m
[  17% ] [90m[1mreimport[22m | Preparing files to reimport...[39m[0m
[  17% ] [90m[1mreimport[22m | Preparing files to reimport...[39m[0m
[  17% ] [90m[1mreimport[22m | Preparing files to reimport...[39m[0m
[  17% ] [90m[1mreimport[22m | Preparing files to reimport...[39m[0m
[  17% ] [90m[1mreimport[22m | Preparing files to reimport...[39m[0m
[  17% ] [90m[1mreimport[22m | Preparing files to reimport...[39m[0m
[  17% ] [90m[1mreimport[22m | Preparing files to reimport...[39m[0m
[  17% ] [90m[1mreimport[22m | Preparing files to reimport...[39m[0m
[  17% ] [90m[1mreimport[22m | Preparing files to reimport...[39m[0m
[  17% ] [90m[1mreimport[22m | Preparing files to reimport...[39m[0m
[  17% ] [90m[1mreimport[22m | Preparing files to reimport...[39m[0m
[  17% ] [90m[1mreimport[22m | Preparing files to reimport...[39m[0m
[  17% ] [90m[1mreimport[22m | Preparing files to reimport...[39m[0m
[  17% ] [90m[1mreimport[22m | Preparing files to reimport...[39m[0m
[  17% ] [90m[1mreimport[22m | Preparing files to reimport...[39m[0m
[  17% ] [90m[1mreimport[22m | Preparing files to reimport...[39m[0m
[  17% ] [90m[1mreimport[22m | Preparing files to reimport...[39m[0m
[  17% ] [90m[1mreimport[22m | Preparing files to reimport...[39m[0m
[  17% ] [90m[1mreimport[22m | Preparing files to reimport...[39m[0m
[  17% ] [90m[1mreimport[22m | Preparing files to reimport...[39m[0m
[  17% ] [90m[1mreimport[22m | Preparing files to reimport...[39m[0m
[  17% ] [90m[1mreimport[22m | Preparing files to reimport...[39m[0m
[  17% ] [90m[1mreimport[22m | Preparing files to reimport...[39m[0m
[  18% ] [90m[1mreimport[22m | Preparing files to reimport...[39m[0m
[  18% ] [90m[1mreimport[22m | Preparing files to reimport...[39m[0m
[  18% ] [90m[1mreimport[22m | Preparing files to reimport...[39m[0m
[  18% ] [90m[1mreimport[22m | Preparing files to reimport...[39m[0m
[  18% ] [90m[1mreimport[22m | Preparing files to reimport...[39m[0m
[  18% ] [90m[1mreimport[22m | Preparing files to reimport...[39m[0m
[  18% ] [90m[1mreimport[22m | Preparing files to reimport...[39m[0m
[  18% ] [90m[1mreimport[22m | Preparing files to reimport...[39m[0m
[  18% ] [90m[1mreimport[22m | Preparing files to reimport...[39m[0m
[  18% ] [90m[1mreimport[22m | Preparing files to reimport...[39m[0m
[  18% ] [90m[1mreimport[22m | Preparing files to reimport...[39m[0m
[  18% ] [90m[1mreimport[22m | Preparing files to reimport...[39m[0m
[  18% ] [90m[1mreimport[22m | Preparing files to reimport...[39m[0m
[  18% ] [90m[1mreimport[22m | Preparing files to reimport...[39m[0m
[  18% ] [90m[1mreimport[22m | Preparing files to reimport...[39m[0m
[  18% ] [90m[1mreimport[22m | Preparing files to reimport...[39m[0m
[  18% ] [90m[1mreimport[22m | Preparing files to reimport...[39m[0m
[  18% ] [90m[1mreimport[22m | Preparing files to reimport...[39m[0m
[  18% ] [90m[1mreimport[22m | Preparing files to reimport...[39m[0m
[  18% ] [90m[1mreimport[22m | Preparing files to reimport...[39m[0m
[  18% ] [90m[1mreimport[22m | Preparing files to reimport...[39m[0m
[  18% ] [90m[1mreimport[22m | Preparing files to reimport...[39m[0m
[  18% ] [90m[1mreimport[22m | Preparing files to reimport...[39m[0m
[  18% ] [90m[1mreimport[22m | Preparing files to reimport...[39m[0m
[  19% ] [90m[1mreimport[22m | Preparing files to reimport...[39m[0m
[  19% ] [90m[1mreimport[22m | Preparing files to reimport...[39m[0m
[  19% ] [90m[1mreimport[22m | Preparing files to reimport...[39m[0m
[  19% ] [90m[1mreimport[22m | Preparing files to reimport...[39m[0m
[  19% ] [90m[1mreimport[22m | Preparing files to reimport...[39m[0m
[  19% ] [90m[1mreimport[22m | Preparing files to reimport...[39m[0m
[  19% ] [90m[1mreimport[22m | Preparing files to reimport...[39m[0m
[  19% ] [90m[1mreimport[22m | Preparing files to reimport...[39m[0m
[  19% ] [90m[1mreimport[22m | Preparing files to reimport...[39m[0m
[  19% ] [90m[1mreimport[22m | Preparing files to reimport...[39m[0m
[  19% ] [90m[1mreimport[22m | Preparing files to reimport...[39m[0m
[  19% ] [90m[1mreimport[22m | Preparing files to reimport...[39m[0m
[  19% ] [90m[1mreimport[22m | Preparing files to reimport...[39m[0m
[  19% ] [90m[1mreimport[22m | Preparing files to reimport...[39m[0m
[  19% ] [90m[1mreimport[22m | Preparing files to reimport...[39m[0m
[  19% ] [90m[1mreimport[22m | Preparing files to reimport...[39m[0m
[  19% ] [90m[1mreimport[22m | Preparing files to reimport...[39m[0m
[  19% ] [90m[1mreimport[22m | Preparing files to reimport...[39m[0m
[  19% ] [90m[1mreimport[22m | Preparing files to reimport...[39m[0m
[  19% ] [90m[1mreimport[22m | Preparing files to reimport...[39m[0m
[  19% ] [90m[1mreimport[22m | Preparing files to reimport...[39m[0m
[  19% ] [90m[1mreimport[22m | Preparing files to reimport...[39m[0m
[  19% ] [90m[1mreimport[22m | Preparing files to reimport...[39m[0m
[  19% ] [90m[1mreimport[22m | Preparing files to reimport...[39m[0m
[  20% ] [90m[1mreimport[22m | Preparing files to reimport...[39m[0m
[  20% ] [90m[1mreimport[22m | Preparing files to reimport...[39m[0m
[  20% ] [90m[1mreimport[22m | Preparing files to reimport...[39m[0m
[  20% ] [90m[1mreimport[22m | Preparing files to reimport...[39m[0m
[  20% ] [90m[1mreimport[22m | Preparing files to reimport...[39m[0m
[  20% ] [90m[1mreimport[22m | Preparing files to reimport...[39m[0m
[  20% ] [90m[1mreimport[22m | Preparing files to reimport...[39m[0m
[  20% ] [90m[1mreimport[22m | Preparing files to reimport...[39m[0m
[  20% ] [90m[1mreimport[22m | Preparing files to reimport...[39m[0m
[  20% ] [90m[1mreimport[22m | Preparing files to reimport...[39m[0m
[  20% ] [90m[1mreimport[22m | Preparing files to reimport...[39m[0m
[  20% ] [90m[1mreimport[22m | Preparing files to reimport...[39m[0m
[  20% ] [90m[1mreimport[22m | Preparing files to reimport...[39m[0m
[  20% ] [90m[1mreimport[22m | Preparing files to reimport...[39m[0m
[  20% ] [90m[1mreimport[22m | Preparing files to reimport...[39m[0m
[  20% ] [90m[1mreimport[22m | Preparing files to reimport...[39m[0m
[  20% ] [90m[1mreimport[22m | Preparing files to reimport...[39m[0m
[  20% ] [90m[1mreimport[22m | Preparing files to reimport...[39m[0m
[  20% ] [90m[1mreimport[22m | Preparing files to reimport...[39m[0m
[  20% ] [90m[1mreimport[22m | Preparing files to reimport...[39m[0m
[  20% ] [90m[1mreimport[22m | Preparing files to reimport...[39m[0m
[  20% ] [90m[1mreimport[22m | Preparing files to reimport...[39m[0m
[  20% ] [90m[1mreimport[22m | Preparing files to reimport...[39m[0m
[  20% ] [90m[1mreimport[22m | Preparing files to reimport...[39m[0m
[  21% ] [90m[1mreimport[22m | Preparing files to reimport...[39m[0m
[  21% ] [90m[1mreimport[22m | Preparing files to reimport...[39m[0m
[  21% ] [90m[1mreimport[22m | Preparing files to reimport...[39m[0m
[  21% ] [90m[1mreimport[22m | Preparing files to reimport...[39m[0m
[  21% ] [90m[1mreimport[22m | Preparing files to reimport...[39m[0m
[  21% ] [90m[1mreimport[22m | Preparing files to reimport...[39m[0m
[  21% ] [90m[1mreimport[22m | Preparing files to reimport...[39m[0m
[  21% ] [90m[1mreimport[22m | Preparing files to reimport...[39m[0m
[  21% ] [90m[1mreimport[22m | Preparing files to reimport...[39m[0m
[  21% ] [90m[1mreimport[22m | Preparing files to reimport...[39m[0m
[  21% ] [90m[1mreimport[22m | Preparing files to reimport...[39m[0m
[  21% ] [90m[1mreimport[22m | Preparing files to reimport...[39m[0m
[  21% ] [90m[1mreimport[22m | Preparing files to reimport...[39m[0m
[  21% ] [90m[1mreimport[22m | Preparing files to reimport...[39m[0m
[  21% ] [90m[1mreimport[22m | Preparing files to reimport...[39m[0m
[  21% ] [90m[1mreimport[22m | Preparing files to reimport...[39m[0m
[  21% ] [90m[1mreimport[22m | Preparing files to reimport...[39m[0m
[  21% ] [90m[1mreimport[22m | Preparing files to reimport...[39m[0m
[  21% ] [90m[1mreimport[22m | Preparing files to reimport...[39m[0m
[  21% ] [90m[1mreimport[22m | Preparing files to reimport...[39m[0m
[  21% ] [90m[1mreimport[22m | Preparing files to reimport...[39m[0m
[  21% ] [90m[1mreimport[22m | Preparing files to reimport...[39m[0m
[  21% ] [90m[1mreimport[22m | Preparing files to reimport...[39m[0m
[  21% ] [90m[1mreimport[22m | Preparing files to reimport...[39m[0m
[  22% ] [90m[1mreimport[22m | Preparing files to reimport...[39m[0m
[  22% ] [90m[1mreimport[22m | Preparing files to reimport...[39m[0m
[  22% ] [90m[1mreimport[22m | Preparing files to reimport...[39m[0m
[  22% ] [90m[1mreimport[22m | Preparing files to reimport...[39m[0m
[  22% ] [90m[1mreimport[22m | Preparing files to reimport...[39m[0m
[  22% ] [90m[1mreimport[22m | Preparing files to reimport...[39m[0m
[  22% ] [90m[1mreimport[22m | Preparing files to reimport...[39m[0m
[  22% ] [90m[1mreimport[22m | Preparing files to reimport...[39m[0m
[  22% ] [90m[1mreimport[22m | Preparing files to reimport...[39m[0m
[  22% ] [90m[1mreimport[22m | Preparing files to reimport...[39m[0m
[  22% ] [90m[1mreimport[22m | Preparing files to reimport...[39m[0m
[  22% ] [90m[1mreimport[22m | Preparing files to reimport...[39m[0m
[  22% ] [90m[1mreimport[22m | Preparing files to reimport...[39m[0m
[  22% ] [90m[1mreimport[22m | Preparing files to reimport...[39m[0m
[  22% ] [90m[1mreimport[22m | Preparing files to reimport...[39m[0m
[  22% ] [90m[1mreimport[22m | Preparing files to reimport...[39m[0m
[  22% ] [90m[1mreimport[22m | Preparing files to reimport...[39m[0m
[  22% ] [90m[1mreimport[22m | Preparing files to reimport...[39m[0m
[  22% ] [90m[1mreimport[22m | Preparing files to reimport...[39m[0m
[  22% ] [90m[1mreimport[22m | Preparing files to reimport...[39m[0m
[  22% ] [90m[1mreimport[22m | Preparing files to reimport...[39m[0m
[  22% ] [90m[1mreimport[22m | Preparing files to reimport...[39m[0m
[  22% ] [90m[1mreimport[22m | Preparing files to reimport...[39m[0m
[  22% ] [90m[1mreimport[22m | Preparing files to reimport...[39m[0m
[  23% ] [90m[1mreimport[22m | Preparing files to reimport...[39m[0m
[  23% ] [90m[1mreimport[22m | Preparing files to reimport...[39m[0m
[  23% ] [90m[1mreimport[22m | Preparing files to reimport...[39m[0m
[  23% ] [90m[1mreimport[22m | Preparing files to reimport...[39m[0m
[  23% ] [90m[1mreimport[22m | Preparing files to reimport...[39m[0m
[  23% ] [90m[1mreimport[22m | Preparing files to reimport...[39m[0m
[  23% ] [90m[1mreimport[22m | Preparing files to reimport...[39m[0m
[  23% ] [90m[1mreimport[22m | Preparing files to reimport...[39m[0m
[  23% ] [90m[1mreimport[22m | Preparing files to reimport...[39m[0m
[  23% ] [90m[1mreimport[22m | Preparing files to reimport...[39m[0m
[  23% ] [90m[1mreimport[22m | Preparing files to reimport...[39m[0m
[  23% ] [90m[1mreimport[22m | Preparing files to reimport...[39m[0m
[  23% ] [90m[1mreimport[22m | Preparing files to reimport...[39m[0m
[  23% ] [90m[1mreimport[22m | Preparing files to reimport...[39m[0m
[  23% ] [90m[1mreimport[22m | Preparing files to reimport...[39m[0m
[  23% ] [90m[1mreimport[22m | Preparing files to reimport...[39m[0m
[  23% ] [90m[1mreimport[22m | Preparing files to reimport...[39m[0m
[  23% ] [90m[1mreimport[22m | Preparing files to reimport...[39m[0m
[  23% ] [90m[1mreimport[22m | Preparing files to reimport...[39m[0m
[  23% ] [90m[1mreimport[22m | Preparing files to reimport...[39m[0m
[  23% ] [90m[1mreimport[22m | Preparing files to reimport...[39m[0m
[  23% ] [90m[1mreimport[22m | Preparing files to reimport...[39m[0m
[  23% ] [90m[1mreimport[22m | Preparing files to reimport...[39m[0m
[  23% ] [90m[1mreimport[22m | Preparing files to reimport...[39m[0m
[  24% ] [90m[1mreimport[22m | Preparing files to reimport...[39m[0m
[  24% ] [90m[1mreimport[22m | Preparing files to reimport...[39m[0m
[  24% ] [90m[1mreimport[22m | Preparing files to reimport...[39m[0m
[  24% ] [90m[1mreimport[22m | Preparing files to reimport...[39m[0m
[  24% ] [90m[1mreimport[22m | Preparing files to reimport...[39m[0m
[  24% ] [90m[1mreimport[22m | Preparing files to reimport...[39m[0m
[  24% ] [90m[1mreimport[22m | Preparing files to reimport...[39m[0m
[  24% ] [90m[1mreimport[22m | Preparing files to reimport...[39m[0m
[  24% ] [90m[1mreimport[22m | Preparing files to reimport...[39m[0m
[  24% ] [90m[1mreimport[22m | Preparing files to reimport...[39m[0m
[  24% ] [90m[1mreimport[22m | Preparing files to reimport...[39m[0m
[  24% ] [90m[1mreimport[22m | Preparing files to reimport...[39m[0m
[  24% ] [90m[1mreimport[22m | Preparing files to reimport...[39m[0m
[  24% ] [90m[1mreimport[22m | Preparing files to reimport...[39m[0m
[  24% ] [90m[1mreimport[22m | Preparing files to reimport...[39m[0m
[  24% ] [90m[1mreimport[22m | Preparing files to reimport...[39m[0m
[  24% ] [90m[1mreimport[22m | Preparing files to reimport...[39m[0m
[  24% ] [90m[1mreimport[22m | Preparing files to reimport...[39m[0m
[  24% ] [90m[1mreimport[22m | Preparing files to reimport...[39m[0m
[  24% ] [90m[1mreimport[22m | Preparing files to reimport...[39m[0m
[  24% ] [90m[1mreimport[22m | Preparing files to reimport...[39m[0m
[  24% ] [90m[1mreimport[22m | Preparing files to reimport...[39m[0m
[  24% ] [90m[1mreimport[22m | Preparing files to reimport...[39m[0m
[  25% ] [90m[1mreimport[22m | Preparing files to reimport...[39m[0m
[  25% ] [90m[1mreimport[22m | Preparing files to reimport...[39m[0m
[  25% ] [90m[1mreimport[22m | Preparing files to reimport...[39m[0m
[  25% ] [90m[1mreimport[22m | Preparing files to reimport...[39m[0m
[  25% ] [90m[1mreimport[22m | Preparing files to reimport...[39m[0m
[  25% ] [90m[1mreimport[22m | Preparing files to reimport...[39m[0m
[  25% ] [90m[1mreimport[22m | Preparing files to reimport...[39m[0m
[  25% ] [90m[1mreimport[22m | Preparing files to reimport...[39m[0m
[  25% ] [90m[1mreimport[22m | Preparing files to reimport...[39m[0m
[  25% ] [90m[1mreimport[22m | Preparing files to reimport...[39m[0m
[  25% ] [90m[1mreimport[22m | Preparing files to reimport...[39m[0m
[  25% ] [90m[1mreimport[22m | Preparing files to reimport...[39m[0m
[  25% ] [90m[1mreimport[22m | Preparing files to reimport...[39m[0m
[  25% ] [90m[1mreimport[22m | Preparing files to reimport...[39m[0m
[  25% ] [90m[1mreimport[22m | Preparing files to reimport...[39m[0m
[  25% ] [90m[1mreimport[22m | Preparing files to reimport...[39m[0m
[  25% ] [90m[1mreimport[22m | Preparing files to reimport...[39m[0m
[  25% ] [90m[1mreimport[22m | Preparing files to reimport...[39m[0m
[  25% ] [90m[1mreimport[22m | Preparing files to reimport...[39m[0m
[  25% ] [90m[1mreimport[22m | Preparing files to reimport...[39m[0m
[  25% ] [90m[1mreimport[22m | Preparing files to reimport...[39m[0m
[  25% ] [90m[1mreimport[22m | Preparing files to reimport...[39m[0m
[  25% ] [90m[1mreimport[22m | Preparing files to reimport...[39m[0m
[  25% ] [90m[1mreimport[22m | Preparing files to reimport...[39m[0m
[  26% ] [90m[1mreimport[22m | Preparing files to reimport...[39m[0m
[  26% ] [90m[1mreimport[22m | Preparing files to reimport...[39m[0m
[  26% ] [90m[1mreimport[22m | Preparing files to reimport...[39m[0m
[  26% ] [90m[1mreimport[22m | Preparing files to reimport...[39m[0m
[  26% ] [90m[1mreimport[22m | Preparing files to reimport...[39m[0m
[  26% ] [90m[1mreimport[22m | Preparing files to reimport...[39m[0m
[  26% ] [90m[1mreimport[22m | Preparing files to reimport...[39m[0m
[  26% ] [90m[1mreimport[22m | Preparing files to reimport...[39m[0m
[  26% ] [90m[1mreimport[22m | Preparing files to reimport...[39m[0m
[  26% ] [90m[1mreimport[22m | Preparing files to reimport...[39m[0m
[  26% ] [90m[1mreimport[22m | Preparing files to reimport...[39m[0m
[  26% ] [90m[1mreimport[22m | Preparing files to reimport...[39m[0m
[  26% ] [90m[1mreimport[22m | Preparing files to reimport...[39m[0m
[  26% ] [90m[1mreimport[22m | Preparing files to reimport...[39m[0m
[  26% ] [90m[1mreimport[22m | Preparing files to reimport...[39m[0m
[  26% ] [90m[1mreimport[22m | Preparing files to reimport...[39m[0m
[  26% ] [90m[1mreimport[22m | Preparing files to reimport...[39m[0m
[  26% ] [90m[1mreimport[22m | Preparing files to reimport...[39m[0m
[  26% ] [90m[1mreimport[22m | Preparing files to reimport...[39m[0m
[  26% ] [90m[1mreimport[22m | Preparing files to reimport...[39m[0m
[  26% ] [90m[1mreimport[22m | Preparing files to reimport...[39m[0m
[  26% ] [90m[1mreimport[22m | Preparing files to reimport...[39m[0m
[  26% ] [90m[1mreimport[22m | Preparing files to reimport...[39m[0m
[  26% ] [90m[1mreimport[22m | Preparing files to reimport...[39m[0m
[  27% ] [90m[1mreimport[22m | Preparing files to reimport...[39m[0m
[  27% ] [90m[1mreimport[22m | Preparing files to reimport...[39m[0m
[  27% ] [90m[1mreimport[22m | Preparing files to reimport...[39m[0m
[  27% ] [90m[1mreimport[22m | Preparing files to reimport...[39m[0m
[  27% ] [90m[1mreimport[22m | Preparing files to reimport...[39m[0m
[  27% ] [90m[1mreimport[22m | Preparing files to reimport...[39m[0m
[  27% ] [90m[1mreimport[22m | Preparing files to reimport...[39m[0m
[  27% ] [90m[1mreimport[22m | Preparing files to reimport...[39m[0m
[  27% ] [90m[1mreimport[22m | Preparing files to reimport...[39m[0m
[  27% ] [90m[1mreimport[22m | Preparing files to reimport...[39m[0m
[  27% ] [90m[1mreimport[22m | Preparing files to reimport...[39m[0m
[  27% ] [90m[1mreimport[22m | Preparing files to reimport...[39m[0m
[  27% ] [90m[1mreimport[22m | Preparing files to reimport...[39m[0m
[  27% ] [90m[1mreimport[22m | Preparing files to reimport...[39m[0m
[  27% ] [90m[1mreimport[22m | Preparing files to reimport...[39m[0m
[  27% ] [90m[1mreimport[22m | Preparing files to reimport...[39m[0m
[  27% ] [90m[1mreimport[22m | Preparing files to reimport...[39m[0m
[  27% ] [90m[1mreimport[22m | Preparing files to reimport...[39m[0m
[  27% ] [90m[1mreimport[22m | Preparing files to reimport...[39m[0m
[  27% ] [90m[1mreimport[22m | Preparing files to reimport...[39m[0m
[  27% ] [90m[1mreimport[22m | Preparing files to reimport...[39m[0m
[  27% ] [90m[1mreimport[22m | Preparing files to reimport...[39m[0m
[  27% ] [90m[1mreimport[22m | Preparing files to reimport...[39m[0m
[  27% ] [90m[1mreimport[22m | Preparing files to reimport...[39m[0m
[  28% ] [90m[1mreimport[22m | Preparing files to reimport...[39m[0m
[  28% ] [90m[1mreimport[22m | Preparing files to reimport...[39m[0m
[  28% ] [90m[1mreimport[22m | Preparing files to reimport...[39m[0m
[  28% ] [90m[1mreimport[22m | Preparing files to reimport...[39m[0m
[  28% ] [90m[1mreimport[22m | Preparing files to reimport...[39m[0m
[  28% ] [90m[1mreimport[22m | Preparing files to reimport...[39m[0m
[  28% ] [90m[1mreimport[22m | Preparing files to reimport...[39m[0m
[  28% ] [90m[1mreimport[22m | Preparing files to reimport...[39m[0m
[  28% ] [90m[1mreimport[22m | Preparing files to reimport...[39m[0m
[  28% ] [90m[1mreimport[22m | Preparing files to reimport...[39m[0m
[  28% ] [90m[1mreimport[22m | Preparing files to reimport...[39m[0m
[  28% ] [90m[1mreimport[22m | Preparing files to reimport...[39m[0m
[  28% ] [90m[1mreimport[22m | Preparing files to reimport...[39m[0m
[  28% ] [90m[1mreimport[22m | Preparing files to reimport...[39m[0m
[  28% ] [90m[1mreimport[22m | Preparing files to reimport...[39m[0m
[  28% ] [90m[1mreimport[22m | Preparing files to reimport...[39m[0m
[  28% ] [90m[1mreimport[22m | Preparing files to reimport...[39m[0m
[  28% ] [90m[1mreimport[22m | Preparing files to reimport...[39m[0m
[  28% ] [90m[1mreimport[22m | Preparing files to reimport...[39m[0m
[  28% ] [90m[1mreimport[22m | Preparing files to reimport...[39m[0m
[  28% ] [90m[1mreimport[22m | Preparing files to reimport...[39m[0m
[  28% ] [90m[1mreimport[22m | Preparing files to reimport...[39m[0m
[  28% ] [90m[1mreimport[22m | Preparing files to reimport...[39m[0m
[  28% ] [90m[1mreimport[22m | Preparing files to reimport...[39m[0m
[  29% ] [90m[1mreimport[22m | Preparing files to reimport...[39m[0m
[  29% ] [90m[1mreimport[22m | Preparing files to reimport...[39m[0m
[  29% ] [90m[1mreimport[22m | Preparing files to reimport...[39m[0m
[  29% ] [90m[1mreimport[22m | Preparing files to reimport...[39m[0m
[  29% ] [90m[1mreimport[22m | Preparing files to reimport...[39m[0m
[  29% ] [90m[1mreimport[22m | Preparing files to reimport...[39m[0m
[  29% ] [90m[1mreimport[22m | Preparing files to reimport...[39m[0m
[  29% ] [90m[1mreimport[22m | Preparing files to reimport...[39m[0m
[  29% ] [90m[1mreimport[22m | Preparing files to reimport...[39m[0m
[  29% ] [90m[1mreimport[22m | Preparing files to reimport...[39m[0m
[  29% ] [90m[1mreimport[22m | Preparing files to reimport...[39m[0m
[  29% ] [90m[1mreimport[22m | Preparing files to reimport...[39m[0m
[  29% ] [90m[1mreimport[22m | Preparing files to reimport...[39m[0m
[  29% ] [90m[1mreimport[22m | Preparing files to reimport...[39m[0m
[  29% ] [90m[1mreimport[22m | Preparing files to reimport...[39m[0m
[  29% ] [90m[1mreimport[22m | Preparing files to reimport...[39m[0m
[  29% ] [90m[1mreimport[22m | Preparing files to reimport...[39m[0m
[  29% ] [90m[1mreimport[22m | Preparing files to reimport...[39m[0m
[  29% ] [90m[1mreimport[22m | Preparing files to reimport...[39m[0m
[  29% ] [90m[1mreimport[22m | Preparing files to reimport...[39m[0m
[  29% ] [90m[1mreimport[22m | Preparing files to reimport...[39m[0m
[  29% ] [90m[1mreimport[22m | Preparing files to reimport...[39m[0m
[  29% ] [90m[1mreimport[22m | Preparing files to reimport...[39m[0m
[  29% ] [90m[1mreimport[22m | Preparing files to reimport...[39m[0m
[  30% ] [90m[1mreimport[22m | Preparing files to reimport...[39m[0m
[  30% ] [90m[1mreimport[22m | Preparing files to reimport...[39m[0m
[  30% ] [90m[1mreimport[22m | Preparing files to reimport...[39m[0m
[  30% ] [90m[1mreimport[22m | Preparing files to reimport...[39m[0m
[  30% ] [90m[1mreimport[22m | Preparing files to reimport...[39m[0m
[  30% ] [90m[1mreimport[22m | Preparing files to reimport...[39m[0m
[  30% ] [90m[1mreimport[22m | Preparing files to reimport...[39m[0m
[  30% ] [90m[1mreimport[22m | Preparing files to reimport...[39m[0m
[  30% ] [90m[1mreimport[22m | Preparing files to reimport...[39m[0m
[  30% ] [90m[1mreimport[22m | Preparing files to reimport...[39m[0m
[  30% ] [90m[1mreimport[22m | Preparing files to reimport...[39m[0m
[  30% ] [90m[1mreimport[22m | Preparing files to reimport...[39m[0m
[  30% ] [90m[1mreimport[22m | Preparing files to reimport...[39m[0m
[  30% ] [90m[1mreimport[22m | Preparing files to reimport...[39m[0m
[  30% ] [90m[1mreimport[22m | Preparing files to reimport...[39m[0m
[  30% ] [90m[1mreimport[22m | Preparing files to reimport...[39m[0m
[  30% ] [90m[1mreimport[22m | Preparing files to reimport...[39m[0m
[  30% ] [90m[1mreimport[22m | Preparing files to reimport...[39m[0m
[  30% ] [90m[1mreimport[22m | Preparing files to reimport...[39m[0m
[  30% ] [90m[1mreimport[22m | Preparing files to reimport...[39m[0m
[  30% ] [90m[1mreimport[22m | Preparing files to reimport...[39m[0m
[  30% ] [90m[1mreimport[22m | Preparing files to reimport...[39m[0m
[  30% ] [90m[1mreimport[22m | Preparing files to reimport...[39m[0m
[  30% ] [90m[1mreimport[22m | Preparing files to reimport...[39m[0m
[  31% ] [90m[1mreimport[22m | Preparing files to reimport...[39m[0m
[  31% ] [90m[1mreimport[22m | Preparing files to reimport...[39m[0m
[  31% ] [90m[1mreimport[22m | Preparing files to reimport...[39m[0m
[  31% ] [90m[1mreimport[22m | Preparing files to reimport...[39m[0m
[  31% ] [90m[1mreimport[22m | Preparing files to reimport...[39m[0m
[  31% ] [90m[1mreimport[22m | Preparing files to reimport...[39m[0m
[  31% ] [90m[1mreimport[22m | Preparing files to reimport...[39m[0m
[  31% ] [90m[1mreimport[22m | Preparing files to reimport...[39m[0m
[  31% ] [90m[1mreimport[22m | Preparing files to reimport...[39m[0m
[  31% ] [90m[1mreimport[22m | Preparing files to reimport...[39m[0m
[  31% ] [90m[1mreimport[22m | Preparing files to reimport...[39m[0m
[  31% ] [90m[1mreimport[22m | Preparing files to reimport...[39m[0m
[  31% ] [90m[1mreimport[22m | Preparing files to reimport...[39m[0m
[  31% ] [90m[1mreimport[22m | Preparing files to reimport...[39m[0m
[  31% ] [90m[1mreimport[22m | Preparing files to reimport...[39m[0m
[  31% ] [90m[1mreimport[22m | Preparing files to reimport...[39m[0m
[  31% ] [90m[1mreimport[22m | Preparing files to reimport...[39m[0m
[  31% ] [90m[1mreimport[22m | Preparing files to reimport...[39m[0m
[  31% ] [90m[1mreimport[22m | Preparing files to reimport...[39m[0m
[  31% ] [90m[1mreimport[22m | Preparing files to reimport...[39m[0m
[  31% ] [90m[1mreimport[22m | Preparing files to reimport...[39m[0m
[  31% ] [90m[1mreimport[22m | Preparing files to reimport...[39m[0m
[  31% ] [90m[1mreimport[22m | Preparing files to reimport...[39m[0m
[  31% ] [90m[1mreimport[22m | Preparing files to reimport...[39m[0m
[  32% ] [90m[1mreimport[22m | Preparing files to reimport...[39m[0m
[  32% ] [90m[1mreimport[22m | Preparing files to reimport...[39m[0m
[  32% ] [90m[1mreimport[22m | Preparing files to reimport...[39m[0m
[  32% ] [90m[1mreimport[22m | Preparing files to reimport...[39m[0m
[  32% ] [90m[1mreimport[22m | Preparing files to reimport...[39m[0m
[  32% ] [90m[1mreimport[22m | Preparing files to reimport...[39m[0m
[  32% ] [90m[1mreimport[22m | Preparing files to reimport...[39m[0m
[  32% ] [90m[1mreimport[22m | Preparing files to reimport...[39m[0m
[  32% ] [90m[1mreimport[22m | Preparing files to reimport...[39m[0m
[  32% ] [90m[1mreimport[22m | Preparing files to reimport...[39m[0m
[  32% ] [90m[1mreimport[22m | Preparing files to reimport...[39m[0m
[  32% ] [90m[1mreimport[22m | Preparing files to reimport...[39m[0m
[  32% ] [90m[1mreimport[22m | Preparing files to reimport...[39m[0m
[  32% ] [90m[1mreimport[22m | Preparing files to reimport...[39m[0m
[  32% ] [90m[1mreimport[22m | Preparing files to reimport...[39m[0m
[  32% ] [90m[1mreimport[22m | Preparing files to reimport...[39m[0m
[  32% ] [90m[1mreimport[22m | Preparing files to reimport...[39m[0m
[  32% ] [90m[1mreimport[22m | Preparing files to reimport...[39m[0m
[  32% ] [90m[1mreimport[22m | Preparing files to reimport...[39m[0m
[  32% ] [90m[1mreimport[22m | Preparing files to reimport...[39m[0m
[  32% ] [90m[1mreimport[22m | Preparing files to reimport...[39m[0m
[  32% ] [90m[1mreimport[22m | Preparing files to reimport...[39m[0m
[  32% ] [90m[1mreimport[22m | Preparing files to reimport...[39m[0m
[  32% ] [90m[1mreimport[22m | Preparing files to reimport...[39m[0m
[  33% ] [90m[1mreimport[22m | Preparing files to reimport...[39m[0m
[  33% ] [90m[1mreimport[22m | Preparing files to reimport...[39m[0m
[  33% ] [90m[1mreimport[22m | Preparing files to reimport...[39m[0m
[  33% ] [90m[1mreimport[22m | Preparing files to reimport...[39m[0m
[  33% ] [90m[1mreimport[22m | Preparing files to reimport...[39m[0m
[  33% ] [90m[1mreimport[22m | Preparing files to reimport...[39m[0m
[  33% ] [90m[1mreimport[22m | Preparing files to reimport...[39m[0m
[  33% ] [90m[1mreimport[22m | Preparing files to reimport...[39m[0m
[  33% ] [90m[1mreimport[22m | Preparing files to reimport...[39m[0m
[  33% ] [90m[1mreimport[22m | Preparing files to reimport...[39m[0m
[  33% ] [90m[1mreimport[22m | Preparing files to reimport...[39m[0m
[  33% ] [90m[1mreimport[22m | Preparing files to reimport...[39m[0m
[  33% ] [90m[1mreimport[22m | Preparing files to reimport...[39m[0m
[  33% ] [90m[1mreimport[22m | Preparing files to reimport...[39m[0m
[  33% ] [90m[1mreimport[22m | Preparing files to reimport...[39m[0m
[  33% ] [90m[1mreimport[22m | Preparing files to reimport...[39m[0m
[  33% ] [90m[1mreimport[22m | Preparing files to reimport...[39m[0m
[  33% ] [90m[1mreimport[22m | Preparing files to reimport...[39m[0m
[  33% ] [90m[1mreimport[22m | Preparing files to reimport...[39m[0m
[  33% ] [90m[1mreimport[22m | Preparing files to reimport...[39m[0m
[  33% ] [90m[1mreimport[22m | Preparing files to reimport...[39m[0m
[  33% ] [90m[1mreimport[22m | Preparing files to reimport...[39m[0m
[  33% ] [90m[1mreimport[22m | Preparing files to reimport...[39m[0m
[  34% ] [90m[1mreimport[22m | Preparing files to reimport...[39m[0m
[  34% ] [90m[1mreimport[22m | Preparing files to reimport...[39m[0m
[  34% ] [90m[1mreimport[22m | Preparing files to reimport...[39m[0m
[  34% ] [90m[1mreimport[22m | Preparing files to reimport...[39m[0m
[  34% ] [90m[1mreimport[22m | Preparing files to reimport...[39m[0m
[  34% ] [90m[1mreimport[22m | Preparing files to reimport...[39m[0m
[  34% ] [90m[1mreimport[22m | Preparing files to reimport...[39m[0m
[  34% ] [90m[1mreimport[22m | Preparing files to reimport...[39m[0m
[  34% ] [90m[1mreimport[22m | Preparing files to reimport...[39m[0m
[  34% ] [90m[1mreimport[22m | Preparing files to reimport...[39m[0m
[  34% ] [90m[1mreimport[22m | Preparing files to reimport...[39m[0m
[  34% ] [90m[1mreimport[22m | Preparing files to reimport...[39m[0m
[  34% ] [90m[1mreimport[22m | Preparing files to reimport...[39m[0m
[  34% ] [90m[1mreimport[22m | Preparing files to reimport...[39m[0m
[  34% ] [90m[1mreimport[22m | Preparing files to reimport...[39m[0m
[  34% ] [90m[1mreimport[22m | Preparing files to reimport...[39m[0m
[  34% ] [90m[1mreimport[22m | Preparing files to reimport...[39m[0m
[  34% ] [90m[1mreimport[22m | Preparing files to reimport...[39m[0m
[  34% ] [90m[1mreimport[22m | Preparing files to reimport...[39m[0m
[  34% ] [90m[1mreimport[22m | Preparing files to reimport...[39m[0m
[  34% ] [90m[1mreimport[22m | Preparing files to reimport...[39m[0m
[  34% ] [90m[1mreimport[22m | Preparing files to reimport...[39m[0m
[  34% ] [90m[1mreimport[22m | Preparing files to reimport...[39m[0m
[  34% ] [90m[1mreimport[22m | Preparing files to reimport...[39m[0m
[  35% ] [90m[1mreimport[22m | Preparing files to reimport...[39m[0m
[  35% ] [90m[1mreimport[22m | Preparing files to reimport...[39m[0m
[  35% ] [90m[1mreimport[22m | Preparing files to reimport...[39m[0m
[  35% ] [90m[1mreimport[22m | Preparing files to reimport...[39m[0m
[  35% ] [90m[1mreimport[22m | Preparing files to reimport...[39m[0m
[  35% ] [90m[1mreimport[22m | Preparing files to reimport...[39m[0m
[  35% ] [90m[1mreimport[22m | Preparing files to reimport...[39m[0m
[  35% ] [90m[1mreimport[22m | Preparing files to reimport...[39m[0m
[  35% ] [90m[1mreimport[22m | Preparing files to reimport...[39m[0m
[  35% ] [90m[1mreimport[22m | Preparing files to reimport...[39m[0m
[  35% ] [90m[1mreimport[22m | Preparing files to reimport...[39m[0m
[  35% ] [90m[1mreimport[22m | Preparing files to reimport...[39m[0m
[  35% ] [90m[1mreimport[22m | Preparing files to reimport...[39m[0m
[  35% ] [90m[1mreimport[22m | Preparing files to reimport...[39m[0m
[  35% ] [90m[1mreimport[22m | Preparing files to reimport...[39m[0m
[  35% ] [90m[1mreimport[22m | Preparing files to reimport...[39m[0m
[  35% ] [90m[1mreimport[22m | Preparing files to reimport...[39m[0m
[  35% ] [90m[1mreimport[22m | Preparing files to reimport...[39m[0m
[  35% ] [90m[1mreimport[22m | Preparing files to reimport...[39m[0m
[  35% ] [90m[1mreimport[22m | Preparing files to reimport...[39m[0m
[  35% ] [90m[1mreimport[22m | Preparing files to reimport...[39m[0m
[  35% ] [90m[1mreimport[22m | Preparing files to reimport...[39m[0m
[  35% ] [90m[1mreimport[22m | Preparing files to reimport...[39m[0m
[  35% ] [90m[1mreimport[22m | Preparing files to reimport...[39m[0m
[  36% ] [90m[1mreimport[22m | Preparing files to reimport...[39m[0m
[  36% ] [90m[1mreimport[22m | Preparing files to reimport...[39m[0m
[  36% ] [90m[1mreimport[22m | Preparing files to reimport...[39m[0m
[  36% ] [90m[1mreimport[22m | Preparing files to reimport...[39m[0m
[  36% ] [90m[1mreimport[22m | Preparing files to reimport...[39m[0m
[  36% ] [90m[1mreimport[22m | Preparing files to reimport...[39m[0m
[  36% ] [90m[1mreimport[22m | Preparing files to reimport...[39m[0m
[  36% ] [90m[1mreimport[22m | Preparing files to reimport...[39m[0m
[  36% ] [90m[1mreimport[22m | Preparing files to reimport...[39m[0m
[  36% ] [90m[1mreimport[22m | Preparing files to reimport...[39m[0m
[  36% ] [90m[1mreimport[22m | Preparing files to reimport...[39m[0m
[  36% ] [90m[1mreimport[22m | Preparing files to reimport...[39m[0m
[  36% ] [90m[1mreimport[22m | Preparing files to reimport...[39m[0m
[  36% ] [90m[1mreimport[22m | Preparing files to reimport...[39m[0m
[  36% ] [90m[1mreimport[22m | Preparing files to reimport...[39m[0m
[  36% ] [90m[1mreimport[22m | Preparing files to reimport...[39m[0m
[  36% ] [90m[1mreimport[22m | Preparing files to reimport...[39m[0m
[  36% ] [90m[1mreimport[22m | Preparing files to reimport...[39m[0m
[  36% ] [90m[1mreimport[22m | Preparing files to reimport...[39m[0m
[  36% ] [90m[1mreimport[22m | Preparing files to reimport...[39m[0m
[  36% ] [90m[1mreimport[22m | Preparing files to reimport...[39m[0m
[  36% ] [90m[1mreimport[22m | Preparing files to reimport...[39m[0m
[  36% ] [90m[1mreimport[22m | Preparing files to reimport...[39m[0m
[  36% ] [90m[1mreimport[22m | Preparing files to reimport...[39m[0m
[  37% ] [90m[1mreimport[22m | Preparing files to reimport...[39m[0m
[  37% ] [90m[1mreimport[22m | Preparing files to reimport...[39m[0m
[  37% ] [90m[1mreimport[22m | Preparing files to reimport...[39m[0m
[  37% ] [90m[1mreimport[22m | Preparing files to reimport...[39m[0m
[  37% ] [90m[1mreimport[22m | Preparing files to reimport...[39m[0m
[  37% ] [90m[1mreimport[22m | Preparing files to reimport...[39m[0m
[  37% ] [90m[1mreimport[22m | Preparing files to reimport...[39m[0m
[  37% ] [90m[1mreimport[22m | Preparing files to reimport...[39m[0m
[  37% ] [90m[1mreimport[22m | Preparing files to reimport...[39m[0m
[  37% ] [90m[1mreimport[22m | Preparing files to reimport...[39m[0m
[  37% ] [90m[1mreimport[22m | Preparing files to reimport...[39m[0m
[  37% ] [90m[1mreimport[22m | Preparing files to reimport...[39m[0m
[  37% ] [90m[1mreimport[22m | Preparing files to reimport...[39m[0m
[  37% ] [90m[1mreimport[22m | Preparing files to reimport...[39m[0m
[  37% ] [90m[1mreimport[22m | Preparing files to reimport...[39m[0m
[  37% ] [90m[1mreimport[22m | Preparing files to reimport...[39m[0m
[  37% ] [90m[1mreimport[22m | Preparing files to reimport...[39m[0m
[  37% ] [90m[1mreimport[22m | Preparing files to reimport...[39m[0m
[  37% ] [90m[1mreimport[22m | Preparing files to reimport...[39m[0m
[  37% ] [90m[1mreimport[22m | Preparing files to reimport...[39m[0m
[  37% ] [90m[1mreimport[22m | Preparing files to reimport...[39m[0m
[  37% ] [90m[1mreimport[22m | Preparing files to reimport...[39m[0m
[  37% ] [90m[1mreimport[22m | Preparing files to reimport...[39m[0m
[  37% ] [90m[1mreimport[22m | Preparing files to reimport...[39m[0m
[  38% ] [90m[1mreimport[22m | Preparing files to reimport...[39m[0m
[  38% ] [90m[1mreimport[22m | Preparing files to reimport...[39m[0m
[  38% ] [90m[1mreimport[22m | Preparing files to reimport...[39m[0m
[  38% ] [90m[1mreimport[22m | Preparing files to reimport...[39m[0m
[  38% ] [90m[1mreimport[22m | Preparing files to reimport...[39m[0m
[  38% ] [90m[1mreimport[22m | Preparing files to reimport...[39m[0m
[  38% ] [90m[1mreimport[22m | Preparing files to reimport...[39m[0m
[  38% ] [90m[1mreimport[22m | Preparing files to reimport...[39m[0m
[  38% ] [90m[1mreimport[22m | Preparing files to reimport...[39m[0m
[  38% ] [90m[1mreimport[22m | Preparing files to reimport...[39m[0m
[  38% ] [90m[1mreimport[22m | Preparing files to reimport...[39m[0m
[  38% ] [90m[1mreimport[22m | Preparing files to reimport...[39m[0m
[  38% ] [90m[1mreimport[22m | Preparing files to reimport...[39m[0m
[  38% ] [90m[1mreimport[22m | Preparing files to reimport...[39m[0m
[  38% ] [90m[1mreimport[22m | Preparing files to reimport...[39m[0m
[  38% ] [90m[1mreimport[22m | Preparing files to reimport...[39m[0m
[  38% ] [90m[1mreimport[22m | Preparing files to reimport...[39m[0m
[  38% ] [90m[1mreimport[22m | Preparing files to reimport...[39m[0m
[  38% ] [90m[1mreimport[22m | Preparing files to reimport...[39m[0m
[  38% ] [90m[1mreimport[22m | Preparing files to reimport...[39m[0m
[  38% ] [90m[1mreimport[22m | Preparing files to reimport...[39m[0m
[  38% ] [90m[1mreimport[22m | Preparing files to reimport...[39m[0m
[  38% ] [90m[1mreimport[22m | Preparing files to reimport...[39m[0m
[  38% ] [90m[1mreimport[22m | Preparing files to reimport...[39m[0m
[  39% ] [90m[1mreimport[22m | Preparing files to reimport...[39m[0m
[  39% ] [90m[1mreimport[22m | Preparing files to reimport...[39m[0m
[  39% ] [90m[1mreimport[22m | Preparing files to reimport...[39m[0m
[  39% ] [90m[1mreimport[22m | Preparing files to reimport...[39m[0m
[  39% ] [90m[1mreimport[22m | Preparing files to reimport...[39m[0m
[  39% ] [90m[1mreimport[22m | Preparing files to reimport...[39m[0m
[  39% ] [90m[1mreimport[22m | Preparing files to reimport...[39m[0m
[  39% ] [90m[1mreimport[22m | Preparing files to reimport...[39m[0m
[  39% ] [90m[1mreimport[22m | Preparing files to reimport...[39m[0m
[  39% ] [90m[1mreimport[22m | Preparing files to reimport...[39m[0m
[  39% ] [90m[1mreimport[22m | Preparing files to reimport...[39m[0m
[  39% ] [90m[1mreimport[22m | Preparing files to reimport...[39m[0m
[  39% ] [90m[1mreimport[22m | Preparing files to reimport...[39m[0m
[  39% ] [90m[1mreimport[22m | Preparing files to reimport...[39m[0m
[  39% ] [90m[1mreimport[22m | Preparing files to reimport...[39m[0m
[  39% ] [90m[1mreimport[22m | Preparing files to reimport...[39m[0m
[  39% ] [90m[1mreimport[22m | Preparing files to reimport...[39m[0m
[  39% ] [90m[1mreimport[22m | Preparing files to reimport...[39m[0m
[  39% ] [90m[1mreimport[22m | Preparing files to reimport...[39m[0m
[  39% ] [90m[1mreimport[22m | Preparing files to reimport...[39m[0m
[  39% ] [90m[1mreimport[22m | Preparing files to reimport...[39m[0m
[  39% ] [90m[1mreimport[22m | Preparing files to reimport...[39m[0m
[  39% ] [90m[1mreimport[22m | Preparing files to reimport...[39m[0m
[  39% ] [90m[1mreimport[22m | Preparing files to reimport...[39m[0m
[  40% ] [90m[1mreimport[22m | Preparing files to reimport...[39m[0m
[  40% ] [90m[1mreimport[22m | Preparing files to reimport...[39m[0m
[  40% ] [90m[1mreimport[22m | Preparing files to reimport...[39m[0m
[  40% ] [90m[1mreimport[22m | Preparing files to reimport...[39m[0m
[  40% ] [90m[1mreimport[22m | Preparing files to reimport...[39m[0m
[  40% ] [90m[1mreimport[22m | Preparing files to reimport...[39m[0m
[  40% ] [90m[1mreimport[22m | Preparing files to reimport...[39m[0m
[  40% ] [90m[1mreimport[22m | Preparing files to reimport...[39m[0m
[  40% ] [90m[1mreimport[22m | Preparing files to reimport...[39m[0m
[  40% ] [90m[1mreimport[22m | Preparing files to reimport...[39m[0m
[  40% ] [90m[1mreimport[22m | Preparing files to reimport...[39m[0m
[  40% ] [90m[1mreimport[22m | Preparing files to reimport...[39m[0m
[  40% ] [90m[1mreimport[22m | Preparing files to reimport...[39m[0m
[  40% ] [90m[1mreimport[22m | Preparing files to reimport...[39m[0m
[  40% ] [90m[1mreimport[22m | Preparing files to reimport...[39m[0m
[  40% ] [90m[1mreimport[22m | Preparing files to reimport...[39m[0m
[  40% ] [90m[1mreimport[22m | Preparing files to reimport...[39m[0m
[  40% ] [90m[1mreimport[22m | Preparing files to reimport...[39m[0m
[  40% ] [90m[1mreimport[22m | Preparing files to reimport...[39m[0m
[  40% ] [90m[1mreimport[22m | Preparing files to reimport...[39m[0m
[  40% ] [90m[1mreimport[22m | Preparing files to reimport...[39m[0m
[  40% ] [90m[1mreimport[22m | Preparing files to reimport...[39m[0m
[  40% ] [90m[1mreimport[22m | Preparing files to reimport...[39m[0m
[  40% ] [90m[1mreimport[22m | Preparing files to reimport...[39m[0m
[  41% ] [90m[1mreimport[22m | Preparing files to reimport...[39m[0m
[  41% ] [90m[1mreimport[22m | Preparing files to reimport...[39m[0m
[  41% ] [90m[1mreimport[22m | Preparing files to reimport...[39m[0m
[  41% ] [90m[1mreimport[22m | Preparing files to reimport...[39m[0m
[  41% ] [90m[1mreimport[22m | Preparing files to reimport...[39m[0m
[  41% ] [90m[1mreimport[22m | Preparing files to reimport...[39m[0m
[  41% ] [90m[1mreimport[22m | Preparing files to reimport...[39m[0m
[  41% ] [90m[1mreimport[22m | Preparing files to reimport...[39m[0m
[  41% ] [90m[1mreimport[22m | Preparing files to reimport...[39m[0m
[  41% ] [90m[1mreimport[22m | Preparing files to reimport...[39m[0m
[  41% ] [90m[1mreimport[22m | Preparing files to reimport...[39m[0m
[  41% ] [90m[1mreimport[22m | Preparing files to reimport...[39m[0m
[  41% ] [90m[1mreimport[22m | Preparing files to reimport...[39m[0m
[  41% ] [90m[1mreimport[22m | Preparing files to reimport...[39m[0m
[  41% ] [90m[1mreimport[22m | Preparing files to reimport...[39m[0m
[  41% ] [90m[1mreimport[22m | Preparing files to reimport...[39m[0m
[  41% ] [90m[1mreimport[22m | Preparing files to reimport...[39m[0m
[  41% ] [90m[1mreimport[22m | Preparing files to reimport...[39m[0m
[  41% ] [90m[1mreimport[22m | Preparing files to reimport...[39m[0m
[  41% ] [90m[1mreimport[22m | Preparing files to reimport...[39m[0m
[  41% ] [90m[1mreimport[22m | Preparing files to reimport...[39m[0m
[  41% ] [90m[1mreimport[22m | Preparing files to reimport...[39m[0m
[  41% ] [90m[1mreimport[22m | Preparing files to reimport...[39m[0m
[  42% ] [90m[1mreimport[22m | Preparing files to reimport...[39m[0m
[  42% ] [90m[1mreimport[22m | Preparing files to reimport...[39m[0m
[  42% ] [90m[1mreimport[22m | Preparing files to reimport...[39m[0m
[  42% ] [90m[1mreimport[22m | Preparing files to reimport...[39m[0m
[  42% ] [90m[1mreimport[22m | Preparing files to reimport...[39m[0m
[  42% ] [90m[1mreimport[22m | Preparing files to reimport...[39m[0m
[  42% ] [90m[1mreimport[22m | Preparing files to reimport...[39m[0m
[  42% ] [90m[1mreimport[22m | Preparing files to reimport...[39m[0m
[  42% ] [90m[1mreimport[22m | Preparing files to reimport...[39m[0m
[  42% ] [90m[1mreimport[22m | Preparing files to reimport...[39m[0m
[  42% ] [90m[1mreimport[22m | Preparing files to reimport...[39m[0m
[  42% ] [90m[1mreimport[22m | Preparing files to reimport...[39m[0m
[  42% ] [90m[1mreimport[22m | Preparing files to reimport...[39m[0m
[  42% ] [90m[1mreimport[22m | Preparing files to reimport...[39m[0m
[  42% ] [90m[1mreimport[22m | Preparing files to reimport...[39m[0m
[  42% ] [90m[1mreimport[22m | Preparing files to reimport...[39m[0m
[  42% ] [90m[1mreimport[22m | Preparing files to reimport...[39m[0m
[  42% ] [90m[1mreimport[22m | Preparing files to reimport...[39m[0m
[  42% ] [90m[1mreimport[22m | Preparing files to reimport...[39m[0m
[  42% ] [90m[1mreimport[22m | Preparing files to reimport...[39m[0m
[  42% ] [90m[1mreimport[22m | Preparing files to reimport...[39m[0m
[  42% ] [90m[1mreimport[22m | Preparing files to reimport...[39m[0m
[  42% ] [90m[1mreimport[22m | Preparing files to reimport...[39m[0m
[  42% ] [90m[1mreimport[22m | Preparing files to reimport...[39m[0m
[  43% ] [90m[1mreimport[22m | Preparing files to reimport...[39m[0m
[  43% ] [90m[1mreimport[22m | Preparing files to reimport...[39m[0m
[  43% ] [90m[1mreimport[22m | Preparing files to reimport...[39m[0m
[  43% ] [90m[1mreimport[22m | Preparing files to reimport...[39m[0m
[  43% ] [90m[1mreimport[22m | Preparing files to reimport...[39m[0m
[  43% ] [90m[1mreimport[22m | Preparing files to reimport...[39m[0m
[  43% ] [90m[1mreimport[22m | Preparing files to reimport...[39m[0m
[  43% ] [90m[1mreimport[22m | Preparing files to reimport...[39m[0m
[  43% ] [90m[1mreimport[22m | Preparing files to reimport...[39m[0m
[  43% ] [90m[1mreimport[22m | Preparing files to reimport...[39m[0m
[  43% ] [90m[1mreimport[22m | Preparing files to reimport...[39m[0m
[  43% ] [90m[1mreimport[22m | Preparing files to reimport...[39m[0m
[  43% ] [90m[1mreimport[22m | Preparing files to reimport...[39m[0m
[  43% ] [90m[1mreimport[22m | Preparing files to reimport...[39m[0m
[  43% ] [90m[1mreimport[22m | Preparing files to reimport...[39m[0m
[  43% ] [90m[1mreimport[22m | Preparing files to reimport...[39m[0m
[  43% ] [90m[1mreimport[22m | Preparing files to reimport...[39m[0m
[  43% ] [90m[1mreimport[22m | Preparing files to reimport...[39m[0m
[  43% ] [90m[1mreimport[22m | Preparing files to reimport...[39m[0m
[  43% ] [90m[1mreimport[22m | Preparing files to reimport...[39m[0m
[  43% ] [90m[1mreimport[22m | Preparing files to reimport...[39m[0m
[  43% ] [90m[1mreimport[22m | Preparing files to reimport...[39m[0m
[  43% ] [90m[1mreimport[22m | Preparing files to reimport...[39m[0m
[  43% ] [90m[1mreimport[22m | Preparing files to reimport...[39m[0m
[  44% ] [90m[1mreimport[22m | Preparing files to reimport...[39m[0m
[  44% ] [90m[1mreimport[22m | Preparing files to reimport...[39m[0m
[  44% ] [90m[1mreimport[22m | Preparing files to reimport...[39m[0m
[  44% ] [90m[1mreimport[22m | Preparing files to reimport...[39m[0m
[  44% ] [90m[1mreimport[22m | Preparing files to reimport...[39m[0m
[  44% ] [90m[1mreimport[22m | Preparing files to reimport...[39m[0m
[  44% ] [90m[1mreimport[22m | Preparing files to reimport...[39m[0m
[  44% ] [90m[1mreimport[22m | Preparing files to reimport...[39m[0m
[  44% ] [90m[1mreimport[22m | Preparing files to reimport...[39m[0m
[  44% ] [90m[1mreimport[22m | Preparing files to reimport...[39m[0m
[  44% ] [90m[1mreimport[22m | Preparing files to reimport...[39m[0m
[  44% ] [90m[1mreimport[22m | Preparing files to reimport...[39m[0m
[  44% ] [90m[1mreimport[22m | Preparing files to reimport...[39m[0m
[  44% ] [90m[1mreimport[22m | Preparing files to reimport...[39m[0m
[  44% ] [90m[1mreimport[22m | Preparing files to reimport...[39m[0m
[  44% ] [90m[1mreimport[22m | Preparing files to reimport...[39m[0m
[  44% ] [90m[1mreimport[22m | Preparing files to reimport...[39m[0m
[  44% ] [90m[1mreimport[22m | Preparing files to reimport...[39m[0m
[  44% ] [90m[1mreimport[22m | Preparing files to reimport...[39m[0m
[  44% ] [90m[1mreimport[22m | Preparing files to reimport...[39m[0m
[  44% ] [90m[1mreimport[22m | Preparing files to reimport...[39m[0m
[  44% ] [90m[1mreimport[22m | Preparing files to reimport...[39m[0m
[  44% ] [90m[1mreimport[22m | Preparing files to reimport...[39m[0m
[  44% ] [90m[1mreimport[22m | Preparing files to reimport...[39m[0m
[  45% ] [90m[1mreimport[22m | Preparing files to reimport...[39m[0m
[  45% ] [90m[1mreimport[22m | Preparing files to reimport...[39m[0m
[  45% ] [90m[1mreimport[22m | Preparing files to reimport...[39m[0m
[  45% ] [90m[1mreimport[22m | Preparing files to reimport...[39m[0m
[  45% ] [90m[1mreimport[22m | Preparing files to reimport...[39m[0m
[  45% ] [90m[1mreimport[22m | Preparing files to reimport...[39m[0m
[  45% ] [90m[1mreimport[22m | Preparing files to reimport...[39m[0m
[  45% ] [90m[1mreimport[22m | Preparing files to reimport...[39m[0m
[  45% ] [90m[1mreimport[22m | Preparing files to reimport...[39m[0m
[  45% ] [90m[1mreimport[22m | Preparing files to reimport...[39m[0m
[  45% ] [90m[1mreimport[22m | Preparing files to reimport...[39m[0m
[  45% ] [90m[1mreimport[22m | Preparing files to reimport...[39m[0m
[  45% ] [90m[1mreimport[22m | Preparing files to reimport...[39m[0m
[  45% ] [90m[1mreimport[22m | Preparing files to reimport...[39m[0m
[  45% ] [90m[1mreimport[22m | Preparing files to reimport...[39m[0m
[  45% ] [90m[1mreimport[22m | Preparing files to reimport...[39m[0m
[  45% ] [90m[1mreimport[22m | Preparing files to reimport...[39m[0m
[  45% ] [90m[1mreimport[22m | Preparing files to reimport...[39m[0m
[  45% ] [90m[1mreimport[22m | Preparing files to reimport...[39m[0m
[  45% ] [90m[1mreimport[22m | Preparing files to reimport...[39m[0m
[  45% ] [90m[1mreimport[22m | Preparing files to reimport...[39m[0m
[  45% ] [90m[1mreimport[22m | Preparing files to reimport...[39m[0m
[  45% ] [90m[1mreimport[22m | Preparing files to reimport...[39m[0m
[  45% ] [90m[1mreimport[22m | Preparing files to reimport...[39m[0m
[  46% ] [90m[1mreimport[22m | Preparing files to reimport...[39m[0m
[  46% ] [90m[1mreimport[22m | Preparing files to reimport...[39m[0m
[  46% ] [90m[1mreimport[22m | Preparing files to reimport...[39m[0m
[  46% ] [90m[1mreimport[22m | Preparing files to reimport...[39m[0m
[  46% ] [90m[1mreimport[22m | Preparing files to reimport...[39m[0m
[  46% ] [90m[1mreimport[22m | Preparing files to reimport...[39m[0m
[  46% ] [90m[1mreimport[22m | Preparing files to reimport...[39m[0m
[  46% ] [90m[1mreimport[22m | Preparing files to reimport...[39m[0m
[  46% ] [90m[1mreimport[22m | Preparing files to reimport...[39m[0m
[  46% ] [90m[1mreimport[22m | Preparing files to reimport...[39m[0m
[  46% ] [90m[1mreimport[22m | Preparing files to reimport...[39m[0m
[  46% ] [90m[1mreimport[22m | Preparing files to reimport...[39m[0m
[  46% ] [90m[1mreimport[22m | Preparing files to reimport...[39m[0m
[  46% ] [90m[1mreimport[22m | Preparing files to reimport...[39m[0m
[  46% ] [90m[1mreimport[22m | Preparing files to reimport...[39m[0m
[  46% ] [90m[1mreimport[22m | Preparing files to reimport...[39m[0m
[  46% ] [90m[1mreimport[22m | Preparing files to reimport...[39m[0m
[  46% ] [90m[1mreimport[22m | Preparing files to reimport...[39m[0m
[  46% ] [90m[1mreimport[22m | Preparing files to reimport...[39m[0m
[  46% ] [90m[1mreimport[22m | Preparing files to reimport...[39m[0m
[  46% ] [90m[1mreimport[22m | Preparing files to reimport...[39m[0m
[  46% ] [90m[1mreimport[22m | Preparing files to reimport...[39m[0m
[  46% ] [90m[1mreimport[22m | Preparing files to reimport...[39m[0m
[  46% ] [90m[1mreimport[22m | Preparing files to reimport...[39m[0m
[  47% ] [90m[1mreimport[22m | Preparing files to reimport...[39m[0m
[  47% ] [90m[1mreimport[22m | Preparing files to reimport...[39m[0m
[  47% ] [90m[1mreimport[22m | Preparing files to reimport...[39m[0m
[  47% ] [90m[1mreimport[22m | Preparing files to reimport...[39m[0m
[  47% ] [90m[1mreimport[22m | Preparing files to reimport...[39m[0m
[  47% ] [90m[1mreimport[22m | Preparing files to reimport...[39m[0m
[  47% ] [90m[1mreimport[22m | Preparing files to reimport...[39m[0m
[  47% ] [90m[1mreimport[22m | Preparing files to reimport...[39m[0m
[  47% ] [90m[1mreimport[22m | Preparing files to reimport...[39m[0m
[  47% ] [90m[1mreimport[22m | Preparing files to reimport...[39m[0m
[  47% ] [90m[1mreimport[22m | Preparing files to reimport...[39m[0m
[  47% ] [90m[1mreimport[22m | Preparing files to reimport...[39m[0m
[  47% ] [90m[1mreimport[22m | Preparing files to reimport...[39m[0m
[  47% ] [90m[1mreimport[22m | Preparing files to reimport...[39m[0m
[  47% ] [90m[1mreimport[22m | Preparing files to reimport...[39m[0m
[  47% ] [90m[1mreimport[22m | Preparing files to reimport...[39m[0m
[  47% ] [90m[1mreimport[22m | Preparing files to reimport...[39m[0m
[  47% ] [90m[1mreimport[22m | Preparing files to reimport...[39m[0m
[  47% ] [90m[1mreimport[22m | Preparing files to reimport...[39m[0m
[  47% ] [90m[1mreimport[22m | Preparing files to reimport...[39m[0m
[  47% ] [90m[1mreimport[22m | Preparing files to reimport...[39m[0m
[  47% ] [90m[1mreimport[22m | Preparing files to reimport...[39m[0m
[  47% ] [90m[1mreimport[22m | Preparing files to reimport...[39m[0m
[  47% ] [90m[1mreimport[22m | Preparing files to reimport...[39m[0m
[  48% ] [90m[1mreimport[22m | Preparing files to reimport...[39m[0m
[  48% ] [90m[1mreimport[22m | Preparing files to reimport...[39m[0m
[  48% ] [90m[1mreimport[22m | Preparing files to reimport...[39m[0m
[  48% ] [90m[1mreimport[22m | Preparing files to reimport...[39m[0m
[  48% ] [90m[1mreimport[22m | Preparing files to reimport...[39m[0m
[  48% ] [90m[1mreimport[22m | Preparing files to reimport...[39m[0m
[  48% ] [90m[1mreimport[22m | Preparing files to reimport...[39m[0m
[  48% ] [90m[1mreimport[22m | Preparing files to reimport...[39m[0m
[  48% ] [90m[1mreimport[22m | Preparing files to reimport...[39m[0m
[  48% ] [90m[1mreimport[22m | Preparing files to reimport...[39m[0m
[  48% ] [90m[1mreimport[22m | Preparing files to reimport...[39m[0m
[  48% ] [90m[1mreimport[22m | Preparing files to reimport...[39m[0m
[  48% ] [90m[1mreimport[22m | Preparing files to reimport...[39m[0m
[  48% ] [90m[1mreimport[22m | Preparing files to reimport...[39m[0m
[  48% ] [90m[1mreimport[22m | Preparing files to reimport...[39m[0m
[  48% ] [90m[1mreimport[22m | Preparing files to reimport...[39m[0m
[  48% ] [90m[1mreimport[22m | Preparing files to reimport...[39m[0m
[  48% ] [90m[1mreimport[22m | Preparing files to reimport...[39m[0m
[  48% ] [90m[1mreimport[22m | Preparing files to reimport...[39m[0m
[  48% ] [90m[1mreimport[22m | Preparing files to reimport...[39m[0m
[  48% ] [90m[1mreimport[22m | Preparing files to reimport...[39m[0m
[  48% ] [90m[1mreimport[22m | Preparing files to reimport...[39m[0m
[  48% ] [90m[1mreimport[22m | Preparing files to reimport...[39m[0m
[  48% ] [90m[1mreimport[22m | Preparing files to reimport...[39m[0m
[  49% ] [90m[1mreimport[22m | Preparing files to reimport...[39m[0m
[  49% ] [90m[1mreimport[22m | Preparing files to reimport...[39m[0m
[  49% ] [90m[1mreimport[22m | Preparing files to reimport...[39m[0m
[  49% ] [90m[1mreimport[22m | Preparing files to reimport...[39m[0m
[  49% ] [90m[1mreimport[22m | Preparing files to reimport...[39m[0m
[  49% ] [90m[1mreimport[22m | Preparing files to reimport...[39m[0m
[  49% ] [90m[1mreimport[22m | Preparing files to reimport...[39m[0m
[  49% ] [90m[1mreimport[22m | Preparing files to reimport...[39m[0m
[  49% ] [90m[1mreimport[22m | Preparing files to reimport...[39m[0m
[  49% ] [90m[1mreimport[22m | Preparing files to reimport...[39m[0m
[  49% ] [90m[1mreimport[22m | Preparing files to reimport...[39m[0m
[  49% ] [90m[1mreimport[22m | Preparing files to reimport...[39m[0m
[  49% ] [90m[1mreimport[22m | Preparing files to reimport...[39m[0m
[  49% ] [90m[1mreimport[22m | Preparing files to reimport...[39m[0m
[  49% ] [90m[1mreimport[22m | Preparing files to reimport...[39m[0m
[  49% ] [90m[1mreimport[22m | Preparing files to reimport...[39m[0m
[  49% ] [90m[1mreimport[22m | Preparing files to reimport...[39m[0m
[  49% ] [90m[1mreimport[22m | Preparing files to reimport...[39m[0m
[  49% ] [90m[1mreimport[22m | Preparing files to reimport...[39m[0m
[  49% ] [90m[1mreimport[22m | Preparing files to reimport...[39m[0m
[  49% ] [90m[1mreimport[22m | Preparing files to reimport...[39m[0m
[  49% ] [90m[1mreimport[22m | Preparing files to reimport...[39m[0m
[  49% ] [90m[1mreimport[22m | Preparing files to reimport...[39m[0m
[  50% ] [90m[1mreimport[22m | Preparing files to reimport...[39m[0m
[  50% ] [90m[1mreimport[22m | Preparing files to reimport...[39m[0m
[  50% ] [90m[1mreimport[22m | Preparing files to reimport...[39m[0m
[  50% ] [90m[1mreimport[22m | Preparing files to reimport...[39m[0m
[  50% ] [90m[1mreimport[22m | Preparing files to reimport...[39m[0m
[  50% ] [90m[1mreimport[22m | Preparing files to reimport...[39m[0m
[  50% ] [90m[1mreimport[22m | Preparing files to reimport...[39m[0m
[  50% ] [90m[1mreimport[22m | Preparing files to reimport...[39m[0m
[  50% ] [90m[1mreimport[22m | Preparing files to reimport...[39m[0m
[  50% ] [90m[1mreimport[22m | Preparing files to reimport...[39m[0m
[  50% ] [90m[1mreimport[22m | Preparing files to reimport...[39m[0m
[  50% ] [90m[1mreimport[22m | Preparing files to reimport...[39m[0m
[  50% ] [90m[1mreimport[22m | Preparing files to reimport...[39m[0m
[  50% ] [90m[1mreimport[22m | Preparing files to reimport...[39m[0m
[  50% ] [90m[1mreimport[22m | Preparing files to reimport...[39m[0m
[  50% ] [90m[1mreimport[22m | Preparing files to reimport...[39m[0m
[  50% ] [90m[1mreimport[22m | Preparing files to reimport...[39m[0m
[  50% ] [90m[1mreimport[22m | Preparing files to reimport...[39m[0m
[  50% ] [90m[1mreimport[22m | Preparing files to reimport...[39m[0m
[  50% ] [90m[1mreimport[22m | Preparing files to reimport...[39m[0m
[  50% ] [90m[1mreimport[22m | Preparing files to reimport...[39m[0m
[  50% ] [90m[1mreimport[22m | Preparing files to reimport...[39m[0m
[  50% ] [90m[1mreimport[22m | Preparing files to reimport...[39m[0m
[  50% ] [90m[1mreimport[22m | Preparing files to reimport...[39m[0m
[  51% ] [90m[1mreimport[22m | Preparing files to reimport...[39m[0m
[  51% ] [90m[1mreimport[22m | Preparing files to reimport...[39m[0m
[  51% ] [90m[1mreimport[22m | Preparing files to reimport...[39m[0m
[  51% ] [90m[1mreimport[22m | Preparing files to reimport...[39m[0m
[  51% ] [90m[1mreimport[22m | Preparing files to reimport...[39m[0m
[  51% ] [90m[1mreimport[22m | Preparing files to reimport...[39m[0m
[  51% ] [90m[1mreimport[22m | Preparing files to reimport...[39m[0m
[  51% ] [90m[1mreimport[22m | Preparing files to reimport...[39m[0m
[  51% ] [90m[1mreimport[22m | Preparing files to reimport...[39m[0m
[  51% ] [90m[1mreimport[22m | Preparing files to reimport...[39m[0m
[  51% ] [90m[1mreimport[22m | Preparing files to reimport...[39m[0m
[  51% ] [90m[1mreimport[22m | Preparing files to reimport...[39m[0m
[  51% ] [90m[1mreimport[22m | Preparing files to reimport...[39m[0m
[  51% ] [90m[1mreimport[22m | Preparing files to reimport...[39m[0m
[  51% ] [90m[1mreimport[22m | Preparing files to reimport...[39m[0m
[  51% ] [90m[1mreimport[22m | Preparing files to reimport...[39m[0m
[  51% ] [90m[1mreimport[22m | Preparing files to reimport...[39m[0m
[  51% ] [90m[1mreimport[22m | Preparing files to reimport...[39m[0m
[  51% ] [90m[1mreimport[22m | Preparing files to reimport...[39m[0m
[  51% ] [90m[1mreimport[22m | Preparing files to reimport...[39m[0m
[  51% ] [90m[1mreimport[22m | Preparing files to reimport...[39m[0m
[  51% ] [90m[1mreimport[22m | Preparing files to reimport...[39m[0m
[  51% ] [90m[1mreimport[22m | Preparing files to reimport...[39m[0m
[  51% ] [90m[1mreimport[22m | Preparing files to reimport...[39m[0m
[  52% ] [90m[1mreimport[22m | Preparing files to reimport...[39m[0m
[  52% ] [90m[1mreimport[22m | Preparing files to reimport...[39m[0m
[  52% ] [90m[1mreimport[22m | Preparing files to reimport...[39m[0m
[  52% ] [90m[1mreimport[22m | Preparing files to reimport...[39m[0m
[  52% ] [90m[1mreimport[22m | Preparing files to reimport...[39m[0m
[  52% ] [90m[1mreimport[22m | Preparing files to reimport...[39m[0m
[  52% ] [90m[1mreimport[22m | Preparing files to reimport...[39m[0m
[  52% ] [90m[1mreimport[22m | Preparing files to reimport...[39m[0m
[  52% ] [90m[1mreimport[22m | Preparing files to reimport...[39m[0m
[  52% ] [90m[1mreimport[22m | Preparing files to reimport...[39m[0m
[  52% ] [90m[1mreimport[22m | Preparing files to reimport...[39m[0m
[  52% ] [90m[1mreimport[22m | Preparing files to reimport...[39m[0m
[  52% ] [90m[1mreimport[22m | Preparing files to reimport...[39m[0m
[  52% ] [90m[1mreimport[22m | Preparing files to reimport...[39m[0m
[  52% ] [90m[1mreimport[22m | Preparing files to reimport...[39m[0m
[  52% ] [90m[1mreimport[22m | Preparing files to reimport...[39m[0m
[  52% ] [90m[1mreimport[22m | Preparing files to reimport...[39m[0m
[  52% ] [90m[1mreimport[22m | Preparing files to reimport...[39m[0m
[  52% ] [90m[1mreimport[22m | Preparing files to reimport...[39m[0m
[  52% ] [90m[1mreimport[22m | Preparing files to reimport...[39m[0m
[  52% ] [90m[1mreimport[22m | Preparing files to reimport...[39m[0m
[  52% ] [90m[1mreimport[22m | Preparing files to reimport...[39m[0m
[  52% ] [90m[1mreimport[22m | Preparing files to reimport...[39m[0m
[  52% ] [90m[1mreimport[22m | Preparing files to reimport...[39m[0m
[  53% ] [90m[1mreimport[22m | Preparing files to reimport...[39m[0m
[  53% ] [90m[1mreimport[22m | Preparing files to reimport...[39m[0m
[  53% ] [90m[1mreimport[22m | Preparing files to reimport...[39m[0m
[  53% ] [90m[1mreimport[22m | Preparing files to reimport...[39m[0m
[  53% ] [90m[1mreimport[22m | Preparing files to reimport...[39m[0m
[  53% ] [90m[1mreimport[22m | Preparing files to reimport...[39m[0m
[  53% ] [90m[1mreimport[22m | Preparing files to reimport...[39m[0m
[  53% ] [90m[1mreimport[22m | Preparing files to reimport...[39m[0m
[  53% ] [90m[1mreimport[22m | Preparing files to reimport...[39m[0m
[  53% ] [90m[1mreimport[22m | Preparing files to reimport...[39m[0m
[  53% ] [90m[1mreimport[22m | Preparing files to reimport...[39m[0m
[  53% ] [90m[1mreimport[22m | Preparing files to reimport...[39m[0m
[  53% ] [90m[1mreimport[22m | Preparing files to reimport...[39m[0m
[  53% ] [90m[1mreimport[22m | Preparing files to reimport...[39m[0m
[  53% ] [90m[1mreimport[22m | Preparing files to reimport...[39m[0m
[  53% ] [90m[1mreimport[22m | Preparing files to reimport...[39m[0m
[  53% ] [90m[1mreimport[22m | Preparing files to reimport...[39m[0m
[  53% ] [90m[1mreimport[22m | Preparing files to reimport...[39m[0m
[  53% ] [90m[1mreimport[22m | Preparing files to reimport...[39m[0m
[  53% ] [90m[1mreimport[22m | Preparing files to reimport...[39m[0m
[  53% ] [90m[1mreimport[22m | Preparing files to reimport...[39m[0m
[  53% ] [90m[1mreimport[22m | Preparing files to reimport...[39m[0m
[  53% ] [90m[1mreimport[22m | Preparing files to reimport...[39m[0m
[  53% ] [90m[1mreimport[22m | Preparing files to reimport...[39m[0m
[  54% ] [90m[1mreimport[22m | Preparing files to reimport...[39m[0m
[  54% ] [90m[1mreimport[22m | Preparing files to reimport...[39m[0m
[  54% ] [90m[1mreimport[22m | Preparing files to reimport...[39m[0m
[  54% ] [90m[1mreimport[22m | Preparing files to reimport...[39m[0m
[  54% ] [90m[1mreimport[22m | Preparing files to reimport...[39m[0m
[  54% ] [90m[1mreimport[22m | Preparing files to reimport...[39m[0m
[  54% ] [90m[1mreimport[22m | Preparing files to reimport...[39m[0m
[  54% ] [90m[1mreimport[22m | Preparing files to reimport...[39m[0m
[  54% ] [90m[1mreimport[22m | Preparing files to reimport...[39m[0m
[  54% ] [90m[1mreimport[22m | Preparing files to reimport...[39m[0m
[  54% ] [90m[1mreimport[22m | Preparing files to reimport...[39m[0m
[  54% ] [90m[1mreimport[22m | Preparing files to reimport...[39m[0m
[  54% ] [90m[1mreimport[22m | Preparing files to reimport...[39m[0m
[  54% ] [90m[1mreimport[22m | Preparing files to reimport...[39m[0m
[  54% ] [90m[1mreimport[22m | Preparing files to reimport...[39m[0m
[  54% ] [90m[1mreimport[22m | Preparing files to reimport...[39m[0m
[  54% ] [90m[1mreimport[22m | Preparing files to reimport...[39m[0m
[  54% ] [90m[1mreimport[22m | Preparing files to reimport...[39m[0m
[  54% ] [90m[1mreimport[22m | Preparing files to reimport...[39m[0m
[  54% ] [90m[1mreimport[22m | Preparing files to reimport...[39m[0m
[  54% ] [90m[1mreimport[22m | Preparing files to reimport...[39m[0m
[  54% ] [90m[1mreimport[22m | Preparing files to reimport...[39m[0m
[  54% ] [90m[1mreimport[22m | Preparing files to reimport...[39m[0m
[  54% ] [90m[1mreimport[22m | Preparing files to reimport...[39m[0m
[  55% ] [90m[1mreimport[22m | Preparing files to reimport...[39m[0m
[  55% ] [90m[1mreimport[22m | Preparing files to reimport...[39m[0m
[  55% ] [90m[1mreimport[22m | Preparing files to reimport...[39m[0m
[  55% ] [90m[1mreimport[22m | Preparing files to reimport...[39m[0m
[  55% ] [90m[1mreimport[22m | Preparing files to reimport...[39m[0m
[  55% ] [90m[1mreimport[22m | Preparing files to reimport...[39m[0m
[  55% ] [90m[1mreimport[22m | Preparing files to reimport...[39m[0m
[  55% ] [90m[1mreimport[22m | Preparing files to reimport...[39m[0m
[  55% ] [90m[1mreimport[22m | Preparing files to reimport...[39m[0m
[  55% ] [90m[1mreimport[22m | Preparing files to reimport...[39m[0m
[  55% ] [90m[1mreimport[22m | Preparing files to reimport...[39m[0m
[  55% ] [90m[1mreimport[22m | Preparing files to reimport...[39m[0m
[  55% ] [90m[1mreimport[22m | Preparing files to reimport...[39m[0m
[  55% ] [90m[1mreimport[22m | Preparing files to reimport...[39m[0m
[  55% ] [90m[1mreimport[22m | Preparing files to reimport...[39m[0m
[  55% ] [90m[1mreimport[22m | Preparing files to reimport...[39m[0m
[  55% ] [90m[1mreimport[22m | Preparing files to reimport...[39m[0m
[  55% ] [90m[1mreimport[22m | Preparing files to reimport...[39m[0m
[  55% ] [90m[1mreimport[22m | Preparing files to reimport...[39m[0m
[  55% ] [90m[1mreimport[22m | Preparing files to reimport...[39m[0m
[  55% ] [90m[1mreimport[22m | Preparing files to reimport...[39m[0m
[  55% ] [90m[1mreimport[22m | Preparing files to reimport...[39m[0m
[  55% ] [90m[1mreimport[22m | Preparing files to reimport...[39m[0m
[  55% ] [90m[1mreimport[22m | Preparing files to reimport...[39m[0m
[  56% ] [90m[1mreimport[22m | Preparing files to reimport...[39m[0m
[  56% ] [90m[1mreimport[22m | Preparing files to reimport...[39m[0m
[  56% ] [90m[1mreimport[22m | Preparing files to reimport...[39m[0m
[  56% ] [90m[1mreimport[22m | Preparing files to reimport...[39m[0m
[  56% ] [90m[1mreimport[22m | Preparing files to reimport...[39m[0m
[  56% ] [90m[1mreimport[22m | Preparing files to reimport...[39m[0m
[  56% ] [90m[1mreimport[22m | Preparing files to reimport...[39m[0m
[  56% ] [90m[1mreimport[22m | Preparing files to reimport...[39m[0m
[  56% ] [90m[1mreimport[22m | Preparing files to reimport...[39m[0m
[  56% ] [90m[1mreimport[22m | Preparing files to reimport...[39m[0m
[  56% ] [90m[1mreimport[22m | Preparing files to reimport...[39m[0m
[  56% ] [90m[1mreimport[22m | Preparing files to reimport...[39m[0m
[  56% ] [90m[1mreimport[22m | Preparing files to reimport...[39m[0m
[  56% ] [90m[1mreimport[22m | Preparing files to reimport...[39m[0m
[  56% ] [90m[1mreimport[22m | Preparing files to reimport...[39m[0m
[  56% ] [90m[1mreimport[22m | Preparing files to reimport...[39m[0m
[  56% ] [90m[1mreimport[22m | Preparing files to reimport...[39m[0m
[  56% ] [90m[1mreimport[22m | Preparing files to reimport...[39m[0m
[  56% ] [90m[1mreimport[22m | Preparing files to reimport...[39m[0m
[  56% ] [90m[1mreimport[22m | Preparing files to reimport...[39m[0m
[  56% ] [90m[1mreimport[22m | Preparing files to reimport...[39m[0m
[  56% ] [90m[1mreimport[22m | Preparing files to reimport...[39m[0m
[  56% ] [90m[1mreimport[22m | Preparing files to reimport...[39m[0m
[  56% ] [90m[1mreimport[22m | Preparing files to reimport...[39m[0m
[  57% ] [90m[1mreimport[22m | Preparing files to reimport...[39m[0m
[  57% ] [90m[1mreimport[22m | Preparing files to reimport...[39m[0m
[  57% ] [90m[1mreimport[22m | Preparing files to reimport...[39m[0m
[  57% ] [90m[1mreimport[22m | Preparing files to reimport...[39m[0m
[  57% ] [90m[1mreimport[22m | Preparing files to reimport...[39m[0m
[  57% ] [90m[1mreimport[22m | Preparing files to reimport...[39m[0m
[  57% ] [90m[1mreimport[22m | Preparing files to reimport...[39m[0m
[  57% ] [90m[1mreimport[22m | Preparing files to reimport...[39m[0m
[  57% ] [90m[1mreimport[22m | Preparing files to reimport...[39m[0m
[  57% ] [90m[1mreimport[22m | Preparing files to reimport...[39m[0m
[  57% ] [90m[1mreimport[22m | Preparing files to reimport...[39m[0m
[  57% ] [90m[1mreimport[22m | Preparing files to reimport...[39m[0m
[  57% ] [90m[1mreimport[22m | Preparing files to reimport...[39m[0m
[  57% ] [90m[1mreimport[22m | Preparing files to reimport...[39m[0m
[  57% ] [90m[1mreimport[22m | Preparing files to reimport...[39m[0m
[  57% ] [90m[1mreimport[22m | Preparing files to reimport...[39m[0m
[  57% ] [90m[1mreimport[22m | Preparing files to reimport...[39m[0m
[  57% ] [90m[1mreimport[22m | Preparing files to reimport...[39m[0m
[  57% ] [90m[1mreimport[22m | Preparing files to reimport...[39m[0m
[  57% ] [90m[1mreimport[22m | Preparing files to reimport...[39m[0m
[  57% ] [90m[1mreimport[22m | Preparing files to reimport...[39m[0m
[  57% ] [90m[1mreimport[22m | Preparing files to reimport...[39m[0m
[  57% ] [90m[1mreimport[22m | Preparing files to reimport...[39m[0m
[  57% ] [90m[1mreimport[22m | Preparing files to reimport...[39m[0m
[  58% ] [90m[1mreimport[22m | Preparing files to reimport...[39m[0m
[  58% ] [90m[1mreimport[22m | Preparing files to reimport...[39m[0m
[  58% ] [90m[1mreimport[22m | Preparing files to reimport...[39m[0m
[  58% ] [90m[1mreimport[22m | Preparing files to reimport...[39m[0m
[  58% ] [90m[1mreimport[22m | Preparing files to reimport...[39m[0m
[  58% ] [90m[1mreimport[22m | Preparing files to reimport...[39m[0m
[  58% ] [90m[1mreimport[22m | Preparing files to reimport...[39m[0m
[  58% ] [90m[1mreimport[22m | Preparing files to reimport...[39m[0m
[  58% ] [90m[1mreimport[22m | Preparing files to reimport...[39m[0m
[  58% ] [90m[1mreimport[22m | Preparing files to reimport...[39m[0m
[  58% ] [90m[1mreimport[22m | Preparing files to reimport...[39m[0m
[  58% ] [90m[1mreimport[22m | Preparing files to reimport...[39m[0m
[  58% ] [90m[1mreimport[22m | Preparing files to reimport...[39m[0m
[  58% ] [90m[1mreimport[22m | Preparing files to reimport...[39m[0m
[  58% ] [90m[1mreimport[22m | Preparing files to reimport...[39m[0m
[  58% ] [90m[1mreimport[22m | Preparing files to reimport...[39m[0m
[  58% ] [90m[1mreimport[22m | Preparing files to reimport...[39m[0m
[  58% ] [90m[1mreimport[22m | Preparing files to reimport...[39m[0m
[  58% ] [90m[1mreimport[22m | Preparing files to reimport...[39m[0m
[  58% ] [90m[1mreimport[22m | Preparing files to reimport...[39m[0m
[  58% ] [90m[1mreimport[22m | Preparing files to reimport...[39m[0m
[  58% ] [90m[1mreimport[22m | Preparing files to reimport...[39m[0m
[  58% ] [90m[1mreimport[22m | Preparing files to reimport...[39m[0m
[  59% ] [90m[1mreimport[22m | Preparing files to reimport...[39m[0m
[  59% ] [90m[1mreimport[22m | Preparing files to reimport...[39m[0m
[  59% ] [90m[1mreimport[22m | Preparing files to reimport...[39m[0m
[  59% ] [90m[1mreimport[22m | Preparing files to reimport...[39m[0m
[  59% ] [90m[1mreimport[22m | Preparing files to reimport...[39m[0m
[  59% ] [90m[1mreimport[22m | Preparing files to reimport...[39m[0m
[  59% ] [90m[1mreimport[22m | Preparing files to reimport...[39m[0m
[  59% ] [90m[1mreimport[22m | Preparing files to reimport...[39m[0m
[  59% ] [90m[1mreimport[22m | Preparing files to reimport...[39m[0m
[  59% ] [90m[1mreimport[22m | Preparing files to reimport...[39m[0m
[  59% ] [90m[1mreimport[22m | Preparing files to reimport...[39m[0m
[  59% ] [90m[1mreimport[22m | Preparing files to reimport...[39m[0m
[  59% ] [90m[1mreimport[22m | Preparing files to reimport...[39m[0m
[  59% ] [90m[1mreimport[22m | Preparing files to reimport...[39m[0m
[  59% ] [90m[1mreimport[22m | Preparing files to reimport...[39m[0m
[  59% ] [90m[1mreimport[22m | Preparing files to reimport...[39m[0m
[  59% ] [90m[1mreimport[22m | Preparing files to reimport...[39m[0m
[  59% ] [90m[1mreimport[22m | Preparing files to reimport...[39m[0m
[  59% ] [90m[1mreimport[22m | Preparing files to reimport...[39m[0m
[  59% ] [90m[1mreimport[22m | Preparing files to reimport...[39m[0m
[  59% ] [90m[1mreimport[22m | Preparing files to reimport...[39m[0m
[  59% ] [90m[1mreimport[22m | Preparing files to reimport...[39m[0m
[  59% ] [90m[1mreimport[22m | Preparing files to reimport...[39m[0m
[  59% ] [90m[1mreimport[22m | Preparing files to reimport...[39m[0m
[  60% ] [90m[1mreimport[22m | Preparing files to reimport...[39m[0m
[  60% ] [90m[1mreimport[22m | Preparing files to reimport...[39m[0m
[  60% ] [90m[1mreimport[22m | Preparing files to reimport...[39m[0m
[  60% ] [90m[1mreimport[22m | Preparing files to reimport...[39m[0m
[  60% ] [90m[1mreimport[22m | Preparing files to reimport...[39m[0m
[  60% ] [90m[1mreimport[22m | Preparing files to reimport...[39m[0m
[  60% ] [90m[1mreimport[22m | Preparing files to reimport...[39m[0m
[  60% ] [90m[1mreimport[22m | Preparing files to reimport...[39m[0m
[  60% ] [90m[1mreimport[22m | Preparing files to reimport...[39m[0m
[  60% ] [90m[1mreimport[22m | Preparing files to reimport...[39m[0m
[  60% ] [90m[1mreimport[22m | Preparing files to reimport...[39m[0m
[  60% ] [90m[1mreimport[22m | Preparing files to reimport...[39m[0m
[  60% ] [90m[1mreimport[22m | Preparing files to reimport...[39m[0m
[  60% ] [90m[1mreimport[22m | Preparing files to reimport...[39m[0m
[  60% ] [90m[1mreimport[22m | Preparing files to reimport...[39m[0m
[  60% ] [90m[1mreimport[22m | Preparing files to reimport...[39m[0m
[  60% ] [90m[1mreimport[22m | Preparing files to reimport...[39m[0m
[  60% ] [90m[1mreimport[22m | Preparing files to reimport...[39m[0m
[  60% ] [90m[1mreimport[22m | Preparing files to reimport...[39m[0m
[  60% ] [90m[1mreimport[22m | Preparing files to reimport...[39m[0m
[  60% ] [90m[1mreimport[22m | Preparing files to reimport...[39m[0m
[  60% ] [90m[1mreimport[22m | Preparing files to reimport...[39m[0m
[  60% ] [90m[1mreimport[22m | Preparing files to reimport...[39m[0m
[  60% ] [90m[1mreimport[22m | Preparing files to reimport...[39m[0m
[  61% ] [90m[1mreimport[22m | Preparing files to reimport...[39m[0m
[  61% ] [90m[1mreimport[22m | Preparing files to reimport...[39m[0m
[  61% ] [90m[1mreimport[22m | Preparing files to reimport...[39m[0m
[  61% ] [90m[1mreimport[22m | Preparing files to reimport...[39m[0m
[  61% ] [90m[1mreimport[22m | Preparing files to reimport...[39m[0m
[  61% ] [90m[1mreimport[22m | Preparing files to reimport...[39m[0m
[  61% ] [90m[1mreimport[22m | Preparing files to reimport...[39m[0m
[  61% ] [90m[1mreimport[22m | Preparing files to reimport...[39m[0m
[  61% ] [90m[1mreimport[22m | Preparing files to reimport...[39m[0m
[  61% ] [90m[1mreimport[22m | Preparing files to reimport...[39m[0m
[  61% ] [90m[1mreimport[22m | Preparing files to reimport...[39m[0m
[  61% ] [90m[1mreimport[22m | Preparing files to reimport...[39m[0m
[  61% ] [90m[1mreimport[22m | Preparing files to reimport...[39m[0m
[  61% ] [90m[1mreimport[22m | Preparing files to reimport...[39m[0m
[  61% ] [90m[1mreimport[22m | Preparing files to reimport...[39m[0m
[  61% ] [90m[1mreimport[22m | Preparing files to reimport...[39m[0m
[  61% ] [90m[1mreimport[22m | Preparing files to reimport...[39m[0m
[  61% ] [90m[1mreimport[22m | Preparing files to reimport...[39m[0m
[  61% ] [90m[1mreimport[22m | Preparing files to reimport...[39m[0m
[  61% ] [90m[1mreimport[22m | Preparing files to reimport...[39m[0m
[  61% ] [90m[1mreimport[22m | Preparing files to reimport...[39m[0m
[  61% ] [90m[1mreimport[22m | Preparing files to reimport...[39m[0m
[  61% ] [90m[1mreimport[22m | Preparing files to reimport...[39m[0m
[  61% ] [90m[1mreimport[22m | Preparing files to reimport...[39m[0m
[  62% ] [90m[1mreimport[22m | Preparing files to reimport...[39m[0m
[  62% ] [90m[1mreimport[22m | Preparing files to reimport...[39m[0m
[  62% ] [90m[1mreimport[22m | Preparing files to reimport...[39m[0m
[  62% ] [90m[1mreimport[22m | Preparing files to reimport...[39m[0m
[  62% ] [90m[1mreimport[22m | Preparing files to reimport...[39m[0m
[  62% ] [90m[1mreimport[22m | Preparing files to reimport...[39m[0m
[  62% ] [90m[1mreimport[22m | Preparing files to reimport...[39m[0m
[  62% ] [90m[1mreimport[22m | Preparing files to reimport...[39m[0m
[  62% ] [90m[1mreimport[22m | Preparing files to reimport...[39m[0m
[  62% ] [90m[1mreimport[22m | Preparing files to reimport...[39m[0m
[  62% ] [90m[1mreimport[22m | Preparing files to reimport...[39m[0m
[  62% ] [90m[1mreimport[22m | Preparing files to reimport...[39m[0m
[  62% ] [90m[1mreimport[22m | Preparing files to reimport...[39m[0m
[  62% ] [90m[1mreimport[22m | Preparing files to reimport...[39m[0m
[  62% ] [90m[1mreimport[22m | Preparing files to reimport...[39m[0m
[  62% ] [90m[1mreimport[22m | Preparing files to reimport...[39m[0m
[  62% ] [90m[1mreimport[22m | Preparing files to reimport...[39m[0m
[  62% ] [90m[1mreimport[22m | Preparing files to reimport...[39m[0m
[  62% ] [90m[1mreimport[22m | Preparing files to reimport...[39m[0m
[  62% ] [90m[1mreimport[22m | Preparing files to reimport...[39m[0m
[  62% ] [90m[1mreimport[22m | Preparing files to reimport...[39m[0m
[  62% ] [90m[1mreimport[22m | Preparing files to reimport...[39m[0m
[  62% ] [90m[1mreimport[22m | Preparing files to reimport...[39m[0m
[  62% ] [90m[1mreimport[22m | Preparing files to reimport...[39m[0m
[  63% ] [90m[1mreimport[22m | Preparing files to reimport...[39m[0m
[  63% ] [90m[1mreimport[22m | Preparing files to reimport...[39m[0m
[  63% ] [90m[1mreimport[22m | Preparing files to reimport...[39m[0m
[  63% ] [90m[1mreimport[22m | Preparing files to reimport...[39m[0m
[  63% ] [90m[1mreimport[22m | Preparing files to reimport...[39m[0m
[  63% ] [90m[1mreimport[22m | Preparing files to reimport...[39m[0m
[  63% ] [90m[1mreimport[22m | Preparing files to reimport...[39m[0m
[  63% ] [90m[1mreimport[22m | Preparing files to reimport...[39m[0m
[  63% ] [90m[1mreimport[22m | Preparing files to reimport...[39m[0m
[  63% ] [90m[1mreimport[22m | Preparing files to reimport...[39m[0m
[  63% ] [90m[1mreimport[22m | Preparing files to reimport...[39m[0m
[  63% ] [90m[1mreimport[22m | Preparing files to reimport...[39m[0m
[  63% ] [90m[1mreimport[22m | Preparing files to reimport...[39m[0m
[  63% ] [90m[1mreimport[22m | Preparing files to reimport...[39m[0m
[  63% ] [90m[1mreimport[22m | Preparing files to reimport...[39m[0m
[  63% ] [90m[1mreimport[22m | Preparing files to reimport...[39m[0m
[  63% ] [90m[1mreimport[22m | Preparing files to reimport...[39m[0m
[  63% ] [90m[1mreimport[22m | Preparing files to reimport...[39m[0m
[  63% ] [90m[1mreimport[22m | Preparing files to reimport...[39m[0m
[  63% ] [90m[1mreimport[22m | Preparing files to reimport...[39m[0m
[  63% ] [90m[1mreimport[22m | Preparing files to reimport...[39m[0m
[  63% ] [90m[1mreimport[22m | Preparing files to reimport...[39m[0m
[  63% ] [90m[1mreimport[22m | Preparing files to reimport...[39m[0m
[  63% ] [90m[1mreimport[22m | Preparing files to reimport...[39m[0m
[  64% ] [90m[1mreimport[22m | Preparing files to reimport...[39m[0m
[  64% ] [90m[1mreimport[22m | Preparing files to reimport...[39m[0m
[  64% ] [90m[1mreimport[22m | Preparing files to reimport...[39m[0m
[  64% ] [90m[1mreimport[22m | Preparing files to reimport...[39m[0m
[  64% ] [90m[1mreimport[22m | Preparing files to reimport...[39m[0m
[  64% ] [90m[1mreimport[22m | Preparing files to reimport...[39m[0m
[  64% ] [90m[1mreimport[22m | Preparing files to reimport...[39m[0m
[  64% ] [90m[1mreimport[22m | Preparing files to reimport...[39m[0m
[  64% ] [90m[1mreimport[22m | Preparing files to reimport...[39m[0m
[  64% ] [90m[1mreimport[22m | Preparing files to reimport...[39m[0m
[  64% ] [90m[1mreimport[22m | Preparing files to reimport...[39m[0m
[  64% ] [90m[1mreimport[22m | Preparing files to reimport...[39m[0m
[  64% ] [90m[1mreimport[22m | Preparing files to reimport...[39m[0m
[  64% ] [90m[1mreimport[22m | Preparing files to reimport...[39m[0m
[  64% ] [90m[1mreimport[22m | Preparing files to reimport...[39m[0m
[  64% ] [90m[1mreimport[22m | Preparing files to reimport...[39m[0m
[  64% ] [90m[1mreimport[22m | Preparing files to reimport...[39m[0m
[  64% ] [90m[1mreimport[22m | Preparing files to reimport...[39m[0m
[  64% ] [90m[1mreimport[22m | Preparing files to reimport...[39m[0m
[  64% ] [90m[1mreimport[22m | Preparing files to reimport...[39m[0m
[  64% ] [90m[1mreimport[22m | Preparing files to reimport...[39m[0m
[  64% ] [90m[1mreimport[22m | Preparing files to reimport...[39m[0m
[  64% ] [90m[1mreimport[22m | Preparing files to reimport...[39m[0m
[  64% ] [90m[1mreimport[22m | Preparing files to reimport...[39m[0m
[  65% ] [90m[1mreimport[22m | Preparing files to reimport...[39m[0m
[  65% ] [90m[1mreimport[22m | Preparing files to reimport...[39m[0m
[  65% ] [90m[1mreimport[22m | Preparing files to reimport...[39m[0m
[  65% ] [90m[1mreimport[22m | Preparing files to reimport...[39m[0m
[  65% ] [90m[1mreimport[22m | Preparing files to reimport...[39m[0m
[  65% ] [90m[1mreimport[22m | Preparing files to reimport...[39m[0m
[  65% ] [90m[1mreimport[22m | Preparing files to reimport...[39m[0m
[  65% ] [90m[1mreimport[22m | Preparing files to reimport...[39m[0m
[  65% ] [90m[1mreimport[22m | Preparing files to reimport...[39m[0m
[  65% ] [90m[1mreimport[22m | Preparing files to reimport...[39m[0m
[  65% ] [90m[1mreimport[22m | Preparing files to reimport...[39m[0m
[  65% ] [90m[1mreimport[22m | Preparing files to reimport...[39m[0m
[  65% ] [90m[1mreimport[22m | Preparing files to reimport...[39m[0m
[  65% ] [90m[1mreimport[22m | Preparing files to reimport...[39m[0m
[  65% ] [90m[1mreimport[22m | Preparing files to reimport...[39m[0m
[  65% ] [90m[1mreimport[22m | Preparing files to reimport...[39m[0m
[  65% ] [90m[1mreimport[22m | Preparing files to reimport...[39m[0m
[  65% ] [90m[1mreimport[22m | Preparing files to reimport...[39m[0m
[  65% ] [90m[1mreimport[22m | Preparing files to reimport...[39m[0m
[  65% ] [90m[1mreimport[22m | Preparing files to reimport...[39m[0m
[  65% ] [90m[1mreimport[22m | Preparing files to reimport...[39m[0m
[  65% ] [90m[1mreimport[22m | Preparing files to reimport...[39m[0m
[  65% ] [90m[1mreimport[22m | Preparing files to reimport...[39m[0m
[  65% ] [90m[1mreimport[22m | Preparing files to reimport...[39m[0m
[  66% ] [90m[1mreimport[22m | Preparing files to reimport...[39m[0m
[  66% ] [90m[1mreimport[22m | Preparing files to reimport...[39m[0m
[  66% ] [90m[1mreimport[22m | Preparing files to reimport...[39m[0m
[  66% ] [90m[1mreimport[22m | Preparing files to reimport...[39m[0m
[  66% ] [90m[1mreimport[22m | Preparing files to reimport...[39m[0m
[  66% ] [90m[1mreimport[22m | Preparing files to reimport...[39m[0m
[  66% ] [90m[1mreimport[22m | Preparing files to reimport...[39m[0m
[  66% ] [90m[1mreimport[22m | Preparing files to reimport...[39m[0m
[  66% ] [90m[1mreimport[22m | Preparing files to reimport...[39m[0m
[  66% ] [90m[1mreimport[22m | Preparing files to reimport...[39m[0m
[  66% ] [90m[1mreimport[22m | Preparing files to reimport...[39m[0m
[  66% ] [90m[1mreimport[22m | Preparing files to reimport...[39m[0m
[  66% ] [90m[1mreimport[22m | Preparing files to reimport...[39m[0m
[  66% ] [90m[1mreimport[22m | Preparing files to reimport...[39m[0m
[  66% ] [90m[1mreimport[22m | Preparing files to reimport...[39m[0m
[  66% ] [90m[1mreimport[22m | Preparing files to reimport...[39m[0m
[  66% ] [90m[1mreimport[22m | Preparing files to reimport...[39m[0m
[  66% ] [90m[1mreimport[22m | Preparing files to reimport...[39m[0m
[  66% ] [90m[1mreimport[22m | Preparing files to reimport...[39m[0m
[  66% ] [90m[1mreimport[22m | Preparing files to reimport...[39m[0m
[  66% ] [90m[1mreimport[22m | Preparing files to reimport...[39m[0m
[  66% ] [90m[1mreimport[22m | Preparing files to reimport...[39m[0m
[  66% ] [90m[1mreimport[22m | Preparing files to reimport...[39m[0m
[  67% ] [90m[1mreimport[22m | Preparing files to reimport...[39m[0m
[  67% ] [90m[1mreimport[22m | Preparing files to reimport...[39m[0m
[  67% ] [90m[1mreimport[22m | Preparing files to reimport...[39m[0m
[  67% ] [90m[1mreimport[22m | Preparing files to reimport...[39m[0m
[  67% ] [90m[1mreimport[22m | Preparing files to reimport...[39m[0m
[  67% ] [90m[1mreimport[22m | Preparing files to reimport...[39m[0m
[  67% ] [90m[1mreimport[22m | Preparing files to reimport...[39m[0m
[  67% ] [90m[1mreimport[22m | Preparing files to reimport...[39m[0m
[  67% ] [90m[1mreimport[22m | Preparing files to reimport...[39m[0m
[  67% ] [90m[1mreimport[22m | Preparing files to reimport...[39m[0m
[  67% ] [90m[1mreimport[22m | Preparing files to reimport...[39m[0m
[  67% ] [90m[1mreimport[22m | Preparing files to reimport...[39m[0m
[  67% ] [90m[1mreimport[22m | Preparing files to reimport...[39m[0m
[  67% ] [90m[1mreimport[22m | Preparing files to reimport...[39m[0m
[  67% ] [90m[1mreimport[22m | Preparing files to reimport...[39m[0m
[  67% ] [90m[1mreimport[22m | Preparing files to reimport...[39m[0m
[  67% ] [90m[1mreimport[22m | Preparing files to reimport...[39m[0m
[  67% ] [90m[1mreimport[22m | Preparing files to reimport...[39m[0m
[  67% ] [90m[1mreimport[22m | Preparing files to reimport...[39m[0m
[  67% ] [90m[1mreimport[22m | Preparing files to reimport...[39m[0m
[  67% ] [90m[1mreimport[22m | Preparing files to reimport...[39m[0m
[  67% ] [90m[1mreimport[22m | Preparing files to reimport...[39m[0m
[  67% ] [90m[1mreimport[22m | Preparing files to reimport...[39m[0m
[  67% ] [90m[1mreimport[22m | Preparing files to reimport...[39m[0m
[  68% ] [90m[1mreimport[22m | Preparing files to reimport...[39m[0m
[  68% ] [90m[1mreimport[22m | Preparing files to reimport...[39m[0m
[  68% ] [90m[1mreimport[22m | Preparing files to reimport...[39m[0m
[  68% ] [90m[1mreimport[22m | Preparing files to reimport...[39m[0m
[  68% ] [90m[1mreimport[22m | Preparing files to reimport...[39m[0m
[  68% ] [90m[1mreimport[22m | Preparing files to reimport...[39m[0m
[  68% ] [90m[1mreimport[22m | Preparing files to reimport...[39m[0m
[  68% ] [90m[1mreimport[22m | Preparing files to reimport...[39m[0m
[  68% ] [90m[1mreimport[22m | Preparing files to reimport...[39m[0m
[  68% ] [90m[1mreimport[22m | Preparing files to reimport...[39m[0m
[  68% ] [90m[1mreimport[22m | Preparing files to reimport...[39m[0m
[  68% ] [90m[1mreimport[22m | Preparing files to reimport...[39m[0m
[  68% ] [90m[1mreimport[22m | Preparing files to reimport...[39m[0m
[  68% ] [90m[1mreimport[22m | Preparing files to reimport...[39m[0m
[  68% ] [90m[1mreimport[22m | Preparing files to reimport...[39m[0m
[  68% ] [90m[1mreimport[22m | Preparing files to reimport...[39m[0m
[  68% ] [90m[1mreimport[22m | Preparing files to reimport...[39m[0m
[  68% ] [90m[1mreimport[22m | Preparing files to reimport...[39m[0m
[  68% ] [90m[1mreimport[22m | Preparing files to reimport...[39m[0m
[  68% ] [90m[1mreimport[22m | Preparing files to reimport...[39m[0m
[  68% ] [90m[1mreimport[22m | Preparing files to reimport...[39m[0m
[  68% ] [90m[1mreimport[22m | Preparing files to reimport...[39m[0m
[  68% ] [90m[1mreimport[22m | Preparing files to reimport...[39m[0m
[  68% ] [90m[1mreimport[22m | Preparing files to reimport...[39m[0m
[  69% ] [90m[1mreimport[22m | Preparing files to reimport...[39m[0m
[  69% ] [90m[1mreimport[22m | Preparing files to reimport...[39m[0m
[  69% ] [90m[1mreimport[22m | Preparing files to reimport...[39m[0m
[  69% ] [90m[1mreimport[22m | Preparing files to reimport...[39m[0m
[  69% ] [90m[1mreimport[22m | Preparing files to reimport...[39m[0m
[  69% ] [90m[1mreimport[22m | Preparing files to reimport...[39m[0m
[  69% ] [90m[1mreimport[22m | Preparing files to reimport...[39m[0m
[  69% ] [90m[1mreimport[22m | Preparing files to reimport...[39m[0m
[  69% ] [90m[1mreimport[22m | Preparing files to reimport...[39m[0m
[  69% ] [90m[1mreimport[22m | Preparing files to reimport...[39m[0m
[  69% ] [90m[1mreimport[22m | Preparing files to reimport...[39m[0m
[  69% ] [90m[1mreimport[22m | Preparing files to reimport...[39m[0m
[  69% ] [90m[1mreimport[22m | Preparing files to reimport...[39m[0m
[  69% ] [90m[1mreimport[22m | Preparing files to reimport...[39m[0m
[  69% ] [90m[1mreimport[22m | Preparing files to reimport...[39m[0m
[  69% ] [90m[1mreimport[22m | Preparing files to reimport...[39m[0m
[  69% ] [90m[1mreimport[22m | Preparing files to reimport...[39m[0m
[  69% ] [90m[1mreimport[22m | Preparing files to reimport...[39m[0m
[  69% ] [90m[1mreimport[22m | Preparing files to reimport...[39m[0m
[  69% ] [90m[1mreimport[22m | Preparing files to reimport...[39m[0m
[  69% ] [90m[1mreimport[22m | Preparing files to reimport...[39m[0m
[  69% ] [90m[1mreimport[22m | Preparing files to reimport...[39m[0m
[  69% ] [90m[1mreimport[22m | Preparing files to reimport...[39m[0m
[  69% ] [90m[1mreimport[22m | Preparing files to reimport...[39m[0m
[  70% ] [90m[1mreimport[22m | Preparing files to reimport...[39m[0m
[  70% ] [90m[1mreimport[22m | Preparing files to reimport...[39m[0m
[  70% ] [90m[1mreimport[22m | Preparing files to reimport...[39m[0m
[  70% ] [90m[1mreimport[22m | Preparing files to reimport...[39m[0m
[  70% ] [90m[1mreimport[22m | Preparing files to reimport...[39m[0m
[  70% ] [90m[1mreimport[22m | Preparing files to reimport...[39m[0m
[  70% ] [90m[1mreimport[22m | Preparing files to reimport...[39m[0m
[  70% ] [90m[1mreimport[22m | Preparing files to reimport...[39m[0m
[  70% ] [90m[1mreimport[22m | Preparing files to reimport...[39m[0m
[  70% ] [90m[1mreimport[22m | Preparing files to reimport...[39m[0m
[  70% ] [90m[1mreimport[22m | Preparing files to reimport...[39m[0m
[  70% ] [90m[1mreimport[22m | Preparing files to reimport...[39m[0m
[  70% ] [90m[1mreimport[22m | Preparing files to reimport...[39m[0m
[  70% ] [90m[1mreimport[22m | Preparing files to reimport...[39m[0m
[  70% ] [90m[1mreimport[22m | Preparing files to reimport...[39m[0m
[  70% ] [90m[1mreimport[22m | Preparing files to reimport...[39m[0m
[  70% ] [90m[1mreimport[22m | Preparing files to reimport...[39m[0m
[  70% ] [90m[1mreimport[22m | Preparing files to reimport...[39m[0m
[  70% ] [90m[1mreimport[22m | Preparing files to reimport...[39m[0m
[  70% ] [90m[1mreimport[22m | Preparing files to reimport...[39m[0m
[  70% ] [90m[1mreimport[22m | Preparing files to reimport...[39m[0m
[  70% ] [90m[1mreimport[22m | Preparing files to reimport...[39m[0m
[  70% ] [90m[1mreimport[22m | Preparing files to reimport...[39m[0m
[  70% ] [90m[1mreimport[22m | Preparing files to reimport...[39m[0m
[  71% ] [90m[1mreimport[22m | Preparing files to reimport...[39m[0m
[  71% ] [90m[1mreimport[22m | Preparing files to reimport...[39m[0m
[  71% ] [90m[1mreimport[22m | Preparing files to reimport...[39m[0m
[  71% ] [90m[1mreimport[22m | Preparing files to reimport...[39m[0m
[  71% ] [90m[1mreimport[22m | Preparing files to reimport...[39m[0m
[  71% ] [90m[1mreimport[22m | Preparing files to reimport...[39m[0m
[  71% ] [90m[1mreimport[22m | Preparing files to reimport...[39m[0m
[  71% ] [90m[1mreimport[22m | Preparing files to reimport...[39m[0m
[  71% ] [90m[1mreimport[22m | Preparing files to reimport...[39m[0m
[  71% ] [90m[1mreimport[22m | Preparing files to reimport...[39m[0m
[  71% ] [90m[1mreimport[22m | Preparing files to reimport...[39m[0m
[  71% ] [90m[1mreimport[22m | Preparing files to reimport...[39m[0m
[  71% ] [90m[1mreimport[22m | Preparing files to reimport...[39m[0m
[  71% ] [90m[1mreimport[22m | Preparing files to reimport...[39m[0m
[  71% ] [90m[1mreimport[22m | Preparing files to reimport...[39m[0m
[  71% ] [90m[1mreimport[22m | Preparing files to reimport...[39m[0m
[  71% ] [90m[1mreimport[22m | Preparing files to reimport...[39m[0m
[  71% ] [90m[1mreimport[22m | Preparing files to reimport...[39m[0m
[  71% ] [90m[1mreimport[22m | Preparing files to reimport...[39m[0m
[  71% ] [90m[1mreimport[22m | Preparing files to reimport...[39m[0m
[  71% ] [90m[1mreimport[22m | Preparing files to reimport...[39m[0m
[  71% ] [90m[1mreimport[22m | Preparing files to reimport...[39m[0m
[  71% ] [90m[1mreimport[22m | Preparing files to reimport...[39m[0m
[  71% ] [90m[1mreimport[22m | Preparing files to reimport...[39m[0m
[  72% ] [90m[1mreimport[22m | Preparing files to reimport...[39m[0m
[  72% ] [90m[1mreimport[22m | Preparing files to reimport...[39m[0m
[  72% ] [90m[1mreimport[22m | Preparing files to reimport...[39m[0m
[  72% ] [90m[1mreimport[22m | Preparing files to reimport...[39m[0m
[  72% ] [90m[1mreimport[22m | Preparing files to reimport...[39m[0m
[  72% ] [90m[1mreimport[22m | Preparing files to reimport...[39m[0m
[  72% ] [90m[1mreimport[22m | Preparing files to reimport...[39m[0m
[  72% ] [90m[1mreimport[22m | Preparing files to reimport...[39m[0m
[  72% ] [90m[1mreimport[22m | Preparing files to reimport...[39m[0m
[  72% ] [90m[1mreimport[22m | Preparing files to reimport...[39m[0m
[  72% ] [90m[1mreimport[22m | Preparing files to reimport...[39m[0m
[  72% ] [90m[1mreimport[22m | Preparing files to reimport...[39m[0m
[  72% ] [90m[1mreimport[22m | Preparing files to reimport...[39m[0m
[  72% ] [90m[1mreimport[22m | Preparing files to reimport...[39m[0m
[  72% ] [90m[1mreimport[22m | Preparing files to reimport...[39m[0m
[  72% ] [90m[1mreimport[22m | Preparing files to reimport...[39m[0m
[  72% ] [90m[1mreimport[22m | Preparing files to reimport...[39m[0m
[  72% ] [90m[1mreimport[22m | Preparing files to reimport...[39m[0m
[  72% ] [90m[1mreimport[22m | Preparing files to reimport...[39m[0m
[  72% ] [90m[1mreimport[22m | Preparing files to reimport...[39m[0m
[  72% ] [90m[1mreimport[22m | Preparing files to reimport...[39m[0m
[  72% ] [90m[1mreimport[22m | Preparing files to reimport...[39m[0m
[  72% ] [90m[1mreimport[22m | Preparing files to reimport...[39m[0m
[  72% ] [90m[1mreimport[22m | Preparing files to reimport...[39m[0m
[  73% ] [90m[1mreimport[22m | Preparing files to reimport...[39m[0m
[  73% ] [90m[1mreimport[22m | Preparing files to reimport...[39m[0m
[  73% ] [90m[1mreimport[22m | Preparing files to reimport...[39m[0m
[  73% ] [90m[1mreimport[22m | Preparing files to reimport...[39m[0m
[  73% ] [90m[1mreimport[22m | Preparing files to reimport...[39m[0m
[  73% ] [90m[1mreimport[22m | Preparing files to reimport...[39m[0m
[  73% ] [90m[1mreimport[22m | Preparing files to reimport...[39m[0m
[  73% ] [90m[1mreimport[22m | Preparing files to reimport...[39m[0m
[  73% ] [90m[1mreimport[22m | Preparing files to reimport...[39m[0m
[  73% ] [90m[1mreimport[22m | Preparing files to reimport...[39m[0m
[  73% ] [90m[1mreimport[22m | Preparing files to reimport...[39m[0m
[  73% ] [90m[1mreimport[22m | Preparing files to reimport...[39m[0m
[  73% ] [90m[1mreimport[22m | Preparing files to reimport...[39m[0m
[  73% ] [90m[1mreimport[22m | Preparing files to reimport...[39m[0m
[  73% ] [90m[1mreimport[22m | Preparing files to reimport...[39m[0m
[  73% ] [90m[1mreimport[22m | Preparing files to reimport...[39m[0m
[  73% ] [90m[1mreimport[22m | Preparing files to reimport...[39m[0m
[  73% ] [90m[1mreimport[22m | Preparing files to reimport...[39m[0m
[  73% ] [90m[1mreimport[22m | Preparing files to reimport...[39m[0m
[  73% ] [90m[1mreimport[22m | Preparing files to reimport...[39m[0m
[  73% ] [90m[1mreimport[22m | Preparing files to reimport...[39m[0m
[  73% ] [90m[1mreimport[22m | Preparing files to reimport...[39m[0m
[  73% ] [90m[1mreimport[22m | Preparing files to reimport...[39m[0m
[  73% ] [90m[1mreimport[22m | Preparing files to reimport...[39m[0m
[  74% ] [90m[1mreimport[22m | Preparing files to reimport...[39m[0m
[  74% ] [90m[1mreimport[22m | Preparing files to reimport...[39m[0m
[  74% ] [90m[1mreimport[22m | Preparing files to reimport...[39m[0m
[  74% ] [90m[1mreimport[22m | Preparing files to reimport...[39m[0m
[  74% ] [90m[1mreimport[22m | Preparing files to reimport...[39m[0m
[  74% ] [90m[1mreimport[22m | Preparing files to reimport...[39m[0m
[  74% ] [90m[1mreimport[22m | Preparing files to reimport...[39m[0m
[  74% ] [90m[1mreimport[22m | Preparing files to reimport...[39m[0m
[  74% ] [90m[1mreimport[22m | Preparing files to reimport...[39m[0m
[  74% ] [90m[1mreimport[22m | Preparing files to reimport...[39m[0m
[  74% ] [90m[1mreimport[22m | Preparing files to reimport...[39m[0m
[  74% ] [90m[1mreimport[22m | Preparing files to reimport...[39m[0m
[  74% ] [90m[1mreimport[22m | Preparing files to reimport...[39m[0m
[  74% ] [90m[1mreimport[22m | Preparing files to reimport...[39m[0m
[  74% ] [90m[1mreimport[22m | Preparing files to reimport...[39m[0m
[  74% ] [90m[1mreimport[22m | Preparing files to reimport...[39m[0m
[  74% ] [90m[1mreimport[22m | Preparing files to reimport...[39m[0m
[  74% ] [90m[1mreimport[22m | Preparing files to reimport...[39m[0m
[  74% ] [90m[1mreimport[22m | Preparing files to reimport...[39m[0m
[  74% ] [90m[1mreimport[22m | Preparing files to reimport...[39m[0m
[  74% ] [90m[1mreimport[22m | Preparing files to reimport...[39m[0m
[  74% ] [90m[1mreimport[22m | Preparing files to reimport...[39m[0m
[  74% ] [90m[1mreimport[22m | Preparing files to reimport...[39m[0m
[  75% ] [90m[1mreimport[22m | Preparing files to reimport...[39m[0m
[  75% ] [90m[1mreimport[22m | Preparing files to reimport...[39m[0m
[  75% ] [90m[1mreimport[22m | Preparing files to reimport...[39m[0m
[  75% ] [90m[1mreimport[22m | Preparing files to reimport...[39m[0m
[  75% ] [90m[1mreimport[22m | Preparing files to reimport...[39m[0m
[  75% ] [90m[1mreimport[22m | Preparing files to reimport...[39m[0m
[  75% ] [90m[1mreimport[22m | Preparing files to reimport...[39m[0m
[  75% ] [90m[1mreimport[22m | Preparing files to reimport...[39m[0m
[  75% ] [90m[1mreimport[22m | Preparing files to reimport...[39m[0m
[  75% ] [90m[1mreimport[22m | Preparing files to reimport...[39m[0m
[  75% ] [90m[1mreimport[22m | Preparing files to reimport...[39m[0m
[  75% ] [90m[1mreimport[22m | Preparing files to reimport...[39m[0m
[  75% ] [90m[1mreimport[22m | Preparing files to reimport...[39m[0m
[  75% ] [90m[1mreimport[22m | Preparing files to reimport...[39m[0m
[  75% ] [90m[1mreimport[22m | Preparing files to reimport...[39m[0m
[  75% ] [90m[1mreimport[22m | Preparing files to reimport...[39m[0m
[  75% ] [90m[1mreimport[22m | Preparing files to reimport...[39m[0m
[  75% ] [90m[1mreimport[22m | Preparing files to reimport...[39m[0m
[  75% ] [90m[1mreimport[22m | Preparing files to reimport...[39m[0m
[  75% ] [90m[1mreimport[22m | Preparing files to reimport...[39m[0m
[  75% ] [90m[1mreimport[22m | Preparing files to reimport...[39m[0m
[  75% ] [90m[1mreimport[22m | Preparing files to reimport...[39m[0m
[  75% ] [90m[1mreimport[22m | Preparing files to reimport...[39m[0m
[  75% ] [90m[1mreimport[22m | Preparing files to reimport...[39m[0m
[  76% ] [90m[1mreimport[22m | Preparing files to reimport...[39m[0m
[  76% ] [90m[1mreimport[22m | Preparing files to reimport...[39m[0m
[  76% ] [90m[1mreimport[22m | Preparing files to reimport...[39m[0m
[  76% ] [90m[1mreimport[22m | Preparing files to reimport...[39m[0m
[  76% ] [90m[1mreimport[22m | Preparing files to reimport...[39m[0m
[  76% ] [90m[1mreimport[22m | Preparing files to reimport...[39m[0m
[  76% ] [90m[1mreimport[22m | Preparing files to reimport...[39m[0m
[  76% ] [90m[1mreimport[22m | Preparing files to reimport...[39m[0m
[  76% ] [90m[1mreimport[22m | Preparing files to reimport...[39m[0m
[  76% ] [90m[1mreimport[22m | Preparing files to reimport...[39m[0m
[  76% ] [90m[1mreimport[22m | Preparing files to reimport...[39m[0m
[  76% ] [90m[1mreimport[22m | Preparing files to reimport...[39m[0m
[  76% ] [90m[1mreimport[22m | Preparing files to reimport...[39m[0m
[  76% ] [90m[1mreimport[22m | Preparing files to reimport...[39m[0m
[  76% ] [90m[1mreimport[22m | Preparing files to reimport...[39m[0m
[  76% ] [90m[1mreimport[22m | Preparing files to reimport...[39m[0m
[  76% ] [90m[1mreimport[22m | Preparing files to reimport...[39m[0m
[  76% ] [90m[1mreimport[22m | Preparing files to reimport...[39m[0m
[  76% ] [90m[1mreimport[22m | Preparing files to reimport...[39m[0m
[  76% ] [90m[1mreimport[22m | Preparing files to reimport...[39m[0m
[  76% ] [90m[1mreimport[22m | Preparing files to reimport...[39m[0m
[  76% ] [90m[1mreimport[22m | Preparing files to reimport...[39m[0m
[  76% ] [90m[1mreimport[22m | Preparing files to reimport...[39m[0m
[  76% ] [90m[1mreimport[22m | Preparing files to reimport...[39m[0m
[  77% ] [90m[1mreimport[22m | Preparing files to reimport...[39m[0m
[  77% ] [90m[1mreimport[22m | Preparing files to reimport...[39m[0m
[  77% ] [90m[1mreimport[22m | Preparing files to reimport...[39m[0m
[  77% ] [90m[1mreimport[22m | Preparing files to reimport...[39m[0m
[  77% ] [90m[1mreimport[22m | Preparing files to reimport...[39m[0m
[  77% ] [90m[1mreimport[22m | Preparing files to reimport...[39m[0m
[  77% ] [90m[1mreimport[22m | Preparing files to reimport...[39m[0m
[  77% ] [90m[1mreimport[22m | Preparing files to reimport...[39m[0m
[  77% ] [90m[1mreimport[22m | Preparing files to reimport...[39m[0m
[  77% ] [90m[1mreimport[22m | Preparing files to reimport...[39m[0m
[  77% ] [90m[1mreimport[22m | Preparing files to reimport...[39m[0m
[  77% ] [90m[1mreimport[22m | Preparing files to reimport...[39m[0m
[  77% ] [90m[1mreimport[22m | Preparing files to reimport...[39m[0m
[  77% ] [90m[1mreimport[22m | Preparing files to reimport...[39m[0m
[  77% ] [90m[1mreimport[22m | Preparing files to reimport...[39m[0m
[  77% ] [90m[1mreimport[22m | Preparing files to reimport...[39m[0m
[  77% ] [90m[1mreimport[22m | Preparing files to reimport...[39m[0m
[  77% ] [90m[1mreimport[22m | Preparing files to reimport...[39m[0m
[  77% ] [90m[1mreimport[22m | Preparing files to reimport...[39m[0m
[  77% ] [90m[1mreimport[22m | Preparing files to reimport...[39m[0m
[  77% ] [90m[1mreimport[22m | Preparing files to reimport...[39m[0m
[  77% ] [90m[1mreimport[22m | Preparing files to reimport...[39m[0m
[  77% ] [90m[1mreimport[22m | Preparing files to reimport...[39m[0m
[  77% ] [90m[1mreimport[22m | Preparing files to reimport...[39m[0m
[  78% ] [90m[1mreimport[22m | Preparing files to reimport...[39m[0m
[  78% ] [90m[1mreimport[22m | Preparing files to reimport...[39m[0m
[  78% ] [90m[1mreimport[22m | Preparing files to reimport...[39m[0m
[  78% ] [90m[1mreimport[22m | Preparing files to reimport...[39m[0m
[  78% ] [90m[1mreimport[22m | Preparing files to reimport...[39m[0m
[  78% ] [90m[1mreimport[22m | Preparing files to reimport...[39m[0m
[  78% ] [90m[1mreimport[22m | Preparing files to reimport...[39m[0m
[  78% ] [90m[1mreimport[22m | Preparing files to reimport...[39m[0m
[  78% ] [90m[1mreimport[22m | Preparing files to reimport...[39m[0m
[  78% ] [90m[1mreimport[22m | Preparing files to reimport...[39m[0m
[  78% ] [90m[1mreimport[22m | Preparing files to reimport...[39m[0m
[  78% ] [90m[1mreimport[22m | Preparing files to reimport...[39m[0m
[  78% ] [90m[1mreimport[22m | Preparing files to reimport...[39m[0m
[  78% ] [90m[1mreimport[22m | Preparing files to reimport...[39m[0m
[  78% ] [90m[1mreimport[22m | Preparing files to reimport...[39m[0m
[  78% ] [90m[1mreimport[22m | Preparing files to reimport...[39m[0m
[  78% ] [90m[1mreimport[22m | Preparing files to reimport...[39m[0m
[  78% ] [90m[1mreimport[22m | Preparing files to reimport...[39m[0m
[  78% ] [90m[1mreimport[22m | Preparing files to reimport...[39m[0m
[  78% ] [90m[1mreimport[22m | Preparing files to reimport...[39m[0m
[  78% ] [90m[1mreimport[22m | Preparing files to reimport...[39m[0m
[  78% ] [90m[1mreimport[22m | Preparing files to reimport...[39m[0m
[  78% ] [90m[1mreimport[22m | Preparing files to reimport...[39m[0m
[  78% ] [90m[1mreimport[22m | Preparing files to reimport...[39m[0m
[  79% ] [90m[1mreimport[22m | Preparing files to reimport...[39m[0m
[  79% ] [90m[1mreimport[22m | Preparing files to reimport...[39m[0m
[  79% ] [90m[1mreimport[22m | Preparing files to reimport...[39m[0m
[  79% ] [90m[1mreimport[22m | Preparing files to reimport...[39m[0m
[  79% ] [90m[1mreimport[22m | Preparing files to reimport...[39m[0m
[  79% ] [90m[1mreimport[22m | Preparing files to reimport...[39m[0m
[  79% ] [90m[1mreimport[22m | Preparing files to reimport...[39m[0m
[  79% ] [90m[1mreimport[22m | Preparing files to reimport...[39m[0m
[  79% ] [90m[1mreimport[22m | Preparing files to reimport...[39m[0m
[  79% ] [90m[1mreimport[22m | Preparing files to reimport...[39m[0m
[  79% ] [90m[1mreimport[22m | Preparing files to reimport...[39m[0m
[  79% ] [90m[1mreimport[22m | Preparing files to reimport...[39m[0m
[  79% ] [90m[1mreimport[22m | Preparing files to reimport...[39m[0m
[  79% ] [90m[1mreimport[22m | Preparing files to reimport...[39m[0m
[  79% ] [90m[1mreimport[22m | Preparing files to reimport...[39m[0m
[  79% ] [90m[1mreimport[22m | Preparing files to reimport...[39m[0m
[  79% ] [90m[1mreimport[22m | Preparing files to reimport...[39m[0m
[  79% ] [90m[1mreimport[22m | Preparing files to reimport...[39m[0m
[  79% ] [90m[1mreimport[22m | Preparing files to reimport...[39m[0m
[  79% ] [90m[1mreimport[22m | Preparing files to reimport...[39m[0m
[  79% ] [90m[1mreimport[22m | Preparing files to reimport...[39m[0m
[  79% ] [90m[1mreimport[22m | Preparing files to reimport...[39m[0m
[  79% ] [90m[1mreimport[22m | Preparing files to reimport...[39m[0m
[  79% ] [90m[1mreimport[22m | Preparing files to reimport...[39m[0m
[  80% ] [90m[1mreimport[22m | Preparing files to reimport...[39m[0m
[  80% ] [90m[1mreimport[22m | Preparing files to reimport...[39m[0m
[  80% ] [90m[1mreimport[22m | Preparing files to reimport...[39m[0m
[  80% ] [90m[1mreimport[22m | Preparing files to reimport...[39m[0m
[  80% ] [90m[1mreimport[22m | Preparing files to reimport...[39m[0m
[  80% ] [90m[1mreimport[22m | Preparing files to reimport...[39m[0m
[  80% ] [90m[1mreimport[22m | Preparing files to reimport...[39m[0m
[  80% ] [90m[1mreimport[22m | Preparing files to reimport...[39m[0m
[  80% ] [90m[1mreimport[22m | Preparing files to reimport...[39m[0m
[  80% ] [90m[1mreimport[22m | Preparing files to reimport...[39m[0m
[  80% ] [90m[1mreimport[22m | Preparing files to reimport...[39m[0m
[  80% ] [90m[1mreimport[22m | Preparing files to reimport...[39m[0m
[  80% ] [90m[1mreimport[22m | Preparing files to reimport...[39m[0m
[  80% ] [90m[1mreimport[22m | Preparing files to reimport...[39m[0m
[  80% ] [90m[1mreimport[22m | Preparing files to reimport...[39m[0m
[  80% ] [90m[1mreimport[22m | Preparing files to reimport...[39m[0m
[  80% ] [90m[1mreimport[22m | Preparing files to reimport...[39m[0m
[  80% ] [90m[1mreimport[22m | Preparing files to reimport...[39m[0m
[  80% ] [90m[1mreimport[22m | Preparing files to reimport...[39m[0m
[  80% ] [90m[1mreimport[22m | Preparing files to reimport...[39m[0m
[  80% ] [90m[1mreimport[22m | Preparing files to reimport...[39m[0m
[  80% ] [90m[1mreimport[22m | Preparing files to reimport...[39m[0m
[  80% ] [90m[1mreimport[22m | Preparing files to reimport...[39m[0m
[  80% ] [90m[1mreimport[22m | Preparing files to reimport...[39m[0m
[  81% ] [90m[1mreimport[22m | Preparing files to reimport...[39m[0m
[  81% ] [90m[1mreimport[22m | Preparing files to reimport...[39m[0m
[  81% ] [90m[1mreimport[22m | Preparing files to reimport...[39m[0m
[  81% ] [90m[1mreimport[22m | Preparing files to reimport...[39m[0m
[  81% ] [90m[1mreimport[22m | Preparing files to reimport...[39m[0m
[  81% ] [90m[1mreimport[22m | Preparing files to reimport...[39m[0m
[  81% ] [90m[1mreimport[22m | Preparing files to reimport...[39m[0m
[  81% ] [90m[1mreimport[22m | Preparing files to reimport...[39m[0m
[  81% ] [90m[1mreimport[22m | Preparing files to reimport...[39m[0m
[  81% ] [90m[1mreimport[22m | Preparing files to reimport...[39m[0m
[  81% ] [90m[1mreimport[22m | Preparing files to reimport...[39m[0m
[  81% ] [90m[1mreimport[22m | Preparing files to reimport...[39m[0m
[  81% ] [90m[1mreimport[22m | Preparing files to reimport...[39m[0m
[  81% ] [90m[1mreimport[22m | Preparing files to reimport...[39m[0m
[  81% ] [90m[1mreimport[22m | Preparing files to reimport...[39m[0m
[  81% ] [90m[1mreimport[22m | Preparing files to reimport...[39m[0m
[  81% ] [90m[1mreimport[22m | Preparing files to reimport...[39m[0m
[  81% ] [90m[1mreimport[22m | Preparing files to reimport...[39m[0m
[  81% ] [90m[1mreimport[22m | Preparing files to reimport...[39m[0m
[  81% ] [90m[1mreimport[22m | Preparing files to reimport...[39m[0m
[  81% ] [90m[1mreimport[22m | Preparing files to reimport...[39m[0m
[  81% ] [90m[1mreimport[22m | Preparing files to reimport...[39m[0m
[  81% ] [90m[1mreimport[22m | Preparing files to reimport...[39m[0m
[  81% ] [90m[1mreimport[22m | Preparing files to reimport...[39m[0m
[  82% ] [90m[1mreimport[22m | Preparing files to reimport...[39m[0m
[  82% ] [90m[1mreimport[22m | Preparing files to reimport...[39m[0m
[  82% ] [90m[1mreimport[22m | Preparing files to reimport...[39m[0m
[  82% ] [90m[1mreimport[22m | Preparing files to reimport...[39m[0m
[  82% ] [90m[1mreimport[22m | Preparing files to reimport...[39m[0m
[  82% ] [90m[1mreimport[22m | Preparing files to reimport...[39m[0m
[  82% ] [90m[1mreimport[22m | Preparing files to reimport...[39m[0m
[  82% ] [90m[1mreimport[22m | Preparing files to reimport...[39m[0m
[  82% ] [90m[1mreimport[22m | Preparing files to reimport...[39m[0m
[  82% ] [90m[1mreimport[22m | Preparing files to reimport...[39m[0m
[  82% ] [90m[1mreimport[22m | Preparing files to reimport...[39m[0m
[  82% ] [90m[1mreimport[22m | Preparing files to reimport...[39m[0m
[  82% ] [90m[1mreimport[22m | Preparing files to reimport...[39m[0m
[  82% ] [90m[1mreimport[22m | Preparing files to reimport...[39m[0m
[  82% ] [90m[1mreimport[22m | Preparing files to reimport...[39m[0m
[  82% ] [90m[1mreimport[22m | Preparing files to reimport...[39m[0m
[  82% ] [90m[1mreimport[22m | Preparing files to reimport...[39m[0m
[  82% ] [90m[1mreimport[22m | Preparing files to reimport...[39m[0m
[  82% ] [90m[1mreimport[22m | Preparing files to reimport...[39m[0m
[  82% ] [90m[1mreimport[22m | Preparing files to reimport...[39m[0m
[  82% ] [90m[1mreimport[22m | Preparing files to reimport...[39m[0m
[  82% ] [90m[1mreimport[22m | Preparing files to reimport...[39m[0m
[  82% ] [90m[1mreimport[22m | Preparing files to reimport...[39m[0m
[  82% ] [90m[1mreimport[22m | Preparing files to reimport...[39m[0m
[  83% ] [90m[1mreimport[22m | Preparing files to reimport...[39m[0m
[  83% ] [90m[1mreimport[22m | Preparing files to reimport...[39m[0m
[  83% ] [90m[1mreimport[22m | Preparing files to reimport...[39m[0m
[  83% ] [90m[1mreimport[22m | Preparing files to reimport...[39m[0m
[  83% ] [90m[1mreimport[22m | Preparing files to reimport...[39m[0m
[  83% ] [90m[1mreimport[22m | Preparing files to reimport...[39m[0m
[  83% ] [90m[1mreimport[22m | Preparing files to reimport...[39m[0m
[  83% ] [90m[1mreimport[22m | Preparing files to reimport...[39m[0m
[  83% ] [90m[1mreimport[22m | Preparing files to reimport...[39m[0m
[  83% ] [90m[1mreimport[22m | Preparing files to reimport...[39m[0m
[  83% ] [90m[1mreimport[22m | Preparing files to reimport...[39m[0m
[  83% ] [90m[1mreimport[22m | Preparing files to reimport...[39m[0m
[  83% ] [90m[1mreimport[22m | Preparing files to reimport...[39m[0m
[  83% ] [90m[1mreimport[22m | Preparing files to reimport...[39m[0m
[  83% ] [90m[1mreimport[22m | Preparing files to reimport...[39m[0m
[  83% ] [90m[1mreimport[22m | Preparing files to reimport...[39m[0m
[  83% ] [90m[1mreimport[22m | Preparing files to reimport...[39m[0m
[  83% ] [90m[1mreimport[22m | Preparing files to reimport...[39m[0m
[  83% ] [90m[1mreimport[22m | Preparing files to reimport...[39m[0m
[  83% ] [90m[1mreimport[22m | Preparing files to reimport...[39m[0m
[  83% ] [90m[1mreimport[22m | Preparing files to reimport...[39m[0m
[  83% ] [90m[1mreimport[22m | Preparing files to reimport...[39m[0m
[  83% ] [90m[1mreimport[22m | Preparing files to reimport...[39m[0m
[  84% ] [90m[1mreimport[22m | Preparing files to reimport...[39m[0m
[  84% ] [90m[1mreimport[22m | Preparing files to reimport...[39m[0m
[  84% ] [90m[1mreimport[22m | Preparing files to reimport...[39m[0m
[  84% ] [90m[1mreimport[22m | Preparing files to reimport...[39m[0m
[  84% ] [90m[1mreimport[22m | Preparing files to reimport...[39m[0m
[  84% ] [90m[1mreimport[22m | Preparing files to reimport...[39m[0m
[  84% ] [90m[1mreimport[22m | Preparing files to reimport...[39m[0m
[  84% ] [90m[1mreimport[22m | Preparing files to reimport...[39m[0m
[  84% ] [90m[1mreimport[22m | Preparing files to reimport...[39m[0m
[  84% ] [90m[1mreimport[22m | Preparing files to reimport...[39m[0m
[  84% ] [90m[1mreimport[22m | Preparing files to reimport...[39m[0m
[  84% ] [90m[1mreimport[22m | Preparing files to reimport...[39m[0m
[  84% ] [90m[1mreimport[22m | Preparing files to reimport...[39m[0m
[  84% ] [90m[1mreimport[22m | Preparing files to reimport...[39m[0m
[  84% ] [90m[1mreimport[22m | Preparing files to reimport...[39m[0m
[  84% ] [90m[1mreimport[22m | Preparing files to reimport...[39m[0m
[  84% ] [90m[1mreimport[22m | Preparing files to reimport...[39m[0m
[  84% ] [90m[1mreimport[22m | Preparing files to reimport...[39m[0m
[  84% ] [90m[1mreimport[22m | Preparing files to reimport...[39m[0m
[  84% ] [90m[1mreimport[22m | Preparing files to reimport...[39m[0m
[  84% ] [90m[1mreimport[22m | Preparing files to reimport...[39m[0m
[  84% ] [90m[1mreimport[22m | Preparing files to reimport...[39m[0m
[  84% ] [90m[1mreimport[22m | Preparing files to reimport...[39m[0m
[  84% ] [90m[1mreimport[22m | Preparing files to reimport...[39m[0m
[  85% ] [90m[1mreimport[22m | Preparing files to reimport...[39m[0m
[  85% ] [90m[1mreimport[22m | Preparing files to reimport...[39m[0m
[  85% ] [90m[1mreimport[22m | Preparing files to reimport...[39m[0m
[  85% ] [90m[1mreimport[22m | Preparing files to reimport...[39m[0m
[  85% ] [90m[1mreimport[22m | Preparing files to reimport...[39m[0m
[  85% ] [90m[1mreimport[22m | Preparing files to reimport...[39m[0m
[  85% ] [90m[1mreimport[22m | Preparing files to reimport...[39m[0m
[  85% ] [90m[1mreimport[22m | Preparing files to reimport...[39m[0m
[  85% ] [90m[1mreimport[22m | Preparing files to reimport...[39m[0m
[  85% ] [90m[1mreimport[22m | Preparing files to reimport...[39m[0m
[  85% ] [90m[1mreimport[22m | Preparing files to reimport...[39m[0m
[  85% ] [90m[1mreimport[22m | Preparing files to reimport...[39m[0m
[  85% ] [90m[1mreimport[22m | Preparing files to reimport...[39m[0m
[  85% ] [90m[1mreimport[22m | Preparing files to reimport...[39m[0m
[  85% ] [90m[1mreimport[22m | Preparing files to reimport...[39m[0m
[  85% ] [90m[1mreimport[22m | Preparing files to reimport...[39m[0m
[  85% ] [90m[1mreimport[22m | Preparing files to reimport...[39m[0m
[  85% ] [90m[1mreimport[22m | Preparing files to reimport...[39m[0m
[  85% ] [90m[1mreimport[22m | Preparing files to reimport...[39m[0m
[  85% ] [90m[1mreimport[22m | Preparing files to reimport...[39m[0m
[  85% ] [90m[1mreimport[22m | Preparing files to reimport...[39m[0m
[  85% ] [90m[1mreimport[22m | Preparing files to reimport...[39m[0m
[  85% ] [90m[1mreimport[22m | Preparing files to reimport...[39m[0m
[  85% ] [90m[1mreimport[22m | Preparing files to reimport...[39m[0m
[  86% ] [90m[1mreimport[22m | Preparing files to reimport...[39m[0m
[  86% ] [90m[1mreimport[22m | Preparing files to reimport...[39m[0m
[  86% ] [90m[1mreimport[22m | Preparing files to reimport...[39m[0m
[  86% ] [90m[1mreimport[22m | Preparing files to reimport...[39m[0m
[  86% ] [90m[1mreimport[22m | Preparing files to reimport...[39m[0m
[  86% ] [90m[1mreimport[22m | Preparing files to reimport...[39m[0m
[  86% ] [90m[1mreimport[22m | Preparing files to reimport...[39m[0m
[  86% ] [90m[1mreimport[22m | Preparing files to reimport...[39m[0m
[  86% ] [90m[1mreimport[22m | Preparing files to reimport...[39m[0m
[  86% ] [90m[1mreimport[22m | Preparing files to reimport...[39m[0m
[  86% ] [90m[1mreimport[22m | Preparing files to reimport...[39m[0m
[  86% ] [90m[1mreimport[22m | Preparing files to reimport...[39m[0m
[  86% ] [90m[1mreimport[22m | Preparing files to reimport...[39m[0m
[  86% ] [90m[1mreimport[22m | Preparing files to reimport...[39m[0m
[  86% ] [90m[1mreimport[22m | Preparing files to reimport...[39m[0m
[  86% ] [90m[1mreimport[22m | Preparing files to reimport...[39m[0m
[  86% ] [90m[1mreimport[22m | Preparing files to reimport...[39m[0m
[  86% ] [90m[1mreimport[22m | Preparing files to reimport...[39m[0m
[  86% ] [90m[1mreimport[22m | Preparing files to reimport...[39m[0m
[  86% ] [90m[1mreimport[22m | Preparing files to reimport...[39m[0m
[  86% ] [90m[1mreimport[22m | Preparing files to reimport...[39m[0m
[  86% ] [90m[1mreimport[22m | Preparing files to reimport...[39m[0m
[  86% ] [90m[1mreimport[22m | Preparing files to reimport...[39m[0m
[  86% ] [90m[1mreimport[22m | Preparing files to reimport...[39m[0m
[  87% ] [90m[1mreimport[22m | Preparing files to reimport...[39m[0m
[  87% ] [90m[1mreimport[22m | Preparing files to reimport...[39m[0m
[  87% ] [90m[1mreimport[22m | Preparing files to reimport...[39m[0m
[  87% ] [90m[1mreimport[22m | Preparing files to reimport...[39m[0m
[  87% ] [90m[1mreimport[22m | Preparing files to reimport...[39m[0m
[  87% ] [90m[1mreimport[22m | Preparing files to reimport...[39m[0m
[  87% ] [90m[1mreimport[22m | Preparing files to reimport...[39m[0m
[  87% ] [90m[1mreimport[22m | Preparing files to reimport...[39m[0m
[  87% ] [90m[1mreimport[22m | Preparing files to reimport...[39m[0m
[  87% ] [90m[1mreimport[22m | Preparing files to reimport...[39m[0m
[  87% ] [90m[1mreimport[22m | Preparing files to reimport...[39m[0m
[  87% ] [90m[1mreimport[22m | Preparing files to reimport...[39m[0m
[  87% ] [90m[1mreimport[22m | Preparing files to reimport...[39m[0m
[  87% ] [90m[1mreimport[22m | Preparing files to reimport...[39m[0m
[  87% ] [90m[1mreimport[22m | Preparing files to reimport...[39m[0m
[  87% ] [90m[1mreimport[22m | Preparing files to reimport...[39m[0m
[  87% ] [90m[1mreimport[22m | Preparing files to reimport...[39m[0m
[  87% ] [90m[1mreimport[22m | Preparing files to reimport...[39m[0m
[  87% ] [90m[1mreimport[22m | Preparing files to reimport...[39m[0m
[  87% ] [90m[1mreimport[22m | Preparing files to reimport...[39m[0m
[  87% ] [90m[1mreimport[22m | Preparing files to reimport...[39m[0m
[  87% ] [90m[1mreimport[22m | Preparing files to reimport...[39m[0m
[  87% ] [90m[1mreimport[22m | Preparing files to reimport...[39m[0m
[  87% ] [90m[1mreimport[22m | Preparing files to reimport...[39m[0m
[  88% ] [90m[1mreimport[22m | Preparing files to reimport...[39m[0m
[  88% ] [90m[1mreimport[22m | Preparing files to reimport...[39m[0m
[  88% ] [90m[1mreimport[22m | Preparing files to reimport...[39m[0m
[  88% ] [90m[1mreimport[22m | Preparing files to reimport...[39m[0m
[  88% ] [90m[1mreimport[22m | Preparing files to reimport...[39m[0m
[  88% ] [90m[1mreimport[22m | Preparing files to reimport...[39m[0m
[  88% ] [90m[1mreimport[22m | Preparing files to reimport...[39m[0m
[  88% ] [90m[1mreimport[22m | Preparing files to reimport...[39m[0m
[  88% ] [90m[1mreimport[22m | Preparing files to reimport...[39m[0m
[  88% ] [90m[1mreimport[22m | Preparing files to reimport...[39m[0m
[  88% ] [90m[1mreimport[22m | Preparing files to reimport...[39m[0m
[  88% ] [90m[1mreimport[22m | Preparing files to reimport...[39m[0m
[  88% ] [90m[1mreimport[22m | Preparing files to reimport...[39m[0m
[  88% ] [90m[1mreimport[22m | Preparing files to reimport...[39m[0m
[  88% ] [90m[1mreimport[22m | Preparing files to reimport...[39m[0m
[  88% ] [90m[1mreimport[22m | Preparing files to reimport...[39m[0m
[  88% ] [90m[1mreimport[22m | Preparing files to reimport...[39m[0m
[  88% ] [90m[1mreimport[22m | Preparing files to reimport...[39m[0m
[  88% ] [90m[1mreimport[22m | Preparing files to reimport...[39m[0m
[  88% ] [90m[1mreimport[22m | Preparing files to reimport...[39m[0m
[  88% ] [90m[1mreimport[22m | Preparing files to reimport...[39m[0m
[  88% ] [90m[1mreimport[22m | Preparing files to reimport...[39m[0m
[  88% ] [90m[1mreimport[22m | Preparing files to reimport...[39m[0m
[  88% ] [90m[1mreimport[22m | Preparing files to reimport...[39m[0m
[  89% ] [90m[1mreimport[22m | Preparing files to reimport...[39m[0m
[  89% ] [90m[1mreimport[22m | Preparing files to reimport...[39m[0m
[  89% ] [90m[1mreimport[22m | Preparing files to reimport...[39m[0m
[  89% ] [90m[1mreimport[22m | Preparing files to reimport...[39m[0m
[  89% ] [90m[1mreimport[22m | Preparing files to reimport...[39m[0m
[  89% ] [90m[1mreimport[22m | Preparing files to reimport...[39m[0m
[  89% ] [90m[1mreimport[22m | Preparing files to reimport...[39m[0m
[  89% ] [90m[1mreimport[22m | Preparing files to reimport...[39m[0m
[  89% ] [90m[1mreimport[22m | Preparing files to reimport...[39m[0m
[  89% ] [90m[1mreimport[22m | Preparing files to reimport...[39m[0m
[  89% ] [90m[1mreimport[22m | Preparing files to reimport...[39m[0m
[  89% ] [90m[1mreimport[22m | Preparing files to reimport...[39m[0m
[  89% ] [90m[1mreimport[22m | Preparing files to reimport...[39m[0m
[  89% ] [90m[1mreimport[22m | Preparing files to reimport...[39m[0m
[  89% ] [90m[1mreimport[22m | Preparing files to reimport...[39m[0m
[  89% ] [90m[1mreimport[22m | Preparing files to reimport...[39m[0m
[  89% ] [90m[1mreimport[22m | Preparing files to reimport...[39m[0m
[  89% ] [90m[1mreimport[22m | Preparing files to reimport...[39m[0m
[  89% ] [90m[1mreimport[22m | Preparing files to reimport...[39m[0m
[  89% ] [90m[1mreimport[22m | Preparing files to reimport...[39m[0m
[  89% ] [90m[1mreimport[22m | Preparing files to reimport...[39m[0m
[  89% ] [90m[1mreimport[22m | Preparing files to reimport...[39m[0m
[  89% ] [90m[1mreimport[22m | Preparing files to reimport...[39m[0m
[  89% ] [90m[1mreimport[22m | Preparing files to reimport...[39m[0m
[  90% ] [90m[1mreimport[22m | Preparing files to reimport...[39m[0m
[  90% ] [90m[1mreimport[22m | Preparing files to reimport...[39m[0m
[  90% ] [90m[1mreimport[22m | Preparing files to reimport...[39m[0m
[  90% ] [90m[1mreimport[22m | Preparing files to reimport...[39m[0m
[  90% ] [90m[1mreimport[22m | Preparing files to reimport...[39m[0m
[  90% ] [90m[1mreimport[22m | Preparing files to reimport...[39m[0m
[  90% ] [90m[1mreimport[22m | Preparing files to reimport...[39m[0m
[  90% ] [90m[1mreimport[22m | Preparing files to reimport...[39m[0m
[  90% ] [90m[1mreimport[22m | Preparing files to reimport...[39m[0m
[  90% ] [90m[1mreimport[22m | Preparing files to reimport...[39m[0m
[  90% ] [90m[1mreimport[22m | Preparing files to reimport...[39m[0m
[  90% ] [90m[1mreimport[22m | Preparing files to reimport...[39m[0m
[  90% ] [90m[1mreimport[22m | Preparing files to reimport...[39m[0m
[  90% ] [90m[1mreimport[22m | Preparing files to reimport...[39m[0m
[  90% ] [90m[1mreimport[22m | Preparing files to reimport...[39m[0m
[  90% ] [90m[1mreimport[22m | Preparing files to reimport...[39m[0m
[  90% ] [90m[1mreimport[22m | Preparing files to reimport...[39m[0m
[  90% ] [90m[1mreimport[22m | Preparing files to reimport...[39m[0m
[  90% ] [90m[1mreimport[22m | Preparing files to reimport...[39m[0m
[  90% ] [90m[1mreimport[22m | Preparing files to reimport...[39m[0m
[  90% ] [90m[1mreimport[22m | Preparing files to reimport...[39m[0m
[  90% ] [90m[1mreimport[22m | Preparing files to reimport...[39m[0m
[  90% ] [90m[1mreimport[22m | Preparing files to reimport...[39m[0m
[  90% ] [90m[1mreimport[22m | Preparing files to reimport...[39m[0m
[  91% ] [90m[1mreimport[22m | Preparing files to reimport...[39m[0m
[  91% ] [90m[1mreimport[22m | Preparing files to reimport...[39m[0m
[  91% ] [90m[1mreimport[22m | Preparing files to reimport...[39m[0m
[  91% ] [90m[1mreimport[22m | Preparing files to reimport...[39m[0m
[  91% ] [90m[1mreimport[22m | Preparing files to reimport...[39m[0m
[  91% ] [90m[1mreimport[22m | Preparing files to reimport...[39m[0m
[  91% ] [90m[1mreimport[22m | Preparing files to reimport...[39m[0m
[  91% ] [90m[1mreimport[22m | Preparing files to reimport...[39m[0m
[  91% ] [90m[1mreimport[22m | Preparing files to reimport...[39m[0m
[  91% ] [90m[1mreimport[22m | Preparing files to reimport...[39m[0m
[  91% ] [90m[1mreimport[22m | Preparing files to reimport...[39m[0m
[  91% ] [90m[1mreimport[22m | Preparing files to reimport...[39m[0m
[  91% ] [90m[1mreimport[22m | Preparing files to reimport...[39m[0m
[  91% ] [90m[1mreimport[22m | Preparing files to reimport...[39m[0m
[  91% ] [90m[1mreimport[22m | Preparing files to reimport...[39m[0m
[  91% ] [90m[1mreimport[22m | Preparing files to reimport...[39m[0m
[  91% ] [90m[1mreimport[22m | Preparing files to reimport...[39m[0m
[  91% ] [90m[1mreimport[22m | Preparing files to reimport...[39m[0m
[  91% ] [90m[1mreimport[22m | Preparing files to reimport...[39m[0m
[  91% ] [90m[1mreimport[22m | Preparing files to reimport...[39m[0m
[  91% ] [90m[1mreimport[22m | Preparing files to reimport...[39m[0m
[  91% ] [90m[1mreimport[22m | Preparing files to reimport...[39m[0m
[  91% ] [90m[1mreimport[22m | Preparing files to reimport...[39m[0m
[  92% ] [90m[1mreimport[22m | Preparing files to reimport...[39m[0m
[  92% ] [90m[1mreimport[22m | Preparing files to reimport...[39m[0m
[  92% ] [90m[1mreimport[22m | Preparing files to reimport...[39m[0m
[  92% ] [90m[1mreimport[22m | Preparing files to reimport...[39m[0m
[  92% ] [90m[1mreimport[22m | Preparing files to reimport...[39m[0m
[  92% ] [90m[1mreimport[22m | Preparing files to reimport...[39m[0m
[  92% ] [90m[1mreimport[22m | Preparing files to reimport...[39m[0m
[  92% ] [90m[1mreimport[22m | Preparing files to reimport...[39m[0m
[  92% ] [90m[1mreimport[22m | Preparing files to reimport...[39m[0m
[  92% ] [90m[1mreimport[22m | Preparing files to reimport...[39m[0m
[  92% ] [90m[1mreimport[22m | Preparing files to reimport...[39m[0m
[  92% ] [90m[1mreimport[22m | Preparing files to reimport...[39m[0m
[  92% ] [90m[1mreimport[22m | Preparing files to reimport...[39m[0m
[  92% ] [90m[1mreimport[22m | Preparing files to reimport...[39m[0m
[  92% ] [90m[1mreimport[22m | Preparing files to reimport...[39m[0m
[  92% ] [90m[1mreimport[22m | Preparing files to reimport...[39m[0m
[  92% ] [90m[1mreimport[22m | Preparing files to reimport...[39m[0m
[  92% ] [90m[1mreimport[22m | Preparing files to reimport...[39m[0m
[  92% ] [90m[1mreimport[22m | Preparing files to reimport...[39m[0m
[  92% ] [90m[1mreimport[22m | Preparing files to reimport...[39m[0m
[  92% ] [90m[1mreimport[22m | Preparing files to reimport...[39m[0m
[  92% ] [90m[1mreimport[22m | Preparing files to reimport...[39m[0m
[  92% ] [90m[1mreimport[22m | Preparing files to reimport...[39m[0m
[  92% ] [90m[1mreimport[22m | Preparing files to reimport...[39m[0m
[  93% ] [90m[1mreimport[22m | Preparing files to reimport...[39m[0m
[  93% ] [90m[1mreimport[22m | Preparing files to reimport...[39m[0m
[  93% ] [90m[1mreimport[22m | Preparing files to reimport...[39m[0m
[  93% ] [90m[1mreimport[22m | Preparing files to reimport...[39m[0m
[  93% ] [90m[1mreimport[22m | Preparing files to reimport...[39m[0m
[  93% ] [90m[1mreimport[22m | Preparing files to reimport...[39m[0m
[  93% ] [90m[1mreimport[22m | Preparing files to reimport...[39m[0m
[  93% ] [90m[1mreimport[22m | Preparing files to reimport...[39m[0m
[  93% ] [90m[1mreimport[22m | Preparing files to reimport...[39m[0m
[  93% ] [90m[1mreimport[22m | Preparing files to reimport...[39m[0m
[  93% ] [90m[1mreimport[22m | Preparing files to reimport...[39m[0m
[  93% ] [90m[1mreimport[22m | Preparing files to reimport...[39m[0m
[  93% ] [90m[1mreimport[22m | Preparing files to reimport...[39m[0m
[  93% ] [90m[1mreimport[22m | Preparing files to reimport...[39m[0m
[  93% ] [90m[1mreimport[22m | Preparing files to reimport...[39m[0m
[  93% ] [90m[1mreimport[22m | Preparing files to reimport...[39m[0m
[  93% ] [90m[1mreimport[22m | Preparing files to reimport...[39m[0m
[  93% ] [90m[1mreimport[22m | Preparing files to reimport...[39m[0m
[  93% ] [90m[1mreimport[22m | Preparing files to reimport...[39m[0m
[  93% ] [90m[1mreimport[22m | Preparing files to reimport...[39m[0m
[  93% ] [90m[1mreimport[22m | Preparing files to reimport...[39m[0m
[  93% ] [90m[1mreimport[22m | Preparing files to reimport...[39m[0m
[  93% ] [90m[1mreimport[22m | Preparing files to reimport...[39m[0m
[  93% ] [90m[1mreimport[22m | Preparing files to reimport...[39m[0m
[  94% ] [90m[1mreimport[22m | Preparing files to reimport...[39m[0m
[  94% ] [90m[1mreimport[22m | Preparing files to reimport...[39m[0m
[  94% ] [90m[1mreimport[22m | Preparing files to reimport...[39m[0m
[  94% ] [90m[1mreimport[22m | Preparing files to reimport...[39m[0m
[  94% ] [90m[1mreimport[22m | Preparing files to reimport...[39m[0m
[  94% ] [90m[1mreimport[22m | Preparing files to reimport...[39m[0m
[  94% ] [90m[1mreimport[22m | Preparing files to reimport...[39m[0m
[  94% ] [90m[1mreimport[22m | Preparing files to reimport...[39m[0m
[  94% ] [90m[1mreimport[22m | Preparing files to reimport...[39m[0m
[  94% ] [90m[1mreimport[22m | Preparing files to reimport...[39m[0m
[  94% ] [90m[1mreimport[22m | Preparing files to reimport...[39m[0m
[  94% ] [90m[1mreimport[22m | Preparing files to reimport...[39m[0m
[  94% ] [90m[1mreimport[22m | Preparing files to reimport...[39m[0m
[  94% ] [90m[1mreimport[22m | Preparing files to reimport...[39m[0m
[  94% ] [90m[1mreimport[22m | Preparing files to reimport...[39m[0m
[  94% ] [90m[1mreimport[22m | Preparing files to reimport...[39m[0m
[  94% ] [90m[1mreimport[22m | Preparing files to reimport...[39m[0m
[  94% ] [90m[1mreimport[22m | Preparing files to reimport...[39m[0m
[  94% ] [90m[1mreimport[22m | Preparing files to reimport...[39m[0m
[  94% ] [90m[1mreimport[22m | Preparing files to reimport...[39m[0m
[  94% ] [90m[1mreimport[22m | Preparing files to reimport...[39m[0m
[  94% ] [90m[1mreimport[22m | Preparing files to reimport...[39m[0m
[  94% ] [90m[1mreimport[22m | Preparing files to reimport...[39m[0m
[  94% ] [90m[1mreimport[22m | Preparing files to reimport...[39m[0m
[  95% ] [90m[1mreimport[22m | Preparing files to reimport...[39m[0m
[  95% ] [90m[1mreimport[22m | Preparing files to reimport...[39m[0m
[  95% ] [90m[1mreimport[22m | Preparing files to reimport...[39m[0m
[  95% ] [90m[1mreimport[22m | Preparing files to reimport...[39m[0m
[  95% ] [90m[1mreimport[22m | Preparing files to reimport...[39m[0m
[  95% ] [90m[1mreimport[22m | Preparing files to reimport...[39m[0m
[  95% ] [90m[1mreimport[22m | Preparing files to reimport...[39m[0m
[  95% ] [90m[1mreimport[22m | Preparing files to reimport...[39m[0m
[  95% ] [90m[1mreimport[22m | Preparing files to reimport...[39m[0m
[  95% ] [90m[1mreimport[22m | Preparing files to reimport...[39m[0m
[  95% ] [90m[1mreimport[22m | Preparing files to reimport...[39m[0m
[  95% ] [90m[1mreimport[22m | Preparing files to reimport...[39m[0m
[  95% ] [90m[1mreimport[22m | Preparing files to reimport...[39m[0m
[  95% ] [90m[1mreimport[22m | Preparing files to reimport...[39m[0m
[  95% ] [90m[1mreimport[22m | Preparing files to reimport...[39m[0m
[  95% ] [90m[1mreimport[22m | Preparing files to reimport...[39m[0m
[  95% ] [90m[1mreimport[22m | Preparing files to reimport...[39m[0m
[  95% ] [90m[1mreimport[22m | Preparing files to reimport...[39m[0m
[  95% ] [90m[1mreimport[22m | Preparing files to reimport...[39m[0m
[  95% ] [90m[1mreimport[22m | Preparing files to reimport...[39m[0m
[  95% ] [90m[1mreimport[22m | Preparing files to reimport...[39m[0m
[  95% ] [90m[1mreimport[22m | Preparing files to reimport...[39m[0m
[  95% ] [90m[1mreimport[22m | Preparing files to reimport...[39m[0m
[  95% ] [90m[1mreimport[22m | Preparing files to reimport...[39m[0m
[  96% ] [90m[1mreimport[22m | Preparing files to reimport...[39m[0m
[  96% ] [90m[1mreimport[22m | Preparing files to reimport...[39m[0m
[  96% ] [90m[1mreimport[22m | Preparing files to reimport...[39m[0m
[  96% ] [90m[1mreimport[22m | Preparing files to reimport...[39m[0m
[  96% ] [90m[1mreimport[22m | Preparing files to reimport...[39m[0m
[  96% ] [90m[1mreimport[22m | Preparing files to reimport...[39m[0m
[  96% ] [90m[1mreimport[22m | Preparing files to reimport...[39m[0m
[  96% ] [90m[1mreimport[22m | Preparing files to reimport...[39m[0m
[  96% ] [90m[1mreimport[22m | Preparing files to reimport...[39m[0m
[  96% ] [90m[1mreimport[22m | Preparing files to reimport...[39m[0m
[  96% ] [90m[1mreimport[22m | Preparing files to reimport...[39m[0m
[  96% ] [90m[1mreimport[22m | Preparing files to reimport...[39m[0m
[  96% ] [90m[1mreimport[22m | Preparing files to reimport...[39m[0m
[  96% ] [90m[1mreimport[22m | Preparing files to reimport...[39m[0m
[  96% ] [90m[1mreimport[22m | Preparing files to reimport...[39m[0m
[  96% ] [90m[1mreimport[22m | Preparing files to reimport...[39m[0m
[  96% ] [90m[1mreimport[22m | Preparing files to reimport...[39m[0m
[  96% ] [90m[1mreimport[22m | Preparing files to reimport...[39m[0m
[  96% ] [90m[1mreimport[22m | Preparing files to reimport...[39m[0m
[  96% ] [90m[1mreimport[22m | Preparing files to reimport...[39m[0m
[  96% ] [90m[1mreimport[22m | Preparing files to reimport...[39m[0m
[  96% ] [90m[1mreimport[22m | Preparing files to reimport...[39m[0m
[  96% ] [90m[1mreimport[22m | Preparing files to reimport...[39m[0m
[  96% ] [90m[1mreimport[22m | Preparing files to reimport...[39m[0m
[  97% ] [90m[1mreimport[22m | Preparing files to reimport...[39m[0m
[  97% ] [90m[1mreimport[22m | Preparing files to reimport...[39m[0m
[  97% ] [90m[1mreimport[22m | Preparing files to reimport...[39m[0m
[  97% ] [90m[1mreimport[22m | Preparing files to reimport...[39m[0m
[  97% ] [90m[1mreimport[22m | Preparing files to reimport...[39m[0m
[  97% ] [90m[1mreimport[22m | Preparing files to reimport...[39m[0m
[  97% ] [90m[1mreimport[22m | Preparing files to reimport...[39m[0m
[  97% ] [90m[1mreimport[22m | Preparing files to reimport...[39m[0m
[  97% ] [90m[1mreimport[22m | Preparing files to reimport...[39m[0m
[  97% ] [90m[1mreimport[22m | Preparing files to reimport...[39m[0m
[  97% ] [90m[1mreimport[22m | Preparing files to reimport...[39m[0m
[  97% ] [90m[1mreimport[22m | Preparing files to reimport...[39m[0m
[  97% ] [90m[1mreimport[22m | Preparing files to reimport...[39m[0m
[  97% ] [90m[1mreimport[22m | Preparing files to reimport...[39m[0m
[  97% ] [90m[1mreimport[22m | Preparing files to reimport...[39m[0m
[  97% ] [90m[1mreimport[22m | Preparing files to reimport...[39m[0m
[  97% ] [90m[1mreimport[22m | Preparing files to reimport...[39m[0m
[  97% ] [90m[1mreimport[22m | Preparing files to reimport...[39m[0m
[  97% ] [90m[1mreimport[22m | Preparing files to reimport...[39m[0m
[  97% ] [90m[1mreimport[22m | Preparing files to reimport...[39m[0m
[  97% ] [90m[1mreimport[22m | Preparing files to reimport...[39m[0m
[  97% ] [90m[1mreimport[22m | Preparing files to reimport...[39m[0m
[  97% ] [90m[1mreimport[22m | Preparing files to reimport...[39m[0m
[  97% ] [90m[1mreimport[22m | Preparing files to reimport...[39m[0m
[  98% ] [90m[1mreimport[22m | Preparing files to reimport...[39m[0m
[  98% ] [90m[1mreimport[22m | Preparing files to reimport...[39m[0m
[  98% ] [90m[1mreimport[22m | Preparing files to reimport...[39m[0m
[  98% ] [90m[1mreimport[22m | Preparing files to reimport...[39m[0m
[  98% ] [90m[1mreimport[22m | Preparing files to reimport...[39m[0m
[  98% ] [90m[1mreimport[22m | Preparing files to reimport...[39m[0m
[  98% ] [90m[1mreimport[22m | Preparing files to reimport...[39m[0m
[  98% ] [90m[1mreimport[22m | Preparing files to reimport...[39m[0m
[  98% ] [90m[1mreimport[22m | Preparing files to reimport...[39m[0m
[  98% ] [90m[1mreimport[22m | Preparing files to reimport...[39m[0m
[  98% ] [90m[1mreimport[22m | Preparing files to reimport...[39m[0m
[  98% ] [90m[1mreimport[22m | Preparing files to reimport...[39m[0m
[  98% ] [90m[1mreimport[22m | Preparing files to reimport...[39m[0m
[  98% ] [90m[1mreimport[22m | Preparing files to reimport...[39m[0m
[  98% ] [90m[1mreimport[22m | Preparing files to reimport...[39m[0m
[  98% ] [90m[1mreimport[22m | Preparing files to reimport...[39m[0m
[  98% ] [90m[1mreimport[22m | Preparing files to reimport...[39m[0m
[  98% ] [90m[1mreimport[22m | Preparing files to reimport...[39m[0m
[  98% ] [90m[1mreimport[22m | Preparing files to reimport...[39m[0m
[  98% ] [90m[1mreimport[22m | Preparing files to reimport...[39m[0m
[  98% ] [90m[1mreimport[22m | Preparing files to reimport...[39m[0m
[  98% ] [90m[1mreimport[22m | Preparing files to reimport...[39m[0m
[  98% ] [90m[1mreimport[22m | Preparing files to reimport...[39m[0m
[  98% ] [90m[1mreimport[22m | Preparing files to reimport...[39m[0m
[  99% ] [90m[1mreimport[22m | Preparing files to reimport...[39m[0m
[  99% ] [90m[1mreimport[22m | Preparing files to reimport...[39m[0m
[  99% ] [90m[1mreimport[22m | Preparing files to reimport...[39m[0m
[  99% ] [90m[1mreimport[22m | Preparing files to reimport...[39m[0m
[  99% ] [90m[1mreimport[22m | Preparing files to reimport...[39m[0m
[  99% ] [90m[1mreimport[22m | Preparing files to reimport...[39m[0m
[  99% ] [90m[1mreimport[22m | Preparing files to reimport...[39m[0m
[  99% ] [90m[1mreimport[22m | Preparing files to reimport...[39m[0m
[  99% ] [90m[1mreimport[22m | Preparing files to reimport...[39m[0m
[  99% ] [90m[1mreimport[22m | Preparing files to reimport...[39m[0m
[  99% ] [90m[1mreimport[22m | Preparing files to reimport...[39m[0m
[  99% ] [90m[1mreimport[22m | Preparing files to reimport...[39m[0m
[  99% ] [90m[1mreimport[22m | Preparing files to reimport...[39m[0m
[  99% ] [90m[1mreimport[22m | Preparing files to reimport...[39m[0m
[  99% ] [90m[1mreimport[22m | Preparing files to reimport...[39m[0m
[  99% ] [90m[1mreimport[22m | Preparing files to reimport...[39m[0m
[  99% ] [90m[1mreimport[22m | Preparing files to reimport...[39m[0m
[  99% ] [90m[1mreimport[22m | Preparing files to reimport...[39m[0m
[  99% ] [90m[1mreimport[22m | Preparing files to reimport...[39m[0m
[  99% ] [90m[1mreimport[22m | Preparing files to reimport...[39m[0m
[  99% ] [90m[1mreimport[22m | Preparing files to reimport...[39m[0m
[  99% ] [90m[1mreimport[22m | Preparing files to reimport...[39m[0m
[   0% ] [90m[1mreimport[22m | Executing pre-reimport operations...[39m[0m
[   0% ] [90m[1mreimport[22m | voice_yay.mp3[39m[0m
[   0% ] [90m[1mreimport[22m | voice_yay.mp3[39m[0m
[   0% ] [90m[1mreimport[22m | roshan_op_doctor_bandage.ogg[39m[0m
[   0% ] [90m[1mreimport[22m | roshan_op_doctor_bandage_stage.ogg[39m[0m
[   0% ] [90m[1mreimport[22m | roshan_op_doctor_cast.ogg[39m[0m
[   0% ] [90m[1mreimport[22m | roshan_op_doctor_cast_stage.ogg[39m[0m
[   0% ] [90m[1mreimport[22m | roshan_op_doctor_find.ogg[39m[0m
[   0% ] [90m[1mreimport[22m | roshan_op_doctor_find_stage.ogg[39m[0m
[   0% ] [90m[1mreimport[22m | roshan_op_doctor_imps.ogg[39m[0m
[   0% ] [90m[1mreimport[22m | roshan_op_doctor_plushy_chase.ogg[39m[0m
[   0% ] [90m[1mreimport[22m | roshan_op_doctor_wash.ogg[39m[0m
[   0% ] [90m[1mreimport[22m | roshan_op_doctor_wash_stage.ogg[39m[0m
[   0% ] [90m[1mreimport[22m | roshan_op_doctor_work.ogg[39m[0m
[   0% ] [90m[1mreimport[22m | roshan_op_doctor_x_ray.ogg[39m[0m
[   0% ] [90m[1mreimport[22m | roshan_op_doctor_x_ray_stage.ogg[39m[0m
[   0% ] [90m[1mreimport[22m | roshan_op_farmer_feed.ogg[39m[0m
[   0% ] [90m[1mreimport[22m | roshan_op_farmer_feed_stage.ogg[39m[0m
[   0% ] [90m[1mreimport[22m | roshan_op_farmer_herd.ogg[39m[0m
[   0% ] [90m[1mreimport[22m | roshan_op_farmer_herd_stage.ogg[39m[0m
[   0% ] [90m[1mreimport[22m | roshan_op_farmer_imps.ogg[39m[0m
[   0% ] [90m[1mreimport[22m | roshan_op_farmer_mud_hop.ogg[39m[0m
[   0% ] [90m[1mreimport[22m | roshan_op_farmer_picnic.ogg[39m[0m
[   0% ] [90m[1mreimport[22m | roshan_op_farmer_picnic_stage.ogg[39m[0m
[   0% ] [90m[1mreimport[22m | roshan_op_farmer_piggy_chase.ogg[39m[0m
[   1% ] [90m[1mreimport[22m | roshan_op_farmer_plant.ogg[39m[0m
[   1% ] [90m[1mreimport[22m | roshan_op_farmer_plant_stage.ogg[39m[0m
[   1% ] [90m[1mreimport[22m | roshan_op_farmer_work.ogg[39m[0m
[   1% ] [90m[1mreimport[22m | roshan_op_magician_bunny_chase.ogg[39m[0m
[   1% ] [90m[1mreimport[22m | roshan_op_magician_cabinet.ogg[39m[0m
[   1% ] [90m[1mreimport[22m | roshan_op_chef_pipe.ogg[39m[0m
[   1% ] [90m[1mreimport[22m | roshan_op_chef_pipe_stage.ogg[39m[0m
[   1% ] [90m[1mreimport[22m | roshan_op_chef_pour.ogg[39m[0m
[   1% ] [90m[1mreimport[22m | roshan_op_chef_pour_stage.ogg[39m[0m
[   1% ] [90m[1mreimport[22m | roshan_op_chef_stir.ogg[39m[0m
[   1% ] [90m[1mreimport[22m | roshan_op_chef_stir_stage.ogg[39m[0m
[   1% ] [90m[1mreimport[22m | roshan_op_chef_top.ogg[39m[0m
[   1% ] [90m[1mreimport[22m | roshan_op_chef_top_stage.ogg[39m[0m
[   1% ] [90m[1mreimport[22m | roshan_op_chef_work.ogg[39m[0m
[   1% ] [90m[1mreimport[22m | roshan_op_detective_clues.ogg[39m[0m
[   1% ] [90m[1mreimport[22m | roshan_op_detective_imps.ogg[39m[0m
[   1% ] [90m[1mreimport[22m | roshan_op_detective_lens.ogg[39m[0m
[   1% ] [90m[1mreimport[22m | roshan_op_detective_lens_stage.ogg[39m[0m
[   1% ] [90m[1mreimport[22m | roshan_op_detective_lens_stairs.ogg[39m[0m
[   1% ] [90m[1mreimport[22m | roshan_op_detective_match.ogg[39m[0m
[   1% ] [90m[1mreimport[22m | roshan_op_detective_name.ogg[39m[0m
[   1% ] [90m[1mreimport[22m | roshan_op_detective_peek.ogg[39m[0m
[   1% ] [90m[1mreimport[22m | roshan_op_detective_search.ogg[39m[0m
[   1% ] [90m[1mreimport[22m | roshan_op_detective_search_fountain.ogg[39m[0m
[   2% ] [90m[1mreimport[22m | roshan_op_detective_team_corner.ogg[39m[0m
[   2% ] [90m[1mreimport[22m | roshan_op_detective_tiara_chase.ogg[39m[0m
[   2% ] [90m[1mreimport[22m | roshan_op_detective_tiptoe.ogg[39m[0m
[   2% ] [90m[1mreimport[22m | roshan_op_detective_to_clock.ogg[39m[0m
[   2% ] [90m[1mreimport[22m | roshan_op_detective_to_fountain.ogg[39m[0m
[   2% ] [90m[1mreimport[22m | roshan_op_detective_trail.ogg[39m[0m
[   2% ] [90m[1mreimport[22m | roshan_op_detective_trail_trick.ogg[39m[0m
[   2% ] [90m[1mreimport[22m | roshan_op_detective_work.ogg[39m[0m
[   2% ] [90m[1mreimport[22m | roshan_op_popstar_dance.ogg[39m[0m
[   2% ] [90m[1mreimport[22m | roshan_op_popstar_encore.ogg[39m[0m
[   2% ] [90m[1mreimport[22m | roshan_op_popstar_encore_stage.ogg[39m[0m
[   2% ] [90m[1mreimport[22m | roshan_op_popstar_imps.ogg[39m[0m
[   2% ] [90m[1mreimport[22m | roshan_op_popstar_mic_chase.ogg[39m[0m
[   2% ] [90m[1mreimport[22m | roshan_op_popstar_rhythm.ogg[39m[0m
[   2% ] [90m[1mreimport[22m | roshan_op_popstar_rhythm_stage.ogg[39m[0m
[   2% ] [90m[1mreimport[22m | roshan_op_popstar_sound_check.ogg[39m[0m
[   2% ] [90m[1mreimport[22m | roshan_op_popstar_sound_check_stage.ogg[39m[0m
[   2% ] [90m[1mreimport[22m | roshan_op_popstar_work.ogg[39m[0m
[   2% ] [90m[1mreimport[22m | roshan_op_racer_finish.ogg[39m[0m
[   2% ] [90m[1mreimport[22m | roshan_op_racer_imps.ogg[39m[0m
[   2% ] [90m[1mreimport[22m | roshan_op_racer_lap_two.ogg[39m[0m
[   2% ] [90m[1mreimport[22m | roshan_op_racer_steer.ogg[39m[0m
[   2% ] [90m[1mreimport[22m | roshan_op_racer_to_the_line.ogg[39m[0m
[   2% ] [90m[1mreimport[22m | roshan_op_racer_to_the_line_stage.ogg[39m[0m
[   3% ] [90m[1mreimport[22m | roshan_op_racer_trophy_chase.ogg[39m[0m
[   3% ] [90m[1mreimport[22m | roshan_op_racer_tune_up.ogg[39m[0m
[   3% ] [90m[1mreimport[22m | roshan_op_racer_tune_up_stage.ogg[39m[0m
[   3% ] [90m[1mreimport[22m | roshan_op_racer_turbo.ogg[39m[0m
[   3% ] [90m[1mreimport[22m | roshan_op_racer_work.ogg[39m[0m
[   3% ] [90m[1mreimport[22m | roshan_pearl2.ogg[39m[0m
[   3% ] [90m[1mreimport[22m | roshan_pearl3.ogg[39m[0m
[   3% ] [90m[1mreimport[22m | roshan_pearl.ogg[39m[0m
[   3% ] [90m[1mreimport[22m | roshan_pool_seahorse_clean.ogg[39m[0m
[   3% ] [90m[1mreimport[22m | roshan_pool_surface_clean.ogg[39m[0m
[   3% ] [90m[1mreimport[22m | roshan_pool_waterfall_clean.ogg[39m[0m
[   3% ] [90m[1mreimport[22m | roshan_op_magician_cabinet_stage.ogg[39m[0m
[   3% ] [90m[1mreimport[22m | roshan_op_magician_imps.ogg[39m[0m
[   3% ] [90m[1mreimport[22m | roshan_op_magician_portal.ogg[39m[0m
[   3% ] [90m[1mreimport[22m | roshan_op_magician_portal_stage.ogg[39m[0m
[   3% ] [90m[1mreimport[22m | roshan_op_magician_rope.ogg[39m[0m
[   3% ] [90m[1mreimport[22m | roshan_op_magician_rope_stage.ogg[39m[0m
[   3% ] [90m[1mreimport[22m | roshan_op_magician_track.ogg[39m[0m
[   3% ] [90m[1mreimport[22m | roshan_op_magician_vanish.ogg[39m[0m
[   3% ] [90m[1mreimport[22m | roshan_op_magician_vanish_stage.ogg[39m[0m
[   3% ] [90m[1mreimport[22m | roshan_op_magician_work.ogg[39m[0m
[   3% ] [90m[1mreimport[22m | roshan_op_nursery_baby_chase.ogg[39m[0m
[   3% ] [90m[1mreimport[22m | roshan_op_nursery_burp.ogg[39m[0m
[   3% ] [90m[1mreimport[22m | roshan_op_nursery_burp_stage.ogg[39m[0m
[   4% ] [90m[1mreimport[22m | roshan_op_nursery_imps.ogg[39m[0m
[   4% ] [90m[1mreimport[22m | roshan_op_nursery_wash.ogg[39m[0m
[   4% ] [90m[1mreimport[22m | roshan_op_nursery_wash_stage.ogg[39m[0m
[   4% ] [90m[1mreimport[22m | roshan_op_nursery_work.ogg[39m[0m
[   4% ] [90m[1mreimport[22m | roshan_op_painter_fill.ogg[39m[0m
[   4% ] [90m[1mreimport[22m | roshan_op_painter_imps.ogg[39m[0m
[   4% ] [90m[1mreimport[22m | roshan_op_painter_reveal.ogg[39m[0m
[   4% ] [90m[1mreimport[22m | roshan_op_painter_reveal_stage.ogg[39m[0m
[   4% ] [90m[1mreimport[22m | roshan_op_painter_sketch.ogg[39m[0m
[   4% ] [90m[1mreimport[22m | roshan_op_painter_sketch_stage.ogg[39m[0m
[   4% ] [90m[1mreimport[22m | roshan_op_painter_splat.ogg[39m[0m
[   4% ] [90m[1mreimport[22m | roshan_op_painter_splat_stage.ogg[39m[0m
[   4% ] [90m[1mreimport[22m | roshan_op_painter_strokes.ogg[39m[0m
[   4% ] [90m[1mreimport[22m | roshan_op_painter_sunrise_chase.ogg[39m[0m
[   4% ] [90m[1mreimport[22m | roshan_op_painter_work.ogg[39m[0m
[   4% ] [90m[1mreimport[22m | roshan_dustboss_again_mercy.ogg[39m[0m
[   4% ] [90m[1mreimport[22m | roshan_dustboss_again_miss.ogg[39m[0m
[   4% ] [90m[1mreimport[22m | roshan_dustboss_angry.ogg[39m[0m
[   4% ] [90m[1mreimport[22m | roshan_dustboss_closer.ogg[39m[0m
[   4% ] [90m[1mreimport[22m | roshan_dustboss_dizzy_first.ogg[39m[0m
[   4% ] [90m[1mreimport[22m | roshan_dustboss_dizzy_round.ogg[39m[0m
[   4% ] [90m[1mreimport[22m | roshan_dustboss_dodge.ogg[39m[0m
[   4% ] [90m[1mreimport[22m | roshan_dustboss_dodge_yes.ogg[39m[0m
[   4% ] [90m[1mreimport[22m | roshan_dustboss_hit.ogg[39m[0m
[   5% ] [90m[1mreimport[22m | roshan_dustboss_leap.ogg[39m[0m
[   5% ] [90m[1mreimport[22m | roshan_dustboss_show.ogg[39m[0m
[   5% ] [90m[1mreimport[22m | roshan_dustboss_tell_dim.ogg[39m[0m
[   5% ] [90m[1mreimport[22m | roshan_dustboss_tell_opening.ogg[39m[0m
[   5% ] [90m[1mreimport[22m | roshan_dustboss_tell_shielded.ogg[39m[0m
[   5% ] [90m[1mreimport[22m | roshan_dustboss_win.ogg[39m[0m
[   5% ] [90m[1mreimport[22m | roshan_fail.ogg[39m[0m
[   5% ] [90m[1mreimport[22m | roshan_fairy_home.ogg[39m[0m
[   5% ] [90m[1mreimport[22m | roshan_fairy_road.ogg[39m[0m
[   5% ] [90m[1mreimport[22m | roshan_grotto_discovered.ogg[39m[0m
[   5% ] [90m[1mreimport[22m | roshan_hide_seek_hint.ogg[39m[0m
[   5% ] [90m[1mreimport[22m | roshan_hungry.ogg[39m[0m
[   5% ] [90m[1mreimport[22m | roshan_idle1.ogg[39m[0m
[   5% ] [90m[1mreimport[22m | roshan_idle2.ogg[39m[0m
[   5% ] [90m[1mreimport[22m | roshan_idle3.ogg[39m[0m
[   5% ] [90m[1mreimport[22m | roshan_intro1.ogg[39m[0m
[   5% ] [90m[1mreimport[22m | roshan_intro2.ogg[39m[0m
[   5% ] [90m[1mreimport[22m | roshan_intro3.ogg[39m[0m
[   5% ] [90m[1mreimport[22m | roshan_day1_recipe_carrot_ready.ogg[39m[0m
[   5% ] [90m[1mreimport[22m | roshan_day1_recipe_carrot_select.ogg[39m[0m
[   5% ] [90m[1mreimport[22m | roshan_day1_recipe_pearl_ready.ogg[39m[0m
[   5% ] [90m[1mreimport[22m | roshan_day1_recipe_pearl_select.ogg[39m[0m
[   5% ] [90m[1mreimport[22m | roshan_day1_recipe_ready.ogg[39m[0m
[   5% ] [90m[1mreimport[22m | roshan_day1_stuffie_clean_bunny.ogg[39m[0m
[   6% ] [90m[1mreimport[22m | roshan_day1_stuffie_complete.ogg[39m[0m
[   6% ] [90m[1mreimport[22m | roshan_day1_stuffie_eagle_saved.ogg[39m[0m
[   6% ] [90m[1mreimport[22m | roshan_day1_stuffie_enter.ogg[39m[0m
[   6% ] [90m[1mreimport[22m | roshan_day1_stuffie_find_bunny.ogg[39m[0m
[   6% ] [90m[1mreimport[22m | roshan_day1_stuffie_pin_left_loose.ogg[39m[0m
[   6% ] [90m[1mreimport[22m | roshan_day1_stuffie_pin_right_loose.ogg[39m[0m
[   6% ] [90m[1mreimport[22m | roshan_day1_stuffie_rescue_start.ogg[39m[0m
[   6% ] [90m[1mreimport[22m | roshan_day1_stuffie_tutorial.ogg[39m[0m
[   6% ] [90m[1mreimport[22m | roshan_day_one_all_rooms_clean.ogg[39m[0m
[   6% ] [90m[1mreimport[22m | roshan_day_one_finish_current.ogg[39m[0m
[   6% ] [90m[1mreimport[22m | roshan_day_one_jobs_resting.ogg[39m[0m
[   6% ] [90m[1mreimport[22m | roshan_day_one_new_door.ogg[39m[0m
[   6% ] [90m[1mreimport[22m | roshan_day_one_pool_ready.ogg[39m[0m
[   6% ] [90m[1mreimport[22m | roshan_day_one_rescue_bunnies.ogg[39m[0m
[   6% ] [90m[1mreimport[22m | roshan_day_one_room_clean.ogg[39m[0m
[   6% ] [90m[1mreimport[22m | roshan_day_two_begins.ogg[39m[0m
[   6% ] [90m[1mreimport[22m | roshan_dungeon_arrow.ogg[39m[0m
[   6% ] [90m[1mreimport[22m | roshan_dungeon_done.ogg[39m[0m
[   6% ] [90m[1mreimport[22m | roshan_dungeon_door_open.ogg[39m[0m
[   6% ] [90m[1mreimport[22m | roshan_dungeon_room_enter.ogg[39m[0m
[   6% ] [90m[1mreimport[22m | roshan_dustboss_again_closer.ogg[39m[0m
[   6% ] [90m[1mreimport[22m | roshan_op_boxer_bell_chase.ogg[39m[0m
[   6% ] [90m[1mreimport[22m | roshan_op_boxer_bell_chase_stage.ogg[39m[0m
[   6% ] [90m[1mreimport[22m | roshan_op_boxer_belt.ogg[39m[0m
[   7% ] [90m[1mreimport[22m | roshan_op_boxer_belt_stage.ogg[39m[0m
[   7% ] [90m[1mreimport[22m | roshan_op_boxer_duck.ogg[39m[0m
[   7% ] [90m[1mreimport[22m | roshan_op_boxer_duck_stage.ogg[39m[0m
[   7% ] [90m[1mreimport[22m | roshan_op_boxer_jab.ogg[39m[0m
[   7% ] [90m[1mreimport[22m | roshan_op_boxer_jab_stage.ogg[39m[0m
[   7% ] [90m[1mreimport[22m | roshan_op_boxer_round.ogg[39m[0m
[   7% ] [90m[1mreimport[22m | roshan_op_boxer_spar.ogg[39m[0m
[   7% ] [90m[1mreimport[22m | roshan_op_boxer_work.ogg[39m[0m
[   7% ] [90m[1mreimport[22m | roshan_op_candymaker_candy_chase.ogg[39m[0m
[   7% ] [90m[1mreimport[22m | roshan_op_candymaker_imps.ogg[39m[0m
[   7% ] [90m[1mreimport[22m | roshan_op_candymaker_parade.ogg[39m[0m
[   7% ] [90m[1mreimport[22m | roshan_op_candymaker_share.ogg[39m[0m
[   7% ] [90m[1mreimport[22m | roshan_op_candymaker_share_stage.ogg[39m[0m
[   7% ] [90m[1mreimport[22m | roshan_op_candymaker_sort.ogg[39m[0m
[   7% ] [90m[1mreimport[22m | roshan_op_candymaker_sort_stage.ogg[39m[0m
[   7% ] [90m[1mreimport[22m | roshan_op_candymaker_syrup.ogg[39m[0m
[   7% ] [90m[1mreimport[22m | roshan_op_candymaker_syrup_stage.ogg[39m[0m
[   7% ] [90m[1mreimport[22m | roshan_op_candymaker_work.ogg[39m[0m
[   7% ] [90m[1mreimport[22m | roshan_op_candymaker_wrap.ogg[39m[0m
[   7% ] [90m[1mreimport[22m | roshan_op_candymaker_wrap_stage.ogg[39m[0m
[   7% ] [90m[1mreimport[22m | roshan_op_chef_bake.ogg[39m[0m
[   7% ] [90m[1mreimport[22m | roshan_op_chef_bake_stage.ogg[39m[0m
[   7% ] [90m[1mreimport[22m | roshan_op_chef_cake_chase.ogg[39m[0m
[   7% ] [90m[1mreimport[22m | roshan_op_chef_imps.ogg[39m[0m
[   8% ] [90m[1mreimport[22m | roshan_intro4.ogg[39m[0m
[   8% ] [90m[1mreimport[22m | roshan_kart_rocket_start.ogg[39m[0m
[   8% ] [90m[1mreimport[22m | roshan_ocean_nap_morning.ogg[39m[0m
[   8% ] [90m[1mreimport[22m | roshan_ocean_nap_night.ogg[39m[0m
[   8% ] [90m[1mreimport[22m | roshan_oops.ogg[39m[0m
[   8% ] [90m[1mreimport[22m | roshan_opera_chapter_two_open.ogg[39m[0m
[   8% ] [90m[1mreimport[22m | roshan_op_astronaut_boost.ogg[39m[0m
[   8% ] [90m[1mreimport[22m | roshan_op_astronaut_imps.ogg[39m[0m
[   8% ] [90m[1mreimport[22m | roshan_op_astronaut_launch.ogg[39m[0m
[   8% ] [90m[1mreimport[22m | roshan_op_astronaut_launch_stage.ogg[39m[0m
[   8% ] [90m[1mreimport[22m | roshan_op_astronaut_patch.ogg[39m[0m
[   8% ] [90m[1mreimport[22m | roshan_op_astronaut_patch_stage.ogg[39m[0m
[   8% ] [90m[1mreimport[22m | roshan_op_astronaut_pipes.ogg[39m[0m
[   8% ] [90m[1mreimport[22m | roshan_op_astronaut_pipes_stage.ogg[39m[0m
[   8% ] [90m[1mreimport[22m | roshan_op_astronaut_rocket_chase.ogg[39m[0m
[   8% ] [90m[1mreimport[22m | roshan_op_astronaut_valve.ogg[39m[0m
[   8% ] [90m[1mreimport[22m | roshan_op_astronaut_work.ogg[39m[0m
[   8% ] [90m[1mreimport[22m | roshan_op_ballerina_duet.ogg[39m[0m
[   8% ] [90m[1mreimport[22m | roshan_op_ballerina_imps.ogg[39m[0m
[   8% ] [90m[1mreimport[22m | roshan_op_ballerina_pose.ogg[39m[0m
[   8% ] [90m[1mreimport[22m | roshan_op_ballerina_ribbon.ogg[39m[0m
[   8% ] [90m[1mreimport[22m | roshan_op_ballerina_ribbon_chase.ogg[39m[0m
[   8% ] [90m[1mreimport[22m | roshan_op_ballerina_ribbon_stage.ogg[39m[0m
[   9% ] [90m[1mreimport[22m | roshan_op_ballerina_steps.ogg[39m[0m
[   9% ] [90m[1mreimport[22m | roshan_op_ballerina_twirl.ogg[39m[0m
[   9% ] [90m[1mreimport[22m | roshan_op_ballerina_twirl_stage.ogg[39m[0m
[   9% ] [90m[1mreimport[22m | roshan_op_ballerina_watch.ogg[39m[0m
[   9% ] [90m[1mreimport[22m | roshan_op_ballerina_work.ogg[39m[0m
[   9% ] [90m[1mreimport[22m | roshan_op_ballerina_watch.ogg[39m[0m
[   9% ] [90m[1mreimport[22m | roshan_op_ballerina_work.ogg[39m[0m
[   9% ] [90m[1mreimport[22m | roshan_op_boxer_bell_chase.ogg[39m[0m
[   9% ] [90m[1mreimport[22m | roshan_op_boxer_belt.ogg[39m[0m
[   9% ] [90m[1mreimport[22m | roshan_op_boxer_duck.ogg[39m[0m
[   9% ] [90m[1mreimport[22m | roshan_op_boxer_jab.ogg[39m[0m
[   9% ] [90m[1mreimport[22m | roshan_op_boxer_round.ogg[39m[0m
[   9% ] [90m[1mreimport[22m | roshan_op_boxer_spar.ogg[39m[0m
[   9% ] [90m[1mreimport[22m | roshan_op_boxer_work.ogg[39m[0m
[   9% ] [90m[1mreimport[22m | roshan_op_candymaker_candy_chase.ogg[39m[0m
[   9% ] [90m[1mreimport[22m | roshan_op_candymaker_imps.ogg[39m[0m
[   9% ] [90m[1mreimport[22m | roshan_op_candymaker_parade.ogg[39m[0m
[   9% ] [90m[1mreimport[22m | roshan_op_candymaker_share.ogg[39m[0m
[   9% ] [90m[1mreimport[22m | roshan_op_candymaker_sort.ogg[39m[0m
[   9% ] [90m[1mreimport[22m | roshan_op_candymaker_syrup.ogg[39m[0m
[   9% ] [90m[1mreimport[22m | roshan_op_candymaker_work.ogg[39m[0m
[   9% ] [90m[1mreimport[22m | roshan_op_candymaker_wrap.ogg[39m[0m
[   9% ] [90m[1mreimport[22m | roshan_op_chef_bake.ogg[39m[0m
[   9% ] [90m[1mreimport[22m | roshan_op_chef_cake_chase.ogg[39m[0m
[  10% ] [90m[1mreimport[22m | roshan_op_chef_imps.ogg[39m[0m
[  10% ] [90m[1mreimport[22m | roshan_op_chef_pipe.ogg[39m[0m
[  10% ] [90m[1mreimport[22m | roshan_op_chef_pour.ogg[39m[0m
[  10% ] [90m[1mreimport[22m | roshan_op_chef_stir.ogg[39m[0m
[  10% ] [90m[1mreimport[22m | roshan_op_chef_top.ogg[39m[0m
[  10% ] [90m[1mreimport[22m | roshan_op_chef_work.ogg[39m[0m
[  10% ] [90m[1mreimport[22m | roshan_op_detective_clues.ogg[39m[0m
[  10% ] [90m[1mreimport[22m | roshan_op_detective_imps.ogg[39m[0m
[  10% ] [90m[1mreimport[22m | rosalina_win.ogg[39m[0m
[  10% ] [90m[1mreimport[22m | roshan_beans.ogg[39m[0m
[  10% ] [90m[1mreimport[22m | roshan_bump.ogg[39m[0m
[  10% ] [90m[1mreimport[22m | roshan_fail.ogg[39m[0m
[  10% ] [90m[1mreimport[22m | roshan_hungry.ogg[39m[0m
[  10% ] [90m[1mreimport[22m | roshan_idle1.ogg[39m[0m
[  10% ] [90m[1mreimport[22m | roshan_idle2.ogg[39m[0m
[  10% ] [90m[1mreimport[22m | roshan_idle3.ogg[39m[0m
[  10% ] [90m[1mreimport[22m | roshan_intro1.ogg[39m[0m
[  10% ] [90m[1mreimport[22m | roshan_intro2.ogg[39m[0m
[  10% ] [90m[1mreimport[22m | roshan_intro3.ogg[39m[0m
[  10% ] [90m[1mreimport[22m | roshan_intro4.ogg[39m[0m
[  10% ] [90m[1mreimport[22m | roshan_oops.ogg[39m[0m
[  10% ] [90m[1mreimport[22m | roshan_op_astronaut_boost.ogg[39m[0m
[  10% ] [90m[1mreimport[22m | roshan_op_astronaut_imps.ogg[39m[0m
[  10% ] [90m[1mreimport[22m | roshan_op_astronaut_launch.ogg[39m[0m
[  11% ] [90m[1mreimport[22m | roshan_op_astronaut_patch.ogg[39m[0m
[  11% ] [90m[1mreimport[22m | roshan_op_astronaut_pipes.ogg[39m[0m
[  11% ] [90m[1mreimport[22m | roshan_op_astronaut_rocket_chase.ogg[39m[0m
[  11% ] [90m[1mreimport[22m | roshan_op_astronaut_valve.ogg[39m[0m
[  11% ] [90m[1mreimport[22m | roshan_op_astronaut_work.ogg[39m[0m
[  11% ] [90m[1mreimport[22m | roshan_op_ballerina_duet.ogg[39m[0m
[  11% ] [90m[1mreimport[22m | roshan_op_ballerina_imps.ogg[39m[0m
[  11% ] [90m[1mreimport[22m | roshan_op_ballerina_ribbon.ogg[39m[0m
[  11% ] [90m[1mreimport[22m | roshan_op_ballerina_ribbon_chase.ogg[39m[0m
[  11% ] [90m[1mreimport[22m | roshan_op_ballerina_steps.ogg[39m[0m
[  11% ] [90m[1mreimport[22m | roshan_op_ballerina_twirl.ogg[39m[0m
[  11% ] [90m[1mreimport[22m | roshan_op_magician_rope.ogg[39m[0m
[  11% ] [90m[1mreimport[22m | roshan_op_magician_track.ogg[39m[0m
[  11% ] [90m[1mreimport[22m | roshan_op_magician_vanish.ogg[39m[0m
[  11% ] [90m[1mreimport[22m | roshan_op_magician_work.ogg[39m[0m
[  11% ] [90m[1mreimport[22m | roshan_op_nursery_baby_chase.ogg[39m[0m
[  11% ] [90m[1mreimport[22m | roshan_op_nursery_burp.ogg[39m[0m
[  11% ] [90m[1mreimport[22m | roshan_op_nursery_imps.ogg[39m[0m
[  11% ] [90m[1mreimport[22m | roshan_op_nursery_wash.ogg[39m[0m
[  11% ] [90m[1mreimport[22m | roshan_op_nursery_work.ogg[39m[0m
[  11% ] [90m[1mreimport[22m | roshan_op_painter_fill.ogg[39m[0m
[  11% ] [90m[1mreimport[22m | roshan_op_painter_imps.ogg[39m[0m
[  11% ] [90m[1mreimport[22m | roshan_op_painter_reveal.ogg[39m[0m
[  11% ] [90m[1mreimport[22m | roshan_op_painter_sketch.ogg[39m[0m
[  12% ] [90m[1mreimport[22m | roshan_op_painter_splat.ogg[39m[0m
[  12% ] [90m[1mreimport[22m | roshan_op_painter_strokes.ogg[39m[0m
[  12% ] [90m[1mreimport[22m | roshan_op_painter_sunrise_chase.ogg[39m[0m
[  12% ] [90m[1mreimport[22m | roshan_op_painter_work.ogg[39m[0m
[  12% ] [90m[1mreimport[22m | roshan_op_popstar_dance.ogg[39m[0m
[  12% ] [90m[1mreimport[22m | roshan_op_popstar_encore.ogg[39m[0m
[  12% ] [90m[1mreimport[22m | roshan_op_popstar_imps.ogg[39m[0m
[  12% ] [90m[1mreimport[22m | roshan_op_popstar_mic_chase.ogg[39m[0m
[  12% ] [90m[1mreimport[22m | roshan_op_popstar_rhythm.ogg[39m[0m
[  12% ] [90m[1mreimport[22m | roshan_op_popstar_sound_check.ogg[39m[0m
[  12% ] [90m[1mreimport[22m | roshan_op_popstar_work.ogg[39m[0m
[  12% ] [90m[1mreimport[22m | roshan_op_racer_finish.ogg[39m[0m
[  12% ] [90m[1mreimport[22m | roshan_op_racer_imps.ogg[39m[0m
[  12% ] [90m[1mreimport[22m | roshan_op_racer_lap_two.ogg[39m[0m
[  12% ] [90m[1mreimport[22m | roshan_op_detective_lens.ogg[39m[0m
[  12% ] [90m[1mreimport[22m | roshan_op_detective_match.ogg[39m[0m
[  12% ] [90m[1mreimport[22m | roshan_op_detective_name.ogg[39m[0m
[  12% ] [90m[1mreimport[22m | roshan_op_detective_peek.ogg[39m[0m
[  12% ] [90m[1mreimport[22m | roshan_op_detective_search.ogg[39m[0m
[  12% ] [90m[1mreimport[22m | roshan_op_detective_tiara_chase.ogg[39m[0m
[  12% ] [90m[1mreimport[22m | roshan_op_detective_trail.ogg[39m[0m
[  12% ] [90m[1mreimport[22m | roshan_op_detective_work.ogg[39m[0m
[  12% ] [90m[1mreimport[22m | roshan_op_doctor_bandage.ogg[39m[0m
[  12% ] [90m[1mreimport[22m | roshan_op_doctor_cast.ogg[39m[0m
[  13% ] [90m[1mreimport[22m | roshan_op_doctor_find.ogg[39m[0m
[  13% ] [90m[1mreimport[22m | roshan_op_doctor_imps.ogg[39m[0m
[  13% ] [90m[1mreimport[22m | roshan_op_doctor_plushy_chase.ogg[39m[0m
[  13% ] [90m[1mreimport[22m | roshan_op_doctor_wash.ogg[39m[0m
[  13% ] [90m[1mreimport[22m | roshan_op_doctor_work.ogg[39m[0m
[  13% ] [90m[1mreimport[22m | roshan_op_doctor_x_ray.ogg[39m[0m
[  13% ] [90m[1mreimport[22m | roshan_op_farmer_feed.ogg[39m[0m
[  13% ] [90m[1mreimport[22m | roshan_op_farmer_herd.ogg[39m[0m
[  13% ] [90m[1mreimport[22m | roshan_op_farmer_imps.ogg[39m[0m
[  13% ] [90m[1mreimport[22m | roshan_op_farmer_mud_hop.ogg[39m[0m
[  13% ] [90m[1mreimport[22m | roshan_op_farmer_picnic.ogg[39m[0m
[  13% ] [90m[1mreimport[22m | roshan_op_farmer_piggy_chase.ogg[39m[0m
[  13% ] [90m[1mreimport[22m | roshan_op_farmer_plant.ogg[39m[0m
[  13% ] [90m[1mreimport[22m | roshan_op_farmer_work.ogg[39m[0m
[  13% ] [90m[1mreimport[22m | roshan_op_magician_bunny_chase.ogg[39m[0m
[  13% ] [90m[1mreimport[22m | roshan_op_magician_cabinet.ogg[39m[0m
[  13% ] [90m[1mreimport[22m | roshan_op_magician_imps.ogg[39m[0m
[  13% ] [90m[1mreimport[22m | roshan_op_magician_portal.ogg[39m[0m
[  13% ] [90m[1mreimport[22m | chuck_whimper.ogg[39m[0m
[  13% ] [90m[1mreimport[22m | daddy1.ogg[39m[0m
[  13% ] [90m[1mreimport[22m | daddy2.ogg[39m[0m
[  13% ] [90m[1mreimport[22m | daddy3.ogg[39m[0m
[  13% ] [90m[1mreimport[22m | everyone.ogg[39m[0m
[  13% ] [90m[1mreimport[22m | evie.ogg[39m[0m
[  14% ] [90m[1mreimport[22m | evie_fail.ogg[39m[0m
[  14% ] [90m[1mreimport[22m | evie_win.ogg[39m[0m
[  14% ] [90m[1mreimport[22m | faron.ogg[39m[0m
[  14% ] [90m[1mreimport[22m | faron_fail.ogg[39m[0m
[  14% ] [90m[1mreimport[22m | faron_miss.ogg[39m[0m
[  14% ] [90m[1mreimport[22m | faron_op_nursery_bedtime.ogg[39m[0m
[  14% ] [90m[1mreimport[22m | faron_op_nursery_catch.ogg[39m[0m
[  14% ] [90m[1mreimport[22m | faron_op_nursery_feed.ogg[39m[0m
[  14% ] [90m[1mreimport[22m | faron_win.ogg[39m[0m
[  14% ] [90m[1mreimport[22m | harper.ogg[39m[0m
[  14% ] [90m[1mreimport[22m | harper_win.ogg[39m[0m
[  14% ] [90m[1mreimport[22m | huluu.ogg[39m[0m
[  14% ] [90m[1mreimport[22m | huluu_greet.ogg[39m[0m
[  14% ] [90m[1mreimport[22m | huluu_hero.ogg[39m[0m
[  14% ] [90m[1mreimport[22m | huluu_intro.ogg[39m[0m
[  14% ] [90m[1mreimport[22m | huluu_talk.ogg[39m[0m
[  14% ] [90m[1mreimport[22m | huluu_thanks.ogg[39m[0m
[  14% ] [90m[1mreimport[22m | huluu_win.ogg[39m[0m
[  14% ] [90m[1mreimport[22m | imp_op_astronaut_arrive.ogg[39m[0m
[  14% ] [90m[1mreimport[22m | imp_op_astronaut_bop.ogg[39m[0m
[  14% ] [90m[1mreimport[22m | imp_op_astronaut_copy.ogg[39m[0m
[  14% ] [90m[1mreimport[22m | roshan_ship.ogg[39m[0m
[  14% ] [90m[1mreimport[22m | roshan_tail_hop.ogg[39m[0m
[  14% ] [90m[1mreimport[22m | roshan_talk.ogg[39m[0m
[  15% ] [90m[1mreimport[22m | roshan_tutorial_combo.ogg[39m[0m
[  15% ] [90m[1mreimport[22m | roshan_tutorial_done.ogg[39m[0m
[  15% ] [90m[1mreimport[22m | roshan_tutorial_first_bop.ogg[39m[0m
[  15% ] [90m[1mreimport[22m | roshan_tutorial_partner_power.ogg[39m[0m
[  15% ] [90m[1mreimport[22m | roshan_tutorial_power_pop.ogg[39m[0m
[  15% ] [90m[1mreimport[22m | roshan_whale.ogg[39m[0m
[  15% ] [90m[1mreimport[22m | roshan_win.ogg[39m[0m
[  15% ] [90m[1mreimport[22m | roshan_wreck.ogg[39m[0m
[  15% ] [90m[1mreimport[22m | rumi_hide_seek_found.ogg[39m[0m
[  15% ] [90m[1mreimport[22m | rumi_hide_seek_visit.ogg[39m[0m
[  15% ] [90m[1mreimport[22m | rumi_intro.ogg[39m[0m
[  15% ] [90m[1mreimport[22m | shop.ogg[39m[0m
[  15% ] [90m[1mreimport[22m | shop_op_detective_ask_kareem.ogg[39m[0m
[  15% ] [90m[1mreimport[22m | shop_op_detective_hint_clock.ogg[39m[0m
[  15% ] [90m[1mreimport[22m | sparkle.ogg[39m[0m
[  15% ] [90m[1mreimport[22m | sparkle_hide_seek_found.ogg[39m[0m
[  15% ] [90m[1mreimport[22m | sparkle_hide_seek_visit.ogg[39m[0m
[  15% ] [90m[1mreimport[22m | wacky.ogg[39m[0m
[  15% ] [90m[1mreimport[22m | wacky_fail.ogg[39m[0m
[  15% ] [90m[1mreimport[22m | wacky_splash.ogg[39m[0m
[  15% ] [90m[1mreimport[22m | wacky_win.ogg[39m[0m
[  15% ] [90m[1mreimport[22m | yay.ogg[39m[0m
[  15% ] [90m[1mreimport[22m | chuck.ogg[39m[0m
[  15% ] [90m[1mreimport[22m | chuck_bark.ogg[39m[0m
[  16% ] [90m[1mreimport[22m | imp_op_farmer_copy.ogg[39m[0m
[  16% ] [90m[1mreimport[22m | imp_op_farmer_steal.ogg[39m[0m
[  16% ] [90m[1mreimport[22m | imp_op_magician_arrive.ogg[39m[0m
[  16% ] [90m[1mreimport[22m | imp_op_magician_bop.ogg[39m[0m
[  16% ] [90m[1mreimport[22m | imp_op_magician_copy.ogg[39m[0m
[  16% ] [90m[1mreimport[22m | imp_op_magician_steal.ogg[39m[0m
[  16% ] [90m[1mreimport[22m | imp_op_nursery_arrive.ogg[39m[0m
[  16% ] [90m[1mreimport[22m | imp_op_nursery_bop.ogg[39m[0m
[  16% ] [90m[1mreimport[22m | imp_op_nursery_copy.ogg[39m[0m
[  16% ] [90m[1mreimport[22m | imp_op_nursery_steal.ogg[39m[0m
[  16% ] [90m[1mreimport[22m | imp_op_painter_arrive.ogg[39m[0m
[  16% ] [90m[1mreimport[22m | imp_op_painter_bop.ogg[39m[0m
[  16% ] [90m[1mreimport[22m | imp_op_painter_copy.ogg[39m[0m
[  16% ] [90m[1mreimport[22m | imp_op_painter_steal.ogg[39m[0m
[  16% ] [90m[1mreimport[22m | imp_op_popstar_arrive.ogg[39m[0m
[  16% ] [90m[1mreimport[22m | imp_op_popstar_bop.ogg[39m[0m
[  16% ] [90m[1mreimport[22m | imp_op_popstar_copy.ogg[39m[0m
[  16% ] [90m[1mreimport[22m | imp_op_popstar_steal.ogg[39m[0m
[  16% ] [90m[1mreimport[22m | imp_op_racer_arrive.ogg[39m[0m
[  16% ] [90m[1mreimport[22m | imp_op_racer_bop.ogg[39m[0m
[  16% ] [90m[1mreimport[22m | imp_op_racer_copy.ogg[39m[0m
[  16% ] [90m[1mreimport[22m | imp_op_racer_steal.ogg[39m[0m
[  16% ] [90m[1mreimport[22m | imp_op_retry.ogg[39m[0m
[  17% ] [90m[1mreimport[22m | rosalina.ogg[39m[0m
[  17% ] [90m[1mreimport[22m | rosalina_greet.ogg[39m[0m
[  17% ] [90m[1mreimport[22m | rosalina_locked.ogg[39m[0m
[  17% ] [90m[1mreimport[22m | rosalina_open.ogg[39m[0m
[  17% ] [90m[1mreimport[22m | imp_op_astronaut_steal.ogg[39m[0m
[  17% ] [90m[1mreimport[22m | imp_op_ballerina_arrive.ogg[39m[0m
[  17% ] [90m[1mreimport[22m | imp_op_ballerina_bop.ogg[39m[0m
[  17% ] [90m[1mreimport[22m | imp_op_ballerina_copy.ogg[39m[0m
[  17% ] [90m[1mreimport[22m | imp_op_ballerina_steal.ogg[39m[0m
[  17% ] [90m[1mreimport[22m | imp_op_boxer_arrive.ogg[39m[0m
[  17% ] [90m[1mreimport[22m | imp_op_boxer_bop.ogg[39m[0m
[  17% ] [90m[1mreimport[22m | imp_op_boxer_copy.ogg[39m[0m
[  17% ] [90m[1mreimport[22m | imp_op_boxer_steal.ogg[39m[0m
[  17% ] [90m[1mreimport[22m | imp_op_candymaker_arrive.ogg[39m[0m
[  17% ] [90m[1mreimport[22m | imp_op_candymaker_bop.ogg[39m[0m
[  17% ] [90m[1mreimport[22m | imp_op_candymaker_copy.ogg[39m[0m
[  17% ] [90m[1mreimport[22m | imp_op_candymaker_steal.ogg[39m[0m
[  17% ] [90m[1mreimport[22m | imp_op_captain.ogg[39m[0m
[  17% ] [90m[1mreimport[22m | imp_op_chef_arrive.ogg[39m[0m
[  17% ] [90m[1mreimport[22m | imp_op_chef_bop.ogg[39m[0m
[  17% ] [90m[1mreimport[22m | imp_op_chef_copy.ogg[39m[0m
[  17% ] [90m[1mreimport[22m | imp_op_chef_steal.ogg[39m[0m
[  17% ] [90m[1mreimport[22m | imp_op_detective_arrive.ogg[39m[0m
[  17% ] [90m[1mreimport[22m | imp_op_detective_bop.ogg[39m[0m
[  18% ] [90m[1mreimport[22m | imp_op_detective_copy.ogg[39m[0m
[  18% ] [90m[1mreimport[22m | imp_op_detective_steal.ogg[39m[0m
[  18% ] [90m[1mreimport[22m | imp_op_doctor_arrive.ogg[39m[0m
[  18% ] [90m[1mreimport[22m | imp_op_doctor_bop.ogg[39m[0m
[  18% ] [90m[1mreimport[22m | imp_op_doctor_copy.ogg[39m[0m
[  18% ] [90m[1mreimport[22m | imp_op_doctor_steal.ogg[39m[0m
[  18% ] [90m[1mreimport[22m | imp_op_farmer_arrive.ogg[39m[0m
[  18% ] [90m[1mreimport[22m | imp_op_farmer_bop.ogg[39m[0m
[  18% ] [90m[1mreimport[22m | teacher_number_1.ogg[39m[0m
[  18% ] [90m[1mreimport[22m | teacher_number_2.ogg[39m[0m
[  18% ] [90m[1mreimport[22m | teacher_number_3.ogg[39m[0m
[  18% ] [90m[1mreimport[22m | teacher_number_4.ogg[39m[0m
[  18% ] [90m[1mreimport[22m | teacher_number_5.ogg[39m[0m
[  18% ] [90m[1mreimport[22m | teacher_number_6.ogg[39m[0m
[  18% ] [90m[1mreimport[22m | teacher_number_7.ogg[39m[0m
[  18% ] [90m[1mreimport[22m | teacher_number_8.ogg[39m[0m
[  18% ] [90m[1mreimport[22m | teacher_number_9.ogg[39m[0m
[  18% ] [90m[1mreimport[22m | teacher_number_10.ogg[39m[0m
[  18% ] [90m[1mreimport[22m | teacher_pattern.ogg[39m[0m
[  18% ] [90m[1mreimport[22m | daddy_assist_ready.ogg[39m[0m
[  18% ] [90m[1mreimport[22m | daddy_dance_talk.ogg[39m[0m
[  18% ] [90m[1mreimport[22m | daddy_dance_win.ogg[39m[0m
[  18% ] [90m[1mreimport[22m | daddy_hide_seek_found.ogg[39m[0m
[  18% ] [90m[1mreimport[22m | daddy_hide_seek_start.ogg[39m[0m
[  19% ] [90m[1mreimport[22m | daddy_hide_seek_visit.ogg[39m[0m
[  19% ] [90m[1mreimport[22m | everyone.ogg[39m[0m
[  19% ] [90m[1mreimport[22m | evie.ogg[39m[0m
[  19% ] [90m[1mreimport[22m | evie_fail.ogg[39m[0m
[  19% ] [90m[1mreimport[22m | evie_win.ogg[39m[0m
[  19% ] [90m[1mreimport[22m | harper.ogg[39m[0m
[  19% ] [90m[1mreimport[22m | picture_snowman.ogg[39m[0m
[  19% ] [90m[1mreimport[22m | picture_trampoline.ogg[39m[0m
[  19% ] [90m[1mreimport[22m | picture_xmas.ogg[39m[0m
[  19% ] [90m[1mreimport[22m | race.ogg[39m[0m
[  19% ] [90m[1mreimport[22m | seek.ogg[39m[0m
[  19% ] [90m[1mreimport[22m | shop.ogg[39m[0m
[  19% ] [90m[1mreimport[22m | stuffie_battle.ogg[39m[0m
[  19% ] [90m[1mreimport[22m | treasure.ogg[39m[0m
[  19% ] [90m[1mreimport[22m | world.ogg[39m[0m
[  19% ] [90m[1mreimport[22m | world_night.ogg[39m[0m
[  19% ] [90m[1mreimport[22m | roshan_op_racer_work.ogg[39m[0m
[  19% ] [90m[1mreimport[22m | roshan_op_racer_turbo.ogg[39m[0m
[  19% ] [90m[1mreimport[22m | roshan_op_racer_tune_up.ogg[39m[0m
[  19% ] [90m[1mreimport[22m | roshan_op_racer_trophy_chase.ogg[39m[0m
[  19% ] [90m[1mreimport[22m | roshan_op_racer_to_the_line.ogg[39m[0m
[  19% ] [90m[1mreimport[22m | roshan_op_racer_steer.ogg[39m[0m
[  19% ] [90m[1mreimport[22m | roshan_teacher_start.ogg[39m[0m
[  19% ] [90m[1mreimport[22m | teacher_add.ogg[39m[0m
[  20% ] [90m[1mreimport[22m | teacher_choose.ogg[39m[0m
[  20% ] [90m[1mreimport[22m | teacher_count.ogg[39m[0m
[  20% ] [90m[1mreimport[22m | teacher_help.ogg[39m[0m
[  20% ] [90m[1mreimport[22m | teacher_match.ogg[39m[0m
[  20% ] [90m[1mreimport[22m | imp_op_candymaker_bop.ogg[39m[0m
[  20% ] [90m[1mreimport[22m | imp_op_candymaker_copy.ogg[39m[0m
[  20% ] [90m[1mreimport[22m | imp_op_candymaker_steal.ogg[39m[0m
[  20% ] [90m[1mreimport[22m | imp_op_captain_intro.ogg[39m[0m
[  20% ] [90m[1mreimport[22m | imp_op_captain_rally.ogg[39m[0m
[  20% ] [90m[1mreimport[22m | imp_op_chef_arrive.ogg[39m[0m
[  20% ] [90m[1mreimport[22m | imp_op_chef_bop.ogg[39m[0m
[  20% ] [90m[1mreimport[22m | imp_op_chef_copy.ogg[39m[0m
[  20% ] [90m[1mreimport[22m | imp_op_chef_steal.ogg[39m[0m
[  20% ] [90m[1mreimport[22m | imp_op_detective_arrive.ogg[39m[0m
[  20% ] [90m[1mreimport[22m | imp_op_detective_bop.ogg[39m[0m
[  20% ] [90m[1mreimport[22m | imp_op_detective_copy.ogg[39m[0m
[  20% ] [90m[1mreimport[22m | imp_op_detective_steal.ogg[39m[0m
[  20% ] [90m[1mreimport[22m | imp_op_doctor_arrive.ogg[39m[0m
[  20% ] [90m[1mreimport[22m | imp_op_doctor_bop.ogg[39m[0m
[  20% ] [90m[1mreimport[22m | imp_op_doctor_copy.ogg[39m[0m
[  20% ] [90m[1mreimport[22m | imp_op_doctor_steal.ogg[39m[0m
[  20% ] [90m[1mreimport[22m | imp_op_farmer_arrive.ogg[39m[0m
[  20% ] [90m[1mreimport[22m | imp_op_farmer_bop.ogg[39m[0m
[  20% ] [90m[1mreimport[22m | imp_op_farmer_copy.ogg[39m[0m
[  21% ] [90m[1mreimport[22m | imp_op_farmer_steal.ogg[39m[0m
[  21% ] [90m[1mreimport[22m | imp_op_magician_arrive.ogg[39m[0m
[  21% ] [90m[1mreimport[22m | harper_hint.ogg[39m[0m
[  21% ] [90m[1mreimport[22m | harper_win.ogg[39m[0m
[  21% ] [90m[1mreimport[22m | huluu.ogg[39m[0m
[  21% ] [90m[1mreimport[22m | huluu_greet.ogg[39m[0m
[  21% ] [90m[1mreimport[22m | huluu_hero.ogg[39m[0m
[  21% ] [90m[1mreimport[22m | huluu_intro.ogg[39m[0m
[  21% ] [90m[1mreimport[22m | huluu_talk.ogg[39m[0m
[  21% ] [90m[1mreimport[22m | huluu_thanks.ogg[39m[0m
[  21% ] [90m[1mreimport[22m | huluu_win.ogg[39m[0m
[  21% ] [90m[1mreimport[22m | imp_op_astronaut_arrive.ogg[39m[0m
[  21% ] [90m[1mreimport[22m | imp_op_astronaut_bop.ogg[39m[0m
[  21% ] [90m[1mreimport[22m | imp_op_astronaut_copy.ogg[39m[0m
[  21% ] [90m[1mreimport[22m | imp_op_astronaut_steal.ogg[39m[0m
[  21% ] [90m[1mreimport[22m | imp_op_ballerina_arrive.ogg[39m[0m
[  21% ] [90m[1mreimport[22m | imp_op_ballerina_bop.ogg[39m[0m
[  21% ] [90m[1mreimport[22m | imp_op_ballerina_copy.ogg[39m[0m
[  21% ] [90m[1mreimport[22m | imp_op_ballerina_steal.ogg[39m[0m
[  21% ] [90m[1mreimport[22m | imp_op_boxer_arrive.ogg[39m[0m
[  21% ] [90m[1mreimport[22m | imp_op_boxer_bop.ogg[39m[0m
[  21% ] [90m[1mreimport[22m | imp_op_boxer_copy.ogg[39m[0m
[  21% ] [90m[1mreimport[22m | imp_op_boxer_steal.ogg[39m[0m
[  21% ] [90m[1mreimport[22m | imp_op_candymaker_arrive.ogg[39m[0m
[  22% ] [90m[1mreimport[22m | roshan_pearl3.ogg[39m[0m
[  22% ] [90m[1mreimport[22m | roshan_pearl2.ogg[39m[0m
[  22% ] [90m[1mreimport[22m | bubble_water.ogg[39m[0m
[  22% ] [90m[1mreimport[22m | craft_brush.ogg[39m[0m
[  22% ] [90m[1mreimport[22m | curtain_swish.ogg[39m[0m
[  22% ] [90m[1mreimport[22m | duck_squeak.ogg[39m[0m
[  22% ] [90m[1mreimport[22m | faucet_water.ogg[39m[0m
[  22% ] [90m[1mreimport[22m | fridge_close.ogg[39m[0m
[  22% ] [90m[1mreimport[22m | fridge_door.ogg[39m[0m
[  22% ] [90m[1mreimport[22m | fridge_open.ogg[39m[0m
[  22% ] [90m[1mreimport[22m | light_switch.ogg[39m[0m
[  22% ] [90m[1mreimport[22m | oven_door.ogg[39m[0m
[  22% ] [90m[1mreimport[22m | page_flip.ogg[39m[0m
[  22% ] [90m[1mreimport[22m | pan_clang.ogg[39m[0m
[  22% ] [90m[1mreimport[22m | ribbon_roll.ogg[39m[0m
[  22% ] [90m[1mreimport[22m | toilet_flush.ogg[39m[0m
[  22% ] [90m[1mreimport[22m | toy_blocks.ogg[39m[0m
[  22% ] [90m[1mreimport[22m | banjo.ogg[39m[0m
[  22% ] [90m[1mreimport[22m | castle_bubble_bath.ogg[39m[0m
[  22% ] [90m[1mreimport[22m | castle_craft_room.ogg[39m[0m
[  22% ] [90m[1mreimport[22m | castle_dining_room.ogg[39m[0m
[  22% ] [90m[1mreimport[22m | castle_family_gallery.ogg[39m[0m
[  22% ] [90m[1mreimport[22m | ui_tap.ogg[39m[0m
[  22% ] [90m[1mreimport[22m | penguin_giggle.ogg[39m[0m
[  23% ] [90m[1mreimport[22m | hop_boing.ogg[39m[0m
[  23% ] [90m[1mreimport[22m | fart.ogg[39m[0m
[  23% ] [90m[1mreimport[22m | chime.ogg[39m[0m
[  23% ] [90m[1mreimport[22m | buzz.ogg[39m[0m
[  23% ] [90m[1mreimport[22m | buy.ogg[39m[0m
[  23% ] [90m[1mreimport[22m | ambience_reef.ogg[39m[0m
[  23% ] [90m[1mreimport[22m | ambience_lagoon.ogg[39m[0m
[  23% ] [90m[1mreimport[22m | ambience_hall.ogg[39m[0m
[  23% ] [90m[1mreimport[22m | wacky_win.ogg[39m[0m
[  23% ] [90m[1mreimport[22m | wacky_splash.ogg[39m[0m
[  23% ] [90m[1mreimport[22m | wacky_fail.ogg[39m[0m
[  23% ] [90m[1mreimport[22m | wacky.ogg[39m[0m
[  23% ] [90m[1mreimport[22m | sparkle.ogg[39m[0m
[  23% ] [90m[1mreimport[22m | shop.ogg[39m[0m
[  23% ] [90m[1mreimport[22m | roshan_wreck.ogg[39m[0m
[  23% ] [90m[1mreimport[22m | roshan_win.ogg[39m[0m
[  23% ] [90m[1mreimport[22m | roshan_whale.ogg[39m[0m
[  23% ] [90m[1mreimport[22m | roshan_talk.ogg[39m[0m
[  23% ] [90m[1mreimport[22m | roshan_ship.ogg[39m[0m
[  23% ] [90m[1mreimport[22m | roshan_pearl.ogg[39m[0m
[  23% ] [90m[1mreimport[22m | level2.ogg[39m[0m
[  23% ] [90m[1mreimport[22m | melody.ogg[39m[0m
[  23% ] [90m[1mreimport[22m | northern.ogg[39m[0m
[  23% ] [90m[1mreimport[22m | opera_astronaut.ogg[39m[0m
[  24% ] [90m[1mreimport[22m | opera_ballerina.ogg[39m[0m
[  24% ] [90m[1mreimport[22m | opera_boss_dragon.ogg[39m[0m
[  24% ] [90m[1mreimport[22m | opera_boss_maestro.ogg[39m[0m
[  24% ] [90m[1mreimport[22m | opera_boss_phantom.ogg[39m[0m
[  24% ] [90m[1mreimport[22m | opera_boxer.ogg[39m[0m
[  24% ] [90m[1mreimport[22m | opera_candymaker.ogg[39m[0m
[  24% ] [90m[1mreimport[22m | opera_chef.ogg[39m[0m
[  24% ] [90m[1mreimport[22m | opera_detective.ogg[39m[0m
[  24% ] [90m[1mreimport[22m | opera_doctor.ogg[39m[0m
[  24% ] [90m[1mreimport[22m | opera_farmer.ogg[39m[0m
[  24% ] [90m[1mreimport[22m | opera_geologist.ogg[39m[0m
[  24% ] [90m[1mreimport[22m | opera_lobby.ogg[39m[0m
[  24% ] [90m[1mreimport[22m | opera_magician.ogg[39m[0m
[  24% ] [90m[1mreimport[22m | opera_nursery.ogg[39m[0m
[  24% ] [90m[1mreimport[22m | opera_painter.ogg[39m[0m
[  24% ] [90m[1mreimport[22m | opera_popstar.ogg[39m[0m
[  24% ] [90m[1mreimport[22m | opera_racer.ogg[39m[0m
[  24% ] [90m[1mreimport[22m | picture_garden.ogg[39m[0m
[  24% ] [90m[1mreimport[22m | castle_kitchen.ogg[39m[0m
[  24% ] [90m[1mreimport[22m | castle_library.ogg[39m[0m
[  24% ] [90m[1mreimport[22m | castle_mermaid_pool.ogg[39m[0m
[  24% ] [90m[1mreimport[22m | castle_movie_lounge.ogg[39m[0m
[  24% ] [90m[1mreimport[22m | castle_open.ogg[39m[0m
[  25% ] [90m[1mreimport[22m | castle_opera_hall.ogg[39m[0m
[  25% ] [90m[1mreimport[22m | castle_playroom.ogg[39m[0m
[  25% ] [90m[1mreimport[22m | castle_royal_bedroom.ogg[39m[0m
[  25% ] [90m[1mreimport[22m | castle_sleepover_bedroom.ogg[39m[0m
[  25% ] [90m[1mreimport[22m | combat_fire.ogg[39m[0m
[  25% ] [90m[1mreimport[22m | combat_ice.ogg[39m[0m
[  25% ] [90m[1mreimport[22m | combat_tutorial.ogg[39m[0m
[  25% ] [90m[1mreimport[22m | dolls.ogg[39m[0m
[  25% ] [90m[1mreimport[22m | dungeon_ember.ogg[39m[0m
[  25% ] [90m[1mreimport[22m | dungeon_ice.ogg[39m[0m
[  25% ] [90m[1mreimport[22m | dustboss.ogg[39m[0m
[  25% ] [90m[1mreimport[22m | ember.ogg[39m[0m
[  25% ] [90m[1mreimport[22m | fetch.ogg[39m[0m
[  25% ] [90m[1mreimport[22m | finale.ogg[39m[0m
[  25% ] [90m[1mreimport[22m | galaxy.ogg[39m[0m
[  25% ] [90m[1mreimport[22m | hall.ogg[39m[0m
[  25% ] [90m[1mreimport[22m | home.ogg[39m[0m
[  25% ] [90m[1mreimport[22m | roshan_day1_art_scrub_right_hint.ogg[39m[0m
[  25% ] [90m[1mreimport[22m | roshan_day1_bathroom_basket_hint.ogg[39m[0m
[  25% ] [90m[1mreimport[22m | roshan_day1_bathroom_basket_open.ogg[39m[0m
[  25% ] [90m[1mreimport[22m | roshan_day1_bathroom_cleanup_done.ogg[39m[0m
[  25% ] [90m[1mreimport[22m | roshan_day1_bathroom_cleanup_start.ogg[39m[0m
[  25% ] [90m[1mreimport[22m | roshan_day1_bathroom_enter.ogg[39m[0m
[  25% ] [90m[1mreimport[22m | roshan_day1_bathroom_find_basket.ogg[39m[0m
[  26% ] [90m[1mreimport[22m | roshan_day1_bathroom_sink_clean.ogg[39m[0m
[  26% ] [90m[1mreimport[22m | roshan_day1_bathroom_sink_scrub.ogg[39m[0m
[  26% ] [90m[1mreimport[22m | roshan_day1_bathroom_sink_start.ogg[39m[0m
[  26% ] [90m[1mreimport[22m | roshan_day1_bathroom_supplies_found.ogg[39m[0m
[  26% ] [90m[1mreimport[22m | roshan_day1_bathroom_to_pool.ogg[39m[0m
[  26% ] [90m[1mreimport[22m | roshan_day1_bathroom_tub_brush.ogg[39m[0m
[  26% ] [90m[1mreimport[22m | roshan_day1_bathroom_tub_clean.ogg[39m[0m
[  26% ] [90m[1mreimport[22m | roshan_day1_bathroom_tub_drain.ogg[39m[0m
[  26% ] [90m[1mreimport[22m | roshan_day1_bathroom_tub_drain_complete.ogg[39m[0m
[  26% ] [90m[1mreimport[22m | roshan_day1_bathroom_tub_drain_hint.ogg[39m[0m
[  26% ] [90m[1mreimport[22m | roshan_day1_bathroom_tub_safety.ogg[39m[0m
[  26% ] [90m[1mreimport[22m | roshan_day1_boss_bump.ogg[39m[0m
[  26% ] [90m[1mreimport[22m | roshan_day1_boss_closer.ogg[39m[0m
[  26% ] [90m[1mreimport[22m | roshan_day1_boss_defeated.ogg[39m[0m
[  26% ] [90m[1mreimport[22m | roshan_day1_boss_dodge.ogg[39m[0m
[  26% ] [90m[1mreimport[22m | roshan_day1_arrival_plane.ogg[39m[0m
[  26% ] [90m[1mreimport[22m | roshan_day1_art_complete.ogg[39m[0m
[  26% ] [90m[1mreimport[22m | roshan_day1_art_customization_confirmed.ogg[39m[0m
[  26% ] [90m[1mreimport[22m | roshan_day1_art_desk_hint.ogg[39m[0m
[  26% ] [90m[1mreimport[22m | roshan_day1_art_desk_open.ogg[39m[0m
[  26% ] [90m[1mreimport[22m | roshan_day1_art_desk_unlock.ogg[39m[0m
[  26% ] [90m[1mreimport[22m | roshan_day1_art_enter.ogg[39m[0m
[  26% ] [90m[1mreimport[22m | roshan_day1_art_materials_complete.ogg[39m[0m
[  26% ] [90m[1mreimport[22m | roshan_day1_art_material_blue_paint_found.ogg[39m[0m
[  27% ] [90m[1mreimport[22m | roshan_day1_art_material_blue_paint_hint.ogg[39m[0m
[  27% ] [90m[1mreimport[22m | roshan_day1_art_material_brushes_found.ogg[39m[0m
[  27% ] [90m[1mreimport[22m | roshan_day1_art_material_brushes_hint.ogg[39m[0m
[  27% ] [90m[1mreimport[22m | roshan_day1_art_material_cups_found.ogg[39m[0m
[  27% ] [90m[1mreimport[22m | roshan_day1_art_material_cups_hint.ogg[39m[0m
[  27% ] [90m[1mreimport[22m | roshan_day1_art_material_pink_paint_found.ogg[39m[0m
[  27% ] [90m[1mreimport[22m | roshan_day1_art_material_pink_paint_hint.ogg[39m[0m
[  27% ] [90m[1mreimport[22m | roshan_day1_art_scrub_desk.ogg[39m[0m
[  27% ] [90m[1mreimport[22m | roshan_day1_art_scrub_desk_clean.ogg[39m[0m
[  27% ] [90m[1mreimport[22m | roshan_day1_art_scrub_desk_hint.ogg[39m[0m
[  27% ] [90m[1mreimport[22m | roshan_day1_art_scrub_left_clean.ogg[39m[0m
[  27% ] [90m[1mreimport[22m | roshan_day1_art_scrub_left_hint.ogg[39m[0m
[  27% ] [90m[1mreimport[22m | roshan_day1_art_scrub_right_clean.ogg[39m[0m
[  27% ] [90m[1mreimport[22m | roshan_day1_pool_rumi_reply.ogg[39m[0m
[  27% ] [90m[1mreimport[22m | roshan_day1_pool_seahorse_clean.ogg[39m[0m
[  27% ] [90m[1mreimport[22m | roshan_day1_pool_seahorse_early.ogg[39m[0m
[  27% ] [90m[1mreimport[22m | roshan_day1_pool_seahorse_final.ogg[39m[0m
[  27% ] [90m[1mreimport[22m | roshan_day1_pool_seahorse_free.ogg[39m[0m
[  27% ] [90m[1mreimport[22m | roshan_day1_pool_seahorse_hint.ogg[39m[0m
[  27% ] [90m[1mreimport[22m | roshan_day1_pool_seahorse_middle.ogg[39m[0m
[  27% ] [90m[1mreimport[22m | roshan_day1_pool_skimmer_01.ogg[39m[0m
[  27% ] [90m[1mreimport[22m | roshan_day1_pool_skimmer_02.ogg[39m[0m
[  27% ] [90m[1mreimport[22m | roshan_day1_pool_skimmer_03.ogg[39m[0m
[  27% ] [90m[1mreimport[22m | roshan_day1_pool_skimmer_04.ogg[39m[0m
[  28% ] [90m[1mreimport[22m | roshan_day1_pool_skimmer_05.ogg[39m[0m
[  28% ] [90m[1mreimport[22m | roshan_day1_pool_skimmer_06.ogg[39m[0m
[  28% ] [90m[1mreimport[22m | roshan_day1_pool_skimmer_clean.ogg[39m[0m
[  28% ] [90m[1mreimport[22m | roshan_day1_pool_skimmer_complete.ogg[39m[0m
[  28% ] [90m[1mreimport[22m | roshan_day1_pool_skimmer_hint.ogg[39m[0m
[  28% ] [90m[1mreimport[22m | roshan_day1_pool_waterfall_clean.ogg[39m[0m
[  28% ] [90m[1mreimport[22m | roshan_day1_pool_waterfall_complete.ogg[39m[0m
[  28% ] [90m[1mreimport[22m | roshan_day1_pool_waterfall_hint.ogg[39m[0m
[  28% ] [90m[1mreimport[22m | roshan_day1_pool_waterfall_lane_center.ogg[39m[0m
[  28% ] [90m[1mreimport[22m | roshan_day1_pool_waterfall_lane_left.ogg[39m[0m
[  28% ] [90m[1mreimport[22m | roshan_day1_pool_waterfall_lane_right.ogg[39m[0m
[  28% ] [90m[1mreimport[22m | roshan_day1_boss_dodge_prompt.ogg[39m[0m
[  28% ] [90m[1mreimport[22m | roshan_day1_boss_dodge_success.ogg[39m[0m
[  28% ] [90m[1mreimport[22m | roshan_day1_boss_door_glow.ogg[39m[0m
[  28% ] [90m[1mreimport[22m | roshan_day1_boss_enraged.ogg[39m[0m
[  28% ] [90m[1mreimport[22m | roshan_day1_boss_hit.ogg[39m[0m
[  28% ] [90m[1mreimport[22m | roshan_day1_boss_hit_first.ogg[39m[0m
[  28% ] [90m[1mreimport[22m | roshan_day1_boss_hit_second.ogg[39m[0m
[  28% ] [90m[1mreimport[22m | roshan_day1_boss_intro.ogg[39m[0m
[  28% ] [90m[1mreimport[22m | roshan_day1_boss_reminder_almost.ogg[39m[0m
[  28% ] [90m[1mreimport[22m | roshan_day1_boss_reminder_closer.ogg[39m[0m
[  28% ] [90m[1mreimport[22m | roshan_day1_boss_reminder_dim.ogg[39m[0m
[  28% ] [90m[1mreimport[22m | roshan_day1_boss_reminder_mercy.ogg[39m[0m
[  28% ] [90m[1mreimport[22m | roshan_day1_boss_tell_opening.ogg[39m[0m
[  29% ] [90m[1mreimport[22m | roshan_day1_boss_wait_gold.ogg[39m[0m
[  29% ] [90m[1mreimport[22m | roshan_day1_dirty_castle_discovery.ogg[39m[0m
[  29% ] [90m[1mreimport[22m | roshan_day1_finale_day_two.ogg[39m[0m
[  29% ] [90m[1mreimport[22m | roshan_day1_fridge_close.ogg[39m[0m
[  29% ] [90m[1mreimport[22m | roshan_day1_fridge_menu.ogg[39m[0m
[  29% ] [90m[1mreimport[22m | roshan_day1_fridge_open.ogg[39m[0m
[  29% ] [90m[1mreimport[22m | roshan_day1_pool_complete.ogg[39m[0m
[  29% ] [90m[1mreimport[22m | roshan_day1_pool_enter.ogg[39m[0m
[  29% ] [90m[1mreimport[22m | roshan_day1_pool_meet_rumi.ogg[39m[0m
[  29% ] [90m[1mreimport[22m | rosalina_greet.ogg[39m[0m
[  29% ] [90m[1mreimport[22m | rosalina_locked.ogg[39m[0m
[  29% ] [90m[1mreimport[22m | rosalina_open.ogg[39m[0m
[  29% ] [90m[1mreimport[22m | rosalina_op_detective_ask_rosalina.ogg[39m[0m
[  29% ] [90m[1mreimport[22m | rosalina_op_detective_hint_fountain.ogg[39m[0m
[  29% ] [90m[1mreimport[22m | rosalina_win.ogg[39m[0m
[  29% ] [90m[1mreimport[22m | roshan_art_studio_hint.ogg[39m[0m
[  29% ] [90m[1mreimport[22m | roshan_art_studio_material_hint.ogg[39m[0m
[  29% ] [90m[1mreimport[22m | roshan_art_studio_scrub_hint.ogg[39m[0m
[  29% ] [90m[1mreimport[22m | roshan_bathroom_basket_hint.ogg[39m[0m
[  29% ] [90m[1mreimport[22m | roshan_bathroom_cleanup_done.ogg[39m[0m
[  29% ] [90m[1mreimport[22m | roshan_bathroom_cleanup_start.ogg[39m[0m
[  29% ] [90m[1mreimport[22m | roshan_bathroom_sink_scrub.ogg[39m[0m
[  29% ] [90m[1mreimport[22m | roshan_bathroom_supplies_found.ogg[39m[0m
[  29% ] [90m[1mreimport[22m | roshan_bathroom_tub_brush.ogg[39m[0m
[  30% ] [90m[1mreimport[22m | roshan_bathroom_tub_drain.ogg[39m[0m
[  30% ] [90m[1mreimport[22m | roshan_beans.ogg[39m[0m
[  30% ] [90m[1mreimport[22m | roshan_bump.ogg[39m[0m
[  30% ] [90m[1mreimport[22m | roshan_carry_first_scoop.ogg[39m[0m
[  30% ] [90m[1mreimport[22m | roshan_castle_bath_enter.ogg[39m[0m
[  30% ] [90m[1mreimport[22m | roshan_castle_bedroom_enter.ogg[39m[0m
[  30% ] [90m[1mreimport[22m | roshan_castle_cosy_seat.ogg[39m[0m
[  30% ] [90m[1mreimport[22m | imp_op_magician_bop.ogg[39m[0m
[  30% ] [90m[1mreimport[22m | imp_op_magician_copy.ogg[39m[0m
[  30% ] [90m[1mreimport[22m | imp_op_magician_steal.ogg[39m[0m
[  30% ] [90m[1mreimport[22m | imp_op_nursery_arrive.ogg[39m[0m
[  30% ] [90m[1mreimport[22m | imp_op_nursery_bop.ogg[39m[0m
[  30% ] [90m[1mreimport[22m | imp_op_nursery_copy.ogg[39m[0m
[  30% ] [90m[1mreimport[22m | imp_op_nursery_steal.ogg[39m[0m
[  30% ] [90m[1mreimport[22m | imp_op_painter_arrive.ogg[39m[0m
[  30% ] [90m[1mreimport[22m | imp_op_painter_bop.ogg[39m[0m
[  30% ] [90m[1mreimport[22m | imp_op_painter_copy.ogg[39m[0m
[  30% ] [90m[1mreimport[22m | imp_op_painter_steal.ogg[39m[0m
[  30% ] [90m[1mreimport[22m | imp_op_popstar_arrive.ogg[39m[0m
[  30% ] [90m[1mreimport[22m | imp_op_popstar_bop.ogg[39m[0m
[  30% ] [90m[1mreimport[22m | imp_op_popstar_copy.ogg[39m[0m
[  30% ] [90m[1mreimport[22m | imp_op_popstar_steal.ogg[39m[0m
[  30% ] [90m[1mreimport[22m | imp_op_racer_arrive.ogg[39m[0m
[  30% ] [90m[1mreimport[22m | imp_op_racer_bop.ogg[39m[0m
[  31% ] [90m[1mreimport[22m | imp_op_racer_copy.ogg[39m[0m
[  31% ] [90m[1mreimport[22m | imp_op_racer_steal.ogg[39m[0m
[  31% ] [90m[1mreimport[22m | imp_op_retry.ogg[39m[0m
[  31% ] [90m[1mreimport[22m | mewsha_win.ogg[39m[0m
[  31% ] [90m[1mreimport[22m | rosalina.ogg[39m[0m
[  31% ] [90m[1mreimport[22m | roshan_castle_sleepover_enter.ogg[39m[0m
[  31% ] [90m[1mreimport[22m | roshan_collection_book_open.ogg[39m[0m
[  31% ] [90m[1mreimport[22m | roshan_combat_dust_done.ogg[39m[0m
[  31% ] [90m[1mreimport[22m | roshan_combat_dust_start.ogg[39m[0m
[  31% ] [90m[1mreimport[22m | roshan_combat_fire_done.ogg[39m[0m
[  31% ] [90m[1mreimport[22m | roshan_combat_fire_start.ogg[39m[0m
[  31% ] [90m[1mreimport[22m | roshan_combat_ice_done.ogg[39m[0m
[  31% ] [90m[1mreimport[22m | roshan_combat_ice_start.ogg[39m[0m
[  31% ] [90m[1mreimport[22m | roshan_combat_shield_bounce.ogg[39m[0m
[  31% ] [90m[1mreimport[22m | roshan_craft_need_pearls.ogg[39m[0m
[  31% ] [90m[1mreimport[22m | roshan_d1_c00_s01_roshan_flight.ogg[39m[0m
[  31% ] [90m[1mreimport[22m | roshan_d1_c00_s02_roshan_view.ogg[39m[0m
[  31% ] [90m[1mreimport[22m | roshan_d1_c00_s03_roshan_discovery.ogg[39m[0m
[  31% ] [90m[1mreimport[22m | roshan_d1_c00_s04_roshan_handhold.ogg[39m[0m
[  31% ] [90m[1mreimport[22m | roshan_d1_c00_s05_roshan_lagoon_reveal.ogg[39m[0m
[  31% ] [90m[1mreimport[22m | roshan_d1_c00_s06_roshan_prepare_land.ogg[39m[0m
[  31% ] [90m[1mreimport[22m | roshan_d1_c01_s01_roshan_landed.ogg[39m[0m
[  31% ] [90m[1mreimport[22m | roshan_d1_c01_s02_roshan_handhold.ogg[39m[0m
[  31% ] [90m[1mreimport[22m | roshan_d1_c01_s03_roshan_walk_castle.ogg[39m[0m
[  32% ] [90m[1mreimport[22m | roshan_d1_c01_s04_roshan_castle_doors.ogg[39m[0m
[  32% ] [90m[1mreimport[22m | roshan_day1_arrival_castle.ogg[39m[0m
[  32% ] [90m[1mreimport[22m | roshan_day1_arrival_movie.ogg[39m[0m
[  32% ] [90m[1mreimport[22m | roshan_castle_craft_enter.ogg[39m[0m
[  32% ] [90m[1mreimport[22m | roshan_castle_crown_star.ogg[39m[0m
[  32% ] [90m[1mreimport[22m | roshan_castle_dining_enter.ogg[39m[0m
[  32% ] [90m[1mreimport[22m | roshan_castle_door_resting.ogg[39m[0m
[  32% ] [90m[1mreimport[22m | roshan_castle_fairy_open.ogg[39m[0m
[  32% ] [90m[1mreimport[22m | roshan_castle_gallery_enter.ogg[39m[0m
[  32% ] [90m[1mreimport[22m | roshan_castle_home.ogg[39m[0m
[  32% ] [90m[1mreimport[22m | roshan_castle_home_back.ogg[39m[0m
[  32% ] [90m[1mreimport[22m | roshan_castle_home_day_one.ogg[39m[0m
[  32% ] [90m[1mreimport[22m | roshan_castle_kitchen_enter.ogg[39m[0m
[  32% ] [90m[1mreimport[22m | roshan_castle_kitchen_menu.ogg[39m[0m
[  32% ] [90m[1mreimport[22m | roshan_castle_library_enter.ogg[39m[0m
[  32% ] [90m[1mreimport[22m | roshan_castle_logo_open.ogg[39m[0m
[  32% ] [90m[1mreimport[22m | roshan_castle_logo_saved.ogg[39m[0m
[  32% ] [90m[1mreimport[22m | roshan_castle_main_hall_enter.ogg[39m[0m
[  32% ] [90m[1mreimport[22m | roshan_castle_mist_resting.ogg[39m[0m
[  32% ] [90m[1mreimport[22m | roshan_castle_movie_enter.ogg[39m[0m
[  32% ] [90m[1mreimport[22m | roshan_castle_opera_enter.ogg[39m[0m
[  32% ] [90m[1mreimport[22m | roshan_castle_playroom_enter.ogg[39m[0m
[  32% ] [90m[1mreimport[22m | roshan_castle_playroom_rescue_start.ogg[39m[0m
[  32% ] [90m[1mreimport[22m | roshan_castle_pool_enter.ogg[39m[0m
[  33% ] [90m[1mreimport[22m | voice_yay.mp3[39m[0m
[  33% ] [90m[1mreimport[22m | roshan_op_doctor_bandage.ogg[39m[0m
[  33% ] [90m[1mreimport[22m | roshan_op_doctor_bandage_stage.ogg[39m[0m
[  33% ] [90m[1mreimport[22m | roshan_op_doctor_cast.ogg[39m[0m
[  33% ] [90m[1mreimport[22m | roshan_op_doctor_cast_stage.ogg[39m[0m
[  33% ] [90m[1mreimport[22m | roshan_op_doctor_find.ogg[39m[0m
[  33% ] [90m[1mreimport[22m | roshan_op_doctor_find_stage.ogg[39m[0m
[  33% ] [90m[1mreimport[22m | roshan_op_doctor_imps.ogg[39m[0m
[  33% ] [90m[1mreimport[22m | roshan_op_doctor_plushy_chase.ogg[39m[0m
[  33% ] [90m[1mreimport[22m | roshan_op_doctor_wash.ogg[39m[0m
[  33% ] [90m[1mreimport[22m | roshan_op_doctor_wash_stage.ogg[39m[0m
[  33% ] [90m[1mreimport[22m | roshan_op_doctor_work.ogg[39m[0m
[  33% ] [90m[1mreimport[22m | roshan_op_doctor_x_ray.ogg[39m[0m
[  33% ] [90m[1mreimport[22m | roshan_op_doctor_x_ray_stage.ogg[39m[0m
[  33% ] [90m[1mreimport[22m | roshan_op_farmer_feed.ogg[39m[0m
[  33% ] [90m[1mreimport[22m | roshan_op_farmer_feed_stage.ogg[39m[0m
[  33% ] [90m[1mreimport[22m | roshan_op_farmer_herd.ogg[39m[0m
[  33% ] [90m[1mreimport[22m | roshan_op_farmer_herd_stage.ogg[39m[0m
[  33% ] [90m[1mreimport[22m | roshan_op_farmer_imps.ogg[39m[0m
[  33% ] [90m[1mreimport[22m | roshan_op_farmer_mud_hop.ogg[39m[0m
[  33% ] [90m[1mreimport[22m | roshan_op_farmer_picnic.ogg[39m[0m
[  33% ] [90m[1mreimport[22m | roshan_op_farmer_picnic_stage.ogg[39m[0m
[  33% ] [90m[1mreimport[22m | roshan_op_farmer_piggy_chase.ogg[39m[0m
[  34% ] [90m[1mreimport[22m | roshan_op_farmer_plant.ogg[39m[0m
[  34% ] [90m[1mreimport[22m | roshan_op_farmer_plant_stage.ogg[39m[0m
[  34% ] [90m[1mreimport[22m | roshan_op_farmer_work.ogg[39m[0m
[  34% ] [90m[1mreimport[22m | roshan_op_magician_bunny_chase.ogg[39m[0m
[  34% ] [90m[1mreimport[22m | roshan_op_magician_cabinet.ogg[39m[0m
[  34% ] [90m[1mreimport[22m | roshan_op_chef_pipe.ogg[39m[0m
[  34% ] [90m[1mreimport[22m | roshan_op_chef_pipe_stage.ogg[39m[0m
[  34% ] [90m[1mreimport[22m | roshan_op_chef_pour.ogg[39m[0m
[  34% ] [90m[1mreimport[22m | roshan_op_chef_pour_stage.ogg[39m[0m
[  34% ] [90m[1mreimport[22m | roshan_op_chef_stir.ogg[39m[0m
[  34% ] [90m[1mreimport[22m | roshan_op_chef_stir_stage.ogg[39m[0m
[  34% ] [90m[1mreimport[22m | roshan_op_chef_top.ogg[39m[0m
[  34% ] [90m[1mreimport[22m | roshan_op_chef_top_stage.ogg[39m[0m
[  34% ] [90m[1mreimport[22m | roshan_op_chef_work.ogg[39m[0m
[  34% ] [90m[1mreimport[22m | roshan_op_detective_clues.ogg[39m[0m
[  34% ] [90m[1mreimport[22m | roshan_op_detective_imps.ogg[39m[0m
[  34% ] [90m[1mreimport[22m | roshan_op_detective_lens.ogg[39m[0m
[  34% ] [90m[1mreimport[22m | roshan_op_detective_lens_stage.ogg[39m[0m
[  34% ] [90m[1mreimport[22m | roshan_op_detective_lens_stairs.ogg[39m[0m
[  34% ] [90m[1mreimport[22m | roshan_op_detective_match.ogg[39m[0m
[  34% ] [90m[1mreimport[22m | roshan_op_detective_name.ogg[39m[0m
[  34% ] [90m[1mreimport[22m | roshan_op_detective_peek.ogg[39m[0m
[  34% ] [90m[1mreimport[22m | roshan_op_detective_search.ogg[39m[0m
[  34% ] [90m[1mreimport[22m | roshan_op_detective_search_fountain.ogg[39m[0m
[  35% ] [90m[1mreimport[22m | roshan_op_detective_team_corner.ogg[39m[0m
[  35% ] [90m[1mreimport[22m | roshan_op_detective_tiara_chase.ogg[39m[0m
[  35% ] [90m[1mreimport[22m | roshan_op_detective_tiptoe.ogg[39m[0m
[  35% ] [90m[1mreimport[22m | roshan_op_detective_to_clock.ogg[39m[0m
[  35% ] [90m[1mreimport[22m | roshan_op_detective_to_fountain.ogg[39m[0m
[  35% ] [90m[1mreimport[22m | roshan_op_detective_trail.ogg[39m[0m
[  35% ] [90m[1mreimport[22m | roshan_op_detective_trail_trick.ogg[39m[0m
[  35% ] [90m[1mreimport[22m | roshan_op_detective_work.ogg[39m[0m
[  35% ] [90m[1mreimport[22m | roshan_op_popstar_dance.ogg[39m[0m
[  35% ] [90m[1mreimport[22m | roshan_op_popstar_encore.ogg[39m[0m
[  35% ] [90m[1mreimport[22m | roshan_op_popstar_encore_stage.ogg[39m[0m
[  35% ] [90m[1mreimport[22m | roshan_op_popstar_imps.ogg[39m[0m
[  35% ] [90m[1mreimport[22m | roshan_op_popstar_mic_chase.ogg[39m[0m
[  35% ] [90m[1mreimport[22m | roshan_op_popstar_rhythm.ogg[39m[0m
[  35% ] [90m[1mreimport[22m | roshan_op_popstar_rhythm_stage.ogg[39m[0m
[  35% ] [90m[1mreimport[22m | roshan_op_popstar_sound_check.ogg[39m[0m
[  35% ] [90m[1mreimport[22m | roshan_op_popstar_sound_check_stage.ogg[39m[0m
[  35% ] [90m[1mreimport[22m | roshan_op_popstar_work.ogg[39m[0m
[  35% ] [90m[1mreimport[22m | roshan_op_racer_finish.ogg[39m[0m
[  35% ] [90m[1mreimport[22m | roshan_op_racer_imps.ogg[39m[0m
[  35% ] [90m[1mreimport[22m | roshan_op_racer_lap_two.ogg[39m[0m
[  35% ] [90m[1mreimport[22m | roshan_op_racer_steer.ogg[39m[0m
[  35% ] [90m[1mreimport[22m | roshan_op_racer_to_the_line.ogg[39m[0m
[  35% ] [90m[1mreimport[22m | roshan_op_racer_to_the_line_stage.ogg[39m[0m
[  36% ] [90m[1mreimport[22m | roshan_op_racer_trophy_chase.ogg[39m[0m
[  36% ] [90m[1mreimport[22m | roshan_op_racer_tune_up.ogg[39m[0m
[  36% ] [90m[1mreimport[22m | roshan_op_racer_tune_up_stage.ogg[39m[0m
[  36% ] [90m[1mreimport[22m | roshan_op_racer_turbo.ogg[39m[0m
[  36% ] [90m[1mreimport[22m | roshan_op_racer_work.ogg[39m[0m
[  36% ] [90m[1mreimport[22m | roshan_pearl2.ogg[39m[0m
[  36% ] [90m[1mreimport[22m | roshan_pearl3.ogg[39m[0m
[  36% ] [90m[1mreimport[22m | roshan_pearl.ogg[39m[0m
[  36% ] [90m[1mreimport[22m | roshan_pool_seahorse_clean.ogg[39m[0m
[  36% ] [90m[1mreimport[22m | roshan_pool_surface_clean.ogg[39m[0m
[  36% ] [90m[1mreimport[22m | roshan_pool_waterfall_clean.ogg[39m[0m
[  36% ] [90m[1mreimport[22m | roshan_op_magician_cabinet_stage.ogg[39m[0m
[  36% ] [90m[1mreimport[22m | roshan_op_magician_imps.ogg[39m[0m
[  36% ] [90m[1mreimport[22m | roshan_op_magician_portal.ogg[39m[0m
[  36% ] [90m[1mreimport[22m | roshan_op_magician_portal_stage.ogg[39m[0m
[  36% ] [90m[1mreimport[22m | roshan_op_magician_rope.ogg[39m[0m
[  36% ] [90m[1mreimport[22m | roshan_op_magician_rope_stage.ogg[39m[0m
[  36% ] [90m[1mreimport[22m | roshan_op_magician_track.ogg[39m[0m
[  36% ] [90m[1mreimport[22m | roshan_op_magician_vanish.ogg[39m[0m
[  36% ] [90m[1mreimport[22m | roshan_op_magician_vanish_stage.ogg[39m[0m
[  36% ] [90m[1mreimport[22m | roshan_op_magician_work.ogg[39m[0m
[  36% ] [90m[1mreimport[22m | roshan_op_nursery_baby_chase.ogg[39m[0m
[  36% ] [90m[1mreimport[22m | roshan_op_nursery_burp.ogg[39m[0m
[  36% ] [90m[1mreimport[22m | roshan_op_nursery_burp_stage.ogg[39m[0m
[  37% ] [90m[1mreimport[22m | roshan_op_nursery_imps.ogg[39m[0m
[  37% ] [90m[1mreimport[22m | roshan_op_nursery_wash.ogg[39m[0m
[  37% ] [90m[1mreimport[22m | roshan_op_nursery_wash_stage.ogg[39m[0m
[  37% ] [90m[1mreimport[22m | roshan_op_nursery_work.ogg[39m[0m
[  37% ] [90m[1mreimport[22m | roshan_op_painter_fill.ogg[39m[0m
[  37% ] [90m[1mreimport[22m | roshan_op_painter_imps.ogg[39m[0m
[  37% ] [90m[1mreimport[22m | roshan_op_painter_reveal.ogg[39m[0m
[  37% ] [90m[1mreimport[22m | roshan_op_painter_reveal_stage.ogg[39m[0m
[  37% ] [90m[1mreimport[22m | roshan_op_painter_sketch.ogg[39m[0m
[  37% ] [90m[1mreimport[22m | roshan_op_painter_sketch_stage.ogg[39m[0m
[  37% ] [90m[1mreimport[22m | roshan_op_painter_splat.ogg[39m[0m
[  37% ] [90m[1mreimport[22m | roshan_op_painter_splat_stage.ogg[39m[0m
[  37% ] [90m[1mreimport[22m | roshan_op_painter_strokes.ogg[39m[0m
[  37% ] [90m[1mreimport[22m | roshan_op_painter_sunrise_chase.ogg[39m[0m
[  37% ] [90m[1mreimport[22m | roshan_op_painter_work.ogg[39m[0m
[  37% ] [90m[1mreimport[22m | roshan_dustboss_again_mercy.ogg[39m[0m
[  37% ] [90m[1mreimport[22m | roshan_dustboss_again_miss.ogg[39m[0m
[  37% ] [90m[1mreimport[22m | roshan_dustboss_angry.ogg[39m[0m
[  37% ] [90m[1mreimport[22m | roshan_dustboss_closer.ogg[39m[0m
[  37% ] [90m[1mreimport[22m | roshan_dustboss_dizzy_first.ogg[39m[0m
[  37% ] [90m[1mreimport[22m | roshan_dustboss_dizzy_round.ogg[39m[0m
[  37% ] [90m[1mreimport[22m | roshan_dustboss_dodge.ogg[39m[0m
[  37% ] [90m[1mreimport[22m | roshan_dustboss_dodge_yes.ogg[39m[0m
[  37% ] [90m[1mreimport[22m | roshan_dustboss_hit.ogg[39m[0m
[  38% ] [90m[1mreimport[22m | roshan_dustboss_leap.ogg[39m[0m
[  38% ] [90m[1mreimport[22m | roshan_dustboss_show.ogg[39m[0m
[  38% ] [90m[1mreimport[22m | roshan_dustboss_tell_dim.ogg[39m[0m
[  38% ] [90m[1mreimport[22m | roshan_dustboss_tell_opening.ogg[39m[0m
[  38% ] [90m[1mreimport[22m | roshan_dustboss_tell_shielded.ogg[39m[0m
[  38% ] [90m[1mreimport[22m | roshan_dustboss_win.ogg[39m[0m
[  38% ] [90m[1mreimport[22m | roshan_fail.ogg[39m[0m
[  38% ] [90m[1mreimport[22m | roshan_fairy_home.ogg[39m[0m
[  38% ] [90m[1mreimport[22m | roshan_fairy_road.ogg[39m[0m
[  38% ] [90m[1mreimport[22m | roshan_grotto_discovered.ogg[39m[0m
[  38% ] [90m[1mreimport[22m | roshan_hide_seek_hint.ogg[39m[0m
[  38% ] [90m[1mreimport[22m | roshan_hungry.ogg[39m[0m
[  38% ] [90m[1mreimport[22m | roshan_idle1.ogg[39m[0m
[  38% ] [90m[1mreimport[22m | roshan_idle2.ogg[39m[0m
[  38% ] [90m[1mreimport[22m | roshan_idle3.ogg[39m[0m
[  38% ] [90m[1mreimport[22m | roshan_intro1.ogg[39m[0m
[  38% ] [90m[1mreimport[22m | roshan_intro2.ogg[39m[0m
[  38% ] [90m[1mreimport[22m | roshan_intro3.ogg[39m[0m
[  38% ] [90m[1mreimport[22m | roshan_day1_recipe_carrot_ready.ogg[39m[0m
[  38% ] [90m[1mreimport[22m | roshan_day1_recipe_carrot_select.ogg[39m[0m
[  38% ] [90m[1mreimport[22m | roshan_day1_recipe_pearl_ready.ogg[39m[0m
[  38% ] [90m[1mreimport[22m | roshan_day1_recipe_pearl_select.ogg[39m[0m
[  38% ] [90m[1mreimport[22m | roshan_day1_recipe_ready.ogg[39m[0m
[  38% ] [90m[1mreimport[22m | roshan_day1_stuffie_clean_bunny.ogg[39m[0m
[  39% ] [90m[1mreimport[22m | roshan_day1_stuffie_complete.ogg[39m[0m
[  39% ] [90m[1mreimport[22m | roshan_day1_stuffie_eagle_saved.ogg[39m[0m
[  39% ] [90m[1mreimport[22m | roshan_day1_stuffie_enter.ogg[39m[0m
[  39% ] [90m[1mreimport[22m | roshan_day1_stuffie_find_bunny.ogg[39m[0m
[  39% ] [90m[1mreimport[22m | roshan_day1_stuffie_pin_left_loose.ogg[39m[0m
[  39% ] [90m[1mreimport[22m | roshan_day1_stuffie_pin_right_loose.ogg[39m[0m
[  39% ] [90m[1mreimport[22m | roshan_day1_stuffie_rescue_start.ogg[39m[0m
[  39% ] [90m[1mreimport[22m | roshan_day1_stuffie_tutorial.ogg[39m[0m
[  39% ] [90m[1mreimport[22m | roshan_day_one_all_rooms_clean.ogg[39m[0m
[  39% ] [90m[1mreimport[22m | roshan_day_one_finish_current.ogg[39m[0m
[  39% ] [90m[1mreimport[22m | roshan_day_one_jobs_resting.ogg[39m[0m
[  39% ] [90m[1mreimport[22m | roshan_day_one_new_door.ogg[39m[0m
[  39% ] [90m[1mreimport[22m | roshan_day_one_pool_ready.ogg[39m[0m
[  39% ] [90m[1mreimport[22m | roshan_day_one_rescue_bunnies.ogg[39m[0m
[  39% ] [90m[1mreimport[22m | roshan_day_one_room_clean.ogg[39m[0m
[  39% ] [90m[1mreimport[22m | roshan_day_two_begins.ogg[39m[0m
[  39% ] [90m[1mreimport[22m | roshan_dungeon_arrow.ogg[39m[0m
[  39% ] [90m[1mreimport[22m | roshan_dungeon_done.ogg[39m[0m
[  39% ] [90m[1mreimport[22m | roshan_dungeon_door_open.ogg[39m[0m
[  39% ] [90m[1mreimport[22m | roshan_dungeon_room_enter.ogg[39m[0m
[  39% ] [90m[1mreimport[22m | roshan_dustboss_again_closer.ogg[39m[0m
[  39% ] [90m[1mreimport[22m | roshan_op_boxer_bell_chase.ogg[39m[0m
[  39% ] [90m[1mreimport[22m | roshan_op_boxer_bell_chase_stage.ogg[39m[0m
[  39% ] [90m[1mreimport[22m | roshan_op_boxer_belt.ogg[39m[0m
[  40% ] [90m[1mreimport[22m | roshan_op_boxer_belt_stage.ogg[39m[0m
[  40% ] [90m[1mreimport[22m | roshan_op_boxer_duck.ogg[39m[0m
[  40% ] [90m[1mreimport[22m | roshan_op_boxer_duck_stage.ogg[39m[0m
[  40% ] [90m[1mreimport[22m | roshan_op_boxer_jab.ogg[39m[0m
[  40% ] [90m[1mreimport[22m | roshan_op_boxer_jab_stage.ogg[39m[0m
[  40% ] [90m[1mreimport[22m | roshan_op_boxer_round.ogg[39m[0m
[  40% ] [90m[1mreimport[22m | roshan_op_boxer_spar.ogg[39m[0m
[  40% ] [90m[1mreimport[22m | roshan_op_boxer_work.ogg[39m[0m
[  40% ] [90m[1mreimport[22m | roshan_op_candymaker_candy_chase.ogg[39m[0m
[  40% ] [90m[1mreimport[22m | roshan_op_candymaker_imps.ogg[39m[0m
[  40% ] [90m[1mreimport[22m | roshan_op_candymaker_parade.ogg[39m[0m
[  40% ] [90m[1mreimport[22m | roshan_op_candymaker_share.ogg[39m[0m
[  40% ] [90m[1mreimport[22m | roshan_op_candymaker_share_stage.ogg[39m[0m
[  40% ] [90m[1mreimport[22m | roshan_op_candymaker_sort.ogg[39m[0m
[  40% ] [90m[1mreimport[22m | roshan_op_candymaker_sort_stage.ogg[39m[0m
[  40% ] [90m[1mreimport[22m | roshan_op_candymaker_syrup.ogg[39m[0m
[  40% ] [90m[1mreimport[22m | roshan_op_candymaker_syrup_stage.ogg[39m[0m
[  40% ] [90m[1mreimport[22m | roshan_op_candymaker_work.ogg[39m[0m
[  40% ] [90m[1mreimport[22m | roshan_op_candymaker_wrap.ogg[39m[0m
[  40% ] [90m[1mreimport[22m | roshan_op_candymaker_wrap_stage.ogg[39m[0m
[  40% ] [90m[1mreimport[22m | roshan_op_chef_bake.ogg[39m[0m
[  40% ] [90m[1mreimport[22m | roshan_op_chef_bake_stage.ogg[39m[0m
[  40% ] [90m[1mreimport[22m | roshan_op_chef_cake_chase.ogg[39m[0m
[  40% ] [90m[1mreimport[22m | roshan_op_chef_imps.ogg[39m[0m
[  41% ] [90m[1mreimport[22m | roshan_intro4.ogg[39m[0m
[  41% ] [90m[1mreimport[22m | roshan_kart_rocket_start.ogg[39m[0m
[  41% ] [90m[1mreimport[22m | roshan_ocean_nap_morning.ogg[39m[0m
[  41% ] [90m[1mreimport[22m | roshan_ocean_nap_night.ogg[39m[0m
[  41% ] [90m[1mreimport[22m | roshan_oops.ogg[39m[0m
[  41% ] [90m[1mreimport[22m | roshan_opera_chapter_two_open.ogg[39m[0m
[  41% ] [90m[1mreimport[22m | roshan_op_astronaut_boost.ogg[39m[0m
[  41% ] [90m[1mreimport[22m | roshan_op_astronaut_imps.ogg[39m[0m
[  41% ] [90m[1mreimport[22m | roshan_op_astronaut_launch.ogg[39m[0m
[  41% ] [90m[1mreimport[22m | roshan_op_astronaut_launch_stage.ogg[39m[0m
[  41% ] [90m[1mreimport[22m | roshan_op_astronaut_patch.ogg[39m[0m
[  41% ] [90m[1mreimport[22m | roshan_op_astronaut_patch_stage.ogg[39m[0m
[  41% ] [90m[1mreimport[22m | roshan_op_astronaut_pipes.ogg[39m[0m
[  41% ] [90m[1mreimport[22m | roshan_op_astronaut_pipes_stage.ogg[39m[0m
[  41% ] [90m[1mreimport[22m | roshan_op_astronaut_rocket_chase.ogg[39m[0m
[  41% ] [90m[1mreimport[22m | roshan_op_astronaut_valve.ogg[39m[0m
[  41% ] [90m[1mreimport[22m | roshan_op_astronaut_work.ogg[39m[0m
[  41% ] [90m[1mreimport[22m | roshan_op_ballerina_duet.ogg[39m[0m
[  41% ] [90m[1mreimport[22m | roshan_op_ballerina_imps.ogg[39m[0m
[  41% ] [90m[1mreimport[22m | roshan_op_ballerina_pose.ogg[39m[0m
[  41% ] [90m[1mreimport[22m | roshan_op_ballerina_ribbon.ogg[39m[0m
[  41% ] [90m[1mreimport[22m | roshan_op_ballerina_ribbon_chase.ogg[39m[0m
[  41% ] [90m[1mreimport[22m | roshan_op_ballerina_ribbon_stage.ogg[39m[0m
[  42% ] [90m[1mreimport[22m | roshan_op_ballerina_steps.ogg[39m[0m
[  42% ] [90m[1mreimport[22m | roshan_op_ballerina_twirl.ogg[39m[0m
[  42% ] [90m[1mreimport[22m | roshan_op_ballerina_twirl_stage.ogg[39m[0m
[  42% ] [90m[1mreimport[22m | roshan_op_ballerina_watch.ogg[39m[0m
[  42% ] [90m[1mreimport[22m | roshan_op_ballerina_work.ogg[39m[0m
[  42% ] [90m[1mreimport[22m | roshan_op_ballerina_watch.ogg[39m[0m
[  42% ] [90m[1mreimport[22m | roshan_op_ballerina_work.ogg[39m[0m
[  42% ] [90m[1mreimport[22m | roshan_op_boxer_bell_chase.ogg[39m[0m
[  42% ] [90m[1mreimport[22m | roshan_op_boxer_belt.ogg[39m[0m
[  42% ] [90m[1mreimport[22m | roshan_op_boxer_duck.ogg[39m[0m
[  42% ] [90m[1mreimport[22m | roshan_op_boxer_jab.ogg[39m[0m
[  42% ] [90m[1mreimport[22m | roshan_op_boxer_round.ogg[39m[0m
[  42% ] [90m[1mreimport[22m | roshan_op_boxer_spar.ogg[39m[0m
[  42% ] [90m[1mreimport[22m | roshan_op_boxer_work.ogg[39m[0m
[  42% ] [90m[1mreimport[22m | roshan_op_candymaker_candy_chase.ogg[39m[0m
[  42% ] [90m[1mreimport[22m | roshan_op_candymaker_imps.ogg[39m[0m
[  42% ] [90m[1mreimport[22m | roshan_op_candymaker_parade.ogg[39m[0m
[  42% ] [90m[1mreimport[22m | roshan_op_candymaker_share.ogg[39m[0m
[  42% ] [90m[1mreimport[22m | roshan_op_candymaker_sort.ogg[39m[0m
[  42% ] [90m[1mreimport[22m | roshan_op_candymaker_syrup.ogg[39m[0m
[  42% ] [90m[1mreimport[22m | roshan_op_candymaker_work.ogg[39m[0m
[  42% ] [90m[1mreimport[22m | roshan_op_candymaker_wrap.ogg[39m[0m
[  42% ] [90m[1mreimport[22m | roshan_op_chef_bake.ogg[39m[0m
[  42% ] [90m[1mreimport[22m | roshan_op_chef_cake_chase.ogg[39m[0m
[  43% ] [90m[1mreimport[22m | roshan_op_chef_imps.ogg[39m[0m
[  43% ] [90m[1mreimport[22m | roshan_op_chef_pipe.ogg[39m[0m
[  43% ] [90m[1mreimport[22m | roshan_op_chef_pour.ogg[39m[0m
[  43% ] [90m[1mreimport[22m | roshan_op_chef_stir.ogg[39m[0m
[  43% ] [90m[1mreimport[22m | roshan_op_chef_top.ogg[39m[0m
[  43% ] [90m[1mreimport[22m | roshan_op_chef_work.ogg[39m[0m
[  43% ] [90m[1mreimport[22m | roshan_op_detective_clues.ogg[39m[0m
[  43% ] [90m[1mreimport[22m | roshan_op_detective_imps.ogg[39m[0m
[  43% ] [90m[1mreimport[22m | rosalina_win.ogg[39m[0m
[  43% ] [90m[1mreimport[22m | roshan_beans.ogg[39m[0m
[  43% ] [90m[1mreimport[22m | roshan_bump.ogg[39m[0m
[  43% ] [90m[1mreimport[22m | roshan_fail.ogg[39m[0m
[  43% ] [90m[1mreimport[22m | roshan_hungry.ogg[39m[0m
[  43% ] [90m[1mreimport[22m | roshan_idle1.ogg[39m[0m
[  43% ] [90m[1mreimport[22m | roshan_idle2.ogg[39m[0m
[  43% ] [90m[1mreimport[22m | roshan_idle3.ogg[39m[0m
[  43% ] [90m[1mreimport[22m | roshan_intro1.ogg[39m[0m
[  43% ] [90m[1mreimport[22m | roshan_intro2.ogg[39m[0m
[  43% ] [90m[1mreimport[22m | roshan_intro3.ogg[39m[0m
[  43% ] [90m[1mreimport[22m | roshan_intro4.ogg[39m[0m
[  43% ] [90m[1mreimport[22m | roshan_oops.ogg[39m[0m
[  43% ] [90m[1mreimport[22m | roshan_op_astronaut_boost.ogg[39m[0m
[  43% ] [90m[1mreimport[22m | roshan_op_astronaut_imps.ogg[39m[0m
[  43% ] [90m[1mreimport[22m | roshan_op_astronaut_launch.ogg[39m[0m
[  44% ] [90m[1mreimport[22m | roshan_op_astronaut_patch.ogg[39m[0m
[  44% ] [90m[1mreimport[22m | roshan_op_astronaut_pipes.ogg[39m[0m
[  44% ] [90m[1mreimport[22m | roshan_op_astronaut_rocket_chase.ogg[39m[0m
[  44% ] [90m[1mreimport[22m | roshan_op_astronaut_valve.ogg[39m[0m
[  44% ] [90m[1mreimport[22m | roshan_op_astronaut_work.ogg[39m[0m
[  44% ] [90m[1mreimport[22m | roshan_op_ballerina_duet.ogg[39m[0m
[  44% ] [90m[1mreimport[22m | roshan_op_ballerina_imps.ogg[39m[0m
[  44% ] [90m[1mreimport[22m | roshan_op_ballerina_ribbon.ogg[39m[0m
[  44% ] [90m[1mreimport[22m | roshan_op_ballerina_ribbon_chase.ogg[39m[0m
[  44% ] [90m[1mreimport[22m | roshan_op_ballerina_steps.ogg[39m[0m
[  44% ] [90m[1mreimport[22m | roshan_op_ballerina_twirl.ogg[39m[0m
[  44% ] [90m[1mreimport[22m | roshan_op_magician_rope.ogg[39m[0m
[  44% ] [90m[1mreimport[22m | roshan_op_magician_track.ogg[39m[0m
[  44% ] [90m[1mreimport[22m | roshan_op_magician_vanish.ogg[39m[0m
[  44% ] [90m[1mreimport[22m | roshan_op_magician_work.ogg[39m[0m
[  44% ] [90m[1mreimport[22m | roshan_op_nursery_baby_chase.ogg[39m[0m
[  44% ] [90m[1mreimport[22m | roshan_op_nursery_burp.ogg[39m[0m
[  44% ] [90m[1mreimport[22m | roshan_op_nursery_imps.ogg[39m[0m
[  44% ] [90m[1mreimport[22m | roshan_op_nursery_wash.ogg[39m[0m
[  44% ] [90m[1mreimport[22m | roshan_op_nursery_work.ogg[39m[0m
[  44% ] [90m[1mreimport[22m | roshan_op_painter_fill.ogg[39m[0m
[  44% ] [90m[1mreimport[22m | roshan_op_painter_imps.ogg[39m[0m
[  44% ] [90m[1mreimport[22m | roshan_op_painter_reveal.ogg[39m[0m
[  44% ] [90m[1mreimport[22m | roshan_op_painter_sketch.ogg[39m[0m
[  45% ] [90m[1mreimport[22m | roshan_op_painter_splat.ogg[39m[0m
[  45% ] [90m[1mreimport[22m | roshan_op_painter_strokes.ogg[39m[0m
[  45% ] [90m[1mreimport[22m | roshan_op_painter_sunrise_chase.ogg[39m[0m
[  45% ] [90m[1mreimport[22m | roshan_op_painter_work.ogg[39m[0m
[  45% ] [90m[1mreimport[22m | roshan_op_popstar_dance.ogg[39m[0m
[  45% ] [90m[1mreimport[22m | roshan_op_popstar_encore.ogg[39m[0m
[  45% ] [90m[1mreimport[22m | roshan_op_popstar_imps.ogg[39m[0m
[  45% ] [90m[1mreimport[22m | roshan_op_popstar_mic_chase.ogg[39m[0m
[  45% ] [90m[1mreimport[22m | roshan_op_popstar_rhythm.ogg[39m[0m
[  45% ] [90m[1mreimport[22m | roshan_op_popstar_sound_check.ogg[39m[0m
[  45% ] [90m[1mreimport[22m | roshan_op_popstar_work.ogg[39m[0m
[  45% ] [90m[1mreimport[22m | roshan_op_racer_finish.ogg[39m[0m
[  45% ] [90m[1mreimport[22m | roshan_op_racer_imps.ogg[39m[0m
[  45% ] [90m[1mreimport[22m | roshan_op_racer_lap_two.ogg[39m[0m
[  45% ] [90m[1mreimport[22m | roshan_op_detective_lens.ogg[39m[0m
[  45% ] [90m[1mreimport[22m | roshan_op_detective_match.ogg[39m[0m
[  45% ] [90m[1mreimport[22m | roshan_op_detective_name.ogg[39m[0m
[  45% ] [90m[1mreimport[22m | roshan_op_detective_peek.ogg[39m[0m
[  45% ] [90m[1mreimport[22m | roshan_op_detective_search.ogg[39m[0m
[  45% ] [90m[1mreimport[22m | roshan_op_detective_tiara_chase.ogg[39m[0m
[  45% ] [90m[1mreimport[22m | roshan_op_detective_trail.ogg[39m[0m
[  45% ] [90m[1mreimport[22m | roshan_op_detective_work.ogg[39m[0m
[  45% ] [90m[1mreimport[22m | roshan_op_doctor_bandage.ogg[39m[0m
[  45% ] [90m[1mreimport[22m | roshan_op_doctor_cast.ogg[39m[0m
[  46% ] [90m[1mreimport[22m | roshan_op_doctor_find.ogg[39m[0m
[  46% ] [90m[1mreimport[22m | roshan_op_doctor_imps.ogg[39m[0m
[  46% ] [90m[1mreimport[22m | roshan_op_doctor_plushy_chase.ogg[39m[0m
[  46% ] [90m[1mreimport[22m | roshan_op_doctor_wash.ogg[39m[0m
[  46% ] [90m[1mreimport[22m | roshan_op_doctor_work.ogg[39m[0m
[  46% ] [90m[1mreimport[22m | roshan_op_doctor_x_ray.ogg[39m[0m
[  46% ] [90m[1mreimport[22m | roshan_op_farmer_feed.ogg[39m[0m
[  46% ] [90m[1mreimport[22m | roshan_op_farmer_herd.ogg[39m[0m
[  46% ] [90m[1mreimport[22m | roshan_op_farmer_imps.ogg[39m[0m
[  46% ] [90m[1mreimport[22m | roshan_op_farmer_mud_hop.ogg[39m[0m
[  46% ] [90m[1mreimport[22m | roshan_op_farmer_picnic.ogg[39m[0m
[  46% ] [90m[1mreimport[22m | roshan_op_farmer_piggy_chase.ogg[39m[0m
[  46% ] [90m[1mreimport[22m | roshan_op_farmer_plant.ogg[39m[0m
[  46% ] [90m[1mreimport[22m | roshan_op_farmer_work.ogg[39m[0m
[  46% ] [90m[1mreimport[22m | roshan_op_magician_bunny_chase.ogg[39m[0m
[  46% ] [90m[1mreimport[22m | roshan_op_magician_cabinet.ogg[39m[0m
[  46% ] [90m[1mreimport[22m | roshan_op_magician_imps.ogg[39m[0m
[  46% ] [90m[1mreimport[22m | roshan_op_magician_portal.ogg[39m[0m
[  46% ] [90m[1mreimport[22m | chuck_whimper.ogg[39m[0m
[  46% ] [90m[1mreimport[22m | daddy1.ogg[39m[0m
[  46% ] [90m[1mreimport[22m | daddy2.ogg[39m[0m
[  46% ] [90m[1mreimport[22m | daddy3.ogg[39m[0m
[  46% ] [90m[1mreimport[22m | everyone.ogg[39m[0m
[  46% ] [90m[1mreimport[22m | evie.ogg[39m[0m
[  47% ] [90m[1mreimport[22m | evie_fail.ogg[39m[0m
[  47% ] [90m[1mreimport[22m | evie_win.ogg[39m[0m
[  47% ] [90m[1mreimport[22m | faron.ogg[39m[0m
[  47% ] [90m[1mreimport[22m | faron_fail.ogg[39m[0m
[  47% ] [90m[1mreimport[22m | faron_miss.ogg[39m[0m
[  47% ] [90m[1mreimport[22m | faron_op_nursery_bedtime.ogg[39m[0m
[  47% ] [90m[1mreimport[22m | faron_op_nursery_catch.ogg[39m[0m
[  47% ] [90m[1mreimport[22m | faron_op_nursery_feed.ogg[39m[0m
[  47% ] [90m[1mreimport[22m | faron_win.ogg[39m[0m
[  47% ] [90m[1mreimport[22m | harper.ogg[39m[0m
[  47% ] [90m[1mreimport[22m | harper_win.ogg[39m[0m
[  47% ] [90m[1mreimport[22m | huluu.ogg[39m[0m
[  47% ] [90m[1mreimport[22m | huluu_greet.ogg[39m[0m
[  47% ] [90m[1mreimport[22m | huluu_hero.ogg[39m[0m
[  47% ] [90m[1mreimport[22m | huluu_intro.ogg[39m[0m
[  47% ] [90m[1mreimport[22m | huluu_talk.ogg[39m[0m
[  47% ] [90m[1mreimport[22m | huluu_thanks.ogg[39m[0m
[  47% ] [90m[1mreimport[22m | huluu_win.ogg[39m[0m
[  47% ] [90m[1mreimport[22m | imp_op_astronaut_arrive.ogg[39m[0m
[  47% ] [90m[1mreimport[22m | imp_op_astronaut_bop.ogg[39m[0m
[  47% ] [90m[1mreimport[22m | imp_op_astronaut_copy.ogg[39m[0m
[  47% ] [90m[1mreimport[22m | roshan_ship.ogg[39m[0m
[  47% ] [90m[1mreimport[22m | roshan_tail_hop.ogg[39m[0m
[  47% ] [90m[1mreimport[22m | roshan_talk.ogg[39m[0m
[  48% ] [90m[1mreimport[22m | roshan_tutorial_combo.ogg[39m[0m
[  48% ] [90m[1mreimport[22m | roshan_tutorial_done.ogg[39m[0m
[  48% ] [90m[1mreimport[22m | roshan_tutorial_first_bop.ogg[39m[0m
[  48% ] [90m[1mreimport[22m | roshan_tutorial_partner_power.ogg[39m[0m
[  48% ] [90m[1mreimport[22m | roshan_tutorial_power_pop.ogg[39m[0m
[  48% ] [90m[1mreimport[22m | roshan_whale.ogg[39m[0m
[  48% ] [90m[1mreimport[22m | roshan_win.ogg[39m[0m
[  48% ] [90m[1mreimport[22m | roshan_wreck.ogg[39m[0m
[  48% ] [90m[1mreimport[22m | rumi_hide_seek_found.ogg[39m[0m
[  48% ] [90m[1mreimport[22m | rumi_hide_seek_visit.ogg[39m[0m
[  48% ] [90m[1mreimport[22m | rumi_intro.ogg[39m[0m
[  48% ] [90m[1mreimport[22m | shop.ogg[39m[0m
[  48% ] [90m[1mreimport[22m | shop_op_detective_ask_kareem.ogg[39m[0m
[  48% ] [90m[1mreimport[22m | shop_op_detective_hint_clock.ogg[39m[0m
[  48% ] [90m[1mreimport[22m | sparkle.ogg[39m[0m
[  48% ] [90m[1mreimport[22m | sparkle_hide_seek_found.ogg[39m[0m
[  48% ] [90m[1mreimport[22m | sparkle_hide_seek_visit.ogg[39m[0m
[  48% ] [90m[1mreimport[22m | wacky.ogg[39m[0m
[  48% ] [90m[1mreimport[22m | wacky_fail.ogg[39m[0m
[  48% ] [90m[1mreimport[22m | wacky_splash.ogg[39m[0m
[  48% ] [90m[1mreimport[22m | wacky_win.ogg[39m[0m
[  48% ] [90m[1mreimport[22m | yay.ogg[39m[0m
[  48% ] [90m[1mreimport[22m | chuck.ogg[39m[0m
[  48% ] [90m[1mreimport[22m | chuck_bark.ogg[39m[0m
[  49% ] [90m[1mreimport[22m | imp_op_farmer_copy.ogg[39m[0m
[  49% ] [90m[1mreimport[22m | imp_op_farmer_steal.ogg[39m[0m
[  49% ] [90m[1mreimport[22m | imp_op_magician_arrive.ogg[39m[0m
[  49% ] [90m[1mreimport[22m | imp_op_magician_bop.ogg[39m[0m
[  49% ] [90m[1mreimport[22m | imp_op_magician_copy.ogg[39m[0m
[  49% ] [90m[1mreimport[22m | imp_op_magician_steal.ogg[39m[0m
[  49% ] [90m[1mreimport[22m | imp_op_nursery_arrive.ogg[39m[0m
[  49% ] [90m[1mreimport[22m | imp_op_nursery_bop.ogg[39m[0m
[  49% ] [90m[1mreimport[22m | imp_op_nursery_copy.ogg[39m[0m
[  49% ] [90m[1mreimport[22m | imp_op_nursery_steal.ogg[39m[0m
[  49% ] [90m[1mreimport[22m | imp_op_painter_arrive.ogg[39m[0m
[  49% ] [90m[1mreimport[22m | imp_op_painter_bop.ogg[39m[0m
[  49% ] [90m[1mreimport[22m | imp_op_painter_copy.ogg[39m[0m
[  49% ] [90m[1mreimport[22m | imp_op_painter_steal.ogg[39m[0m
[  49% ] [90m[1mreimport[22m | imp_op_popstar_arrive.ogg[39m[0m
[  49% ] [90m[1mreimport[22m | imp_op_popstar_bop.ogg[39m[0m
[  49% ] [90m[1mreimport[22m | imp_op_popstar_copy.ogg[39m[0m
[  49% ] [90m[1mreimport[22m | imp_op_popstar_steal.ogg[39m[0m
[  49% ] [90m[1mreimport[22m | imp_op_racer_arrive.ogg[39m[0m
[  49% ] [90m[1mreimport[22m | imp_op_racer_bop.ogg[39m[0m
[  49% ] [90m[1mreimport[22m | imp_op_racer_copy.ogg[39m[0m
[  49% ] [90m[1mreimport[22m | imp_op_racer_steal.ogg[39m[0m
[  49% ] [90m[1mreimport[22m | imp_op_retry.ogg[39m[0m
[  50% ] [90m[1mreimport[22m | rosalina.ogg[39m[0m
[  50% ] [90m[1mreimport[22m | rosalina_greet.ogg[39m[0m
[  50% ] [90m[1mreimport[22m | rosalina_locked.ogg[39m[0m
[  50% ] [90m[1mreimport[22m | rosalina_open.ogg[39m[0m
[  50% ] [90m[1mreimport[22m | imp_op_astronaut_steal.ogg[39m[0m
[  50% ] [90m[1mreimport[22m | imp_op_ballerina_arrive.ogg[39m[0m
[  50% ] [90m[1mreimport[22m | imp_op_ballerina_bop.ogg[39m[0m
[  50% ] [90m[1mreimport[22m | imp_op_ballerina_copy.ogg[39m[0m
[  50% ] [90m[1mreimport[22m | imp_op_ballerina_steal.ogg[39m[0m
[  50% ] [90m[1mreimport[22m | imp_op_boxer_arrive.ogg[39m[0m
[  50% ] [90m[1mreimport[22m | imp_op_boxer_bop.ogg[39m[0m
[  50% ] [90m[1mreimport[22m | imp_op_boxer_copy.ogg[39m[0m
[  50% ] [90m[1mreimport[22m | imp_op_boxer_steal.ogg[39m[0m
[  50% ] [90m[1mreimport[22m | imp_op_candymaker_arrive.ogg[39m[0m
[  50% ] [90m[1mreimport[22m | imp_op_candymaker_bop.ogg[39m[0m
[  50% ] [90m[1mreimport[22m | imp_op_candymaker_copy.ogg[39m[0m
[  50% ] [90m[1mreimport[22m | imp_op_candymaker_steal.ogg[39m[0m
[  50% ] [90m[1mreimport[22m | imp_op_captain.ogg[39m[0m
[  50% ] [90m[1mreimport[22m | imp_op_chef_arrive.ogg[39m[0m
[  50% ] [90m[1mreimport[22m | imp_op_chef_bop.ogg[39m[0m
[  50% ] [90m[1mreimport[22m | imp_op_chef_copy.ogg[39m[0m
[  50% ] [90m[1mreimport[22m | imp_op_chef_steal.ogg[39m[0m
[  50% ] [90m[1mreimport[22m | imp_op_detective_arrive.ogg[39m[0m
[  50% ] [90m[1mreimport[22m | imp_op_detective_bop.ogg[39m[0m
[  51% ] [90m[1mreimport[22m | imp_op_detective_copy.ogg[39m[0m
[  51% ] [90m[1mreimport[22m | imp_op_detective_steal.ogg[39m[0m
[  51% ] [90m[1mreimport[22m | imp_op_doctor_arrive.ogg[39m[0m
[  51% ] [90m[1mreimport[22m | imp_op_doctor_bop.ogg[39m[0m
[  51% ] [90m[1mreimport[22m | imp_op_doctor_copy.ogg[39m[0m
[  51% ] [90m[1mreimport[22m | imp_op_doctor_steal.ogg[39m[0m
[  51% ] [90m[1mreimport[22m | imp_op_farmer_arrive.ogg[39m[0m
[  51% ] [90m[1mreimport[22m | imp_op_farmer_bop.ogg[39m[0m
[  51% ] [90m[1mreimport[22m | teacher_number_1.ogg[39m[0m
[  51% ] [90m[1mreimport[22m | teacher_number_2.ogg[39m[0m
[  51% ] [90m[1mreimport[22m | teacher_number_3.ogg[39m[0m
[  51% ] [90m[1mreimport[22m | teacher_number_4.ogg[39m[0m
[  51% ] [90m[1mreimport[22m | teacher_number_5.ogg[39m[0m
[  51% ] [90m[1mreimport[22m | teacher_number_6.ogg[39m[0m
[  51% ] [90m[1mreimport[22m | teacher_number_7.ogg[39m[0m
[  51% ] [90m[1mreimport[22m | teacher_number_8.ogg[39m[0m
[  51% ] [90m[1mreimport[22m | teacher_number_9.ogg[39m[0m
[  51% ] [90m[1mreimport[22m | teacher_number_10.ogg[39m[0m
[  51% ] [90m[1mreimport[22m | teacher_pattern.ogg[39m[0m
[  51% ] [90m[1mreimport[22m | daddy_assist_ready.ogg[39m[0m
[  51% ] [90m[1mreimport[22m | daddy_dance_talk.ogg[39m[0m
[  51% ] [90m[1mreimport[22m | daddy_dance_win.ogg[39m[0m
[  51% ] [90m[1mreimport[22m | daddy_hide_seek_found.ogg[39m[0m
[  51% ] [90m[1mreimport[22m | daddy_hide_seek_start.ogg[39m[0m
[  52% ] [90m[1mreimport[22m | daddy_hide_seek_visit.ogg[39m[0m
[  52% ] [90m[1mreimport[22m | everyone.ogg[39m[0m
[  52% ] [90m[1mreimport[22m | evie.ogg[39m[0m
[  52% ] [90m[1mreimport[22m | evie_fail.ogg[39m[0m
[  52% ] [90m[1mreimport[22m | evie_win.ogg[39m[0m
[  52% ] [90m[1mreimport[22m | harper.ogg[39m[0m
[  52% ] [90m[1mreimport[22m | picture_snowman.ogg[39m[0m
[  52% ] [90m[1mreimport[22m | picture_trampoline.ogg[39m[0m
[  52% ] [90m[1mreimport[22m | picture_xmas.ogg[39m[0m
[  52% ] [90m[1mreimport[22m | race.ogg[39m[0m
[  52% ] [90m[1mreimport[22m | seek.ogg[39m[0m
[  52% ] [90m[1mreimport[22m | shop.ogg[39m[0m
[  52% ] [90m[1mreimport[22m | stuffie_battle.ogg[39m[0m
[  52% ] [90m[1mreimport[22m | treasure.ogg[39m[0m
[  52% ] [90m[1mreimport[22m | world.ogg[39m[0m
[  52% ] [90m[1mreimport[22m | world_night.ogg[39m[0m
[  52% ] [90m[1mreimport[22m | roshan_op_racer_work.ogg[39m[0m
[  52% ] [90m[1mreimport[22m | roshan_op_racer_turbo.ogg[39m[0m
[  52% ] [90m[1mreimport[22m | roshan_op_racer_tune_up.ogg[39m[0m
[  52% ] [90m[1mreimport[22m | roshan_op_racer_trophy_chase.ogg[39m[0m
[  52% ] [90m[1mreimport[22m | roshan_op_racer_to_the_line.ogg[39m[0m
[  52% ] [90m[1mreimport[22m | roshan_op_racer_steer.ogg[39m[0m
[  52% ] [90m[1mreimport[22m | roshan_teacher_start.ogg[39m[0m
[  52% ] [90m[1mreimport[22m | teacher_add.ogg[39m[0m
[  53% ] [90m[1mreimport[22m | teacher_choose.ogg[39m[0m
[  53% ] [90m[1mreimport[22m | teacher_count.ogg[39m[0m
[  53% ] [90m[1mreimport[22m | teacher_help.ogg[39m[0m
[  53% ] [90m[1mreimport[22m | teacher_match.ogg[39m[0m
[  53% ] [90m[1mreimport[22m | imp_op_candymaker_bop.ogg[39m[0m
[  53% ] [90m[1mreimport[22m | imp_op_candymaker_copy.ogg[39m[0m
[  53% ] [90m[1mreimport[22m | imp_op_candymaker_steal.ogg[39m[0m
[  53% ] [90m[1mreimport[22m | imp_op_captain_intro.ogg[39m[0m
[  53% ] [90m[1mreimport[22m | imp_op_captain_rally.ogg[39m[0m
[  53% ] [90m[1mreimport[22m | imp_op_chef_arrive.ogg[39m[0m
[  53% ] [90m[1mreimport[22m | imp_op_chef_bop.ogg[39m[0m
[  53% ] [90m[1mreimport[22m | imp_op_chef_copy.ogg[39m[0m
[  53% ] [90m[1mreimport[22m | imp_op_chef_steal.ogg[39m[0m
[  53% ] [90m[1mreimport[22m | imp_op_detective_arrive.ogg[39m[0m
[  53% ] [90m[1mreimport[22m | imp_op_detective_bop.ogg[39m[0m
[  53% ] [90m[1mreimport[22m | imp_op_detective_copy.ogg[39m[0m
[  53% ] [90m[1mreimport[22m | imp_op_detective_steal.ogg[39m[0m
[  53% ] [90m[1mreimport[22m | imp_op_doctor_arrive.ogg[39m[0m
[  53% ] [90m[1mreimport[22m | imp_op_doctor_bop.ogg[39m[0m
[  53% ] [90m[1mreimport[22m | imp_op_doctor_copy.ogg[39m[0m
[  53% ] [90m[1mreimport[22m | imp_op_doctor_steal.ogg[39m[0m
[  53% ] [90m[1mreimport[22m | imp_op_farmer_arrive.ogg[39m[0m
[  53% ] [90m[1mreimport[22m | imp_op_farmer_bop.ogg[39m[0m
[  53% ] [90m[1mreimport[22m | imp_op_farmer_copy.ogg[39m[0m
[  54% ] [90m[1mreimport[22m | imp_op_farmer_steal.ogg[39m[0m
[  54% ] [90m[1mreimport[22m | imp_op_magician_arrive.ogg[39m[0m
[  54% ] [90m[1mreimport[22m | harper_hint.ogg[39m[0m
[  54% ] [90m[1mreimport[22m | harper_win.ogg[39m[0m
[  54% ] [90m[1mreimport[22m | huluu.ogg[39m[0m
[  54% ] [90m[1mreimport[22m | huluu_greet.ogg[39m[0m
[  54% ] [90m[1mreimport[22m | huluu_hero.ogg[39m[0m
[  54% ] [90m[1mreimport[22m | huluu_intro.ogg[39m[0m
[  54% ] [90m[1mreimport[22m | huluu_talk.ogg[39m[0m
[  54% ] [90m[1mreimport[22m | huluu_thanks.ogg[39m[0m
[  54% ] [90m[1mreimport[22m | huluu_win.ogg[39m[0m
[  54% ] [90m[1mreimport[22m | imp_op_astronaut_arrive.ogg[39m[0m
[  54% ] [90m[1mreimport[22m | imp_op_astronaut_bop.ogg[39m[0m
[  54% ] [90m[1mreimport[22m | imp_op_astronaut_copy.ogg[39m[0m
[  54% ] [90m[1mreimport[22m | imp_op_astronaut_steal.ogg[39m[0m
[  54% ] [90m[1mreimport[22m | imp_op_ballerina_arrive.ogg[39m[0m
[  54% ] [90m[1mreimport[22m | imp_op_ballerina_bop.ogg[39m[0m
[  54% ] [90m[1mreimport[22m | imp_op_ballerina_copy.ogg[39m[0m
[  54% ] [90m[1mreimport[22m | imp_op_ballerina_steal.ogg[39m[0m
[  54% ] [90m[1mreimport[22m | imp_op_boxer_arrive.ogg[39m[0m
[  54% ] [90m[1mreimport[22m | imp_op_boxer_bop.ogg[39m[0m
[  54% ] [90m[1mreimport[22m | imp_op_boxer_copy.ogg[39m[0m
[  54% ] [90m[1mreimport[22m | imp_op_boxer_steal.ogg[39m[0m
[  54% ] [90m[1mreimport[22m | imp_op_candymaker_arrive.ogg[39m[0m
[  55% ] [90m[1mreimport[22m | roshan_pearl3.ogg[39m[0m
[  55% ] [90m[1mreimport[22m | roshan_pearl2.ogg[39m[0m
[  55% ] [90m[1mreimport[22m | bubble_water.ogg[39m[0m
[  55% ] [90m[1mreimport[22m | craft_brush.ogg[39m[0m
[  55% ] [90m[1mreimport[22m | curtain_swish.ogg[39m[0m
[  55% ] [90m[1mreimport[22m | duck_squeak.ogg[39m[0m
[  55% ] [90m[1mreimport[22m | faucet_water.ogg[39m[0m
[  55% ] [90m[1mreimport[22m | fridge_close.ogg[39m[0m
[  55% ] [90m[1mreimport[22m | fridge_door.ogg[39m[0m
[  55% ] [90m[1mreimport[22m | fridge_open.ogg[39m[0m
[  55% ] [90m[1mreimport[22m | light_switch.ogg[39m[0m
[  55% ] [90m[1mreimport[22m | oven_door.ogg[39m[0m
[  55% ] [90m[1mreimport[22m | page_flip.ogg[39m[0m
[  55% ] [90m[1mreimport[22m | pan_clang.ogg[39m[0m
[  55% ] [90m[1mreimport[22m | ribbon_roll.ogg[39m[0m
[  55% ] [90m[1mreimport[22m | toilet_flush.ogg[39m[0m
[  55% ] [90m[1mreimport[22m | toy_blocks.ogg[39m[0m
[  55% ] [90m[1mreimport[22m | banjo.ogg[39m[0m
[  55% ] [90m[1mreimport[22m | castle_bubble_bath.ogg[39m[0m
[  55% ] [90m[1mreimport[22m | castle_craft_room.ogg[39m[0m
[  55% ] [90m[1mreimport[22m | castle_dining_room.ogg[39m[0m
[  55% ] [90m[1mreimport[22m | castle_family_gallery.ogg[39m[0m
[  55% ] [90m[1mreimport[22m | ui_tap.ogg[39m[0m
[  55% ] [90m[1mreimport[22m | penguin_giggle.ogg[39m[0m
[  56% ] [90m[1mreimport[22m | hop_boing.ogg[39m[0m
[  56% ] [90m[1mreimport[22m | fart.ogg[39m[0m
[  56% ] [90m[1mreimport[22m | chime.ogg[39m[0m
[  56% ] [90m[1mreimport[22m | buzz.ogg[39m[0m
[  56% ] [90m[1mreimport[22m | buy.ogg[39m[0m
[  56% ] [90m[1mreimport[22m | ambience_reef.ogg[39m[0m
[  56% ] [90m[1mreimport[22m | ambience_lagoon.ogg[39m[0m
[  56% ] [90m[1mreimport[22m | ambience_hall.ogg[39m[0m
[  56% ] [90m[1mreimport[22m | wacky_win.ogg[39m[0m
[  56% ] [90m[1mreimport[22m | wacky_splash.ogg[39m[0m
[  56% ] [90m[1mreimport[22m | wacky_fail.ogg[39m[0m
[  56% ] [90m[1mreimport[22m | wacky.ogg[39m[0m
[  56% ] [90m[1mreimport[22m | sparkle.ogg[39m[0m
[  56% ] [90m[1mreimport[22m | shop.ogg[39m[0m
[  56% ] [90m[1mreimport[22m | roshan_wreck.ogg[39m[0m
[  56% ] [90m[1mreimport[22m | roshan_win.ogg[39m[0m
[  56% ] [90m[1mreimport[22m | roshan_whale.ogg[39m[0m
[  56% ] [90m[1mreimport[22m | roshan_talk.ogg[39m[0m
[  56% ] [90m[1mreimport[22m | roshan_ship.ogg[39m[0m
[  56% ] [90m[1mreimport[22m | roshan_pearl.ogg[39m[0m
[  56% ] [90m[1mreimport[22m | level2.ogg[39m[0m
[  56% ] [90m[1mreimport[22m | melody.ogg[39m[0m
[  56% ] [90m[1mreimport[22m | northern.ogg[39m[0m
[  56% ] [90m[1mreimport[22m | opera_astronaut.ogg[39m[0m
[  57% ] [90m[1mreimport[22m | opera_ballerina.ogg[39m[0m
[  57% ] [90m[1mreimport[22m | opera_boss_dragon.ogg[39m[0m
[  57% ] [90m[1mreimport[22m | opera_boss_maestro.ogg[39m[0m
[  57% ] [90m[1mreimport[22m | opera_boss_phantom.ogg[39m[0m
[  57% ] [90m[1mreimport[22m | opera_boxer.ogg[39m[0m
[  57% ] [90m[1mreimport[22m | opera_candymaker.ogg[39m[0m
[  57% ] [90m[1mreimport[22m | opera_chef.ogg[39m[0m
[  57% ] [90m[1mreimport[22m | opera_detective.ogg[39m[0m
[  57% ] [90m[1mreimport[22m | opera_doctor.ogg[39m[0m
[  57% ] [90m[1mreimport[22m | opera_farmer.ogg[39m[0m
[  57% ] [90m[1mreimport[22m | opera_geologist.ogg[39m[0m
[  57% ] [90m[1mreimport[22m | opera_lobby.ogg[39m[0m
[  57% ] [90m[1mreimport[22m | opera_magician.ogg[39m[0m
[  57% ] [90m[1mreimport[22m | opera_nursery.ogg[39m[0m
[  57% ] [90m[1mreimport[22m | opera_painter.ogg[39m[0m
[  57% ] [90m[1mreimport[22m | opera_popstar.ogg[39m[0m
[  57% ] [90m[1mreimport[22m | opera_racer.ogg[39m[0m
[  57% ] [90m[1mreimport[22m | picture_garden.ogg[39m[0m
[  57% ] [90m[1mreimport[22m | castle_kitchen.ogg[39m[0m
[  57% ] [90m[1mreimport[22m | castle_library.ogg[39m[0m
[  57% ] [90m[1mreimport[22m | castle_mermaid_pool.ogg[39m[0m
[  57% ] [90m[1mreimport[22m | castle_movie_lounge.ogg[39m[0m
[  57% ] [90m[1mreimport[22m | castle_open.ogg[39m[0m
[  57% ] [90m[1mreimport[22m | castle_opera_hall.ogg[39m[0m
[  58% ] [90m[1mreimport[22m | castle_playroom.ogg[39m[0m
[  58% ] [90m[1mreimport[22m | castle_royal_bedroom.ogg[39m[0m
[  58% ] [90m[1mreimport[22m | castle_sleepover_bedroom.ogg[39m[0m
[  58% ] [90m[1mreimport[22m | combat_fire.ogg[39m[0m
[  58% ] [90m[1mreimport[22m | combat_ice.ogg[39m[0m
[  58% ] [90m[1mreimport[22m | combat_tutorial.ogg[39m[0m
[  58% ] [90m[1mreimport[22m | dolls.ogg[39m[0m
[  58% ] [90m[1mreimport[22m | dungeon_ember.ogg[39m[0m
[  58% ] [90m[1mreimport[22m | dungeon_ice.ogg[39m[0m
[  58% ] [90m[1mreimport[22m | dustboss.ogg[39m[0m
[  58% ] [90m[1mreimport[22m | ember.ogg[39m[0m
[  58% ] [90m[1mreimport[22m | fetch.ogg[39m[0m
[  58% ] [90m[1mreimport[22m | finale.ogg[39m[0m
[  58% ] [90m[1mreimport[22m | galaxy.ogg[39m[0m
[  58% ] [90m[1mreimport[22m | hall.ogg[39m[0m
[  58% ] [90m[1mreimport[22m | home.ogg[39m[0m
[  58% ] [90m[1mreimport[22m | roshan_day1_art_scrub_right_hint.ogg[39m[0m
[  58% ] [90m[1mreimport[22m | roshan_day1_bathroom_basket_hint.ogg[39m[0m
[  58% ] [90m[1mreimport[22m | roshan_day1_bathroom_basket_open.ogg[39m[0m
[  58% ] [90m[1mreimport[22m | roshan_day1_bathroom_cleanup_done.ogg[39m[0m
[  58% ] [90m[1mreimport[22m | roshan_day1_bathroom_cleanup_start.ogg[39m[0m
[  58% ] [90m[1mreimport[22m | roshan_day1_bathroom_enter.ogg[39m[0m
[  58% ] [90m[1mreimport[22m | roshan_day1_bathroom_find_basket.ogg[39m[0m
[  59% ] [90m[1mreimport[22m | roshan_day1_bathroom_sink_clean.ogg[39m[0m
[  59% ] [90m[1mreimport[22m | roshan_day1_bathroom_sink_scrub.ogg[39m[0m
[  59% ] [90m[1mreimport[22m | roshan_day1_bathroom_sink_start.ogg[39m[0m
[  59% ] [90m[1mreimport[22m | roshan_day1_bathroom_supplies_found.ogg[39m[0m
[  59% ] [90m[1mreimport[22m | roshan_day1_bathroom_to_pool.ogg[39m[0m
[  59% ] [90m[1mreimport[22m | roshan_day1_bathroom_tub_brush.ogg[39m[0m
[  59% ] [90m[1mreimport[22m | roshan_day1_bathroom_tub_clean.ogg[39m[0m
[  59% ] [90m[1mreimport[22m | roshan_day1_bathroom_tub_drain.ogg[39m[0m
[  59% ] [90m[1mreimport[22m | roshan_day1_bathroom_tub_drain_complete.ogg[39m[0m
[  59% ] [90m[1mreimport[22m | roshan_day1_bathroom_tub_drain_hint.ogg[39m[0m
[  59% ] [90m[1mreimport[22m | roshan_day1_bathroom_tub_safety.ogg[39m[0m
[  59% ] [90m[1mreimport[22m | roshan_day1_boss_bump.ogg[39m[0m
[  59% ] [90m[1mreimport[22m | roshan_day1_boss_closer.ogg[39m[0m
[  59% ] [90m[1mreimport[22m | roshan_day1_boss_defeated.ogg[39m[0m
[  59% ] [90m[1mreimport[22m | roshan_day1_boss_dodge.ogg[39m[0m
[  59% ] [90m[1mreimport[22m | roshan_day1_arrival_plane.ogg[39m[0m
[  59% ] [90m[1mreimport[22m | roshan_day1_art_complete.ogg[39m[0m
[  59% ] [90m[1mreimport[22m | roshan_day1_art_customization_confirmed.ogg[39m[0m
[  59% ] [90m[1mreimport[22m | roshan_day1_art_desk_hint.ogg[39m[0m
[  59% ] [90m[1mreimport[22m | roshan_day1_art_desk_open.ogg[39m[0m
[  59% ] [90m[1mreimport[22m | roshan_day1_art_desk_unlock.ogg[39m[0m
[  59% ] [90m[1mreimport[22m | roshan_day1_art_enter.ogg[39m[0m
[  59% ] [90m[1mreimport[22m | roshan_day1_art_materials_complete.ogg[39m[0m
[  59% ] [90m[1mreimport[22m | roshan_day1_art_material_blue_paint_found.ogg[39m[0m
[  60% ] [90m[1mreimport[22m | roshan_day1_art_material_blue_paint_hint.ogg[39m[0m
[  60% ] [90m[1mreimport[22m | roshan_day1_art_material_brushes_found.ogg[39m[0m
[  60% ] [90m[1mreimport[22m | roshan_day1_art_material_brushes_hint.ogg[39m[0m
[  60% ] [90m[1mreimport[22m | roshan_day1_art_material_cups_found.ogg[39m[0m
[  60% ] [90m[1mreimport[22m | roshan_day1_art_material_cups_hint.ogg[39m[0m
[  60% ] [90m[1mreimport[22m | roshan_day1_art_material_pink_paint_found.ogg[39m[0m
[  60% ] [90m[1mreimport[22m | roshan_day1_art_material_pink_paint_hint.ogg[39m[0m
[  60% ] [90m[1mreimport[22m | roshan_day1_art_scrub_desk.ogg[39m[0m
[  60% ] [90m[1mreimport[22m | roshan_day1_art_scrub_desk_clean.ogg[39m[0m
[  60% ] [90m[1mreimport[22m | roshan_day1_art_scrub_desk_hint.ogg[39m[0m
[  60% ] [90m[1mreimport[22m | roshan_day1_art_scrub_left_clean.ogg[39m[0m
[  60% ] [90m[1mreimport[22m | roshan_day1_art_scrub_left_hint.ogg[39m[0m
[  60% ] [90m[1mreimport[22m | roshan_day1_art_scrub_right_clean.ogg[39m[0m
[  60% ] [90m[1mreimport[22m | roshan_day1_pool_rumi_reply.ogg[39m[0m
[  60% ] [90m[1mreimport[22m | roshan_day1_pool_seahorse_clean.ogg[39m[0m
[  60% ] [90m[1mreimport[22m | roshan_day1_pool_seahorse_early.ogg[39m[0m
[  60% ] [90m[1mreimport[22m | roshan_day1_pool_seahorse_final.ogg[39m[0m
[  60% ] [90m[1mreimport[22m | roshan_day1_pool_seahorse_free.ogg[39m[0m
[  60% ] [90m[1mreimport[22m | roshan_day1_pool_seahorse_hint.ogg[39m[0m
[  60% ] [90m[1mreimport[22m | roshan_day1_pool_seahorse_middle.ogg[39m[0m
[  60% ] [90m[1mreimport[22m | roshan_day1_pool_skimmer_01.ogg[39m[0m
[  60% ] [90m[1mreimport[22m | roshan_day1_pool_skimmer_02.ogg[39m[0m
[  60% ] [90m[1mreimport[22m | roshan_day1_pool_skimmer_03.ogg[39m[0m
[  60% ] [90m[1mreimport[22m | roshan_day1_pool_skimmer_04.ogg[39m[0m
[  61% ] [90m[1mreimport[22m | roshan_day1_pool_skimmer_05.ogg[39m[0m
[  61% ] [90m[1mreimport[22m | roshan_day1_pool_skimmer_06.ogg[39m[0m
[  61% ] [90m[1mreimport[22m | roshan_day1_pool_skimmer_clean.ogg[39m[0m
[  61% ] [90m[1mreimport[22m | roshan_day1_pool_skimmer_complete.ogg[39m[0m
[  61% ] [90m[1mreimport[22m | roshan_day1_pool_skimmer_hint.ogg[39m[0m
[  61% ] [90m[1mreimport[22m | roshan_day1_pool_waterfall_clean.ogg[39m[0m
[  61% ] [90m[1mreimport[22m | roshan_day1_pool_waterfall_complete.ogg[39m[0m
[  61% ] [90m[1mreimport[22m | roshan_day1_pool_waterfall_hint.ogg[39m[0m
[  61% ] [90m[1mreimport[22m | roshan_day1_pool_waterfall_lane_center.ogg[39m[0m
[  61% ] [90m[1mreimport[22m | roshan_day1_pool_waterfall_lane_left.ogg[39m[0m
[  61% ] [90m[1mreimport[22m | roshan_day1_pool_waterfall_lane_right.ogg[39m[0m
[  61% ] [90m[1mreimport[22m | roshan_day1_boss_dodge_prompt.ogg[39m[0m
[  61% ] [90m[1mreimport[22m | roshan_day1_boss_dodge_success.ogg[39m[0m
[  61% ] [90m[1mreimport[22m | roshan_day1_boss_door_glow.ogg[39m[0m
[  61% ] [90m[1mreimport[22m | roshan_day1_boss_enraged.ogg[39m[0m
[  61% ] [90m[1mreimport[22m | roshan_day1_boss_hit.ogg[39m[0m
[  61% ] [90m[1mreimport[22m | roshan_day1_boss_hit_first.ogg[39m[0m
[  61% ] [90m[1mreimport[22m | roshan_day1_boss_hit_second.ogg[39m[0m
[  61% ] [90m[1mreimport[22m | roshan_day1_boss_intro.ogg[39m[0m
[  61% ] [90m[1mreimport[22m | roshan_day1_boss_reminder_almost.ogg[39m[0m
[  61% ] [90m[1mreimport[22m | roshan_day1_boss_reminder_closer.ogg[39m[0m
[  61% ] [90m[1mreimport[22m | roshan_day1_boss_reminder_dim.ogg[39m[0m
[  61% ] [90m[1mreimport[22m | roshan_day1_boss_reminder_mercy.ogg[39m[0m
[  61% ] [90m[1mreimport[22m | roshan_day1_boss_tell_opening.ogg[39m[0m
[  62% ] [90m[1mreimport[22m | roshan_day1_boss_wait_gold.ogg[39m[0m
[  62% ] [90m[1mreimport[22m | roshan_day1_dirty_castle_discovery.ogg[39m[0m
[  62% ] [90m[1mreimport[22m | roshan_day1_finale_day_two.ogg[39m[0m
[  62% ] [90m[1mreimport[22m | roshan_day1_fridge_close.ogg[39m[0m
[  62% ] [90m[1mreimport[22m | roshan_day1_fridge_menu.ogg[39m[0m
[  62% ] [90m[1mreimport[22m | roshan_day1_fridge_open.ogg[39m[0m
[  62% ] [90m[1mreimport[22m | roshan_day1_pool_complete.ogg[39m[0m
[  62% ] [90m[1mreimport[22m | roshan_day1_pool_enter.ogg[39m[0m
[  62% ] [90m[1mreimport[22m | roshan_day1_pool_meet_rumi.ogg[39m[0m
[  62% ] [90m[1mreimport[22m | rosalina_greet.ogg[39m[0m
[  62% ] [90m[1mreimport[22m | rosalina_locked.ogg[39m[0m
[  62% ] [90m[1mreimport[22m | rosalina_open.ogg[39m[0m
[  62% ] [90m[1mreimport[22m | rosalina_op_detective_ask_rosalina.ogg[39m[0m
[  62% ] [90m[1mreimport[22m | rosalina_op_detective_hint_fountain.ogg[39m[0m
[  62% ] [90m[1mreimport[22m | rosalina_win.ogg[39m[0m
[  62% ] [90m[1mreimport[22m | roshan_art_studio_hint.ogg[39m[0m
[  62% ] [90m[1mreimport[22m | roshan_art_studio_material_hint.ogg[39m[0m
[  62% ] [90m[1mreimport[22m | roshan_art_studio_scrub_hint.ogg[39m[0m
[  62% ] [90m[1mreimport[22m | roshan_bathroom_basket_hint.ogg[39m[0m
[  62% ] [90m[1mreimport[22m | roshan_bathroom_cleanup_done.ogg[39m[0m
[  62% ] [90m[1mreimport[22m | roshan_bathroom_cleanup_start.ogg[39m[0m
[  62% ] [90m[1mreimport[22m | roshan_bathroom_sink_scrub.ogg[39m[0m
[  62% ] [90m[1mreimport[22m | roshan_bathroom_supplies_found.ogg[39m[0m
[  62% ] [90m[1mreimport[22m | roshan_bathroom_tub_brush.ogg[39m[0m
[  63% ] [90m[1mreimport[22m | roshan_bathroom_tub_drain.ogg[39m[0m
[  63% ] [90m[1mreimport[22m | roshan_beans.ogg[39m[0m
[  63% ] [90m[1mreimport[22m | roshan_bump.ogg[39m[0m
[  63% ] [90m[1mreimport[22m | roshan_carry_first_scoop.ogg[39m[0m
[  63% ] [90m[1mreimport[22m | roshan_castle_bath_enter.ogg[39m[0m
[  63% ] [90m[1mreimport[22m | roshan_castle_bedroom_enter.ogg[39m[0m
[  63% ] [90m[1mreimport[22m | roshan_castle_cosy_seat.ogg[39m[0m
[  63% ] [90m[1mreimport[22m | imp_op_magician_bop.ogg[39m[0m
[  63% ] [90m[1mreimport[22m | imp_op_magician_copy.ogg[39m[0m
[  63% ] [90m[1mreimport[22m | imp_op_magician_steal.ogg[39m[0m
[  63% ] [90m[1mreimport[22m | imp_op_nursery_arrive.ogg[39m[0m
[  63% ] [90m[1mreimport[22m | imp_op_nursery_bop.ogg[39m[0m
[  63% ] [90m[1mreimport[22m | imp_op_nursery_copy.ogg[39m[0m
[  63% ] [90m[1mreimport[22m | imp_op_nursery_steal.ogg[39m[0m
[  63% ] [90m[1mreimport[22m | imp_op_painter_arrive.ogg[39m[0m
[  63% ] [90m[1mreimport[22m | imp_op_painter_bop.ogg[39m[0m
[  63% ] [90m[1mreimport[22m | imp_op_painter_copy.ogg[39m[0m
[  63% ] [90m[1mreimport[22m | imp_op_painter_steal.ogg[39m[0m
[  63% ] [90m[1mreimport[22m | imp_op_popstar_arrive.ogg[39m[0m
[  63% ] [90m[1mreimport[22m | imp_op_popstar_bop.ogg[39m[0m
[  63% ] [90m[1mreimport[22m | imp_op_popstar_copy.ogg[39m[0m
[  63% ] [90m[1mreimport[22m | imp_op_popstar_steal.ogg[39m[0m
[  63% ] [90m[1mreimport[22m | imp_op_racer_arrive.ogg[39m[0m
[  63% ] [90m[1mreimport[22m | imp_op_racer_bop.ogg[39m[0m
[  64% ] [90m[1mreimport[22m | imp_op_racer_copy.ogg[39m[0m
[  64% ] [90m[1mreimport[22m | imp_op_racer_steal.ogg[39m[0m
[  64% ] [90m[1mreimport[22m | imp_op_retry.ogg[39m[0m
[  64% ] [90m[1mreimport[22m | mewsha_win.ogg[39m[0m
[  64% ] [90m[1mreimport[22m | rosalina.ogg[39m[0m
[  64% ] [90m[1mreimport[22m | roshan_castle_sleepover_enter.ogg[39m[0m
[  64% ] [90m[1mreimport[22m | roshan_collection_book_open.ogg[39m[0m
[  64% ] [90m[1mreimport[22m | roshan_combat_dust_done.ogg[39m[0m
[  64% ] [90m[1mreimport[22m | roshan_combat_dust_start.ogg[39m[0m
[  64% ] [90m[1mreimport[22m | roshan_combat_fire_done.ogg[39m[0m
[  64% ] [90m[1mreimport[22m | roshan_combat_fire_start.ogg[39m[0m
[  64% ] [90m[1mreimport[22m | roshan_combat_ice_done.ogg[39m[0m
[  64% ] [90m[1mreimport[22m | roshan_combat_ice_start.ogg[39m[0m
[  64% ] [90m[1mreimport[22m | roshan_combat_shield_bounce.ogg[39m[0m
[  64% ] [90m[1mreimport[22m | roshan_craft_need_pearls.ogg[39m[0m
[  64% ] [90m[1mreimport[22m | roshan_d1_c00_s01_roshan_flight.ogg[39m[0m
[  64% ] [90m[1mreimport[22m | roshan_d1_c00_s02_roshan_view.ogg[39m[0m
[  64% ] [90m[1mreimport[22m | roshan_d1_c00_s03_roshan_discovery.ogg[39m[0m
[  64% ] [90m[1mreimport[22m | roshan_d1_c00_s04_roshan_handhold.ogg[39m[0m
[  64% ] [90m[1mreimport[22m | roshan_d1_c00_s05_roshan_lagoon_reveal.ogg[39m[0m
[  64% ] [90m[1mreimport[22m | roshan_d1_c00_s06_roshan_prepare_land.ogg[39m[0m
[  64% ] [90m[1mreimport[22m | roshan_d1_c01_s01_roshan_landed.ogg[39m[0m
[  64% ] [90m[1mreimport[22m | roshan_d1_c01_s02_roshan_handhold.ogg[39m[0m
[  64% ] [90m[1mreimport[22m | roshan_d1_c01_s03_roshan_walk_castle.ogg[39m[0m
[  65% ] [90m[1mreimport[22m | roshan_d1_c01_s04_roshan_castle_doors.ogg[39m[0m
[  65% ] [90m[1mreimport[22m | roshan_day1_arrival_castle.ogg[39m[0m
[  65% ] [90m[1mreimport[22m | roshan_day1_arrival_movie.ogg[39m[0m
[  65% ] [90m[1mreimport[22m | roshan_castle_craft_enter.ogg[39m[0m
[  65% ] [90m[1mreimport[22m | roshan_castle_crown_star.ogg[39m[0m
[  65% ] [90m[1mreimport[22m | roshan_castle_dining_enter.ogg[39m[0m
[  65% ] [90m[1mreimport[22m | roshan_castle_door_resting.ogg[39m[0m
[  65% ] [90m[1mreimport[22m | roshan_castle_fairy_open.ogg[39m[0m
[  65% ] [90m[1mreimport[22m | roshan_castle_gallery_enter.ogg[39m[0m
[  65% ] [90m[1mreimport[22m | roshan_castle_home.ogg[39m[0m
[  65% ] [90m[1mreimport[22m | roshan_castle_home_back.ogg[39m[0m
[  65% ] [90m[1mreimport[22m | roshan_castle_home_day_one.ogg[39m[0m
[  65% ] [90m[1mreimport[22m | roshan_castle_kitchen_enter.ogg[39m[0m
[  65% ] [90m[1mreimport[22m | roshan_castle_kitchen_menu.ogg[39m[0m
[  65% ] [90m[1mreimport[22m | roshan_castle_library_enter.ogg[39m[0m
[  65% ] [90m[1mreimport[22m | roshan_castle_logo_open.ogg[39m[0m
[  65% ] [90m[1mreimport[22m | roshan_castle_logo_saved.ogg[39m[0m
[  65% ] [90m[1mreimport[22m | roshan_castle_main_hall_enter.ogg[39m[0m
[  65% ] [90m[1mreimport[22m | roshan_castle_mist_resting.ogg[39m[0m
[  65% ] [90m[1mreimport[22m | roshan_castle_movie_enter.ogg[39m[0m
[  65% ] [90m[1mreimport[22m | roshan_castle_opera_enter.ogg[39m[0m
[  65% ] [90m[1mreimport[22m | roshan_castle_playroom_enter.ogg[39m[0m
[  65% ] [90m[1mreimport[22m | roshan_castle_playroom_rescue_start.ogg[39m[0m
[  65% ] [90m[1mreimport[22m | roshan_castle_pool_enter.ogg[39m[0m
[  66% ] [90m[1mreimport[22m | roshan_castle_recipe_ready.ogg[39m[0m
[  66% ] [90m[1mreimport[22m | stage_doctor_c1r1.png[39m[0m
[  66% ] [90m[1mreimport[22m | stage_doctor_c1r0.png[39m[0m
[  66% ] [90m[1mreimport[22m | stage_doctor_c0r1.png[39m[0m
[  66% ] [90m[1mreimport[22m | stage_doctor_c0r0.png[39m[0m
[  66% ] [90m[1mreimport[22m | stage_detective_c1r1.png[39m[0m
[  66% ] [90m[1mreimport[22m | stage_detective_c1r0.png[39m[0m
[  66% ] [90m[1mreimport[22m | stage_detective_c0r1.png[39m[0m
[  66% ] [90m[1mreimport[22m | stage_detective_c0r0.png[39m[0m
[  66% ] [90m[1mreimport[22m | stage_chef_c1r1.png[39m[0m
[  66% ] [90m[1mreimport[22m | stage_chef_c1r0.png[39m[0m
[  66% ] [90m[1mreimport[22m | stage_farmer_c0r0.png[39m[0m
[  66% ] [90m[1mreimport[22m | stage_farmer_c0r1.png[39m[0m
[  66% ] [90m[1mreimport[22m | stage_farmer_c1r0.png[39m[0m
[  66% ] [90m[1mreimport[22m | stage_farmer_c1r1.png[39m[0m
[  66% ] [90m[1mreimport[22m | stage_magician_c0r0.png[39m[0m
[  66% ] [90m[1mreimport[22m | stage_magician_c0r1.png[39m[0m
[  66% ] [90m[1mreimport[22m | stage_magician_c1r0.png[39m[0m
[  66% ] [90m[1mreimport[22m | stage_magician_c1r1.png[39m[0m
[  66% ] [90m[1mreimport[22m | stage_nursery_c0r0.png[39m[0m
[  66% ] [90m[1mreimport[22m | stage_nursery_c0r1.png[39m[0m
[  66% ] [90m[1mreimport[22m | stage_nursery_c1r0.png[39m[0m
[  66% ] [90m[1mreimport[22m | roshan_popstar.png[39m[0m
[  67% ] [90m[1mreimport[22m | roshan_racer.png[39m[0m
[  67% ] [90m[1mreimport[22m | roshan_teacher.png[39m[0m
[  67% ] [90m[1mreimport[22m | stage_astronaut_c0r0.png[39m[0m
[  67% ] [90m[1mreimport[22m | stage_astronaut_c0r1.png[39m[0m
[  67% ] [90m[1mreimport[22m | stage_astronaut_c1r0.png[39m[0m
[  67% ] [90m[1mreimport[22m | stage_astronaut_c1r1.png[39m[0m
[  67% ] [90m[1mreimport[22m | stage_ballerina_c0r0.png[39m[0m
[  67% ] [90m[1mreimport[22m | stage_ballerina_c0r1.png[39m[0m
[  67% ] [90m[1mreimport[22m | stage_ballerina_c1r0.png[39m[0m
[  67% ] [90m[1mreimport[22m | stage_ballerina_c1r1.png[39m[0m
[  67% ] [90m[1mreimport[22m | stage_boxer_c0r0.png[39m[0m
[  67% ] [90m[1mreimport[22m | stage_boxer_c0r1.png[39m[0m
[  67% ] [90m[1mreimport[22m | stage_boxer_c1r0.png[39m[0m
[  67% ] [90m[1mreimport[22m | stage_boxer_c1r1.png[39m[0m
[  67% ] [90m[1mreimport[22m | stage_candymaker_c0r0.png[39m[0m
[  67% ] [90m[1mreimport[22m | stage_candymaker_c0r1.png[39m[0m
[  67% ] [90m[1mreimport[22m | stage_candymaker_c1r0.png[39m[0m
[  67% ] [90m[1mreimport[22m | stage_candymaker_c1r1.png[39m[0m
[  67% ] [90m[1mreimport[22m | stage_chef_c0r0.png[39m[0m
[  67% ] [90m[1mreimport[22m | stage_chef_c0r1.png[39m[0m
[  67% ] [90m[1mreimport[22m | world_ballerina_c1r0.png[39m[0m
[  67% ] [90m[1mreimport[22m | world_ballerina_c1r1.png[39m[0m
[  67% ] [90m[1mreimport[22m | world_boxer.png[39m[0m
[  67% ] [90m[1mreimport[22m | world_boxer_c0r0.png[39m[0m
[  68% ] [90m[1mreimport[22m | world_boxer_c0r1.png[39m[0m
[  68% ] [90m[1mreimport[22m | world_boxer_c1r0.png[39m[0m
[  68% ] [90m[1mreimport[22m | world_boxer_c1r1.png[39m[0m
[  68% ] [90m[1mreimport[22m | world_candymaker.png[39m[0m
[  68% ] [90m[1mreimport[22m | world_candymaker_c0r0.png[39m[0m
[  68% ] [90m[1mreimport[22m | world_candymaker_c0r1.png[39m[0m
[  68% ] [90m[1mreimport[22m | world_candymaker_c1r0.png[39m[0m
[  68% ] [90m[1mreimport[22m | world_candymaker_c1r1.png[39m[0m
[  68% ] [90m[1mreimport[22m | world_chef.png[39m[0m
[  68% ] [90m[1mreimport[22m | world_chef_c0r0.png[39m[0m
[  68% ] [90m[1mreimport[22m | world_chef_c0r1.png[39m[0m
[  68% ] [90m[1mreimport[22m | world_chef_c1r0.png[39m[0m
[  68% ] [90m[1mreimport[22m | world_chef_c1r1.png[39m[0m
[  68% ] [90m[1mreimport[22m | world_detective.png[39m[0m
[  68% ] [90m[1mreimport[22m | world_detective_c0r0.png[39m[0m
[  68% ] [90m[1mreimport[22m | world_detective_c0r1.png[39m[0m
[  68% ] [90m[1mreimport[22m | world_detective_c1r0.png[39m[0m
[  68% ] [90m[1mreimport[22m | stage_nursery_c1r1.png[39m[0m
[  68% ] [90m[1mreimport[22m | stage_painter_c0r0.png[39m[0m
[  68% ] [90m[1mreimport[22m | stage_painter_c0r1.png[39m[0m
[  68% ] [90m[1mreimport[22m | stage_painter_c1r0.png[39m[0m
[  68% ] [90m[1mreimport[22m | stage_painter_c1r1.png[39m[0m
[  68% ] [90m[1mreimport[22m | stage_popstar_c0r0.png[39m[0m
[  68% ] [90m[1mreimport[22m | stage_popstar_c0r1.png[39m[0m
[  69% ] [90m[1mreimport[22m | stage_popstar_c1r0.png[39m[0m
[  69% ] [90m[1mreimport[22m | stage_popstar_c1r1.png[39m[0m
[  69% ] [90m[1mreimport[22m | stage_racer_c0r0.png[39m[0m
[  69% ] [90m[1mreimport[22m | stage_racer_c0r1.png[39m[0m
[  69% ] [90m[1mreimport[22m | stage_racer_c1r0.png[39m[0m
[  69% ] [90m[1mreimport[22m | stage_racer_c1r1.png[39m[0m
[  69% ] [90m[1mreimport[22m | world_astronaut.png[39m[0m
[  69% ] [90m[1mreimport[22m | world_astronaut_c0r0.png[39m[0m
[  69% ] [90m[1mreimport[22m | world_astronaut_c0r1.png[39m[0m
[  69% ] [90m[1mreimport[22m | world_astronaut_c1r0.png[39m[0m
[  69% ] [90m[1mreimport[22m | world_astronaut_c1r1.png[39m[0m
[  69% ] [90m[1mreimport[22m | world_ballerina.png[39m[0m
[  69% ] [90m[1mreimport[22m | world_ballerina_c0r0.png[39m[0m
[  69% ] [90m[1mreimport[22m | world_ballerina_c0r1.png[39m[0m
[  69% ] [90m[1mreimport[22m | magnifier.png[39m[0m
[  69% ] [90m[1mreimport[22m | opera_crest_singer.png[39m[0m
[  69% ] [90m[1mreimport[22m | opera_crest_racer.png[39m[0m
[  69% ] [90m[1mreimport[22m | opera_crest_phantom.png[39m[0m
[  69% ] [90m[1mreimport[22m | opera_crest_painter.png[39m[0m
[  69% ] [90m[1mreimport[22m | opera_crest_magician.png[39m[0m
[  69% ] [90m[1mreimport[22m | opera_crest_maestro.png[39m[0m
[  69% ] [90m[1mreimport[22m | opera_crest_house.png[39m[0m
[  69% ] [90m[1mreimport[22m | opera_crest_geologist.svg[39m[0m
[  69% ] [90m[1mreimport[22m | opera_crest_farmer.png[39m[0m
[  70% ] [90m[1mreimport[22m | opera_crest_engineer.png[39m[0m
[  70% ] [90m[1mreimport[22m | opera_crest_dragon.png[39m[0m
[  70% ] [90m[1mreimport[22m | opera_crest_doctor.png[39m[0m
[  70% ] [90m[1mreimport[22m | opera_crest_detective.png[39m[0m
[  70% ] [90m[1mreimport[22m | opera_crest_chef.png[39m[0m
[  70% ] [90m[1mreimport[22m | opera_crest_candy.png[39m[0m
[  70% ] [90m[1mreimport[22m | opera_crest_boxer.png[39m[0m
[  70% ] [90m[1mreimport[22m | opera_crest_ballerina.png[39m[0m
[  70% ] [90m[1mreimport[22m | goal_nursery.png[39m[0m
[  70% ] [90m[1mreimport[22m | finale_stage_c1r1.png[39m[0m
[  70% ] [90m[1mreimport[22m | finale_stage_c1r0.png[39m[0m
[  70% ] [90m[1mreimport[22m | finale_stage_c0r1.png[39m[0m
[  70% ] [90m[1mreimport[22m | finale_stage_c0r0.png[39m[0m
[  70% ] [90m[1mreimport[22m | goal_racer.png[39m[0m
[  70% ] [90m[1mreimport[22m | goal_popstar.png[39m[0m
[  70% ] [90m[1mreimport[22m | goal_painter.png[39m[0m
[  70% ] [90m[1mreimport[22m | goal_nursery.png[39m[0m
[  70% ] [90m[1mreimport[22m | goal_magician.png[39m[0m
[  70% ] [90m[1mreimport[22m | widget_crank_astronaut.png[39m[0m
[  70% ] [90m[1mreimport[22m | widget_clue_board_tokens.png[39m[0m
[  70% ] [90m[1mreimport[22m | widget_clue_board_empty.png[39m[0m
[  70% ] [90m[1mreimport[22m | widget_clue_board_complete.png[39m[0m
[  70% ] [90m[1mreimport[22m | widget_charge_popstar_glow.png[39m[0m
[  70% ] [90m[1mreimport[22m | widget_charge_popstar_full.png[39m[0m
[  71% ] [90m[1mreimport[22m | widget_charge_popstar.png[39m[0m
[  71% ] [90m[1mreimport[22m | widget_charge_magician_glow.png[39m[0m
[  71% ] [90m[1mreimport[22m | widget_charge_magician_full.png[39m[0m
[  71% ] [90m[1mreimport[22m | widget_charge_magician.png[39m[0m
[  71% ] [90m[1mreimport[22m | widget_charge_farmer_glow.png[39m[0m
[  71% ] [90m[1mreimport[22m | widget_charge_farmer_full.png[39m[0m
[  71% ] [90m[1mreimport[22m | widget_charge_farmer.png[39m[0m
[  71% ] [90m[1mreimport[22m | widget_charge_ballerina_glow.png[39m[0m
[  71% ] [90m[1mreimport[22m | widget_charge_ballerina_full.png[39m[0m
[  71% ] [90m[1mreimport[22m | widget_charge_ballerina.png[39m[0m
[  71% ] [90m[1mreimport[22m | widget_charge_astronaut_glow.png[39m[0m
[  71% ] [90m[1mreimport[22m | widget_charge_astronaut_full.png[39m[0m
[  71% ] [90m[1mreimport[22m | widget_charge_astronaut.png[39m[0m
[  71% ] [90m[1mreimport[22m | widget_catch_nursery_pillows.png[39m[0m
[  71% ] [90m[1mreimport[22m | widget_catch_nursery_cradle.png[39m[0m
[  71% ] [90m[1mreimport[22m | widget_catch_nursery.png[39m[0m
[  71% ] [90m[1mreimport[22m | widget_basin_shared_shine.png[39m[0m
[  71% ] [90m[1mreimport[22m | widget_basin_nursery_bubbles.png[39m[0m
[  71% ] [90m[1mreimport[22m | widget_basin_nursery.png[39m[0m
[  71% ] [90m[1mreimport[22m | widget_basin_doctor_bubbles.png[39m[0m
[  71% ] [90m[1mreimport[22m | widget_basin_doctor.png[39m[0m
[  71% ] [90m[1mreimport[22m | task_card_frame.png[39m[0m
[  71% ] [90m[1mreimport[22m | station_marker.png[39m[0m
[  71% ] [90m[1mreimport[22m | world_popstar_c1r0.png[39m[0m
[  72% ] [90m[1mreimport[22m | world_popstar_c0r1.png[39m[0m
[  72% ] [90m[1mreimport[22m | world_popstar_c0r0.png[39m[0m
[  72% ] [90m[1mreimport[22m | world_popstar.png[39m[0m
[  72% ] [90m[1mreimport[22m | world_painter_c1r1.png[39m[0m
[  72% ] [90m[1mreimport[22m | world_painter_c1r0.png[39m[0m
[  72% ] [90m[1mreimport[22m | world_painter_c0r1.png[39m[0m
[  72% ] [90m[1mreimport[22m | world_painter_c0r0.png[39m[0m
[  72% ] [90m[1mreimport[22m | world_painter.png[39m[0m
[  72% ] [90m[1mreimport[22m | world_nursery_c1r1.png[39m[0m
[  72% ] [90m[1mreimport[22m | world_nursery_c1r0.png[39m[0m
[  72% ] [90m[1mreimport[22m | world_nursery_c0r1.png[39m[0m
[  72% ] [90m[1mreimport[22m | world_nursery_c0r0.png[39m[0m
[  72% ] [90m[1mreimport[22m | world_magician_c1r1.png[39m[0m
[  72% ] [90m[1mreimport[22m | world_magician_c1r0.png[39m[0m
[  72% ] [90m[1mreimport[22m | world_magician_c0r1.png[39m[0m
[  72% ] [90m[1mreimport[22m | world_magician_c0r0.png[39m[0m
[  72% ] [90m[1mreimport[22m | world_magician.png[39m[0m
[  72% ] [90m[1mreimport[22m | world_farmer_c1r1.png[39m[0m
[  72% ] [90m[1mreimport[22m | world_farmer_c1r0.png[39m[0m
[  72% ] [90m[1mreimport[22m | world_farmer_c0r1.png[39m[0m
[  72% ] [90m[1mreimport[22m | world_farmer_c0r0.png[39m[0m
[  72% ] [90m[1mreimport[22m | world_farmer.png[39m[0m
[  72% ] [90m[1mreimport[22m | world_doctor_c1r1.png[39m[0m
[  72% ] [90m[1mreimport[22m | world_doctor_c1r0.png[39m[0m
[  73% ] [90m[1mreimport[22m | world_doctor_c0r1.png[39m[0m
[  73% ] [90m[1mreimport[22m | world_doctor_c0r0.png[39m[0m
[  73% ] [90m[1mreimport[22m | world_doctor.png[39m[0m
[  73% ] [90m[1mreimport[22m | world_detective_c1r1.png[39m[0m
[  73% ] [90m[1mreimport[22m | goal_geologist.svg[39m[0m
[  73% ] [90m[1mreimport[22m | goal_farmer.png[39m[0m
[  73% ] [90m[1mreimport[22m | goal_doctor.png[39m[0m
[  73% ] [90m[1mreimport[22m | goal_detective.png[39m[0m
[  73% ] [90m[1mreimport[22m | goal_chef.png[39m[0m
[  73% ] [90m[1mreimport[22m | goal_candymaker.png[39m[0m
[  73% ] [90m[1mreimport[22m | goal_boxer.png[39m[0m
[  73% ] [90m[1mreimport[22m | goal_ballerina.png[39m[0m
[  73% ] [90m[1mreimport[22m | goal_astronaut.png[39m[0m
[  73% ] [90m[1mreimport[22m | fx_telegraph_ring.png[39m[0m
[  73% ] [90m[1mreimport[22m | fx_telegraph_bang.png[39m[0m
[  73% ] [90m[1mreimport[22m | fx_stolen_sparkle.png[39m[0m
[  73% ] [90m[1mreimport[22m | fx_slash_arc.png[39m[0m
[  73% ] [90m[1mreimport[22m | fx_dust_puff.png[39m[0m
[  73% ] [90m[1mreimport[22m | fx_dizzy_stars.png[39m[0m
[  73% ] [90m[1mreimport[22m | fx_bop_puff.png[39m[0m
[  73% ] [90m[1mreimport[22m | baby_2.png[39m[0m
[  73% ] [90m[1mreimport[22m | baby_1.png[39m[0m
[  73% ] [90m[1mreimport[22m | baby_0.png[39m[0m
[  73% ] [90m[1mreimport[22m | teacher_lesson_board.svg[39m[0m
[  74% ] [90m[1mreimport[22m | magician_rope.png[39m[0m
[  74% ] [90m[1mreimport[22m | geologist_layered_rock.svg[39m[0m
[  74% ] [90m[1mreimport[22m | geologist_fossil.svg[39m[0m
[  74% ] [90m[1mreimport[22m | world_racer_c1r1.png[39m[0m
[  74% ] [90m[1mreimport[22m | world_racer_c1r0.png[39m[0m
[  74% ] [90m[1mreimport[22m | world_racer_c0r1.png[39m[0m
[  74% ] [90m[1mreimport[22m | world_racer_c0r0.png[39m[0m
[  74% ] [90m[1mreimport[22m | world_racer.png[39m[0m
[  74% ] [90m[1mreimport[22m | world_popstar_c1r1.png[39m[0m
[  74% ] [90m[1mreimport[22m | rival_candymaker_bow.png[39m[0m
[  74% ] [90m[1mreimport[22m | rival_candymaker_bopped.png[39m[0m
[  74% ] [90m[1mreimport[22m | rival_candymaker.png[39m[0m
[  74% ] [90m[1mreimport[22m | rival_boxer_windup.png[39m[0m
[  74% ] [90m[1mreimport[22m | rival_boxer_taunt.png[39m[0m
[  74% ] [90m[1mreimport[22m | rival_boxer_stagger.png[39m[0m
[  74% ] [90m[1mreimport[22m | rival_boxer_slash.png[39m[0m
[  74% ] [90m[1mreimport[22m | rival_boxer_recover.png[39m[0m
[  74% ] [90m[1mreimport[22m | rival_boxer_hop_b.png[39m[0m
[  74% ] [90m[1mreimport[22m | rival_boxer_hop_a.png[39m[0m
[  74% ] [90m[1mreimport[22m | rival_boxer_guard.png[39m[0m
[  74% ] [90m[1mreimport[22m | rival_boxer_flee.png[39m[0m
[  74% ] [90m[1mreimport[22m | rival_boxer_charge.png[39m[0m
[  74% ] [90m[1mreimport[22m | rival_boxer_bow.png[39m[0m
[  75% ] [90m[1mreimport[22m | rival_boxer_bopped.png[39m[0m
[  75% ] [90m[1mreimport[22m | rival_boxer.png[39m[0m
[  75% ] [90m[1mreimport[22m | rival_ballerina_windup.png[39m[0m
[  75% ] [90m[1mreimport[22m | rival_ballerina_taunt.png[39m[0m
[  75% ] [90m[1mreimport[22m | rival_ballerina_stagger.png[39m[0m
[  75% ] [90m[1mreimport[22m | rival_ballerina_slash.png[39m[0m
[  75% ] [90m[1mreimport[22m | rival_ballerina_recover.png[39m[0m
[  75% ] [90m[1mreimport[22m | rival_ballerina_hop_b.png[39m[0m
[  75% ] [90m[1mreimport[22m | rival_ballerina_hop_a.png[39m[0m
[  75% ] [90m[1mreimport[22m | rival_ballerina_guard.png[39m[0m
[  75% ] [90m[1mreimport[22m | rival_ballerina_flee.png[39m[0m
[  75% ] [90m[1mreimport[22m | rival_detective_bopped.png[39m[0m
[  75% ] [90m[1mreimport[22m | rival_detective.png[39m[0m
[  75% ] [90m[1mreimport[22m | rival_chef_windup.png[39m[0m
[  75% ] [90m[1mreimport[22m | rival_chef_taunt.png[39m[0m
[  75% ] [90m[1mreimport[22m | rival_chef_stagger.png[39m[0m
[  75% ] [90m[1mreimport[22m | rival_chef_slash.png[39m[0m
[  75% ] [90m[1mreimport[22m | rival_chef_recover.png[39m[0m
[  75% ] [90m[1mreimport[22m | rival_chef_hop_b.png[39m[0m
[  75% ] [90m[1mreimport[22m | rival_chef_hop_a.png[39m[0m
[  75% ] [90m[1mreimport[22m | rival_chef_guard.png[39m[0m
[  75% ] [90m[1mreimport[22m | rival_chef_flee.png[39m[0m
[  75% ] [90m[1mreimport[22m | rival_chef_charge.png[39m[0m
[  75% ] [90m[1mreimport[22m | rival_chef_bow.png[39m[0m
[  76% ] [90m[1mreimport[22m | rival_chef_bopped.png[39m[0m
[  76% ] [90m[1mreimport[22m | rival_chef.png[39m[0m
[  76% ] [90m[1mreimport[22m | rival_candymaker_windup.png[39m[0m
[  76% ] [90m[1mreimport[22m | rival_candymaker_taunt.png[39m[0m
[  76% ] [90m[1mreimport[22m | rival_candymaker_stagger.png[39m[0m
[  76% ] [90m[1mreimport[22m | rival_candymaker_slash.png[39m[0m
[  76% ] [90m[1mreimport[22m | rival_candymaker_recover.png[39m[0m
[  76% ] [90m[1mreimport[22m | rival_candymaker_hop_b.png[39m[0m
[  76% ] [90m[1mreimport[22m | rival_candymaker_hop_a.png[39m[0m
[  76% ] [90m[1mreimport[22m | rival_candymaker_guard.png[39m[0m
[  76% ] [90m[1mreimport[22m | rival_candymaker_flee.png[39m[0m
[  76% ] [90m[1mreimport[22m | rival_candymaker_charge.png[39m[0m
[  76% ] [90m[1mreimport[22m | imp_mischief_bow.png[39m[0m
[  76% ] [90m[1mreimport[22m | imp_mischief_bopped.png[39m[0m
[  76% ] [90m[1mreimport[22m | imp_mischief.png[39m[0m
[  76% ] [90m[1mreimport[22m | imp_captain_windup.png[39m[0m
[  76% ] [90m[1mreimport[22m | imp_captain_taunt.png[39m[0m
[  76% ] [90m[1mreimport[22m | imp_captain_stagger.png[39m[0m
[  76% ] [90m[1mreimport[22m | imp_captain_slash.png[39m[0m
[  76% ] [90m[1mreimport[22m | imp_captain_recover.png[39m[0m
[  76% ] [90m[1mreimport[22m | imp_captain_guard.png[39m[0m
[  76% ] [90m[1mreimport[22m | imp_captain_flee.png[39m[0m
[  76% ] [90m[1mreimport[22m | imp_captain_charge.png[39m[0m
[  76% ] [90m[1mreimport[22m | imp_captain_bow.png[39m[0m
[  77% ] [90m[1mreimport[22m | imp_captain_bopped.png[39m[0m
[  77% ] [90m[1mreimport[22m | imp_captain.png[39m[0m
[  77% ] [90m[1mreimport[22m | faron_nursery.png[39m[0m
[  77% ] [90m[1mreimport[22m | roshan_teacher_sheet_a.png[39m[0m
[  77% ] [90m[1mreimport[22m | roshan_racer_sheet_a.png[39m[0m
[  77% ] [90m[1mreimport[22m | roshan_popstar_sheet_a.png[39m[0m
[  77% ] [90m[1mreimport[22m | roshan_painter_sheet_a.png[39m[0m
[  77% ] [90m[1mreimport[22m | roshan_nursery_sheet_a.png[39m[0m
[  77% ] [90m[1mreimport[22m | roshan_magician_sheet_a.png[39m[0m
[  77% ] [90m[1mreimport[22m | roshan_geologist_sheet_a.png[39m[0m
[  77% ] [90m[1mreimport[22m | roshan_farmer_sheet_a.png[39m[0m
[  77% ] [90m[1mreimport[22m | roshan_doctor_sheet_a.png[39m[0m
[  77% ] [90m[1mreimport[22m | roshan_detective_sheet_a.png[39m[0m
[  77% ] [90m[1mreimport[22m | rival_ballerina_charge.png[39m[0m
[  77% ] [90m[1mreimport[22m | rival_ballerina_bow.png[39m[0m
[  77% ] [90m[1mreimport[22m | rival_ballerina_bopped.png[39m[0m
[  77% ] [90m[1mreimport[22m | rival_ballerina.png[39m[0m
[  77% ] [90m[1mreimport[22m | rival_astronaut_windup.png[39m[0m
[  77% ] [90m[1mreimport[22m | rival_astronaut_taunt.png[39m[0m
[  77% ] [90m[1mreimport[22m | rival_astronaut_stagger.png[39m[0m
[  77% ] [90m[1mreimport[22m | rival_astronaut_slash.png[39m[0m
[  77% ] [90m[1mreimport[22m | rival_astronaut_recover.png[39m[0m
[  77% ] [90m[1mreimport[22m | rival_astronaut_hop_b.png[39m[0m
[  77% ] [90m[1mreimport[22m | rival_astronaut_hop_a.png[39m[0m
[  78% ] [90m[1mreimport[22m | rival_astronaut_guard.png[39m[0m
[  78% ] [90m[1mreimport[22m | rival_astronaut_flee.png[39m[0m
[  78% ] [90m[1mreimport[22m | rival_astronaut_charge.png[39m[0m
[  78% ] [90m[1mreimport[22m | rival_astronaut_bow.png[39m[0m
[  78% ] [90m[1mreimport[22m | rival_astronaut_bopped.png[39m[0m
[  78% ] [90m[1mreimport[22m | rival_astronaut.png[39m[0m
[  78% ] [90m[1mreimport[22m | imp_mischief_windup.png[39m[0m
[  78% ] [90m[1mreimport[22m | imp_mischief_taunt.png[39m[0m
[  78% ] [90m[1mreimport[22m | imp_mischief_stagger.png[39m[0m
[  78% ] [90m[1mreimport[22m | imp_mischief_slash.png[39m[0m
[  78% ] [90m[1mreimport[22m | imp_mischief_recover.png[39m[0m
[  78% ] [90m[1mreimport[22m | imp_mischief_guard.png[39m[0m
[  78% ] [90m[1mreimport[22m | imp_mischief_flee.png[39m[0m
[  78% ] [90m[1mreimport[22m | imp_mischief_charge.png[39m[0m
[  78% ] [90m[1mreimport[22m | rival_popstar_taunt.png[39m[0m
[  78% ] [90m[1mreimport[22m | rival_popstar_stagger.png[39m[0m
[  78% ] [90m[1mreimport[22m | rival_popstar_slash.png[39m[0m
[  78% ] [90m[1mreimport[22m | rival_popstar_recover.png[39m[0m
[  78% ] [90m[1mreimport[22m | rival_popstar_hop_b.png[39m[0m
[  78% ] [90m[1mreimport[22m | rival_popstar_hop_a.png[39m[0m
[  78% ] [90m[1mreimport[22m | rival_popstar_guard.png[39m[0m
[  78% ] [90m[1mreimport[22m | rival_popstar_flee.png[39m[0m
[  78% ] [90m[1mreimport[22m | rival_popstar_charge.png[39m[0m
[  78% ] [90m[1mreimport[22m | rival_popstar_bow.png[39m[0m
[  79% ] [90m[1mreimport[22m | rival_popstar_bopped.png[39m[0m
[  79% ] [90m[1mreimport[22m | rival_popstar.png[39m[0m
[  79% ] [90m[1mreimport[22m | rival_painter_windup.png[39m[0m
[  79% ] [90m[1mreimport[22m | rival_painter_taunt.png[39m[0m
[  79% ] [90m[1mreimport[22m | rival_painter_stagger.png[39m[0m
[  79% ] [90m[1mreimport[22m | rival_painter_slash.png[39m[0m
[  79% ] [90m[1mreimport[22m | rival_painter_recover.png[39m[0m
[  79% ] [90m[1mreimport[22m | rival_painter_hop_b.png[39m[0m
[  79% ] [90m[1mreimport[22m | rival_painter_hop_a.png[39m[0m
[  79% ] [90m[1mreimport[22m | rival_painter_guard.png[39m[0m
[  79% ] [90m[1mreimport[22m | rival_painter_flee.png[39m[0m
[  79% ] [90m[1mreimport[22m | rival_painter_charge.png[39m[0m
[  79% ] [90m[1mreimport[22m | rival_painter_bow.png[39m[0m
[  79% ] [90m[1mreimport[22m | rival_painter_bopped.png[39m[0m
[  79% ] [90m[1mreimport[22m | rival_painter.png[39m[0m
[  79% ] [90m[1mreimport[22m | roshan_painter.png[39m[0m
[  79% ] [90m[1mreimport[22m | roshan_nursery.png[39m[0m
[  79% ] [90m[1mreimport[22m | roshan_magician.png[39m[0m
[  79% ] [90m[1mreimport[22m | roshan_farmer.png[39m[0m
[  79% ] [90m[1mreimport[22m | roshan_doctor.png[39m[0m
[  79% ] [90m[1mreimport[22m | roshan_detective.png[39m[0m
[  79% ] [90m[1mreimport[22m | roshan_chef.png[39m[0m
[  79% ] [90m[1mreimport[22m | roshan_candymaker.png[39m[0m
[  79% ] [90m[1mreimport[22m | roshan_boxer.png[39m[0m
[  80% ] [90m[1mreimport[22m | roshan_ballerina.png[39m[0m
[  80% ] [90m[1mreimport[22m | roshan_astronaut.png[39m[0m
[  80% ] [90m[1mreimport[22m | rival_racer_windup.png[39m[0m
[  80% ] [90m[1mreimport[22m | rival_racer_taunt.png[39m[0m
[  80% ] [90m[1mreimport[22m | rival_racer_stagger.png[39m[0m
[  80% ] [90m[1mreimport[22m | rival_racer_slash.png[39m[0m
[  80% ] [90m[1mreimport[22m | rival_racer_recover.png[39m[0m
[  80% ] [90m[1mreimport[22m | rival_racer_hop_b.png[39m[0m
[  80% ] [90m[1mreimport[22m | rival_racer_hop_a.png[39m[0m
[  80% ] [90m[1mreimport[22m | rival_racer_guard.png[39m[0m
[  80% ] [90m[1mreimport[22m | rival_racer_flee.png[39m[0m
[  80% ] [90m[1mreimport[22m | rival_racer_charge.png[39m[0m
[  80% ] [90m[1mreimport[22m | rival_racer_bow.png[39m[0m
[  80% ] [90m[1mreimport[22m | rival_racer_bopped.png[39m[0m
[  80% ] [90m[1mreimport[22m | rival_racer.png[39m[0m
[  80% ] [90m[1mreimport[22m | rival_popstar_windup.png[39m[0m
[  80% ] [90m[1mreimport[22m | rival_farmer.png[39m[0m
[  80% ] [90m[1mreimport[22m | rival_doctor_windup.png[39m[0m
[  80% ] [90m[1mreimport[22m | rival_doctor_taunt.png[39m[0m
[  80% ] [90m[1mreimport[22m | rival_doctor_stagger.png[39m[0m
[  80% ] [90m[1mreimport[22m | rival_doctor_slash.png[39m[0m
[  80% ] [90m[1mreimport[22m | rival_doctor_recover.png[39m[0m
[  80% ] [90m[1mreimport[22m | rival_doctor_hop_b.png[39m[0m
[  80% ] [90m[1mreimport[22m | rival_doctor_hop_a.png[39m[0m
[  81% ] [90m[1mreimport[22m | rival_doctor_guard.png[39m[0m
[  81% ] [90m[1mreimport[22m | rival_doctor_flee.png[39m[0m
[  81% ] [90m[1mreimport[22m | rival_doctor_charge.png[39m[0m
[  81% ] [90m[1mreimport[22m | rival_doctor_bow.png[39m[0m
[  81% ] [90m[1mreimport[22m | rival_doctor_bopped.png[39m[0m
[  81% ] [90m[1mreimport[22m | rival_doctor.png[39m[0m
[  81% ] [90m[1mreimport[22m | rival_detective_windup.png[39m[0m
[  81% ] [90m[1mreimport[22m | rival_detective_taunt.png[39m[0m
[  81% ] [90m[1mreimport[22m | rival_detective_stagger.png[39m[0m
[  81% ] [90m[1mreimport[22m | rival_detective_slash.png[39m[0m
[  81% ] [90m[1mreimport[22m | rival_detective_recover.png[39m[0m
[  81% ] [90m[1mreimport[22m | rival_detective_hop_b.png[39m[0m
[  81% ] [90m[1mreimport[22m | rival_detective_hop_a.png[39m[0m
[  81% ] [90m[1mreimport[22m | rival_detective_guard.png[39m[0m
[  81% ] [90m[1mreimport[22m | rival_detective_flee.png[39m[0m
[  81% ] [90m[1mreimport[22m | rival_detective_charge.png[39m[0m
[  81% ] [90m[1mreimport[22m | rival_detective_bow.png[39m[0m
[  81% ] [90m[1mreimport[22m | rival_magician_windup.png[39m[0m
[  81% ] [90m[1mreimport[22m | rival_magician_taunt.png[39m[0m
[  81% ] [90m[1mreimport[22m | rival_magician_stagger.png[39m[0m
[  81% ] [90m[1mreimport[22m | rival_magician_slash.png[39m[0m
[  81% ] [90m[1mreimport[22m | rival_magician_recover.png[39m[0m
[  81% ] [90m[1mreimport[22m | rival_magician_hop_b.png[39m[0m
[  81% ] [90m[1mreimport[22m | rival_magician_hop_a.png[39m[0m
[  82% ] [90m[1mreimport[22m | rival_magician_guard.png[39m[0m
[  82% ] [90m[1mreimport[22m | rival_magician_flee.png[39m[0m
[  82% ] [90m[1mreimport[22m | rival_magician_charge.png[39m[0m
[  82% ] [90m[1mreimport[22m | rival_magician_bow.png[39m[0m
[  82% ] [90m[1mreimport[22m | rival_magician_bopped.png[39m[0m
[  82% ] [90m[1mreimport[22m | rival_magician.png[39m[0m
[  82% ] [90m[1mreimport[22m | rival_farmer_windup.png[39m[0m
[  82% ] [90m[1mreimport[22m | rival_farmer_taunt.png[39m[0m
[  82% ] [90m[1mreimport[22m | rival_farmer_stagger.png[39m[0m
[  82% ] [90m[1mreimport[22m | rival_farmer_slash.png[39m[0m
[  82% ] [90m[1mreimport[22m | rival_farmer_recover.png[39m[0m
[  82% ] [90m[1mreimport[22m | rival_farmer_hop_b.png[39m[0m
[  82% ] [90m[1mreimport[22m | rival_farmer_hop_a.png[39m[0m
[  82% ] [90m[1mreimport[22m | rival_farmer_guard.png[39m[0m
[  82% ] [90m[1mreimport[22m | rival_farmer_flee.png[39m[0m
[  82% ] [90m[1mreimport[22m | rival_farmer_charge.png[39m[0m
[  82% ] [90m[1mreimport[22m | rival_farmer_bow.png[39m[0m
[  82% ] [90m[1mreimport[22m | rival_farmer_bopped.png[39m[0m
[  82% ] [90m[1mreimport[22m | sky_lagoon_cloud_family_v5_audited.png[39m[0m
[  82% ] [90m[1mreimport[22m | sky_lagoon_cloud_family_drift.png[39m[0m
[  82% ] [90m[1mreimport[22m | sky_lagoon_castle_stained_glass_v1.png[39m[0m
[  82% ] [90m[1mreimport[22m | sky_lagoon_castle_gate_v3.png[39m[0m
[  82% ] [90m[1mreimport[22m | sky_lagoon_castle_gate.png[39m[0m
[  82% ] [90m[1mreimport[22m | sky_lagoon_castle_four_tower_v4.png[39m[0m
[  83% ] [90m[1mreimport[22m | sky_lagoon_castle_four_tower_v3.png[39m[0m
[  83% ] [90m[1mreimport[22m | sky_lagoon_castle_door_focus_v1.png[39m[0m
[  83% ] [90m[1mreimport[22m | sky_lagoon_activity_frame_v3.png[39m[0m
[  83% ] [90m[1mreimport[22m | sky_lagoon_activity_frame_v2.png[39m[0m
[  83% ] [90m[1mreimport[22m | roshan_swing_3_v2.png[39m[0m
[  83% ] [90m[1mreimport[22m | roshan_swing_2_v2.png[39m[0m
[  83% ] [90m[1mreimport[22m | roshan_swing_1.png[39m[0m
[  83% ] [90m[1mreimport[22m | roshan_swing_0.png[39m[0m
[  83% ] [90m[1mreimport[22m | roshan_slide_3_v2.png[39m[0m
[  83% ] [90m[1mreimport[22m | roshan_slide_2_v2.png[39m[0m
[  83% ] [90m[1mreimport[22m | roshan_slide_1.png[39m[0m
[  83% ] [90m[1mreimport[22m | roshan_slide_0.png[39m[0m
[  83% ] [90m[1mreimport[22m | roshan_seesaw_3.png[39m[0m
[  83% ] [90m[1mreimport[22m | roshan_seesaw_2.png[39m[0m
[  83% ] [90m[1mreimport[22m | roshan_seesaw_1.png[39m[0m
[  83% ] [90m[1mreimport[22m | roshan_seesaw_0.png[39m[0m
[  83% ] [90m[1mreimport[22m | squirrel_startle_atlas.png[39m[0m
[  83% ] [90m[1mreimport[22m | squirrel_idle_atlas.png[39m[0m
[  83% ] [90m[1mreimport[22m | raccoon_startle_atlas.png[39m[0m
[  83% ] [90m[1mreimport[22m | sky_lagoon_tree_sticker_medium_v1.png[39m[0m
[  83% ] [90m[1mreimport[22m | sky_lagoon_swing_v3_compact.png[39m[0m
[  83% ] [90m[1mreimport[22m | sky_lagoon_swing_v3.png[39m[0m
[  83% ] [90m[1mreimport[22m | sky_lagoon_swing_single_mermaid_v1.png[39m[0m
[  84% ] [90m[1mreimport[22m | sky_lagoon_swing.png[39m[0m
[  84% ] [90m[1mreimport[22m | sky_lagoon_smoke_wisp_v2.png[39m[0m
[  84% ] [90m[1mreimport[22m | sky_lagoon_slide_v3_compact.png[39m[0m
[  84% ] [90m[1mreimport[22m | sky_lagoon_slide_v3.png[39m[0m
[  84% ] [90m[1mreimport[22m | sky_lagoon_slide.png[39m[0m
[  84% ] [90m[1mreimport[22m | sky_lagoon_seesaw_v5_fitted.png[39m[0m
[  84% ] [90m[1mreimport[22m | sky_lagoon_seesaw_v4_compact.png[39m[0m
[  84% ] [90m[1mreimport[22m | sky_lagoon_seesaw_v4.png[39m[0m
[  84% ] [90m[1mreimport[22m | sky_lagoon_seesaw.png[39m[0m
[  84% ] [90m[1mreimport[22m | sky_lagoon_roshan_runtime_audited.png[39m[0m
[  84% ] [90m[1mreimport[22m | sky_lagoon_roshan.png[39m[0m
[  84% ] [90m[1mreimport[22m | sky_lagoon_pnw_fir_sway_v2.png[39m[0m
[  84% ] [90m[1mreimport[22m | sky_lagoon_pnw_fir_sway.png[39m[0m
[  84% ] [90m[1mreimport[22m | sky_lagoon_pnw_currant_sway_audited.png[39m[0m
[  84% ] [90m[1mreimport[22m | sky_lagoon_pnw_currant_sway.png[39m[0m
[  84% ] [90m[1mreimport[22m | sky_lagoon_plane_v5_hd_grade.png[39m[0m
[  84% ] [90m[1mreimport[22m | sky_lagoon_plane_v4_audited_360.png[39m[0m
[  84% ] [90m[1mreimport[22m | sky_lagoon_plane.png[39m[0m
[  84% ] [90m[1mreimport[22m | sky_lagoon_contact_shadow.png[39m[0m
[  84% ] [90m[1mreimport[22m | sky_lagoon_cloud_single_v1.png[39m[0m
[  84% ] [90m[1mreimport[22m | sky_lagoon_cloud_family_v7_hd_grade.png[39m[0m
[  84% ] [90m[1mreimport[22m | mushroom_tan_cluster.png[39m[0m
[  84% ] [90m[1mreimport[22m | mushroom_red.png[39m[0m
[  84% ] [90m[1mreimport[22m | leaf_spear.png[39m[0m
[  85% ] [90m[1mreimport[22m | leaf_palmfan.png[39m[0m
[  85% ] [90m[1mreimport[22m | leaf_fern.png[39m[0m
[  85% ] [90m[1mreimport[22m | leaf_broad.png[39m[0m
[  85% ] [90m[1mreimport[22m | ladybug.png[39m[0m
[  85% ] [90m[1mreimport[22m | fruit_orange.png[39m[0m
[  85% ] [90m[1mreimport[22m | fruit_melon.png[39m[0m
[  85% ] [90m[1mreimport[22m | fruit_banana.png[39m[0m
[  85% ] [90m[1mreimport[22m | fruit_apple.png[39m[0m
[  85% ] [90m[1mreimport[22m | flower_lavender.png[39m[0m
[  85% ] [90m[1mreimport[22m | flower_coral.png[39m[0m
[  85% ] [90m[1mreimport[22m | beetle.png[39m[0m
[  85% ] [90m[1mreimport[22m | whale_Image_0.jpg[39m[0m
[  85% ] [90m[1mreimport[22m | turtle_Image_0.jpg[39m[0m
[  85% ] [90m[1mreimport[22m | tree_pineroundf_Image_0_lift_flat.png[39m[0m
[  85% ] [90m[1mreimport[22m | tree_palm_Image_0_flat.png[39m[0m
[  85% ] [90m[1mreimport[22m | tree_fat_Image_0_flat.png[39m[0m
[  85% ] [90m[1mreimport[22m | tree_fall_Image_0_flat.png[39m[0m
[  85% ] [90m[1mreimport[22m | tree_fall2_Image_0_flat.png[39m[0m
[  85% ] [90m[1mreimport[22m | stingray_Image_0.jpg[39m[0m
[  85% ] [90m[1mreimport[22m | starfish_Image_0_flat.png[39m[0m
[  85% ] [90m[1mreimport[22m | starfish_decal.png[39m[0m
[  85% ] [90m[1mreimport[22m | squid_Image_0.jpg[39m[0m
[  85% ] [90m[1mreimport[22m | raccoon_idle_atlas.png[39m[0m
[  85% ] [90m[1mreimport[22m | otter_startle_atlas.png[39m[0m
[  86% ] [90m[1mreimport[22m | otter_idle_atlas.png[39m[0m
[  86% ] [90m[1mreimport[22m | hare_startle_atlas.png[39m[0m
[  86% ] [90m[1mreimport[22m | hare_idle_atlas.png[39m[0m
[  86% ] [90m[1mreimport[22m | frog_startle_atlas.png[39m[0m
[  86% ] [90m[1mreimport[22m | frog_idle_atlas.png[39m[0m
[  86% ] [90m[1mreimport[22m | fx_water_splash_small_atlas.png[39m[0m
[  86% ] [90m[1mreimport[22m | fx_water_splash_medium_atlas.png[39m[0m
[  86% ] [90m[1mreimport[22m | fx_water_splash_breach_atlas.png[39m[0m
[  86% ] [90m[1mreimport[22m | fx_water_ripple_ring_atlas.png[39m[0m
[  86% ] [90m[1mreimport[22m | fx_water_foamline_strip.png[39m[0m
[  86% ] [90m[1mreimport[22m | fx_water_bubble_burst_atlas.png[39m[0m
[  86% ] [90m[1mreimport[22m | dust_bunny_idle.png[39m[0m
[  86% ] [90m[1mreimport[22m | dust_bunny_hop.png[39m[0m
[  86% ] [90m[1mreimport[22m | dust_bunny_defeat.png[39m[0m
[  86% ] [90m[1mreimport[22m | dust_bunny_clean_bubbles.png[39m[0m
[  86% ] [90m[1mreimport[22m | dust_bunny_boss_laugh_vulnerable.png[39m[0m
[  86% ] [90m[1mreimport[22m | dust_bunny_boss_jump.png[39m[0m
[  86% ] [90m[1mreimport[22m | dust_bunny_boss_implode.png[39m[0m
[  86% ] [90m[1mreimport[22m | dust_bunny_boss_flinch.png[39m[0m
[  86% ] [90m[1mreimport[22m | dust_bunny_boss_angry.png[39m[0m
[  86% ] [90m[1mreimport[22m | colormap.png[39m[0m
[  86% ] [90m[1mreimport[22m | play_swing_seat.png[39m[0m
[  86% ] [90m[1mreimport[22m | play_swing_frame.png[39m[0m
[  86% ] [90m[1mreimport[22m | room_library.png[39m[0m
[  87% ] [90m[1mreimport[22m | room_kitchen.png[39m[0m
[  87% ] [90m[1mreimport[22m | room_craft_room.png[39m[0m
[  87% ] [90m[1mreimport[22m | room_bubble_bath.png[39m[0m
[  87% ] [90m[1mreimport[22m | up_wood_rgh.jpg[39m[0m
[  87% ] [90m[1mreimport[22m | up_wood_nrm.jpg[39m[0m
[  87% ] [90m[1mreimport[22m | up_wood_col.jpg[39m[0m
[  87% ] [90m[1mreimport[22m | up_water_rgh.jpg[39m[0m
[  87% ] [90m[1mreimport[22m | up_water_nrm.jpg[39m[0m
[  87% ] [90m[1mreimport[22m | up_water_col.jpg[39m[0m
[  87% ] [90m[1mreimport[22m | up_snow_rgh.jpg[39m[0m
[  87% ] [90m[1mreimport[22m | up_snow_nrm.jpg[39m[0m
[  87% ] [90m[1mreimport[22m | up_snow_col.jpg[39m[0m
[  87% ] [90m[1mreimport[22m | up_snowsoft_col.jpg[39m[0m
[  87% ] [90m[1mreimport[22m | up_shipwood_col.png[39m[0m
[  87% ] [90m[1mreimport[22m | up_sand_rgh.jpg[39m[0m
[  87% ] [90m[1mreimport[22m | up_sand_nrm.jpg[39m[0m
[  87% ] [90m[1mreimport[22m | up_sand_col.jpg[39m[0m
[  87% ] [90m[1mreimport[22m | up_roof_rgh.jpg[39m[0m
[  87% ] [90m[1mreimport[22m | up_roof_nrm.jpg[39m[0m
[  87% ] [90m[1mreimport[22m | up_roof_col.jpg[39m[0m
[  87% ] [90m[1mreimport[22m | up_marble_rgh.jpg[39m[0m
[  87% ] [90m[1mreimport[22m | up_marble_nrm.jpg[39m[0m
[  87% ] [90m[1mreimport[22m | up_marble_col.jpg[39m[0m
[  87% ] [90m[1mreimport[22m | up_grass_rgh.jpg[39m[0m
[  88% ] [90m[1mreimport[22m | SKY_LAGOON_ANIMAL_REALISM_2026-08-02_FOOTING.jpg[39m[0m
[  88% ] [90m[1mreimport[22m | SKY_LAGOON_ANIMALS_2026-08-01_LIGHTING.jpg[39m[0m
[  88% ] [90m[1mreimport[22m | LIGHTING_2026-08-02_idiom_split.jpg[39m[0m
[  88% ] [90m[1mreimport[22m | LIGHTING_2026-08-02_grade_sky_lagoon.jpg[39m[0m
[  88% ] [90m[1mreimport[22m | LIGHTING_2026-08-02_grade_main_hall.jpg[39m[0m
[  88% ] [90m[1mreimport[22m | LIGHTING_2026-08-02_grade_castle_room.jpg[39m[0m
[  88% ] [90m[1mreimport[22m | LIGHTING_2026-08-02_cast_idioms.jpg[39m[0m
[  88% ] [90m[1mreimport[22m | monstertruck_Atlas.png[39m[0m
[  88% ] [90m[1mreimport[22m | boot_splash_mermaid_roshan.png[39m[0m
[  88% ] [90m[1mreimport[22m | room_sleepover_bedroom.png[39m[0m
[  88% ] [90m[1mreimport[22m | room_royal_bedroom.png[39m[0m
[  88% ] [90m[1mreimport[22m | room_playroom.png[39m[0m
[  88% ] [90m[1mreimport[22m | room_opera_hall.png[39m[0m
[  88% ] [90m[1mreimport[22m | room_movie_lounge.png[39m[0m
[  88% ] [90m[1mreimport[22m | room_mermaid_pool.png[39m[0m
[  88% ] [90m[1mreimport[22m | room_main_hall.png[39m[0m
[  88% ] [90m[1mreimport[22m | room_library.png[39m[0m
[  88% ] [90m[1mreimport[22m | room_kitchen.png[39m[0m
[  88% ] [90m[1mreimport[22m | room_dining_room.png[39m[0m
[  88% ] [90m[1mreimport[22m | room_craft_room.png[39m[0m
[  88% ] [90m[1mreimport[22m | room_bubble_bath.png[39m[0m
[  88% ] [90m[1mreimport[22m | room_playroom.png[39m[0m
[  88% ] [90m[1mreimport[22m | room_opera_hall.png[39m[0m
[  88% ] [90m[1mreimport[22m | room_mermaid_pool.png[39m[0m
[  89% ] [90m[1mreimport[22m | room_main_hall.png[39m[0m
[  89% ] [90m[1mreimport[22m | star_detail.png[39m[0m
[  89% ] [90m[1mreimport[22m | scales_normal.png[39m[0m
[  89% ] [90m[1mreimport[22m | scales.png[39m[0m
[  89% ] [90m[1mreimport[22m | polyp_normal.png[39m[0m
[  89% ] [90m[1mreimport[22m | polyp.png[39m[0m
[  89% ] [90m[1mreimport[22m | leaf.png[39m[0m
[  89% ] [90m[1mreimport[22m | kitchen_wood_col.jpg[39m[0m
[  89% ] [90m[1mreimport[22m | kitchen_floor_col.jpg[39m[0m
[  89% ] [90m[1mreimport[22m | kitchen_counter_col.jpg[39m[0m
[  89% ] [90m[1mreimport[22m | grass.jpg[39m[0m
[  89% ] [90m[1mreimport[22m | gen2_water_col.jpg[39m[0m
[  89% ] [90m[1mreimport[22m | flower.png[39m[0m
[  89% ] [90m[1mreimport[22m | flower2.png[39m[0m
[  89% ] [90m[1mreimport[22m | caustics.png[39m[0m
[  89% ] [90m[1mreimport[22m | castle_floor_col.jpg[39m[0m
[  89% ] [90m[1mreimport[22m | castle_carpet_col.jpg[39m[0m
[  89% ] [90m[1mreimport[22m | beachball.png[39m[0m
[  89% ] [90m[1mreimport[22m | bathroom_tile_col.jpg[39m[0m
[  89% ] [90m[1mreimport[22m | backdrop_seamounts.jpg[39m[0m
[  89% ] [90m[1mreimport[22m | worktable.png[39m[0m
[  89% ] [90m[1mreimport[22m | toy_chest.png[39m[0m
[  89% ] [90m[1mreimport[22m | lamma.png[39m[0m
[  89% ] [90m[1mreimport[22m | display_shelf.png[39m[0m
[  90% ] [90m[1mreimport[22m | sky_lagoon_tree_sticker_tall_v1.png[39m[0m
[  90% ] [90m[1mreimport[22m | sky_lagoon_tree_sticker_slender_v1.png[39m[0m
[  90% ] [90m[1mreimport[22m | up_grass_nrm.jpg[39m[0m
[  90% ] [90m[1mreimport[22m | up_grass_col.jpg[39m[0m
[  90% ] [90m[1mreimport[22m | up_flagstone_rgh.jpg[39m[0m
[  90% ] [90m[1mreimport[22m | up_flagstone_nrm.jpg[39m[0m
[  90% ] [90m[1mreimport[22m | up_flagstone_col.jpg[39m[0m
[  90% ] [90m[1mreimport[22m | up_fabric_rgh.jpg[39m[0m
[  90% ] [90m[1mreimport[22m | up_fabric_nrm.jpg[39m[0m
[  90% ] [90m[1mreimport[22m | up_fabric_col.jpg[39m[0m
[  90% ] [90m[1mreimport[22m | up_door_rgh.jpg[39m[0m
[  90% ] [90m[1mreimport[22m | up_door_nrm.jpg[39m[0m
[  90% ] [90m[1mreimport[22m | up_door_col.jpg[39m[0m
[  90% ] [90m[1mreimport[22m | up_dirt_rgh.jpg[39m[0m
[  90% ] [90m[1mreimport[22m | up_dirt_nrm.jpg[39m[0m
[  90% ] [90m[1mreimport[22m | up_dirt_col.jpg[39m[0m
[  90% ] [90m[1mreimport[22m | up_crystal_col.png[39m[0m
[  90% ] [90m[1mreimport[22m | up_cobble_rgh.jpg[39m[0m
[  90% ] [90m[1mreimport[22m | up_cobble_nrm.jpg[39m[0m
[  90% ] [90m[1mreimport[22m | up_cobble_col.jpg[39m[0m
[  90% ] [90m[1mreimport[22m | up_cliff_rgh.jpg[39m[0m
[  90% ] [90m[1mreimport[22m | up_cliff_nrm.jpg[39m[0m
[  90% ] [90m[1mreimport[22m | up_cliff_col.jpg[39m[0m
[  90% ] [90m[1mreimport[22m | up_cliffwall_col.jpg[39m[0m
[  91% ] [90m[1mreimport[22m | up_castle_rgh.jpg[39m[0m
[  91% ] [90m[1mreimport[22m | up_castle_nrm.jpg[39m[0m
[  91% ] [90m[1mreimport[22m | up_castle_col.jpg[39m[0m
[  91% ] [90m[1mreimport[22m | widget_pour_nursery_mover.png[39m[0m
[  91% ] [90m[1mreimport[22m | widget_pour_nursery_fill.png[39m[0m
[  91% ] [90m[1mreimport[22m | widget_pour_nursery.png[39m[0m
[  91% ] [90m[1mreimport[22m | widget_pour_chef_mover.png[39m[0m
[  91% ] [90m[1mreimport[22m | widget_pour_chef_fill.png[39m[0m
[  91% ] [90m[1mreimport[22m | widget_pour_chef.png[39m[0m
[  91% ] [90m[1mreimport[22m | widget_pour_candymaker_mover_empty.png[39m[0m
[  91% ] [90m[1mreimport[22m | widget_pour_candymaker_mover.png[39m[0m
[  91% ] [90m[1mreimport[22m | widget_pour_candymaker_fill.png[39m[0m
[  91% ] [90m[1mreimport[22m | widget_pour_candymaker.png[39m[0m
[  91% ] [90m[1mreimport[22m | widget_portal_magician_mover.png[39m[0m
[  91% ] [90m[1mreimport[22m | widget_magic_vanish_wand.png[39m[0m
[  91% ] [90m[1mreimport[22m | widget_magic_vanish_reveal.png[39m[0m
[  91% ] [90m[1mreimport[22m | widget_magic_vanish_hat.png[39m[0m
[  91% ] [90m[1mreimport[22m | widget_magic_cabinet_reveal.png[39m[0m
[  91% ] [90m[1mreimport[22m | widget_magic_cabinet_closed.png[39m[0m
[  91% ] [90m[1mreimport[22m | widget_lanes_shared_pick.png[39m[0m
[  91% ] [90m[1mreimport[22m | widget_lanes_popstar_lit.png[39m[0m
[  91% ] [90m[1mreimport[22m | widget_lanes_popstar.png[39m[0m
[  91% ] [90m[1mreimport[22m | widget_lanes_painter_lit.png[39m[0m
[  92% ] [90m[1mreimport[22m | widget_lanes_painter.png[39m[0m
[  92% ] [90m[1mreimport[22m | widget_lanes_magician_lit.png[39m[0m
[  92% ] [90m[1mreimport[22m | widget_lanes_magician.png[39m[0m
[  92% ] [90m[1mreimport[22m | widget_lanes_farmer_lit.png[39m[0m
[  92% ] [90m[1mreimport[22m | widget_lanes_farmer.png[39m[0m
[  92% ] [90m[1mreimport[22m | widget_target_candymaker_mark.png[39m[0m
[  92% ] [90m[1mreimport[22m | widget_target_candymaker.png[39m[0m
[  92% ] [90m[1mreimport[22m | widget_target_boxer_success.png[39m[0m
[  92% ] [90m[1mreimport[22m | widget_target_boxer_mover.png[39m[0m
[  92% ] [90m[1mreimport[22m | widget_target_boxer_mark.png[39m[0m
[  92% ] [90m[1mreimport[22m | widget_target_boxer.png[39m[0m
[  92% ] [90m[1mreimport[22m | widget_target_astronaut_piece_2.png[39m[0m
[  92% ] [90m[1mreimport[22m | widget_target_astronaut_piece_1.png[39m[0m
[  92% ] [90m[1mreimport[22m | widget_target_astronaut_piece_0.png[39m[0m
[  92% ] [90m[1mreimport[22m | widget_target_astronaut_mover.png[39m[0m
[  92% ] [90m[1mreimport[22m | widget_target_astronaut_mark.png[39m[0m
[  92% ] [90m[1mreimport[22m | widget_target_astronaut.png[39m[0m
[  92% ] [90m[1mreimport[22m | widget_push_shared_arrow_lr.png[39m[0m
[  92% ] [90m[1mreimport[22m | widget_push_shared_arrow_down.png[39m[0m
[  92% ] [90m[1mreimport[22m | widget_push_racer_mover.png[39m[0m
[  92% ] [90m[1mreimport[22m | widget_push_racer.png[39m[0m
[  92% ] [90m[1mreimport[22m | widget_push_nursery_mover.png[39m[0m
[  92% ] [90m[1mreimport[22m | widget_push_nursery.png[39m[0m
[  92% ] [90m[1mreimport[22m | widget_push_farmer_mover.png[39m[0m
[  93% ] [90m[1mreimport[22m | widget_push_farmer.png[39m[0m
[  93% ] [90m[1mreimport[22m | widget_push_boxer_mover.png[39m[0m
[  93% ] [90m[1mreimport[22m | widget_push_boxer.png[39m[0m
[  93% ] [90m[1mreimport[22m | widget_pour_painter_mover.png[39m[0m
[  93% ] [90m[1mreimport[22m | widget_pour_painter_fill.png[39m[0m
[  93% ] [90m[1mreimport[22m | widget_pour_painter.png[39m[0m
[  93% ] [90m[1mreimport[22m | widget_crank_racer.png[39m[0m
[  93% ] [90m[1mreimport[22m | widget_crank_popstar_progress.png[39m[0m
[  93% ] [90m[1mreimport[22m | widget_crank_popstar_mover.png[39m[0m
[  93% ] [90m[1mreimport[22m | widget_crank_popstar.png[39m[0m
[  93% ] [90m[1mreimport[22m | widget_crank_painter_progress.png[39m[0m
[  93% ] [90m[1mreimport[22m | widget_crank_painter_mover.png[39m[0m
[  93% ] [90m[1mreimport[22m | widget_crank_painter.png[39m[0m
[  93% ] [90m[1mreimport[22m | widget_crank_magician_progress.png[39m[0m
[  93% ] [90m[1mreimport[22m | widget_crank_magician_mover.png[39m[0m
[  93% ] [90m[1mreimport[22m | widget_crank_magician.png[39m[0m
[  93% ] [90m[1mreimport[22m | widget_crank_doctor_progress.png[39m[0m
[  93% ] [90m[1mreimport[22m | widget_crank_doctor_patient.png[39m[0m
[  93% ] [90m[1mreimport[22m | widget_crank_doctor_mover.png[39m[0m
[  93% ] [90m[1mreimport[22m | widget_crank_doctor.png[39m[0m
[  93% ] [90m[1mreimport[22m | widget_crank_chef_progress.png[39m[0m
[  93% ] [90m[1mreimport[22m | widget_crank_chef_mover.png[39m[0m
[  93% ] [90m[1mreimport[22m | widget_crank_chef.png[39m[0m
[  93% ] [90m[1mreimport[22m | widget_crank_candymaker_progress.png[39m[0m
[  94% ] [90m[1mreimport[22m | widget_crank_candymaker_mover.png[39m[0m
[  94% ] [90m[1mreimport[22m | widget_crank_candymaker.png[39m[0m
[  94% ] [90m[1mreimport[22m | widget_crank_ballerina_progress.png[39m[0m
[  94% ] [90m[1mreimport[22m | widget_crank_ballerina_mover.png[39m[0m
[  94% ] [90m[1mreimport[22m | widget_crank_ballerina.png[39m[0m
[  94% ] [90m[1mreimport[22m | widget_crank_astronaut_progress.png[39m[0m
[  94% ] [90m[1mreimport[22m | widget_crank_astronaut_mover.png[39m[0m
[  94% ] [90m[1mreimport[22m | widget_lanes_doctor_lit.png[39m[0m
[  94% ] [90m[1mreimport[22m | widget_lanes_doctor.png[39m[0m
[  94% ] [90m[1mreimport[22m | widget_lanes_detective_lit.png[39m[0m
[  94% ] [90m[1mreimport[22m | widget_lanes_detective.png[39m[0m
[  94% ] [90m[1mreimport[22m | widget_lanes_candymaker_lit.png[39m[0m
[  94% ] [90m[1mreimport[22m | widget_lanes_candymaker.png[39m[0m
[  94% ] [90m[1mreimport[22m | widget_lanes_boxer_lit.png[39m[0m
[  94% ] [90m[1mreimport[22m | widget_lanes_boxer.png[39m[0m
[  94% ] [90m[1mreimport[22m | widget_lanes_ballerina_lit.png[39m[0m
[  94% ] [90m[1mreimport[22m | widget_lanes_ballerina.png[39m[0m
[  94% ] [90m[1mreimport[22m | widget_lanes_astronaut_lit.png[39m[0m
[  94% ] [90m[1mreimport[22m | widget_lanes_astronaut.png[39m[0m
[  94% ] [90m[1mreimport[22m | widget_gauge_shared_needle.png[39m[0m
[  94% ] [90m[1mreimport[22m | widget_gauge_racer_success.png[39m[0m
[  94% ] [90m[1mreimport[22m | widget_gauge_racer.png[39m[0m
[  94% ] [90m[1mreimport[22m | widget_gauge_chef_success.png[39m[0m
[  94% ] [90m[1mreimport[22m | widget_gauge_chef.png[39m[0m
[  95% ] [90m[1mreimport[22m | widget_gauge_astronaut_success.png[39m[0m
[  95% ] [90m[1mreimport[22m | widget_gauge_astronaut.png[39m[0m
[  95% ] [90m[1mreimport[22m | widget_crown_chest_open.png[39m[0m
[  95% ] [90m[1mreimport[22m | widget_crown_chest_closed.png[39m[0m
[  95% ] [90m[1mreimport[22m | widget_crank_racer_wheel.png[39m[0m
[  95% ] [90m[1mreimport[22m | widget_crank_racer_progress.png[39m[0m
[  95% ] [90m[1mreimport[22m | widget_crank_racer_mover.png[39m[0m
[  95% ] [90m[1mreimport[22m | widget_crank_racer_kart.png[39m[0m
[  95% ] [90m[1mreimport[22m | grasstuft.png[39m[0m
[  95% ] [90m[1mreimport[22m | fanshell_Image_0_flat.png[39m[0m
[  95% ] [90m[1mreimport[22m | dolphin_Image_0.jpg[39m[0m
[  95% ] [90m[1mreimport[22m | craft_kitty_rigged_base_color.jpg[39m[0m
[  95% ] [90m[1mreimport[22m | craft_kitty_mask.png[39m[0m
[  95% ] [90m[1mreimport[22m | craft_kitty_base_color.jpg[39m[0m
[  95% ] [90m[1mreimport[22m | craft_birdie_rigged_base_color.jpg[39m[0m
[  95% ] [90m[1mreimport[22m | craft_birdie_mask.png[39m[0m
[  95% ] [90m[1mreimport[22m | craft_birdie_base_color.jpg[39m[0m
[  95% ] [90m[1mreimport[22m | crab_Image_0.jpg[39m[0m
[  95% ] [90m[1mreimport[22m | coral_Image_0_flat.png[39m[0m
[  95% ] [90m[1mreimport[22m | coral6_Image_0_flat.png[39m[0m
[  95% ] [90m[1mreimport[22m | coral5_Image_0_flat.png[39m[0m
[  95% ] [90m[1mreimport[22m | coral4_Image_0_flat.png[39m[0m
[  95% ] [90m[1mreimport[22m | coral3_Image_0_flat.png[39m[0m
[  95% ] [90m[1mreimport[22m | coral2_Image_0_flat.png[39m[0m
[  96% ] [90m[1mreimport[22m | coral1_Image_0_flat.png[39m[0m
[  96% ] [90m[1mreimport[22m | clownfish_side.png[39m[0m
[  96% ] [90m[1mreimport[22m | clownfish_Image_0.jpg[39m[0m
[  96% ] [90m[1mreimport[22m | butterfly2.png[39m[0m
[  96% ] [90m[1mreimport[22m | butterfly1.png[39m[0m
[  96% ] [90m[1mreimport[22m | widget_track_shared_hit.png[39m[0m
[  96% ] [90m[1mreimport[22m | widget_track_popstar_mover.png[39m[0m
[  96% ] [90m[1mreimport[22m | widget_track_popstar.png[39m[0m
[  96% ] [90m[1mreimport[22m | widget_track_nursery_mover.png[39m[0m
[  96% ] [90m[1mreimport[22m | sponge_tubes_Image_0_flat.png[39m[0m
[  96% ] [90m[1mreimport[22m | sponge_barrel_Image_0_flat.png[39m[0m
[  96% ] [90m[1mreimport[22m | spiralshell_Image_0_flat.png[39m[0m
[  96% ] [90m[1mreimport[22m | smallfanshell_Image_0_flat.png[39m[0m
[  96% ] [90m[1mreimport[22m | shark_Image_0.jpg[39m[0m
[  96% ] [90m[1mreimport[22m | seagrass.png[39m[0m
[  96% ] [90m[1mreimport[22m | sanddollar_Image_0_flat.png[39m[0m
[  96% ] [90m[1mreimport[22m | rock_largea_Image_0_flat.png[39m[0m
[  96% ] [90m[1mreimport[22m | rock_Image_0_flat.png[39m[0m
[  96% ] [90m[1mreimport[22m | rock5_Image_0_flat.png[39m[0m
[  96% ] [90m[1mreimport[22m | rock4_Image_0_flat.png[39m[0m
[  96% ] [90m[1mreimport[22m | rock3_Image_0_flat.png[39m[0m
[  96% ] [90m[1mreimport[22m | rock2_Image_0_flat.png[39m[0m
[  96% ] [90m[1mreimport[22m | rock1_Image_0_flat.png[39m[0m
[  96% ] [90m[1mreimport[22m | play_swing_Image_0_flat.png[39m[0m
[  97% ] [90m[1mreimport[22m | play_slide_Image_0_flat.png[39m[0m
[  97% ] [90m[1mreimport[22m | play_seesaw_Image_0_flat.png[39m[0m
[  97% ] [90m[1mreimport[22m | play_sandbox_Image_0_flat.png[39m[0m
[  97% ] [90m[1mreimport[22m | play_merry_Image_0_flat.png[39m[0m
[  97% ] [90m[1mreimport[22m | play_horse_Image_0_flat.png[39m[0m
[  97% ] [90m[1mreimport[22m | penguin_Image_0.jpg[39m[0m
[  97% ] [90m[1mreimport[22m | octopus_Image_0.jpg[39m[0m
[  97% ] [90m[1mreimport[22m | lobster_Image_0.jpg[39m[0m
[  97% ] [90m[1mreimport[22m | kelp.png[39m[0m
[  97% ] [90m[1mreimport[22m | hammerhead_Image_0.jpg[39m[0m
[  97% ] [90m[1mreimport[22m | widget_target_racer_mover.png[39m[0m
[  97% ] [90m[1mreimport[22m | widget_target_racer_mark.png[39m[0m
[  97% ] [90m[1mreimport[22m | widget_target_racer.png[39m[0m
[  97% ] [90m[1mreimport[22m | widget_target_painter_mover.png[39m[0m
[  97% ] [90m[1mreimport[22m | widget_target_painter_mark.png[39m[0m
[  97% ] [90m[1mreimport[22m | widget_target_painter.png[39m[0m
[  97% ] [90m[1mreimport[22m | widget_target_farmer_piece_2.png[39m[0m
[  97% ] [90m[1mreimport[22m | widget_target_farmer_piece_1.png[39m[0m
[  97% ] [90m[1mreimport[22m | widget_target_farmer_piece_0.png[39m[0m
[  97% ] [90m[1mreimport[22m | widget_target_farmer_mover.png[39m[0m
[  97% ] [90m[1mreimport[22m | widget_target_farmer_mark.png[39m[0m
[  97% ] [90m[1mreimport[22m | widget_target_farmer.png[39m[0m
[  97% ] [90m[1mreimport[22m | widget_target_doctor_mover.png[39m[0m
[  97% ] [90m[1mreimport[22m | widget_target_doctor_mark.png[39m[0m
[  98% ] [90m[1mreimport[22m | widget_target_doctor.png[39m[0m
[  98% ] [90m[1mreimport[22m | widget_target_chef_piece_2.png[39m[0m
[  98% ] [90m[1mreimport[22m | widget_target_chef_piece_1.png[39m[0m
[  98% ] [90m[1mreimport[22m | widget_target_chef_piece_0.png[39m[0m
[  98% ] [90m[1mreimport[22m | widget_target_chef_mover.png[39m[0m
[  98% ] [90m[1mreimport[22m | widget_target_chef_mark.png[39m[0m
[  98% ] [90m[1mreimport[22m | widget_target_chef.png[39m[0m
[  98% ] [90m[1mreimport[22m | widget_target_candymaker_piece_2.png[39m[0m
[  98% ] [90m[1mreimport[22m | widget_target_candymaker_piece_1.png[39m[0m
[  98% ] [90m[1mreimport[22m | widget_target_candymaker_piece_0.png[39m[0m
[  98% ] [90m[1mreimport[22m | widget_target_candymaker_mover.png[39m[0m
[  98% ] [90m[1mreimport[22m | widget_track_nursery.png[39m[0m
[  98% ] [90m[1mreimport[22m | widget_track_magician_mover.png[39m[0m
[  98% ] [90m[1mreimport[22m | widget_track_magician.png[39m[0m
[  98% ] [90m[1mreimport[22m | widget_track_farmer_mover.png[39m[0m
[  98% ] [90m[1mreimport[22m | widget_track_farmer.png[39m[0m
[  98% ] [90m[1mreimport[22m | widget_track_detective_mover.png[39m[0m
[  98% ] [90m[1mreimport[22m | widget_track_detective.png[39m[0m
[  98% ] [90m[1mreimport[22m | widget_track_candymaker_mover.png[39m[0m
[  98% ] [90m[1mreimport[22m | widget_track_candymaker.png[39m[0m
[  98% ] [90m[1mreimport[22m | widget_track_boxer_mover.png[39m[0m
[  98% ] [90m[1mreimport[22m | widget_track_boxer.png[39m[0m
[  98% ] [90m[1mreimport[22m | widget_track_ballerina_mover.png[39m[0m
[  98% ] [90m[1mreimport[22m | widget_track_ballerina.png[39m[0m
[  99% ] [90m[1mreimport[22m | widget_trace_painter_lit.png[39m[0m
[  99% ] [90m[1mreimport[22m | widget_trace_painter.png[39m[0m
[  99% ] [90m[1mreimport[22m | widget_trace_magician_lit.png[39m[0m
[  99% ] [90m[1mreimport[22m | widget_trace_magician.png[39m[0m
[  99% ] [90m[1mreimport[22m | widget_trace_doctor_lit.png[39m[0m
[  99% ] [90m[1mreimport[22m | widget_trace_doctor.png[39m[0m
[  99% ] [90m[1mreimport[22m | widget_trace_detective_lit.png[39m[0m
[  99% ] [90m[1mreimport[22m | widget_trace_detective.png[39m[0m
[  99% ] [90m[1mreimport[22m | widget_trace_chef_lit.png[39m[0m
[  99% ] [90m[1mreimport[22m | widget_trace_chef.png[39m[0m
[  99% ] [90m[1mreimport[22m | widget_trace_ballerina_lit.png[39m[0m
[  99% ] [90m[1mreimport[22m | widget_trace_ballerina.png[39m[0m
[  99% ] [90m[1mreimport[22m | craft_room_paint_table_atlas.png[39m[0m
[  99% ] [90m[1mreimport[22m | craft_room_idea_board_atlas.png[39m[0m
[  99% ] [90m[1mreimport[22m | bubble_bath_toilet_atlas.png[39m[0m
[  99% ] [90m[1mreimport[22m | voice_yay.mp3[39m[0m
[  99% ] [90m[1mreimport[22m | roshan_op_doctor_bandage.ogg[39m[0m
[  99% ] [90m[1mreimport[22m | roshan_op_doctor_bandage_stage.ogg[39m[0m
[  99% ] [90m[1mreimport[22m | roshan_op_doctor_cast.ogg[39m[0m
[  99% ] [90m[1mreimport[22m | roshan_op_doctor_cast_stage.ogg[39m[0m
[  99% ] [90m[1mreimport[22m | roshan_op_doctor_find.ogg[39m[0m
[  99% ] [90m[1mreimport[22m | roshan_op_doctor_find_stage.ogg[39m[0m
[  99% ] [90m[1mreimport[22m | Finalizing Asset Import...[39m[0m
[92m[ DONE ][39m [1mreimport[22m
[0m
[   0% ] [90m[1mreimport[22m | Started (Re)Importing Assets (2387 steps)[39m[0m
[   0% ] [90m[1mreimport[22m | Executing post-reimport operations...[39m[0m
[92m[ DONE ][39m [1mreimport[22m
[0m
[   0% ] [90m[1mloading_editor_layout[22m | Started Loading editor (5 steps)[39m[0m
[   0% ] [90m[1mloading_editor_layout[22m | Loading editor layout...[39m[0m
[  16% ] [90m[1mloading_editor_layout[22m | Loading docks...[39m[0m
[92m[ DONE ][39m [1mloading_editor_layout[22m
[0m
