asset_id,filename,template,career,beat,layer_type,canvas,states_or_frames,engine_note,depicts,priority,status
pour_chef_backdrop,widget_pour_chef.png,pour,chef,POUR,backdrop,1024x576,single layer,"draw_texture_rect(backdrop, panel) — stretched, no aspect preservation, so it must be fully opaque and full-bleed edge to edge (it deliberately covers the pale panel and 4px accent border painted underneath at lines 346–347). No rounded rectangle anywhere in the file. Bowl rim line and empty-floor line must be pixel-registered to the _fill layer's ink band.","A cream-glazed mixing bowl so big it runs off the bottom edge — coral-and-antique-gold banded belly filling the lower two-thirds, a fat pearl-and-shell boss on its front, wooden footed base just clipped by the frame, its mouth a wide ellipse crossing the frame at 38% height and tilted toward us so we look down into the whole inner wall, that interior painted in cool shadow with one crescent of light down the far side so an empty bowl reads unmistakably EMPTY — set on a warm marble counter running back to a bakery window carrying a torn paper flour sack tipped on its side with a white drift spilling toward camera and a brass scoop half-buried in it, three cracked brown-speckled eggshells with one still rocking, a spill of caster sugar with a measuring spoon lying in it, a glass jug of milk beaded with condensation, a split vanilla pod showing its black seed paste, a half lemon and a fine zester, a folded coral-striped cloth, and a stick of butter with the paper peeled back, with flour motes hanging in the light beam from the upper left; REPLACE — the current file is a single bowl sticker at ~45% of frame marooned on a rounded white inset card with a 60px white gutter, a coloured border stroke and a floating coloured ellipse tab, drawn over an already-painted career world.",P1,REPLACE
pour_chef_mover,widget_pour_chef_mover.png,pour,chef,POUR,held-mover,512x512,single layer,"Held-only: drawn solely while `held`, as a square of side 138.0 (spec calls for ~360.0) centred at panel_centre - (0,18); vanishes the instant the finger lifts. Stream MUST exit the bottom edge of the square. Drawn BEFORE the fill slab, so at high fill the rising contents paint over the jug's lower portion — paint the stream so being progressively covered from below still reads correctly.","A heavy cream-glazed gold-banded milk jug tipped roughly 52 degrees to the left with its lip aimed down into the bowl mouth, an unbroken glassy milk stream falling from the lip and widening slightly as it goes, running clean off the bottom edge of the mover square so it visually continues into the bowl below, with two fingers of a small hand gripping the handle; REPLACE — the current file is a duplicate of the backdrop's own bowl-and-whisk sticker, so while she holds to pour a second identical small bowl simply fades in on top of the big bowl and nothing pours or tips.",P1,REPLACE
pour_chef_fill,widget_pour_chef_fill.png,pour,chef,POUR,progressive-fill,1024x576,"single layer — reveal must read: 10% a shallow pool of milk in the bottom of the bowl with two egg yolks bobbing in it and one bubble / 50% level halfway up the inner wall, the cut having just uncovered sugar crystals and the butter curl, the third yolk breaking the surface, flour folding in as a cream streak / 100% batter to the rim, warm caramel-cream, glossy, vanilla seeds speckled across the top","ink band must contain ONLY the rising contents — the code scans for the topmost and bottommost rows with alpha > 0.08 and maps that band 0→100%, so one stray steam pixel at the top or shadow pixel at the bottom stretches the band and the level saturates early and freezes (the exact prior playtest complaint, noted at line 417). Band = empty-floor line → rim line, nothing above or below. The cut is a HARD horizontal line: no painted meniscus ellipse, it would be sliced in half at every intermediate level. Success-image sparkles must NOT be painted into the upper corners of this file — they would extend the ink band above the rim and break the reveal.","The batter body ONLY — a column of batter filling the bowl's inner volume, painted with a soft vertically-repeating cream-gold gloss so that every horizontal row already reads as a plausible liquid surface (paint it as a column of liquid, never as a filled shape with a lid), with solid ingredients deliberately suspended at staggered heights up the ink band so each emerges as the cut passes it: two egg yolks bobbing like little suns plus one bubble at 15%, caster sugar crystals and a curl of butter at 35%, a third yolk and a folding flour swirl at 55%, vanilla seeds and a cocoa marble at 75%, and a slick of gloss at 92% just under the rim, the whole reading warm caramel-cream and heavy when full; REPLACE — this is the single worst asset in the group, currently a 320x200 rounded rect of flat #FFDF95 with a soft white edge glow positioned on the OUTSIDE FRONT of the bowl's belly, so holding to pour grows a yellow lozenge outside a bowl that stays empty, with no milk, no egg, no level and no liquid anywhere.",P1,REPLACE
crank_chef_backdrop,widget_crank_chef.png,crank,chef,STIR,backdrop,1024x576,single layer,"This is the RAW state of a cross-fade pair. Every region that should NOT change between raw and finished — bowl, rim, glaze crescent, all four corner props, camera, lighting — must be painted pixel-identically here and in widget_crank_chef_progress.png, or the dissolve ghosts instead of transforming. Content ref: opera_job_pastry_chef_gameplay_bowl_empty.png, ..._gameplay_bowl_stirring.png.","Looking straight down into a wide cream-glazed bowl filling 85% of the frame, its rim a great circle almost touching all four edges and cropped at top and bottom, the inner glaze catching a crescent of light down the right side, and inside it the ingredients sitting in DISTINCT UNMIXED ISLANDS — a pale mound of sifted flour with the sieve's mesh marks still pressed into it, a cluster of three intact glossy egg yolks each with its own highlight, a heap of caster sugar with sharp crystal sparkle, a soft slab of butter with a knife mark in it, a puddle of milk with a skin on it, a drift of cocoa dust to one side, a scatter of black vanilla seeds, and a curl of lemon zest — with a cracked shell, a folded coral-striped cloth, a brass measuring cup and a sieve on its side still holding flour placed at the corners outside the bowl; REPLACE — the current file is the card format: a bowl sticker alone in a white void on a rounded inset panel with gutter, border stroke and ellipse tab.",P1,REPLACE
crank_chef_mover,widget_crank_chef_mover.png,crank,chef,STIR,rotating-mover,512x512,single layer,"Pivot at the EXACT image centre (the handle cap) and must read correct at all 360 degrees — drawn via draw_set_transform(centre, previous_angle) where previous_angle is the raw pointer angle from panel centre, i.e. true 1:1 with her finger. Drawn as Rect2(-70,-70,140,140) today, spec calls for Rect2(-180,-180,360,360). Drawn BEFORE the progress overlay, so it is progressively hidden as progress rises and fully covered at 100%. Content ref: opera_job_pastry_chef_gameplay_whisk.png.","A balloon whisk seen from directly above — a rosette of eight steel wires radiating from a centred wooden handle cap, the wires foreshortened into a perfect radial star, batter clinging to the lower ones, and a specular kick riding each wire; REPLACE — current file is 256² and must be rebuilt at 512² for the larger draw rect.",P1,REPLACE
crank_chef_progress,widget_crank_chef_progress.png,crank,chef,STIR,state-swap,1024x576,"raw → finished full-canvas cross-fade: 0% the eight separated ingredient islands (backdrop file) / 10% the islands' edges begin to smear, first tan streaks bleeding between flour and yolk / 50% a half-marbled swirl, cocoa and cream drawn out into visible spiral arms, lumps still riding the surface, yolks broken and streaking / 100% one uniform silky caramel batter, spiral ribbon, glossy, sides clean (this file)","Full-canvas cross-fade at modulate alpha = progress, NOT a wipe — paint the entire finished scene, fully opaque, at identical composition and camera, pixel-registered to the backdrop. Drawn AFTER the mover, so it fully hides the rotating whisk at 100%: the finished whisk must be repainted into this file at the centre, and any rotation-dependent detail there will disagree with the live finger angle at mid-alpha, so keep the pivot region rotationally forgiving. Content ref: opera_job_pastry_chef_stage_states_stir_effect.png.","The same bowl at the same camera with the same four corner props painted pixel-identically to the backdrop, but the interior is now ONE uniform silky caramel batter with a slow spiral ribbon turning through it, a gloss highlight sweeping the surface, the sides scraped clean and a light dusting of flour on the rim, carrying the success read of a thick ribbon of batter falling off a lifted whisk and folding back on itself, a puff of flour caught in the light and a scatter of gold sparkles; REPLACE — the current file is a flat vector ring, three concentric #FBD87A arcs with a notch on transparency, which cross-fades in as a flat yellow ring materialising over the bowl like a UI mistake.",P1,REPLACE
pour_candymaker_backdrop,widget_pour_candymaker.png,pour,candymaker,SYRUP,backdrop,1024x576,single layer,"Opaque full-bleed, no card, no rounded rect, no cropped-mid-object props. Shell hollow floor line and brim line must be pixel-registered to the _fill layer's ink band. Content ref: assets_src/concepts/opera_jobs_flat_2026-07-21/cards/opera_job_candy_maker_gameplay_mold_plates.png (flutes) and ..._gameplay_scoop_and_tongs.png (colour jars).","A fluted scallop-shell candy mould in cream ceramic with a brass rim, as wide as the frame and cropped at both side edges, seen three-quarter from above so the child looks straight down into the shell hollow with its ridged flutes catching the light and heat shimmer wobbling the air above it, surrounded by a copper syrup pan on a brass trivet still ticking with heat with a wooden spoon laid across it carrying a hardened amber drip, four squat glass jars of coloured sugar in raspberry, mint, violet and lemon each with its own little brass scoop, a brass thermometer with a red bead standing in a clip, a marble slab dusted with icing sugar, three cooled candy ribbons curled like shavings in raspberry and mint, a hooked scraper, a bundle of mint-striped twist wrappers, and a single dropped candy pearl on the tiles; REPLACE — the current file contains no syrup at all in a beat called SYRUP: it is a smiling wrapped-candy sticker, two mould plates crudely cropped off mid-object at the right edge, and a flat pink rounded rect.",P2,REPLACE
pour_candymaker_mover,widget_pour_candymaker_mover.png,pour,candymaker,SYRUP,held-mover,512x512,single layer,"Held-only, square side 138.0 today (spec ~360.0), centred at panel_centre - (0,18), vanishes the instant the finger lifts. Rope must exit the bottom edge. Drawn before the fill slab, so rising syrup covers its lower portion.","A long-handled copper ladle tipped over the mould, a thick heavy rope of molten amber sugar falling from its lip with a slow lazy fold in it and a bright specular line running down the rope's spine, the ladle itself glowing faintly from the heat, the rope exiting the bottom edge of the square so it continues into the shell hollow below.",P2,REPLACE
pour_candymaker_fill,widget_pour_candymaker_fill.png,pour,candymaker,SYRUP,progressive-fill,1024x576,"single layer — reveal must read: 10% a shallow amber puddle glowing in the bottom of the shell with two lazy boil bubbles rising / 50% half full, raspberry and mint ribbons now marbling visibly through the amber, one bubble breaking the surface / 100% mould brim-full, mirror-gloss surface, all three colour ribbons drawn out into a complete spiral marble, sugar sparkle across the top","Ink band must contain ONLY the rising syrup — no heat shimmer at the top, no shadow at the bottom, or the level saturates early and freezes. Band = shell-floor line → brim line. Hard horizontal cut: no painted meniscus ellipse. Success sparkle must stay inside the band, never in the upper corners.","The molten sugar body sitting in the shell hollow ONLY — translucent amber lit from within, painted with a vertically-repeating gloss so any horizontal cut reads as a mirror surface — with contents staggered up the ink band so each emerges in turn: two lazy boil bubbles at 15%, a raspberry colour ribbon at 35%, a mint ribbon at 55%, a violet ribbon at 75%, and a fine sugar-crystal sparkle band at 92% under the brim, resolving at full into a complete spiral marble; REPLACE — current file is a flat rounded rect stub with no syrup, no ribbons and no level.",P2,REPLACE
crank_candymaker_backdrop,widget_crank_candymaker.png,crank,candymaker,WRAP,backdrop,1024x576,single layer,"RAW state of a cross-fade pair. Turntable, pegs, marble slab, paper roll, ribbon reel, clips, scissors and the three finished bonbons must be painted pixel-identically here and in the progress file. Content ref: opera_job_candy_maker_gameplay_plum_wrapped_candy.png, ..._gameplay_coral_round_candy.png.","A single enormous plum gumdrop at frame centre — glossy, translucent, a dusting of sugar bloom on its shoulders and light passing right through its edge — nested in a brass wrapping turntable ringed with tiny brass pegs that fills 70% of the frame, surrounded by a roll of mint-striped waxed paper half unrolled with a torn edge, a reel of coral ribbon, a dish of brass twist-clips, round-tipped scissors, THREE already-wrapped bonbons with their ends twisted into crisp fans standing as proof of what finished looks like, a scatter of loose sugar, a stick of red sealing wax with a shell seal, and the marble slab's edge.",P2,REPLACE
crank_candymaker_mover,widget_crank_candymaker_mover.png,crank,candymaker,WRAP,rotating-mover,512x512,single layer,"Pivot at exact image centre, must read at all 360 degrees, true 1:1 with the finger. Drawn Rect2(-70,-70,140,140) today, spec Rect2(-180,-180,360,360). Progressively hidden by the progress overlay and fully covered at 100%.","The wrapping cradle seen from directly above — a brass ring with two waxed-paper flaps standing up on either side and the candy nested at its exact centre, so that rotating it reads unmistakably as winding the paper around the sweet.",P2,REPLACE
crank_candymaker_progress,widget_crank_candymaker_progress.png,crank,candymaker,WRAP,state-swap,1024x576,"raw → finished full-canvas cross-fade: 0% bare gumdrop, paper flat and unrolled (backdrop file) / 10% one paper flap has come up over the candy's near side, a single crease / 50% paper wrapped right around the body, ends still loose and open, mint stripes now following the candy's curve / 100% wrapped tight, both ends twisted into fans, ribbon knotted, wax seal on (this file)","Full-canvas cross-fade at alpha=progress — full opaque repaint, identical composition and camera, pixel-registered. Drawn after the mover, so the wrapping cradle must be resolved into this painting at the centre or it vanishes at 100%.","The same turntable, same marble slab and same surrounding props painted pixel-identically to the backdrop, but the candy is now a fully wrapped bonbon — mint-striped paper drawn tight over the body, both ends twisted into crisp fans, a coral ribbon knotted at one end, a red wax shell seal pressed on — lifted slightly off the turntable with a gleam running across the paper, sugar sparkles in the air, and the three earlier bonbons now joined by a fourth; REPLACE — current file is the same flat concentric #FBD87A ring stub used across all nine crank beats.",P2,REPLACE
pour_painter_backdrop,widget_pour_painter.png,pour,painter,FILL,backdrop,1024x576,single layer,"Opaque full-bleed, no card. Pot's empty-floor line and rim line must be pixel-registered to the _fill layer's ink band. Content ref: opera_job_painter_gameplay_plum_paint_pot.png, ..._gameplay_rinse_cup.png, ..._gameplay_palette.png.","A big footed ceramic paint pot filling the lower two-thirds and cropped by the bottom edge — cream glaze with a plum band, one chip out of the rim, three dried plum drips running down the outside — its mouth a wide ellipse at 38% height tipped toward us so we see the inner wall and the dark empty bottom, standing on a paint-spattered canvas drop cloth stiff with old colour, surrounded by a jar bristling with brushes of five sizes, three smaller pots in coral, teal and cream with crusted rims, a wooden palette with worked mounds of colour and a thumb hole, a rinse jar of murky violet water with a brush standing in it, a crumpled rag, a tube of pigment rolled and squeezed, the easel's wooden leg entering at the right edge, and spatters everywhere, some fresh and wet, some dry and cracked.",P3,REPLACE
pour_painter_mover,widget_pour_painter_mover.png,pour,painter,FILL,held-mover,512x512,single layer,"Held-only, side 138.0 today (spec ~360.0), centred at panel_centre - (0,18). Stream must exit the bottom edge. Covered from below by the rising fill at high progress.","A squat stoneware pigment jug, tipped, pouring a heavy opaque plum stream that coils where it lands, with a fat bead of paint clinging to the jug's lip about to drop, the stream exiting the bottom edge of the square so it continues into the pot below.",P3,REPLACE
pour_painter_fill,widget_pour_painter_fill.png,pour,painter,FILL,progressive-fill,1024x576,"single layer — reveal must read: 10% a shallow plum pool with the pigment still separating into visible swirl and one undissolved coral pearl / 50% half up the pot, the marbled turn and a floating bristle now visible, the plum reading dense and opaque / 100% pot full to the rim, saturated plum with a satin skin, one teal swirl still unstirred on top","Ink band = contents only, pot-floor line → rim line; nothing above or below or the level saturates early. Hard horizontal cut, no painted meniscus. The success-image brush laid across the rim belongs to no layer that exists — see notes.","The paint body inside the pot ONLY — dense plum with a SATIN rather than glassy surface treatment, repeating vertically so any horizontal cut reads as a satin skin — with contents staggered up the ink band: an undissolved coral pigment pearl at 15%, a marbled turn at 35%, a stray floating bristle at 55%, a teal swirl at 75%, and a satin skin at 92% under the rim; REPLACE — current file is a flat rounded rect stub.",P3,REPLACE
pour_nursery_backdrop,widget_pour_nursery.png,pour,nursery,FEED,backdrop,1024x576,single layer,"Framing is load-bearing: the reveal fills bottom-up, so the beat must read as FILLING the bottle for the baby ('make the milk for the baby'), never draining it into the baby. The three measuring rings must sit at exactly the heights the fill layer paints its froth bands. probe_opera_nursery.gd:88 asserts visual_context == 'pour_nursery' ('feeding uses a bottle hold tableau') — this concept keeps that contract.","A nursery counter at bottle height in soft peach and mint light, centred on a tall glass nursery bottle cropped top and bottom running from 12% to 92% of frame height and seen dead-on so the milk level is perfectly readable — coral silicone teat, brass screw collar, and three raised measuring rings on the glass at 25%, 55% and 88% acting as an honest ruler for progress — with a swaddled baby to the left in a woven moses basket lined with mint muslin, eyes wide and bright, one hand up and reaching toward the bottle, mouth in an expectant O, and to the right a warming jug on a shell trivet with steam curling off it, a stack of folded bibs, a wind-up shell rattle, a yellow rubber duck on its side, a soft knitted lamb and a folded hooded towel, with a window behind throwing a soft bar of light across the counter; REPLACE — the current file is a swaddled baby sticker on a white card with a flat mint rounded rect on its tummy and communicates none of this.",P3,REPLACE
pour_nursery_mover,widget_pour_nursery_mover.png,pour,nursery,FEED,held-mover,512x512,single layer,"Held-only, side 138.0 today (spec ~360.0), centred at panel_centre - (0,18). Stream must exit the bottom edge and must line up with the bottle neck in the backdrop.","A small enamel warming jug, tipped, a soft creamy stream falling from its lip down into the bottle's open neck with a wisp of steam curling off the jug's rim, the stream exiting the bottom edge of the square.",P3,REPLACE
pour_nursery_fill,widget_pour_nursery_fill.png,pour,nursery,FEED,progressive-fill,1024x576,"single layer — reveal must read: 10% milk just over the first ring with a single bubble climbing / 50% level at the middle ring with a soft cream froth head sitting on the surface and the glass fogging slightly / 100% milk at the top ring, warm and full, a proper froth crown, one drop running down the outside of the glass","Ink band = the milk column only, strictly inside the glass walls — no steam, no condensation above the top ring, no counter shadow below, or the level saturates early. Froth bands must register exactly to the backdrop's three brass rings. The success image's baby-pose change (both arms up) cannot live in this file — see notes.","The milk column inside the glass ONLY — warm opaque cream with a vertically-repeating soft froth gradient so every horizontal cut reads as a milk surface — with one climbing bubble low at 15%, a fine froth band painted at each of the three measuring-ring heights (25%, 55%, 88% of the glass) so that passing a ring is a visible event, and a thick cream froth crown near 92%; REPLACE — current file is a flat mint rounded rect sitting on the baby's tummy, not milk in a bottle.",P3,REPLACE
basin_doctor_backdrop,widget_basin_doctor.png,basin,doctor,WASH,backdrop,1024x576,single layer,"Opaque full-bleed, no card. Basin floor line and the wrist/foam-crown line must be pixel-registered to the _bubbles ink band. Content ref: opera_job_doctor_stage_states_handwashing_basin.png, opera_job_doctor_gameplay_starfish_calm.png.","A scalloped stone clinic basin so wide it is cropped by both side edges, its fluted bowl filling the lower 60% of the frame, water-darkened and gleaming, with a tall brass swan-neck tap rising from the back rim running an unbroken glassy ribbon of water down into the bowl and catching a hard white highlight along its edge, and — as the hero — two small cupped hands coming in from the bottom of frame, palms up, held under the stream, the child's own hands from her point of view; around them a pump bottle of shell-shaped soap with a bead on the nozzle, a folded teal towel on a brass rail with a pearl finial, a mirror behind throwing a bar of daylight across the wet stone with the clinic's arched window blurred in it, a coral starfish patient peeking over the basin's far edge with a curious face, a brass tray of rounded-tip instruments beyond, and wet rings and splash droplets across the stone counter; REPLACE — the current file is the card format, a sink alone at ~45% of frame on a rounded white inset panel with gutter, border stroke and floating ellipse tab.",P3,REPLACE
basin_doctor_bubbles,widget_basin_doctor_bubbles.png,basin,doctor,WASH,progressive-fill,1024x576,"single layer — reveal must read: 10% a thin skim of water across the basin floor with a handful of loose bubbles collecting at the wrists / 50% foam covering both hands to the knuckles, basin half full, a foam cap riding over the drain, rainbow sheen appearing on the larger bubbles / 100% a full meringue of lather up both wrists and over the fingers, basin brim-full, the biggest bubble carrying a complete iridescent film","There is NO mover on basin — the water, the foam AND the hands' lather must all live in this one layer, it is the only motion in the beat. Ink band = contents only, basin-floor line → foam-crown line; nothing above or below or the level saturates early. Hard horizontal cut, so no single painted foam-line ellipse.","One layer carrying, bottom to top, the rising water level in the basin, then the lather climbing the hands, then the foam meringue above the wrists — painted with a vertically-repeating foam texture so every cut height reads as a plausible foam line — with contents staggered up the ink band: loose bubbles at the wrists at 15%, a foam cap riding over the drain at 35%, rainbow-sheened bubbles at 55%, a big soap bubble carrying a full iridescent film at 75%, and a foam crown at 92%; REPLACE — current file is a flat rounded rect stub with no water, no lather and no bubbles.",P3,REPLACE
basin_nursery_backdrop,widget_basin_nursery.png,basin,nursery,WASH HANDS,backdrop,1024x576,single layer,"Opaque full-bleed, no card. Waterline and the baby's chin line must be pixel-registered to the _bubbles ink band so the foam climbs the body correctly. probe_opera_nursery.gd:63 asserts visual_context == 'basin_nursery' at phase 1 — contract preserved.","Not a sink but a BABY BATH — a wide oval enamel tub in cream with a peach rolled rim, cropped by both side edges and filling the lower 65% of the frame, warm water in it throwing wobbling light onto the tiles behind, and sitting up in the middle filling the centre of the frame a round-cheeked baby with wet hair, a foam hat already slid over one ear, both hands out and laughing; around it a mint flannel draped dripping over the rim, a yellow rubber duck and two floating shell toys with painted faces, a bar of soap on a scallop dish with a bead of water on it, a folded hooded towel with a lamb ear on the hood on a low stool, a rinsing jug, a wooden bath-toy boat, wet tiles behind carrying a low warm sun bar and a run of condensation, and a splash arc already frozen at the tub's edge.",P3,REPLACE
basin_nursery_bubbles,widget_basin_nursery_bubbles.png,basin,nursery,WASH HANDS,progressive-fill,1024x576,"single layer — reveal must read: 10% a scatter of bubbles round the baby's tummy and one on the nose / 50% foam to the chest, a foam beard forming, the duck riding visibly higher than it was / 100% foam up to the chin with a proper peaked crown, only a delighted face and two clapping hands above the white","No mover on basin — all motion lives here. Ink band = foam only, tub-waterline → foam-crown; nothing above or below. The duck painted into this layer at 35% is the honest 'it moved' cue, so it must NOT also appear at that height in the backdrop. The success image's hands-mid-clap pose change cannot live in this layer — see notes.","The bath foam rising up the tub and around the baby's body — soft white-pink foam with a vertically-repeating cauliflower texture so every cut is a plausible foam line — with contents staggered up the ink band: bubbles round the tummy at 15%, the yellow rubber duck riding the foam at 35%, a foam beard forming at 55%, a foam epaulette on each shoulder at 75%, and a peaked foam crown at 92%; REPLACE — current file is a flat rounded rect stub.",P3,REPLACE
basin_shared_shine,widget_basin_shared_shine.png,basin,shared (doctor + nursery),WASH / WASH HANDS success stamp,shared-fx,512x512,single layer,"SHARED FILE — one asset serves both basin_doctor and basin_nursery; the path is hardcoded at opera_gesture_surface.gd:131, so it cannot carry career-specific content. Drawn only once widget_fill >= 0.96, as a sprite of side 118.0 at panel centre (spec calls for ~300.0). Must stay career-neutral. Generate once, not twice.","A career-neutral painted sparkle-and-squeak burst — a starburst of four-point gold diamonds with pearls set between them and small radiating light spokes over a warm centre bloom, painted in the goal_magician.png manner as real four-point painted diamonds with specular kicks, never particle dots — on transparency, reading equally well over a clinic basin of lather and over a baby enthroned in bath foam; REPLACE — current file is a 256² flat stub and must be rebuilt painterly at 512².",P3,REPLACE
crank_ballerina_backdrop,widget_crank_ballerina.png,crank,ballerina,TWIRL,backdrop,1024x576,single layer,"RAW state of a cross-fade pair. Floor inlay, boards, rim props, curtain shadow and footlight positions must be painted pixel-identically here and in the progress file. Content ref: opera_job_ballerina_gameplay_twirl_ribbon.png.","Looking straight down onto a lacquered stage rose — a circular parquet floor of pale wood inlaid with a pearl-and-shell compass rose, filling the frame and cropped on all four sides — with a pair of satin ribbon-laced slippers dead centre, toes pointed together on the rose's heart, and around the rim rose petals scattered flat on the boards, one fallen coral ribbon coiled, chalk rosin dust, the warm ring of footlight glows at the very edge of the frame, and the hard shadow of the raised curtain falling across one corner.",P3,REPLACE
crank_ballerina_mover,widget_crank_ballerina_mover.png,crank,ballerina,TWIRL,rotating-mover,512x512,single layer,"Pivot at exact image centre, must read at all 360 degrees, true 1:1 with the finger. Rect2(-70,-70,140,140) today, spec Rect2(-180,-180,360,360). Progressively hidden by the progress overlay, fully covered at 100%.","The dancer seen from directly above — a disc of layered coral tulle skirt with the pointed satin slippers and a small pair of raised arms at the exact centre, so that rotating the sprite spins the whole dancer around her own axis, the tulle's outer hem painted with a slight motion softening.",P3,REPLACE
crank_ballerina_progress,widget_crank_ballerina_progress.png,crank,ballerina,TWIRL,state-swap,1024x576,"raw → finished full-canvas cross-fade: 0% dark boards, petals lying flat, footlights low (backdrop file) / 10% a faint arc of light where the toe has passed, two petals lifted an inch off the boards / 50% a half-drawn luminous spiral, petals airborne in a partial ring, one ribbon streaming / 100% a complete radiant spiral of light on the floor, a full ring of airborne petals, streamers haloing the dancer, footlights blazing (this file)","Full-canvas cross-fade at alpha=progress — full opaque repaint, identical composition and camera. Drawn after the mover, so the dancer must be repainted into this file at the centre or she vanishes at 100%; keep her rotationally forgiving (a tulle disc reads at any angle) so she does not fight the live finger angle at mid-alpha. Content ref: opera_job_ballerina_gameplay_sequence_complete.png.","The same stage rose, same boards, same rim props painted pixel-identically to the backdrop, but blazing: a complete luminous spiral traced onto the boards by the toe, a full ring of rose petals lifted airborne off the floor, ribbon streamers making a halo around the dancer, the footlights at full, the spiral held and glowing gold with petals frozen mid-air in a perfect ring and a burst of pearls and four-point sparkles; REPLACE — current file is the flat concentric ring stub.",P3,REPLACE
crank_doctor_backdrop,widget_crank_doctor.png,crank,doctor,CAST,backdrop,1024x576,single layer,"RAW state of a cross-fade pair; the limb's centre must sit at the exact frame centre because that is the crank pivot. Tray, pillow, blanket, stethoscope, lollipops, sticker sheet, pencil, towel and window must be painted pixel-identically in both files. Content ref: opera_job_doctor_gameplay_starfish_worried.png, ..._gameplay_bandage_wrap.png.","Close and tender — a starfish patient's plump coral limb lying across a folded mint blanket on a padded exam pillow, running diagonally through the lower half of the frame and cropped at the left edge, with the limb's centre sitting at the exact frame centre and the starfish's face at the top edge, brave-but-worried, one eye watching; around it a rolling tray holding a shallow bowl of water going cloudy, a roll of plaster bandage half unwound with its tail trailing, round-tipped scissors, a coiled stethoscope with a pearl chest-piece, a jar of lollipops, a hand-drawn sticker sheet of gold stars with two already peeled off, a pencil, a folded mint towel, and the clinic's arched window blurred behind.",P3,REPLACE
crank_doctor_mover,widget_crank_doctor_mover.png,crank,doctor,CAST,rotating-mover,512x512,single layer,"Perfect radial subject: pivot at exact image centre, must read at all 360 degrees. The coral thread marker is what makes the turn legible — it must not be radially symmetric. Rect2(-70,-70,140,140) today, spec Rect2(-180,-180,360,360). Content ref: opera_job_doctor_gameplay_bandage_roll.png.","The bandage roll seen end-on — a spiral of cream gauze with a coral thread marker running through it so the rotation is unmistakably legible at any angle, with a loose tail of gauze coming off one edge.",P3,REPLACE
crank_doctor_progress,widget_crank_doctor_progress.png,crank,doctor,CAST,state-swap,1024x576,"raw → finished full-canvas cross-fade: 0% bare limb, full bandage roll, clear water, worried face (backdrop file) / 10% two turns of gauze around the wrist end, tail still long / 50% the limb half-cased, gauze spiralling with visible overlap, the loose tail shorter / 100% a smooth complete cast, drawn-on stars, coral heart signature, gold star sticker, happy starfish (this file)","Full-canvas cross-fade at alpha=progress. Three regions deliberately DO change (water cloudiness, roll size, starfish face) — everything else must be pixel-identical or the dissolve ghosts. Drawn after the mover, so the gauze roll must be resolved into this painting or it vanishes at 100%. Content ref: opera_job_doctor_gameplay_starfish_happy.png, ..._gameplay_care_complete_medallion.png.","The same limb, same tray, same pillow and blanket, same props at the same camera, but the limb now wears a smooth complete white cast decorated with painted gold stars, a coral heart signature and one peel-off gold star sticker, while the bowl of water has gone cloudier, the bandage roll on the tray has visibly shrunk, and the starfish's face at the top edge is now HAPPY — beaming, holding its decorated cast up proudly toward camera in a gold 'care complete' glow with sparkles; REPLACE — current file is the flat concentric ring stub.",P3,REPLACE
crank_magician_backdrop,widget_crank_magician.png,crank,magician,PORTAL,backdrop,1024x576,single layer,"RAW state of a cross-fade pair; the hat throat must be centred on the crank pivot. Brim, velvet sheen band, clasp, wand, cards, feathers, scarf, rings, confetti and cast shadow must be painted pixel-identically in both files. Content ref: opera_job_magician_gameplay_hat_open.png.","A vast top-hat mouth seen from directly above — its black star-flecked interior a deep oval filling the middle of the frame, its purple velvet brim with a coral band and a gold-set pearl shell clasp forming a ring that runs almost to the frame's edge, the velvet reading as real velvet with a soft sheen band sweeping across the nap rather than a flat purple — and on the brim and the cloth beneath a pearl-tipped wand laid across one edge, a fan of face-down playing cards with shell backs, three white dove feathers, a violet silk scarf half-pulled from under the hat, two linked brass rings, a scatter of moon-and-star confetti, and the hat's hard shadow on a dark velvet cloth.",P3,REPLACE
crank_magician_mover,widget_crank_magician_mover.png,crank,magician,PORTAL,rotating-mover,512x512,single layer,"Pivot at exact image centre, must read at all 360 degrees. NOTE THE CONFLICT: the runes live on this rotating sprite, but the progress layer's 'every rune lit' is painted in a static file drawn on top — so the lit ring in the progress file must be radially symmetric enough that it does not visibly disagree with the mover's live angle underneath at mid-alpha. Rect2(-70,-70,140,140) today, spec Rect2(-180,-180,360,360).","A radial rune ring — a circle of raised gold sigils, moons and stars on a faint violet disc, UNLIT and dormant, radially composed so that circling it literally reads as winding the portal; the most legible 'turning' subject in the whole set.",P3,REPLACE
crank_magician_progress,widget_crank_magician_progress.png,crank,magician,PORTAL,state-swap,1024x576,"raw → finished full-canvas cross-fade: 0% dark star-flecked hat throat, runes dormant (backdrop file) / 10% two runes light amber, a faint violet glow at the hat's throat / 50% the whole rune ring lit, a clear whirlpool of violet light, sparkles streaming up, a hint of white fluff below the surface / 100% a full spiral vortex, the portal wide and blazing, gold light spilling over the brim, the cloud-lamb bursting out (this file)","Full-canvas cross-fade at alpha=progress. The cloud-lamb must be matched EXACTLY to assets/opera/worlds/props/goal_magician.png — same lamb, same hat — because the callback is the point. Drawn after the mover and fully covering it at 100%, so the lit rune ring must be repainted here. Content ref: goal_magician.png, opera_job_magician_gameplay_successful_reveal.png.","The same hat, same brim, same velvet sheen and same brim props painted pixel-identically to the backdrop, but the interior is now a blazing violet vortex — a whirlpool of light spiralling down into the throat, gold light spilling up over the brim onto the velvet, every rune lit, sparkles streaming upward — and the first white fluff of the cloud-lamb rising out of it, resolving into the cloud-lamb from goal_magician.png bursting up out of the portal in a ring of sparkles and pearls so the beat and the prize are the same picture; REPLACE — current file is the flat concentric ring stub.",P3,REPLACE
crank_painter_backdrop,widget_crank_painter.png,crank,painter,STROKES,backdrop,1024x576,single layer,"RAW state of a cross-fade pair. Absolutely no ring, arc or rounded rect may be baked in — the progress read is the cross-fade, not a drawn ring. Canvas, easel, stretcher bar, thumbtack, brushes, rag and palette POSITION must be pixel-identical in both files (the palette's colour mounds are one of the few things allowed to change). Content ref: opera_job_painter_gameplay_canvas_blank.png.","The canvas, huge and square-on, filling the frame and cropped left and right — a primed off-white ground with visible linen weave, the wooden stretcher bar showing at two corners, one thumbtack, and on it a faint pencil under-drawing of a sunrise over water: a horizon line, a circle for the sun, a few gull ticks — with a laden palette at the bottom-left carrying fat worked mounds of coral, plum, teal and cream plus a dirty mixing patch, three brushes of different widths, a rag with worked colour, the rinse jar of murky violet water, a run of drips along the bottom edge of the canvas, the easel's wood entering at both sides, and a single wet spatter on the floor; REPLACE — the current file has the flat pink/yellow progress ring BAKED INTO the backdrop, so a flat circle sits permanently over the palette like a UI mistake, on top of the card format.",P3,REPLACE
crank_painter_mover,widget_crank_painter_mover.png,crank,painter,STROKES,rotating-mover,512x512,single layer,"Pivot at exact image centre (the wet blob), must read at all 360 degrees. Rect2(-70,-70,140,140) today, spec Rect2(-180,-180,360,360). Progressively hidden by the progress overlay, fully covered at 100%.","A loaded round brush seen from directly above — the brass ferrule and a splayed rosette of coral-loaded bristles with a fat wet blob of paint at the centre, radially composed so that spinning it reads as working the paint into the ground.",P3,REPLACE
crank_painter_progress,widget_crank_painter_progress.png,crank,painter,STROKES,state-swap,1024x576,"raw → finished full-canvas cross-fade: 0% primed ground with pencil under-drawing, full paint mounds, clean-ish rinse jar (backdrop file) / 10% a few coral swirls in the sky corner, one wet drag mark, the pencil lines still showing through / 50% sky fully swirled coral-to-plum, sea blocked in teal, sun still a bare disc, edges unresolved / 100% a complete sunrise, gold on the water, clouds and a bird, paint standing wet and thick (this file)","Full-canvas cross-fade at alpha=progress. Two regions deliberately change beyond the canvas — the palette mounds deplete and the rinse water dirties — everything else pixel-identical. Drawn after the mover, so the brush must be resolved into this painting or it vanishes at 100%. Content ref: opera_job_painter_gameplay_canvas_finished.png / ..._gameplay_framed_sunrise.png — literally the before/after pair this cross-fade needs.","The same canvas, same easel, same palette position painted pixel-identically to the backdrop, but the canvas now carries a complete painterly sunrise — swirled coral-to-plum sky, teal sea with gold light running on the water, a full sun disc with bloom, three clouds, one bird, a lit horizon, paint standing wet and thick — and critically the world reacts too: the palette's colour mounds are visibly DEPLETED and the rinse jar is dirtier, with the finished sunrise gleaming wet and a gold frame edge glinting in at one corner as if the picture is already being hung, plus sparkles; REPLACE — current file is the flat concentric ring stub.",P3,REPLACE
crank_astronaut_backdrop,widget_crank_astronaut.png,crank,astronaut,VALVE,backdrop,1024x576,single layer,"RAW state of a cross-fade pair; the wheel hub must sit on the crank pivot at frame centre. Strictly NO lettering anywhere — the warning plate is a pictogram only. Plate, rivets, pipes, hose, porthole and gauge bezels must be pixel-identical in both files. Content ref: opera_job_astronaut_engineer_gameplay_valve_wheel.png.","The face of a great brass-and-copper pressure valve filling the frame — a riveted bulkhead plate, weathered and sea-worn, with a many-spoked wheel at the centre and a pearl-set shell boss at its hub, condensation beading on the cold metal and a green algae bloom in one rivet seam — surrounded by two round glass pressure gauges with red needles resting at zero and pearl bezels, a bundle of copper pipes running off the top and right edges with visible rivet seams and a repair patch, a warning plate stamped with a pictogram of an arrow and a bubble and NO TEXT, a coiled air hose on a hook, three dark indicator shells, and the reef-blue glow of a porthole at the lower-left corner with a fish passing.",P3,REPLACE
crank_astronaut_mover,widget_crank_astronaut_mover.png,crank,astronaut,VALVE,rotating-mover,512x512,single layer,"Pivot at exact image centre (the pearl hub), must read at all 360 degrees. Six-fold symmetry is fine and helps — but keep one asymmetric wear mark so the turn is legible. Rect2(-70,-70,140,140) today, spec Rect2(-180,-180,360,360).","The valve wheel itself — six brass spokes, a worn grip rim showing hand polish, and a pearl-and-shell hub at the exact centre; radially perfect and the single most obvious 'turn me' object in the whole game.",P3,REPLACE
crank_astronaut_progress,widget_crank_astronaut_progress.png,crank,astronaut,VALVE,state-swap,1024x576,"raw → finished full-canvas cross-fade: 0% cold beaded metal, needles at zero, indicators dark (backdrop file) / 10% one indicator shell lights amber, the first gauge needle lifts off zero, a single bubble escapes the outlet / 50% both needles at half, pipes glowing along their seams, a steady stream of bubbles / 100% needles pinned in the green, every indicator lit, a full roaring bubble plume, warm light flooding the plate (this file)","Full-canvas cross-fade at alpha=progress. The needles, indicator shells, seam glow, condensation and bubble plume are the ONLY regions allowed to differ; rivets, patch, hose, porthole fish must be pixel-identical. Drawn after the mover, so the valve wheel must be repainted into this file at the hub or it vanishes at 100%. Content ref: opera_job_astronaut_engineer_gameplay_valve_spin_bubbles.png, ..._gameplay_bubble_tank.png.","The same bulkhead plate, same pipes, same porthole painted pixel-identically to the backdrop, but the system is now ALIVE — both gauge needles swung round into the green, warm light running along every pipe seam, all three indicator shells lit gold, a plume of bubbles blasting from the outlet, the condensation flashed off the metal, the whole plate lit warm and gold-green with a geyser of bubbles rising out of frame and a ring of sparkles round the pearl hub; REPLACE — current file is the flat concentric ring stub.",P3,REPLACE
crank_racer_backdrop,widget_crank_racer.png,crank,racer,LAP TWO,backdrop,1024x576,single layer,"RAW state of a cross-fade pair; the steering-wheel boss must sit exactly on the crank pivot at frame centre. No baked-in ring or arc of any kind. Kerbs, grandstand geometry, banner, dash instruments and mirror charm must be pixel-identical in both files.","Driver's-eye view — a pearl-rimmed three-spoke steering wheel at the centre of the frame with a shell boss, cropped at the bottom by the dash, and beyond it the reef racetrack rushing away with coral-and-cream striped kerbs, a chequered banner strung over the track ahead, a grandstand of packed shell-seats with a cheering crowd, two rival cars ahead on the racing line, and a lap board on a post showing two shell slots with one filled; along the bottom the dash detail — a brass rev dial, a water-temperature gauge, a lucky pearl charm swinging from the mirror, and a smear of coral dust across the windscreen edge; REPLACE — the current file is a rainbow-arc track segment with a flat pink ring drawn on top of it and reads as nothing.",P3,REPLACE
crank_racer_mover,widget_crank_racer_mover.png,crank,racer,LAP TWO,rotating-mover,512x512,single layer,"Pivot at exact image centre (the shell boss), must read at all 360 degrees — the gripping hands rotate with the wheel, which is correct and desirable here. Rect2(-70,-70,140,140) today, spec Rect2(-180,-180,360,360).","The steering wheel face-on — pearl rim, three spokes, shell boss dead centre, and small hands gripping it at ten-and-two; radially perfect and totally unambiguous as a thing to turn.",P3,REPLACE
crank_racer_progress,widget_crank_racer_progress.png,crank,racer,LAP TWO,state-swap,1024x576,"raw → finished full-canvas cross-fade: 0% two rivals ahead, board on one shell, crowd seated, kerbs sharp (backdrop file) / 10% one rival passed, the first speed streaks appearing at the kerbs, board still on one shell / 50% both rivals behind, streaks strong, the board's second shell half-filled, the crowd rising / 100% clear track ahead, chequered flag waving, board full, finish arch in sight, boost trail streaming (this file)","Full-canvas cross-fade at alpha=progress. The rival cars move between the two files, which is the one place ghosting is a real risk — paint them small and against busy kerb texture so the dissolve reads as motion rather than double-exposure. Drawn after the mover, so the steering wheel must be repainted into this file at the boss or it vanishes at 100%.","The same track, same grandstand, same dash painted pixel-identically to the backdrop, but transformed — the two rival cars have slid backward and are now BEHIND, the lap board's second shell is filled, the crowd is on its feet with arms up, speed streaks blur the kerbs, the chequered flag is out and waving over a clear track with the finish arch in sight, and a bubble boost trail runs off the rear, with a confetti burst of bubbles and pearls; REPLACE — current file is the flat concentric ring stub.",P3,REPLACE
crank_popstar_backdrop,widget_crank_popstar.png,crank,popstar,ENCORE,backdrop,1024x576,single layer,"RAW state of a cross-fade pair; the coral centre label must sit exactly on the crank pivot. Deck, tone arm, record rack, dial, headphones, cable and crowd silhouette must be pixel-identical in both files. Content ref: opera_job_pop_star_gameplay_speaker.png.","Looking straight down onto a turntable on a brass deck — a great pearl-vinyl disc filling most of the frame, its grooves catching an oil-slick iridescence, a coral label at the exact centre carrying a shell motif, and the tone arm swinging in from the right with a pearl counterweight and a tiny diamond stylus resting in the groove — with a rack of shell records in their sleeves, a glowing volume dial, a pair of headphones with pearl cups, a scattering of confetti already on the deck from the main set, a coiled cable, and beyond the deck's edge the dark auditorium: a haze of raised shell-lights in the crowd, unlit.",P3,REPLACE
crank_popstar_mover,widget_crank_popstar_mover.png,crank,popstar,ENCORE,rotating-mover,512x512,single layer,"Pivot at exact image centre (the label), must read at all 360 degrees. The single groove-glint is the only thing making rotation legible on an otherwise symmetric disc — it must not be duplicated around the ring. Rect2(-70,-70,140,140) today, spec Rect2(-180,-180,360,360).","The record itself — the pearl-vinyl disc with its coral centre label and shell motif, plus a single bright groove-glint so the spin is unmistakable at any angle; perfectly radial.",P3,REPLACE
crank_popstar_progress,widget_crank_popstar_progress.png,crank,popstar,ENCORE,state-swap,1024x576,"raw → finished full-canvas cross-fade: 0% dark deck, dormant grooves, unlit crowd (backdrop file) / 10% the record's inner grooves light, one spotlight comes on, the first confetti falls / 50% half the groove spiral lit, three spotlights sweeping, confetti falling steadily, the crowd's lights coming up / 100% the whole spiral blazing, every light on, a confetti storm, streamers, the crowd a solid sea of light (this file)","Full-canvas cross-fade at alpha=progress. The lit groove spiral is painted here but the record spins as the mover beneath — keep the spiral concentric and rotationally symmetric so it does not disagree with the live angle at mid-alpha. Drawn after the mover, so the disc must be repainted into this file or it vanishes at 100%. Content ref: opera_job_pop_star_gameplay_microphone_finale.png, ..._gameplay_dance_complete.png.","The same deck, same tone arm, same rack and crowd painted pixel-identically to the backdrop, but the encore has landed — the record's grooves lit into a blazing neon spiral, three spotlight beams sweeping in across the deck, a downpour of confetti and streamers, and the crowd's shell-lights all raised and burning into a solid sea of light, with a warm gold curtain-call glow flooding in from the frame's edge; REPLACE — current file is the flat concentric ring stub.",P3,REPLACE
basin_doctor_shine_optional,widget_basin_doctor_shine.png,basin,doctor,WASH success stamp (optional per-career variant),success-overlay,512x512,single layer,"OPTIONAL and ENGINE-GATED: only buildable if the one-line change at opera_gesture_surface.gd:131 is taken, swapping the hardcoded shared path for a per-career '%s_shine.png' % prefix. If that change lands, a matching widget_basin_nursery_shine.png becomes mandatory too or nursery loses its success stamp entirely. Drawn at fill >= 0.96, side 118.0 today (spec ~300.0), at panel centre. Do not build unless the engine change is confirmed.","A gleaming pair of small clean hands lifted clear of the water with a bright squeak spark at one fingertip, a foam crown still riding the wrists, and the coral starfish giving a tiny approving wave over the basin rim, all wrapped in a warm gold sparkle burst of four-point painted diamonds and pearls — the doctor-specific alternative to the career-neutral shared shine.",P4,NEW
trace_chef_bg,widget_trace_chef.png,trace,chef,PIPE,backdrop,1024x576,single layer,"Opaque full-bleed, no baked card/white wash/rounded frame (engine wash at opera_gesture_surface.gd:346-347 is to be skipped when a backdrop exists); the 22% chalk-ghost must be shape-identical and pixel-registered to widget_trace_chef_lit.png; the nozzle mouth must sit exactly at the _lit ink band's left edge x=300.","Extreme close-up piping scene: a cream canvas piping bag so fat with buttercream you can read the pressure bulge and pale stress-sheen in the fabric occupies the entire left third and runs off the top-left corner, its twisted neck bound with a two-loop plum satin bow with one tail curling loose, gripped by two small cream-gloved mermaid hands (upper squeezing the twist with dimpled knuckles, lower steadying the collar with one finger extended along the barrel), its brass six-point star nozzle at roughly x=300/y=250 angled down-right catching a hard gold highlight with a fat bead of rose buttercream welling at the tip under a wet specular dot; below and behind, filling the bottom two-thirds and cropped by BOTH frame edges, the top face and upper shoulder of a huge vanilla cake with open crumb, loose crumbs scattered on the marble and a faint gold ring where the previous beading pass was laid; softly out of focus behind that, the marble counter's chamfered edge, a shallow copper bowl heaped with stemmed cherries, a scallop shell of sanding sugar catching light, a spatula resting across a jar, a swagged coral curtain edge, two warm gold footlight bulbs and bubbles drifting up the right side; and painted across the cake's surface the chalk-ghost - a pale chalky 22%-opacity version of the exact rosette-ribbon shape, like icing sugar sifted through a stencil. REPLACE: the current file is a translucent near-white rounded card covering ~90% of canvas over a blurred crop of world_chef.png, with the shared flat slate-grey polyline cutting straight through the piping bag.",P1,REPLACE
trace_chef_lit,widget_trace_chef_lit.png,trace,chef,PIPE,progressive-fill,1024x576,"single layer - chronological left-to-right: nozzle bead at x=300, ridged rope by 10%, first rosette curl and sugar pearls by 50%, second and third rosettes, crowning swirl + cherry finale at x=940","Wiped left-to-right with a hard vertical edge (source x: 0 to w*fill, dest 0 to surface.x*fill, opera_gesture_surface.gd:451-459 and :526-528); the ink band must span exactly x=300 to x=1000 and contain ONLY the ribbon; every vertical cut must read as a fresh emerging end; long roughly-horizontal ribbon form is the ideal wipe spine; clean alpha from the start, pixel-registered to the backdrop's chalk-ghost. The fully-revealed layer IS the held success image, so it must be gorgeous at rest and match the beading language of goal_chef.png.","THE HEADLINE ASSET - the rosette ribbon painted on transparency: a thick rope of rose buttercream with five distinct lengthwise ridges (the star-tip signature), a cream-white highlight riding the top ridge and a plum-shadow undercut along the bottom, running in three shallow swags from the nozzle mouth at x=300 to x=1000, curling at each crest into a tight three-quarter-view rosette whose ridges wrap into the centre, sugar pearls and a dusting of sanding sugar scattered along it and growing denser as it travels right, and at x=940 rearing into a tall crowning swirl capped with a candied cherry whose stem arcs left and whose shoulder carries a bright specular dot; the first 40px of ink is painted as a slightly domed, glossier terminal so that wherever the wipe stops it reads as frosting still emerging rather than a sliced sausage. REPLACE: the current file is the identical shared polyline recoloured to flat #FCD98A - a yellow stick with no frosting, no material, no ridges.",P1,REPLACE
trace_detective_bg,widget_trace_detective.png,trace,detective,TRAIL,backdrop,1024x576,single layer,"Opaque full-bleed, no card; chalk-ghost prints at ~22% opacity must be shape-identical and pixel-registered to the _lit trail; the magnifier lens must sit at the ink band's left edge x=180.","Top-down onto the prop-library floor: dark polished planks with a warm grain under a searchlight wedge falling from the upper left, strewn with a coiled velvet rope, an overturned plum hatbox with its lid rocked to one side, a spilled trunk with a cream petticoat frothing out of it and a dropped opera glove; a huge brass-and-glass magnifier occupies the left quarter with its barrel running off the frame edge and gloved fingers wrapped round it, its pale convex lens visibly MAGNIFYING the plank grain beneath it and throwing a caustic ring of light onto the floor; the chalk-ghost trail runs away from under the lens toward the right edge as a line of faint grey webbed prints.",P3,REPLACE
trace_detective_lit,widget_trace_detective_lit.png,trace,detective,TRAIL,progressive-fill,1024x576,"single layer - chronological left-to-right: two prints lit at 10%, plum ribbon 20%, pearl 40%, sequins 60%, feather 80%, pearl tiara finale at 92%","Left-to-right hard-edge wipe; ink band x=180 to x=980, contents only; round elements (prints, pearl, sequins) kept small and frequent so each vertical slice passes in under 3% of the drag; the tiara is deliberately parked at the far right so it pops in over the last 5% as the finale; clean alpha.","The glowing trail on transparency: alternating left/right webbed mer-footprints in luminous turquoise, each with a soft outward glow and a wet gleam, marching in a curving line from under the magnifier lens to the right edge, punctuated by dropped evidence - a torn plum ribbon at 20%, a single pearl with a bright highlight at 40%, a spray of sequins at 60%, a tuft of cream feather at 80% - and terminating at 92% in the corner of the stolen pearl tiara protruding from under a curtain hem, gold blazing with three sparkles orbiting it.",P3,REPLACE
trace_ballerina_bg,widget_trace_ballerina.png,trace,ballerina,RIBBON,backdrop,1024x576,single layer,"Opaque full-bleed, no card; chalk-ghost must be shape-identical and pixel-registered to the _lit streamer; the wand tip must sit at the ink band's left edge x=150.","Stage level, camera low in the wing: Roshan's pointed foot in a coral satin slipper with ribbons crossed and tied at the ankle sits large and slightly out of focus in the lower-left foreground; upper-left, her small poised hand with curved fingers grips a pearl-capped ribbon wand with a gold ferrule; the stage floor is honey-toned waxed wood with a bright spotlight pool and the wand's reflection lying in it; behind, teal and coral wing curtains with gold rope ties, a mirror-ball rig throwing a scatter of light-dots across floor and curtain, a music box on a plinth at the right and a bouquet already waiting on the boards; the 22% chalk-ghost of the streamer's three-S-curve path is laid across the frame.",P3,REPLACE
trace_ballerina_lit,widget_trace_ballerina_lit.png,trace,ballerina,RIBBON,progressive-fill,1024x576,"single layer - chronological left-to-right: a short bright flick of satin out of the wand tip at 10%, two full loops with a lit fold and first sparks by 50%, spiral + coral petals + pearl-light shower at the right end","Left-to-right hard-edge wipe; ink band x=150 to x=990, contents only; the long horizontal ribbon is the ideal wipe spine - every vertical cut must read as ribbon still unfurling in the air; clean alpha.","The satin streamer on transparency: a broad coral-to-cream ribbon looping across the frame in three big S-curves painted with real satin behaviour - bright sheen bands along the outer face of each curve, deep plum shadow where it twists and shows its underside, a crisp fold at each reversal - with pearl-light sparks trailing along the trailing edge; at the far right the ribbon flourishes into a tight spiral that frames a burst of coral petals and a shower of light-dots.",P3,REPLACE
trace_doctor_bg,widget_trace_doctor.png,trace,doctor,BANDAGE,backdrop,1024x576,single layer,"Opaque full-bleed, no card; chalk-ghost spiral bands must register to the _lit wrap; the bandage roll and the worried face must be painted at the exact positions the _lit layer will overpaint at x=140 and x=500, since the _lit swap must fully cover them.","Close on a cream exam cushion: a plump, softly dimpled starfish patient lies across the centre-right of the frame with one arm extended toward the left and toward camera, a small pink scrape with a bead of shine on that arm, its face at the upper right with big worried eyes, a wobbly mouth and one arm-tip curled anxiously; at the left, held in a small cream-gloved hand, a roll of cream bandage half-unwound with its spiral edge and woven texture clearly readable and the loose end already tucked under the arm; around them an enamel tray with a shell thermometer and a coiled stethoscope, a jar of turquoise salve with a gleam on the glass, a folded towel, a paper cup of cotton and a lamp arm coming in from the top left; faint chalk-ghost spiral bands run along the starfish's arm. REPLACE: the current file is a bandage roll floating on a white card with NO PATIENT - there is nothing to bandage, the worst gap in the trace set.",P3,REPLACE
trace_doctor_lit,widget_trace_doctor_lit.png,trace,doctor,BANDAGE,progressive-fill,1024x576,"two baked wipe-swaps - bandage roll: full (backdrop) to smaller (this layer, at x=140); starfish face: worried (backdrop) to relieved half-smile (this layer, at x=500)","Left-to-right hard-edge wipe; ink band x=110 to x=980; the two swaps MUST sit at exactly x=140 and x=500 and must be fully opaque and pixel-registered over the backdrop features beneath or the old roll/face ghosts through; the emotional payoff is the face, not the gauze.","The wrap on transparency: cream gauze spiralling around the starfish's arm in overlapping diagonal bands, each with a soft shadow where it laps the one before and a slight wrinkle at the inside of the curve so the wrapping reads three-dimensional; plus two elements that exploit the wipe - at x=140 a SMALLER bandage roll painted over the backdrop's full roll so the roll visibly shrinks as she uses it, and at x=500 a RELIEVED, half-smiling starfish face painted over the worried one so the patient cheers up exactly halfway; at the far right a neat bow with a small scallop pin and three heart-shaped bubbles rising.",P3,REPLACE
trace_magician_bg,widget_trace_magician.png,trace,magician,ROPE,backdrop,1024x576,single layer,"Opaque full-bleed, no card; the two dull rings must be painted at exactly x=380 and x=720 so the _lit layer's lit rings register over them; chalk-ghost shape-identical to the _lit rope; rope coil at the ink band's left edge x=170.","A plum velvet trick table runs across the bottom third, its nap catching the light behind a fringed gold edge, with a single hard spotlight pool at centre; behind it a deep indigo curtain with drifting violet motes and the dim shape of a rolling mirror; at the left a plum-gloved mermaid hand holds a coil of pearl-white rope whose visible cut end frays into individual glowing strands; standing edge-on on the velvet at x=380 and x=720, two floating brass rings, both UNLIT and dull; at the right the top hat with its coral band and pearl-and-shell clasp, brim tipped toward camera so its dark mouth is a waiting oval; the chalk-ghost of the rope's path lies across the velvet. REPLACE: in the current file the shared grey polyline crosses OVER the rope at a different angle entirely.",P3,REPLACE
trace_magician_lit,widget_trace_magician_lit.png,trace,magician,ROPE,progressive-fill,1024x576,"two baked wipe-swaps - brass ring 1: dull (backdrop) to lit gold and haloed (this layer, x=380); brass ring 2: dull to lit gold and haloed (x=720)",Left-to-right hard-edge wipe; ink band x=170 to x=960; the lit rings must be painted at exactly the backdrop rings' x-positions and fully cover them; clean alpha.,"The rope on transparency: a thick three-strand twisted cord in pearl white with visible strand spiral and a soft violet shimmer that intensifies left to right, scattered with four-point violet sparks; painted at x=380 and x=720 are the SAME two brass rings but now lit gold and haloed, so each ring ignites as the rope threads it; at the right the rope plunges into the hat's mouth in a starburst of violet sparks with the tips of two bunny-fish ears and a pink nose emerging over the brim - deliberately rhyming with goal_magician.png.",P3,REPLACE
trace_painter_bg,widget_trace_painter.png,trace,painter,SKETCH,backdrop,1024x576,single layer,"Opaque full-bleed, no card; the pencil chalk-ghost must be the exact dolphin contour of the _lit layer at ~22% opacity, pixel-registered; the charcoal stick tip must sit at the ink band's left edge x=160.","A large cream canvas on a shell-crested easel fills roughly 85% of the frame, cropped by the top and both sides, its weave and tooth readable over a faint warm ground with one soft stretcher-bar shadow; only slivers of studio survive at the margins - bottom-left a wooden palette with wet blobs of coral, plum, teal and cream and a smear where colours were mixed; bottom-right jars of cloudy turquoise rinse water, a rag draped over a rung and brushes bristle-up in a shell cup; top-right a corner of the gallery wall and a hanging lamp; at the left a small hand holds a charcoal-and-pearl drawing stick with its tip touching the canvas, a tiny puff of charcoal dust and a smudge of black on the fingertips; a faint pencil chalk-ghost of the dolphin drawing is already on the canvas. REPLACE: the current file runs the shared grey polyline across a completely blank canvas with no drawing on it.",P3,REPLACE
trace_painter_lit,widget_trace_painter_lit.png,trace,painter,SKETCH,progressive-fill,1024x576,"single layer - chronological left-to-right: nose and eye at 10%, whole arched back and dorsal fin by 50% (must read obviously as an animal), full dolphin + wave + spray + flourish + coral spatter at 100%",Left-to-right hard-edge wipe; ink band x=160 to x=980; drawing chronology is load-bearing - the 50% state is the strongest 'is it working?' read in the whole trace set; clean alpha.,"The drawing on transparency: a single confident charcoal contour with real pressure variation - thin at the start, swelling on the down-strokes, breaking where the stick skipped over the canvas tooth - describing a leaping dolphin in strict left-to-right drawing order (nose, brow, eye, the long arch of the back, the dorsal fin, the narrowing flank, the tail flick); beneath it a curl of wave in three strokes and five quick hatch marks for spray; at the far right the line thickens into a looping signature flourish and a coral paint spatter flicks across the corner in full colour.",P3,REPLACE
target_chef_bg,widget_target_chef.png,target,chef,TOP,backdrop,1024x576,single layer,"Opaque full-bleed, no card; backdrop must paint the thing UNFINISHED (bare top tier) - never the finished object; the cherry that is the _mover must NOT be duplicated anywhere on the cake; the roaming tap_point covers centre +/-0.30w and +/-0.26h, so the whole of that region must be plausible placement surface.","A three-tier cake - the same cake as goal_chef.png but NAKED: sponge layers in cream/coral/plum with visible crumb and the pearl beading between tiers already piped, but the top tier bare, carrying only the faint rings of cream where toppings will sit - filling the frame from the bottom edge to two-thirds up, cropped left and right, standing on the scalloped rose cake-stand; behind on a marble counter, a copper bowl of stemmed cherries, a dish of chocolate curls, a shell of gold dragees, a piping bag laid down with a dab of rose frosting still at the nozzle, a sifter and a jar of sanding sugar; warm oven glow from the right, coral curtain and two footlights behind, bubbles rising. REPLACE: the current backdrop is a frosted white inset card over a blurred crop of the chef career world.",P2,REPLACE
target_chef_mover,widget_target_chef_mover.png,target,chef,TOP,held-mover,512x512,single layer,"The item TO BE PLACED, hovering at the roaming tap_point (142px today, 300px after the Tier-1 edit at opera_gesture_surface.gd:536); must read against every part of the backdrop it can roam over; painted on clean alpha from the start, no matte fringe.","A plump glossy cherry, deep red with a bright white specular crescent and a green stem curling away, floating and tilted as if just picked up, cradled in a soft pearl-light halo with three orbiting sparkles - it says 'put this, here'. REPLACE: the current file is a whole cake-and-plates crop; the mover/mark roles are inverted today and must be swapped back.",P2,REPLACE
target_chef_mark,widget_target_chef_mark.png,target,chef,TOP,state-swap,256x256,"two states across the mover/mark pair - floating, tilted, haloed (in _mover) to landed, settled, deforming the frosting it lands on (this file)","Stamped at every landed tap (76px today, 190px after the Tier-1 edit at :535); must deform what it lands on and carry its own contact shadow; clean alpha.","The same cherry SEATED into a cream rosette that squashes and puffs up around its base, with a soft contact shadow and four tiny sugar sparks of arrival - it says 'that one's done'. REPLACE: the current file is a navy dot with a glow.",P2,REPLACE
target_chef_success,widget_target_chef_success.png,target,chef,TOP,success-overlay,1024x576,single layer,"Full-canvas opaque, drawn at fill >= 0.96 (:537-538); same camera and composition as the backdrop; silhouette must match goal_chef.png. Does not exist today.","The cake fully crowned: a complete ring of alternating cream/rose/plum rosettes each capped with a cherry, gold dragees scattered across the top, a dusting of sanding sugar caught mid-fall, three tiny pennant flags on picks, a shower of sugar sparks and the footlights blazing - silhouette-matched to goal_chef.png so the child reads it as the prize she has been working toward.",P2,NEW
target_candymaker_bg,widget_target_candymaker.png,target,candymaker,SHARE,backdrop,1024x576,single layer,"Opaque full-bleed, no card; the cones must be visibly empty so there is something to earn, and the child must be able to count who has candy and who is still waiting; the candies that are the _mover must not be duplicated in a cone.","The parade: a candy cart at the left with a coral-and-cream striped awning, brass wheels, a bell and glass hoppers heaped with sweets; along the bottom edge, cropped at the chest, a row of upturned delighted faces looking straight up at camera - two sea-urchin children, a seal pup with its flippers out, a small crab holding a claw aloft and a shy jellyfish at the end - each holding an EMPTY striped paper cone; behind, the parade arch strung with bunting and shell lanterns, confetti bubbles drifting and a distant crowd blur.",P2,REPLACE
target_candymaker_mover,widget_target_candymaker_mover.png,target,candymaker,SHARE,held-mover,512x512,single layer,"Item to be placed, hovers at the roaming tap_point; clean alpha from the start; must not be duplicated in the backdrop.","A fistful of wrapped candies - a coral spiral, a teal shell, a cream heart and a plum bow - their twisted cellophane ends catching the light, floating tilted in a soft pearl-light halo with two or three orbiting sparkles.",P2,REPLACE
target_candymaker_mark,widget_target_candymaker_mark.png,target,candymaker,SHARE,state-swap,256x256,"two states - empty striped cone held hopefully (in backdrop) to cone brimming over with candy, hands closed happily round it, heart-puff rising (this file)",Stamped at every landed tap; must land on and cover a backdrop cone with a contact shadow and a small starburst of arrival.,"A striped paper cone BRIMMING OVER with candies spilling at the rim, one candy tumbling free, a heart-puff rising above it and the child's hands closed happily round it.",P2,REPLACE
target_candymaker_success,widget_target_candymaker_success.png,target,candymaker,SHARE,success-overlay,1024x576,single layer,Full-canvas opaque at fill >= 0.96; identical camera to the backdrop. Does not exist today.,"Every cone full and raised, all five faces cheering with eyes shut, candies raining down through the frame, confetti bubbles everywhere, the cart's awning lanterns lit and the bell caught mid-swing.",P2,NEW
target_doctor_bg,widget_target_doctor.png,target,doctor,X-RAY,backdrop,1024x576,single layer,"Opaque full-bleed, no card; the five ghost objects must be legible-but-grey so the _mark's full-colour version is an unmissable upgrade; the X-ray paddle that is the _mover must not appear in the backdrop.","A big friendly whale-shark patient lies across the whole frame side-on, cropped by both edges - spotted grey-blue back, broad cream belly toward camera, a sleepy half-lidded eye and a gentle smile at the left; a wheeled examination lamp leans in from the top and a trolley at the right holds a gold retrieval tray, tongs and a folded cloth; the belly is painted as a soft translucent window through which, faint and grey-green like objects seen underwater, five swallowed things are just discernible: a teacup, a boot, a starfish, a comb and a brass key.",P3,REPLACE
target_doctor_mover,widget_target_doctor_mover.png,target,doctor,X-RAY,held-mover,512x512,single layer,Item held over the roaming tap_point; the caustic ring must read as cast onto whatever it hovers over; clean alpha.,"A shell-framed X-ray paddle - a scallop-shaped brass frame around a glowing turquoise glass disc throwing a bright caustic ring below it - floating tilted in a pearl-light halo with orbiting sparkles, so that wherever it hovers the child understands 'look here'.",P3,REPLACE
target_doctor_mark,widget_target_doctor_mark.png,target,doctor,X-RAY,state-swap,256x256,"two states - faint grey-green ghost inside the translucent belly (in backdrop) to fully coloured, gold-outlined, starburst-stamped (this file)",Stamped at every landed tap; the colour/grey contrast between mark and backdrop ghosts IS the progress read at 10/50/100%.,"The found object rendered in full vivid colour and outlined in warm gold, with a bright 'found!' starburst and three sparkles - blazing against the grey ghosts of the objects not yet found.",P3,REPLACE
target_doctor_success,widget_target_doctor_success.png,target,doctor,X-RAY,success-overlay,1024x576,single layer,Full-canvas opaque at fill >= 0.96; same camera as backdrop. Does not exist today.,"The five swallowed objects lifted OUT and arranged neatly on the gold tray beside the whale, each with a little gleam; the whale now wide awake and beaming with a happy tail-flick blurring the frame edge, a rising column of heart bubbles and the exam lamp swung back.",P3,NEW
target_farmer_bg,widget_target_farmer.png,target,farmer,PICNIC,backdrop,1024x576,single layer,"Opaque full-bleed, no card; the blanket must read as genuinely empty so the spread is earned; the serving board that is the _mover must not be duplicated on the blanket.","A coral-and-cream checkered picnic blanket in perspective filling the lower two-thirds and running off both frame edges, EMPTY save for a few crumbs, one folded-back corner and a crease where it was carried; at the left a wicker hamper stands open with straw and a checked cloth spilling out and a stack of enamel plates and a bundle of napkins inside; around the blanket's edge sit five piggies, each in a different pose of hopeful anticipation - one with its snout lifted sniffing, one with a paw on the blanket edge, one lying flat with its chin on its trotters, one sitting bolt upright, one small one half-hidden behind a hay bale; behind, fence, barn, orchard, a low warm sunset and drifting glow-plankton.",P3,REPLACE
target_farmer_mover,widget_target_farmer_mover.png,target,farmer,PICNIC,held-mover,512x512,single layer,Item to be placed; clean alpha; must not be duplicated in the backdrop.,"A laden serving board - a golden pumpkin pie with a lattice top and one slice cut out, a bowl of glossy berries beside it and a sprig of herb - held tilted as if just picked up, in a pearl-light halo with orbiting sparkles.",P3,REPLACE
target_farmer_mark,widget_target_farmer_mark.png,target,farmer,PICNIC,state-swap,256x256,"two states - laden board floating in its halo (in _mover) to dish landed, denting the blanket, steam-bubbles rising (this file)","Stamped at every landed tap; must deform the blanket it lands on (the dent is the settle read); underwater physics - bubbles, not steam.","A placed dish seated on the blanket with a soft contact shadow and a visible dent in the cloth beneath it, steam-bubbles rising and one berry escaped and rolling away.",P3,REPLACE
target_farmer_success,widget_target_farmer_success.png,target,farmer,PICNIC,success-overlay,1024x576,single layer,Full-canvas opaque at fill >= 0.96; same camera as backdrop. Does not exist today.,"The blanket fully laid with pie, berries, a stack of corn cobs, a milk jug, a cheese wheel and a bowl of apples; every piggy tucked in with a napkin at its neck, one on its back with its trotters in the air and a leaf on its belly; glow-plankton rising and the sunset gone deep coral behind the barn.",P3,NEW
target_boxer_bg,widget_target_boxer.png,target,boxer,BELT,backdrop,1024x576,single layer,"Opaque full-bleed, no card; the five empty claw-mounts are the target sites and must be dark and hollow enough that a set pearl is an unmistakable change; the loose pearls on the tray are stock, not the mover sprite itself.","REFRAMED PREMISE - she sets the pearls into the champion's belt. Ring-corner framing: teal ropes running across the top and down the right, a padded corner post with its coral wrap and a hanging towel, the ring canvas below with the shell logo half-visible; centre frame, large and in three-quarter view on a plum velvet cushion under a hard spotlight, the championship belt in broad teal leather with brass rivets and stitching you can count, a big gold scallop medallion and two square side-plates - its FIVE PEARL SETTINGS EMPTY as hollow gold claw-mounts with visible prongs and dark sockets, the strap dull and unbuffed; at the right a jeweller's scallop tray holding a heap of loose pearls, a shell scoop and a soft cloth; behind, audience pennants and round lamps softly out of focus, with imps peeking under the bottom rope at the very bottom edge. REPLACE: the current file shows the belt ALREADY FINISHED, leaving nothing to earn.",P3,REPLACE
target_boxer_mover,widget_target_boxer_mover.png,target,boxer,BELT,held-mover,512x512,single layer,Item to be placed; clean alpha; hovers at the roaming tap_point.,"A fat luminous pearl resting in a shell scoop, glowing from within with a bright specular and a soft pink sub-surface bloom, floating tilted in a pearl-light halo with orbiting sparkles.",P3,REPLACE
target_boxer_mark,widget_target_boxer_mark.png,target,boxer,BELT,state-swap,256x256,"two states - hollow gold claw-mount with visible prongs and a dark socket (in backdrop) to pearl seated, prongs bent over it, gold gleaming (this file)",Stamped at every landed tap; must fully cover a backdrop socket so the dark hollow disappears; by 50% the medallion should read as having started to blaze.,"A pearl SET into its gold claw-mount with the prongs bent over it, gold gleaming, and a four-point starburst on the pearl's crown.",P3,REPLACE
target_boxer_success,widget_target_boxer_success.png,target,boxer,BELT,success-overlay,1024x576,single layer,"Full-canvas opaque at fill >= 0.96; 1024x576 (the existing file is a 7KB flat-vector graphic and must be discarded entirely, not painted over).","The finished belt held ALOFT, its strap streaming down and out of frame, gold blazing under the spotlight, all five pearls throwing star-flares, a burst of bubble confetti, pennants snapping, every round lamp lit, the shell trophy on its podium behind and the imps at the bottom edge bowing with their arms out. REPLACE: the existing file is three flat concentric yellow rings - the only _success in the whole trace/target/push set and the worst success image in the project.",P3,REPLACE
target_painter_bg,widget_target_painter.png,target,painter,SPLAT,backdrop,1024x576,single layer,"Opaque full-bleed, no card; the chalk-ghost circles are the diegetic target affordance replacing the thin cream rounded-rectangle target zone; the canvas must read as intimidatingly blank so the first splat is instantly satisfying.","A huge blank cream canvas filling nearly the whole frame on a low easel, cropped top and sides, its weave and warm ground clearly readable with one stretcher-bar shadow; along the bottom edge in sharp foreground, a row of open paint pots in coral, plum, teal and cream, each with paint domed above the rim and a drip down the side and brushes standing in two of them, a rinse cup of cloudy turquoise water with a brush leaning in it, a paint-stained rag and a squeezed tube; a drop cloth beneath already dotted with old spatters; faint pale chalk-ghost circles mark where the splats should land.",P3,REPLACE
target_painter_mover,widget_target_painter_mover.png,target,painter,SPLAT,held-mover,512x512,single layer,Item to be placed (here: the tool about to strike); clean alpha; must not be duplicated among the backdrop's standing brushes.,"A fat loaded brush - bristles bulging with coral paint, a heavy bead hanging off the tip about to fall, the ferrule crusted with dried colour - tilted as if cocked for a flick, in a pearl-light halo with orbiting sparkles.",P3,REPLACE
target_painter_mark,widget_target_painter_mark.png,target,painter,SPLAT,state-swap,256x256,"two states - pale chalk-ghost circle on bare canvas (in backdrop) to wet lobed splat with tendrils, satellites and a running drip (this file)",Stamped at every landed tap; must overlap and read well against other stamped copies of itself since the 100% state is a canvas of overlapping splats.,"A genuinely painterly splat - irregular lobed edge, four or five radiating tendrils of different lengths, three flung satellite droplets, a glossy wet highlight across the middle and one drip beginning to run down from the bottom lobe.",P3,REPLACE
target_painter_success,widget_target_painter_success.png,target,painter,SPLAT,success-overlay,1024x576,single layer,Full-canvas opaque at fill >= 0.96; this one deliberately changes context (studio to gallery) rather than holding the camera. Does not exist today.,"The canvas as a joyful abstract of overlapping splats in all four colours with drips running to the bottom edge and a few flung arcs across the top - now FRAMED IN CARVED GOLD and hung on the gallery wall with a small brass plaque and a picture light, a velvet rope in front and a scatter of applause bubbles.",P3,NEW
target_astronaut_bg,widget_target_astronaut.png,target,astronaut,PATCH,backdrop,1024x576,single layer,"Opaque full-bleed, no card; the five venting bubble streams ARE the score - each must be individually countable so 'four still streaming' reads at a glance; the brass patch that is the _mover must not appear pre-fitted anywhere.","Extreme close-up on the bubble-ship's hull filling the entire frame: overlapping riveted brass plates with real material - patina in the seams, polish on the crowns, condensation beading and a painted shell crest spanning two plates; at the left a porthole with a friendly little fish pressed against the glass, cheeks squashed, looking out with wide worried eyes; across the plates FIVE CRACKS as jagged dark-navy lines with pale stress halos, each venting a thin stream of bubbles that curves up out of frame; bottom right a tool caddy with a rivet gun, a coil of gasket cord and a spanner; through a gap between plates at the top right, the star-field and the reef far below.",P3,REPLACE
target_astronaut_mover,widget_target_astronaut_mover.png,target,astronaut,PATCH,held-mover,512x512,single layer,Item to be placed; clean alpha; hovers at the roaming tap_point over the hull plates.,"A shell-shaped brass patch with a rubber gasket lip and four pre-set rivets, its edges glowing warm, floating in a pearl-light halo with the rivet gun ghosted beside it.",P3,REPLACE
target_astronaut_mark,widget_target_astronaut_mark.png,target,astronaut,PATCH,state-swap,256x256,"two states - jagged crack with pale stress halo venting a bubble stream (in backdrop) to patch sealed flush, rivets struck, gasket squeezed at the rim, leak stopped (this file)",Stamped at every landed tap; must fully cover a crack and its bubble stream's origin so the frame gets visibly calmer as leaks are stopped.,"A patch SEALED FLUSH over a crack, four rivets bright and struck, the gasket squeezed out slightly at the rim, and the bubble leak replaced by a small clean gleam.",P3,REPLACE
target_astronaut_success,widget_target_astronaut_success.png,target,astronaut,PATCH,success-overlay,1024x576,single layer,Full-canvas opaque at fill >= 0.96; zero bubbles venting anywhere. Does not exist today.,"The whole hull sealed and gleaming with every rivet catching a highlight, the porthole fish now cheering with its fins up, the engine bells below lighting a warm coral plume, and the ship beginning to rise past a ring of bubbles with the star-field wheeling behind.",P3,NEW
target_racer_bg,widget_target_racer.png,target,racer,FINISH,backdrop,1024x576,single layer,"Opaque full-bleed, no card; the sag of the ribbon and the five open clasps are the target sites - the ribbon must visibly lift and straighten as marks accumulate, so paint the sag deep enough to make that read.","REFRAMED PREMISE - she clips the checkered banner into place across the track, then the kart bursts through it. Low camera on the track surface looking up the straight: the finish arch straddles the frame with coral-and-gold pillars cropped by both edges, shell finials and a bank of round lamps; slung between them a CHECKERED RIBBON SAGGING LOOSE with five EMPTY BRASS CLASPS hanging open along its length and one end trailing to the ground; below, banked coral track with a painted racing line, faintly glowing bubble-turbo strips and padded shell barriers along both sides; in the middle distance, small under the arch, the kart waits with headlamps on and engine bubbles trailing; behind, grandstands packed with cheering fans, bunting, flags and a haze of confetti bubbles.",P3,REPLACE
target_racer_mover,widget_target_racer_mover.png,target,racer,FINISH,held-mover,512x512,single layer,Item to be placed; clean alpha; must not be duplicated on the sagging ribbon in the backdrop.,"A checkered pennant square with a brass clasp, one corner lifted as if caught by a current, floating tilted in a pearl-light halo with orbiting sparkles.",P3,REPLACE
target_racer_mark,widget_target_racer_mark.png,target,racer,FINISH,state-swap,256x256,"two states - empty brass clasp hanging open on a sagging ribbon (in backdrop) to pennant clasped, taut and fluttering with a hard cast shadow (this file)",Stamped at every landed tap along the ribbon line; the taut/fluttering read must contrast with the backdrop's slack ribbon.,"A CLASPED pennant - taut and fluttering, casting a hard shadow onto the ribbon behind it, its brass clasp snapped shut with a bright gleam.",P3,REPLACE
target_racer_success,widget_target_racer_success.png,target,racer,FINISH,success-overlay,1024x576,single layer,Full-canvas opaque at fill >= 0.96; same arch/camera as backdrop so the burst-through registers. Does not exist today.,"The kart BURSTING THROUGH the finished banner in a spray of bubbles, the ribbon halves flying back on either side, confetti everywhere, speed streaks blurring the barriers, every round lamp lit, the shell trophy raised in the grandstand and every flag snapping.",P3,NEW
push_farmer_bg,widget_push_farmer.png,push,farmer,HERD (swipe right),backdrop,1024x576,single layer,"Opaque full-bleed, no card, no yellow stadium runway outline - the lane must be a diegetic runway along swipe_dir=RIGHT; the backdrop must paint the piggies' ABSENCE (the empty mud) because the piggies are the mover.","A meadow lane in three-quarter view sweeping left to right across the frame. LEFT THIRD (the empty START hollow): a churned muddy yard, rutted and glossy, scattered with straw, a puddle reflecting the sky, a mess of trotter-prints and a tipped bucket - and NO piggies in it. MIDDLE (the runway): the lane itself hemmed by a weathered rail fence with knot-holes, wildflowers and long grass leaning over it, a stray hen and a butterfly. RIGHT THIRD (the rewarding DESTINATION): the barn gate standing wide open with warm amber lantern light spilling across the lane and up the fence posts, and inside a trough heaped with carrots, corn and apples, a hay bale, a coiled rope and a cat sitting on the gatepost with its tail curled. Behind: orchard rows, a windmill, a deep coral sunset with backlit clouds and drifting glow-plankton.",P3,REPLACE
push_farmer_mover,widget_push_farmer_mover.png,push,farmer,HERD (swipe right),held-mover,512x512,single layer,Drawn at centre + swipe_dir*fill*42px at 136px today (300px travel / 420px size after the Tier-1 edits at :530-531); motion cues must be baked in because the sprite never animates; clean alpha with no matte fringe; must not be duplicated in the backdrop (R5).,"A huddle of three piggies trotting together - the leader with its snout thrust forward and ears blown back, a second mid-hop with a trotter kicking up a splash of mud, and a small one scampering behind with its tail a blur - with a mud-and-dust puff trailing beneath them and three specks flying up behind, so they read as MOVING even while the engine holds them static. REPLACE: the current file is the identical pig already painted into widget_push_farmer.png.",P3,REPLACE
push_farmer_success,widget_push_farmer_success.png,push,farmer,HERD (swipe right),success-overlay,1024x576,single layer,"OPTIONAL / Tier-2: requires the ~3-line push-completion engine add (load %s_success.png in _load_widget_set's push case, draw full-canvas at widget_fill >= 0.96, mirroring the target pattern at :537-538). The completion score cannot move without it. Does not exist today.","All three piggies inside at the trough, one with a carrot crosswise in its mouth and one with its front trotters up on the rim, the gate swinging shut, the cat stretching, the lantern blazing and the sunset gone crimson.",P4,NEW
push_boxer_bg,widget_push_boxer.png,push,boxer,DUCK (swipe down),backdrop,1024x576,single layer,"Opaque full-bleed, no card; the bag's cast shadow is the diegetic runway along swipe_dir=DOWN and the scuffed shadow pool is the rewarding destination; Roshan must NOT appear in the backdrop - she is the mover.","Ring's-eye view. TOP THIRD: a huge coral training bag swinging in from the upper right, cropped by the frame, its stitched seams and worn leather clearly readable, chain and swivel above, and a hard shadow thrown across the canvas below that tells her exactly where the danger is. BOTTOM TWO-THIRDS: the ring canvas in cream with a painted shell logo, taut ropes with turnbuckles running across the left and right edges, a corner stool with a folded towel and a shell flask, three imps peeking under the bottom rope with wide eyes, and audience pennants and the round progress lamps glowing behind. Painted at the bottom centre, the safe hollow: a pool of deep shadow with a scuffed ring worn into the canvas - the place to get to.",P3,REPLACE
push_boxer_mover,widget_push_boxer_mover.png,push,boxer,DUCK (swipe down),held-mover,512x512,single layer,"Drawn at centre + swipe_dir(DOWN)*fill*travel; motion cues (blown hair, bubble arcs) baked in since the sprite is static; clean alpha; must not be duplicated in the backdrop.","Roshan front-on in a mid-duck: knees bent, chin tucked, both gloves up beside her face, eyes turned up at the bag and GRINNING, hair and tail-fin blown up by the drop, with two arcing bubble-trails above her head showing where her head just was.",P3,REPLACE
push_boxer_success,widget_push_boxer_success.png,push,boxer,DUCK (swipe down),success-overlay,1024x576,single layer,OPTIONAL / Tier-2 push-completion add required; full-canvas opaque at fill >= 0.96. Does not exist today.,"She springs back up with both gloves punched to the sky, the bag swinging harmlessly away at the frame edge, the imps applauding with their arms over the rope, bubble confetti bursting and all the round lamps lit.",P4,NEW
push_racer_bg,widget_push_racer.png,push,racer,STEER (swipe right),backdrop,1024x576,single layer,"Opaque full-bleed, no card, no yellow stadium outline; the banked track is the diegetic runway along swipe_dir=RIGHT, the gold dashed racing line at the apex is the destination; the kart must NOT appear in the backdrop.","Chase camera, low and close behind: the banked coral track sweeps up from the bottom of the frame into a hard bend at the upper right, the banking clearly angled so you feel the lean before anything moves; along the outside, padded shell barriers in coral and cream, course flags on poles leaning with the wind and a run-off strip of pale sand; along the inside of the apex, bubble-turbo strips glowing dim teal and a RACING LINE PAINTED IN PALE GOLD DASHES curving through the gap between two barriers as the unmistakable destination; beyond the bend, grandstands packed and blurred, bunting, a haze of confetti and the arch in the far distance; the bottom of the frame is track surface streaking past with motion smear. REPLACE: the audit records the current file as a helmet crop with a visible white halo around the wheels - it reads as nothing.",P3,REPLACE
push_racer_mover,widget_push_racer_mover.png,push,racer,STEER (swipe right),held-mover,512x512,single layer,Painted on transparency FROM THE START - not cut out of a flat card; motion cues baked in; drawn at centre + swipe_dir*fill*travel.,"The opera kart from three-quarter rear, LEANING HARD into the turn: the inside wheel lifting clear of the track, the body rolled, the driver's ponytail and tail-fin streaming sideways, a fan of bubble spray blasting off the rear wheels and heat-shimmer over the exhaust shells - the lean itself is the steering. REPLACE: the current file's white matte fringe around the wheels is called disqualifying at full-screen scale (R6).",P3,REPLACE
push_racer_success,widget_push_racer_success.png,push,racer,STEER (swipe right),success-overlay,1024x576,single layer,OPTIONAL / Tier-2 push-completion add required; full-canvas opaque at fill >= 0.96. Does not exist today.,"The kart rocketing out of the bend onto the straight with a coral turbo trail blazing behind it, flags snapping, the crowd a joyful blur and speed streaks radiating from the vanishing point.",P4,NEW
push_nursery_bg,widget_push_nursery.png,push,nursery,BEDTIME (swipe down),backdrop,1024x576,single layer,"Opaque full-bleed, no card; the moonlight shaft is the diegetic runway along swipe_dir=DOWN, the dent in the pillow is the empty START-inverse destination hollow; the merbaby must NOT appear in the backdrop.","A nursery at night, warm and quiet. LOWER HALF: a large front-on scallop-shell cradle cropped by the bottom edge, its ridged shell in cream and blush, gold-rimmed, rocking on a curved base, its bedding TURNED BACK AND WAITING - a coral quilt folded to a neat triangle, a pearl-white pillow with a soft dent already pressed into it, a knitted seaweed blanket hanging over the side and a plush octopus tucked into the far corner with one arm draped out. UPPER HALF: a mobile of little glowing jellyfish and gold stars hanging on threads and softly turning, a shelf holding a milk bottle, a folded stack of muslins tied with ribbon and a shell nightlight, and a round porthole window with moonlight coming through it and a slow drift of bubbles; walls in soft plum shading to teal, and a shaft of moonlight running down the frame as the runway. REPLACE: the current file uses a thin-line, coloring-book HUMAN baby, completely off-model for this painterly mer-world - the only off-model art in the set.",P3,REPLACE
push_nursery_mover,widget_push_nursery_mover.png,push,nursery,BEDTIME (swipe down),held-mover,512x512,single layer,Drawn at centre + swipe_dir(DOWN)*fill*travel; the baby's soft glow must be able to warm the pillow beneath it at 50%; clean alpha; must not be duplicated in the backdrop.,"A sleepy MERBABY swaddled in a coral wrap, held in two cupped mermaid hands: eyes heavy and nearly closed, one tiny fist escaped and curled by its cheek, a wisp of hair, a small iridescent tail-fin peeking from the bottom of the swaddle and three dream-bubbles rising above its head. Must be repainted as a painterly merbaby - the current nursery art is a thin-line coloring-book human baby.",P3,REPLACE
push_nursery_success,widget_push_nursery_success.png,push,nursery,BEDTIME (swipe down),success-overlay,1024x576,single layer,OPTIONAL / Tier-2 push-completion add required; full-canvas opaque at fill >= 0.96; this is the one success image that must be quiet rather than a burst. Does not exist today.,"The baby fast asleep with the coral quilt drawn up under its chin and its thumb near its mouth, the plush octopus tucked in beside it with an arm over the blanket, a soft row of 'z' bubbles rising, the jellyfish mobile dimmed to a nightlight glow and moonlight lying in a bar across the cradle - utterly still and warm.",P4,NEW
push_arrow_lr,widget_push_shared_arrow_lr.png,push,shared (farmer HERD + racer STEER),shared swipe-right direction cue,shared-fx,256x256,single layer,"Shared by the two swipe-RIGHT beats; drawn by the engine at +92px offset and 0.72 alpha (opera_gesture_surface.gd:532), so paint at FULL opacity and let the engine soften it; clean alpha. Two files across four beats - the cheapest quality win in the set.","A triple chevron pointing RIGHT built entirely from pearl-and-coral bubbles - largest and brightest at the leading tip, fading back into a soft gold streak - soft-edged with no hard vector silhouette, painted with the same warm-gold-from-below-left rim-light as everything else in the set. REPLACE: the existing file is a flat yellow vector arrow (916 bytes).",P3,REPLACE
push_arrow_down,widget_push_shared_arrow_down.png,push,shared (boxer DUCK + nursery BEDTIME),shared swipe-down direction cue,shared-fx,256x256,single layer,"Shared by the two swipe-DOWN beats; drawn at +92px offset and 0.72 alpha, so paint at full opacity; clean alpha.","The same pearl-and-coral bubble triple chevron but pointing DOWN - largest and brightest at the leading tip, fading back into a soft gold streak, soft-edged, no hard vector silhouette, same rim-light. REPLACE: the existing file is a flat yellow vector arrow (1,128 bytes).",P3,REPLACE
gauge_chef_backdrop,widget_gauge_chef.png,gauge,chef,BAKE,backdrop,1024x576,single layer,"Full-bleed opaque — no inset card, white gutter, rounded corner, border stroke or ellipse tab; the engine's paper rect + 4px accent border must be skipped when widget_backdrop != null. Needle pivots at (0.5w, 0.82h) = (512, 472) sweeping -60 to +60 deg, so the painted dial bezel must be centred on that pivot at bottom-centre and all scene action must sit above it.","Crouched at the open mouth of a great pearl-and-copper oven with its door swung down toward us so the inside face ramps into the bottom of frame, two-thirds of the screen given to the oven cavity — apricot-warm firebrick, coral embers banked and breathing at the back, a round tin of domed batter on the middle rack just beginning to split and turning from wet cream to gold, heat shimmer bending the brick behind it — with the thermometer bolted to the door at bottom-centre, a fat brass bezel 340px across with a scalloped shell rim and bevelled glass whose arc face is cool pearl-blue at the left, a wide glowing amber 'just right' band in the middle stamped with a tiny cake silhouette, and scorched red-brown at the right with a painted crack; a tea towel hangs off the door handle and along the bottom edge, out of focus and warm, the counter carries a flour sack, three brown eggs in a wire basket, a milk jug, a block of butter, a vanilla pod and a sugar bowl, with steam curling up the left wall. REPLACE — the existing file is a 1024x608 white rounded card with a navy outline, a flat mint-green pie wedge on a flat navy pie, a yellow ellipse tab floating at the top and a cropped oven prop pasted in the corner at 25% scale, with zero relationship to baking.",P2,REPLACE
gauge_chef_needle,widget_gauge_chef_needle.png,gauge,chef,BAKE,rotating-mover,256x256,single layer,"RGBA with ~8px alpha padding and no background box; pivot at the exact image centre, rotated -60 to +60 deg about (512,472) driven by timing_position — must read cleanly at every angle in that arc. Requires the per-career _needle load with fallback to the existing widget_gauge_shared_needle.png.","A copper spoon-handle pointer with a pearl boss at its hub, a bevelled-glass highlight down its spine and its own soft cast shadow offset beneath it so it reads as floating above the dial glass rather than printed on it.",P2,NEW
gauge_chef_fill,widget_gauge_chef_fill.png,gauge,chef,BAKE,progressive-fill,1024x576,single layer,_draw_progress_overlay computes the ink band as the first and last rows containing alpha > 0.08 and sweeps the reveal edge upward through it — the stated strip must be the ONLY ink on the canvas or the level stops short. Every horizontal slice must read as a truthful 'partly baked'. Needs the new one-line _fill hookup for the gauge template.,"The cake rising and browning inside the tin, painted as a vertical strip occupying only x 380-700 / y 150-430 with every other pixel on the canvas fully transparent, running from a pale slumped puddle of raw batter with one bubble at the bottom of the band, up through a level risen to the tin rim with set edges and a still-pale wet top, to a tall domed golden sponge proud above the rim with a cracked split crown and a wisp of steam at the top.",P2,NEW
gauge_chef_success,widget_gauge_chef_success.png,gauge,chef,BAKE,success-overlay,1024x576,single layer,"Drawn full-panel only while the needle is inside the zone, then held ~2s on the win — must read both as an instantaneous in-zone flash and as a held celebration frame; pixel-registered to the backdrop.","The in-zone flash — embers flaring hot coral at the back of the oven, three gold heat-shimmer rings rippling off the tin and four sparkle motes — resolving into the held celebration of the finished cake lifted clear on a shell trivet, deep gold and steaming with a knob of butter sliding down its flank and the oven glowing behind it. REPLACE — exists at the wrong 1024x608 canvas and in the old card format.",P2,REPLACE
gauge_astronaut_backdrop,widget_gauge_astronaut.png,gauge,astronaut,BOOST,backdrop,1024x576,single layer,"Full-bleed opaque, no card or border; dial bezel is a real object bolted at bottom-centre, centred on the needle pivot (512,472), all action above it.","Inside the bubble-rocket's engine bay, a fat vertical pressure column of hand-blown glass in a riveted brass cage fills the frame running from the floor plate up out of the top of frame, part-full of luminous aqua fuel with bubbles rolling through it, surrounded by coiled copper pipes beaded with condensation, a coral-and-cream valve wheel to the right, three shell-lamps in a row and a wrench hanging on a hook, with the purple bubble-city and a distant moon visible through an upper-left porthole straight out of world_astronaut.png, and bolted to the boiler's belly plate at bottom-centre the pressure gauge — a shell-rimmed brass dial, pearl-white at the left, an aqua-green GO band in the middle stamped with a tiny rocket, hot coral at the right with a painted crack and a bead of steam escaping. REPLACE — existing file is a 1024x608 card-format asset in the same flat white-card family as widget_gauge_chef.png.",P3,REPLACE
gauge_astronaut_needle,widget_gauge_astronaut_needle.png,gauge,astronaut,BOOST,rotating-mover,256x256,single layer,"RGBA, ~8px alpha padding, no background box; pivot at exact image centre, -60 to +60 deg about (512,472). Per-career load with fallback to widget_gauge_shared_needle.png.","A brass arrow pointer with a pearl counterweight at its tail and a glass reflection streak running the length of its blade, with a soft cast shadow so it floats above the gauge glass.",P3,NEW
gauge_astronaut_fill,widget_gauge_astronaut_fill.png,gauge,astronaut,BOOST,progressive-fill,1024x576,single layer,"Ink band = the stated strip only; any stray pixel above or below stretches the band and the level stops short. Bottom-up reveal, every row must read as a plausible liquid surface. Needs the gauge _fill hookup.","The aqua fuel column climbing inside the glass tube, painted as a vertical strip occupying only x 430-620 / y 60-470 with all other pixels transparent, running from a shallow puddle with one lazy bubble at the base, up through streaming bubble trails and a brass cage catching progressively more of the glow, to a bright trembling meniscus at the top with the joints ready to vent.",P3,NEW
gauge_astronaut_success,widget_gauge_astronaut_success.png,gauge,astronaut,BOOST,success-overlay,1024x576,single layer,"Drawn full-panel only while the needle is in the zone, then held on the win; pixel-registered to the backdrop.","Aqua flare rings blooming around the pressure column with white steam jets popping from every pipe joint, resolving into the held celebration of the bubble-rocket on the pad with its engine cone blazing aqua, lifting off a ring of bubbles while the boiler behind it sits drained and content. REPLACE — exists at 1024x608 in the old card format.",P3,REPLACE
gauge_racer_backdrop,widget_gauge_racer.png,gauge,racer,TURBO,backdrop,1024x576,single layer,"Full-bleed opaque, no card or border; the turbo dial must be centred on the needle pivot (512,472) at bottom-centre; the five turbo-lamps must be painted dark here and lit only in _fill, in exactly registered positions.","First person over the seahorse-kart's dashboard, the bottom third brass with pearl inlay carrying a wooden steering yoke whose two grips reach into the bottom corners and a good-luck shell charm swinging on a cord, with the turbo dial bolted centre-dash — a shell-bezel gauge whose face is pearl at the left, a hot coral GO band in the middle stamped with a little flame and dark at the right — and beyond the dash the reef racetrack streaking past with coral chicanes, kelp banners strung between posts, checkered shell flags and a motion-smeared curtain of bubble spray thrown up by the kart ahead, plus a vertical rack of five round shell turbo-lamps up the right pillar of the frame, currently dark pearl. REPLACE — the existing 1024x608 file is the identical white card to widget_gauge_chef.png with the identical flat mint wedge and only a cropped dashboard-lamp prop to distinguish it.",P3,REPLACE
gauge_racer_needle,widget_gauge_racer_needle.png,gauge,racer,TURBO,rotating-mover,256x256,single layer,"RGBA, ~8px alpha padding, no background box; pivot at exact image centre, -60 to +60 deg about (512,472). Per-career load with fallback to widget_gauge_shared_needle.png.","A red-tipped speed pointer with a chrome hub, a fine painted highlight down its spine and a soft cast shadow beneath so it floats over the dial glass.",P3,NEW
gauge_racer_fill,widget_gauge_racer_fill.png,gauge,racer,TURBO,progressive-fill,1024x576,single layer,Ink band = the stated strip only. Lamps must be pixel-registered to the dark lamps painted in widget_gauge_racer.png so each lights in place. Needs the gauge _fill hookup.,"The five stacked round shell turbo-lamps on the right pillar lighting bottom to top, painted as a narrow vertical strip occupying only x 850-980 / y 90-470 with everything else transparent, the lowest lamp a dim amber ember, each successive lamp gaining a fuller bloom and a coral corona as it fires and casting a warmer wash onto the pillar behind it, the topmost blazing hardest.",P3,NEW
gauge_racer_success,widget_gauge_racer_success.png,gauge,racer,TURBO,success-overlay,1024x576,single layer,"Drawn full-panel only while the needle is in the zone, then held on the win; pixel-registered to the backdrop.","White speed streaks raked across the whole frame with a burst of bubbles off the kart's nose, resolving into the held celebration of the kart bursting through a curtain of bubbles under a checkered shell arch, turbo plume streaming behind it and kelp banners whipping. REPLACE — exists at 1024x608 in the old card format.",P3,REPLACE
track_detective_backdrop,widget_track_detective.png,track,detective,NAME,backdrop,1024x576,single layer,"Runner path is y 380, x 123 to 901; scoring zone x 356-683. The baize table must be a real ground plane along that path and the searchlight ellipse a real place on it, sized to the zone, with room for the mover's cast shadow to travel. Full-bleed opaque, no card or border.","The detective's search table in the prop library, with a floor-to-ceiling back shelf of theatre props — a pearl tiara on a velvet stand, a plum hatbox, a coral mystery box, a stack of scripts, a feather boa spilling off a hook, a single sock, a rubber fish and a brass lantern — and running across the middle at eye level the long green-baize search table, edge-lit, with a folded velvet runner, on which sits dead centre in a soft ellipse of searchlight the clue: a single pearl-white ribbon curled on a saucer, glowing faintly with three gold sparks hovering, everything outside that pool in cool shadow, and along the bottom edge a notebook, a spyglass, a shell magnet and a spill of red string.",P3,REPLACE
track_detective_mover,widget_track_detective_mover.png,track,detective,NAME,held-mover,256x256,single layer,"RGBA, ~8px alpha padding, no background box; travels x = lerp(0.12w, 0.88w, t) at y = 0.66h, so it must read at every point along the path with its contact shadow in the sprite's lower third.","The brass shell-handled magnifying glass tilted 20 degrees, its lens painted as real convex glass with a specular streak and a faint enlarging warp visible inside it, with a soft ground shadow beneath so it reads as travelling over the baize. REPLACE — supersedes the existing card-era 256px sticker.",P3,REPLACE
track_detective_hit,widget_track_detective_hit.png,track,detective,NAME,shared-fx,256x256,single layer,"Flashed over the mover only inside the scoring zone. Per-career load with fallback to the existing shared widget_track_shared_hit.png. RGBA, ~8px alpha padding, no background box, radially symmetric.","A gold FOUND starburst — radiating warm gold spokes with a ring of tiny pearls set between them and four-point diamond sparkles at the tips, alpha-feathered at the outer edge.",P3,NEW
track_detective_fill,widget_track_detective_fill.png,track,detective,NAME,progressive-fill,1024x576,single layer,Ink band = the stated strip only; anything painted outside it stretches the band. Must be bottom-stackable — every horizontal slice a truthful 'partly solved' board. Needs the new one-line _fill hookup for the track template.,"The case board on the left wall filling bottom-up, painted as a vertical strip occupying only x 40-300 / y 90-470 with the rest of the canvas fully transparent, starting as an empty corkboard with one lonely pin at the base, accumulating pinned clue cards — a ribbon, a paw print, a feather — with red string lacing between them and crossing more densely as it climbs, finishing with a full board and a gold rosette at the top.",P3,NEW
track_detective_success,widget_track_detective_success.png,track,detective,NAME,success-overlay,1024x576,single layer,"Full-panel held celebration frame, pixel-registered to the backdrop so shared regions do not ghost.","The pearl tiara lifted into the searchlight on a velvet cushion with the completed case board glowing behind it, every card pinned and the red string fully laced, and a confetti of tiny pearls falling through the beam.",P3,NEW
track_ballerina_backdrop,widget_track_ballerina.png,track,ballerina,DUET,backdrop,1024x576,single layer,"Runner path y 380, x 123 to 901; scoring zone x 356-683 — the spotlight oval must sit exactly on the zone and the polished floor must be a real travel plane carrying the partner's reflection and shadow. Full-bleed opaque, no card.","The recital stage from the front row with coral and teal wing curtains sweeping in from both sides gathered by pearl ropes and gold tassels, a mirror ball overhead scattering lozenges of light across a polished floor that holds a soft upside-down reflection of everything, a warm oval spotlight at centre stage with the floor's shell-inlay rosette inside it as the meeting point, Roshan waiting stage-left in her tutu with her arm raised in fourth, upstage a practice barre with two pairs of pointe shoes hanging by their ribbons and a bank of mirror panels replaying the whole scene smaller, and along the bottom the orchestra pit glittering with brass bells and an open music box.",P3,REPLACE
track_ballerina_mover,widget_track_ballerina_mover.png,track,ballerina,DUET,held-mover,256x256,single layer,"RGBA, ~8px alpha padding, no background box; travels x = lerp(0.12w, 0.88w, t) at y = 0.66h — must read as moving left-to-right at every point, contact/reflection in the lower third.",The partner: a coral-tailed merboy dancer in a pearl sash caught in a travelling arabesque with two ribbons trailing behind him in real cloth curl and a soft floor reflection pooled under him. REPLACE — supersedes the existing card-era 256px sprite.,P3,REPLACE
track_ballerina_hit,widget_track_ballerina_hit.png,track,ballerina,DUET,shared-fx,256x256,single layer,"Flashed over the mover only inside the scoring zone; per-career load with fallback to widget_track_shared_hit.png. RGBA, ~8px alpha padding, no background box.","Hands meeting: a burst of teal and cream petals thrown outward from a soft ring of light, with four-point sparkles at the rim.",P3,NEW
track_ballerina_fill,widget_track_ballerina_fill.png,track,ballerina,DUET,progressive-fill,1024x576,single layer,Ink band = the stated strip only; bottom-stackable so every slice reads as a partly-wound column. Needs the track _fill hookup.,"A ribbon banner spiralling up the left proscenium column, painted as a vertical strip occupying only x 30-210 / y 80-500 with all else transparent, beginning as one plum ribbon tail at the column base, winding tighter and picking up teal and coral as it climbs, and finishing in a fat bow at the capital with petals drifting around it.",P3,NEW
track_ballerina_success,widget_track_ballerina_success.png,track,ballerina,DUET,success-overlay,1024x576,single layer,"Full-panel held celebration, pixel-registered to the backdrop.","The two dancers in a held lift inside the spotlight with petals falling through the beam, the mirror ball throwing lozenges of light across floor and curtains, and a bouquet resting at their feet.",P3,NEW
track_candymaker_backdrop,widget_track_candymaker.png,track,candymaker,PARADE,backdrop,1024x576,single layer,"Runner path y 380, x 123 to 901; the arch's lit gap must span x 356-683 exactly. The cobbles must be a real ground plane carrying the cart's cast shadow. Full-bleed opaque, no card. Leave the right-hand strip x 800-1000 / y 100-500 composed to accept the _fill shelf.","The candy-town parade street at dusk, a wide avenue of pink and cream cobbles running across the frame with crowds of happy sea-creature silhouettes on both sides holding glowing lanterns and waving flags, spanned at the centre by the parade arch — a great hoop of twisted barley-sugar wrapped in bunting and hung with wrapped sweets, its opening a warm lit gap sitting exactly over the scoring zone — with streamers hanging mid-air, sugar-spun buildings behind carrying piped-icing rooflines and shop windows full of gobstopper jars, and along the bottom a spill of loose candies on the cobbles in spirals, hearts, shells and bows. REPLACE — the existing file is the white card with the parade cart pasted in as an un-alpha'd 190px square that still carries its dark navy background box.",P2,REPLACE
track_candymaker_mover,widget_track_candymaker_mover.png,track,candymaker,PARADE,held-mover,256x256,single layer,"RGBA, ~8px alpha padding, absolutely no background box — this is the file whose un-alpha'd rectangle is the worst visible defect in the group. Travels x = lerp(0.12w, 0.88w, t) at y = 0.66h; wheels/contact shadow in the lower third.","The parade cart: pink-canopied with gold-spoked wheels, heaped with pastel gumballs and topped by a pennant, one wheel painted mid-turn with a motion smear, cut out with full clean alpha and a soft contact shadow. REPLACE — the current sprite is a square crop with its dark navy backing box still attached.",P2,REPLACE
track_candymaker_hit,widget_track_candymaker_hit.png,track,candymaker,PARADE,shared-fx,256x256,single layer,"Flashed over the mover only inside the scoring zone; per-career load with fallback to widget_track_shared_hit.png. RGBA, ~8px alpha padding, no background box.","An arch burst: confetti in coral, mint and cream, two curling streamer ribbons and a shower of wrapped sweets flying outward from a bright centre.",P2,NEW
track_candymaker_fill,widget_track_candymaker_fill.png,track,candymaker,PARADE,progressive-fill,1024x576,single layer,Ink band = the stated strip only; each tier must be a complete stackable row so any reveal height reads as a partly-stocked shelf. Needs the track _fill hookup.,"The seven-slot candy shelf at the right filling bottom-up tier by tier with wrapped candies, painted as a vertical strip occupying only x 800-1000 / y 100-500 with everything else transparent, starting with one candy on the bottom shelf, filling to half-full tiers with ribbons hanging off the shelf edges, and finishing with every slot filled and a rosette bow crowning the top.",P2,NEW
track_candymaker_success,widget_track_candymaker_success.png,track,candymaker,PARADE,success-overlay,1024x576,single layer,"Full-panel held celebration, pixel-registered to the backdrop.",The cart passing under the barley-sugar arch beneath a shower of confetti with every lantern in the crowd lit and the full seven-slot candy shelf glowing beside it.,P2,NEW
track_farmer_backdrop,widget_track_farmer.png,track,farmer,FEED,backdrop,1024x576,single layer,"Runner path y 380, x 123 to 901; the trough must sit on the scoring zone x 356-683 and the churned earth must be a real ground plane carrying the piglet's cast shadow. Full-bleed opaque, no card. Keep x 790-1000 / y 120-500 composed to accept the _fill hay stack.","The meadow pen at golden hour with a split-rail fence across the middle distance and sunflowers nodding through it, the red barn, an orchard and soft parallax hills beyond, churned earth and clover in the near ground, and dead centre a chunky wooden trough of planks, iron bands and a shell end-plate half full of chopped carrot, corn kernels and berries with a wooden scoop resting in it and a fat pumpkin propped against its side, a wicker basket overflowing with carrots, corn, apples and a spill of berries at the right, straw everywhere, and two piglets dozing in the straw at the left with one holding a trotter over its eyes.",P3,REPLACE
track_farmer_mover,widget_track_farmer_mover.png,track,farmer,FEED,held-mover,256x256,single layer,"RGBA, ~8px alpha padding, no background box; travels x = lerp(0.12w, 0.88w, t) at y = 0.66h with trotters and shadow in the lower third.","The trotting piglet: pink, a green kerchief at its throat, ears flapping, one front trotter lifted mid-stride, little dust puffs painted at its heels and a soft ground shadow beneath. REPLACE — supersedes the existing card-era 256px sprite.",P3,REPLACE
track_farmer_hit,widget_track_farmer_hit.png,track,farmer,FEED,shared-fx,256x256,single layer,"Flashed over the mover only inside the scoring zone; per-career load with fallback to widget_track_shared_hit.png. RGBA, ~8px alpha padding, no background box.","The munch burst: carrot tops flying outward, three heart puffs and a scatter of crumbs radiating from a bright centre.",P3,NEW
track_farmer_fill,widget_track_farmer_fill.png,track,farmer,FEED,progressive-fill,1024x576,single layer,Ink band = the stated strip only; bales are naturally bottom-stackable so every reveal height must land on a whole bale course. Needs the track _fill hookup.,"The hay stack building bottom-up at the right, painted as a vertical strip occupying only x 790-1000 / y 120-500 with the rest transparent, starting from one bale at the base, stacking bale on bale with loose straw at the joins and a pitchfork stuck into the side at mid height, and finishing with a tall stack crowned by a rooster crowing on the peak.",P3,NEW
track_farmer_success,widget_track_farmer_success.png,track,farmer,FEED,success-overlay,1024x576,single layer,"Full-panel held celebration, pixel-registered to the backdrop.",Five round-bellied piglets asleep in a heap around the now-empty trough with straw drifted over them and long low sunset light raking across the pen.,P3,NEW
track_boxer_backdrop,widget_track_boxer.png,track,boxer,JAB,backdrop,1024x576,single layer,"Runner path y 380, x 123 to 901; the chalked bullseye must sit exactly on the scoring zone x 356-683 and the canvas floor must be a real plane carrying the mitt's shadow. Full-bleed opaque, no card, no lozenge bar. Keep x 40-220 / y 90-500 composed to accept the _fill lamp tower.","Ringside from just off Roshan's shoulder, three thick coral-wrapped ropes with brass turnbuckles running across the top with the crowd behind them a warm blur of pennants and bubble-lanterns, the chalk-scuffed canvas floor filling the bottom painted with a shell crest, and chalked across the middle at mitt height the strike pocket — a bullseye ring of cream and coral with a faint glow — plus a corner stool with a folded towel and a flask at bottom-left, Roshan's own laced gloves waiting in frame at bottom-right and a shell bell on a stand upper-right. REPLACE — the existing file is a white card with a pair of gloves floated at 22% scale in the middle of nothing and a flat lozenge progress bar with a mint segment.",P3,REPLACE
track_boxer_mover,widget_track_boxer_mover.png,track,boxer,JAB,held-mover,256x256,single layer,"RGBA, ~8px alpha padding, no background box; travels x = lerp(0.12w, 0.88w, t) at y = 0.66h — the forearm should enter from the sprite edge so the mitt never reads as a detached object.","The focus mitt: a big round quilted pad with a cream bullseye, dented from use, held in a teal-sleeved forearm with a wrist wrap, a motion smear on the trailing edge so it reads as swung by a person rather than floating. REPLACE — supersedes the current floating glove pair.",P3,REPLACE
track_boxer_hit,widget_track_boxer_hit.png,track,boxer,JAB,shared-fx,256x256,single layer,"Flashed over the mover only inside the scoring zone; per-career load with fallback to widget_track_shared_hit.png. RGBA, ~8px alpha padding, no background box.",Impact: a white shockwave ring with four bubble-puffs and three cartoon speed wedges bursting outward.,P3,NEW
track_boxer_fill,widget_track_boxer_fill.png,track,boxer,JAB,progressive-fill,1024x576,single layer,Ink band = the stated strip only; lamps must be pixel-registered to the dark lamps in the backdrop so each lights in place. Needs the track _fill hookup.,"The round-lamp tower on the left ring post, painted as a vertical strip occupying only x 40-220 / y 90-500 with all else transparent, five round shell lamps stacked bottom to top with the lowest a warm amber, each higher lamp brighter with its own bloom and a warmer wash spilling onto the post and the pennants behind it.",P3,NEW
track_boxer_success,widget_track_boxer_success.png,track,boxer,JAB,success-overlay,1024x576,single layer,"Full-panel held celebration, pixel-registered to the backdrop.",The championship belt held up on a velvet cushion at the centre of the ring under a hot white light with the gloves resting either side and confetti coming down through the ropes.,P3,NEW
track_magician_backdrop,widget_track_magician.png,track,magician,CABINET,backdrop,1024x576,single layer,"Runner path y 380, x 123 to 901; the light pool must sit on the scoring zone x 356-683 and the lacquer floor must carry the cabinet's reflection and castor shadow. Full-bleed opaque, no card. Keep x 810-990 / y 70-500 composed to accept the _fill conjuring column.","The magic stage with deep plum wing curtains and gold tassels over a polished black-lacquer floor throwing soft reflections, a pool of warm cream light at centre stage with visible dust motes drifting in a beam that rakes down from the top-left corner, upstage a trick table draped in star-print velvet holding a pearl wand, a stack of three top hats and a bell jar with a single bubble inside, a rolling mirror panel stage-right doubling the light, and purple four-point sparkles drifting throughout in the exact sparkle language of goal_magician.png.",P3,REPLACE
track_magician_mover,widget_track_magician_mover.png,track,magician,CABINET,held-mover,256x256,single layer,"RGBA, ~8px alpha padding, no background box; travels x = lerp(0.12w, 0.88w, t) at y = 0.66h with castors and reflection in the lower third.","The trick cabinet: a tall narrow lacquered box on brass castors, plum with gold shell-motif corners, its door ajar by a crack showing a curious slice of light inside with a little curtain fluttering out, castors painted mid-roll. REPLACE — supersedes the existing card-era 256px sprite.",P3,REPLACE
track_magician_hit,widget_track_magician_hit.png,track,magician,CABINET,shared-fx,256x256,single layer,"Flashed over the mover only inside the scoring zone, so its smoke must read as coming from the cabinet door position in the mover sprite; per-career load with fallback to widget_track_shared_hit.png.",A puff of star-shot smoke with the cloud-fluffy bunny-fish's ears popping out of the cabinet door.,P3,NEW
track_magician_fill,widget_track_magician_fill.png,track,magician,CABINET,progressive-fill,1024x576,single layer,Ink band = the stated strip only; density gradient must make every reveal height read as a partly-built column. Needs the track _fill hookup.,"The conjuring column behind the right curtain, painted as a vertical strip occupying only x 810-990 / y 70-500 with everything else transparent, violet sparkles, star shapes and floating pearls packed dense near the floor and thinning as they climb, the curtain edge catching the glow and lifting in the draft, the column reaching the flies at the top.",P3,NEW
track_magician_success,widget_track_magician_success.png,track,magician,CABINET,success-overlay,1024x576,single layer,"Full-panel held celebration, pixel-registered to the backdrop; the bunny-fish must be a direct visual match to the goal prop so beat and prize read as the same picture.","The cloud-fluffy bunny-fish, matched exactly to goal_magician.png, hovering above an open top hat in the spotlight with pearls and four-point sparkles ringing it and the cabinet doors thrown wide behind.",P3,NEW
track_popstar_backdrop,widget_track_popstar.png,track,popstar,RHYTHM,backdrop,1024x576,single layer,"The satin ribbon IS the runner path — it must run along y 380 from x 123 to 901, and the pearl beat-gate ring must span the scoring zone x 356-683. Full-bleed opaque, no card. Keep x 830-1000 / y 80-500 composed to accept the _fill applause ladder.","The concert stage from just over the crowd's shoulder with a rainbow backdrop of soft banded light behind a pearl-lit proscenium frame, two speaker stacks flanking it with cones visible through grille cloth and cabinet catches and handles painted, and sweeping across the middle at runner height the rainbow rhythm ribbon — a wide satin band running red through violet, twisting so it catches highlight, laid over the stage like a ribbon of road and threading through a glowing pearl ring at centre frame as the beat gate — with the catwalk edge and a rail of raised glow-sticks held by silhouetted fans below, a truss of shell-shaped par-cans throwing beams through haze above, and a chrome mic stand at the left with its cable coiled on the deck.",P3,REPLACE
track_popstar_mover,widget_track_popstar_mover.png,track,popstar,RHYTHM,held-mover,256x256,single layer,"RGBA, ~8px alpha padding, no background box; travels x = lerp(0.12w, 0.88w, t) at y = 0.66h — the comet tail must trail left so the direction of travel reads.","The beat: a plump luminous pearl note with a soft comet tail and three concentric shock rings, riding the ribbon. REPLACE — supersedes the existing card-era 256px sprite.",P3,REPLACE
track_popstar_hit,widget_track_popstar_hit.png,track,popstar,RHYTHM,shared-fx,256x256,single layer,"Flashed over the mover only inside the scoring zone; per-career load with fallback to widget_track_shared_hit.png. RGBA, ~8px alpha padding, no background box.",A sound burst: concentric ripple rings with four tiny hearts and a spray of gold musical notes flying outward.,P3,NEW
track_popstar_fill,widget_track_popstar_fill.png,track,popstar,RHYTHM,progressive-fill,1024x576,single layer,Ink band = the stated strip only; lamps pixel-registered to the unlit lamps in the backdrop. Needs the track _fill hookup.,"The applause ladder on the right speaker stack, painted as a vertical strip occupying only x 830-1000 / y 80-500 with all else transparent, a VU column of round shell lamps in rainbow order lighting bottom-up from red through to violet with a bloom on each, glow-sticks rising alongside it and the first confetti appearing at the top.",P3,NEW
track_popstar_success,widget_track_popstar_success.png,track,popstar,RHYTHM,success-overlay,1024x576,single layer,"Full-panel held celebration, pixel-registered to the backdrop.",Roshan at the mic mid-note under a crossfire of par-can beams with confetti falling and the crowd's glow-sticks a solid field of light.,P3,NEW
track_nursery_backdrop,widget_track_nursery.png,track,nursery,BURP,backdrop,1024x576,single layer,"Runner path y 380, x 123 to 901; the patting spot must sit on the scoring zone x 356-683 at y 380. Full-bleed opaque, no card. Keep x 820-1000 / y 120-500 composed to accept the _fill sleep column. This beat currently falls through to _draw_nursery_context()'s vector rectangles at opera_gesture_surface.gd:585 — once the widget set is wired the backdrop branch takes over and that fallback becomes dead code.","The nursery in lamplight seen close on Roshan's shoulder from behind and to the side, the baby up on her shoulder with its cheek squashed and one fist curled into her collar over a soft muslin cloth, filling the upper-left half of the frame, and beyond it the arm of a rocking chair, a low shelf with a bottle warmer, folded nappies, three tiny bonnets in a stack, a night-lamp casting a warm pool and a mobile of felt fish turning overhead, a painted moon-and-shell frieze on the wall, everything soft and low-contrast and sleepy, with a warm glowing oval between the baby's shoulder blades — the patting spot — ringed by three drifting sleep-bubbles.",P3,REPLACE
track_nursery_mover,widget_track_nursery_mover.png,track,nursery,BURP,held-mover,256x256,single layer,"RGBA, ~8px alpha padding, no background box; travels x = lerp(0.12w, 0.88w, t) at y = 0.66h — must read as a patting hand at every point along the path.","Roshan's cupped hand with the palm hollowed and fingers together, two soft motion arcs trailing behind it. REPLACE — supersedes the existing card-era 256px sprite.",P3,REPLACE
track_nursery_hit,widget_track_nursery_hit.png,track,nursery,BURP,shared-fx,256x256,single layer,"Flashed over the mover only inside the scoring zone; per-career load with fallback to widget_track_shared_hit.png. RGBA, ~8px alpha padding, no background box, soft edges to match the sleepy low-contrast scene.","The burp puff: one big soft bubble with two smaller ones and a tiny heart, in cream and mint.",P3,NEW
track_nursery_fill,widget_track_nursery_fill.png,track,nursery,BURP,progressive-fill,1024x576,single layer,Ink band = the stated strip only; the column must read as truthfully partial at any height. Needs the track _fill hookup.,"The sleep column rising out of the night-lamp, painted as a vertical strip occupying only x 820-1000 / y 120-500 with the rest transparent, starting with one small drowsy star just above the lamp glass, stacking stars and half-moons upward that grow larger and softer as they climb, and topped by a big crescent moon.",P3,NEW
track_nursery_success,widget_track_nursery_success.png,track,nursery,BURP,success-overlay,1024x576,single layer,"Full-panel held celebration, pixel-registered to the backdrop.","The baby laid in the cradle with its arms up over its head, fast asleep and muslin tucked, the felt-fish mobile turning above, the lamp low and one bubble drifting.",P3,NEW
lanes_detective_backdrop,widget_lanes_detective.png,lanes,detective,MATCH,backdrop,1024x576,single layer,"Hit-testing is lane = int(x / w * 3) over the FULL panel height, so each third (x 0-341 / 341-683 / 683-1024) must read as a full-height bay; the choosable box is centred at x 171 / 512 / 853 and at least 260px tall. The prompt must be a painted real object (the corkboard case card) at the top, not UI. Full-bleed opaque, no card or border. Keep the bottom strip y 390-570 composed to accept the _fill row.","The prop library head-on with three plinths evenly spaced, each in its own pool of light with its own tall velvet banner behind it so each vertical third reads as a self-contained bay from ceiling to floor — left a coral quilted mystery box with a brass shell clasp, centre a cream trunk laced with cord, right a plum hatbox with a ribbon bow, every box big and chunky at plinth scale with catchlights on the brass and dust settled on the lids — with the case card pinned to a corkboard across the top of the frame under a swinging lantern showing a photograph-style image of the wanted box, and along the bottom edge the search table with a magnifier, a notebook and a spill of red string. REPLACE — the existing file is three decently painted treasure boxes floating on a white card at 30% scale with no table, no room and no light.",P3,REPLACE
lanes_detective_lit,widget_lanes_detective_lit.png,lanes,detective,MATCH,state-swap,768x256,cell 0 = coral mystery box open / cell 1 = cream trunk open / cell 2 = plum hatbox open,"768x256 three-cell sheet, left to right = lane 0, 1, 2; each cell must work standing alone as a flash over its column. Assumes the engine change from a 124px draw size to ~320px with a ~0.6s hold after a correct pick.","Three 256px cells showing each box open — lid tilted back, warm gold light pouring out, the pearl tiara glinting inside and a ring of gold sparks around the mouth — cell 0 the coral quilted mystery box with its brass shell clasp sprung, cell 1 the cream cord-laced trunk, cell 2 the plum hatbox with its ribbon bow undone. REPLACE — existing sheet is card-era art at the wrong caliber.",P3,REPLACE
lanes_detective_fill,widget_lanes_detective_fill.png,lanes,detective,MATCH,progressive-fill,1024x576,single layer,"Standardised lanes ink band: full width, y 390-570, the ONLY ink on the canvas so it never collides with the lane columns; must stack truthfully bottom-up within the band. Needs the new one-line _fill hookup for the lanes template.","A growing row of pinned clue cards with red string lacing between them along the front table edge, painted only into the standardised bottom strip — full width, y 390-570 — with every pixel above fully transparent, running from one lonely card at the base through three cards with crossing string to a complete row of six laced cards with a gold rosette at the top of the band.",P3,NEW
lanes_detective_success,widget_lanes_detective_success.png,lanes,detective,MATCH,success-overlay,1024x576,single layer,"Full-panel held celebration, pixel-registered to the backdrop.","The pearl tiara on a velvet cushion in the middle spotlight with all three boxes open and empty and the evidence row along the table complete, every card pinned and the red string fully laced.",P3,NEW
lanes_ballerina_backdrop,widget_lanes_ballerina.png,lanes,ballerina,STEPS,backdrop,1024x576,single layer,"Each vertical third (x 0-341 / 341-683 / 683-1024) must read floor-to-ceiling as its own bay; tiles centred at x 171 / 512 / 853, at least 260px tall. The music box is the painted prompt, not UI. Full-bleed opaque, no card. Bottom strip y 390-570 kept clear for _fill.","Looking down and forward at the dance floor where three great inlaid floor tiles fill the frame one per vertical third — coral with a shell rosette, teal with a wave scroll, plum with a ribbon knot — painted as polished stone with grout lines, a soft mirror-ball reflection sliding across each and a faint scuff of rosin rather than as flat shapes, with the barre along the top carrying two pairs of pointe shoes hanging by their ribbons, wing curtains at the edges, the mirror ball overhead, and at the top edge the music box with its lid open and a little dancer turning, the tile to copy shown on its spinning cylinder.",P3,REPLACE
lanes_ballerina_lit,widget_lanes_ballerina_lit.png,lanes,ballerina,STEPS,state-swap,768x256,cell 0 = coral shell tile pressed / cell 1 = teal wave tile pressed / cell 2 = plum ribbon tile pressed,"768x256 three-cell sheet, left to right = lane 0, 1, 2; assumes the ~320px draw size and ~0.6s hold engine change.","Three 256px cells showing each tile pressed — sunk a few pixels into the floor with a ripple ring of light spreading out of it and petals puffing from its corners — cell 0 the coral shell-rosette tile, cell 1 the teal wave-scroll tile, cell 2 the plum ribbon-knot tile. REPLACE — existing sheet is card-era art at the wrong caliber.",P3,REPLACE
lanes_ballerina_fill,widget_lanes_ballerina_fill.png,lanes,ballerina,STEPS,progressive-fill,1024x576,single layer,"Standardised lanes ink band: full width, y 390-570, the only ink on the canvas; rosettes at the base and petals at the top so the bottom-up reveal stacks truthfully. Needs the lanes _fill hookup.","Ribbon rosettes blooming along the front edge of the stage with petals rising behind them, painted only into the bottom strip — full width, y 390-570 — with everything above transparent, running from one rosette at the base through three rosettes with a scatter of petals to a full garland with petals in the air at the top of the band.",P3,NEW
lanes_ballerina_success,widget_lanes_ballerina_success.png,lanes,ballerina,STEPS,success-overlay,1024x576,single layer,"Full-panel held celebration, pixel-registered to the backdrop.","Roshan in a held arabesque on the last tile with all three tiles glowing, petals raining through the mirror-ball light and a bouquet at the stage edge.",P3,NEW
lanes_candymaker_backdrop,widget_lanes_candymaker.png,lanes,candymaker,SORT,backdrop,1024x576,single layer,"Each vertical third must read as its own full-height bay; moulds centred at x 171 / 512 / 853, at least 260px tall. The suspended candy in the tongs is the painted prompt. Full-bleed opaque, no card. Bottom strip y 390-570 kept clear for _fill.","The candy workshop bench close and warm, with three heavy brass mould plates lying side by side one per vertical third — a shell mould, a heart mould and a spiral mould with deep-cut cavities, sugar dust in the corners and a smear of syrup on one edge — behind them a copper syrup kettle with a tap, a jar of coloured sanding sugar, a pair of tongs and a marble slab dusted with icing, and suspended above centre frame in the tongs the candy to sort: a fat glossy teal spiral, spotlit, its soft shadow falling onto the correct plate.",P2,REPLACE
lanes_candymaker_lit,widget_lanes_candymaker_lit.png,lanes,candymaker,SORT,state-swap,768x256,cell 0 = shell mould filled / cell 1 = heart mould filled / cell 2 = spiral mould filled,"768x256 three-cell sheet, left to right = lane 0, 1, 2; assumes the ~320px draw size and ~0.6s hold engine change.","Three 256px cells showing each mould filled — molten candy poured into the cavity with a glossy meniscus, a curl of steam and a sugar sparkle — cell 0 the shell mould, cell 1 the heart mould, cell 2 the spiral mould. REPLACE — existing sheet is card-era art at the wrong caliber.",P2,REPLACE
lanes_candymaker_fill,widget_lanes_candymaker_fill.png,lanes,candymaker,SORT,progressive-fill,1024x576,single layer,"Standardised lanes ink band: full width, y 390-570, the only ink on the canvas. Needs the lanes _fill hookup.","A growing line of wrapped twisted-end sweets along the front of the bench, painted only into the bottom strip — full width, y 390-570 — with everything above transparent, running from one wrapped sweet at the base through four sweets to a row of eight laid in a paper tray with a ribbon tied round it at the top of the band.",P2,NEW
lanes_candymaker_success,widget_lanes_candymaker_success.png,lanes,candymaker,SORT,success-overlay,1024x576,single layer,"Full-panel held celebration, pixel-registered to the backdrop.","The paper tray of finished candies lifted into the light with every shape represented — shell, heart and spiral — the ribbon tied round the tray and sugar glinting off the wrappers.",P2,NEW
lanes_doctor_backdrop,widget_lanes_doctor.png,lanes,doctor,FIND,backdrop,1024x576,single layer,"Each vertical third must read as its own full-height bay; starfish centred at x 171 / 512 / 853, at least 260px tall, faces clearly distinguishable at a glance. The pictogram cabinet is the painted prompt. Full-bleed opaque, no card. Bottom strip y 390-570 kept clear for _fill.","The reef clinic with a long padded exam bench running across the frame in cream vinyl with brass studs and a paper roll pulled across it, and sitting on it one per vertical third three starfish patients with unmistakably different faces — left happy and pink, centre worried with a wobbly mouth and a tear, right sleepy with heavy lids — behind them a tool trolley carrying a stethoscope, a thermometer, a bandage roll and a kidney dish, a privacy curtain half drawn and a jar of lollipops, and across the top the pictogram cabinet, a lit shell-panel showing the symptom to look for.",P3,REPLACE
lanes_doctor_lit,widget_lanes_doctor_lit.png,lanes,doctor,FIND,state-swap,768x256,cell 0 = happy starfish treated / cell 1 = worried starfish treated / cell 2 = sleepy starfish treated,"768x256 three-cell sheet, left to right = lane 0, 1, 2; assumes the ~320px draw size and ~0.6s hold engine change.","Three 256px cells showing each starfish being cared for — the stethoscope disc on its chest, a heart-ripple ring spreading outward, a kiss-puff and its mouth turning up into a smile — cell 0 the happy pink starfish, cell 1 the worried starfish now consoled, cell 2 the sleepy starfish waking into a grin. REPLACE — existing sheet is card-era art at the wrong caliber.",P3,REPLACE
lanes_doctor_fill,widget_lanes_doctor_fill.png,lanes,doctor,FIND,progressive-fill,1024x576,single layer,"Standardised lanes ink band: full width, y 390-570, the only ink on the canvas. Needs the lanes _fill hookup.","A row of care tokens filling along the trolley shelf — a plaster, a heart sticker, a thermometer, a folded bandage and a lollipop — painted only into the bottom strip, full width y 390-570, with everything above transparent, running from one plaster at the base through three tokens to a full shelf with a gold care medallion at the end.",P3,NEW
lanes_doctor_success,widget_lanes_doctor_success.png,lanes,doctor,FIND,success-overlay,1024x576,single layer,"Full-panel held celebration, pixel-registered to the backdrop.","Three recovered starfish in a row all beaming with one waving, hearts floating up between them and the gold care medallion glowing at the end of the trolley shelf.",P3,NEW
lanes_farmer_backdrop,widget_lanes_farmer.png,lanes,farmer,PLANT,backdrop,1024x576,single layer,"Each vertical third must read as its own full-height bay with the furrow running from the bottom of frame to the horizon; marker stakes centred at x 171 / 512 / 853, at least 260px tall. The held seed is the painted prompt. Full-bleed opaque, no card. Bottom strip y 390-570 kept clear for _fill.","Looking down the vegetable patch where three ploughed furrows run away from us one per vertical third in dark crumbly earth, each with a hand-painted marker stake at its head — a carrot board, a corn board and a pumpkin board, each with the actual vegetable painted on it — trodden grass and a scatter of stones between the furrows, a watering can, a trowel and an open seed packet spilling seeds along the bottom, and beyond them the fence, the barn, sunflowers and a wheelbarrow, with the seed held above centre frame in a gloved hand: plump and striped, softly glowing, its shadow pointing at its furrow.",P3,REPLACE
lanes_farmer_lit,widget_lanes_farmer_lit.png,lanes,farmer,PLANT,state-swap,768x256,cell 0 = carrot furrow sprouting / cell 1 = corn furrow sprouting / cell 2 = pumpkin furrow sprouting,"768x256 three-cell sheet, left to right = lane 0, 1, 2; assumes the ~320px draw size and ~0.6s hold engine change — without it the best art in the batch stays invisible.","Three 256px cells showing each furrow sprouting — the earth parting, a bright green shoot with two seed-leaves pushing up, a puff of soil and a worm waving — cell 0 the carrot furrow, cell 1 the corn furrow, cell 2 the pumpkin furrow. REPLACE — the existing 768x256 sheet is genuinely good art (a hopping piglet, a munching piglet and a hay bale) but it is the wrong beat content for PLANT and is being shown at 124px for 1.4s.",P3,REPLACE
lanes_farmer_fill,widget_lanes_farmer_fill.png,lanes,farmer,PLANT,progressive-fill,1024x576,single layer,"Standardised lanes ink band: full width, y 390-570, the only ink on the canvas; produce must stack truthfully so any reveal height is a plausible part-filled basket. Needs the lanes _fill hookup.","The harvest basket filling along the front of the patch with carrots, corn, apples, berries and a pumpkin, painted only into the bottom strip, full width y 390-570, with everything above transparent, running from a single carrot in the basket at the base through half full to overflowing with a pumpkin balanced on top at the band's crest.",P3,NEW
lanes_farmer_success,widget_lanes_farmer_success.png,lanes,farmer,PLANT,success-overlay,1024x576,single layer,"Full-panel held celebration, pixel-registered to the backdrop.","Three full-grown rows — feathery carrot tops, tall corn and a fat pumpkin — with a scarecrow waving over them and the harvest basket brimming at the front.",P3,NEW
lanes_boxer_backdrop,widget_lanes_boxer.png,lanes,boxer,ROUND,backdrop,1024x576,single layer,"Each vertical third must read as its own full-height bay; corner posts centred at x 171 / 512 / 853, at least 260px tall. The peeking imp is the painted prompt. Full-bleed opaque, no card. Bottom strip y 390-570 kept clear for _fill.","The ring seen from above and behind with three corner posts standing across the frame one per vertical third, each wrapped in a different cord — coral, teal and cream — each with a padded stool and a bucket beneath it and a round lamp hanging above so each third reads floor-to-ceiling, the chalk-scuffed canvas floor sweeping toward us with a shell crest at its centre, the crowd's pennants and bubble-lanterns behind, a mischief imp peeking around one post with a cheeky grin and a curl of tail showing as the tell, and along the bottom edge the corner stool with a towel, a flask and Roshan's gloves resting on it.",P3,REPLACE
lanes_boxer_lit,widget_lanes_boxer_lit.png,lanes,boxer,ROUND,state-swap,768x256,"cell 0 = coral corner lit, imp bopped / cell 1 = teal corner lit, imp bopped / cell 2 = cream corner lit, imp bopped","768x256 three-cell sheet, left to right = lane 0, 1, 2; assumes the ~320px draw size and ~0.6s hold engine change.","Three 256px cells showing each corner lit — a hot white spot on the post, the imp bopped into a bubble-puff with stars circling its head and a bonk ring — cell 0 the coral-corded corner, cell 1 the teal-corded corner, cell 2 the cream-corded corner. REPLACE — existing sheet is card-era art at the wrong caliber.",P3,REPLACE
lanes_boxer_fill,widget_lanes_boxer_fill.png,lanes,boxer,ROUND,progressive-fill,1024x576,single layer,"Standardised lanes ink band: full width, y 390-570, the only ink on the canvas; the lamps-low / confetti-high arrangement exists specifically so the bottom-up reveal stacks truthfully. Needs the lanes _fill hookup.","The apron round-lamps lighting up along the ring edge with confetti drifting above them, painted only into the bottom strip, full width y 390-570, with everything above transparent, and stacked truthfully with the lamps at the base of the band and the confetti at the top: one apron lamp lit at the base, three lit with a few confetti at mid, all lit with thick confetti and the shell bell swinging at the top.",P3,NEW
lanes_boxer_success,widget_lanes_boxer_success.png,lanes,boxer,ROUND,success-overlay,1024x576,single layer,"Full-panel held celebration, pixel-registered to the backdrop.",The championship belt raised on a velvet cushion at the centre of the ring with the imps bowing in a row along the ropes and confetti coming down.,P3,NEW
lanes_magician_backdrop,widget_lanes_magician.png,lanes,magician,TRACK,backdrop,1024x576,single layer,"Each vertical third must read as its own full-height bay; hats centred at x 171 / 512 / 853, at least 260px tall. The glitter shuffle-trails are the painted prompt. Full-bleed opaque, no card. Bottom strip y 390-570 kept clear for _fill.","The magic stage head-on with three top hats in a row on a mirror-polished rail one per vertical third, each with a different band — coral, cream, teal — brims catching a rim of light and a soft reflection pooled under each, behind them a plum star-velvet drape and a rolling mirror panel, a spotlight pool above, the trick table in the foreground with a pearl wand lying across it and a scatter of sparkles, faint looping glitter trails running between the hats as the ghost of the shuffle, and purple four-point sparkle motes throughout matching goal_magician.png.",P3,REPLACE
lanes_magician_lit,widget_lanes_magician_lit.png,lanes,magician,TRACK,state-swap,768x256,"cell 0 = coral-band hat tipped, bunny rising / cell 1 = cream-band hat tipped, bunny rising / cell 2 = teal-band hat tipped, bunny rising","768x256 three-cell sheet, left to right = lane 0, 1, 2; the bunny-fish must match goal_magician.png. Assumes the ~320px draw size and ~0.6s hold engine change.","Three 256px cells showing each hat tipped open with the cloud-fluffy bunny-fish rising out of it in a burst of stars and pearls, one cell per band colour — cell 0 coral band, cell 1 cream band, cell 2 teal band. REPLACE — existing sheet is card-era art at the wrong caliber.",P3,REPLACE
lanes_magician_fill,widget_lanes_magician_fill.png,lanes,magician,TRACK,progressive-fill,1024x576,single layer,"Standardised lanes ink band: full width, y 390-570, the only ink on the canvas; pearls low, haze high, so the reveal stacks truthfully. Needs the lanes _fill hookup.","A string of pearls and stars accumulating along the rail with a rising glitter haze above it, painted only into the bottom strip, full width y 390-570, with everything above transparent, running from two pearls on the rail at the base through a half-string of pearls and stars to a full pearl string with big stars and a glitter mist at the top of the band.",P3,NEW
lanes_magician_success,widget_lanes_magician_success.png,lanes,magician,TRACK,success-overlay,1024x576,single layer,"Full-panel held celebration, pixel-registered to the backdrop; bunny-fish must be a direct match to the goal prop.",The bunny-fish hovering above the middle hat exactly as in goal_magician.png with all three hats tipped open and pearls and four-point sparkles everywhere.,P3,NEW
lanes_painter_backdrop,widget_lanes_painter.png,lanes,painter,REVEAL,backdrop,1024x576,single layer,"Each vertical third must read as its own full-height bay; easels centred at x 171 / 512 / 853, canvases at least 260px tall. The colour order board is the painted prompt. Full-bleed opaque, no card. Bottom strip y 390-570 kept clear for _fill.","The gallery with three easels standing across the frame one per vertical third, each holding a big canvas under a draped dust cloth whose folds are painted with real weight and shadow and with the left one's corner lifted to show a glimpse of coral underneath, the floor a paint-spattered drop cloth, along the bottom edge a palette loaded with plum, coral, cream and teal plus three loaded brushes, a rinse cup of cloudy water and open paint pots, the colour order board on the back wall showing the swatch to look for, and a skylight above with motes drifting in its beam.",P3,REPLACE
lanes_painter_lit,widget_lanes_painter_lit.png,lanes,painter,REVEAL,state-swap,768x256,cell 0 = left easel unveiled / cell 1 = centre easel unveiled / cell 2 = right easel unveiled,"768x256 three-cell sheet, left to right = lane 0, 1, 2; assumes the ~320px draw size and ~0.6s hold engine change.","Three 256px cells showing each dust cloth whipped off mid-air and billowing with the painting revealed beneath — a framed sunrise over the reef, glowing — one cell per easel. REPLACE — existing sheet is card-era art at the wrong caliber.",P3,REPLACE
lanes_painter_fill,widget_lanes_painter_fill.png,lanes,painter,REVEAL,progressive-fill,1024x576,single layer,"Standardised lanes ink band: full width, y 390-570, the only ink on the canvas. Needs the lanes _fill hookup.","A row of finished small canvases leaning against the wall along the floor, painted only into the bottom strip, full width y 390-570, with everything above transparent, running from one small canvas leaning at the base through four leaning canvases to a full row with a gold-framed one in the centre at the top of the band.",P3,NEW
lanes_painter_success,widget_lanes_painter_success.png,lanes,painter,REVEAL,success-overlay,1024x576,single layer,"Full-panel held celebration, pixel-registered to the backdrop.",The big framed sunrise hung on the gallery wall under a picture light with the dust cloth pooled on the floor and the palette and brushes at rest.,P3,NEW
lanes_astronaut_backdrop,widget_lanes_astronaut.png,lanes,astronaut,PIPES,backdrop,1024x576,single layer,"Each vertical third must read as its own full-height bay; pipe pieces centred at x 171 / 512 / 853, at least 260px tall. The gap in the wall is the painted prompt. Full-bleed opaque, no card. Bottom strip y 390-570 kept clear for _fill.","The engine room pipe wall with a great brass-and-glass pipe run climbing the back wall and one obvious gap dead centre-top — a missing segment whose two open flanges are bolted and waiting, a wisp of steam escaping and a coral shell-lamp blinking beside it — and below, on a workbench running across the frame, three candidate pieces one per vertical third: a straight length, a 90-degree elbow and a ring coupler, each a real object with brass flanges, rivets and a glass window showing aqua fuel, a wrench lying beside them, bubbles drifting upward and the purple bubble-city visible through a porthole at the right.",P3,REPLACE
lanes_astronaut_lit,widget_lanes_astronaut_lit.png,lanes,astronaut,PIPES,state-swap,768x256,cell 0 = straight pipe fitted / cell 1 = elbow pipe fitted / cell 2 = ring coupler fitted,"768x256 three-cell sheet, left to right = lane 0, 1, 2; assumes the ~320px draw size and ~0.6s hold engine change.","Three 256px cells showing each piece fitted into the gap — flanges clamped, aqua fuel surging through its glass window, a ring of light and three bubbles — cell 0 the straight length fitted, cell 1 the elbow fitted, cell 2 the ring coupler fitted. REPLACE — existing sheet is card-era art at the wrong caliber.",P3,REPLACE
lanes_astronaut_fill,widget_lanes_astronaut_fill.png,lanes,astronaut,PIPES,progressive-fill,1024x576,single layer,"Standardised lanes ink band: full width, y 390-570, the only ink on the canvas; lamps at the base and bubbles above so the reveal stacks truthfully. Needs the lanes _fill hookup.","The pressure lamp bank along the bench front lighting up with a rising bubble stream above it, painted only into the bottom strip, full width y 390-570, with everything above transparent, running from one lamp and a few bubbles at the base through half the bank with steady bubbles to the whole bank aqua-bright with bubbles streaming at the top.",P3,NEW
lanes_astronaut_success,widget_lanes_astronaut_success.png,lanes,astronaut,PIPES,success-overlay,1024x576,single layer,"Full-panel held celebration, pixel-registered to the backdrop.",The pipe run complete and glowing end to end with fuel racing through every glass window and the rocket lit and ready beyond the porthole.,P3,NEW
lanes_popstar_backdrop,widget_lanes_popstar.png,lanes,popstar,DANCE,backdrop,1024x576,single layer,"Each vertical third must read as its own full-height bay; pads centred at x 171 / 512 / 853, at least 260px tall. The stage monitor is the painted prompt. Full-bleed opaque, no card. Bottom strip y 390-570 kept clear for _fill.","The concert catwalk from above and in front with three big illuminated dance pads filling the frame one per vertical third — thick pearl-rimmed plates with a coloured arrow inlaid under glass, left arrow, up arrow and right arrow, chunky and rounded, each with a soft under-glow and a scuff of stage dust — around them the catwalk deck with cable runs taped down and a coiled mic cable, the glow-stick rail below, the rainbow backdrop and two speaker stacks behind, a truss of par-cans throwing coloured beams through haze above, and at the top of the frame a stage monitor displaying the arrow to copy, big and bright.",P3,REPLACE
lanes_popstar_lit,widget_lanes_popstar_lit.png,lanes,popstar,DANCE,state-swap,768x256,cell 0 = left-arrow pad stomped / cell 1 = up-arrow pad stomped / cell 2 = right-arrow pad stomped,"768x256 three-cell sheet, left to right = lane 0, 1, 2; assumes the ~320px draw size and ~0.6s hold engine change.","Three 256px cells showing each pad stomped — the glass blazing, a shockwave ring of light spreading across the deck, four notes and two hearts popping out and dust jumping — cell 0 the left-arrow pad, cell 1 the up-arrow pad, cell 2 the right-arrow pad. REPLACE — existing sheet is card-era art at the wrong caliber.",P3,REPLACE
lanes_popstar_fill,widget_lanes_popstar_fill.png,lanes,popstar,DANCE,progressive-fill,1024x576,single layer,"Standardised lanes ink band: full width, y 390-570, the only ink on the canvas; glow-sticks low, confetti high, so the reveal stacks truthfully. Needs the lanes _fill hookup.","The glow-stick rail rising — a field of glow-sticks lifting into the air with confetti beginning above them — painted only into the bottom strip, full width y 390-570, with everything above transparent, running from a handful of glow-sticks up at the base through half the rail up with confetti starting to every glow-stick up with thick confetti and beams crossing at the top.",P3,NEW
lanes_popstar_success,widget_lanes_popstar_success.png,lanes,popstar,DANCE,success-overlay,1024x576,single layer,"Full-panel held celebration, pixel-registered to the backdrop.","Roshan mid-pose on the centre pad with all three pads blazing, confetti falling and the crowd's lights a solid field.",P3,NEW
charge_ballerina_backdrop,widget_charge_ballerina.png,charge,ballerina,WATCH,backdrop,1024x576,single layer,"The thing that charges must sit at the EXACT centre of the canvas — _glow is drawn centred and scales 108 to 234px around it. Full-bleed opaque, no card or border. Paint it unlit so the _full reveal reads as a change.","The stage seen from the wings — we are watching, not dancing — with the prima teacher dead centre in a beam coming down from the top of the frame, a coral-tailed dancer in a pearl tutu with arms in fifth and one foot pointed and ribbons floating, standing on the floor's shell rosette, mirror panels behind her reflecting her three times over, a barre with pointe shoes hanging by their ribbons, coral and teal wing curtains, dust motes drifting in the beam, and along the bottom the front edge of the stage with the orchestra's brass bells and an open music box — everything in this layer deliberately DIM, the beam faint, the mirrors dull, the curtains in shadow, because the _full layer supplies all the light.",P3,REPLACE
charge_ballerina_glow,widget_charge_ballerina_glow.png,charge,ballerina,WATCH,shared-fx,256x256,single layer,"Drawn centred and scaled 108 to 234px as widget_fill grows — alpha must feather to zero at the edge so no boundary is visible at any scale, and the composition must be radially symmetric enough to read at both extremes. RGBA, ~8px alpha padding, no background box.","A soft cream-and-rose radiance built from concentric petal-shaped light blades around a lens bloom with a few floating petals, alpha-feathered to nothing at the outer edge so it grows around the dancer as attention builds.",P3,REPLACE
charge_ballerina_full,widget_charge_ballerina_full.png,charge,ballerina,WATCH,progressive-fill,1024x576,single layer,"Revealed bottom-up across its ink band, so the stated strip must be the ONLY ink; the reveal reads as the light pool forming on the floor first, then the column climbing to its source. Every horizontal slice must be a truthful partial beam.","The full spotlight beam painted as a vertical bottom-stackable strip occupying only x 300-740 / y 40-560 with every other pixel fully transparent, starting at the base with the floor rosette blazing inside a pool of warm light, building through the middle into a column of light with dust motes and petals suspended in it and the tutu catching edge light, and reaching its source in the flies at the top with the mirrors ablaze with reflections and petals falling through. REPLACE — the current file is a single mint rounded rectangle 50px wide pinned to the right edge and nothing else is on the canvas.",P3,REPLACE
charge_ballerina_success,widget_charge_ballerina_success.png,charge,ballerina,WATCH,success-overlay,1024x576,single layer,"Full-panel held celebration, pixel-registered to the backdrop.","The teacher in a held penche inside a complete spotlight with petals raining through the beam, and the three mirror panels doing it too so it reads as a wall of dancers.",P3,NEW
charge_farmer_backdrop,widget_charge_farmer.png,charge,farmer,MUD HOP,backdrop,1024x576,single layer,"The piglet must sit at the EXACT centre of the canvas — _glow is drawn centred and scales 108 to 234px around it. Full-bleed opaque, no card or border.","A great mud puddle filling the lower two-thirds of the frame in glossy chocolate-brown, reflecting the sky and the barn upside down with ripple rings and a few floating straws, and standing dead centre at its rim a piglet mid-crouch, coiled and grinning with its back legs bunched, tail wound into a spring, shadow pooled tight beneath it and three mud freckles already on its snout, surrounded by churned earth and boot prints, clover, a dropped welly on its side, a fence post with a coil of rope, the red barn and sunflowers behind and a washing line with two aprons flapping.",P3,REPLACE
charge_farmer_glow,widget_charge_farmer_glow.png,charge,farmer,MUD HOP,shared-fx,256x256,single layer,"Drawn centred, scales 108 to 234px with fill — alpha must feather to zero so no boundary shows at any scale. RGBA, ~8px alpha padding, no background box.","A mud-splat charge: a ring of brown droplets and motion arcs laid over a warm gold anticipation halo, alpha-feathered to nothing at the edge.",P3,REPLACE
charge_farmer_full,widget_charge_farmer_full.png,charge,farmer,MUD HOP,progressive-fill,1024x576,single layer,"Revealed bottom-up across its ink band, so the stated strip must be the ONLY ink; every horizontal slice must read as a plausible partial splash.","The splash crown rising out of the puddle, painted as a bottom-stackable strip occupying only x 130-900 / y 200-560 with everything else fully transparent, beginning with a low ripple ring and two droplets at the base, building through a rising knee-high mud rim with droplets in the air, and finishing as a full crown of mud taller than the piglet with droplets arcing off it and a thin rainbow caught in the spray at the top. REPLACE — the current file is a single mint rounded rectangle pinned to the right edge.",P3,REPLACE
charge_farmer_success,widget_charge_farmer_success.png,charge,farmer,MUD HOP,success-overlay,1024x576,single layer,"Full-panel held celebration, pixel-registered to the backdrop.","The piglet at the apex of a magnificent muddy splash with all four trotters out, freckled head to tail, and three other piglets cheering from the fence rail.",P3,NEW
charge_magician_backdrop,widget_charge_magician.png,charge,magician,VANISH,backdrop,1024x576,single layer,"Hat and bunny must sit at the EXACT centre of the canvas — _glow is drawn centred and scales 108 to 234px around them. Full-bleed opaque, no card. Keep the sparkle language matched to goal_magician.png.","Centre stage on a star-velvet trick table sits a single top hat with its brim toward us and its mouth open like a dark well, and hovering just above it the cloud-fluffy bunny-fish with ears up, about to disappear — hat and bunny occupying the exact centre — surrounded by plum wing curtains with gold tassels, a pearl wand lying on the table, a bell jar with one bubble in it, a rolling mirror panel and a lacquer floor throwing a soft double of everything, with sparkle motes and small purple stars drifting, sparse and dim to start.",P3,REPLACE
charge_magician_glow,widget_charge_magician_glow.png,charge,magician,VANISH,shared-fx,256x256,single layer,"Drawn centred, scales 108 to 234px with fill — alpha must feather to zero so no boundary shows at any scale. RGBA, ~8px alpha padding, no background box.","A violet conjuring aura: a many-pointed star-flare with a soft pearl core and a ring of tiny four-point sparkles, alpha-feathered to nothing at the outer edge.",P3,REPLACE
charge_magician_full,widget_charge_magician_full.png,charge,magician,VANISH,progressive-fill,1024x576,single layer,"Revealed bottom-up across its ink band, so the stated strip must be the ONLY ink; every horizontal slice must read as a plausible partial vanish.","The vanishing column painted as a bottom-stackable strip occupying only x 260-780 / y 30-560 with everything else fully transparent, thick swirling star-shot smoke at the base with a ring of light where it meets the hat brim, the vortex wrapping upward past the bunny whose edges go translucent as pearls orbit it, and thinning into a spray of stars and floating pearls at the top of frame with the bunny almost pure light. REPLACE — the current file is a single mint rounded rectangle pinned to the right edge.",P3,REPLACE
charge_magician_success,widget_charge_magician_success.png,charge,magician,VANISH,success-overlay,1024x576,single layer,"Full-panel held celebration, pixel-registered to the backdrop; bunny-fish matched to goal_magician.png.","The hat alone on the table with one last star settling into it and a single pearl spinning on the brim, and the bunny-fish popping up from behind the curtain, delighted, in a TA-DA starburst.",P3,NEW
charge_astronaut_backdrop,widget_charge_astronaut.png,charge,astronaut,LAUNCH,backdrop,1024x576,single layer,"The rocket must sit at the EXACT centre of the canvas — _glow is drawn centred and scales 108 to 234px around it. Full-bleed opaque, no card. Paint the hull cold and frosted so the _full fire reads as a change.","The launch pad from ground level, low and heroic, with the bubble-rocket dead centre on its pad — cream hull, coral fins, brass bands, a pearl-ringed porthole with a small helmeted face at it and the engine bell aimed down at us, dark and cold with frost on the lower hull — surrounded by the gantry with a walkway and a ladder, coiled fuel hoses running to the pad, a bank of shell-lamps, drifting bubbles, the purple bubble-city and moons on the horizon, and two crew fish in helmets waving from the gantry rail.",P3,REPLACE
charge_astronaut_glow,widget_charge_astronaut_glow.png,charge,astronaut,LAUNCH,shared-fx,256x256,single layer,"Drawn centred, scales 108 to 234px with fill — alpha must feather to zero so no boundary shows at any scale. RGBA, ~8px alpha padding, no background box.","An ignition bloom: a hot white core with an aqua corona, six radiating light spikes and a spray of bubbles, alpha-feathered to nothing at the edge.",P3,REPLACE
charge_astronaut_full,widget_charge_astronaut_full.png,charge,astronaut,LAUNCH,progressive-fill,1024x576,single layer,"Revealed bottom-up across its ink band, so the stated strip must be the ONLY ink; every horizontal slice must read as a plausible partial ignition.","The fire climbing the rocket painted as a bottom-stackable strip occupying only x 330-700 / y 120-560 with everything else fully transparent, a boiling cushion of aqua fire and bubble-smoke on the blast deflector at the base, the fire climbing and wrapping the fins in glow with the hoses whipping through the middle, and the hull lit from below at the top with the porthole blazing and the frost burning off. REPLACE — the current file is a single mint rounded rectangle pinned to the right edge.",P3,REPLACE
charge_astronaut_success,widget_charge_astronaut_success.png,charge,astronaut,LAUNCH,success-overlay,1024x576,single layer,"Full-panel held celebration, pixel-registered to the backdrop.","The rocket clear of the pad on a pillar of aqua fire and bubbles with the gantry falling away, the crew fish cheering and the moons behind it.",P3,NEW
charge_popstar_backdrop,widget_charge_popstar.png,charge,popstar,SOUND CHECK,backdrop,1024x576,single layer,"The microphone must sit at the EXACT centre of the canvas — _glow is drawn centred and scales 108 to 234px around it. Full-bleed opaque, no card. Paint the venue cold and unlit so the _full wake-up reads as a change.","The empty hall seen from the stage with a big chrome-and-pearl microphone on a stand dead centre and close, head-on, its shell-shaped grille catching a hot rim of light and its cable coiling down to the deck, and behind it in cool blue half-light the venue — two speaker stacks flanking, a truss of unlit par-cans, the rainbow backdrop dull grey-violet, rows of empty seats, the glow-stick rail dark — with a stool at the left holding a shell tambourine and a water bottle and dust hanging in the air.",P3,REPLACE
charge_popstar_glow,widget_charge_popstar_glow.png,charge,popstar,SOUND CHECK,shared-fx,256x256,single layer,"Drawn centred, scales 108 to 234px with fill — alpha must feather to zero so no boundary shows at any scale. RGBA, ~8px alpha padding, no background box.","A rose-gold sound bloom: nested ripple rings around a pearl core with a scatter of musical shell-notes, alpha-feathered to nothing at the edge.",P3,REPLACE
charge_popstar_full,widget_charge_popstar_full.png,charge,popstar,SOUND CHECK,progressive-fill,1024x576,single layer,"Revealed bottom-up across its ink band — this is the widest band in the set, so it must be authored as a genuine crowd-filling-from-the-front-rows-back stack where every horizontal slice is a truthful partly-woken hall.","The hall waking, painted as a bottom-stackable strip occupying only x 60-980 / y 60-560 with everything else fully transparent, at the base the glow-stick rail lighting along the floor and the front rows filling with silhouetted fans, through the middle the speaker cones pulsing with visible ripple rings and confetti cannons priming, and at the top the par-can truss igniting and the rainbow backdrop blazing with beams and haze. REPLACE — the current file is a single mint rounded rectangle pinned to the right edge.",P3,REPLACE
charge_popstar_success,widget_charge_popstar_success.png,charge,popstar,SOUND CHECK,success-overlay,1024x576,single layer,"Full-panel held celebration, pixel-registered to the backdrop.","Roshan at the mic with her mouth open on a big note, the hall a wall of light and raised glow-sticks, confetti falling and notes streaming out of the speaker stacks.",P3,NEW
catch_nursery_backdrop,widget_catch_nursery.png,catch,nursery,CATCH BABIES,backdrop,1024x576,single layer,"Stretched to the panel. The pillow bank occupies Rect2(0, 0.78h, w, 0.22h) so the room's floor edge must be composed to accept the _pillows band there; babies fall from the top at up to 86px, caught babies settle at 0.89h beside the cradle and missed babies rest on the pillows at 0.82h — keep those zones free of busy detail. Give the mobile a hanger point suitable for a cheap plus-or-minus 3 degree sway tween. Keep x 30-250 / y 120-500 composed to accept the _fill cradle shelf.","The nursery at bedtime painted as a tall warm room: across the top a wide ceiling mobile — a carved wooden hoop hung on ribbons with felt fish, a moon and three little stars turning beneath it — so the babies have a real place to fall from; walls papered in a soft shell-and-star pattern; a high window at the right showing deep blue evening and one big moon throwing a warm shaft across the room; on the left wall a tall painted dresser with a stack of folded muslins, a bottle warmer with a glowing element, three tiny bonnets on pegs, a shelf of picture books and a wind-up music box; at the right a rocking chair with a knitted blanket over the arm and a basket of soft toys holding a plush octopus, a rag seahorse and a knitted crab; the floor a big round rag rug in coral and cream; everything lamplit, warm-pooled, long-shadowed and unmistakably safe — padded, rounded, nothing sharp anywhere. REPLACE — the existing 1024x608 file is an empty white card with three yellow dots on two grey strings.",P3,REPLACE
catch_nursery_cradle,widget_catch_nursery_cradle.png,catch,nursery,CATCH BABIES,held-mover,256x256,single layer,"Drawn ~116px wide with its rect top at catch_point.y minus 1.55r, so the cradle BOWL must sit in the lower ~65% of the cell with the hands reaching to the top corners; follows the finger. RGBA, ~8px alpha padding, no background box.","Roshan's arms and carry-blanket: two forearms in coral sleeves curving up into a broad open cradle with a cream muslin slung between them like a hammock and pinned with a shell brooch, hands open at the ends, and a gentle blue-white safe-glow beneath so the catch zone reads against the coral rag rug. REPLACE — the existing sprite is card-era art that does not respect the bowl-in-lower-65% geometry.",P3,REPLACE
catch_nursery_pillows,widget_catch_nursery_pillows.png,catch,nursery,CATCH BABIES,backdrop,1024x128,single layer,"Drawn into Rect2(0, 0.78h, w, 0.22h). Alpha must feather into the room at the top edge so the band never reads as a pasted strip. Note the canvas changes from the current 1024x160 to 1024x128.","A proper heaped bank of pillows filling the floor edge of the room — fat cotton pillows with piping and buttons, a folded quilt, two rolled bolsters, a knitted blanket spilling over, tassels and a scatter of soft felt stars — painted with real fabric weight, folds and contact shadow. REPLACE — the existing 1024x160 file is five flat purple ellipses with a 3px outline.",P3,REPLACE
catch_nursery_fill,widget_catch_nursery_fill.png,catch,nursery,CATCH BABIES,progressive-fill,1024x576,single layer,Ink band = the stated strip only; each shelf course must be a whole stackable row. Requires one _draw_progress_overlay() call added to opera_nursery_catch.gd:_draw() — this template has no fill hookup today.,"The cradle shelf on the left wall filling bottom-up, painted as a vertical strip occupying only x 30-250 / y 120-500 with everything else fully transparent, running from one baby asleep in a moses basket with a tucked blanket on the bottom shelf, through three filled baskets with the shelf half lit and two stars hung, to five baskets each with its own small star hanging above it and the whole shelf glowing warm at the top.",P3,NEW
catch_nursery_success,widget_catch_nursery_success.png,catch,nursery,CATCH BABIES,success-overlay,1024x576,single layer,"Full-panel held celebration, pixel-registered to the backdrop.","All five babies asleep in a row of moses baskets on the shelf with blankets tucked, the mobile turning above, the moon in the window, one bubble drifting, and Roshan's arms empty and folded, resting.",P3,NEW
catch_nursery_babies,widget_catch_nursery_babies.png,catch,nursery,CATCH BABIES,state-swap,768x256,cell 0 = giggling baby / cell 1 = bubble-blowing baby / cell 2 = baby clutching knitted crab,"Optional upgrade replacing the existing separate nursery/baby_0..2.png sprites; babies fall at up to 86px so each cell must read at small scale. RGBA, ~8px alpha padding, no background box.","Three 256px cells of babies painted to read as falling and delighted — arms up, one giggling, one blowing a bubble, one clutching a knitted crab — each with a small muslin fluttering above it like a parachute and a trail of two soft bubbles behind.",P4,NEW
