id,path,career,role,usage,draft_source_score,review,refinement,sha256
D2A-0054,assets/opera/rivals/opera_rival_racer_portrait.png,racer,rivals,current family / verify phase binding,1.9,"The racer portrait visibly uses faceted model-like shapes, muted lighting and weak outlines, unlike the painted imp family.",Prefer an existing 2D racer-imp cutout if this portrait is still visible; verify its route before any replacement commission.,28754c4bb0f219c253e19a202e79d962375bb0660131622a6fc1d436d791a7dc
D2A-0394,assets/opera/worlds/props/fx_bop_puff.png,shared,props,current family / verify phase binding,2.5,"Thin vertical remnants appear beside the bop puff, creating unrelated marks outside the intended effect.",Inspect alpha at native size; derive a cleaned effect at a new path if the live route uses it.,4e64dfa88aa9a6105a61cdac0f978d207eb581b822ce854ac806a88e2a1c4e5c
D2A-0605,assets/opera/worlds/widgets/widget_track_ballerina_mover.png,ballerina,widgets,current family / verify phase binding,2.7,The ballet flower disc has a stray horizontal mark and neighboring edge residue.,Verify the exact draw route: loaded does not mean displayed. Prefer existing isolated role art and truthful local material change; clean remnants or opaque backing in a separate derivative only if the live route needs it.,f8647bb2d56346db2ec9b187b29df45155310cef692e5a43f16a312bdf72f4a8
D2A-0259,assets/opera/worlds/actors/roshan_boxer.png,boxer,actors,fallback / reference,2.8,"The static boxer Roshan card preserves the costume and warm child face; it is a reference/fallback distinct from the active atlas. The body/tail ends at the lower image edge, so it is not a complete mermaid cutout.",Prefer the existing full-tail approved family. Verify actual fallback/driver use before changing or retiring this file.,6e8bed8acab5232e86f317deeb728133a4292f4de495febfaa894872ef66d462
D2A-0260,assets/opera/worlds/actors/roshan_candymaker.png,candymaker,actors,fallback / reference,2.8,"The static candymaker Roshan card preserves the costume and warm child face; it is a reference/fallback distinct from the active atlas. The body/tail ends at the lower image edge, so it is not a complete mermaid cutout.",Prefer the existing full-tail approved family. Verify actual fallback/driver use before changing or retiring this file.,6c933ee8695e12ec2156615025f135d3c778ddd281b526c07c991f2b829b4ce5
D2A-0261,assets/opera/worlds/actors/roshan_chef.png,chef,actors,fallback / reference,2.8,"The static chef Roshan card preserves the costume and warm child face; it is a reference/fallback distinct from the active atlas. The body/tail ends at the lower image edge, so it is not a complete mermaid cutout.",Prefer the existing full-tail approved family. Verify actual fallback/driver use before changing or retiring this file.,0c1ffb572e618201bf6df091089c43c810184746d70a9a92b3c8ef5e56de0405
D2A-0611,assets/opera/worlds/widgets/widget_track_detective_mover.png,detective,widgets,current family / verify phase binding,2.8,The spotlight sits on an opaque navy rectangle.,Verify the exact draw route: loaded does not mean displayed. Prefer existing isolated role art and truthful local material change; clean remnants or opaque backing in a separate derivative only if the live route needs it.,ed0868e052fdae232fd02d5be55a9fa1082232b6286d4e75158f1fedf5e13205
D2A-0441,assets/opera/worlds/widgets/widget_basin_doctor_bubbles.png,doctor,widgets,current family / verify phase binding,3.0,Concentric white arcs read as a progress diagram rather than soap bubbles.,Verify the exact draw route: loaded does not mean displayed. Prefer existing isolated role art and truthful local material change; clean remnants or opaque backing in a separate derivative only if the live route needs it.,451e8a6f353351c2e55f33c7c5a0422f4ca728fb28b5180b16c48a7c2ecc9508
D2A-0443,assets/opera/worlds/widgets/widget_basin_nursery_bubbles.png,nursery,widgets,current family / verify phase binding,3.0,The peach concentric arcs are schematic and carry little material texture.,Verify the exact draw route: loaded does not mean displayed. Prefer existing isolated role art and truthful local material change; clean remnants or opaque backing in a separate derivative only if the live route needs it.,4973339acfb923df1748e8a2f5dc945985c8ddc8986838268ab9ebfd84e34cd2
D2A-0486,assets/opera/worlds/widgets/widget_crank_painter_mover.png,painter,widgets,current family / verify phase binding,3.0,The brush is painted on an opaque navy rectangle rather than a transparent tool cutout.,Verify the exact draw route: loaded does not mean displayed. Prefer existing isolated role art and truthful local material change; clean remnants or opaque backing in a separate derivative only if the live route needs it.,f453b73cafbbb9bdc46f7ec2394ca2a89d944e1d458c73b8303e1eeb85e361c5
D2A-0609,assets/opera/worlds/widgets/widget_track_candymaker_mover.png,candymaker,widgets,current family / verify phase binding,3.0,The candy cart sits on an opaque navy plate.,Verify the exact draw route: loaded does not mean displayed. Prefer existing isolated role art and truthful local material change; clean remnants or opaque backing in a separate derivative only if the live route needs it.,f206c7e2c4a42ee4ce1be83e696ab55c68db4f16de1470dc4115ab1f491202e4
D2A-0446,assets/opera/worlds/widgets/widget_catch_nursery_cradle.png,nursery,widgets,current family / verify phase binding,3.1,The cradle is a flat U-shaped diagram with little painted toy finish.,Verify the exact draw route: loaded does not mean displayed. Prefer existing isolated role art and truthful local material change; clean remnants or opaque backing in a separate derivative only if the live route needs it.,9cacbc76cb577051150379a369add2576f5dc50b617d601f5b83bbe4ac0f068e
D2A-0449,assets/opera/worlds/widgets/widget_charge_astronaut_full.png,astronaut,widgets,current family / verify phase binding,3.1,The broad flat fill/ring/mark is legible as progress but does not itself show the material or real world object changing.,Verify the exact draw route: loaded does not mean displayed. Prefer existing isolated role art and truthful local material change; clean remnants or opaque backing in a separate derivative only if the live route needs it.,9bd4621c77250c6d23d67eba5502b96063edb93b4f0da60cf49963a18ba7ff77
D2A-0450,assets/opera/worlds/widgets/widget_charge_astronaut_glow.png,astronaut,widgets,current family / verify phase binding,3.1,The broad flat fill/ring/mark is legible as progress but does not itself show the material or real world object changing.,Verify the exact draw route: loaded does not mean displayed. Prefer existing isolated role art and truthful local material change; clean remnants or opaque backing in a separate derivative only if the live route needs it.,85cb78ee6fe181d85f55908d4f882b5bb60d54e698df86fbf3c7c730e0014bde
D2A-0452,assets/opera/worlds/widgets/widget_charge_ballerina_full.png,ballerina,widgets,current family / verify phase binding,3.1,The broad flat fill/ring/mark is legible as progress but does not itself show the material or real world object changing.,Verify the exact draw route: loaded does not mean displayed. Prefer existing isolated role art and truthful local material change; clean remnants or opaque backing in a separate derivative only if the live route needs it.,f403de5b062f955f00976570366ce2e0b91df6395f4e5beb2bef17d76753504e
D2A-0453,assets/opera/worlds/widgets/widget_charge_ballerina_glow.png,ballerina,widgets,current family / verify phase binding,3.1,The broad flat fill/ring/mark is legible as progress but does not itself show the material or real world object changing.,Verify the exact draw route: loaded does not mean displayed. Prefer existing isolated role art and truthful local material change; clean remnants or opaque backing in a separate derivative only if the live route needs it.,7a206365725676f5b6f1a5106a6b9f885bef3a88454fb3284c3bb4867ed3454c
D2A-0455,assets/opera/worlds/widgets/widget_charge_farmer_full.png,farmer,widgets,current family / verify phase binding,3.1,The broad flat fill/ring/mark is legible as progress but does not itself show the material or real world object changing.,Verify the exact draw route: loaded does not mean displayed. Prefer existing isolated role art and truthful local material change; clean remnants or opaque backing in a separate derivative only if the live route needs it.,59fdb1f53298c52ec79bbbdbd7d428f97756b223ab963cc56fc7f6212c6d4d48
D2A-0456,assets/opera/worlds/widgets/widget_charge_farmer_glow.png,farmer,widgets,current family / verify phase binding,3.1,The broad flat fill/ring/mark is legible as progress but does not itself show the material or real world object changing.,Verify the exact draw route: loaded does not mean displayed. Prefer existing isolated role art and truthful local material change; clean remnants or opaque backing in a separate derivative only if the live route needs it.,2c3612cb474ffbdec6124ca4ab0ce68263b42b6f2f651d82ff0adb96e99ac33d
D2A-0458,assets/opera/worlds/widgets/widget_charge_magician_full.png,magician,widgets,current family / verify phase binding,3.1,The broad flat fill/ring/mark is legible as progress but does not itself show the material or real world object changing.,Verify the exact draw route: loaded does not mean displayed. Prefer existing isolated role art and truthful local material change; clean remnants or opaque backing in a separate derivative only if the live route needs it.,47f87bac5ae31dd9b91278741b2360e23e38d87be2c203b3ea0fced5af41268e
D2A-0459,assets/opera/worlds/widgets/widget_charge_magician_glow.png,magician,widgets,current family / verify phase binding,3.1,The broad flat fill/ring/mark is legible as progress but does not itself show the material or real world object changing.,Verify the exact draw route: loaded does not mean displayed. Prefer existing isolated role art and truthful local material change; clean remnants or opaque backing in a separate derivative only if the live route needs it.,d2142426b33a30cf1e6cb0ce1ef929437f5f2c3cb466c39e5e699f94f9e4a8b3
D2A-0461,assets/opera/worlds/widgets/widget_charge_popstar_full.png,popstar,widgets,current family / verify phase binding,3.1,The broad flat fill/ring/mark is legible as progress but does not itself show the material or real world object changing.,Verify the exact draw route: loaded does not mean displayed. Prefer existing isolated role art and truthful local material change; clean remnants or opaque backing in a separate derivative only if the live route needs it.,9e5086d90ca84e3c19751e4ae0285407df26c5658792fa4aec88ec127d14a2c8
D2A-0462,assets/opera/worlds/widgets/widget_charge_popstar_glow.png,popstar,widgets,current family / verify phase binding,3.1,The broad flat fill/ring/mark is legible as progress but does not itself show the material or real world object changing.,Verify the exact draw route: loaded does not mean displayed. Prefer existing isolated role art and truthful local material change; clean remnants or opaque backing in a separate derivative only if the live route needs it.,539ceba14292aa9dca90bf35a205b53873d9769a41ebead02fddcf141abb8ddd
D2A-0468,assets/opera/worlds/widgets/widget_crank_astronaut_progress.png,astronaut,widgets,current family / verify phase binding,3.1,The flat cyan ring is schematic progress rather than a visible turned valve.,Verify the exact draw route: loaded does not mean displayed. Prefer existing isolated role art and truthful local material change; clean remnants or opaque backing in a separate derivative only if the live route needs it.,fa8304b9f3115e22ffe3689f6cfb6505374b613c4ac6c58453369f25624fd70f
D2A-0471,assets/opera/worlds/widgets/widget_crank_ballerina_progress.png,ballerina,widgets,current family / verify phase binding,3.1,The broad flat fill/ring/mark is legible as progress but does not itself show the material or real world object changing.,Verify the exact draw route: loaded does not mean displayed. Prefer existing isolated role art and truthful local material change; clean remnants or opaque backing in a separate derivative only if the live route needs it.,565ea6ea262a177428242d4652077224aef6307b1e8756f9597981a9b00d4c0e
D2A-0474,assets/opera/worlds/widgets/widget_crank_candymaker_progress.png,candymaker,widgets,current family / verify phase binding,3.1,The broad flat fill/ring/mark is legible as progress but does not itself show the material or real world object changing.,Verify the exact draw route: loaded does not mean displayed. Prefer existing isolated role art and truthful local material change; clean remnants or opaque backing in a separate derivative only if the live route needs it.,abf4e89876709e9093157eab4fdaadc30713f475deabb409d9d6958a5d3480f1
D2A-0477,assets/opera/worlds/widgets/widget_crank_chef_progress.png,chef,widgets,current family / verify phase binding,3.1,The broad flat fill/ring/mark is legible as progress but does not itself show the material or real world object changing.,Verify the exact draw route: loaded does not mean displayed. Prefer existing isolated role art and truthful local material change; clean remnants or opaque backing in a separate derivative only if the live route needs it.,fb9ca374f780a950c5756c43031a08eb8eafbaffe33962925d5afdecf04bb165
D2A-0481,assets/opera/worlds/widgets/widget_crank_doctor_progress.png,doctor,widgets,current family / verify phase binding,3.1,The broad flat fill/ring/mark is legible as progress but does not itself show the material or real world object changing.,Verify the exact draw route: loaded does not mean displayed. Prefer existing isolated role art and truthful local material change; clean remnants or opaque backing in a separate derivative only if the live route needs it.,451e8a6f353351c2e55f33c7c5a0422f4ca728fb28b5180b16c48a7c2ecc9508
D2A-0484,assets/opera/worlds/widgets/widget_crank_magician_progress.png,magician,widgets,current family / verify phase binding,3.1,The broad flat fill/ring/mark is legible as progress but does not itself show the material or real world object changing.,Verify the exact draw route: loaded does not mean displayed. Prefer existing isolated role art and truthful local material change; clean remnants or opaque backing in a separate derivative only if the live route needs it.,7ced84665da8bebe30a04bba8b90bb632a87d1e63bc53dc8da5cbe2022ecc6eb
D2A-0487,assets/opera/worlds/widgets/widget_crank_painter_progress.png,painter,widgets,current family / verify phase binding,3.1,The broad flat fill/ring/mark is legible as progress but does not itself show the material or real world object changing.,Verify the exact draw route: loaded does not mean displayed. Prefer existing isolated role art and truthful local material change; clean remnants or opaque backing in a separate derivative only if the live route needs it.,95c7fda8a47d79e6af32d409e69966f93b03b299fe5bcdae4cc0bd1b9d6fa819
D2A-0490,assets/opera/worlds/widgets/widget_crank_popstar_progress.png,popstar,widgets,current family / verify phase binding,3.1,The broad flat fill/ring/mark is legible as progress but does not itself show the material or real world object changing.,Verify the exact draw route: loaded does not mean displayed. Prefer existing isolated role art and truthful local material change; clean remnants or opaque backing in a separate derivative only if the live route needs it.,d477cec01492e99fb0eaa614048898f029e61799a9c3f92bbb178ea22baf5203
D2A-0494,assets/opera/worlds/widgets/widget_crank_racer_progress.png,racer,widgets,current family / verify phase binding,3.1,The broad flat fill/ring/mark is legible as progress but does not itself show the material or real world object changing.,Verify the exact draw route: loaded does not mean displayed. Prefer existing isolated role art and truthful local material change; clean remnants or opaque backing in a separate derivative only if the live route needs it.,ebf9f2125f2a3a9fffa7dbbee7e5fa9fd97e31d4ec03892b3c2a4bc2c3f5a8a4
D2A-0499,assets/opera/worlds/widgets/widget_gauge_astronaut_success.png,astronaut,widgets,current family / verify phase binding,3.1,The broad flat fill/ring/mark is legible as progress but does not itself show the material or real world object changing.,Verify the exact draw route: loaded does not mean displayed. Prefer existing isolated role art and truthful local material change; clean remnants or opaque backing in a separate derivative only if the live route needs it.,2178e76e261786342ef0d937003a7775c26e56205eedf4097ba282e6f16aa3e7
D2A-0503,assets/opera/worlds/widgets/widget_gauge_racer_success.png,racer,widgets,current family / verify phase binding,3.1,The broad flat fill/ring/mark is legible as progress but does not itself show the material or real world object changing.,Verify the exact draw route: loaded does not mean displayed. Prefer existing isolated role art and truthful local material change; clean remnants or opaque backing in a separate derivative only if the live route needs it.,2178e76e261786342ef0d937003a7775c26e56205eedf4097ba282e6f16aa3e7
D2A-0525,assets/opera/worlds/widgets/widget_lanes_shared_pick.png,shared,widgets,current family / verify phase binding,3.1,The flat glow is generic choice feedback with little storybook finish.,Verify the exact draw route: loaded does not mean displayed. Prefer existing isolated role art and truthful local material change; clean remnants or opaque backing in a separate derivative only if the live route needs it.,ee0b88988cf969806ac3a525d9c7eac39fa6698405c44d1e9d51420d73b110b6
D2A-0537,assets/opera/worlds/widgets/widget_pour_chef_fill.png,chef,widgets,current family / verify phase binding,3.1,The broad flat fill/ring/mark is legible as progress but does not itself show the material or real world object changing.,Verify the exact draw route: loaded does not mean displayed. Prefer existing isolated role art and truthful local material change; clean remnants or opaque backing in a separate derivative only if the live route needs it.,00ae85f90ae2e2398cd45d79fb190fb7f0fc33682a254f666ad2fa0368763922
D2A-0540,assets/opera/worlds/widgets/widget_pour_nursery_fill.png,nursery,widgets,current family / verify phase binding,3.1,The broad flat fill/ring/mark is legible as progress but does not itself show the material or real world object changing.,Verify the exact draw route: loaded does not mean displayed. Prefer existing isolated role art and truthful local material change; clean remnants or opaque backing in a separate derivative only if the live route needs it.,3432817f070911bc7e192f4059bd40b10fd7364e01085693fbe2e112d8d6711c
D2A-0543,assets/opera/worlds/widgets/widget_pour_painter_fill.png,painter,widgets,current family / verify phase binding,3.1,The broad flat fill/ring/mark is legible as progress but does not itself show the material or real world object changing.,Verify the exact draw route: loaded does not mean displayed. Prefer existing isolated role art and truthful local material change; clean remnants or opaque backing in a separate derivative only if the live route needs it.,00645a97a0923a875cba7603f2df0c8816a4cac0267baa84a8323fd43b78397d
D2A-0562,assets/opera/worlds/widgets/widget_target_boxer_mark.png,boxer,widgets,current family / verify phase binding,3.1,The broad flat fill/ring/mark is legible as progress but does not itself show the material or real world object changing.,Verify the exact draw route: loaded does not mean displayed. Prefer existing isolated role art and truthful local material change; clean remnants or opaque backing in a separate derivative only if the live route needs it.,e0930c590c190ec145f1da292b3f74a3c86b8b578f798db0fafc76341b92fecc
D2A-0564,assets/opera/worlds/widgets/widget_target_boxer_success.png,boxer,widgets,current family / verify phase binding,3.1,The broad flat fill/ring/mark is legible as progress but does not itself show the material or real world object changing.,Verify the exact draw route: loaded does not mean displayed. Prefer existing isolated role art and truthful local material change; clean remnants or opaque backing in a separate derivative only if the live route needs it.,b103ac34cc9c014c8890c5d70a0b6b8ce13973af24cf572dc2bc65dd4e713252
D2A-0578,assets/opera/worlds/widgets/widget_target_doctor_mark.png,doctor,widgets,current family / verify phase binding,3.1,The broad flat fill/ring/mark is legible as progress but does not itself show the material or real world object changing.,Verify the exact draw route: loaded does not mean displayed. Prefer existing isolated role art and truthful local material change; clean remnants or opaque backing in a separate derivative only if the live route needs it.,c1005fecff91b0b7634e00a2e61d4f49c015a370e38e45b5fbf336a361fb6081
D2A-0590,assets/opera/worlds/widgets/widget_target_racer_mark.png,racer,widgets,current family / verify phase binding,3.1,The broad flat fill/ring/mark is legible as progress but does not itself show the material or real world object changing.,Verify the exact draw route: loaded does not mean displayed. Prefer existing isolated role art and truthful local material change; clean remnants or opaque backing in a separate derivative only if the live route needs it.,23ee1cf497824aaa816f2a8e2d99a559ca0db5a9a7db21776cda0448939154dc
D2A-0593,assets/opera/worlds/widgets/widget_trace_ballerina_lit.png,ballerina,widgets,current family / verify phase binding,3.1,The zigzag/line overlay is a schematic trace with a sharper contour than the painted prop family.,Verify the exact draw route: loaded does not mean displayed. Prefer existing isolated role art and truthful local material change; clean remnants or opaque backing in a separate derivative only if the live route needs it.,bbe4169aba9bd477592b665b08833e245c8a5b38567c238d50576e0406c4f937
D2A-0595,assets/opera/worlds/widgets/widget_trace_chef_lit.png,chef,widgets,current family / verify phase binding,3.1,The zigzag/line overlay is a schematic trace with a sharper contour than the painted prop family.,Verify the exact draw route: loaded does not mean displayed. Prefer existing isolated role art and truthful local material change; clean remnants or opaque backing in a separate derivative only if the live route needs it.,0b4ec644dd3b759da01f2bf51ed0139dff78ebc3e67b0b246832c5d1b06b0683
D2A-0597,assets/opera/worlds/widgets/widget_trace_detective_lit.png,detective,widgets,current family / verify phase binding,3.1,The zigzag/line overlay is a schematic trace with a sharper contour than the painted prop family.,Verify the exact draw route: loaded does not mean displayed. Prefer existing isolated role art and truthful local material change; clean remnants or opaque backing in a separate derivative only if the live route needs it.,43df538dd1ae86eb8b33568eb63c1caaeb328f43607e5715ab997f3720f80e20
D2A-0599,assets/opera/worlds/widgets/widget_trace_doctor_lit.png,doctor,widgets,current family / verify phase binding,3.1,The zigzag/line overlay is a schematic trace with a sharper contour than the painted prop family.,Verify the exact draw route: loaded does not mean displayed. Prefer existing isolated role art and truthful local material change; clean remnants or opaque backing in a separate derivative only if the live route needs it.,6f3ac373c3cd0129fe353820aaa56b29c34bef9176c69afa85f394eeb100a0b2
D2A-0601,assets/opera/worlds/widgets/widget_trace_magician_lit.png,magician,widgets,current family / verify phase binding,3.1,The zigzag/line overlay is a schematic trace with a sharper contour than the painted prop family.,Verify the exact draw route: loaded does not mean displayed. Prefer existing isolated role art and truthful local material change; clean remnants or opaque backing in a separate derivative only if the live route needs it.,a5000ca05141bfe92e911699c8a18f265fd9180427bd582c03b109f965639991
D2A-0603,assets/opera/worlds/widgets/widget_trace_painter_lit.png,painter,widgets,current family / verify phase binding,3.1,The zigzag/line overlay is a schematic trace with a sharper contour than the painted prop family.,Verify the exact draw route: loaded does not mean displayed. Prefer existing isolated role art and truthful local material change; clean remnants or opaque backing in a separate derivative only if the live route needs it.,aca76c1d8120c4d7958ca25ce1acff05e9f6ec113c903819bb4f7ee71e96fe8c
D2A-0620,assets/opera/worlds/widgets/widget_track_shared_hit.png,shared,widgets,current family / verify phase binding,3.1,The navy glow is a generic diagram-like overlay.,Verify the exact draw route: loaded does not mean displayed. Prefer existing isolated role art and truthful local material change; clean remnants or opaque backing in a separate derivative only if the live route needs it.,ee0b88988cf969806ac3a525d9c7eac39fa6698405c44d1e9d51420d73b110b6
D2A-0440,assets/opera/worlds/widgets/widget_basin_doctor.png,doctor,widgets,retired widget base,3.2,The older framed widget card is a detached worksheet composition; the current loader retains its path for audit but does not load its pixels.,Verify the exact draw route: loaded does not mean displayed. Prefer existing isolated role art and truthful local material change; clean remnants or opaque backing in a separate derivative only if the live route needs it.,4ac533cd383be7ba7aa8eb3fc679a1749f2e0c186ebed906b488e840d3e7fefd
D2A-0442,assets/opera/worlds/widgets/widget_basin_nursery.png,nursery,widgets,retired widget base,3.2,The older framed widget card is a detached worksheet composition; the current loader retains its path for audit but does not load its pixels.,Verify the exact draw route: loaded does not mean displayed. Prefer existing isolated role art and truthful local material change; clean remnants or opaque backing in a separate derivative only if the live route needs it.,e0f78dde69888d1303296464f1e02b325af9acf8d5e5621a61f3cc13a8bb6956
D2A-0447,assets/opera/worlds/widgets/widget_catch_nursery_pillows.png,nursery,widgets,current family / verify phase binding,3.2,Flat purple pillow ovals provide weak material and landing information.,Verify the exact draw route: loaded does not mean displayed. Prefer existing isolated role art and truthful local material change; clean remnants or opaque backing in a separate derivative only if the live route needs it.,2a1ad09b777df4545cf84b0c6eff762852ce3e0b8a06fed4675570a0837b9549
D2A-0448,assets/opera/worlds/widgets/widget_charge_astronaut.png,astronaut,widgets,retired widget base,3.2,The older framed widget card is a detached worksheet composition; the current loader retains its path for audit but does not load its pixels.,Verify the exact draw route: loaded does not mean displayed. Prefer existing isolated role art and truthful local material change; clean remnants or opaque backing in a separate derivative only if the live route needs it.,8e2e2546a4bd65639ed15bb52292fb6331bcbcc7cf82b4f0ffd381ef9163410e
D2A-0451,assets/opera/worlds/widgets/widget_charge_ballerina.png,ballerina,widgets,retired widget base,3.2,The older framed widget card is a detached worksheet composition; the current loader retains its path for audit but does not load its pixels.,Verify the exact draw route: loaded does not mean displayed. Prefer existing isolated role art and truthful local material change; clean remnants or opaque backing in a separate derivative only if the live route needs it.,0a0ddfea8657c4502477b96b532a84d9d685e1cd37bbade4d0859954266f9fe7
D2A-0454,assets/opera/worlds/widgets/widget_charge_farmer.png,farmer,widgets,retired widget base,3.2,The older framed widget card is a detached worksheet composition; the current loader retains its path for audit but does not load its pixels.,Verify the exact draw route: loaded does not mean displayed. Prefer existing isolated role art and truthful local material change; clean remnants or opaque backing in a separate derivative only if the live route needs it.,d080f57444b56522911d88b10f53ead010748a9c12563535e11b778d608090bf
D2A-0457,assets/opera/worlds/widgets/widget_charge_magician.png,magician,widgets,retired widget base,3.2,The older framed widget card is a detached worksheet composition; the current loader retains its path for audit but does not load its pixels.,Verify the exact draw route: loaded does not mean displayed. Prefer existing isolated role art and truthful local material change; clean remnants or opaque backing in a separate derivative only if the live route needs it.,883ca8eea6b79f83b8fd194173d1d1ecf2ddd422e27b31597eb1cb76c5c37378
D2A-0460,assets/opera/worlds/widgets/widget_charge_popstar.png,popstar,widgets,retired widget base,3.2,The older framed widget card is a detached worksheet composition; the current loader retains its path for audit but does not load its pixels.,Verify the exact draw route: loaded does not mean displayed. Prefer existing isolated role art and truthful local material change; clean remnants or opaque backing in a separate derivative only if the live route needs it.,00fc91626c4f86cb43ff69744001386fbcf46f3fcea6053eeb6d293cc0f3567d
D2A-0466,assets/opera/worlds/widgets/widget_crank_astronaut.png,astronaut,widgets,retired widget base,3.2,The older framed widget card is a detached worksheet composition; the current loader retains its path for audit but does not load its pixels.,Verify the exact draw route: loaded does not mean displayed. Prefer existing isolated role art and truthful local material change; clean remnants or opaque backing in a separate derivative only if the live route needs it.,d87238e8012e2166c929ed81fad317fbbe14665d0ce6026e9e6781b064ba0b54
D2A-0469,assets/opera/worlds/widgets/widget_crank_ballerina.png,ballerina,widgets,retired widget base,3.2,The older framed widget card is a detached worksheet composition; the current loader retains its path for audit but does not load its pixels.,Verify the exact draw route: loaded does not mean displayed. Prefer existing isolated role art and truthful local material change; clean remnants or opaque backing in a separate derivative only if the live route needs it.,b7131b3c40da16bbd93e226add01f52cef5f0eb31335cf593cab7718a8fc5f3a
D2A-0472,assets/opera/worlds/widgets/widget_crank_candymaker.png,candymaker,widgets,retired widget base,3.2,The older framed widget card is a detached worksheet composition; the current loader retains its path for audit but does not load its pixels.,Verify the exact draw route: loaded does not mean displayed. Prefer existing isolated role art and truthful local material change; clean remnants or opaque backing in a separate derivative only if the live route needs it.,555234adf644fb4b28f52173dd116b438ce3a9fcebf2bf194a88f3b77220893e
D2A-0475,assets/opera/worlds/widgets/widget_crank_chef.png,chef,widgets,retired widget base,3.2,The older framed widget card is a detached worksheet composition; the current loader retains its path for audit but does not load its pixels.,Verify the exact draw route: loaded does not mean displayed. Prefer existing isolated role art and truthful local material change; clean remnants or opaque backing in a separate derivative only if the live route needs it.,a6071428ea665996b6b9a87eabc6442f3a7e6bb048215aba0c004aa365a13da2
D2A-0478,assets/opera/worlds/widgets/widget_crank_doctor.png,doctor,widgets,retired widget base,3.2,The older framed widget card is a detached worksheet composition; the current loader retains its path for audit but does not load its pixels.,Verify the exact draw route: loaded does not mean displayed. Prefer existing isolated role art and truthful local material change; clean remnants or opaque backing in a separate derivative only if the live route needs it.,7022b93eda577ff888d0c994ff6e79f103bff5b2531cb8700c34cea6c2d1deb2
D2A-0482,assets/opera/worlds/widgets/widget_crank_magician.png,magician,widgets,retired widget base,3.2,The older framed widget card is a detached worksheet composition; the current loader retains its path for audit but does not load its pixels.,Verify the exact draw route: loaded does not mean displayed. Prefer existing isolated role art and truthful local material change; clean remnants or opaque backing in a separate derivative only if the live route needs it.,33718b0b2ad3e5e60752d0cb88fadae5d8ebfab99965f0e0123562e5f5ae9f95
D2A-0485,assets/opera/worlds/widgets/widget_crank_painter.png,painter,widgets,retired widget base,3.2,The older framed widget card is a detached worksheet composition; the current loader retains its path for audit but does not load its pixels.,Verify the exact draw route: loaded does not mean displayed. Prefer existing isolated role art and truthful local material change; clean remnants or opaque backing in a separate derivative only if the live route needs it.,a4261ccfed11c1710db2858be57668405b14391ef336534a3d36ac660b21bbb4
D2A-0488,assets/opera/worlds/widgets/widget_crank_popstar.png,popstar,widgets,retired widget base,3.2,The older framed widget card is a detached worksheet composition; the current loader retains its path for audit but does not load its pixels.,Verify the exact draw route: loaded does not mean displayed. Prefer existing isolated role art and truthful local material change; clean remnants or opaque backing in a separate derivative only if the live route needs it.,edfdb4d9e090542d38da5de0dece4c3f6c2330426c4f84cbf1256e57f7f9ec5d
D2A-0491,assets/opera/worlds/widgets/widget_crank_racer.png,racer,widgets,retired widget base,3.2,The older framed widget card is a detached worksheet composition; the current loader retains its path for audit but does not load its pixels.,Verify the exact draw route: loaded does not mean displayed. Prefer existing isolated role art and truthful local material change; clean remnants or opaque backing in a separate derivative only if the live route needs it.,a96e898057e7c5114211dd9ad61bc0f7c4a726bcbeeec0d3e9d25a4e3e448347
D2A-0495,assets/opera/worlds/widgets/widget_crank_racer_wheel.png,racer,widgets,current family / verify phase binding,3.2,The wheel edge is visibly soft and pixelated relative to the surrounding painted tools.,Verify the exact draw route: loaded does not mean displayed. Prefer existing isolated role art and truthful local material change; clean remnants or opaque backing in a separate derivative only if the live route needs it.,3203d9bc5297fccfb3ee86fddab6c3a217de577943a063ef37404e5276c7e003
D2A-0498,assets/opera/worlds/widgets/widget_gauge_astronaut.png,astronaut,widgets,retired widget base,3.2,The older framed widget card is a detached worksheet composition; the current loader retains its path for audit but does not load its pixels.,Verify the exact draw route: loaded does not mean displayed. Prefer existing isolated role art and truthful local material change; clean remnants or opaque backing in a separate derivative only if the live route needs it.,17b4909b8d91b5d58caab495ccc37f166a7caa3e69e7be17b5ec5c823cc3cd8b
D2A-0500,assets/opera/worlds/widgets/widget_gauge_chef.png,chef,widgets,retired widget base,3.2,The older framed widget card is a detached worksheet composition; the current loader retains its path for audit but does not load its pixels.,Verify the exact draw route: loaded does not mean displayed. Prefer existing isolated role art and truthful local material change; clean remnants or opaque backing in a separate derivative only if the live route needs it.,bf74076cd3d9bd745d34a648f7a5f65508d119a1489674578d6b8d013893a838
D2A-0502,assets/opera/worlds/widgets/widget_gauge_racer.png,racer,widgets,retired widget base,3.2,The older framed widget card is a detached worksheet composition; the current loader retains its path for audit but does not load its pixels.,Verify the exact draw route: loaded does not mean displayed. Prefer existing isolated role art and truthful local material change; clean remnants or opaque backing in a separate derivative only if the live route needs it.,21cb4e5ca4a9b91610b39938b8f76135db0fb978608a00aba4677a759c3dd56a
D2A-0504,assets/opera/worlds/widgets/widget_gauge_shared_needle.png,shared,widgets,current family / verify phase binding,3.2,The gauge needle is a flat gold/navy line rather than painted world art.,Verify the exact draw route: loaded does not mean displayed. Prefer existing isolated role art and truthful local material change; clean remnants or opaque backing in a separate derivative only if the live route needs it.,2e19d32daf3c4c4a77a06296c20936814c8c4ada3b7f3884c89a36ee29a1543c
D2A-0505,assets/opera/worlds/widgets/widget_lanes_astronaut.png,astronaut,widgets,retired widget base,3.2,The older framed widget card is a detached worksheet composition; the current loader retains its path for audit but does not load its pixels.,Verify the exact draw route: loaded does not mean displayed. Prefer existing isolated role art and truthful local material change; clean remnants or opaque backing in a separate derivative only if the live route needs it.,16d1336a0e918a3fac2fea72e559014aa7664524ecbe05423ebd5ae182894c75
D2A-0506,assets/opera/worlds/widgets/widget_lanes_astronaut_lit.png,astronaut,widgets,current family / verify phase binding,3.2,The pipe-choice panel is dark and includes a thin horizontal remnant.,Verify the exact draw route: loaded does not mean displayed. Prefer existing isolated role art and truthful local material change; clean remnants or opaque backing in a separate derivative only if the live route needs it.,a0800e209313fd751e98701fe831c01711930aa4e8ad925595523c6c2dae36fd
D2A-0507,assets/opera/worlds/widgets/widget_lanes_ballerina.png,ballerina,widgets,retired widget base,3.2,The older framed widget card is a detached worksheet composition; the current loader retains its path for audit but does not load its pixels.,Verify the exact draw route: loaded does not mean displayed. Prefer existing isolated role art and truthful local material change; clean remnants or opaque backing in a separate derivative only if the live route needs it.,973af7333787745f91208a2836696851e31b277367337988faacb6098545304a
D2A-0509,assets/opera/worlds/widgets/widget_lanes_boxer.png,boxer,widgets,retired widget base,3.2,The older framed widget card is a detached worksheet composition; the current loader retains its path for audit but does not load its pixels.,Verify the exact draw route: loaded does not mean displayed. Prefer existing isolated role art and truthful local material change; clean remnants or opaque backing in a separate derivative only if the live route needs it.,a5cd5eb4347404c02bb6c4c1bf277b82b66f4fd1f561fbfbf650d1e4d69a8dfa
D2A-0511,assets/opera/worlds/widgets/widget_lanes_candymaker.png,candymaker,widgets,retired widget base,3.2,The older framed widget card is a detached worksheet composition; the current loader retains its path for audit but does not load its pixels.,Verify the exact draw route: loaded does not mean displayed. Prefer existing isolated role art and truthful local material change; clean remnants or opaque backing in a separate derivative only if the live route needs it.,4dd684c76c806ea5a6b2f462fce5d5770a8f81702c2ba61e0af148da75cd2bec
D2A-0513,assets/opera/worlds/widgets/widget_lanes_detective.png,detective,widgets,retired widget base,3.2,The older framed widget card is a detached worksheet composition; the current loader retains its path for audit but does not load its pixels.,Verify the exact draw route: loaded does not mean displayed. Prefer existing isolated role art and truthful local material change; clean remnants or opaque backing in a separate derivative only if the live route needs it.,44e6673e3be2ea8f1f7eda96d1a274a288e770cf765f1aa662e7c70465d52b65
D2A-0515,assets/opera/worlds/widgets/widget_lanes_doctor.png,doctor,widgets,retired widget base,3.2,The older framed widget card is a detached worksheet composition; the current loader retains its path for audit but does not load its pixels.,Verify the exact draw route: loaded does not mean displayed. Prefer existing isolated role art and truthful local material change; clean remnants or opaque backing in a separate derivative only if the live route needs it.,d7045deb1274f117246ce00deed8d2511cde2c6cf3ffe816c93d8cddf5c11352
D2A-0517,assets/opera/worlds/widgets/widget_lanes_farmer.png,farmer,widgets,retired widget base,3.2,The older framed widget card is a detached worksheet composition; the current loader retains its path for audit but does not load its pixels.,Verify the exact draw route: loaded does not mean displayed. Prefer existing isolated role art and truthful local material change; clean remnants or opaque backing in a separate derivative only if the live route needs it.,d16a33faa6d93213e203e9e0d91b7e333edfaa8702c290c51de1548c9c86a032
D2A-0519,assets/opera/worlds/widgets/widget_lanes_magician.png,magician,widgets,retired widget base,3.2,The older framed widget card is a detached worksheet composition; the current loader retains its path for audit but does not load its pixels.,Verify the exact draw route: loaded does not mean displayed. Prefer existing isolated role art and truthful local material change; clean remnants or opaque backing in a separate derivative only if the live route needs it.,74fe9ca8d7c2a3bf0d8ce5e373dff6ff1155ddfc591ff0808275aee751270556
D2A-0521,assets/opera/worlds/widgets/widget_lanes_painter.png,painter,widgets,retired widget base,3.2,The older framed widget card is a detached worksheet composition; the current loader retains its path for audit but does not load its pixels.,Verify the exact draw route: loaded does not mean displayed. Prefer existing isolated role art and truthful local material change; clean remnants or opaque backing in a separate derivative only if the live route needs it.,635980c35f48ff61ba04c94c7968ef01aaecbda1f457e642cf5fa85c7d7c777f
D2A-0523,assets/opera/worlds/widgets/widget_lanes_popstar.png,popstar,widgets,retired widget base,3.2,The older framed widget card is a detached worksheet composition; the current loader retains its path for audit but does not load its pixels.,Verify the exact draw route: loaded does not mean displayed. Prefer existing isolated role art and truthful local material change; clean remnants or opaque backing in a separate derivative only if the live route needs it.,ca89af5fda2ba201beb70b709ecf0767876aeb9b2934e0c9d7a8b293fb5098fd
D2A-0536,assets/opera/worlds/widgets/widget_pour_chef.png,chef,widgets,retired widget base,3.2,The older framed widget card is a detached worksheet composition; the current loader retains its path for audit but does not load its pixels.,Verify the exact draw route: loaded does not mean displayed. Prefer existing isolated role art and truthful local material change; clean remnants or opaque backing in a separate derivative only if the live route needs it.,8bc62039726c0eece7ef62cd3511ee3cd75802645dc2dcbfe17b6e6c5a037c27
D2A-0539,assets/opera/worlds/widgets/widget_pour_nursery.png,nursery,widgets,retired widget base,3.2,The older framed widget card is a detached worksheet composition; the current loader retains its path for audit but does not load its pixels.,Verify the exact draw route: loaded does not mean displayed. Prefer existing isolated role art and truthful local material change; clean remnants or opaque backing in a separate derivative only if the live route needs it.,19240d2d2971e38d62719cc0998a61f4ae3ff4ce84a94664e8a109a18e2c8c61
D2A-0542,assets/opera/worlds/widgets/widget_pour_painter.png,painter,widgets,retired widget base,3.2,The older framed widget card is a detached worksheet composition; the current loader retains its path for audit but does not load its pixels.,Verify the exact draw route: loaded does not mean displayed. Prefer existing isolated role art and truthful local material change; clean remnants or opaque backing in a separate derivative only if the live route needs it.,ebf50d9e72d1f8cbf3d61dd0972283602fa21b661f63f3c29305b3b076f30687
D2A-0545,assets/opera/worlds/widgets/widget_push_boxer.png,boxer,widgets,retired widget base,3.2,The older framed widget card is a detached worksheet composition; the current loader retains its path for audit but does not load its pixels.,Verify the exact draw route: loaded does not mean displayed. Prefer existing isolated role art and truthful local material change; clean remnants or opaque backing in a separate derivative only if the live route needs it.,a9e226a92133f2cafc86f687f22800a826e757fa100d7fc232777dfb68046582
D2A-0547,assets/opera/worlds/widgets/widget_push_farmer.png,farmer,widgets,retired widget base,3.2,The older framed widget card is a detached worksheet composition; the current loader retains its path for audit but does not load its pixels.,Verify the exact draw route: loaded does not mean displayed. Prefer existing isolated role art and truthful local material change; clean remnants or opaque backing in a separate derivative only if the live route needs it.,4d65cb43f599b096a16215b80673ec8dd60c994a0128256ab4e597afeac2107b
D2A-0549,assets/opera/worlds/widgets/widget_push_nursery.png,nursery,widgets,retired widget base,3.2,The older framed widget card is a detached worksheet composition; the current loader retains its path for audit but does not load its pixels.,Verify the exact draw route: loaded does not mean displayed. Prefer existing isolated role art and truthful local material change; clean remnants or opaque backing in a separate derivative only if the live route needs it.,d575b7e4d2b9a4c13fd42c9aba5943400d2b88e91b74607001ee96f174bc7457
D2A-0551,assets/opera/worlds/widgets/widget_push_racer.png,racer,widgets,retired widget base,3.2,The older framed widget card is a detached worksheet composition; the current loader retains its path for audit but does not load its pixels.,Verify the exact draw route: loaded does not mean displayed. Prefer existing isolated role art and truthful local material change; clean remnants or opaque backing in a separate derivative only if the live route needs it.,848906b6158462037a9a7cf7939b8e3665c84431e4ba14627d55afd9b76be9c2
D2A-0555,assets/opera/worlds/widgets/widget_target_astronaut.png,astronaut,widgets,retired widget base,3.2,The older framed widget card is a detached worksheet composition; the current loader retains its path for audit but does not load its pixels.,Verify the exact draw route: loaded does not mean displayed. Prefer existing isolated role art and truthful local material change; clean remnants or opaque backing in a separate derivative only if the live route needs it.,c2002aba59114f75228b3221876bad002e0e2bb0a261bdc826e3e34064583c30
D2A-0561,assets/opera/worlds/widgets/widget_target_boxer.png,boxer,widgets,retired widget base,3.2,The older framed widget card is a detached worksheet composition; the current loader retains its path for audit but does not load its pixels.,Verify the exact draw route: loaded does not mean displayed. Prefer existing isolated role art and truthful local material change; clean remnants or opaque backing in a separate derivative only if the live route needs it.,c3bfa12147a7e4499e8f8d67136798cb125cebbd1e29ec4e4914fcb37a880e3c
D2A-0565,assets/opera/worlds/widgets/widget_target_candymaker.png,candymaker,widgets,retired widget base,3.2,The older framed widget card is a detached worksheet composition; the current loader retains its path for audit but does not load its pixels.,Verify the exact draw route: loaded does not mean displayed. Prefer existing isolated role art and truthful local material change; clean remnants or opaque backing in a separate derivative only if the live route needs it.,bcf00f8b6b2e7893e4d998d9ae1db518800b606e30bd9e8c6ad12c0827e51210
D2A-0571,assets/opera/worlds/widgets/widget_target_chef.png,chef,widgets,retired widget base,3.2,The older framed widget card is a detached worksheet composition; the current loader retains its path for audit but does not load its pixels.,Verify the exact draw route: loaded does not mean displayed. Prefer existing isolated role art and truthful local material change; clean remnants or opaque backing in a separate derivative only if the live route needs it.,8154c48db50f8c6d5615381d94da48c3754b2f7f207392cef2586cb8826c3c28
D2A-0577,assets/opera/worlds/widgets/widget_target_doctor.png,doctor,widgets,retired widget base,3.2,The older framed widget card is a detached worksheet composition; the current loader retains its path for audit but does not load its pixels.,Verify the exact draw route: loaded does not mean displayed. Prefer existing isolated role art and truthful local material change; clean remnants or opaque backing in a separate derivative only if the live route needs it.,4e4c2a24d38a2298968f93890585086a17df3d140bd145ee8ac0e681c956193b
D2A-0580,assets/opera/worlds/widgets/widget_target_farmer.png,farmer,widgets,retired widget base,3.2,The older framed widget card is a detached worksheet composition; the current loader retains its path for audit but does not load its pixels.,Verify the exact draw route: loaded does not mean displayed. Prefer existing isolated role art and truthful local material change; clean remnants or opaque backing in a separate derivative only if the live route needs it.,b699e95d72bf2173c587c3346e92a44a43542402a07fe718b057c67c7ee1d10a
D2A-0586,assets/opera/worlds/widgets/widget_target_painter.png,painter,widgets,retired widget base,3.2,The older framed widget card is a detached worksheet composition; the current loader retains its path for audit but does not load its pixels.,Verify the exact draw route: loaded does not mean displayed. Prefer existing isolated role art and truthful local material change; clean remnants or opaque backing in a separate derivative only if the live route needs it.,b3ec703c5fe8d735800eb25265de8612b7b115b766838212e042c4e6221ae1fa
D2A-0589,assets/opera/worlds/widgets/widget_target_racer.png,racer,widgets,retired widget base,3.2,The older framed widget card is a detached worksheet composition; the current loader retains its path for audit but does not load its pixels.,Verify the exact draw route: loaded does not mean displayed. Prefer existing isolated role art and truthful local material change; clean remnants or opaque backing in a separate derivative only if the live route needs it.,12158e528ab9af3c7d742911ec8ab8c72a84997d63cf3695c7010f26ce99487e
D2A-0591,assets/opera/worlds/widgets/widget_target_racer_mover.png,racer,widgets,current family / verify phase binding,3.2,A thin horizontal remnant crosses above the finish flag.,Verify the exact draw route: loaded does not mean displayed. Prefer existing isolated role art and truthful local material change; clean remnants or opaque backing in a separate derivative only if the live route needs it.,cfedf4f934f3c6b1fac915e196a0f2f8bc473a8d1a57059f92ef635d24e01d06
D2A-0592,assets/opera/worlds/widgets/widget_trace_ballerina.png,ballerina,widgets,retired widget base,3.2,The older framed widget card is a detached worksheet composition; the current loader retains its path for audit but does not load its pixels.,Verify the exact draw route: loaded does not mean displayed. Prefer existing isolated role art and truthful local material change; clean remnants or opaque backing in a separate derivative only if the live route needs it.,5ce3d068692a18d62d4ffa44e52ef32817f5118a8d2fb7e43c45f3c72383de12
D2A-0594,assets/opera/worlds/widgets/widget_trace_chef.png,chef,widgets,retired widget base,3.2,The older framed widget card is a detached worksheet composition; the current loader retains its path for audit but does not load its pixels.,Verify the exact draw route: loaded does not mean displayed. Prefer existing isolated role art and truthful local material change; clean remnants or opaque backing in a separate derivative only if the live route needs it.,81143e828b8cc4301bf10d2cbe9853402c2694df7e2199d8a80c41c7a447f0db
D2A-0596,assets/opera/worlds/widgets/widget_trace_detective.png,detective,widgets,retired widget base,3.2,The older framed widget card is a detached worksheet composition; the current loader retains its path for audit but does not load its pixels.,Verify the exact draw route: loaded does not mean displayed. Prefer existing isolated role art and truthful local material change; clean remnants or opaque backing in a separate derivative only if the live route needs it.,cb0a6e4437c1c6f57599503ab5ac4f1b4a27cf99adf4349c2931e256da085e70
D2A-0598,assets/opera/worlds/widgets/widget_trace_doctor.png,doctor,widgets,retired widget base,3.2,The older framed widget card is a detached worksheet composition; the current loader retains its path for audit but does not load its pixels.,Verify the exact draw route: loaded does not mean displayed. Prefer existing isolated role art and truthful local material change; clean remnants or opaque backing in a separate derivative only if the live route needs it.,204fa04773f8060fe1141a0e60ba40d97305323b2f304e205aefbd6a5b2d80b1
D2A-0600,assets/opera/worlds/widgets/widget_trace_magician.png,magician,widgets,retired widget base,3.2,The older framed widget card is a detached worksheet composition; the current loader retains its path for audit but does not load its pixels.,Verify the exact draw route: loaded does not mean displayed. Prefer existing isolated role art and truthful local material change; clean remnants or opaque backing in a separate derivative only if the live route needs it.,7999afc7ea691a47dbd8b7d175e1f902a6d21ed8947f30da548e7f1bea37d1cd
D2A-0602,assets/opera/worlds/widgets/widget_trace_painter.png,painter,widgets,retired widget base,3.2,The older framed widget card is a detached worksheet composition; the current loader retains its path for audit but does not load its pixels.,Verify the exact draw route: loaded does not mean displayed. Prefer existing isolated role art and truthful local material change; clean remnants or opaque backing in a separate derivative only if the live route needs it.,de48802bfa8a9b23b3415ba200e4efe3b81e682737590257d24e2da1b0126bbe
D2A-0604,assets/opera/worlds/widgets/widget_track_ballerina.png,ballerina,widgets,retired widget base,3.2,The older framed widget card is a detached worksheet composition; the current loader retains its path for audit but does not load its pixels.,Verify the exact draw route: loaded does not mean displayed. Prefer existing isolated role art and truthful local material change; clean remnants or opaque backing in a separate derivative only if the live route needs it.,9a3770554a3812004a840c3c7cc5cb160de7e26dfcb7f3c8c1ff7a51e2e7db96
D2A-0606,assets/opera/worlds/widgets/widget_track_boxer.png,boxer,widgets,retired widget base,3.2,The older framed widget card is a detached worksheet composition; the current loader retains its path for audit but does not load its pixels.,Verify the exact draw route: loaded does not mean displayed. Prefer existing isolated role art and truthful local material change; clean remnants or opaque backing in a separate derivative only if the live route needs it.,4137644505598d7f5816ae2fc14b250cbcbece891060d7af98c7db81db3313b7
D2A-0608,assets/opera/worlds/widgets/widget_track_candymaker.png,candymaker,widgets,retired widget base,3.2,The older framed widget card is a detached worksheet composition; the current loader retains its path for audit but does not load its pixels.,Verify the exact draw route: loaded does not mean displayed. Prefer existing isolated role art and truthful local material change; clean remnants or opaque backing in a separate derivative only if the live route needs it.,4d320296f1de6d0ee19230c10e75ebed83402579fd40286e474f746d1c54c013
D2A-0610,assets/opera/worlds/widgets/widget_track_detective.png,detective,widgets,retired widget base,3.2,The older framed widget card is a detached worksheet composition; the current loader retains its path for audit but does not load its pixels.,Verify the exact draw route: loaded does not mean displayed. Prefer existing isolated role art and truthful local material change; clean remnants or opaque backing in a separate derivative only if the live route needs it.,a04f3f9df11caf4027ec1301b672d279cefb2a098e2f721c4888708b9695d5ce
D2A-0612,assets/opera/worlds/widgets/widget_track_farmer.png,farmer,widgets,retired widget base,3.2,The older framed widget card is a detached worksheet composition; the current loader retains its path for audit but does not load its pixels.,Verify the exact draw route: loaded does not mean displayed. Prefer existing isolated role art and truthful local material change; clean remnants or opaque backing in a separate derivative only if the live route needs it.,d21eede05efe123c7ca1853d65a4c8d591a6420f61af7d6dab16d8d020107623
D2A-0614,assets/opera/worlds/widgets/widget_track_magician.png,magician,widgets,retired widget base,3.2,The older framed widget card is a detached worksheet composition; the current loader retains its path for audit but does not load its pixels.,Verify the exact draw route: loaded does not mean displayed. Prefer existing isolated role art and truthful local material change; clean remnants or opaque backing in a separate derivative only if the live route needs it.,4286e74883145fa8771b2fbbdff5ec6fdc6938688d20bbab41e721979ce9d053
D2A-0616,assets/opera/worlds/widgets/widget_track_nursery.png,nursery,widgets,retired widget base,3.2,The older framed widget card is a detached worksheet composition; the current loader retains its path for audit but does not load its pixels.,Verify the exact draw route: loaded does not mean displayed. Prefer existing isolated role art and truthful local material change; clean remnants or opaque backing in a separate derivative only if the live route needs it.,e816ce9ebbfabc865d11de60a3b2bb2ce2576cbce568089a07571ad1369d35c3
D2A-0618,assets/opera/worlds/widgets/widget_track_popstar.png,popstar,widgets,retired widget base,3.2,The older framed widget card is a detached worksheet composition; the current loader retains its path for audit but does not load its pixels.,Verify the exact draw route: loaded does not mean displayed. Prefer existing isolated role art and truthful local material change; clean remnants or opaque backing in a separate derivative only if the live route needs it.,b0a85aa5218819adec6ef5c45e7df0c366c1b8132d8866cfb43ba97b6a18a615
D2A-0444,assets/opera/worlds/widgets/widget_basin_shared_shine.png,shared,widgets,current family / verify phase binding,3.3,The pale/navy circular shine is a generic overlay rather than a local clean-hand result.,Verify the exact draw route: loaded does not mean displayed. Prefer existing isolated role art and truthful local material change; clean remnants or opaque backing in a separate derivative only if the live route needs it.,1c9daf2859d6710249b5422a8a5534131895fe291ee2ed00eb245e8cb46f2f26
D2A-0473,assets/opera/worlds/widgets/widget_crank_candymaker_mover.png,candymaker,widgets,current family / verify phase binding,3.3,The wrapped-candy mover has a thin horizontal remnant beneath the main silhouette.,Verify the exact draw route: loaded does not mean displayed. Prefer existing isolated role art and truthful local material change; clean remnants or opaque backing in a separate derivative only if the live route needs it.,4e77bdc100f28a4a4639190c9be820ed9b05f6361d7ebf16fb250dbde92b585f
D2A-0556,assets/opera/worlds/widgets/widget_target_astronaut_mark.png,astronaut,widgets,current family / verify phase binding,3.3,The flat fan-and-ring mark is a diagrammatic target.,Verify the exact draw route: loaded does not mean displayed. Prefer existing isolated role art and truthful local material change; clean remnants or opaque backing in a separate derivative only if the live route needs it.,7d59037930640802711ae0eebf0bca933c4be7a0fa74a7a645cc2341e4b538ad
D2A-0552,assets/opera/worlds/widgets/widget_push_racer_mover.png,racer,widgets,current family / verify phase binding,3.4,The front kart art has partial wheel/arch shapes that need comparison with its intended assembled state.,Verify the exact draw route: loaded does not mean displayed. Prefer existing isolated role art and truthful local material change; clean remnants or opaque backing in a separate derivative only if the live route needs it.,9f364cb8b77cc61ed67ef490a19d45d10d8651265fe5e6f8a17c10c73f1c2bde
D2A-0558,assets/opera/worlds/widgets/widget_target_astronaut_piece_0.png,astronaut,widgets,current family / verify phase binding,3.4,The fan piece is clean but flat and schematic beside the painted rocket.,Verify the exact draw route: loaded does not mean displayed. Prefer existing isolated role art and truthful local material change; clean remnants or opaque backing in a separate derivative only if the live route needs it.,bfafdf432e4e0cd42bef4c436bc50839e0ecb48f322e84da2cbb2a312afefe04
D2A-0559,assets/opera/worlds/widgets/widget_target_astronaut_piece_1.png,astronaut,widgets,current family / verify phase binding,3.4,The hex bolt is readable but uses diagram-like flat shading.,Verify the exact draw route: loaded does not mean displayed. Prefer existing isolated role art and truthful local material change; clean remnants or opaque backing in a separate derivative only if the live route needs it.,218c33235451de371a7644e18629a636955edc27722fc41de1d5167edf4cfd5d
D2A-0560,assets/opera/worlds/widgets/widget_target_astronaut_piece_2.png,astronaut,widgets,current family / verify phase binding,3.4,The patch plate is clear but needs material/style comparison with the rocket hull.,Verify the exact draw route: loaded does not mean displayed. Prefer existing isolated role art and truthful local material change; clean remnants or opaque backing in a separate derivative only if the live route needs it.,b2ac73c372b40b53914a3146c9c5c036ed9df0db898e699d64499d1b17d00b52
D2A-0621,assets/book/doll_bunny.png,shared,book,current family / verify phase binding,3.4,"The protected book bunny retains the original identity, but the right edge is cropped and pale cutout remnants are visible around its base.","Preserve the original. If authorized later, make a separate source-attributed isolation; first stage it so the crop is not mistaken for a complete body.",445ae6349e552a20ca47d665a619a42453e59c69c15da315619b6d8dc2485b4a
D2A-0622,assets/book/doll_cat.png,shared,book,current family / verify phase binding,3.4,"The protected book cat is recognizable, but neighboring pink artwork and a horizontal baseline remain in the cutout.",Preserve the original. Review a separate non-destructive isolation only under explicit authorization; keep the existing face and shape.,2f1a6732f16dc5847dc5b84ee6642e69487702878b70ecf440ba15e1927bb71c
D2A-0071,assets/opera/worlds/actors/animation/roshan_geologist_sheet_a.png,geologist,actor atlas,current family / verify phase binding,3.5,The geologist sheet retains recognizable costume colors across 16 cells; work/gesture cells must be treated as authored poses until the exact played sequence is reviewed. The first two idle cells visibly omit the complete tail fin; the production story-pose selection avoids those cells.,"Review each idle/travel/work/cheer row at native size and play only semantic reviewed cells. Capture gaze, hand/tool contact, full fin and the same-object payoff before considering new art.",1fd7080933fd49b27a9cbb2b20d9470e4fd654dec58db72e9aa9e081a6e24c37
D2A-0553,assets/opera/worlds/widgets/widget_push_shared_arrow_down.png,shared,widgets,current family / verify phase binding,3.5,The flat down arrow is readable but visually plainer than the painted tools.,Verify the exact draw route: loaded does not mean displayed. Prefer existing isolated role art and truthful local material change; clean remnants or opaque backing in a separate derivative only if the live route needs it.,abde9001ec1aa89e1733a75b7d16439756103d659cfdd0fef54eacb2587a1eac
D2A-0554,assets/opera/worlds/widgets/widget_push_shared_arrow_lr.png,shared,widgets,current family / verify phase binding,3.5,The flat left/right arrow is readable but visually plainer than the painted tools.,Verify the exact draw route: loaded does not mean displayed. Prefer existing isolated role art and truthful local material change; clean remnants or opaque backing in a separate derivative only if the live route needs it.,4fac3e28f9006f323d177d3e6df6f9fc4b6242084c699dafa900cb96ae5480c3
D2A-0291,assets/opera/worlds/backdrops/stage_detective_c0r0.png,detective,background,current family / verify phase binding,3.6,"Deep navy values conceal several scene landmarks and dark costume edges. Padded/soft outer areas are visible in the source; the four-tile runtime crop excludes part of that padding, so a live blurred border is not inferred.","Reconstruct the complete current tile set; inspect seams, active crop, native-per-screen coverage and character/target contrast at two aspects. Preserve the existing composition.",ccbacf270667a0dd4ce0cebc9283dcf91cd1bcf712c2a95aec287a45fe9008dd
D2A-0292,assets/opera/worlds/backdrops/stage_detective_c0r1.png,detective,background,current family / verify phase binding,3.6,"Deep navy values conceal several scene landmarks and dark costume edges. Padded/soft outer areas are visible in the source; the four-tile runtime crop excludes part of that padding, so a live blurred border is not inferred.","Reconstruct the complete current tile set; inspect seams, active crop, native-per-screen coverage and character/target contrast at two aspects. Preserve the existing composition.",b52ab41b8a8b4801bd89782a12698b0420299c38e4d1fc281f6c95d117fcf6da
D2A-0293,assets/opera/worlds/backdrops/stage_detective_c1r0.png,detective,background,current family / verify phase binding,3.6,"Deep navy values conceal several scene landmarks and dark costume edges. Padded/soft outer areas are visible in the source; the four-tile runtime crop excludes part of that padding, so a live blurred border is not inferred.","Reconstruct the complete current tile set; inspect seams, active crop, native-per-screen coverage and character/target contrast at two aspects. Preserve the existing composition.",1ab1ae69c7e4d2b2d355bff7031a968dc2a63f8cebe87f5c1b1d2f88f44f8a77
D2A-0294,assets/opera/worlds/backdrops/stage_detective_c1r1.png,detective,background,current family / verify phase binding,3.6,"Deep navy values conceal several scene landmarks and dark costume edges. Padded/soft outer areas are visible in the source; the four-tile runtime crop excludes part of that padding, so a live blurred border is not inferred.","Reconstruct the complete current tile set; inspect seams, active crop, native-per-screen coverage and character/target contrast at two aspects. Preserve the existing composition.",b32bfbb8e6c202007ac7299b3911e8e830953d37b01357f03dbabcc1427e9b5e
D2A-0348,assets/opera/worlds/backdrops/world_detective.png,detective,background,current family / verify phase binding,3.6,"Deep navy values conceal several scene landmarks and dark costume edges. Padded/soft outer areas are visible in the source; the four-tile runtime crop excludes part of that padding, so a live blurred border is not inferred.","Reconstruct the complete current tile set; inspect seams, active crop, native-per-screen coverage and character/target contrast at two aspects. Preserve the existing composition.",c010e78b6edfa11ecaf9f4a0ca3362a2c1d44ac4e6efbd05441d387f92cab25d
D2A-0349,assets/opera/worlds/backdrops/world_detective_c0r0.png,detective,background,current family / verify phase binding,3.6,"Deep navy values conceal several scene landmarks and dark costume edges. Padded/soft outer areas are visible in the source; the four-tile runtime crop excludes part of that padding, so a live blurred border is not inferred.","Reconstruct the complete current tile set; inspect seams, active crop, native-per-screen coverage and character/target contrast at two aspects. Preserve the existing composition.",7b98aa7fa3a381c84c0a9c19395d25da5cadb2b0e337ec02fcd395e28cbc9e26
D2A-0350,assets/opera/worlds/backdrops/world_detective_c0r1.png,detective,background,current family / verify phase binding,3.6,"Deep navy values conceal several scene landmarks and dark costume edges. Padded/soft outer areas are visible in the source; the four-tile runtime crop excludes part of that padding, so a live blurred border is not inferred.","Reconstruct the complete current tile set; inspect seams, active crop, native-per-screen coverage and character/target contrast at two aspects. Preserve the existing composition.",c6b7e633fe82d4ee5471d5f560fe372102ef20cf360c69fdb4db333c174aa28e
D2A-0351,assets/opera/worlds/backdrops/world_detective_c1r0.png,detective,background,current family / verify phase binding,3.6,"Deep navy values conceal several scene landmarks and dark costume edges. Padded/soft outer areas are visible in the source; the four-tile runtime crop excludes part of that padding, so a live blurred border is not inferred.","Reconstruct the complete current tile set; inspect seams, active crop, native-per-screen coverage and character/target contrast at two aspects. Preserve the existing composition.",dc6e4d8f6bbea2b877d59d09bc2ca86c1195240a3cedd44a776a9f5bcb5d453a
D2A-0352,assets/opera/worlds/backdrops/world_detective_c1r1.png,detective,background,current family / verify phase binding,3.6,"Deep navy values conceal several scene landmarks and dark costume edges. Padded/soft outer areas are visible in the source; the four-tile runtime crop excludes part of that padding, so a live blurred border is not inferred.","Reconstruct the complete current tile set; inspect seams, active crop, native-per-screen coverage and character/target contrast at two aspects. Preserve the existing composition.",d3a69006ae38ff5fbb6247b378565cd95f59e717af1747f9bb2cf3f5281abbf6
D2A-0387,assets/opera/worlds/hotspots/geologist_fossil.svg,geologist,hotspots,current family / verify phase binding,3.7,"The hotspot has a bold readable contour, but the flat diagram style differs from painted career props.",Check large target readability and exact subject contact. Keep intentionally simple icons simple; review large world objects for finish.,2031077dbe2018151e0b9324bd88699bf1a7a95e0195bf08e6bce7ac79a4544c
D2A-0388,assets/opera/worlds/hotspots/geologist_layered_rock.svg,geologist,hotspots,current family / verify phase binding,3.7,"The hotspot has a bold readable contour, but the flat diagram style differs from painted career props.",Check large target readability and exact subject contact. Keep intentionally simple icons simple; review large world objects for finish.,a9ad70a8b9e4125a43836013544ece5bf48a4977e029573810b7249d3d6427c6
D2A-0390,assets/opera/worlds/hotspots/teacher_lesson_board.svg,teacher,hotspots,current family / verify phase binding,3.7,"The hotspot has a bold readable contour, but the flat diagram style differs from painted career props.",Check large target readability and exact subject contact. Keep intentionally simple icons simple; review large world objects for finish.,c640d1697ae5aea4c948ab3abf2675866a96f8c1918821a8fbc63580516bee00
D2A-0409,assets/opera/worlds/props/goal_geologist.svg,geologist,props,current family / verify phase binding,3.7,"The crystal icon is clean and readable, but flat untextured polygons sit apart from the painted reward family.",Review as an intentional icon; prefer existing painted specimen art if a large world reward is needed.,14023de6e1338fb209b06be58dc37574060c3a22bcb08f3506843389620c2f50
D2A-0429,assets/opera/worlds/ui/crests/opera_crest_geologist.svg,geologist,crests,current family / verify phase binding,3.7,The crystal badge is a flat polygon icon that differs from the ornate painted crest family.,Retain recognizable job iconography; check actual button size and avoid adding another competing badge.,14023de6e1338fb209b06be58dc37574060c3a22bcb08f3506843389620c2f50
D2A-0470,assets/opera/worlds/widgets/widget_crank_ballerina_mover.png,ballerina,widgets,current family / verify phase binding,3.7,The ribbon mover includes a whole stage/platform composition rather than only a tool.,Verify the exact draw route: loaded does not mean displayed. Prefer existing isolated role art and truthful local material change; clean remnants or opaque backing in a separate derivative only if the live route needs it.,4036b45ea0ba15fe4f82425ead00d090300b972f08994248bfad07274112033f
D2A-0056,assets/opera/tree_book_test/lagoon_tree_bigleaf_maple.png,arborist,tree_book_test,current family / verify phase binding,3.8,The maple specimen sits on an opaque dark rectangle; dense leaf modeling and the backing separate it from the clean book cutouts.,Isolate the same existing tree non-destructively; inspect canopy legibility beside the patient and leaf choices.,6d1be41b48707e686140b30f610ed5a9f18e22be435f832a01199370a1ddacc9
D2A-0483,assets/opera/worlds/widgets/widget_crank_magician_mover.png,magician,widgets,current family / verify phase binding,3.8,"The magician mover includes Lamba and a platform, creating multiple ownership roles in one card.",Verify the exact draw route: loaded does not mean displayed. Prefer existing isolated role art and truthful local material change; clean remnants or opaque backing in a separate derivative only if the live route needs it.,040a87409af0fcf9b31bc41aec3c245bd8a5160d7f5ce133203d15996cca1b1f
D2A-0619,assets/opera/worlds/widgets/widget_track_popstar_mover.png,popstar,widgets,current family / verify phase binding,3.8,The neon concentric disc reads like a radar/control display rather than a singer performing.,Verify the exact draw route: loaded does not mean displayed. Prefer existing isolated role art and truthful local material change; clean remnants or opaque backing in a separate derivative only if the live route needs it.,cf9295b36bcb99886b34a66d5bb98dd1c9e08bad0f47e5f7746ab512b10fb69d
D2A-0635,assets/ui/castle_room_buttons_v2/room_craft_room.png,shared,castle_room_buttons_v2,current family / verify phase binding,3.8,"The craft-room badge is recognizable, but its outer edge is visibly soft and haloed compared with clean career crests.",Inspect at its actual UI size; reuse a sharper approved palette icon if appropriate.,eb21d47e9b3e3f1566df23a854102d0e86665aae5ec9d88a4d7275cb33ac5a24
D2A-0636,assets/ui/castle_room_buttons_v2/room_kitchen.png,shared,castle_room_buttons_v2,current family / verify phase binding,3.8,The kitchen badge has a strong pot symbol but a soft dark fringe around the outer shell frame.,Verify native UI scale and alpha before commissioning any new icon.,b21287d6b927dcd425aeec590d58be441985d8bd7080cd83c1021d777c81dfe8
D2A-0637,assets/ui/castle_room_buttons_v2/room_opera_hall.png,shared,castle_room_buttons_v2,current family / verify phase binding,3.8,"The opera masks communicate theatre clearly, but the small badge has a soft uneven outer halo.",Compare with the sharp house crest at the same display size and prefer existing art if it fits.,b7c29e845656333d53ed342445410948a055ebf4ccd6fd1553dffe0839adfb66
D2A-0057,assets/opera/tree_book_test/lagoon_tree_pacific_dogwood.png,arborist,tree_book_test,current family / verify phase binding,3.9,The dogwood is recognizable but uses the same opaque navy specimen plate and dense canopy rendering.,Derive a clean isolation from this source; retain species identity and compare at the actual choice size.,e92e41cf81ccfdc251960a7c5599d6984b82ebb1cfc89f3f7cf0704b5dd565eb
D2A-0531,assets/opera/worlds/widgets/widget_portal_magician_mover.png,magician,widgets,current family / verify phase binding,3.9,The large portal frame is readable but uses a heavy dark outline and theatrical corner masses.,Verify the exact draw route: loaded does not mean displayed. Prefer existing isolated role art and truthful local material change; clean remnants or opaque backing in a separate derivative only if the live route needs it.,a39c8b805ab0f8c771798921900011f7b09b7ba1ddee4d7d2849dd752a5330a0
D2A-0512,assets/opera/worlds/widgets/widget_lanes_candymaker_lit.png,candymaker,widgets,current family / verify phase binding,4.0,Several small candy machines and tokens crowd the lane panel.,Verify the exact draw route: loaded does not mean displayed. Prefer existing isolated role art and truthful local material change; clean remnants or opaque backing in a separate derivative only if the live route needs it.,26639d304ef61822515f1884babdc1e1710c177778e93c003ef5598bb9d4c244
D2A-0615,assets/opera/worlds/widgets/widget_track_magician_mover.png,magician,widgets,current family / verify phase binding,4.0,The magician hat/platform carries a faint cutout rim and combines tool with stage.,Verify the exact draw route: loaded does not mean displayed. Prefer existing isolated role art and truthful local material change; clean remnants or opaque backing in a separate derivative only if the live route needs it.,c98fd6f5fb6901b4b42109393d567f87a03d5059a2ea73f05d9e831ca7b73d08
D2A-0623,assets/chapter2/ember_alpha/king_v4_cutout.png,shared,ember_alpha,current family / verify phase binding,4.0,"The Ember King cutout is finished but dark faceted armor, angular horns and heavy shadow depart from the soft pastel job family.",Review only at the later story seam; do not infer a new job role or redesign the character from this audit.,481342c3e7b9cede8dfad805cf2d81bb6d18ad77c69e4a699ec2c95ace8bc8fd
D2A-0624,assets/chapter2/ember_alpha/prince_idle.png,shared,ember_alpha,current family / verify phase binding,4.0,The Prince is complete but thin dark costume details and angular styling read differently from the broad toy-like career actors.,Review final scale and separation at the party seam; preserve established story identity.,05ad832f46420034d5ac2a45676f70b6edbdb4d4e77d6c5dddeed3404a6444b4
D2A-0070,assets/opera/worlds/actors/animation/roshan_farmer_sheet_a.png,farmer,actor atlas,current family / verify phase binding,4.1,"The farmer sheet retains recognizable costume colors across 16 cells; work/gesture cells must be treated as authored poses until the exact played sequence is reviewed. Several work cells change tool, gesture or silhouette rather than forming one continuous task movement.","Review each idle/travel/work/cheer row at native size and play only semantic reviewed cells. Capture gaze, hand/tool contact, full fin and the same-object payoff before considering new art.",f0c9947b093c489145945467af62e50ce748b56b344c55942b7532742bc64bc5
D2A-0076,assets/opera/worlds/actors/animation/roshan_racer_sheet_a.png,racer,actor atlas,current family / verify phase binding,4.1,"The racer sheet retains recognizable costume colors across 16 cells; work/gesture cells must be treated as authored poses until the exact played sequence is reviewed. Several work cells change tool, gesture or silhouette rather than forming one continuous task movement.","Review each idle/travel/work/cheer row at native size and play only semantic reviewed cells. Capture gaze, hand/tool contact, full fin and the same-object payoff before considering new art.",f62f881d42b439bde09a8bc7f6e0000125acd3e27aabf1fd39d90722ce75ca79
D2A-0573,assets/opera/worlds/widgets/widget_target_chef_mover.png,chef,widgets,current family / verify phase binding,4.1,"The cake mover includes a plate and bowls, combining subject and furniture in one image.",Verify the exact draw route: loaded does not mean displayed. Prefer existing isolated role art and truthful local material change; clean remnants or opaque backing in a separate derivative only if the live route needs it.,8a405e8aa7bcb2f7f36ace95967ec2d577d28e418e0303b49c64dcfa6ee31203
D2A-0588,assets/opera/worlds/widgets/widget_target_painter_mover.png,painter,widgets,current family / verify phase binding,4.1,"The twin-easel scene includes furniture and a platform, making a large multi-subject card.",Verify the exact draw route: loaded does not mean displayed. Prefer existing isolated role art and truthful local material change; clean remnants or opaque backing in a separate derivative only if the live route needs it.,158ebeaeaca6f30b2ccf173ece16f959c69645bb24f786e73bfce750e43ead97
D2A-0025,assets/flats/castle/opera_house_venue_2d/background_tiles/room_opera_house_venue_background_r0_c0.png,shared,background,current family / verify phase binding,4.2,"The venue tile is richly painted, but warm dark floor values and ornate trim can compete with entrances. This file is row 0, column 0 of a joined composition, not a standalone scene.","Reconstruct the complete current tile set; inspect seams, active crop, native-per-screen coverage and character/target contrast at two aspects. Preserve the existing composition.",4033aee34bc754a09f7a6f7ee458254a29e324d279c24ed0281d7f9554c9cc66
D2A-0026,assets/flats/castle/opera_house_venue_2d/background_tiles/room_opera_house_venue_background_r0_c1.png,shared,background,current family / verify phase binding,4.2,"The venue tile is richly painted, but warm dark floor values and ornate trim can compete with entrances. This file is row 0, column 1 of a joined composition, not a standalone scene.","Reconstruct the complete current tile set; inspect seams, active crop, native-per-screen coverage and character/target contrast at two aspects. Preserve the existing composition.",de71e10cda26a3f5833e450d7559a262e97218b994a1cba42bb2d3444daa208e
D2A-0027,assets/flats/castle/opera_house_venue_2d/background_tiles/room_opera_house_venue_background_r0_c2.png,shared,background,current family / verify phase binding,4.2,"The venue tile is richly painted, but warm dark floor values and ornate trim can compete with entrances. This file is row 0, column 2 of a joined composition, not a standalone scene.","Reconstruct the complete current tile set; inspect seams, active crop, native-per-screen coverage and character/target contrast at two aspects. Preserve the existing composition.",f74cd2ada8d3c796916e1009a9c0d9fda15a915ab097ebb34f7b5f994e9df684
D2A-0028,assets/flats/castle/opera_house_venue_2d/background_tiles/room_opera_house_venue_background_r0_c3.png,shared,background,current family / verify phase binding,4.2,"The venue tile is richly painted, but warm dark floor values and ornate trim can compete with entrances. This file is row 0, column 3 of a joined composition, not a standalone scene.","Reconstruct the complete current tile set; inspect seams, active crop, native-per-screen coverage and character/target contrast at two aspects. Preserve the existing composition.",229206b066610908e3f2bd23a7b07e823b2490755d567f73277d54e2a5d57ee9
D2A-0029,assets/flats/castle/opera_house_venue_2d/background_tiles/room_opera_house_venue_background_r1_c0.png,shared,background,current family / verify phase binding,4.2,"The venue tile is richly painted, but warm dark floor values and ornate trim can compete with entrances. This file is row 1, column 0 of a joined composition, not a standalone scene.","Reconstruct the complete current tile set; inspect seams, active crop, native-per-screen coverage and character/target contrast at two aspects. Preserve the existing composition.",4551b82106bc09c8df186d1f02b2c34125aed239182dd567b34f0fbf55bea42c
D2A-0030,assets/flats/castle/opera_house_venue_2d/background_tiles/room_opera_house_venue_background_r1_c1.png,shared,background,current family / verify phase binding,4.2,"The venue tile is richly painted, but warm dark floor values and ornate trim can compete with entrances. This file is row 1, column 1 of a joined composition, not a standalone scene.","Reconstruct the complete current tile set; inspect seams, active crop, native-per-screen coverage and character/target contrast at two aspects. Preserve the existing composition.",376690e68c355c92a39678f0a049a7dcf08fd96adcd77bc754fe3e52857fd7e8
D2A-0031,assets/flats/castle/opera_house_venue_2d/background_tiles/room_opera_house_venue_background_r1_c2.png,shared,background,current family / verify phase binding,4.2,"The venue tile is richly painted, but warm dark floor values and ornate trim can compete with entrances. This file is row 1, column 2 of a joined composition, not a standalone scene.","Reconstruct the complete current tile set; inspect seams, active crop, native-per-screen coverage and character/target contrast at two aspects. Preserve the existing composition.",ff8ee50d01722ab63488263735cf346439196c224fdaf6f5e6341d623f6b871a
D2A-0032,assets/flats/castle/opera_house_venue_2d/background_tiles/room_opera_house_venue_background_r1_c3.png,shared,background,current family / verify phase binding,4.2,"The venue tile is richly painted, but warm dark floor values and ornate trim can compete with entrances. This file is row 1, column 3 of a joined composition, not a standalone scene.","Reconstruct the complete current tile set; inspect seams, active crop, native-per-screen coverage and character/target contrast at two aspects. Preserve the existing composition.",534ad3861872663ff7fb9fd02ff5664a96cd51020e73072efbde7eb9441717ed
D2A-0061,assets/opera/tree_book_test/sky_lagoon_tree_sticker_tall_v1.png,arborist,tree_book_test,current family / verify phase binding,4.2,The narrow pine silhouette differs from the broad patient canopy; many fine needles reduce toy-like simplicity.,Use only for a documented tree/species role; do not substitute it for the healthy state of a different patient.,78d833ddea8f0efde6dd383827e808fa6cdcfeaa7df12d6400dba626001427c2
D2A-0069,assets/opera/worlds/actors/animation/roshan_doctor_sheet_a.png,doctor,actor atlas,current family / verify phase binding,4.2,"The doctor sheet retains recognizable costume colors across 16 cells; work/gesture cells must be treated as authored poses until the exact played sequence is reviewed. Several work cells change tool, gesture or silhouette rather than forming one continuous task movement.","Review each idle/travel/work/cheer row at native size and play only semantic reviewed cells. Capture gaze, hand/tool contact, full fin and the same-object payoff before considering new art.",bfffbd5389d63f8c9337a132bb20e09abbd4d8fc8471ec406fba2d722106a50e
D2A-0072,assets/opera/worlds/actors/animation/roshan_magician_sheet_a.png,magician,actor atlas,current family / verify phase binding,4.2,"The magician sheet retains recognizable costume colors across 16 cells; work/gesture cells must be treated as authored poses until the exact played sequence is reviewed. Several work cells change tool, gesture or silhouette rather than forming one continuous task movement.","Review each idle/travel/work/cheer row at native size and play only semantic reviewed cells. Capture gaze, hand/tool contact, full fin and the same-object payoff before considering new art.",768e6980fa8f4ca9cc3281a2fb1f23f0fcdeac8f2d524e6135b3be03eafc13cb
D2A-0077,assets/opera/worlds/actors/animation/roshan_teacher_sheet_a.png,teacher,actor atlas,current family / verify phase binding,4.2,"The teacher sheet retains recognizable costume colors across 16 cells; work/gesture cells must be treated as authored poses until the exact played sequence is reviewed. Several work cells change tool, gesture or silhouette rather than forming one continuous task movement.","Review each idle/travel/work/cheer row at native size and play only semantic reviewed cells. Capture gaze, hand/tool contact, full fin and the same-object payoff before considering new art.",2bddeebd6ca4fe0647e1f6deb670bfcab4d1183f36417e0a033e59c4788dd28c
D2A-0080,assets/opera/worlds/actors/imp_captain_bopped.png,shared,actors,inactive today / proposed contest pose reuse,4.2,"This generic imp bopped image has a complete rounded silhouette, consistent purple identity and clear warm accessories. The action/recovery shape needs a friendly job-specific role; source presence does not prove that an old combat phase still runs. Current supporting source inventory does not display this pose; proposed contest reuse is separate.","Check the actual phase loader and semantic pose. Reuse a suitable existing pose; capture its contact, scale, z-order and calm recovery before any new generation. Planned roles: none; retain inactive unless a specific authorized role is chosen.",d883096f91a22930e2993d3a0179c088649ee66ab4451734b1f6b87358d6c722
D2A-0082,assets/opera/worlds/actors/imp_captain_charge.png,shared,actors,inactive today / proposed contest pose reuse,4.2,"This generic imp charge image has a complete rounded silhouette, consistent purple identity and clear warm accessories. The action/recovery shape needs a friendly job-specific role; source presence does not prove that an old combat phase still runs. Current supporting source inventory does not display this pose; proposed contest reuse is separate.","Check the actual phase loader and semantic pose. Reuse a suitable existing pose; capture its contact, scale, z-order and calm recovery before any new generation. Planned roles: none; retain inactive unless a specific authorized role is chosen.",b30bb281809c64815a99a8b182ffe0834f9648cb81fc32cc60712ead613297a4
D2A-0086,assets/opera/worlds/actors/imp_captain_slash.png,shared,actors,inactive today / proposed contest pose reuse,4.2,"This generic imp slash image has a complete rounded silhouette, consistent purple identity and clear warm accessories. The action/recovery shape needs a friendly job-specific role; source presence does not prove that an old combat phase still runs. Current supporting source inventory does not display this pose; proposed contest reuse is separate.","Check the actual phase loader and semantic pose. Reuse a suitable existing pose; capture its contact, scale, z-order and calm recovery before any new generation. Planned roles: none; retain inactive unless a specific authorized role is chosen.",e0d2a8d768f85455fd2e11c25e5ca6eccd5337d757705344cb552296e7a97b48
D2A-0091,assets/opera/worlds/actors/imp_mischief_bopped.png,shared,actors,inactive today / proposed contest pose reuse,4.2,"This generic imp bopped image has a complete rounded silhouette, consistent purple identity and clear warm accessories. The action/recovery shape needs a friendly job-specific role; source presence does not prove that an old combat phase still runs. Current supporting source inventory does not display this pose; proposed contest reuse is separate.","Check the actual phase loader and semantic pose. Reuse a suitable existing pose; capture its contact, scale, z-order and calm recovery before any new generation. Planned roles: defeat (2) [nursery, owner option B].",3e184f72d0c252090ef4fadc398803bab28d41bae989aa219576cfcfde5e29c5
D2A-0093,assets/opera/worlds/actors/imp_mischief_charge.png,shared,actors,inactive today / proposed contest pose reuse,4.2,"This generic imp charge image has a complete rounded silhouette, consistent purple identity and clear warm accessories. The action/recovery shape needs a friendly job-specific role; source presence does not prove that an old combat phase still runs. Current supporting source inventory does not display this pose; proposed contest reuse is separate.","Check the actual phase loader and semantic pose. Reuse a suitable existing pose; capture its contact, scale, z-order and calm recovery before any new generation. Planned roles: working (reach) [nursery, owner option B].",af795c66a84d3710bf4367a0800f807be855bd551ed76331f72bb0d007fc284f
D2A-0097,assets/opera/worlds/actors/imp_mischief_slash.png,shared,actors,inactive today / proposed contest pose reuse,4.2,"This generic imp slash image has a complete rounded silhouette, consistent purple identity and clear warm accessories. The action/recovery shape needs a friendly job-specific role; source presence does not prove that an old combat phase still runs. Current supporting source inventory does not display this pose; proposed contest reuse is separate.","Check the actual phase loader and semantic pose. Reuse a suitable existing pose; capture its contact, scale, z-order and calm recovery before any new generation. Planned roles: working (place) [nursery, owner option B].",78ee98bbbe8012f8d3b99ac3af431271a1f3787a798ba9e12f3f09122e24f7c7
D2A-0102,assets/opera/worlds/actors/rival_astronaut_bopped.png,astronaut,actors,inactive today / proposed contest pose reuse,4.2,"This astronaut imp bopped image has a complete rounded silhouette, consistent purple identity and clear warm accessories. The action/recovery shape needs a friendly job-specific role; source presence does not prove that an old combat phase still runs. Current supporting source inventory does not display this pose; proposed contest reuse is separate.","Check the actual phase loader and semantic pose. Reuse a suitable existing pose; capture its contact, scale, z-order and calm recovery before any new generation. Planned roles: defeat (2), flub [astronaut].",247c320b72c4afb5a7ac0cb724e07cfd9e316cfd8af60dec0acf5dd01cbe27ed
D2A-0104,assets/opera/worlds/actors/rival_astronaut_charge.png,astronaut,actors,inactive today / proposed contest pose reuse,4.2,"This astronaut imp charge image has a complete rounded silhouette, consistent purple identity and clear warm accessories. The action/recovery shape needs a friendly job-specific role; source presence does not prove that an old combat phase still runs. Current supporting source inventory does not display this pose; proposed contest reuse is separate.","Check the actual phase loader and semantic pose. Reuse a suitable existing pose; capture its contact, scale, z-order and calm recovery before any new generation. Planned roles: working (reach).",e7150f765bf55ed83d3dff08b6528fb5eca3a4e1e36a9d29f1420373a4d0f1db
D2A-0110,assets/opera/worlds/actors/rival_astronaut_slash.png,astronaut,actors,inactive today / proposed contest pose reuse,4.2,"This astronaut imp slash image has a complete rounded silhouette, consistent purple identity and clear warm accessories. The action/recovery shape needs a friendly job-specific role; source presence does not prove that an old combat phase still runs. Current supporting source inventory does not display this pose; proposed contest reuse is separate.","Check the actual phase loader and semantic pose. Reuse a suitable existing pose; capture its contact, scale, z-order and calm recovery before any new generation. Planned roles: working (place).",cd00aa0659d11c8d0b53efb7a805c4834075d2e944e277a9268f79b72c73741d
D2A-0115,assets/opera/worlds/actors/rival_ballerina_bopped.png,ballerina,actors,inactive today / proposed contest pose reuse,4.2,"This ballerina imp bopped image has a complete rounded silhouette, consistent purple identity and clear warm accessories. The action/recovery shape needs a friendly job-specific role; source presence does not prove that an old combat phase still runs. Current supporting source inventory does not display this pose; proposed contest reuse is separate.","Check the actual phase loader and semantic pose. Reuse a suitable existing pose; capture its contact, scale, z-order and calm recovery before any new generation. Planned roles: defeat (2), flub [ballerina].",8f517dcca547a26903c87925936a452a3a30c5ceaf201dffc78b3267a1b45812
D2A-0117,assets/opera/worlds/actors/rival_ballerina_charge.png,ballerina,actors,inactive today / proposed contest pose reuse,4.2,"This ballerina imp charge image has a complete rounded silhouette, consistent purple identity and clear warm accessories. The action/recovery shape needs a friendly job-specific role; source presence does not prove that an old combat phase still runs. Current supporting source inventory does not display this pose; proposed contest reuse is separate.","Check the actual phase loader and semantic pose. Reuse a suitable existing pose; capture its contact, scale, z-order and calm recovery before any new generation. Planned roles: working (reach).",1050c0f7dc8e8e41160343542ebc32b79d9e3a15c593f9b9241ac03326a43424
D2A-0123,assets/opera/worlds/actors/rival_ballerina_slash.png,ballerina,actors,inactive today / proposed contest pose reuse,4.2,"This ballerina imp slash image has a complete rounded silhouette, consistent purple identity and clear warm accessories. The action/recovery shape needs a friendly job-specific role; source presence does not prove that an old combat phase still runs. Current supporting source inventory does not display this pose; proposed contest reuse is separate.","Check the actual phase loader and semantic pose. Reuse a suitable existing pose; capture its contact, scale, z-order and calm recovery before any new generation. Planned roles: working (place).",454283b236edc9234f386433e01777b82d4f224ee155eecdad9c6e99d16b8fdb
D2A-0128,assets/opera/worlds/actors/rival_boxer_bopped.png,boxer,actors,current source-bound imp pose,4.2,"This boxer imp bopped image has a complete rounded silhouette, consistent purple identity and clear warm accessories. The action/recovery shape needs a friendly job-specific role; source presence does not prove that an old combat phase still runs. Current supporting source inventory selects this pose.","Check the actual phase loader and semantic pose. Reuse a suitable existing pose; capture its contact, scale, z-order and calm recovery before any new generation. Planned roles: defeat (2).",a8650cbc88db6a39e9616e71eaa109f6362faba22758dacbbf3fd0f579567a0f
D2A-0130,assets/opera/worlds/actors/rival_boxer_charge.png,boxer,actors,current source-bound imp pose,4.2,"This boxer imp charge image has a complete rounded silhouette, consistent purple identity and clear warm accessories. The action/recovery shape needs a friendly job-specific role; source presence does not prove that an old combat phase still runs. Current supporting source inventory selects this pose.","Check the actual phase loader and semantic pose. Reuse a suitable existing pose; capture its contact, scale, z-order and calm recovery before any new generation. Planned roles: working (reach).",c9a4971df0ab627b836efab823d1f12008ba47535670d1b6202b30c7a1b50340
D2A-0136,assets/opera/worlds/actors/rival_boxer_slash.png,boxer,actors,inactive today / proposed contest pose reuse,4.2,"This boxer imp slash image has a complete rounded silhouette, consistent purple identity and clear warm accessories. The action/recovery shape needs a friendly job-specific role; source presence does not prove that an old combat phase still runs. Current supporting source inventory does not display this pose; proposed contest reuse is separate.","Check the actual phase loader and semantic pose. Reuse a suitable existing pose; capture its contact, scale, z-order and calm recovery before any new generation. Planned roles: working (place).",63991ece38f4132e640ea6c7a733a4759b8c685f06064d1335643caf9c6a1b00
D2A-0141,assets/opera/worlds/actors/rival_candymaker_bopped.png,candymaker,actors,inactive today / proposed contest pose reuse,4.2,"This candymaker imp bopped image has a complete rounded silhouette, consistent purple identity and clear warm accessories. The action/recovery shape needs a friendly job-specific role; source presence does not prove that an old combat phase still runs. Current supporting source inventory does not display this pose; proposed contest reuse is separate.","Check the actual phase loader and semantic pose. Reuse a suitable existing pose; capture its contact, scale, z-order and calm recovery before any new generation. Planned roles: defeat (2).",c5091363e53b2b24b56bc4d30815ca46be3f418bd5655d9ee06109b8288a0e4d
D2A-0143,assets/opera/worlds/actors/rival_candymaker_charge.png,candymaker,actors,inactive today / proposed contest pose reuse,4.2,"This candymaker imp charge image has a complete rounded silhouette, consistent purple identity and clear warm accessories. The action/recovery shape needs a friendly job-specific role; source presence does not prove that an old combat phase still runs. Current supporting source inventory does not display this pose; proposed contest reuse is separate.","Check the actual phase loader and semantic pose. Reuse a suitable existing pose; capture its contact, scale, z-order and calm recovery before any new generation. Planned roles: working (reach).",a35e2ed00054326a2a975142c1a5f3f9d4a22e363755cbe1f5ebffe6328b2f22
D2A-0149,assets/opera/worlds/actors/rival_candymaker_slash.png,candymaker,actors,inactive today / proposed contest pose reuse,4.2,"This candymaker imp slash image has a complete rounded silhouette, consistent purple identity and clear warm accessories. The action/recovery shape needs a friendly job-specific role; source presence does not prove that an old combat phase still runs. Current supporting source inventory does not display this pose; proposed contest reuse is separate.","Check the actual phase loader and semantic pose. Reuse a suitable existing pose; capture its contact, scale, z-order and calm recovery before any new generation. Planned roles: working (place).",b834f5a9120f609532af2b9fc629c6fae63a67b0bfed77d280f8e20f3a05485b
D2A-0154,assets/opera/worlds/actors/rival_chef_bopped.png,chef,actors,inactive today / proposed contest pose reuse,4.2,"This chef imp bopped image has a complete rounded silhouette, consistent purple identity and clear warm accessories. The action/recovery shape needs a friendly job-specific role; source presence does not prove that an old combat phase still runs. Current supporting source inventory does not display this pose; proposed contest reuse is separate.","Check the actual phase loader and semantic pose. Reuse a suitable existing pose; capture its contact, scale, z-order and calm recovery before any new generation. Planned roles: defeat (2), flub [chef].",17ce0af68392ea27954f5c4251e9c9aceb6bbe069302859e665c4c915539b3db
D2A-0156,assets/opera/worlds/actors/rival_chef_charge.png,chef,actors,inactive today / proposed contest pose reuse,4.2,"This chef imp charge image has a complete rounded silhouette, consistent purple identity and clear warm accessories. The action/recovery shape needs a friendly job-specific role; source presence does not prove that an old combat phase still runs. Current supporting source inventory does not display this pose; proposed contest reuse is separate.","Check the actual phase loader and semantic pose. Reuse a suitable existing pose; capture its contact, scale, z-order and calm recovery before any new generation. Planned roles: working (reach).",7d7309dcbf93da8ad59f24b1eb768ceec862c7306ad854c44024b0cbb188cbea
D2A-0162,assets/opera/worlds/actors/rival_chef_slash.png,chef,actors,inactive today / proposed contest pose reuse,4.2,"This chef imp slash image has a complete rounded silhouette, consistent purple identity and clear warm accessories. The action/recovery shape needs a friendly job-specific role; source presence does not prove that an old combat phase still runs. Current supporting source inventory does not display this pose; proposed contest reuse is separate.","Check the actual phase loader and semantic pose. Reuse a suitable existing pose; capture its contact, scale, z-order and calm recovery before any new generation. Planned roles: working (place).",18c6653ad389ae67ff774e037cac2ed39163739a17cc4f05bc9102a0a601e065
D2A-0167,assets/opera/worlds/actors/rival_detective_bopped.png,detective,actors,inactive today / proposed contest pose reuse,4.2,"This detective imp bopped image has a complete rounded silhouette, consistent purple identity and clear warm accessories. The action/recovery shape needs a friendly job-specific role; source presence does not prove that an old combat phase still runs. The dark coat needs separation from the deep-value backdrop. Current supporting source inventory does not display this pose; proposed contest reuse is separate.","Check the actual phase loader and semantic pose. Reuse a suitable existing pose; capture its contact, scale, z-order and calm recovery before any new generation. Planned roles: defeat (2).",4c49aea866f8200879567ad74928a4bc72b124861bf0023fd6776b82575b601d
D2A-0169,assets/opera/worlds/actors/rival_detective_charge.png,detective,actors,inactive today / proposed contest pose reuse,4.2,"This detective imp charge image has a complete rounded silhouette, consistent purple identity and clear warm accessories. The action/recovery shape needs a friendly job-specific role; source presence does not prove that an old combat phase still runs. The dark coat needs separation from the deep-value backdrop. Current supporting source inventory does not display this pose; proposed contest reuse is separate.","Check the actual phase loader and semantic pose. Reuse a suitable existing pose; capture its contact, scale, z-order and calm recovery before any new generation. Planned roles: working (reach).",88199101381c9190d748d9643fae3249f2eaedfae1c30817b2bead0896b22c25
D2A-0175,assets/opera/worlds/actors/rival_detective_slash.png,detective,actors,inactive today / proposed contest pose reuse,4.2,"This detective imp slash image has a complete rounded silhouette, consistent purple identity and clear warm accessories. The action/recovery shape needs a friendly job-specific role; source presence does not prove that an old combat phase still runs. The dark coat needs separation from the deep-value backdrop. Current supporting source inventory does not display this pose; proposed contest reuse is separate.","Check the actual phase loader and semantic pose. Reuse a suitable existing pose; capture its contact, scale, z-order and calm recovery before any new generation. Planned roles: working (place).",1d3ff9e9fbdd1c0c6b490f73bc7cc19bab09c6e9a47e8f3d85a88293450b6d39
D2A-0180,assets/opera/worlds/actors/rival_doctor_bopped.png,doctor,actors,inactive today / proposed contest pose reuse,4.2,"This doctor imp bopped image has a complete rounded silhouette, consistent purple identity and clear warm accessories. The action/recovery shape needs a friendly job-specific role; source presence does not prove that an old combat phase still runs. Current supporting source inventory does not display this pose; proposed contest reuse is separate.","Check the actual phase loader and semantic pose. Reuse a suitable existing pose; capture its contact, scale, z-order and calm recovery before any new generation. Planned roles: defeat (2).",25c36becabb9ceeb936f6b82a0fcf9fb03531c2ff73df27334321074dfd28eaf
D2A-0182,assets/opera/worlds/actors/rival_doctor_charge.png,doctor,actors,inactive today / proposed contest pose reuse,4.2,"This doctor imp charge image has a complete rounded silhouette, consistent purple identity and clear warm accessories. The action/recovery shape needs a friendly job-specific role; source presence does not prove that an old combat phase still runs. Current supporting source inventory does not display this pose; proposed contest reuse is separate.","Check the actual phase loader and semantic pose. Reuse a suitable existing pose; capture its contact, scale, z-order and calm recovery before any new generation. Planned roles: working (reach).",526fdf9ec4935a6d79aeeaf2f589ac635ca221a46e7d63f1585ae1cdafcc4608
D2A-0188,assets/opera/worlds/actors/rival_doctor_slash.png,doctor,actors,inactive today / proposed contest pose reuse,4.2,"This doctor imp slash image has a complete rounded silhouette, consistent purple identity and clear warm accessories. The action/recovery shape needs a friendly job-specific role; source presence does not prove that an old combat phase still runs. Current supporting source inventory does not display this pose; proposed contest reuse is separate.","Check the actual phase loader and semantic pose. Reuse a suitable existing pose; capture its contact, scale, z-order and calm recovery before any new generation. Planned roles: working (place).",ede9cdc85f949c9b6feeecc52d60459d74577d12e216bb188a8f7103eefa2296
D2A-0193,assets/opera/worlds/actors/rival_farmer_bopped.png,farmer,actors,inactive today / proposed contest pose reuse,4.2,"This farmer imp bopped image has a complete rounded silhouette, consistent purple identity and clear warm accessories. The action/recovery shape needs a friendly job-specific role; source presence does not prove that an old combat phase still runs. Current supporting source inventory does not display this pose; proposed contest reuse is separate.","Check the actual phase loader and semantic pose. Reuse a suitable existing pose; capture its contact, scale, z-order and calm recovery before any new generation. Planned roles: defeat (2), flub [farmer].",6cff8f9bca7ef2733525d4011fae7bb87a5190df445a2ce9cc3adeac7690502e
D2A-0195,assets/opera/worlds/actors/rival_farmer_charge.png,farmer,actors,inactive today / proposed contest pose reuse,4.2,"This farmer imp charge image has a complete rounded silhouette, consistent purple identity and clear warm accessories. The action/recovery shape needs a friendly job-specific role; source presence does not prove that an old combat phase still runs. Current supporting source inventory does not display this pose; proposed contest reuse is separate.","Check the actual phase loader and semantic pose. Reuse a suitable existing pose; capture its contact, scale, z-order and calm recovery before any new generation. Planned roles: working (reach), flub [farmer].",e36e51332c3dedbbc71acf832134fe74cec17317c103130c8fb526c169e06e45
D2A-0201,assets/opera/worlds/actors/rival_farmer_slash.png,farmer,actors,inactive today / proposed contest pose reuse,4.2,"This farmer imp slash image has a complete rounded silhouette, consistent purple identity and clear warm accessories. The action/recovery shape needs a friendly job-specific role; source presence does not prove that an old combat phase still runs. Current supporting source inventory does not display this pose; proposed contest reuse is separate.","Check the actual phase loader and semantic pose. Reuse a suitable existing pose; capture its contact, scale, z-order and calm recovery before any new generation. Planned roles: working (place).",295e4bd4caaf3880a0accb00886949ecd6d8b723c16fc7f66db20cab3f47e60c
D2A-0206,assets/opera/worlds/actors/rival_magician_bopped.png,magician,actors,inactive today / proposed contest pose reuse,4.2,"This magician imp bopped image has a complete rounded silhouette, consistent purple identity and clear warm accessories. The action/recovery shape needs a friendly job-specific role; source presence does not prove that an old combat phase still runs. The dark coat needs separation from the deep-value backdrop. Current supporting source inventory does not display this pose; proposed contest reuse is separate.","Check the actual phase loader and semantic pose. Reuse a suitable existing pose; capture its contact, scale, z-order and calm recovery before any new generation. Planned roles: defeat (2).",13ea0f21902bf07a6caa3281e0a668cab561f9c1abdd70f879bdd601acb9c241
D2A-0208,assets/opera/worlds/actors/rival_magician_charge.png,magician,actors,inactive today / proposed contest pose reuse,4.2,"This magician imp charge image has a complete rounded silhouette, consistent purple identity and clear warm accessories. The action/recovery shape needs a friendly job-specific role; source presence does not prove that an old combat phase still runs. The dark coat needs separation from the deep-value backdrop. Current supporting source inventory does not display this pose; proposed contest reuse is separate.","Check the actual phase loader and semantic pose. Reuse a suitable existing pose; capture its contact, scale, z-order and calm recovery before any new generation. Planned roles: working (reach).",b434a73357f784232b8fc67152c532e749d202e05f1be18b0d786eed8934520d
D2A-0214,assets/opera/worlds/actors/rival_magician_slash.png,magician,actors,inactive today / proposed contest pose reuse,4.2,"This magician imp slash image has a complete rounded silhouette, consistent purple identity and clear warm accessories. The action/recovery shape needs a friendly job-specific role; source presence does not prove that an old combat phase still runs. The dark coat needs separation from the deep-value backdrop. Current supporting source inventory does not display this pose; proposed contest reuse is separate.","Check the actual phase loader and semantic pose. Reuse a suitable existing pose; capture its contact, scale, z-order and calm recovery before any new generation. Planned roles: working (place).",a1737e51b8bc1ff1f0f8c32f92f1ba7541f5c35dd39eb53b68f027b3491c6763
D2A-0219,assets/opera/worlds/actors/rival_painter_bopped.png,painter,actors,inactive today / proposed contest pose reuse,4.2,"This painter imp bopped image has a complete rounded silhouette, consistent purple identity and clear warm accessories. The action/recovery shape needs a friendly job-specific role; source presence does not prove that an old combat phase still runs. Current supporting source inventory does not display this pose; proposed contest reuse is separate.","Check the actual phase loader and semantic pose. Reuse a suitable existing pose; capture its contact, scale, z-order and calm recovery before any new generation. Planned roles: defeat (2).",e40543f3823ad9e25ae9006300ffc28eb18851f03bf20df3f0ec897faf6c09cb
D2A-0221,assets/opera/worlds/actors/rival_painter_charge.png,painter,actors,inactive today / proposed contest pose reuse,4.2,"This painter imp charge image has a complete rounded silhouette, consistent purple identity and clear warm accessories. The action/recovery shape needs a friendly job-specific role; source presence does not prove that an old combat phase still runs. Current supporting source inventory does not display this pose; proposed contest reuse is separate.","Check the actual phase loader and semantic pose. Reuse a suitable existing pose; capture its contact, scale, z-order and calm recovery before any new generation. Planned roles: working (reach).",144fd8f380ca7684b3052ea7eeed3be0bc7a3ab56db51a7b698b0752d4dfa840
D2A-0227,assets/opera/worlds/actors/rival_painter_slash.png,painter,actors,inactive today / proposed contest pose reuse,4.2,"This painter imp slash image has a complete rounded silhouette, consistent purple identity and clear warm accessories. The action/recovery shape needs a friendly job-specific role; source presence does not prove that an old combat phase still runs. Current supporting source inventory does not display this pose; proposed contest reuse is separate.","Check the actual phase loader and semantic pose. Reuse a suitable existing pose; capture its contact, scale, z-order and calm recovery before any new generation. Planned roles: working (place), flub [painter].",ec6b8c8839bfc6f43847e3ba0f39019e44a071f99158def4c14d50979df0fef7
D2A-0232,assets/opera/worlds/actors/rival_popstar_bopped.png,popstar,actors,inactive today / proposed contest pose reuse,4.2,"This popstar imp bopped image has a complete rounded silhouette, consistent purple identity and clear warm accessories. The action/recovery shape needs a friendly job-specific role; source presence does not prove that an old combat phase still runs. Current supporting source inventory does not display this pose; proposed contest reuse is separate.","Check the actual phase loader and semantic pose. Reuse a suitable existing pose; capture its contact, scale, z-order and calm recovery before any new generation. Planned roles: defeat (2).",c34c1b0bf3c18791698355af735ca55bfe2637e7b20a2a50ee72ec594bb2e2e8
D2A-0234,assets/opera/worlds/actors/rival_popstar_charge.png,popstar,actors,inactive today / proposed contest pose reuse,4.2,"This popstar imp charge image has a complete rounded silhouette, consistent purple identity and clear warm accessories. The action/recovery shape needs a friendly job-specific role; source presence does not prove that an old combat phase still runs. Current supporting source inventory does not display this pose; proposed contest reuse is separate.","Check the actual phase loader and semantic pose. Reuse a suitable existing pose; capture its contact, scale, z-order and calm recovery before any new generation. Planned roles: working (reach).",609330cabd74c0f379334ca3a5aaa8d916ebfea0978ee1b74fe20f7a734b3d7c
D2A-0240,assets/opera/worlds/actors/rival_popstar_slash.png,popstar,actors,inactive today / proposed contest pose reuse,4.2,"This popstar imp slash image has a complete rounded silhouette, consistent purple identity and clear warm accessories. The action/recovery shape needs a friendly job-specific role; source presence does not prove that an old combat phase still runs. Current supporting source inventory does not display this pose; proposed contest reuse is separate.","Check the actual phase loader and semantic pose. Reuse a suitable existing pose; capture its contact, scale, z-order and calm recovery before any new generation. Planned roles: working (place).",960b492a0b876fc425f514fa06b3b7c987e906dcd86e38f84fe5fb91ed114536
D2A-0245,assets/opera/worlds/actors/rival_racer_bopped.png,racer,actors,inactive today / proposed contest pose reuse,4.2,"This racer imp bopped image has a complete rounded silhouette, consistent purple identity and clear warm accessories. The action/recovery shape needs a friendly job-specific role; source presence does not prove that an old combat phase still runs. Current supporting source inventory does not display this pose; proposed contest reuse is separate.","Check the actual phase loader and semantic pose. Reuse a suitable existing pose; capture its contact, scale, z-order and calm recovery before any new generation. Planned roles: defeat (2).",1f4cf365fe91f6e6782242b646377b851d9b728d4902fb0d8feac327b7539092
D2A-0247,assets/opera/worlds/actors/rival_racer_charge.png,racer,actors,inactive today / proposed contest pose reuse,4.2,"This racer imp charge image has a complete rounded silhouette, consistent purple identity and clear warm accessories. The action/recovery shape needs a friendly job-specific role; source presence does not prove that an old combat phase still runs. Current supporting source inventory does not display this pose; proposed contest reuse is separate.","Check the actual phase loader and semantic pose. Reuse a suitable existing pose; capture its contact, scale, z-order and calm recovery before any new generation. Planned roles: working (reach).",1f2759daa3cb81f22bed74685315189aaab851026b9810ad079e932ca52a9c4c
D2A-0253,assets/opera/worlds/actors/rival_racer_slash.png,racer,actors,inactive today / proposed contest pose reuse,4.2,"This racer imp slash image has a complete rounded silhouette, consistent purple identity and clear warm accessories. The action/recovery shape needs a friendly job-specific role; source presence does not prove that an old combat phase still runs. Current supporting source inventory does not display this pose; proposed contest reuse is separate.","Check the actual phase loader and semantic pose. Reuse a suitable existing pose; capture its contact, scale, z-order and calm recovery before any new generation. Planned roles: working (place).",e011616983c8204e662dafc475a5bf88623184324a7da398f25655ac8a85888d
D2A-0283,assets/opera/worlds/backdrops/stage_candymaker_c0r0.png,candymaker,background,current family / verify phase binding,4.2,"Several machines and tiny sweets make the workshop visually busy. Padded/soft outer areas are visible in the source; the four-tile runtime crop excludes part of that padding, so a live blurred border is not inferred.","Reconstruct the complete current tile set; inspect seams, active crop, native-per-screen coverage and character/target contrast at two aspects. Preserve the existing composition.",994e9311841c21ebbfbbd2defcf97cfa9982a5b14726032c4176ae97d586b040
D2A-0284,assets/opera/worlds/backdrops/stage_candymaker_c0r1.png,candymaker,background,current family / verify phase binding,4.2,"Several machines and tiny sweets make the workshop visually busy. Padded/soft outer areas are visible in the source; the four-tile runtime crop excludes part of that padding, so a live blurred border is not inferred.","Reconstruct the complete current tile set; inspect seams, active crop, native-per-screen coverage and character/target contrast at two aspects. Preserve the existing composition.",fde2e660380b323a75628e15756334dd6345a9b7dbe8830f5aa7b4d54bdc3bcc
D2A-0285,assets/opera/worlds/backdrops/stage_candymaker_c1r0.png,candymaker,background,current family / verify phase binding,4.2,"Several machines and tiny sweets make the workshop visually busy. Padded/soft outer areas are visible in the source; the four-tile runtime crop excludes part of that padding, so a live blurred border is not inferred.","Reconstruct the complete current tile set; inspect seams, active crop, native-per-screen coverage and character/target contrast at two aspects. Preserve the existing composition.",44eb1e36ac758dcd135cfd6de84f7f992209f67a02c9b81e189051b6471fb8bf
D2A-0286,assets/opera/worlds/backdrops/stage_candymaker_c1r1.png,candymaker,background,current family / verify phase binding,4.2,"Several machines and tiny sweets make the workshop visually busy. Padded/soft outer areas are visible in the source; the four-tile runtime crop excludes part of that padding, so a live blurred border is not inferred.","Reconstruct the complete current tile set; inspect seams, active crop, native-per-screen coverage and character/target contrast at two aspects. Preserve the existing composition.",501ff6b6b089ef9ad809443c1cb57e0e7a1fc7446f5c1352d6991f4e5d343125
D2A-0315,assets/opera/worlds/backdrops/stage_popstar_c0r0.png,popstar,background,current family / verify phase binding,4.2,"Arrows, music buildings and bright trim create multiple competing focal points. Padded/soft outer areas are visible in the source; the four-tile runtime crop excludes part of that padding, so a live blurred border is not inferred.","Reconstruct the complete current tile set; inspect seams, active crop, native-per-screen coverage and character/target contrast at two aspects. Preserve the existing composition.",364b5668f4486340de9c55a3e807c1f4213e54dbf4701021aa9e8332e108eba5
D2A-0316,assets/opera/worlds/backdrops/stage_popstar_c0r1.png,popstar,background,current family / verify phase binding,4.2,"Arrows, music buildings and bright trim create multiple competing focal points. Padded/soft outer areas are visible in the source; the four-tile runtime crop excludes part of that padding, so a live blurred border is not inferred.","Reconstruct the complete current tile set; inspect seams, active crop, native-per-screen coverage and character/target contrast at two aspects. Preserve the existing composition.",6e4a669d5f66d1a98d78fb14c4d7313d74884969fc768f4e4f94de697189fc8a
D2A-0317,assets/opera/worlds/backdrops/stage_popstar_c1r0.png,popstar,background,current family / verify phase binding,4.2,"Arrows, music buildings and bright trim create multiple competing focal points. Padded/soft outer areas are visible in the source; the four-tile runtime crop excludes part of that padding, so a live blurred border is not inferred.","Reconstruct the complete current tile set; inspect seams, active crop, native-per-screen coverage and character/target contrast at two aspects. Preserve the existing composition.",56237d44961b8dba17fa628d809d0f30ae226997328cf818a4c2c42c56baca18
D2A-0318,assets/opera/worlds/backdrops/stage_popstar_c1r1.png,popstar,background,current family / verify phase binding,4.2,"Arrows, music buildings and bright trim create multiple competing focal points. Padded/soft outer areas are visible in the source; the four-tile runtime crop excludes part of that padding, so a live blurred border is not inferred.","Reconstruct the complete current tile set; inspect seams, active crop, native-per-screen coverage and character/target contrast at two aspects. Preserve the existing composition.",597a9ab911623ab600b538dd4a9535280651d5717a04fd6cdf7f51f37b081b8c
D2A-0338,assets/opera/worlds/backdrops/world_candymaker.png,candymaker,background,current family / verify phase binding,4.2,"Several machines and tiny sweets make the workshop visually busy. Padded/soft outer areas are visible in the source; the four-tile runtime crop excludes part of that padding, so a live blurred border is not inferred.","Reconstruct the complete current tile set; inspect seams, active crop, native-per-screen coverage and character/target contrast at two aspects. Preserve the existing composition.",19ac984638fea33e0f0cb649b7d51b1364f13c36f0e5c5dd4e883dc283ef5d48
D2A-0339,assets/opera/worlds/backdrops/world_candymaker_c0r0.png,candymaker,background,current family / verify phase binding,4.2,"Several machines and tiny sweets make the workshop visually busy. Padded/soft outer areas are visible in the source; the four-tile runtime crop excludes part of that padding, so a live blurred border is not inferred.","Reconstruct the complete current tile set; inspect seams, active crop, native-per-screen coverage and character/target contrast at two aspects. Preserve the existing composition.",c3bf6be20a34de6070ac763c640f19f39ce13ee40bc580d737a79490caab4d86
D2A-0340,assets/opera/worlds/backdrops/world_candymaker_c0r1.png,candymaker,background,current family / verify phase binding,4.2,"Several machines and tiny sweets make the workshop visually busy. Padded/soft outer areas are visible in the source; the four-tile runtime crop excludes part of that padding, so a live blurred border is not inferred.","Reconstruct the complete current tile set; inspect seams, active crop, native-per-screen coverage and character/target contrast at two aspects. Preserve the existing composition.",8ea70a93e5703ff7f3a07a5ec5c1812c1e1bb16805c2f83e3a889e4e44e85483
D2A-0341,assets/opera/worlds/backdrops/world_candymaker_c1r0.png,candymaker,background,current family / verify phase binding,4.2,"Several machines and tiny sweets make the workshop visually busy. Padded/soft outer areas are visible in the source; the four-tile runtime crop excludes part of that padding, so a live blurred border is not inferred.","Reconstruct the complete current tile set; inspect seams, active crop, native-per-screen coverage and character/target contrast at two aspects. Preserve the existing composition.",4b573a1689e3c21cd920f727d6139e5cae4acdabb02960db70eaa313cd798106
D2A-0342,assets/opera/worlds/backdrops/world_candymaker_c1r1.png,candymaker,background,current family / verify phase binding,4.2,"Several machines and tiny sweets make the workshop visually busy. Padded/soft outer areas are visible in the source; the four-tile runtime crop excludes part of that padding, so a live blurred border is not inferred.","Reconstruct the complete current tile set; inspect seams, active crop, native-per-screen coverage and character/target contrast at two aspects. Preserve the existing composition.",167626be69d208d4080ba0cb302278a20d39d74505b2fcc56923f3c7a0a8bc2c
D2A-0377,assets/opera/worlds/backdrops/world_popstar.png,popstar,background,current family / verify phase binding,4.2,"Arrows, music buildings and bright trim create multiple competing focal points. Padded/soft outer areas are visible in the source; the four-tile runtime crop excludes part of that padding, so a live blurred border is not inferred.","Reconstruct the complete current tile set; inspect seams, active crop, native-per-screen coverage and character/target contrast at two aspects. Preserve the existing composition.",d97a8a3dc10e6c3bb9c7f84facbb0fc3ba098e7cff3c786b5f1ba2106787a988
D2A-0378,assets/opera/worlds/backdrops/world_popstar_c0r0.png,popstar,background,current family / verify phase binding,4.2,"Arrows, music buildings and bright trim create multiple competing focal points. Padded/soft outer areas are visible in the source; the four-tile runtime crop excludes part of that padding, so a live blurred border is not inferred.","Reconstruct the complete current tile set; inspect seams, active crop, native-per-screen coverage and character/target contrast at two aspects. Preserve the existing composition.",f62f57c392242f6017999654a4080490101a098f51e8277566fc42c9cb928e95
D2A-0379,assets/opera/worlds/backdrops/world_popstar_c0r1.png,popstar,background,current family / verify phase binding,4.2,"Arrows, music buildings and bright trim create multiple competing focal points. Padded/soft outer areas are visible in the source; the four-tile runtime crop excludes part of that padding, so a live blurred border is not inferred.","Reconstruct the complete current tile set; inspect seams, active crop, native-per-screen coverage and character/target contrast at two aspects. Preserve the existing composition.",9fdc0bae230fc20d1fcf1ec6866afa66ed9cd9e113fc8f88715d5b41c8477dd8
D2A-0380,assets/opera/worlds/backdrops/world_popstar_c1r0.png,popstar,background,current family / verify phase binding,4.2,"Arrows, music buildings and bright trim create multiple competing focal points. Padded/soft outer areas are visible in the source; the four-tile runtime crop excludes part of that padding, so a live blurred border is not inferred.","Reconstruct the complete current tile set; inspect seams, active crop, native-per-screen coverage and character/target contrast at two aspects. Preserve the existing composition.",c0eefd559f1e03cedbf536415c12125225202a0cd2f1c4d7b25fbb6ec7a1662c
D2A-0381,assets/opera/worlds/backdrops/world_popstar_c1r1.png,popstar,background,current family / verify phase binding,4.2,"Arrows, music buildings and bright trim create multiple competing focal points. Padded/soft outer areas are visible in the source; the four-tile runtime crop excludes part of that padding, so a live blurred border is not inferred.","Reconstruct the complete current tile set; inspect seams, active crop, native-per-screen coverage and character/target contrast at two aspects. Preserve the existing composition.",5032e57080a5efbd4377ea1815ee01ea6465ac672620f145d166c9aee7162483
D2A-0275,assets/opera/worlds/backdrops/stage_ballerina_c0r0.png,ballerina,background,current family / verify phase binding,4.3,"Dense garden/platform decoration competes with a quiet dance focus. Padded/soft outer areas are visible in the source; the four-tile runtime crop excludes part of that padding, so a live blurred border is not inferred.","Reconstruct the complete current tile set; inspect seams, active crop, native-per-screen coverage and character/target contrast at two aspects. Preserve the existing composition.",405fa2471603227c202b095f9a409cb7bcb70aac836e1f6fe507cfdba862e6e8
D2A-0276,assets/opera/worlds/backdrops/stage_ballerina_c0r1.png,ballerina,background,current family / verify phase binding,4.3,"Dense garden/platform decoration competes with a quiet dance focus. Padded/soft outer areas are visible in the source; the four-tile runtime crop excludes part of that padding, so a live blurred border is not inferred.","Reconstruct the complete current tile set; inspect seams, active crop, native-per-screen coverage and character/target contrast at two aspects. Preserve the existing composition.",e240fa5e9968a999c7a8df6feaf843d9dcd83b3437e6ad01f1f92f4b291bfb32
D2A-0277,assets/opera/worlds/backdrops/stage_ballerina_c1r0.png,ballerina,background,current family / verify phase binding,4.3,"Dense garden/platform decoration competes with a quiet dance focus. Padded/soft outer areas are visible in the source; the four-tile runtime crop excludes part of that padding, so a live blurred border is not inferred.","Reconstruct the complete current tile set; inspect seams, active crop, native-per-screen coverage and character/target contrast at two aspects. Preserve the existing composition.",798a7f025f3219a7717b6e34ed2ab10d85e72506d84603d0735a0e80c5152dc3
D2A-0278,assets/opera/worlds/backdrops/stage_ballerina_c1r1.png,ballerina,background,current family / verify phase binding,4.3,"Dense garden/platform decoration competes with a quiet dance focus. Padded/soft outer areas are visible in the source; the four-tile runtime crop excludes part of that padding, so a live blurred border is not inferred.","Reconstruct the complete current tile set; inspect seams, active crop, native-per-screen coverage and character/target contrast at two aspects. Preserve the existing composition.",e91833407e8304ceea85a505707246d1416d6b3c0a673040a5299cb61fca8e1e
D2A-0287,assets/opera/worlds/backdrops/stage_chef_c0r0.png,chef,background,current family / verify phase binding,4.3,"Rich warm kitchen detail needs separation from the live cake and tools. Padded/soft outer areas are visible in the source; the four-tile runtime crop excludes part of that padding, so a live blurred border is not inferred.","Reconstruct the complete current tile set; inspect seams, active crop, native-per-screen coverage and character/target contrast at two aspects. Preserve the existing composition.",ab374bbacddc0dd8cab4f0ead00b5f352adf9c3d1318b23ed213828753e3ffd9
D2A-0288,assets/opera/worlds/backdrops/stage_chef_c0r1.png,chef,background,current family / verify phase binding,4.3,"Rich warm kitchen detail needs separation from the live cake and tools. Padded/soft outer areas are visible in the source; the four-tile runtime crop excludes part of that padding, so a live blurred border is not inferred.","Reconstruct the complete current tile set; inspect seams, active crop, native-per-screen coverage and character/target contrast at two aspects. Preserve the existing composition.",5dd883fb715a94eaee75606cb4c9ae0893f1cc1971f9e17fecbf148832965861
D2A-0289,assets/opera/worlds/backdrops/stage_chef_c1r0.png,chef,background,current family / verify phase binding,4.3,"Rich warm kitchen detail needs separation from the live cake and tools. Padded/soft outer areas are visible in the source; the four-tile runtime crop excludes part of that padding, so a live blurred border is not inferred.","Reconstruct the complete current tile set; inspect seams, active crop, native-per-screen coverage and character/target contrast at two aspects. Preserve the existing composition.",9200e9f86aae8b8593e2a25a1dc73250b870f0227fa7fb9b2d8e2e30833f599d
D2A-0290,assets/opera/worlds/backdrops/stage_chef_c1r1.png,chef,background,current family / verify phase binding,4.3,"Rich warm kitchen detail needs separation from the live cake and tools. Padded/soft outer areas are visible in the source; the four-tile runtime crop excludes part of that padding, so a live blurred border is not inferred.","Reconstruct the complete current tile set; inspect seams, active crop, native-per-screen coverage and character/target contrast at two aspects. Preserve the existing composition.",38059081d8db313e0ccf4d87c10f70d486d582f38b5498693a127b6815f3d58e
D2A-0299,assets/opera/worlds/backdrops/stage_farmer_c0r0.png,farmer,background,current family / verify phase binding,4.3,"Warm textured barn and produce detail can compete with the small live seed and vegetables. Padded/soft outer areas are visible in the source; the four-tile runtime crop excludes part of that padding, so a live blurred border is not inferred.","Reconstruct the complete current tile set; inspect seams, active crop, native-per-screen coverage and character/target contrast at two aspects. Preserve the existing composition.",4cb326b752ed25401cf1cbe104273abad490279b174224b8278cc486e3697428
D2A-0300,assets/opera/worlds/backdrops/stage_farmer_c0r1.png,farmer,background,current family / verify phase binding,4.3,"Warm textured barn and produce detail can compete with the small live seed and vegetables. Padded/soft outer areas are visible in the source; the four-tile runtime crop excludes part of that padding, so a live blurred border is not inferred.","Reconstruct the complete current tile set; inspect seams, active crop, native-per-screen coverage and character/target contrast at two aspects. Preserve the existing composition.",782299a7d22509a8f301f1f6fade0163626d8af908e16bd655227eceea0931a2
D2A-0301,assets/opera/worlds/backdrops/stage_farmer_c1r0.png,farmer,background,current family / verify phase binding,4.3,"Warm textured barn and produce detail can compete with the small live seed and vegetables. Padded/soft outer areas are visible in the source; the four-tile runtime crop excludes part of that padding, so a live blurred border is not inferred.","Reconstruct the complete current tile set; inspect seams, active crop, native-per-screen coverage and character/target contrast at two aspects. Preserve the existing composition.",f23f1014d6ac4b13c37a24683dd52b04c022b6b303af6e13e5f3f11ba3641db8
D2A-0302,assets/opera/worlds/backdrops/stage_farmer_c1r1.png,farmer,background,current family / verify phase binding,4.3,"Warm textured barn and produce detail can compete with the small live seed and vegetables. Padded/soft outer areas are visible in the source; the four-tile runtime crop excludes part of that padding, so a live blurred border is not inferred.","Reconstruct the complete current tile set; inspect seams, active crop, native-per-screen coverage and character/target contrast at two aspects. Preserve the existing composition.",df1a45957ab2db8187993b035a01a2878cf3208bfa928011d2424522d54490ab
D2A-0303,assets/opera/worlds/backdrops/stage_magician_c0r0.png,magician,background,current family / verify phase binding,4.3,"Many ornate hats and platforms need clear ownership for the one active trick. Padded/soft outer areas are visible in the source; the four-tile runtime crop excludes part of that padding, so a live blurred border is not inferred.","Reconstruct the complete current tile set; inspect seams, active crop, native-per-screen coverage and character/target contrast at two aspects. Preserve the existing composition.",84e4ee759f240675c9d355356b373e7463f12496166308cdcd998fff5dffef9e
D2A-0304,assets/opera/worlds/backdrops/stage_magician_c0r1.png,magician,background,current family / verify phase binding,4.3,"Many ornate hats and platforms need clear ownership for the one active trick. Padded/soft outer areas are visible in the source; the four-tile runtime crop excludes part of that padding, so a live blurred border is not inferred.","Reconstruct the complete current tile set; inspect seams, active crop, native-per-screen coverage and character/target contrast at two aspects. Preserve the existing composition.",11230a06b81d60ae09a5c17e66c3a5a0e6c81d158fa67a4914c6345d461ed151
D2A-0305,assets/opera/worlds/backdrops/stage_magician_c1r0.png,magician,background,current family / verify phase binding,4.3,"Many ornate hats and platforms need clear ownership for the one active trick. Padded/soft outer areas are visible in the source; the four-tile runtime crop excludes part of that padding, so a live blurred border is not inferred.","Reconstruct the complete current tile set; inspect seams, active crop, native-per-screen coverage and character/target contrast at two aspects. Preserve the existing composition.",2946fd63a195ef972ec9628a4ff346dfe0beb8f067bf47065cbc50de00f2a010
D2A-0306,assets/opera/worlds/backdrops/stage_magician_c1r1.png,magician,background,current family / verify phase binding,4.3,"Many ornate hats and platforms need clear ownership for the one active trick. Padded/soft outer areas are visible in the source; the four-tile runtime crop excludes part of that padding, so a live blurred border is not inferred.","Reconstruct the complete current tile set; inspect seams, active crop, native-per-screen coverage and character/target contrast at two aspects. Preserve the existing composition.",e045779fe8fafd60effbe23bd131dee7f7e258d37a0218135b599c91a0599c43
D2A-0307,assets/opera/worlds/backdrops/stage_nursery_c0r0.png,nursery,background,current family / verify phase binding,4.3,"Soft bedtime color is coherent; fine bedding and stage detail need a calm baby focus. Padded/soft outer areas are visible in the source; the four-tile runtime crop excludes part of that padding, so a live blurred border is not inferred.","Reconstruct the complete current tile set; inspect seams, active crop, native-per-screen coverage and character/target contrast at two aspects. Preserve the existing composition.",40c0480521e6973ba7c3c98b1a46798683a7c8827e1ca141209d4dc263477467
D2A-0308,assets/opera/worlds/backdrops/stage_nursery_c0r1.png,nursery,background,current family / verify phase binding,4.3,"Soft bedtime color is coherent; fine bedding and stage detail need a calm baby focus. Padded/soft outer areas are visible in the source; the four-tile runtime crop excludes part of that padding, so a live blurred border is not inferred.","Reconstruct the complete current tile set; inspect seams, active crop, native-per-screen coverage and character/target contrast at two aspects. Preserve the existing composition.",f3f8c20b91a5ae15a0318e197f1678838d8cd7b0217791af8a7030d429a59372
D2A-0309,assets/opera/worlds/backdrops/stage_nursery_c1r0.png,nursery,background,current family / verify phase binding,4.3,"Soft bedtime color is coherent; fine bedding and stage detail need a calm baby focus. Padded/soft outer areas are visible in the source; the four-tile runtime crop excludes part of that padding, so a live blurred border is not inferred.","Reconstruct the complete current tile set; inspect seams, active crop, native-per-screen coverage and character/target contrast at two aspects. Preserve the existing composition.",f5b3afdadffc06895badbea7d7d159b22fa222b4143d1b2f17e7b680bc27b525
D2A-0310,assets/opera/worlds/backdrops/stage_nursery_c1r1.png,nursery,background,current family / verify phase binding,4.3,"Soft bedtime color is coherent; fine bedding and stage detail need a calm baby focus. Padded/soft outer areas are visible in the source; the four-tile runtime crop excludes part of that padding, so a live blurred border is not inferred.","Reconstruct the complete current tile set; inspect seams, active crop, native-per-screen coverage and character/target contrast at two aspects. Preserve the existing composition.",7b57fae80ccd134f656bbe2d989721cebeef170f4e797e776152e3b20f1cd20e
D2A-0328,assets/opera/worlds/backdrops/world_ballerina.png,ballerina,background,current family / verify phase binding,4.3,"Dense garden/platform decoration competes with a quiet dance focus. Padded/soft outer areas are visible in the source; the four-tile runtime crop excludes part of that padding, so a live blurred border is not inferred.","Reconstruct the complete current tile set; inspect seams, active crop, native-per-screen coverage and character/target contrast at two aspects. Preserve the existing composition.",0011569b86b3c194cbcc8c6a2c7ad2e9278f3092640d0b55a771c02ddb9426a1
D2A-0329,assets/opera/worlds/backdrops/world_ballerina_c0r0.png,ballerina,background,current family / verify phase binding,4.3,"Dense garden/platform decoration competes with a quiet dance focus. Padded/soft outer areas are visible in the source; the four-tile runtime crop excludes part of that padding, so a live blurred border is not inferred.","Reconstruct the complete current tile set; inspect seams, active crop, native-per-screen coverage and character/target contrast at two aspects. Preserve the existing composition.",eb80cc6370747ef192d0e0129d113b3d6aeb5cdaab2ceed9ae27b5c1b3f36f1c
D2A-0330,assets/opera/worlds/backdrops/world_ballerina_c0r1.png,ballerina,background,current family / verify phase binding,4.3,"Dense garden/platform decoration competes with a quiet dance focus. Padded/soft outer areas are visible in the source; the four-tile runtime crop excludes part of that padding, so a live blurred border is not inferred.","Reconstruct the complete current tile set; inspect seams, active crop, native-per-screen coverage and character/target contrast at two aspects. Preserve the existing composition.",4a87be9608a19b2f0b8f11b9b9623acf227a474963e72889999868266f47f4a5
D2A-0331,assets/opera/worlds/backdrops/world_ballerina_c1r0.png,ballerina,background,current family / verify phase binding,4.3,"Dense garden/platform decoration competes with a quiet dance focus. Padded/soft outer areas are visible in the source; the four-tile runtime crop excludes part of that padding, so a live blurred border is not inferred.","Reconstruct the complete current tile set; inspect seams, active crop, native-per-screen coverage and character/target contrast at two aspects. Preserve the existing composition.",7a442098e1d3399d25971c0f537a05181dcf6f79ead4f94a04cd983936184201
D2A-0332,assets/opera/worlds/backdrops/world_ballerina_c1r1.png,ballerina,background,current family / verify phase binding,4.3,"Dense garden/platform decoration competes with a quiet dance focus. Padded/soft outer areas are visible in the source; the four-tile runtime crop excludes part of that padding, so a live blurred border is not inferred.","Reconstruct the complete current tile set; inspect seams, active crop, native-per-screen coverage and character/target contrast at two aspects. Preserve the existing composition.",68165f9af9ceadacc02702f252fd2b432815c29b6037c7bc883e36241e1d5a59
D2A-0343,assets/opera/worlds/backdrops/world_chef.png,chef,background,current family / verify phase binding,4.3,"Rich warm kitchen detail needs separation from the live cake and tools. Padded/soft outer areas are visible in the source; the four-tile runtime crop excludes part of that padding, so a live blurred border is not inferred.","Reconstruct the complete current tile set; inspect seams, active crop, native-per-screen coverage and character/target contrast at two aspects. Preserve the existing composition.",12e082bd808ef214863975dde40da6f557c3ad7e59470bae6ae81eb9d72bd83a
D2A-0344,assets/opera/worlds/backdrops/world_chef_c0r0.png,chef,background,current family / verify phase binding,4.3,"Rich warm kitchen detail needs separation from the live cake and tools. Padded/soft outer areas are visible in the source; the four-tile runtime crop excludes part of that padding, so a live blurred border is not inferred.","Reconstruct the complete current tile set; inspect seams, active crop, native-per-screen coverage and character/target contrast at two aspects. Preserve the existing composition.",37af295efb4aeb1b3dabd012e2f814f3b45b3970bf6620b48ffccd01b64e1882
D2A-0345,assets/opera/worlds/backdrops/world_chef_c0r1.png,chef,background,current family / verify phase binding,4.3,"Rich warm kitchen detail needs separation from the live cake and tools. Padded/soft outer areas are visible in the source; the four-tile runtime crop excludes part of that padding, so a live blurred border is not inferred.","Reconstruct the complete current tile set; inspect seams, active crop, native-per-screen coverage and character/target contrast at two aspects. Preserve the existing composition.",947a4159c3e7bd3531f7afe5a6d9a98a017fb968eda5df5e2058a2964eda52d7
D2A-0346,assets/opera/worlds/backdrops/world_chef_c1r0.png,chef,background,current family / verify phase binding,4.3,"Rich warm kitchen detail needs separation from the live cake and tools. Padded/soft outer areas are visible in the source; the four-tile runtime crop excludes part of that padding, so a live blurred border is not inferred.","Reconstruct the complete current tile set; inspect seams, active crop, native-per-screen coverage and character/target contrast at two aspects. Preserve the existing composition.",ac3081d065e9ce601f7a29b56d4def8d8a49a73605f3a2908daed2da51a1dd24
D2A-0347,assets/opera/worlds/backdrops/world_chef_c1r1.png,chef,background,current family / verify phase binding,4.3,"Rich warm kitchen detail needs separation from the live cake and tools. Padded/soft outer areas are visible in the source; the four-tile runtime crop excludes part of that padding, so a live blurred border is not inferred.","Reconstruct the complete current tile set; inspect seams, active crop, native-per-screen coverage and character/target contrast at two aspects. Preserve the existing composition.",8bce05046bb4d56b9021cbbad01bd422ff0ab5f5f6423ae002e31d20ea4da387
D2A-0358,assets/opera/worlds/backdrops/world_farmer.png,farmer,background,current family / verify phase binding,4.3,"Warm textured barn and produce detail can compete with the small live seed and vegetables. Padded/soft outer areas are visible in the source; the four-tile runtime crop excludes part of that padding, so a live blurred border is not inferred.","Reconstruct the complete current tile set; inspect seams, active crop, native-per-screen coverage and character/target contrast at two aspects. Preserve the existing composition.",947d0d2aa3b04677f1d0539acbed722252c05dcc687f0917c7b8fc569d0a803e
D2A-0359,assets/opera/worlds/backdrops/world_farmer_c0r0.png,farmer,background,current family / verify phase binding,4.3,"Warm textured barn and produce detail can compete with the small live seed and vegetables. Padded/soft outer areas are visible in the source; the four-tile runtime crop excludes part of that padding, so a live blurred border is not inferred.","Reconstruct the complete current tile set; inspect seams, active crop, native-per-screen coverage and character/target contrast at two aspects. Preserve the existing composition.",3d1a2bf91f141919f34a1f1dccb1846ea8a1db6e1f3d3fc80c067c21031a9794
D2A-0360,assets/opera/worlds/backdrops/world_farmer_c0r1.png,farmer,background,current family / verify phase binding,4.3,"Warm textured barn and produce detail can compete with the small live seed and vegetables. Padded/soft outer areas are visible in the source; the four-tile runtime crop excludes part of that padding, so a live blurred border is not inferred.","Reconstruct the complete current tile set; inspect seams, active crop, native-per-screen coverage and character/target contrast at two aspects. Preserve the existing composition.",2a5b8497a8d6d7505ab27449f4fefca2e20c8bdc25aa46711f6f1d300adb8b9d
D2A-0361,assets/opera/worlds/backdrops/world_farmer_c1r0.png,farmer,background,current family / verify phase binding,4.3,"Warm textured barn and produce detail can compete with the small live seed and vegetables. Padded/soft outer areas are visible in the source; the four-tile runtime crop excludes part of that padding, so a live blurred border is not inferred.","Reconstruct the complete current tile set; inspect seams, active crop, native-per-screen coverage and character/target contrast at two aspects. Preserve the existing composition.",1bd3c006ff47beab5a058a0992967ffa986dc05d10ba3d3d5cea10308168cb61
D2A-0362,assets/opera/worlds/backdrops/world_farmer_c1r1.png,farmer,background,current family / verify phase binding,4.3,"Warm textured barn and produce detail can compete with the small live seed and vegetables. Padded/soft outer areas are visible in the source; the four-tile runtime crop excludes part of that padding, so a live blurred border is not inferred.","Reconstruct the complete current tile set; inspect seams, active crop, native-per-screen coverage and character/target contrast at two aspects. Preserve the existing composition.",04cfb5c770275b3d3c3bc6c484fa5b7aeb36dcefed026161c69b7c84a85e83b4
D2A-0363,assets/opera/worlds/backdrops/world_magician.png,magician,background,current family / verify phase binding,4.3,"Many ornate hats and platforms need clear ownership for the one active trick. Padded/soft outer areas are visible in the source; the four-tile runtime crop excludes part of that padding, so a live blurred border is not inferred.","Reconstruct the complete current tile set; inspect seams, active crop, native-per-screen coverage and character/target contrast at two aspects. Preserve the existing composition.",9a41c70d5aff09e0fd521bf4eb2a6db9c075519e089f230991301c15a0c668f5
D2A-0364,assets/opera/worlds/backdrops/world_magician_c0r0.png,magician,background,current family / verify phase binding,4.3,"Many ornate hats and platforms need clear ownership for the one active trick. Padded/soft outer areas are visible in the source; the four-tile runtime crop excludes part of that padding, so a live blurred border is not inferred.","Reconstruct the complete current tile set; inspect seams, active crop, native-per-screen coverage and character/target contrast at two aspects. Preserve the existing composition.",27a0ded093913fff76a1edca5867bd6d3832e1a74b41cc6ec75368c114142c08
D2A-0365,assets/opera/worlds/backdrops/world_magician_c0r1.png,magician,background,current family / verify phase binding,4.3,"Many ornate hats and platforms need clear ownership for the one active trick. Padded/soft outer areas are visible in the source; the four-tile runtime crop excludes part of that padding, so a live blurred border is not inferred.","Reconstruct the complete current tile set; inspect seams, active crop, native-per-screen coverage and character/target contrast at two aspects. Preserve the existing composition.",4eecebacf18fac24546039581f88c1f76ff60794e82a629e7f67523a94c8b37b
D2A-0366,assets/opera/worlds/backdrops/world_magician_c1r0.png,magician,background,current family / verify phase binding,4.3,"Many ornate hats and platforms need clear ownership for the one active trick. Padded/soft outer areas are visible in the source; the four-tile runtime crop excludes part of that padding, so a live blurred border is not inferred.","Reconstruct the complete current tile set; inspect seams, active crop, native-per-screen coverage and character/target contrast at two aspects. Preserve the existing composition.",5f767669bd177c08f644f85996b380e89e9925077e230ae99fa8d3ad7c807693
D2A-0367,assets/opera/worlds/backdrops/world_magician_c1r1.png,magician,background,current family / verify phase binding,4.3,"Many ornate hats and platforms need clear ownership for the one active trick. Padded/soft outer areas are visible in the source; the four-tile runtime crop excludes part of that padding, so a live blurred border is not inferred.","Reconstruct the complete current tile set; inspect seams, active crop, native-per-screen coverage and character/target contrast at two aspects. Preserve the existing composition.",29891eef1c26febc2ccad61397e519326c86170eef5ffe38019099b379ea3f1c
D2A-0368,assets/opera/worlds/backdrops/world_nursery_c0r0.png,nursery,background,current family / verify phase binding,4.3,"Soft bedtime color is coherent; fine bedding and stage detail need a calm baby focus. Padded/soft outer areas are visible in the source; the four-tile runtime crop excludes part of that padding, so a live blurred border is not inferred.","Reconstruct the complete current tile set; inspect seams, active crop, native-per-screen coverage and character/target contrast at two aspects. Preserve the existing composition.",ed0142cf00f970e65cd211ce1816fa411528f7bf31dff38a0d8046d243875133
D2A-0369,assets/opera/worlds/backdrops/world_nursery_c0r1.png,nursery,background,current family / verify phase binding,4.3,"Soft bedtime color is coherent; fine bedding and stage detail need a calm baby focus. Padded/soft outer areas are visible in the source; the four-tile runtime crop excludes part of that padding, so a live blurred border is not inferred.","Reconstruct the complete current tile set; inspect seams, active crop, native-per-screen coverage and character/target contrast at two aspects. Preserve the existing composition.",65c04742ca49fb3450125dd98a66e8e69a36fccc31dda88fedaac9a8800cf3a2
D2A-0370,assets/opera/worlds/backdrops/world_nursery_c1r0.png,nursery,background,current family / verify phase binding,4.3,"Soft bedtime color is coherent; fine bedding and stage detail need a calm baby focus. Padded/soft outer areas are visible in the source; the four-tile runtime crop excludes part of that padding, so a live blurred border is not inferred.","Reconstruct the complete current tile set; inspect seams, active crop, native-per-screen coverage and character/target contrast at two aspects. Preserve the existing composition.",fc0fed2f81b13694a86e10d91c09e1072716e58697d14c68d9d36ebd9b41eaef
D2A-0371,assets/opera/worlds/backdrops/world_nursery_c1r1.png,nursery,background,current family / verify phase binding,4.3,"Soft bedtime color is coherent; fine bedding and stage detail need a calm baby focus. Padded/soft outer areas are visible in the source; the four-tile runtime crop excludes part of that padding, so a live blurred border is not inferred.","Reconstruct the complete current tile set; inspect seams, active crop, native-per-screen coverage and character/target contrast at two aspects. Preserve the existing composition.",8f1e09ffd00795119258fcca0e2b30d69475fdbe33ca33d350a9954bfdb9e2c7
D2A-0399,assets/opera/worlds/props/fx_telegraph_bang.png,shared,props,current family / verify phase binding,4.3,The burst is easy to see but resembles a generic warning/exclamation shape more than a job-specific cue.,"Use sparingly and verify the cue means a safe opportunity, not an alarm or punishment.",56cc70cee7435f9b61dcd99c232cddeadfdd3d5daf2ba083c91804e19edeaba9
D2A-0438,assets/opera/worlds/ui/station_marker.png,shared,ui,current family / verify phase binding,4.3,The ornate station marker has a small dark central window surrounded by dense pearls and gold trim.,Check whether a large framed marker adds a competing target; use the existing simpler cue where suitable.,e98b2c3080ed5afd7dde87a17aa7ea9351b3ce365d594719040236eb0a6d814a
D2A-0439,assets/opera/worlds/ui/task_card_frame.png,shared,ui,current family / verify phase binding,4.3,The card frame is carefully painted but ornate borders consume space and imply a detached worksheet.,Verify actual use; keep gameplay targets in the world and frame only a justified book or board.,63e9d511853f68509cca571ef1d0198fa21f1593d6979278afb76ab2c0061d51
D2A-0489,assets/opera/worlds/widgets/widget_crank_popstar_mover.png,popstar,widgets,current family / verify phase binding,4.3,The microphone is clear but the surrounding motion marks may compete with the sound cue.,Verify the exact draw route: loaded does not mean displayed. Prefer existing isolated role art and truthful local material change; clean remnants or opaque backing in a separate derivative only if the live route needs it.,e337cd24da2ac37bb2c3cfe60bb9d28b41d19fde87c4cb5ddd450903659937ab
D2A-0520,assets/opera/worlds/widgets/widget_lanes_magician_lit.png,magician,widgets,current family / verify phase binding,4.3,"Three dark hats rely on decoration for discrimination, needing final-size contrast review.",Verify the exact draw route: loaded does not mean displayed. Prefer existing isolated role art and truthful local material change; clean remnants or opaque backing in a separate derivative only if the live route needs it.,d19c4bbf676670e37b34876082d457ae244394bab69867a1bc487d5718f72c8b
D2A-0527,assets/opera/worlds/widgets/widget_magic_cabinet_reveal.png,shared,widgets,current family / verify phase binding,4.3,The cabinet reveal is a composed picture containing Lamba; door contact and identity need review.,Verify the exact draw route: loaded does not mean displayed. Prefer existing isolated role art and truthful local material change; clean remnants or opaque backing in a separate derivative only if the live route needs it.,6e8764bc8031f9d09c360ba749f2c8fea89bf08b9316ad8b131ec255545cc2d9
D2A-0041,assets/flats/castle/rooms/room_playroom_item_stuffie_nook.png,shared,rooms,current family / verify phase binding,4.4,"The shell nook is charming, but many small stuffies merge into one pale group at gameplay size.","Use it as setting; keep the two active dancing dolls distinct, large and visibly responsive.",7ed4dafff1e3dac12264d4a1c617095bf43d2f36fd8066476aa78725fe3ded67
D2A-0063,assets/opera/worlds/actors/animation/roshan_astronaut_sheet_a.png,astronaut,actor atlas,current family / verify phase binding,4.4,The astronaut sheet retains recognizable costume colors across 16 cells; work/gesture cells must be treated as authored poses until the exact played sequence is reviewed.,"Review each idle/travel/work/cheer row at native size and play only semantic reviewed cells. Capture gaze, hand/tool contact, full fin and the same-object payoff before considering new art.",ccfb8e7af3a033e31e05af40fa62dc23b676aec6204ba8810e8cf79cbfc4d6fa
D2A-0065,assets/opera/worlds/actors/animation/roshan_boxer_sheet_a.png,boxer,actor atlas,current family / verify phase binding,4.4,The boxer sheet retains recognizable costume colors across 16 cells; work/gesture cells must be treated as authored poses until the exact played sequence is reviewed.,"Review each idle/travel/work/cheer row at native size and play only semantic reviewed cells. Capture gaze, hand/tool contact, full fin and the same-object payoff before considering new art.",dbda6f6edd01e48b74095915f338fe3f6eb690ccd5f0f314d50e6940bb33c7c9
D2A-0066,assets/opera/worlds/actors/animation/roshan_candymaker_sheet_a.png,candymaker,actor atlas,current family / verify phase binding,4.4,The candymaker sheet retains recognizable costume colors across 16 cells; work/gesture cells must be treated as authored poses until the exact played sequence is reviewed.,"Review each idle/travel/work/cheer row at native size and play only semantic reviewed cells. Capture gaze, hand/tool contact, full fin and the same-object payoff before considering new art.",b858c07f52d4f67679a39dd039afc7123199646442c067368425f8f46deec179
D2A-0073,assets/opera/worlds/actors/animation/roshan_nursery_sheet_a.png,nursery,actor atlas,current family / verify phase binding,4.4,The nursery sheet retains recognizable costume colors across 16 cells; work/gesture cells must be treated as authored poses until the exact played sequence is reviewed.,"Review each idle/travel/work/cheer row at native size and play only semantic reviewed cells. Capture gaze, hand/tool contact, full fin and the same-object payoff before considering new art.",9880fc9ac328b0112d8a7162c656b2a2d9471a4995dd11bd606607f12ca13a52
D2A-0074,assets/opera/worlds/actors/animation/roshan_painter_sheet_a.png,painter,actor atlas,current family / verify phase binding,4.4,The painter sheet retains recognizable costume colors across 16 cells; work/gesture cells must be treated as authored poses until the exact played sequence is reviewed.,"Review each idle/travel/work/cheer row at native size and play only semantic reviewed cells. Capture gaze, hand/tool contact, full fin and the same-object payoff before considering new art.",016dbac4a6c2342679410c19aa782d999557b92f4fc34f99f58d23dd714ea638
D2A-0078,assets/opera/worlds/actors/faron_nursery.png,nursery,actors,current family / verify phase binding,4.4,Nurse Faron has a clear complete mermaid silhouette and readable costume; the more adult proportions need scale comparison with Roshan.,Preserve identity; review shared feeding contact and cooperative scale.,b2e326c2c52b91dd8a5c19525db9613ec7508870adaebfe4c44a991d496315f9
D2A-0084,assets/opera/worlds/actors/imp_captain_guard.png,shared,actors,inactive today / proposed contest pose reuse,4.4,"This generic imp guard image has a complete rounded silhouette, consistent purple identity and clear warm accessories. Current supporting source inventory does not display this pose; proposed contest reuse is separate.","Check the actual phase loader and semantic pose. Reuse a suitable existing pose; capture its contact, scale, z-order and calm recovery before any new generation. Planned roles: none; retain inactive unless a specific authorized role is chosen.",92240823f14b3570aa7e33aebef1a296a2ccc70eccc0e2dc6050f3473ec2626a
D2A-0085,assets/opera/worlds/actors/imp_captain_recover.png,shared,actors,inactive today / proposed contest pose reuse,4.4,"This generic imp recover image has a complete rounded silhouette, consistent purple identity and clear warm accessories. Current supporting source inventory does not display this pose; proposed contest reuse is separate.","Check the actual phase loader and semantic pose. Reuse a suitable existing pose; capture its contact, scale, z-order and calm recovery before any new generation. Planned roles: none; retain inactive unless a specific authorized role is chosen.",33320b0b14e32240370c6e4a96ed5a812cb8cd9057085f97e22a01b4f8d0ffa4
D2A-0095,assets/opera/worlds/actors/imp_mischief_guard.png,shared,actors,inactive today / proposed contest pose reuse,4.4,"This generic imp guard image has a complete rounded silhouette, consistent purple identity and clear warm accessories. Current supporting source inventory does not display this pose; proposed contest reuse is separate.","Check the actual phase loader and semantic pose. Reuse a suitable existing pose; capture its contact, scale, z-order and calm recovery before any new generation. Planned roles: worried near her finish [nursery, owner option B], idle-pause freeze [nursery, owner option B].",0c2f4c01543076255ea6b1bbe8e8119f7c469685f7dbfe19407d37db7b327203
D2A-0096,assets/opera/worlds/actors/imp_mischief_recover.png,shared,actors,inactive today / proposed contest pose reuse,4.4,"This generic imp recover image has a complete rounded silhouette, consistent purple identity and clear warm accessories. Current supporting source inventory does not display this pose; proposed contest reuse is separate.","Check the actual phase loader and semantic pose. Reuse a suitable existing pose; capture its contact, scale, z-order and calm recovery before any new generation. Planned roles: defeat (3) [nursery, owner option B], after his flub [nursery, owner option B], flub [nursery, owner option B].",4fbfb6860bd81a2117cc0fe9edce17d16c1d355a7306ec91ae6183633de41845
D2A-0106,assets/opera/worlds/actors/rival_astronaut_guard.png,astronaut,actors,inactive today / proposed contest pose reuse,4.4,"This astronaut imp guard image has a complete rounded silhouette, consistent purple identity and clear warm accessories. Current supporting source inventory does not display this pose; proposed contest reuse is separate.","Check the actual phase loader and semantic pose. Reuse a suitable existing pose; capture its contact, scale, z-order and calm recovery before any new generation. Planned roles: worried near her finish, idle-pause freeze.",bdcb50a8afa603da73f156c6d31be7b4435a35a640ef38c5ba5bfbaac8740ee8
D2A-0109,assets/opera/worlds/actors/rival_astronaut_recover.png,astronaut,actors,inactive today / proposed contest pose reuse,4.4,"This astronaut imp recover image has a complete rounded silhouette, consistent purple identity and clear warm accessories. Current supporting source inventory does not display this pose; proposed contest reuse is separate.","Check the actual phase loader and semantic pose. Reuse a suitable existing pose; capture its contact, scale, z-order and calm recovery before any new generation. Planned roles: defeat (3), after his flub, flub [astronaut].",56c14fd606cc9cca0cb2d9855217654610cf8a36facb2a85b80ca009054ab3ab
D2A-0119,assets/opera/worlds/actors/rival_ballerina_guard.png,ballerina,actors,inactive today / proposed contest pose reuse,4.4,"This ballerina imp guard image has a complete rounded silhouette, consistent purple identity and clear warm accessories. Current supporting source inventory does not display this pose; proposed contest reuse is separate.","Check the actual phase loader and semantic pose. Reuse a suitable existing pose; capture its contact, scale, z-order and calm recovery before any new generation. Planned roles: worried near her finish, idle-pause freeze.",a8524d557df37aa1cf1efc788b62de3f4d94ea87899e34178e4fbc68937ca8e7
D2A-0122,assets/opera/worlds/actors/rival_ballerina_recover.png,ballerina,actors,inactive today / proposed contest pose reuse,4.4,"This ballerina imp recover image has a complete rounded silhouette, consistent purple identity and clear warm accessories. Current supporting source inventory does not display this pose; proposed contest reuse is separate.","Check the actual phase loader and semantic pose. Reuse a suitable existing pose; capture its contact, scale, z-order and calm recovery before any new generation. Planned roles: defeat (3), after his flub.",4ec225ad1839853b1bbcdbcbef633b37aac11faf4c80023213d53987f5080ff9
D2A-0132,assets/opera/worlds/actors/rival_boxer_guard.png,boxer,actors,current source-bound imp pose,4.4,"This boxer imp guard image has a complete rounded silhouette, consistent purple identity and clear warm accessories. Current supporting source inventory selects this pose.","Check the actual phase loader and semantic pose. Reuse a suitable existing pose; capture its contact, scale, z-order and calm recovery before any new generation. Planned roles: worried near her finish, idle-pause freeze.",30e1c3aa5da5ee734c0203bf91eeb02527bcf51586e8898e7ad6345830a78f45
D2A-0135,assets/opera/worlds/actors/rival_boxer_recover.png,boxer,actors,current source-bound imp pose,4.4,"This boxer imp recover image has a complete rounded silhouette, consistent purple identity and clear warm accessories. Current supporting source inventory selects this pose.","Check the actual phase loader and semantic pose. Reuse a suitable existing pose; capture its contact, scale, z-order and calm recovery before any new generation. Planned roles: defeat (3), after his flub, flub [boxer].",6aae0a266ca2e29a1ee64db87c913ad3e953fd7f8238d3cc9f2e13d0ab93634f
D2A-0145,assets/opera/worlds/actors/rival_candymaker_guard.png,candymaker,actors,inactive today / proposed contest pose reuse,4.4,"This candymaker imp guard image has a complete rounded silhouette, consistent purple identity and clear warm accessories. Current supporting source inventory does not display this pose; proposed contest reuse is separate.","Check the actual phase loader and semantic pose. Reuse a suitable existing pose; capture its contact, scale, z-order and calm recovery before any new generation. Planned roles: worried near her finish, idle-pause freeze.",1448727af3105a196ba0e52e4e61fc2056597499e912648dcc25243f9980416d
D2A-0148,assets/opera/worlds/actors/rival_candymaker_recover.png,candymaker,actors,inactive today / proposed contest pose reuse,4.4,"This candymaker imp recover image has a complete rounded silhouette, consistent purple identity and clear warm accessories. Current supporting source inventory does not display this pose; proposed contest reuse is separate.","Check the actual phase loader and semantic pose. Reuse a suitable existing pose; capture its contact, scale, z-order and calm recovery before any new generation. Planned roles: defeat (3), after his flub, flub [candymaker].",d29cc80a250322bbfb7c79510eb79b14c1b3994aecaf1c02a0c343e57aab838c
D2A-0158,assets/opera/worlds/actors/rival_chef_guard.png,chef,actors,inactive today / proposed contest pose reuse,4.4,"This chef imp guard image has a complete rounded silhouette, consistent purple identity and clear warm accessories. Current supporting source inventory does not display this pose; proposed contest reuse is separate.","Check the actual phase loader and semantic pose. Reuse a suitable existing pose; capture its contact, scale, z-order and calm recovery before any new generation. Planned roles: worried near her finish, idle-pause freeze.",9f24e77e94f077373288b13c9aeeb266f3a679b8fa104a6ed9d632d598ce3f57
D2A-0161,assets/opera/worlds/actors/rival_chef_recover.png,chef,actors,inactive today / proposed contest pose reuse,4.4,"This chef imp recover image has a complete rounded silhouette, consistent purple identity and clear warm accessories. Current supporting source inventory does not display this pose; proposed contest reuse is separate.","Check the actual phase loader and semantic pose. Reuse a suitable existing pose; capture its contact, scale, z-order and calm recovery before any new generation. Planned roles: defeat (3), after his flub, flub [chef].",8338e6396c5920ff95ee0d7a78f50919e22eb7bfe8c72e4508c7346c56b3172d
D2A-0166,assets/opera/worlds/actors/rival_detective.png,detective,actors,current source-bound imp pose,4.4,"This detective imp posed image has a complete rounded silhouette, consistent purple identity and clear warm accessories. The dark coat needs separation from the deep-value backdrop. Current supporting source inventory selects this pose.","Check the actual phase loader and semantic pose. Reuse a suitable existing pose; capture its contact, scale, z-order and calm recovery before any new generation. Planned roles: rest between beats, flub [detective].",44a6e07766a0733979e6aa3bda4c8cf89776a75f81c6600db4cb8ad89c7edecb
D2A-0168,assets/opera/worlds/actors/rival_detective_bow.png,detective,actors,current source-bound imp pose,4.4,"This detective imp posed image has a complete rounded silhouette, consistent purple identity and clear warm accessories. The dark coat needs separation from the deep-value backdrop. Current supporting source inventory selects this pose.","Check the actual phase loader and semantic pose. Reuse a suitable existing pose; capture its contact, scale, z-order and calm recovery before any new generation. Planned roles: curtain call.",aeedae1b59e5f4f3c2dad4d48f4757d5b85723008d9c8510a3b97f05b68fc982
D2A-0170,assets/opera/worlds/actors/rival_detective_flee.png,detective,actors,inactive today / proposed contest pose reuse,4.4,"This detective imp posed image has a complete rounded silhouette, consistent purple identity and clear warm accessories. The dark coat needs separation from the deep-value backdrop. Current supporting source inventory does not display this pose; proposed contest reuse is separate.","Check the actual phase loader and semantic pose. Reuse a suitable existing pose; capture its contact, scale, z-order and calm recovery before any new generation. Planned roles: entrance run-in.",ca5b5de4aa629c3f37082875850931a288e7d1083ff826ff1509b8a4f4039e4f
D2A-0171,assets/opera/worlds/actors/rival_detective_guard.png,detective,actors,inactive today / proposed contest pose reuse,4.4,"This detective imp guard image has a complete rounded silhouette, consistent purple identity and clear warm accessories. The dark coat needs separation from the deep-value backdrop. Current supporting source inventory does not display this pose; proposed contest reuse is separate.","Check the actual phase loader and semantic pose. Reuse a suitable existing pose; capture its contact, scale, z-order and calm recovery before any new generation. Planned roles: worried near her finish, idle-pause freeze, flub [detective].",a2fb5d02a76c1bc5cd5d7b59f964ef28c71f8c9025666c105b9cb41fe0b4a068
D2A-0172,assets/opera/worlds/actors/rival_detective_hop_a.png,detective,actors,inactive today / proposed contest pose reuse,4.4,"This detective imp posed image has a complete rounded silhouette, consistent purple identity and clear warm accessories. The dark coat needs separation from the deep-value backdrop. Current supporting source inventory does not display this pose; proposed contest reuse is separate.","Check the actual phase loader and semantic pose. Reuse a suitable existing pose; capture its contact, scale, z-order and calm recovery before any new generation. Planned roles: entrance crouch.",f171d801ae8caecad31c89d1dcf7d52f25fc06afc6c377b41e9bed55b2ab82a2
D2A-0173,assets/opera/worlds/actors/rival_detective_hop_b.png,detective,actors,inactive today / proposed contest pose reuse,4.4,"This detective imp posed image has a complete rounded silhouette, consistent purple identity and clear warm accessories. The dark coat needs separation from the deep-value backdrop. Current supporting source inventory does not display this pose; proposed contest reuse is separate.","Check the actual phase loader and semantic pose. Reuse a suitable existing pose; capture its contact, scale, z-order and calm recovery before any new generation. Planned roles: entrance jump, his win jump.",4905c9f6f72cf88c072232368054a9b49f58d3c47b4ce3a00c92b0c935b6f699
D2A-0174,assets/opera/worlds/actors/rival_detective_recover.png,detective,actors,inactive today / proposed contest pose reuse,4.4,"This detective imp recover image has a complete rounded silhouette, consistent purple identity and clear warm accessories. The dark coat needs separation from the deep-value backdrop. Current supporting source inventory does not display this pose; proposed contest reuse is separate.","Check the actual phase loader and semantic pose. Reuse a suitable existing pose; capture its contact, scale, z-order and calm recovery before any new generation. Planned roles: defeat (3), after his flub, flub [detective].",190d4397076b07c444a584da599348f22a4790c5e9bda79c23c2c9a57584e7e9
D2A-0176,assets/opera/worlds/actors/rival_detective_stagger.png,detective,actors,inactive today / proposed contest pose reuse,4.4,"This detective imp posed image has a complete rounded silhouette, consistent purple identity and clear warm accessories. The dark coat needs separation from the deep-value backdrop. Current supporting source inventory does not display this pose; proposed contest reuse is separate.","Check the actual phase loader and semantic pose. Reuse a suitable existing pose; capture its contact, scale, z-order and calm recovery before any new generation. Planned roles: she overtakes him, defeat (1).",2d21543906d534576b08043c082322ab7bd3009ae292d08e7e33d0aaf0333ebc
D2A-0177,assets/opera/worlds/actors/rival_detective_taunt.png,detective,actors,current source-bound imp pose,4.4,"This detective imp posed image has a complete rounded silhouette, consistent purple identity and clear warm accessories. The dark coat needs separation from the deep-value backdrop. Current supporting source inventory selects this pose.","Check the actual phase loader and semantic pose. Reuse a suitable existing pose; capture its contact, scale, z-order and calm recovery before any new generation. Planned roles: challenge, ahead of her, his win beat, idle-pause freeze.",4a850164de46344355969b583900c7e640242a1b232ea29f2072487eaf6a79eb
D2A-0178,assets/opera/worlds/actors/rival_detective_windup.png,detective,actors,inactive today / proposed contest pose reuse,4.4,"This detective imp posed image has a complete rounded silhouette, consistent purple identity and clear warm accessories. The dark coat needs separation from the deep-value backdrop. Current supporting source inventory does not display this pose; proposed contest reuse is separate.","Check the actual phase loader and semantic pose. Reuse a suitable existing pose; capture its contact, scale, z-order and calm recovery before any new generation. Planned roles: ready before the contest.",b91064ee218c10f151aff7663c993213b50dbe8ec62245ab26884c006ab2dbf9
D2A-0184,assets/opera/worlds/actors/rival_doctor_guard.png,doctor,actors,inactive today / proposed contest pose reuse,4.4,"This doctor imp guard image has a complete rounded silhouette, consistent purple identity and clear warm accessories. Current supporting source inventory does not display this pose; proposed contest reuse is separate.","Check the actual phase loader and semantic pose. Reuse a suitable existing pose; capture its contact, scale, z-order and calm recovery before any new generation. Planned roles: worried near her finish, idle-pause freeze, flub [doctor].",97b4a1f6228ba84cd46aa2da2cd4458f7509142f995d3cd5ca60b7fe648278ad
D2A-0187,assets/opera/worlds/actors/rival_doctor_recover.png,doctor,actors,inactive today / proposed contest pose reuse,4.4,"This doctor imp recover image has a complete rounded silhouette, consistent purple identity and clear warm accessories. Current supporting source inventory does not display this pose; proposed contest reuse is separate.","Check the actual phase loader and semantic pose. Reuse a suitable existing pose; capture its contact, scale, z-order and calm recovery before any new generation. Planned roles: defeat (3), after his flub, flub [doctor].",d93151d145de90edbad79e7712a46c7c268d539d1d0de667b476740f1405491e
D2A-0197,assets/opera/worlds/actors/rival_farmer_guard.png,farmer,actors,inactive today / proposed contest pose reuse,4.4,"This farmer imp guard image has a complete rounded silhouette, consistent purple identity and clear warm accessories. Current supporting source inventory does not display this pose; proposed contest reuse is separate.","Check the actual phase loader and semantic pose. Reuse a suitable existing pose; capture its contact, scale, z-order and calm recovery before any new generation. Planned roles: worried near her finish, idle-pause freeze.",8ec053489e0d402bc2dce8826cdfadf980e0d0ed73c2e1ea7862d2881eeae0ad
D2A-0200,assets/opera/worlds/actors/rival_farmer_recover.png,farmer,actors,inactive today / proposed contest pose reuse,4.4,"This farmer imp recover image has a complete rounded silhouette, consistent purple identity and clear warm accessories. Current supporting source inventory does not display this pose; proposed contest reuse is separate.","Check the actual phase loader and semantic pose. Reuse a suitable existing pose; capture its contact, scale, z-order and calm recovery before any new generation. Planned roles: defeat (3), after his flub, flub [farmer].",09fdefa882196640f8df53095c6a51f286a99799d52759c47595aab149611f6d
D2A-0205,assets/opera/worlds/actors/rival_magician.png,magician,actors,current source-bound imp pose,4.4,"This magician imp posed image has a complete rounded silhouette, consistent purple identity and clear warm accessories. The dark coat needs separation from the deep-value backdrop. Current supporting source inventory selects this pose.","Check the actual phase loader and semantic pose. Reuse a suitable existing pose; capture its contact, scale, z-order and calm recovery before any new generation. Planned roles: rest between beats.",516b8cf100df6502f3be269d302464ad6081e971ed50742f827527ee73f8965e
D2A-0207,assets/opera/worlds/actors/rival_magician_bow.png,magician,actors,current source-bound imp pose,4.4,"This magician imp posed image has a complete rounded silhouette, consistent purple identity and clear warm accessories. The dark coat needs separation from the deep-value backdrop. Current supporting source inventory selects this pose.","Check the actual phase loader and semantic pose. Reuse a suitable existing pose; capture its contact, scale, z-order and calm recovery before any new generation. Planned roles: curtain call.",aac119964a9b6c49c99726ac2df6c5dc9c008a95ad57f7e6eddf8b139e6d4f75
D2A-0209,assets/opera/worlds/actors/rival_magician_flee.png,magician,actors,inactive today / proposed contest pose reuse,4.4,"This magician imp posed image has a complete rounded silhouette, consistent purple identity and clear warm accessories. The dark coat needs separation from the deep-value backdrop. Current supporting source inventory does not display this pose; proposed contest reuse is separate.","Check the actual phase loader and semantic pose. Reuse a suitable existing pose; capture its contact, scale, z-order and calm recovery before any new generation. Planned roles: entrance run-in.",5513ab376645583d1564179d2551246132df7da34a002596ee90402c46822143
D2A-0210,assets/opera/worlds/actors/rival_magician_guard.png,magician,actors,inactive today / proposed contest pose reuse,4.4,"This magician imp guard image has a complete rounded silhouette, consistent purple identity and clear warm accessories. The dark coat needs separation from the deep-value backdrop. Current supporting source inventory does not display this pose; proposed contest reuse is separate.","Check the actual phase loader and semantic pose. Reuse a suitable existing pose; capture its contact, scale, z-order and calm recovery before any new generation. Planned roles: worried near her finish, idle-pause freeze.",134028ccc1028bfa9ad6c91bc8e8fa71dc58426c55663caba9f86b6e87895276
D2A-0211,assets/opera/worlds/actors/rival_magician_hop_a.png,magician,actors,inactive today / proposed contest pose reuse,4.4,"This magician imp posed image has a complete rounded silhouette, consistent purple identity and clear warm accessories. The dark coat needs separation from the deep-value backdrop. Current supporting source inventory does not display this pose; proposed contest reuse is separate.","Check the actual phase loader and semantic pose. Reuse a suitable existing pose; capture its contact, scale, z-order and calm recovery before any new generation. Planned roles: entrance crouch.",d0eb912a7be4781cef8f1dfbd3a7545ccedd539345a6b14096ce6e585d71a46f
D2A-0212,assets/opera/worlds/actors/rival_magician_hop_b.png,magician,actors,inactive today / proposed contest pose reuse,4.4,"This magician imp posed image has a complete rounded silhouette, consistent purple identity and clear warm accessories. The dark coat needs separation from the deep-value backdrop. Current supporting source inventory does not display this pose; proposed contest reuse is separate.","Check the actual phase loader and semantic pose. Reuse a suitable existing pose; capture its contact, scale, z-order and calm recovery before any new generation. Planned roles: entrance jump, his win jump.",5acc023b2b593a97e1f56b3eef06fbc62e4fd04263391e7e97cbded4643388da
D2A-0213,assets/opera/worlds/actors/rival_magician_recover.png,magician,actors,inactive today / proposed contest pose reuse,4.4,"This magician imp recover image has a complete rounded silhouette, consistent purple identity and clear warm accessories. The dark coat needs separation from the deep-value backdrop. Current supporting source inventory does not display this pose; proposed contest reuse is separate.","Check the actual phase loader and semantic pose. Reuse a suitable existing pose; capture its contact, scale, z-order and calm recovery before any new generation. Planned roles: defeat (3), after his flub, flub [magician].",b1f8ab4c0fd35428824c83f028519b9c28a08ed262bee98dee84964dff334392
D2A-0215,assets/opera/worlds/actors/rival_magician_stagger.png,magician,actors,inactive today / proposed contest pose reuse,4.4,"This magician imp posed image has a complete rounded silhouette, consistent purple identity and clear warm accessories. The dark coat needs separation from the deep-value backdrop. Current supporting source inventory does not display this pose; proposed contest reuse is separate.","Check the actual phase loader and semantic pose. Reuse a suitable existing pose; capture its contact, scale, z-order and calm recovery before any new generation. Planned roles: she overtakes him, defeat (1), flub [magician].",09ac77e1054401b0bf31a14d35d11fc8684f85f40e081ab3e757622519676183
D2A-0216,assets/opera/worlds/actors/rival_magician_taunt.png,magician,actors,current source-bound imp pose,4.4,"This magician imp posed image has a complete rounded silhouette, consistent purple identity and clear warm accessories. The dark coat needs separation from the deep-value backdrop. Current supporting source inventory selects this pose.","Check the actual phase loader and semantic pose. Reuse a suitable existing pose; capture its contact, scale, z-order and calm recovery before any new generation. Planned roles: challenge, ahead of her, his win beat, idle-pause freeze, flub [magician].",1f3e0527faa6151b52a4af7339718ea99eff5da1643f534141e886e7987b0778
D2A-0217,assets/opera/worlds/actors/rival_magician_windup.png,magician,actors,inactive today / proposed contest pose reuse,4.4,"This magician imp posed image has a complete rounded silhouette, consistent purple identity and clear warm accessories. The dark coat needs separation from the deep-value backdrop. Current supporting source inventory does not display this pose; proposed contest reuse is separate.","Check the actual phase loader and semantic pose. Reuse a suitable existing pose; capture its contact, scale, z-order and calm recovery before any new generation. Planned roles: ready before the contest.",abea9602f43a25b082ee482443dc4ed068307b00378b858a688584e8028d2945
D2A-0223,assets/opera/worlds/actors/rival_painter_guard.png,painter,actors,inactive today / proposed contest pose reuse,4.4,"This painter imp guard image has a complete rounded silhouette, consistent purple identity and clear warm accessories. Current supporting source inventory does not display this pose; proposed contest reuse is separate.","Check the actual phase loader and semantic pose. Reuse a suitable existing pose; capture its contact, scale, z-order and calm recovery before any new generation. Planned roles: worried near her finish, idle-pause freeze.",3a74f7f4fb293f05ab7a48bfc3e39872147ae6e4060c583aebc42b00293f280d
D2A-0226,assets/opera/worlds/actors/rival_painter_recover.png,painter,actors,inactive today / proposed contest pose reuse,4.4,"This painter imp recover image has a complete rounded silhouette, consistent purple identity and clear warm accessories. Current supporting source inventory does not display this pose; proposed contest reuse is separate.","Check the actual phase loader and semantic pose. Reuse a suitable existing pose; capture its contact, scale, z-order and calm recovery before any new generation. Planned roles: defeat (3), after his flub, flub [painter].",76c9aa06fa5a6b73bcaf6238650fee0357fea5ea96cbc14db44b1779fd47643c
D2A-0236,assets/opera/worlds/actors/rival_popstar_guard.png,popstar,actors,inactive today / proposed contest pose reuse,4.4,"This popstar imp guard image has a complete rounded silhouette, consistent purple identity and clear warm accessories. Current supporting source inventory does not display this pose; proposed contest reuse is separate.","Check the actual phase loader and semantic pose. Reuse a suitable existing pose; capture its contact, scale, z-order and calm recovery before any new generation. Planned roles: worried near her finish, idle-pause freeze.",95e6a31ccb377cd5f0f98129359474a9a1a71c143f4d12e25effb685b3132088
D2A-0239,assets/opera/worlds/actors/rival_popstar_recover.png,popstar,actors,inactive today / proposed contest pose reuse,4.4,"This popstar imp recover image has a complete rounded silhouette, consistent purple identity and clear warm accessories. Current supporting source inventory does not display this pose; proposed contest reuse is separate.","Check the actual phase loader and semantic pose. Reuse a suitable existing pose; capture its contact, scale, z-order and calm recovery before any new generation. Planned roles: defeat (3), after his flub, flub [popstar].",f7cc926e3fc3363c9b1e3e520275f886a3c421c66a4c7622eb8a90421cc5185f
D2A-0249,assets/opera/worlds/actors/rival_racer_guard.png,racer,actors,inactive today / proposed contest pose reuse,4.4,"This racer imp guard image has a complete rounded silhouette, consistent purple identity and clear warm accessories. Current supporting source inventory does not display this pose; proposed contest reuse is separate.","Check the actual phase loader and semantic pose. Reuse a suitable existing pose; capture its contact, scale, z-order and calm recovery before any new generation. Planned roles: worried near her finish, idle-pause freeze.",4d73ba4983acc3fed28a50ee16718b5a73d642008e41efd836bb7a39b1d6c271
D2A-0252,assets/opera/worlds/actors/rival_racer_recover.png,racer,actors,inactive today / proposed contest pose reuse,4.4,"This racer imp recover image has a complete rounded silhouette, consistent purple identity and clear warm accessories. Current supporting source inventory does not display this pose; proposed contest reuse is separate.","Check the actual phase loader and semantic pose. Reuse a suitable existing pose; capture its contact, scale, z-order and calm recovery before any new generation. Planned roles: defeat (3), after his flub.",b578b08e7cde7bd1fe452576fe6d7921a74cd936f4cdcc08754985933de76ede
D2A-0269,assets/opera/worlds/actors/roshan_racer.png,racer,actors,current racer-surface consumer plus reference,4.4,"The static racer Roshan card preserves the costume and warm child face; it is a reference/fallback distinct from the active atlas. RacerSurface loads this card, making driver/seat/fin ownership a current context-review dependency.",Prefer the existing full-tail approved family. Verify actual fallback/driver use before changing or retiring this file.,b3e92a0f3204e2277e1fdd06988c9393288223fcfc98a9f4c8e033c8c517c6bc
D2A-0271,assets/opera/worlds/backdrops/stage_astronaut_c0r0.png,astronaut,background,current family / verify phase binding,4.4,"Many pipes and rocket forms compete with the live repair target. Padded/soft outer areas are visible in the source; the four-tile runtime crop excludes part of that padding, so a live blurred border is not inferred.","Reconstruct the complete current tile set; inspect seams, active crop, native-per-screen coverage and character/target contrast at two aspects. Preserve the existing composition.",619b84ddd1fd607ca10f9509ebbfb4d4aa13e8fa066ddefa9017dca742ceb54f
D2A-0272,assets/opera/worlds/backdrops/stage_astronaut_c0r1.png,astronaut,background,current family / verify phase binding,4.4,"Many pipes and rocket forms compete with the live repair target. Padded/soft outer areas are visible in the source; the four-tile runtime crop excludes part of that padding, so a live blurred border is not inferred.","Reconstruct the complete current tile set; inspect seams, active crop, native-per-screen coverage and character/target contrast at two aspects. Preserve the existing composition.",737fa823d8e4d28beaefa106fc42a545db2756e1f2d1e13cd9e4a3e22f060f00
D2A-0273,assets/opera/worlds/backdrops/stage_astronaut_c1r0.png,astronaut,background,current family / verify phase binding,4.4,"Many pipes and rocket forms compete with the live repair target. Padded/soft outer areas are visible in the source; the four-tile runtime crop excludes part of that padding, so a live blurred border is not inferred.","Reconstruct the complete current tile set; inspect seams, active crop, native-per-screen coverage and character/target contrast at two aspects. Preserve the existing composition.",db3dc67b611c56376fe5235903fd6274417cce207dc06c43b35b654d09b43e6b
D2A-0274,assets/opera/worlds/backdrops/stage_astronaut_c1r1.png,astronaut,background,current family / verify phase binding,4.4,"Many pipes and rocket forms compete with the live repair target. Padded/soft outer areas are visible in the source; the four-tile runtime crop excludes part of that padding, so a live blurred border is not inferred.","Reconstruct the complete current tile set; inspect seams, active crop, native-per-screen coverage and character/target contrast at two aspects. Preserve the existing composition.",66c7e532219909ad8010dd11af18ff07f285115e7dbb91dfbdb7b3ac6d410e8c
D2A-0279,assets/opera/worlds/backdrops/stage_boxer_c0r0.png,boxer,background,current family / verify phase binding,4.4,"The toy ring is inviting, but gold stage detail needs a calm contact zone. Padded/soft outer areas are visible in the source; the four-tile runtime crop excludes part of that padding, so a live blurred border is not inferred.","Reconstruct the complete current tile set; inspect seams, active crop, native-per-screen coverage and character/target contrast at two aspects. Preserve the existing composition.",118e52a8811a13c1c733d587d5b9842950ca95b00267f83e8806558bba49f74f
D2A-0280,assets/opera/worlds/backdrops/stage_boxer_c0r1.png,boxer,background,current family / verify phase binding,4.4,"The toy ring is inviting, but gold stage detail needs a calm contact zone. Padded/soft outer areas are visible in the source; the four-tile runtime crop excludes part of that padding, so a live blurred border is not inferred.","Reconstruct the complete current tile set; inspect seams, active crop, native-per-screen coverage and character/target contrast at two aspects. Preserve the existing composition.",04bf8bc41482485e4c7a7fbfa4922d4533de7d9aa944d1906508aaa28e5ec060
D2A-0281,assets/opera/worlds/backdrops/stage_boxer_c1r0.png,boxer,background,current family / verify phase binding,4.4,"The toy ring is inviting, but gold stage detail needs a calm contact zone. Padded/soft outer areas are visible in the source; the four-tile runtime crop excludes part of that padding, so a live blurred border is not inferred.","Reconstruct the complete current tile set; inspect seams, active crop, native-per-screen coverage and character/target contrast at two aspects. Preserve the existing composition.",9573efe9cdbd09868a6ba4d9e0fe7a4e69b7b3b75717a9a9ad326fe8469cf127
D2A-0282,assets/opera/worlds/backdrops/stage_boxer_c1r1.png,boxer,background,current family / verify phase binding,4.4,"The toy ring is inviting, but gold stage detail needs a calm contact zone. Padded/soft outer areas are visible in the source; the four-tile runtime crop excludes part of that padding, so a live blurred border is not inferred.","Reconstruct the complete current tile set; inspect seams, active crop, native-per-screen coverage and character/target contrast at two aspects. Preserve the existing composition.",6adc8916f38e2e9093fcf948fb95d907002d263626dca3de558b9d22426ae490
D2A-0311,assets/opera/worlds/backdrops/stage_painter_c0r0.png,painter,background,current family / verify phase binding,4.4,"Warm gallery scenery is coherent but must preserve one clear active canvas. Padded/soft outer areas are visible in the source; the four-tile runtime crop excludes part of that padding, so a live blurred border is not inferred.","Reconstruct the complete current tile set; inspect seams, active crop, native-per-screen coverage and character/target contrast at two aspects. Preserve the existing composition.",9a5a1c7ae569e0dd71dd903a04d6aaa7abf459623920e198b6e4ebcfbc29f775
D2A-0312,assets/opera/worlds/backdrops/stage_painter_c0r1.png,painter,background,current family / verify phase binding,4.4,"Warm gallery scenery is coherent but must preserve one clear active canvas. Padded/soft outer areas are visible in the source; the four-tile runtime crop excludes part of that padding, so a live blurred border is not inferred.","Reconstruct the complete current tile set; inspect seams, active crop, native-per-screen coverage and character/target contrast at two aspects. Preserve the existing composition.",9bc34a09dc34d81affa5ccffc0b2f352077c057c0aa3be8042566898b8d65473
D2A-0313,assets/opera/worlds/backdrops/stage_painter_c1r0.png,painter,background,current family / verify phase binding,4.4,"Warm gallery scenery is coherent but must preserve one clear active canvas. Padded/soft outer areas are visible in the source; the four-tile runtime crop excludes part of that padding, so a live blurred border is not inferred.","Reconstruct the complete current tile set; inspect seams, active crop, native-per-screen coverage and character/target contrast at two aspects. Preserve the existing composition.",8da5a0cdd12a5f3d1e8b67f1c26c61b9a28bc3a45611146a2384e65cce6d774b
D2A-0314,assets/opera/worlds/backdrops/stage_painter_c1r1.png,painter,background,current family / verify phase binding,4.4,"Warm gallery scenery is coherent but must preserve one clear active canvas. Padded/soft outer areas are visible in the source; the four-tile runtime crop excludes part of that padding, so a live blurred border is not inferred.","Reconstruct the complete current tile set; inspect seams, active crop, native-per-screen coverage and character/target contrast at two aspects. Preserve the existing composition.",815e04e73d74543eb9d1a0aa2f888623d809333a29086b8d87af47432e5da7cb
D2A-0319,assets/opera/worlds/backdrops/stage_racer_c0r0.png,racer,background,current family / verify phase binding,4.4,"The track is legible, but intricate coral and multiple arches compete with steering gates. Padded/soft outer areas are visible in the source; the four-tile runtime crop excludes part of that padding, so a live blurred border is not inferred.","Reconstruct the complete current tile set; inspect seams, active crop, native-per-screen coverage and character/target contrast at two aspects. Preserve the existing composition.",5946bdb91c6a3d70fa333220eb26a19c6af85f87f179eccd868f7845cd09a714
D2A-0320,assets/opera/worlds/backdrops/stage_racer_c0r1.png,racer,background,current family / verify phase binding,4.4,"The track is legible, but intricate coral and multiple arches compete with steering gates. Padded/soft outer areas are visible in the source; the four-tile runtime crop excludes part of that padding, so a live blurred border is not inferred.","Reconstruct the complete current tile set; inspect seams, active crop, native-per-screen coverage and character/target contrast at two aspects. Preserve the existing composition.",acedb9b5797d263b5d6fbfa68361bbecd562242f4b9bbfd241704eb3b956e3f0
D2A-0321,assets/opera/worlds/backdrops/stage_racer_c1r0.png,racer,background,current family / verify phase binding,4.4,"The track is legible, but intricate coral and multiple arches compete with steering gates. Padded/soft outer areas are visible in the source; the four-tile runtime crop excludes part of that padding, so a live blurred border is not inferred.","Reconstruct the complete current tile set; inspect seams, active crop, native-per-screen coverage and character/target contrast at two aspects. Preserve the existing composition.",f462309608593159788cdf008cfefe42f4438b57c3304cc6a4a622595a75a1a8
D2A-0322,assets/opera/worlds/backdrops/stage_racer_c1r1.png,racer,background,current family / verify phase binding,4.4,"The track is legible, but intricate coral and multiple arches compete with steering gates. Padded/soft outer areas are visible in the source; the four-tile runtime crop excludes part of that padding, so a live blurred border is not inferred.","Reconstruct the complete current tile set; inspect seams, active crop, native-per-screen coverage and character/target contrast at two aspects. Preserve the existing composition.",d66584c0a3ea8aa3c8c1cefce88a3c2d33e9a80d5405edcb670c2b53fe8bb9b5
D2A-0323,assets/opera/worlds/backdrops/world_astronaut.png,astronaut,background,current family / verify phase binding,4.4,"Many pipes and rocket forms compete with the live repair target. Padded/soft outer areas are visible in the source; the four-tile runtime crop excludes part of that padding, so a live blurred border is not inferred.","Reconstruct the complete current tile set; inspect seams, active crop, native-per-screen coverage and character/target contrast at two aspects. Preserve the existing composition.",05235ac8bb73827e292e40864b2952cfe1349f1182620cc9ae38cc83e8220d88
D2A-0324,assets/opera/worlds/backdrops/world_astronaut_c0r0.png,astronaut,background,current family / verify phase binding,4.4,"Many pipes and rocket forms compete with the live repair target. Padded/soft outer areas are visible in the source; the four-tile runtime crop excludes part of that padding, so a live blurred border is not inferred.","Reconstruct the complete current tile set; inspect seams, active crop, native-per-screen coverage and character/target contrast at two aspects. Preserve the existing composition.",b8170e88b746c5ec608a6318fac254f7cddc78719ca36efacf089100fdcc0535
D2A-0325,assets/opera/worlds/backdrops/world_astronaut_c0r1.png,astronaut,background,current family / verify phase binding,4.4,"Many pipes and rocket forms compete with the live repair target. Padded/soft outer areas are visible in the source; the four-tile runtime crop excludes part of that padding, so a live blurred border is not inferred.","Reconstruct the complete current tile set; inspect seams, active crop, native-per-screen coverage and character/target contrast at two aspects. Preserve the existing composition.",f43b0d59499fcadce323adf984caf3492444377910e859e2b64c970ba7924dde
D2A-0326,assets/opera/worlds/backdrops/world_astronaut_c1r0.png,astronaut,background,current family / verify phase binding,4.4,"Many pipes and rocket forms compete with the live repair target. Padded/soft outer areas are visible in the source; the four-tile runtime crop excludes part of that padding, so a live blurred border is not inferred.","Reconstruct the complete current tile set; inspect seams, active crop, native-per-screen coverage and character/target contrast at two aspects. Preserve the existing composition.",de5d027196f86286dd9032f9fea7ea97c39b9796ce8adee3db527f83025199fc
D2A-0327,assets/opera/worlds/backdrops/world_astronaut_c1r1.png,astronaut,background,current family / verify phase binding,4.4,"Many pipes and rocket forms compete with the live repair target. Padded/soft outer areas are visible in the source; the four-tile runtime crop excludes part of that padding, so a live blurred border is not inferred.","Reconstruct the complete current tile set; inspect seams, active crop, native-per-screen coverage and character/target contrast at two aspects. Preserve the existing composition.",491b2d32cd5b82b0c3436ed37725646dbc5e6dc9dd554851fb86d433acbad953
D2A-0333,assets/opera/worlds/backdrops/world_boxer.png,boxer,background,current family / verify phase binding,4.4,"The toy ring is inviting, but gold stage detail needs a calm contact zone. Padded/soft outer areas are visible in the source; the four-tile runtime crop excludes part of that padding, so a live blurred border is not inferred.","Reconstruct the complete current tile set; inspect seams, active crop, native-per-screen coverage and character/target contrast at two aspects. Preserve the existing composition.",4473b752658e87048b76cd01e150e2af47460ec8801710aafc8ff8756da8fdb2
D2A-0334,assets/opera/worlds/backdrops/world_boxer_c0r0.png,boxer,background,current family / verify phase binding,4.4,"The toy ring is inviting, but gold stage detail needs a calm contact zone. Padded/soft outer areas are visible in the source; the four-tile runtime crop excludes part of that padding, so a live blurred border is not inferred.","Reconstruct the complete current tile set; inspect seams, active crop, native-per-screen coverage and character/target contrast at two aspects. Preserve the existing composition.",ddec896f603a33791747e0020a9d3da83e683df42b00949460084792c525825f
D2A-0335,assets/opera/worlds/backdrops/world_boxer_c0r1.png,boxer,background,current family / verify phase binding,4.4,"The toy ring is inviting, but gold stage detail needs a calm contact zone. Padded/soft outer areas are visible in the source; the four-tile runtime crop excludes part of that padding, so a live blurred border is not inferred.","Reconstruct the complete current tile set; inspect seams, active crop, native-per-screen coverage and character/target contrast at two aspects. Preserve the existing composition.",eb3dd33d46e5cf4de71b3cf53489f18493688f8e1c167831b644ffd5dcda2f35
D2A-0336,assets/opera/worlds/backdrops/world_boxer_c1r0.png,boxer,background,current family / verify phase binding,4.4,"The toy ring is inviting, but gold stage detail needs a calm contact zone. Padded/soft outer areas are visible in the source; the four-tile runtime crop excludes part of that padding, so a live blurred border is not inferred.","Reconstruct the complete current tile set; inspect seams, active crop, native-per-screen coverage and character/target contrast at two aspects. Preserve the existing composition.",524e95ab286c40946a5af2f715916374f6c2bf7ebdb408f20e012c314773af56
D2A-0337,assets/opera/worlds/backdrops/world_boxer_c1r1.png,boxer,background,current family / verify phase binding,4.4,"The toy ring is inviting, but gold stage detail needs a calm contact zone. Padded/soft outer areas are visible in the source; the four-tile runtime crop excludes part of that padding, so a live blurred border is not inferred.","Reconstruct the complete current tile set; inspect seams, active crop, native-per-screen coverage and character/target contrast at two aspects. Preserve the existing composition.",e23ffb69e1856f13ac7d40bf9e182c5d6a192e7925eb59cb75dff470f488571a
D2A-0372,assets/opera/worlds/backdrops/world_painter.png,painter,background,current family / verify phase binding,4.4,"Warm gallery scenery is coherent but must preserve one clear active canvas. Padded/soft outer areas are visible in the source; the four-tile runtime crop excludes part of that padding, so a live blurred border is not inferred.","Reconstruct the complete current tile set; inspect seams, active crop, native-per-screen coverage and character/target contrast at two aspects. Preserve the existing composition.",582276aa838559c392dcf64df6440e909e47d9aaafb38031f78b3208d0279d14
D2A-0373,assets/opera/worlds/backdrops/world_painter_c0r0.png,painter,background,current family / verify phase binding,4.4,"Warm gallery scenery is coherent but must preserve one clear active canvas. Padded/soft outer areas are visible in the source; the four-tile runtime crop excludes part of that padding, so a live blurred border is not inferred.","Reconstruct the complete current tile set; inspect seams, active crop, native-per-screen coverage and character/target contrast at two aspects. Preserve the existing composition.",dfe0c7f09e91733e6768b5d0954771ebbc043946510304b7b5b7ccfa9b9ae07d
D2A-0374,assets/opera/worlds/backdrops/world_painter_c0r1.png,painter,background,current family / verify phase binding,4.4,"Warm gallery scenery is coherent but must preserve one clear active canvas. Padded/soft outer areas are visible in the source; the four-tile runtime crop excludes part of that padding, so a live blurred border is not inferred.","Reconstruct the complete current tile set; inspect seams, active crop, native-per-screen coverage and character/target contrast at two aspects. Preserve the existing composition.",b144575df1b980fac89ac7bb82d147baa72b90921fa7f389990f332a9625d659
D2A-0375,assets/opera/worlds/backdrops/world_painter_c1r0.png,painter,background,current family / verify phase binding,4.4,"Warm gallery scenery is coherent but must preserve one clear active canvas. Padded/soft outer areas are visible in the source; the four-tile runtime crop excludes part of that padding, so a live blurred border is not inferred.","Reconstruct the complete current tile set; inspect seams, active crop, native-per-screen coverage and character/target contrast at two aspects. Preserve the existing composition.",02d7b4ecfbed2ebe58f7055264ee575599ba25e756e1a9a2a9cc6b8c84f654a6
D2A-0376,assets/opera/worlds/backdrops/world_painter_c1r1.png,painter,background,current family / verify phase binding,4.4,"Warm gallery scenery is coherent but must preserve one clear active canvas. Padded/soft outer areas are visible in the source; the four-tile runtime crop excludes part of that padding, so a live blurred border is not inferred.","Reconstruct the complete current tile set; inspect seams, active crop, native-per-screen coverage and character/target contrast at two aspects. Preserve the existing composition.",4b18be9142fbe021425c1e0bd2a3dc6ff52a4df56089a9d924381a89d5b11443
D2A-0382,assets/opera/worlds/backdrops/world_racer.png,racer,background,current family / verify phase binding,4.4,"The track is legible, but intricate coral and multiple arches compete with steering gates. Padded/soft outer areas are visible in the source; the four-tile runtime crop excludes part of that padding, so a live blurred border is not inferred.","Reconstruct the complete current tile set; inspect seams, active crop, native-per-screen coverage and character/target contrast at two aspects. Preserve the existing composition.",1ea63f73c362b38c53a644384a5a7d31472d0ae1b28a518e9d640246268a3b51
D2A-0383,assets/opera/worlds/backdrops/world_racer_c0r0.png,racer,background,current family / verify phase binding,4.4,"The track is legible, but intricate coral and multiple arches compete with steering gates. Padded/soft outer areas are visible in the source; the four-tile runtime crop excludes part of that padding, so a live blurred border is not inferred.","Reconstruct the complete current tile set; inspect seams, active crop, native-per-screen coverage and character/target contrast at two aspects. Preserve the existing composition.",920b4df91bad73d288ff2cd39fe8cdccc2dfe8743bb64d65a691343b7630bf66
D2A-0384,assets/opera/worlds/backdrops/world_racer_c0r1.png,racer,background,current family / verify phase binding,4.4,"The track is legible, but intricate coral and multiple arches compete with steering gates. Padded/soft outer areas are visible in the source; the four-tile runtime crop excludes part of that padding, so a live blurred border is not inferred.","Reconstruct the complete current tile set; inspect seams, active crop, native-per-screen coverage and character/target contrast at two aspects. Preserve the existing composition.",95fa81b0f29ebee87ae6d4121334a46cac4c2545eb3b37660f002462e9b29585
D2A-0385,assets/opera/worlds/backdrops/world_racer_c1r0.png,racer,background,current family / verify phase binding,4.4,"The track is legible, but intricate coral and multiple arches compete with steering gates. Padded/soft outer areas are visible in the source; the four-tile runtime crop excludes part of that padding, so a live blurred border is not inferred.","Reconstruct the complete current tile set; inspect seams, active crop, native-per-screen coverage and character/target contrast at two aspects. Preserve the existing composition.",07e7ad658427ed5cac40f1668521b4c59c54fba8bb428edb5acd36db25fbf3b7
D2A-0386,assets/opera/worlds/backdrops/world_racer_c1r1.png,racer,background,current family / verify phase binding,4.4,"The track is legible, but intricate coral and multiple arches compete with steering gates. Padded/soft outer areas are visible in the source; the four-tile runtime crop excludes part of that padding, so a live blurred border is not inferred.","Reconstruct the complete current tile set; inspect seams, active crop, native-per-screen coverage and character/target contrast at two aspects. Preserve the existing composition.",359b2bdd82519239ce7de69bb50d4555c6d1e15a50407bfd008210de32ab66d5
D2A-0400,assets/opera/worlds/props/fx_telegraph_ring.png,shared,props,current family / verify phase binding,4.4,The gold ring is polished but can compete with shell buttons and progress indicators.,Place it on the single intentional target and compare with the quieter pointer.,12077afe02fa842d7e257d22110cc64df13a63510d2cd8c86fd4c7a06062572e
D2A-0445,assets/opera/worlds/widgets/widget_catch_nursery.png,nursery,widgets,current family / verify phase binding,4.4,The isolated role image has a recognizable painted subject; exact phase use and object ownership need context review.,Verify the exact draw route: loaded does not mean displayed. Prefer existing isolated role art and truthful local material change; clean remnants or opaque backing in a separate derivative only if the live route needs it.,bf33a3fa22216f2354dc64333682005bdb5e404574156a5838cf263dcab10b17
D2A-0529,assets/opera/worlds/widgets/widget_magic_vanish_reveal.png,shared,widgets,current family / verify phase binding,4.4,The Lamba reveal is readable but needs identity comparison with the established Lamba sheet.,Verify the exact draw route: loaded does not mean displayed. Prefer existing isolated role art and truthful local material change; clean remnants or opaque backing in a separate derivative only if the live route needs it.,6de26751d387d8d811adc911cae430f8b637bfcef228f4c77ebf4d07a6317124
D2A-0582,assets/opera/worlds/widgets/widget_target_farmer_mover.png,farmer,widgets,current family / verify phase binding,4.4,"Several picnic pigs and food items are composed as one group, reducing independent target ownership.",Verify the exact draw route: loaded does not mean displayed. Prefer existing isolated role art and truthful local material change; clean remnants or opaque backing in a separate derivative only if the live route needs it.,f82af116981992a3da556830ea53069a095abd34cb23180fd6ed50b465755b72
D2A-0587,assets/opera/worlds/widgets/widget_target_painter_mark.png,painter,widgets,current family / verify phase binding,4.4,"The paint splat is a coherent glossy blob, but the highlight can dominate a small stamp.",Verify the exact draw route: loaded does not mean displayed. Prefer existing isolated role art and truthful local material change; clean remnants or opaque backing in a separate derivative only if the live route needs it.,c99725e335ee4d49c76768a8dbea3f215c496021ca58a0f3282566325a775e66
D2A-0613,assets/opera/worlds/widgets/widget_track_farmer_mover.png,farmer,widgets,current family / verify phase binding,4.4,The hopping pig is charming; thin motion marks need scene-size review.,Verify the exact draw route: loaded does not mean displayed. Prefer existing isolated role art and truthful local material change; clean remnants or opaque backing in a separate derivative only if the live route needs it.,6cec921467c5c84d095ab260a6aa5aa1004102312d8eefa0fe8d485fc9c1af25
D2A-0625,assets/characters/roshan_25d/roshan_gesture_b.png,shared,roshan_25d,current family / verify phase binding,4.4,The gesture sheet preserves Roshan but shows many distinct authored poses with changing arm and tail shapes.,Use deliberate semantic poses; do not cycle unrelated gestures as a continuous movement clip.,59daf2a2efdbabba1a28bedfed5312805b4351627f0882704b11c4b6ca488ead
D2A-0626,assets/characters/roshan_25d/roshan_swim_front.png,shared,roshan_25d,current family / verify phase binding,4.4,The swim sheet preserves recognizable color and full fins; pose spacing and changing limb silhouettes need a motion review.,"Keep the source intact and inspect exact played frames, speed and identity continuity.",a62c8aee70f13d6c8d660652052e1170c516f355207df4c3488f952430cbde01
D2A-0004,assets/chapter2/birthday/chapter2_chef_baked_tiers_unstacked.png,chef,birthday,current family / verify phase binding,4.5,"Six colored tiers are distinguishable, but the detached trays and similar broad discs weaken the sense of assembling one cake.",Review stacking contact and tier order before drawing anything new.,74b68d65ac3966cf1a2f9ad8aada8d17b8210342f32e2426ceab5b7164ba2cdd
D2A-0013,assets/chapter2/birthday/sky_lagoon_strawberry_cluster.png,shared,birthday,current family / verify phase binding,4.5,The three-fruit cluster is attractive but too dense to serve as a single countable berry. The production pickup builder already uses individual berries.,Retain as cluster/reference art; preserve the existing five single-berry pickup route.,c28ff9ab18a20488cd78d2cc11000c97a3838879870a5d368fa68ee17c97acf6
D2A-0042,assets/flats/sky_lagoon/main/flat_sky_lagoon_main_panorama_v4_tile_r0_c2.png,shared,background,older backdrop reference / not selected by current V5 route,4.5,"The meadow tile is coherent and inviting; leafy edges require contrast checking for the individual red berries. This file is row 0, column 2 of a joined composition, not a standalone scene.","Reconstruct the complete current tile set; inspect seams, active crop, native-per-screen coverage and character/target contrast at two aspects. Preserve the existing composition.",7bc19b4cb0064fa9259b625208e8feed252f9e6f0ef61e255d93e143e2ee4ae1
D2A-0043,assets/flats/sky_lagoon/main/flat_sky_lagoon_main_panorama_v4_tile_r0_c3.png,shared,background,older backdrop reference / not selected by current V5 route,4.5,"The meadow tile is coherent and inviting; leafy edges require contrast checking for the individual red berries. This file is row 0, column 3 of a joined composition, not a standalone scene.","Reconstruct the complete current tile set; inspect seams, active crop, native-per-screen coverage and character/target contrast at two aspects. Preserve the existing composition.",47c6a682970de2f6bd3d29930d0a81353b1e996b3ace701a3a1fbc9dda5c96cc
D2A-0044,assets/flats/sky_lagoon/main/flat_sky_lagoon_main_panorama_v4_tile_r1_c2.png,shared,background,older backdrop reference / not selected by current V5 route,4.5,"The meadow tile is coherent and inviting; leafy edges require contrast checking for the individual red berries. This file is row 1, column 2 of a joined composition, not a standalone scene.","Reconstruct the complete current tile set; inspect seams, active crop, native-per-screen coverage and character/target contrast at two aspects. Preserve the existing composition.",f4155703c6fa73dbb14107c2e95c2ddd601c8bafa1c85c1915627d9eba5ec2b7
D2A-0045,assets/flats/sky_lagoon/main/flat_sky_lagoon_main_panorama_v4_tile_r1_c3.png,shared,background,older backdrop reference / not selected by current V5 route,4.5,"The meadow tile is coherent and inviting; leafy edges require contrast checking for the individual red berries. This file is row 1, column 3 of a joined composition, not a standalone scene.","Reconstruct the complete current tile set; inspect seams, active crop, native-per-screen coverage and character/target contrast at two aspects. Preserve the existing composition.",115a8957d0b17ab3683e1e01258fb0a1293c42cd8c05a593e0bfa7e03c4f0648
D2A-0059,assets/opera/tree_book_test/patient.png,arborist,tree_book_test,current family / verify phase binding,4.5,"The sick and healthy tree preserve trunk identity, but orange spots sit among similarly warm leaves and blossoms.",Strengthen diagnosis through staging and book focus first; verify the healthy change is obvious without text.,a1a77f01b2d0a57d896f1c831132ce6cf61efe6204fb3de09a58f271c7087d34
D2A-0062,assets/opera/tree_book_test/spray_poses.png,arborist,tree_book_test,current family / verify phase binding,4.5,"Four complete spraying poses retain Roshan and the medicine tool, but each is an independent pose rather than proven continuous action.",Choose the reviewed treatment pose; capture medicine-to-leaf contact and the same-patient healing result.,0c7dd79d7d845dcef394f6fbe4e6f766b236b747a48df0b277208818c1fa1f95
D2A-0064,assets/opera/worlds/actors/animation/roshan_ballerina_sheet_a.png,ballerina,actor atlas,current family / verify phase binding,4.5,The ballerina sheet retains recognizable costume colors across 16 cells; work/gesture cells must be treated as authored poses until the exact played sequence is reviewed.,"Review each idle/travel/work/cheer row at native size and play only semantic reviewed cells. Capture gaze, hand/tool contact, full fin and the same-object payoff before considering new art.",c829784d4085e9cd9765cf0114a0f65bfe3f662ed8acc423223b726a0f003995
D2A-0067,assets/opera/worlds/actors/animation/roshan_chef_sheet_a.png,chef,actor atlas,current family / verify phase binding,4.5,The chef sheet retains recognizable costume colors across 16 cells; work/gesture cells must be treated as authored poses until the exact played sequence is reviewed.,"Review each idle/travel/work/cheer row at native size and play only semantic reviewed cells. Capture gaze, hand/tool contact, full fin and the same-object payoff before considering new art.",78c666d2e87cc1cdcd2cde311c20e75a83ca86dae1366fe4aa9cacbee3e30566
D2A-0068,assets/opera/worlds/actors/animation/roshan_detective_sheet_a.png,detective,actor atlas,current family / verify phase binding,4.5,The detective sheet retains recognizable costume colors across 16 cells; work/gesture cells must be treated as authored poses until the exact played sequence is reviewed.,"Review each idle/travel/work/cheer row at native size and play only semantic reviewed cells. Capture gaze, hand/tool contact, full fin and the same-object payoff before considering new art.",fb0a7d8b718d797484f1d0da22c330a7e01d0e0bb192f9296f3f288a30cf7e7c
D2A-0075,assets/opera/worlds/actors/animation/roshan_popstar_sheet_a.png,popstar,actor atlas,current family / verify phase binding,4.5,The popstar sheet retains recognizable costume colors across 16 cells; work/gesture cells must be treated as authored poses until the exact played sequence is reviewed.,"Review each idle/travel/work/cheer row at native size and play only semantic reviewed cells. Capture gaze, hand/tool contact, full fin and the same-object payoff before considering new art.",0084e74b73042832f248c26f6688e484b7376ea6418caee09b2e4beeebfb0ee9
D2A-0257,assets/opera/worlds/actors/roshan_astronaut.png,astronaut,actors,fallback / reference,4.5,The static astronaut Roshan card preserves the costume and warm child face; it is a reference/fallback distinct from the active atlas.,Prefer the existing full-tail approved family. Verify actual fallback/driver use before changing or retiring this file.,6055058af6e697ed386f18a9418e2b5c9e69b1065e9d0d9268570067bdae57a5
D2A-0258,assets/opera/worlds/actors/roshan_ballerina.png,ballerina,actors,fallback / reference,4.5,The static ballerina Roshan card preserves the costume and warm child face; it is a reference/fallback distinct from the active atlas.,Prefer the existing full-tail approved family. Verify actual fallback/driver use before changing or retiring this file.,3e1ff9afca613e7a009135a3b7878c4131daae7d12d4e7b3bdba1ca1a91b5b27
D2A-0262,assets/opera/worlds/actors/roshan_detective.png,detective,actors,fallback / reference,4.5,The static detective Roshan card preserves the costume and warm child face; it is a reference/fallback distinct from the active atlas.,Prefer the existing full-tail approved family. Verify actual fallback/driver use before changing or retiring this file.,c0cbbc93f7a5fc99b6183c8007e9101f802107a077761e974f69492a5f2f4023
D2A-0263,assets/opera/worlds/actors/roshan_doctor.png,doctor,actors,fallback / reference,4.5,The static doctor Roshan card preserves the costume and warm child face; it is a reference/fallback distinct from the active atlas.,Prefer the existing full-tail approved family. Verify actual fallback/driver use before changing or retiring this file.,976ae402207a551e23be35c9c83c708ab3f311f96770d80dfd69f897b78ea55d
D2A-0264,assets/opera/worlds/actors/roshan_farmer.png,farmer,actors,fallback / reference,4.5,The static farmer Roshan card preserves the costume and warm child face; it is a reference/fallback distinct from the active atlas.,Prefer the existing full-tail approved family. Verify actual fallback/driver use before changing or retiring this file.,c7d0fbc58b2f67a4962a86ae10dc68c9e810e43f097db903693e213d750a74f9
D2A-0265,assets/opera/worlds/actors/roshan_magician.png,magician,actors,fallback / reference,4.5,The static magician Roshan card preserves the costume and warm child face; it is a reference/fallback distinct from the active atlas.,Prefer the existing full-tail approved family. Verify actual fallback/driver use before changing or retiring this file.,4c602d34ea7cf2cf6c9e49fb608751bc77481a4220a8ac89c67d64ae05d7b34d
D2A-0266,assets/opera/worlds/actors/roshan_nursery.png,nursery,actors,fallback / reference,4.5,The static nursery Roshan card preserves the costume and warm child face; it is a reference/fallback distinct from the active atlas.,Prefer the existing full-tail approved family. Verify actual fallback/driver use before changing or retiring this file.,453f770e57cf9493d022c17e59960af2a062f63d8bdf6167f4a855fa1dc4fed1
D2A-0267,assets/opera/worlds/actors/roshan_painter.png,painter,actors,fallback / reference,4.5,The static painter Roshan card preserves the costume and warm child face; it is a reference/fallback distinct from the active atlas.,Prefer the existing full-tail approved family. Verify actual fallback/driver use before changing or retiring this file.,b77783de7d5561a0aec919a87cd1bc75ac6e9853466a389666560fd478062d77
D2A-0295,assets/opera/worlds/backdrops/stage_doctor_c0r0.png,doctor,background,current family / verify phase binding,4.5,"The cream/teal clinic has a relatively clear high-key working area. Padded/soft outer areas are visible in the source; the four-tile runtime crop excludes part of that padding, so a live blurred border is not inferred.","Reconstruct the complete current tile set; inspect seams, active crop, native-per-screen coverage and character/target contrast at two aspects. Preserve the existing composition.",a2db9584379bfa5ce32e5e670e6eebaebc3bab5c4f60b4348ecd94ca99596257
D2A-0296,assets/opera/worlds/backdrops/stage_doctor_c0r1.png,doctor,background,current family / verify phase binding,4.5,"The cream/teal clinic has a relatively clear high-key working area. Padded/soft outer areas are visible in the source; the four-tile runtime crop excludes part of that padding, so a live blurred border is not inferred.","Reconstruct the complete current tile set; inspect seams, active crop, native-per-screen coverage and character/target contrast at two aspects. Preserve the existing composition.",1f351a40020e2f690fa59dac149a06254e1c16bb7b251e324ef4a9718cae10f6
D2A-0297,assets/opera/worlds/backdrops/stage_doctor_c1r0.png,doctor,background,current family / verify phase binding,4.5,"The cream/teal clinic has a relatively clear high-key working area. Padded/soft outer areas are visible in the source; the four-tile runtime crop excludes part of that padding, so a live blurred border is not inferred.","Reconstruct the complete current tile set; inspect seams, active crop, native-per-screen coverage and character/target contrast at two aspects. Preserve the existing composition.",66d0a0ffc0af97896758b00bea39d63862ba7b88be04aa39c49b5e4a61cb7e82
D2A-0298,assets/opera/worlds/backdrops/stage_doctor_c1r1.png,doctor,background,current family / verify phase binding,4.5,"The cream/teal clinic has a relatively clear high-key working area. Padded/soft outer areas are visible in the source; the four-tile runtime crop excludes part of that padding, so a live blurred border is not inferred.","Reconstruct the complete current tile set; inspect seams, active crop, native-per-screen coverage and character/target contrast at two aspects. Preserve the existing composition.",30d8ca7f012b5e8211dcadc48fc19e207a9bead348904605b322a605d9f438c2
D2A-0353,assets/opera/worlds/backdrops/world_doctor.png,doctor,background,current family / verify phase binding,4.5,"The cream/teal clinic has a relatively clear high-key working area. Padded/soft outer areas are visible in the source; the four-tile runtime crop excludes part of that padding, so a live blurred border is not inferred.","Reconstruct the complete current tile set; inspect seams, active crop, native-per-screen coverage and character/target contrast at two aspects. Preserve the existing composition.",7dd34c1ca85d8dc8e6f297b5a25145b114cab93580444289d39d2ab341a8b5ff
D2A-0354,assets/opera/worlds/backdrops/world_doctor_c0r0.png,doctor,background,current family / verify phase binding,4.5,"The cream/teal clinic has a relatively clear high-key working area. Padded/soft outer areas are visible in the source; the four-tile runtime crop excludes part of that padding, so a live blurred border is not inferred.","Reconstruct the complete current tile set; inspect seams, active crop, native-per-screen coverage and character/target contrast at two aspects. Preserve the existing composition.",e9c168fc8590cece7d30efa8281b5ff9686726d9fb799739ef2b37183732c7cf
D2A-0355,assets/opera/worlds/backdrops/world_doctor_c0r1.png,doctor,background,current family / verify phase binding,4.5,"The cream/teal clinic has a relatively clear high-key working area. Padded/soft outer areas are visible in the source; the four-tile runtime crop excludes part of that padding, so a live blurred border is not inferred.","Reconstruct the complete current tile set; inspect seams, active crop, native-per-screen coverage and character/target contrast at two aspects. Preserve the existing composition.",ada8d12f15bf6c87aa53a9967d880d08271daf7344f50e97b90580ab268601b6
D2A-0356,assets/opera/worlds/backdrops/world_doctor_c1r0.png,doctor,background,current family / verify phase binding,4.5,"The cream/teal clinic has a relatively clear high-key working area. Padded/soft outer areas are visible in the source; the four-tile runtime crop excludes part of that padding, so a live blurred border is not inferred.","Reconstruct the complete current tile set; inspect seams, active crop, native-per-screen coverage and character/target contrast at two aspects. Preserve the existing composition.",ccf34368c0d0afaf3a88704c2dcd31c9a65051634110dfa0afba8657c186580c
D2A-0357,assets/opera/worlds/backdrops/world_doctor_c1r1.png,doctor,background,current family / verify phase binding,4.5,"The cream/teal clinic has a relatively clear high-key working area. Padded/soft outer areas are visible in the source; the four-tile runtime crop excludes part of that padding, so a live blurred border is not inferred.","Reconstruct the complete current tile set; inspect seams, active crop, native-per-screen coverage and character/target contrast at two aspects. Preserve the existing composition.",a55942bb70402a78f5c6f142dc40896edb7ab53a269ec5b1b631f507da80c40f
D2A-0389,assets/opera/worlds/hotspots/magician_rope.png,magician,hotspots,current family / verify phase binding,4.5,The rope hotspot has a clear isolated shape; its cut/restore result must be compared in context.,Check large target readability and exact subject contact. Keep intentionally simple icons simple; review large world objects for finish.,f38205f3e00ab8de0b1dd176a52c7535abcfa369eafa1fe1032eacb003fc9843
D2A-0391,assets/opera/worlds/nursery/baby_0.png,nursery,nursery,current family / verify phase binding,4.5,The pastel-swaddled baby has a complete calm contour and readable face; fine facial detail is more naturalistic than most toy props.,"Retain identity and swaddle color; review one baby at a time, safe landing, bottle contact and peaceful bedtime.",bcd4f1e12437dab7dbacadb54f0150c4b500d40e589574f03c394109f7780c3b
D2A-0392,assets/opera/worlds/nursery/baby_1.png,nursery,nursery,current family / verify phase binding,4.5,The pastel-swaddled baby has a complete calm contour and readable face; fine facial detail is more naturalistic than most toy props.,"Retain identity and swaddle color; review one baby at a time, safe landing, bottle contact and peaceful bedtime.",73148e42f8e7786aef3baafe573905b3e504d76ab2f754cbe61c47c8b9ddb102
D2A-0393,assets/opera/worlds/nursery/baby_2.png,nursery,nursery,current family / verify phase binding,4.5,The pastel-swaddled baby has a complete calm contour and readable face; fine facial detail is more naturalistic than most toy props.,"Retain identity and swaddle color; review one baby at a time, safe landing, bottle contact and peaceful bedtime.",c21a61b7ebb53c0f164ce29a39656b23b32725708e4f71192babf8b5e8eb74b5
D2A-0395,assets/opera/worlds/props/fx_dizzy_stars.png,shared,props,current family / verify phase binding,4.5,"The warm dizzy stars are readable, although the sparse thin arcs can disappear over ornate scenery.",Review in context and retain only the minimum accent needed for friendly recovery.,81bd48fc49666a365c84792fabc6a0313cfa78d8e431bcec1024a4b14d81c7a2
D2A-0397,assets/opera/worlds/props/fx_slash_arc.png,shared,props,current family / verify phase binding,4.5,The curved slash accent has a clear isolated arc but carries a more combative gesture than the calm job tools.,Verify it belongs to the friendly boxer contact and does not obscure the glove.,d78f311c8c086c405508ff9139f25af856df1bc3b8375e7693d03e73d53e2e10
D2A-0404,assets/opera/worlds/props/goal_candymaker.png,candymaker,props,current family / verify phase binding,4.5,The candy bag is attractive but wrapper folds and several tiny sweets crowd the silhouette.,Inspect at reward size and simplify staging before altering the source.,91bb2f1d37fdfbba62ab5a77898a517980a5b652ed89f655fe8492dd75b3666a
D2A-0410,assets/opera/worlds/props/goal_magician.png,magician,props,current family / verify phase binding,4.5,The Lamba-and-hat reward is polished but its body and facial treatment need comparison with the established Lamba sheet.,Bind identity to the existing Lamba source and review the actual reveal; do not replace the identity casually.,843e7c371c5d08d0f41f0629922778f416e3638c220fe558f5db8407d6495f8a
D2A-0415,assets/opera/worlds/stage/finale_stage_c0r0.png,shared,background,current family / verify phase binding,4.5,The recital stage tile supports a quiet center with richly painted theatrical edges.,"Reconstruct the complete current tile set; inspect seams, active crop, native-per-screen coverage and character/target contrast at two aspects. Preserve the existing composition.",8e6744af0f1f2ec529868e333d77fcc65250f0d3ae6d2eefcadcb5236d7b5f84
D2A-0416,assets/opera/worlds/stage/finale_stage_c0r1.png,shared,background,current family / verify phase binding,4.5,The recital stage tile supports a quiet center with richly painted theatrical edges.,"Reconstruct the complete current tile set; inspect seams, active crop, native-per-screen coverage and character/target contrast at two aspects. Preserve the existing composition.",4a00531df0587cafe91031cf6bd6b846e62973bee6df6b0c86a088e02581d420
D2A-0417,assets/opera/worlds/stage/finale_stage_c1r0.png,shared,background,current family / verify phase binding,4.5,The recital stage tile supports a quiet center with richly painted theatrical edges.,"Reconstruct the complete current tile set; inspect seams, active crop, native-per-screen coverage and character/target contrast at two aspects. Preserve the existing composition.",d980a225ef35df8e2d7d32d2a7750d45c7ce5f85a59c396da695d4cd93f1d3ce
D2A-0418,assets/opera/worlds/stage/finale_stage_c1r1.png,shared,background,current family / verify phase binding,4.5,The recital stage tile supports a quiet center with richly painted theatrical edges.,"Reconstruct the complete current tile set; inspect seams, active crop, native-per-screen coverage and character/target contrast at two aspects. Preserve the existing composition.",05309209b2ef4c30e4cc70424006ef3dbce7cd3b83f56ad41735e7a8b487ac9b
D2A-0464,assets/opera/worlds/widgets/widget_clue_board_empty.png,shared,widgets,current family / verify phase binding,4.5,The empty clue board leaves clear matching slots but needs target contrast in the dark room.,Verify the exact draw route: loaded does not mean displayed. Prefer existing isolated role art and truthful local material change; clean remnants or opaque backing in a separate derivative only if the live route needs it.,ef1b914d8db485aa4e7d275628b62711ade9caa49aae02c08cf79f52cee8e191
D2A-0492,assets/opera/worlds/widgets/widget_crank_racer_kart.png,racer,widgets,current family / verify phase binding,4.5,The side-view kart is a coherent object with an intentionally incomplete repair state.,Verify the exact draw route: loaded does not mean displayed. Prefer existing isolated role art and truthful local material change; clean remnants or opaque backing in a separate derivative only if the live route needs it.,59ea76d8be40b604cbf3691e9c9508287334ddf6cf0f81fea08c7f68fd22fe8c
D2A-0508,assets/opera/worlds/widgets/widget_lanes_ballerina_lit.png,ballerina,widgets,current family / verify phase binding,4.5,"Three shell choices are distinct and coherent, with modest inner detail.",Verify the exact draw route: loaded does not mean displayed. Prefer existing isolated role art and truthful local material change; clean remnants or opaque backing in a separate derivative only if the live route needs it.,6d13cd6ad2f0856e58e9065a86695b9a751e8ef2a727de23863cf58aa3933107
D2A-0510,assets/opera/worlds/widgets/widget_lanes_boxer_lit.png,boxer,widgets,current family / verify phase binding,4.5,Boxing mitt/glove/ring symbols have clear job associations.,Verify the exact draw route: loaded does not mean displayed. Prefer existing isolated role art and truthful local material change; clean remnants or opaque backing in a separate derivative only if the live route needs it.,be7e5b74c6eb5e65e25cdc1807ac8302826b16123d44bd95ec1af48a871dc768
D2A-0514,assets/opera/worlds/widgets/widget_lanes_detective_lit.png,detective,widgets,current family / verify phase binding,4.5,The clue boxes have distinct silhouettes and consistent warm contours.,Verify the exact draw route: loaded does not mean displayed. Prefer existing isolated role art and truthful local material change; clean remnants or opaque backing in a separate derivative only if the live route needs it.,6bcd980aec5c98657fe1082f22a0b4b3cc2824d0892463b23f24690229080d58
D2A-0522,assets/opera/worlds/widgets/widget_lanes_painter_lit.png,painter,widgets,current family / verify phase binding,4.5,The gallery frames form a consistent choice family.,Verify the exact draw route: loaded does not mean displayed. Prefer existing isolated role art and truthful local material change; clean remnants or opaque backing in a separate derivative only if the live route needs it.,bd021b3798ed9712a483ffe3a1d52f6174d419c476a3593fdebb6f2c70cb20a1
D2A-0524,assets/opera/worlds/widgets/widget_lanes_popstar_lit.png,popstar,widgets,current family / verify phase binding,4.5,"The broad dance arrows are clear, but meaning must be demonstrated visually.",Verify the exact draw route: loaded does not mean displayed. Prefer existing isolated role art and truthful local material change; clean remnants or opaque backing in a separate derivative only if the live route needs it.,d25046a658c83673cdaf1a89cbf9034884ad497b3314fe183abd69b294d2e284
D2A-0526,assets/opera/worlds/widgets/widget_magic_cabinet_closed.png,shared,widgets,current family / verify phase binding,4.5,The closed cabinet has a coherent broad theatrical silhouette.,Verify the exact draw route: loaded does not mean displayed. Prefer existing isolated role art and truthful local material change; clean remnants or opaque backing in a separate derivative only if the live route needs it.,f0829a82157b1e1671fdca165dac68a8385645d648ec77604287e95a59796fcf
D2A-0528,assets/opera/worlds/widgets/widget_magic_vanish_hat.png,shared,widgets,current family / verify phase binding,4.5,The vanish hat is a clean theatrical object.,Verify the exact draw route: loaded does not mean displayed. Prefer existing isolated role art and truthful local material change; clean remnants or opaque backing in a separate derivative only if the live route needs it.,489b47f7ad9f534cbc243b1d8b67a35a33c7d14b4c67b1fe9fb5f154144e4316
D2A-0533,assets/opera/worlds/widgets/widget_pour_candymaker_fill.png,candymaker,widgets,current family / verify phase binding,4.5,The mold-fill shapes are readable; their alignment with the actual mold still needs capture.,Verify the exact draw route: loaded does not mean displayed. Prefer existing isolated role art and truthful local material change; clean remnants or opaque backing in a separate derivative only if the live route needs it.,e4f974c8c8a285fd0c17922060d9bec8e4a2f83a9cfc4e69e1af378037eafa89
D2A-0544,assets/opera/worlds/widgets/widget_pour_painter_mover.png,painter,widgets,current family / verify phase binding,4.5,The blank easel has a clear canvas and a stable complete frame.,Verify the exact draw route: loaded does not mean displayed. Prefer existing isolated role art and truthful local material change; clean remnants or opaque backing in a separate derivative only if the live route needs it.,3d05c496d134126b92572197a6d8c1334e2948184f32f790f642e11d0933a819
D2A-0546,assets/opera/worlds/widgets/widget_push_boxer_mover.png,boxer,widgets,current family / verify phase binding,4.5,The glove pair is clear; its two-object ownership requires a deliberate specialist layout.,Verify the exact draw route: loaded does not mean displayed. Prefer existing isolated role art and truthful local material change; clean remnants or opaque backing in a separate derivative only if the live route needs it.,6472eb5276ff33e8c91a1d46d7b85f03ea3b16c22e3d4643f3ac67284d8c4886
D2A-0550,assets/opera/worlds/widgets/widget_push_nursery_mover.png,nursery,widgets,current family / verify phase binding,4.5,The baby has a clean swaddled silhouette; facial detail is more naturalistic than most toy props.,Verify the exact draw route: loaded does not mean displayed. Prefer existing isolated role art and truthful local material change; clean remnants or opaque backing in a separate derivative only if the live route needs it.,396b26dc6a99235be461ce05a7fc4753e65e7ef9ee634fd0d6d1bc26cb4a5edc
D2A-0557,assets/opera/worlds/widgets/widget_target_astronaut_mover.png,astronaut,widgets,current family / verify phase binding,4.5,The side rocket is recognizable and complete; its sideways orientation must match the working scene.,Verify the exact draw route: loaded does not mean displayed. Prefer existing isolated role art and truthful local material change; clean remnants or opaque backing in a separate derivative only if the live route needs it.,5d11779c6c9d702dbbca75e359e019382b52e670f5fa6d3f1e47856878b5db15
D2A-0567,assets/opera/worlds/widgets/widget_target_candymaker_mover.png,candymaker,widgets,current family / verify phase binding,4.5,The candy bag is polished but carries many small wrapper highlights.,Verify the exact draw route: loaded does not mean displayed. Prefer existing isolated role art and truthful local material change; clean remnants or opaque backing in a separate derivative only if the live route needs it.,b8c18e292f5b0265679b1c0eb4cbf43f7625024fb49497d8d05019471ab87d2f
D2A-0617,assets/opera/worlds/widgets/widget_track_nursery_mover.png,nursery,widgets,current family / verify phase binding,4.5,The swaddled baby is clean but needs gentle contact staging.,Verify the exact draw route: loaded does not mean displayed. Prefer existing isolated role art and truthful local material change; clean remnants or opaque backing in a separate derivative only if the live route needs it.,396b26dc6a99235be461ce05a7fc4753e65e7ef9ee634fd0d6d1bc26cb4a5edc
D2A-0627,assets/characters/rumi/rumi_eight_pose_runtime.png,shared,rumi,current family / verify phase binding,4.5,"Rumi keeps a clear purple-hair and turquoise/pink-tail identity across eight poses, though body scale and hair silhouette vary.",Retain the protected source; use the intentional singer pose and inspect Roshan/Rumi scale and sound-check ownership.,9833ee5c9deaa1ee39bbbe1f81a790e5f609993dbf3b9b0179b0cca993ae0014
D2A-0628,assets/flats/castle/dream_house/dining_table.png,shared,dream_house,current family / verify phase binding,4.5,"The broad oval party table is stable and complete, but the deep wood texture is stronger than most pastel surfaces.",Retain; establish cake base-to-table contact and keep decoration from hiding the five toppings.,18c2c6a4ad7cb40de2ac85bf73aedbb5111c0aaf22a7e741d21bb7796625c57b
D2A-0632,assets/sprites/sky_lagoon/sky_lagoon_castle_four_tower_v4.png,shared,sky_lagoon,current family / verify phase binding,4.5,"The castle has a clear silhouette and established purple/gold identity, with a dense stained-glass focal panel.",Reuse the approved cutout; preserve door readability and the intentional foreground hierarchy.,08e3b8503520f3657e7f788bc74c967b76692f5dd292e0971495677f0e695a42
