[codex/job-art-review-v2-20261001 c6f03791] Audit painted river runtime and seven-state geode pilot
 1393 files changed, 369242 insertions(+), 370 deletions(-)
 create mode 100644 assets/opera/worlds/geology/painted_river_v1_20261002/dry_junctions.png
 create mode 100644 assets/opera/worlds/geology/painted_river_v1_20261002/dry_junctions.png.import
 create mode 100644 assets/opera/worlds/geology/painted_river_v1_20261002/dry_straight.png
 create mode 100644 assets/opera/worlds/geology/painted_river_v1_20261002/dry_straight.png.import
 create mode 100644 assets/opera/worlds/geology/painted_river_v1_20261002/earth_bed.png
 create mode 100644 assets/opera/worlds/geology/painted_river_v1_20261002/earth_bed.png.import
 create mode 100644 assets/opera/worlds/geology/painted_river_v1_20261002/nodes.png
 create mode 100644 assets/opera/worlds/geology/painted_river_v1_20261002/nodes.png.import
 create mode 100644 assets/opera/worlds/geology/painted_river_v1_20261002/wet_junctions.png
 create mode 100644 assets/opera/worlds/geology/painted_river_v1_20261002/wet_junctions.png.import
 create mode 100644 assets/opera/worlds/geology/painted_river_v1_20261002/wet_straight.png
 create mode 100644 assets/opera/worlds/geology/painted_river_v1_20261002/wet_straight.png.import
 create mode 100644 assets_src/imagegen/geologist_geode_coherent_states_v1_20261002/NORMALIZATION.json
 create mode 100644 assets_src/imagegen/geologist_geode_coherent_states_v1_20261002/PLAN.json
 create mode 100644 assets_src/imagegen/geologist_geode_coherent_states_v1_20261002/REVIEW.json
 create mode 100644 assets_src/imagegen/geologist_geode_coherent_states_v1_20261002/SELECTED_PILOT_STATES.json
 create mode 100644 assets_src/imagegen/geologist_geode_coherent_states_v1_20261002/attempt_01/GENERATION.json
 create mode 100644 assets_src/imagegen/geologist_geode_coherent_states_v1_20261002/attempt_01/PROMPT.txt
 create mode 100644 assets_src/imagegen/geologist_geode_coherent_states_v1_20261002/attempt_01/REVIEW.json
 create mode 100644 assets_src/imagegen/geologist_geode_coherent_states_v1_20261002/attempt_01/native.png
 create mode 100644 assets_src/imagegen/geologist_geode_coherent_states_v1_20261002/attempt_02/GENERATION.json
 create mode 100644 assets_src/imagegen/geologist_geode_coherent_states_v1_20261002/attempt_02/PLAN.json
 create mode 100644 assets_src/imagegen/geologist_geode_coherent_states_v1_20261002/attempt_02/PROMPT.txt
 create mode 100644 assets_src/imagegen/geologist_geode_coherent_states_v1_20261002/attempt_02/REVIEW.json
 create mode 100644 assets_src/imagegen/geologist_geode_coherent_states_v1_20261002/attempt_02/native.png
 create mode 100644 assets_src/imagegen/geologist_geode_coherent_states_v1_20261002/attempt_03/GENERATION.json
 create mode 100644 assets_src/imagegen/geologist_geode_coherent_states_v1_20261002/attempt_03/PLAN.json
 create mode 100644 assets_src/imagegen/geologist_geode_coherent_states_v1_20261002/attempt_03/PROMPT.txt
 create mode 100644 assets_src/imagegen/geologist_geode_coherent_states_v1_20261002/attempt_03/REVIEW.json
 create mode 100644 assets_src/imagegen/geologist_geode_coherent_states_v1_20261002/attempt_03/native.png
 create mode 100644 assets_src/imagegen/geologist_geode_coherent_states_v1_20261002/attempt_04/GENERATION.json
 create mode 100644 assets_src/imagegen/geologist_geode_coherent_states_v1_20261002/attempt_04/PLAN.json
 create mode 100644 assets_src/imagegen/geologist_geode_coherent_states_v1_20261002/attempt_04/PROMPT.txt
 create mode 100644 assets_src/imagegen/geologist_geode_coherent_states_v1_20261002/attempt_04/REVIEW.json
 create mode 100644 assets_src/imagegen/geologist_geode_coherent_states_v1_20261002/attempt_04/native.png
 create mode 100644 assets_src/imagegen/geologist_geode_coherent_states_v1_20261002/attempt_05/GENERATION.json
 create mode 100644 assets_src/imagegen/geologist_geode_coherent_states_v1_20261002/attempt_05/PLAN.json
 create mode 100644 assets_src/imagegen/geologist_geode_coherent_states_v1_20261002/attempt_05/PROMPT.txt
 create mode 100644 assets_src/imagegen/geologist_geode_coherent_states_v1_20261002/attempt_05/REVIEW.json
 create mode 100644 assets_src/imagegen/geologist_geode_coherent_states_v1_20261002/attempt_05/native.png
 create mode 100644 assets_src/imagegen/geologist_geode_coherent_states_v1_20261002/attempt_06/GENERATION.json
 create mode 100644 assets_src/imagegen/geologist_geode_coherent_states_v1_20261002/attempt_06/PLAN.json
 create mode 100644 assets_src/imagegen/geologist_geode_coherent_states_v1_20261002/attempt_06/PROMPT.txt
 create mode 100644 assets_src/imagegen/geologist_geode_coherent_states_v1_20261002/attempt_06/REVIEW.json
 create mode 100644 assets_src/imagegen/geologist_geode_coherent_states_v1_20261002/attempt_06/native.png
 create mode 100644 assets_src/imagegen/geologist_geode_coherent_states_v1_20261002/attempt_07/GENERATION.json
 create mode 100644 assets_src/imagegen/geologist_geode_coherent_states_v1_20261002/attempt_07/PLAN.json
 create mode 100644 assets_src/imagegen/geologist_geode_coherent_states_v1_20261002/attempt_07/PROMPT.txt
 create mode 100644 assets_src/imagegen/geologist_geode_coherent_states_v1_20261002/attempt_07/REVIEW.json
 create mode 100644 assets_src/imagegen/geologist_geode_coherent_states_v1_20261002/attempt_07/native.png
 create mode 100644 assets_src/imagegen/geologist_geode_coherent_states_v1_20261002/attempt_08/GENERATION.json
 create mode 100644 assets_src/imagegen/geologist_geode_coherent_states_v1_20261002/attempt_08/PLAN.json
 create mode 100644 assets_src/imagegen/geologist_geode_coherent_states_v1_20261002/attempt_08/PROMPT.txt
 create mode 100644 assets_src/imagegen/geologist_geode_coherent_states_v1_20261002/attempt_08/REVIEW.json
 create mode 100644 assets_src/imagegen/geologist_geode_coherent_states_v1_20261002/attempt_08/native.png
 create mode 100644 assets_src/imagegen/geologist_geode_coherent_states_v1_20261002/attempt_08/normalization.stderr.log
 create mode 100644 assets_src/imagegen/geologist_geode_coherent_states_v1_20261002/attempt_08/whole_canvas_2048x1024.png
 create mode 100644 assets_src/imagegen/geologist_geode_coherent_states_v1_20261002/attempt_09/FAILURE.json
 create mode 100644 assets_src/imagegen/geologist_geode_coherent_states_v1_20261002/attempt_09/PLAN.json
 create mode 100644 assets_src/imagegen/geologist_geode_coherent_states_v1_20261002/attempt_09/PROMPT.txt
 create mode 100644 assets_src/imagegen/geologist_geode_coherent_states_v1_20261002/attempt_10/GENERATION.json
 create mode 100644 assets_src/imagegen/geologist_geode_coherent_states_v1_20261002/attempt_10/PLAN.json
 create mode 100644 assets_src/imagegen/geologist_geode_coherent_states_v1_20261002/attempt_10/PROMPT.txt
 create mode 100644 assets_src/imagegen/geologist_geode_coherent_states_v1_20261002/attempt_10/REVIEW.json
 create mode 100644 assets_src/imagegen/geologist_geode_coherent_states_v1_20261002/attempt_10/native.png
 create mode 100644 assets_src/imagegen/geologist_geode_coherent_states_v1_20261002/attempt_10/normalization.stderr.log
 create mode 100644 assets_src/imagegen/geologist_geode_coherent_states_v1_20261002/attempt_10/whole_canvas_2048x1024.png
 create mode 100644 assets_src/imagegen/geologist_geode_coherent_states_v1_20261002/index.html
 create mode 100644 assets_src/imagegen/geologist_geode_coherent_states_v1_20261002/review_tools/build_geode_source_library_v237.py
 create mode 100644 assets_src/imagegen/geologist_geode_coherent_states_v1_20261002/review_tools/prepare_geode_bridge_states_v234.py
 create mode 100644 assets_src/imagegen/geologist_geode_coherent_states_v1_20261002/review_tools/prepare_geode_coherent_states_v225.py
 create mode 100644 assets_src/imagegen/geologist_geode_coherent_states_v1_20261002/review_tools/preserve_geode_bridge_failure_prepare_retry_v235.py
 create mode 100644 assets_src/imagegen/geologist_geode_coherent_states_v1_20261002/review_tools/preserve_geode_coherent_a1_prepare_a2_v226.py
 create mode 100644 assets_src/imagegen/geologist_geode_coherent_states_v1_20261002/review_tools/preserve_geode_coherent_a2_prepare_a3_v227.py
 create mode 100644 assets_src/imagegen/geologist_geode_coherent_states_v1_20261002/review_tools/preserve_geode_coherent_a3_prepare_a4_v228.py
 create mode 100644 assets_src/imagegen/geologist_geode_coherent_states_v1_20261002/review_tools/preserve_geode_coherent_a4_prepare_a5_v229.py
 create mode 100644 assets_src/imagegen/geologist_geode_coherent_states_v1_20261002/review_tools/preserve_geode_coherent_a5_prepare_a6_v230.py
 create mode 100644 assets_src/imagegen/geologist_geode_coherent_states_v1_20261002/review_tools/preserve_geode_coherent_a6_prepare_a7_v231.py
 create mode 100644 assets_src/imagegen/geologist_geode_coherent_states_v1_20261002/review_tools/preserve_geode_coherent_a7_prepare_a8_v232.py
 create mode 100644 assets_src/imagegen/geologist_geode_coherent_states_v1_20261002/review_tools/preserve_geode_coherent_a8_v233.py
 create mode 100644 assets_src/imagegen/geologist_river_bed_v1_20261002/.gdignore
 create mode 100644 assets_src/imagegen/geologist_river_bed_v1_20261002/GENERATION_PENDING.json
 create mode 100644 assets_src/imagegen/geologist_river_bed_v1_20261002/PROMPT_ATTEMPT_01.txt
 create mode 100644 assets_src/imagegen/geologist_river_bed_v1_20261002/REUSE_INVENTORY.json
 create mode 100644 assets_src/imagegen/geologist_river_bed_v1_20261002/REVIEW.json
 create mode 100644 assets_src/imagegen/geologist_river_bed_v1_20261002/TECHNICAL_DERIVATIVES.json
 create mode 100644 assets_src/imagegen/geologist_river_bed_v1_20261002/attempt_01/PROVENANCE.json
 create mode 100644 assets_src/imagegen/geologist_river_bed_v1_20261002/attempt_01/REVIEW.json
 create mode 100644 assets_src/imagegen/geologist_river_bed_v1_20261002/attempt_01/native_generated.png
 create mode 100644 assets_src/imagegen/geologist_river_bed_v1_20261002/attempt_01/normalization.stderr.log
 create mode 100644 assets_src/imagegen/geologist_river_bed_v1_20261002/attempt_01/normalization.stdout.log
 create mode 100644 assets_src/imagegen/geologist_river_bed_v1_20261002/attempt_01/whole_canvas_1024x512.png
 create mode 100644 assets_src/imagegen/geologist_river_bed_v1_20261002/index.html
 create mode 100644 assets_src/imagegen/geologist_river_bed_v1_20261002/prepare_river_bed_gap_v203.py
 create mode 100644 assets_src/imagegen/geologist_river_bed_v1_20261002/preserve_soil_and_prepare_study_v204.py
 create mode 100644 assets_src/imagegen/geologist_river_junctions_v1_20261001/.gdignore
 create mode 100644 assets_src/imagegen/geologist_river_junctions_v1_20261001/GENERATION_DRY_PENDING.json
 create mode 100644 assets_src/imagegen/geologist_river_junctions_v1_20261001/GENERATION_PENDING.json
 create mode 100644 assets_src/imagegen/geologist_river_junctions_v1_20261001/PAIR_GEOMETRY.json
 create mode 100644 assets_src/imagegen/geologist_river_junctions_v1_20261001/PROMPT_DRY_ATTEMPT_01.txt
 create mode 100644 assets_src/imagegen/geologist_river_junctions_v1_20261001/PROMPT_DRY_ATTEMPT_02.txt
 create mode 100644 assets_src/imagegen/geologist_river_junctions_v1_20261001/PROMPT_DRY_ATTEMPT_03.txt
 create mode 100644 assets_src/imagegen/geologist_river_junctions_v1_20261001/PROMPT_DRY_ATTEMPT_04.txt
 create mode 100644 assets_src/imagegen/geologist_river_junctions_v1_20261001/PROMPT_DRY_ATTEMPT_05.txt
 create mode 100644 assets_src/imagegen/geologist_river_junctions_v1_20261001/PROMPT_STRAIGHT_ATTEMPT_02.txt
 create mode 100644 assets_src/imagegen/geologist_river_junctions_v1_20261001/PROMPT_WET_ATTEMPT_01.txt
 create mode 100644 assets_src/imagegen/geologist_river_junctions_v1_20261001/PROMPT_WET_ATTEMPT_02.txt
 create mode 100644 assets_src/imagegen/geologist_river_junctions_v1_20261001/REUSE_INVENTORY.json
 create mode 100644 assets_src/imagegen/geologist_river_junctions_v1_20261001/REVIEW.json
 create mode 100644 assets_src/imagegen/geologist_river_junctions_v1_20261001/REVIEW_V1.json
 create mode 100644 assets_src/imagegen/geologist_river_junctions_v1_20261001/REVIEW_V2.json
 create mode 100644 assets_src/imagegen/geologist_river_junctions_v1_20261001/TECHNICAL_DERIVATIVES.json
 create mode 100644 assets_src/imagegen/geologist_river_junctions_v1_20261001/dry_attempt_01/PROVENANCE.json
 create mode 100644 assets_src/imagegen/geologist_river_junctions_v1_20261001/dry_attempt_01/REVIEW.json
 create mode 100644 assets_src/imagegen/geologist_river_junctions_v1_20261001/dry_attempt_01/native_generated.png
 create mode 100644 assets_src/imagegen/geologist_river_junctions_v1_20261001/dry_attempt_01/normalization.stderr.log
 create mode 100644 assets_src/imagegen/geologist_river_junctions_v1_20261001/dry_attempt_01/normalization.stdout.log
 create mode 100644 assets_src/imagegen/geologist_river_junctions_v1_20261001/dry_attempt_01/whole_canvas_1024.png
 create mode 100644 assets_src/imagegen/geologist_river_junctions_v1_20261001/dry_attempt_02/EDGE_REVIEW_V2.json
 create mode 100644 assets_src/imagegen/geologist_river_junctions_v1_20261001/dry_attempt_02/GENERATION_PENDING.json
 create mode 100644 assets_src/imagegen/geologist_river_junctions_v1_20261001/dry_attempt_02/PROVENANCE.json
 create mode 100644 assets_src/imagegen/geologist_river_junctions_v1_20261001/dry_attempt_02/REVIEW.json
 create mode 100644 assets_src/imagegen/geologist_river_junctions_v1_20261001/dry_attempt_02/REVIEW_INITIAL_V1.json
 create mode 100644 assets_src/imagegen/geologist_river_junctions_v1_20261001/dry_attempt_02/TECHNICAL_DERIVATIVE.json
 create mode 100644 assets_src/imagegen/geologist_river_junctions_v1_20261001/dry_attempt_02/native_generated.png
 create mode 100644 assets_src/imagegen/geologist_river_junctions_v1_20261001/dry_attempt_02/normalization.stderr.log
 create mode 100644 assets_src/imagegen/geologist_river_junctions_v1_20261001/dry_attempt_02/normalization.stdout.log
 create mode 100644 assets_src/imagegen/geologist_river_junctions_v1_20261001/dry_attempt_02/whole_canvas_1024.png
 create mode 100644 assets_src/imagegen/geologist_river_junctions_v1_20261001/dry_attempt_03/GENERATION_PENDING.json
 create mode 100644 assets_src/imagegen/geologist_river_junctions_v1_20261001/dry_attempt_03/PROVENANCE.json
 create mode 100644 assets_src/imagegen/geologist_river_junctions_v1_20261001/dry_attempt_03/REVIEW.json
 create mode 100644 assets_src/imagegen/geologist_river_junctions_v1_20261001/dry_attempt_03/native_generated.png
 create mode 100644 assets_src/imagegen/geologist_river_junctions_v1_20261001/dry_attempt_04/GENERATION_PENDING.json
 create mode 100644 assets_src/imagegen/geologist_river_junctions_v1_20261001/dry_attempt_04/PROVENANCE.json
 create mode 100644 assets_src/imagegen/geologist_river_junctions_v1_20261001/dry_attempt_04/REVIEW.json
 create mode 100644 assets_src/imagegen/geologist_river_junctions_v1_20261001/dry_attempt_04/native_generated.png
 create mode 100644 assets_src/imagegen/geologist_river_junctions_v1_20261001/dry_attempt_05/GENERATION_PENDING.json
 create mode 100644 assets_src/imagegen/geologist_river_junctions_v1_20261001/dry_attempt_05/PROVENANCE.json
 create mode 100644 assets_src/imagegen/geologist_river_junctions_v1_20261001/dry_attempt_05/REVIEW.json
 create mode 100644 assets_src/imagegen/geologist_river_junctions_v1_20261001/dry_attempt_05/native_generated.png
 create mode 100644 assets_src/imagegen/geologist_river_junctions_v1_20261001/index.html
 create mode 100644 assets_src/imagegen/geologist_river_junctions_v1_20261001/index_v1.html
 create mode 100644 assets_src/imagegen/geologist_river_junctions_v1_20261001/prepare_river_port_lighting_v206.py
 create mode 100644 assets_src/imagegen/geologist_river_junctions_v1_20261001/preserve_dry_and_prepare_river_v210.py
 create mode 100644 assets_src/imagegen/geologist_river_junctions_v1_20261001/preserve_dry_junctions_and_normalize_v198.py
 create mode 100644 assets_src/imagegen/geologist_river_junctions_v1_20261001/preserve_fresh_river_prepare_cutout_v214.py
 create mode 100644 assets_src/imagegen/geologist_river_junctions_v1_20261001/preserve_river_edge_failure_prepare_fresh_v212.py
 create mode 100644 assets_src/imagegen/geologist_river_junctions_v1_20261001/preserve_river_glow_failure_v215.py
 create mode 100644 assets_src/imagegen/geologist_river_junctions_v1_20261001/preserve_river_port_water_v207.py
 create mode 100644 assets_src/imagegen/geologist_river_junctions_v1_20261001/preserve_straight_and_prepare_river_v208.py
 create mode 100644 assets_src/imagegen/geologist_river_junctions_v1_20261001/preserve_wet_junctions_and_prepare_dry_v197.py
 create mode 100644 assets_src/imagegen/geologist_river_junctions_v1_20261001/straight_attempt_02/GENERATION_PENDING.json
 create mode 100644 assets_src/imagegen/geologist_river_junctions_v1_20261001/straight_attempt_02/PROVENANCE.json
 create mode 100644 assets_src/imagegen/geologist_river_junctions_v1_20261001/straight_attempt_02/REVIEW.json
 create mode 100644 assets_src/imagegen/geologist_river_junctions_v1_20261001/straight_attempt_02/TECHNICAL_DERIVATIVE.json
 create mode 100644 assets_src/imagegen/geologist_river_junctions_v1_20261001/straight_attempt_02/native_generated.png
 create mode 100644 assets_src/imagegen/geologist_river_junctions_v1_20261001/straight_attempt_02/normalization.stderr.log
 create mode 100644 assets_src/imagegen/geologist_river_junctions_v1_20261001/straight_attempt_02/normalization.stdout.log
 create mode 100644 assets_src/imagegen/geologist_river_junctions_v1_20261001/straight_attempt_02/whole_canvas_1024.png
 create mode 100644 assets_src/imagegen/geologist_river_junctions_v1_20261001/wet_attempt_01/PROVENANCE.json
 create mode 100644 assets_src/imagegen/geologist_river_junctions_v1_20261001/wet_attempt_01/REVIEW.json
 create mode 100644 assets_src/imagegen/geologist_river_junctions_v1_20261001/wet_attempt_01/native_generated.png
 create mode 100644 assets_src/imagegen/geologist_river_junctions_v1_20261001/wet_attempt_01/normalization.stderr.log
 create mode 100644 assets_src/imagegen/geologist_river_junctions_v1_20261001/wet_attempt_01/normalization.stdout.log
 create mode 100644 assets_src/imagegen/geologist_river_junctions_v1_20261001/wet_attempt_01/whole_canvas_1024.png
 create mode 100644 assets_src/imagegen/geologist_river_junctions_v1_20261001/wet_attempt_02/GENERATION_PENDING.json
 create mode 100644 assets_src/imagegen/geologist_river_junctions_v1_20261001/wet_attempt_02/PAIR_GEOMETRY.json
 create mode 100644 assets_src/imagegen/geologist_river_junctions_v1_20261001/wet_attempt_02/PROVENANCE.json
 create mode 100644 assets_src/imagegen/geologist_river_junctions_v1_20261001/wet_attempt_02/REVIEW.json
 create mode 100644 assets_src/imagegen/geologist_river_junctions_v1_20261001/wet_attempt_02/TECHNICAL_DERIVATIVE.json
 create mode 100644 assets_src/imagegen/geologist_river_junctions_v1_20261001/wet_attempt_02/native_generated.png
 create mode 100644 assets_src/imagegen/geologist_river_junctions_v1_20261001/wet_attempt_02/normalization.stderr.log
 create mode 100644 assets_src/imagegen/geologist_river_junctions_v1_20261001/wet_attempt_02/normalization.stdout.log
 create mode 100644 assets_src/imagegen/geologist_river_junctions_v1_20261001/wet_attempt_02/whole_canvas_1024.png
 create mode 100644 audit/job_artwork_refinement_live/ALL_ITEMS_V24.json
 create mode 100644 audit/job_artwork_refinement_live/ALL_ITEMS_V25.json
 create mode 100644 audit/job_artwork_refinement_live/ALL_ITEMS_V26.json
 create mode 100644 audit/job_artwork_refinement_live/all_items_V24.html
 create mode 100644 audit/job_artwork_refinement_live/all_items_V25.html
 create mode 100644 audit/job_artwork_refinement_live/all_items_V26.html
 create mode 100644 audit/job_artwork_refinement_live/review_tools/build_current_job_item_register_v23.py
 create mode 100644 audit/job_artwork_refinement_live/review_tools/build_current_job_item_register_v24.py
 create mode 100644 audit/job_artwork_refinement_live/review_tools/build_current_job_item_register_v25.py
 create mode 100644 audit/job_artwork_refinement_live/review_tools/build_current_job_item_register_v26.py
 create mode 100644 audit/job_artwork_refinement_live/review_tools/build_current_job_item_register_v27.py
 create mode 100644 audit/job_geode_coherent_pilot_v1_20261002/.gdignore
 create mode 100644 audit/job_geode_coherent_pilot_v1_20261002/BOARD_MANIFEST_1280.json
 create mode 100644 audit/job_geode_coherent_pilot_v1_20261002/BOARD_MANIFEST_1600.json
 create mode 100644 audit/job_geode_coherent_pilot_v1_20261002/REVIEW.json
 create mode 100644 audit/job_geode_coherent_pilot_v1_20261002/attempt_01/CAPTURE_1280.json
 create mode 100644 audit/job_geode_coherent_pilot_v1_20261002/attempt_01/CAPTURE_1600.json
 create mode 100644 audit/job_geode_coherent_pilot_v1_20261002/attempt_01/native_views/geode_1280_0000.webp
 create mode 100644 audit/job_geode_coherent_pilot_v1_20261002/attempt_01/native_views/geode_1280_0001.webp
 create mode 100644 audit/job_geode_coherent_pilot_v1_20261002/attempt_01/native_views/geode_1280_0002.webp
 create mode 100644 audit/job_geode_coherent_pilot_v1_20261002/attempt_01/native_views/geode_1280_0003.webp
 create mode 100644 audit/job_geode_coherent_pilot_v1_20261002/attempt_01/native_views/geode_1280_0004.webp
 create mode 100644 audit/job_geode_coherent_pilot_v1_20261002/attempt_01/native_views/geode_1280_0005.webp
 create mode 100644 audit/job_geode_coherent_pilot_v1_20261002/attempt_01/native_views/geode_1280_0006.webp
 create mode 100644 audit/job_geode_coherent_pilot_v1_20261002/attempt_01/native_views/geode_1280_0007.webp
 create mode 100644 audit/job_geode_coherent_pilot_v1_20261002/attempt_01/native_views/geode_1280_0008.webp
 create mode 100644 audit/job_geode_coherent_pilot_v1_20261002/attempt_01/native_views/geode_1280_0009.webp
 create mode 100644 audit/job_geode_coherent_pilot_v1_20261002/attempt_01/native_views/geode_1280_0010.webp
 create mode 100644 audit/job_geode_coherent_pilot_v1_20261002/attempt_01/native_views/geode_1280_0011.webp
 create mode 100644 audit/job_geode_coherent_pilot_v1_20261002/attempt_01/native_views/geode_1280_0012.webp
 create mode 100644 audit/job_geode_coherent_pilot_v1_20261002/attempt_01/native_views/geode_1280_0013.webp
 create mode 100644 audit/job_geode_coherent_pilot_v1_20261002/attempt_01/native_views/geode_1280_0014.webp
 create mode 100644 audit/job_geode_coherent_pilot_v1_20261002/attempt_01/native_views/geode_1280_0015.webp
 create mode 100644 audit/job_geode_coherent_pilot_v1_20261002/attempt_01/native_views/geode_1280_0016.webp
 create mode 100644 audit/job_geode_coherent_pilot_v1_20261002/attempt_01/native_views/geode_1280_0017.webp
 create mode 100644 audit/job_geode_coherent_pilot_v1_20261002/attempt_01/native_views/geode_1280_0018.webp
 create mode 100644 audit/job_geode_coherent_pilot_v1_20261002/attempt_01/native_views/geode_1280_0019.webp
 create mode 100644 audit/job_geode_coherent_pilot_v1_20261002/attempt_01/native_views/geode_1280_0020.webp
 create mode 100644 audit/job_geode_coherent_pilot_v1_20261002/attempt_01/native_views/geode_1280_0021.webp
 create mode 100644 audit/job_geode_coherent_pilot_v1_20261002/attempt_01/native_views/geode_1280_0022.webp
 create mode 100644 audit/job_geode_coherent_pilot_v1_20261002/attempt_01/native_views/geode_1280_0023.webp
 create mode 100644 audit/job_geode_coherent_pilot_v1_20261002/attempt_01/native_views/geode_1280_0024.webp
 create mode 100644 audit/job_geode_coherent_pilot_v1_20261002/attempt_01/native_views/geode_1280_0025.webp
 create mode 100644 audit/job_geode_coherent_pilot_v1_20261002/attempt_01/native_views/geode_1280_0026.webp
 create mode 100644 audit/job_geode_coherent_pilot_v1_20261002/attempt_01/native_views/geode_1280_0027.webp
 create mode 100644 audit/job_geode_coherent_pilot_v1_20261002/attempt_01/native_views/geode_1280_0028.webp
 create mode 100644 audit/job_geode_coherent_pilot_v1_20261002/attempt_01/native_views/geode_1280_0029.webp
 create mode 100644 audit/job_geode_coherent_pilot_v1_20261002/attempt_01/native_views/geode_1280_0030.webp
 create mode 100644 audit/job_geode_coherent_pilot_v1_20261002/attempt_01/native_views/geode_1280_0031.webp
 create mode 100644 audit/job_geode_coherent_pilot_v1_20261002/attempt_01/native_views/geode_1280_0032.webp
 create mode 100644 audit/job_geode_coherent_pilot_v1_20261002/attempt_01/native_views/geode_1280_0033.webp
 create mode 100644 audit/job_geode_coherent_pilot_v1_20261002/attempt_01/native_views/geode_1280_0034.webp
 create mode 100644 audit/job_geode_coherent_pilot_v1_20261002/attempt_01/native_views/geode_1280_0035.webp
 create mode 100644 audit/job_geode_coherent_pilot_v1_20261002/attempt_01/native_views/geode_1280_0036.webp
 create mode 100644 audit/job_geode_coherent_pilot_v1_20261002/attempt_01/native_views/geode_1280_0037.webp
 create mode 100644 audit/job_geode_coherent_pilot_v1_20261002/attempt_01/native_views/geode_1280_0038.webp
 create mode 100644 audit/job_geode_coherent_pilot_v1_20261002/attempt_01/native_views/geode_1280_0039.webp
 create mode 100644 audit/job_geode_coherent_pilot_v1_20261002/attempt_01/native_views/geode_1280_0040.webp
 create mode 100644 audit/job_geode_coherent_pilot_v1_20261002/attempt_01/native_views/geode_1280_0041.webp
 create mode 100644 audit/job_geode_coherent_pilot_v1_20261002/attempt_01/native_views/geode_1280_0042.webp
 create mode 100644 audit/job_geode_coherent_pilot_v1_20261002/attempt_01/native_views/geode_1280_0043.webp
 create mode 100644 audit/job_geode_coherent_pilot_v1_20261002/attempt_01/native_views/geode_1280_0044.webp
 create mode 100644 audit/job_geode_coherent_pilot_v1_20261002/attempt_01/native_views/geode_1280_0045.webp
 create mode 100644 audit/job_geode_coherent_pilot_v1_20261002/attempt_01/native_views/geode_1280_0046.webp
 create mode 100644 audit/job_geode_coherent_pilot_v1_20261002/attempt_01/native_views/geode_1280_0047.webp
 create mode 100644 audit/job_geode_coherent_pilot_v1_20261002/attempt_01/native_views/geode_1280_0048.webp
 create mode 100644 audit/job_geode_coherent_pilot_v1_20261002/attempt_01/native_views/geode_1280_0049.webp
 create mode 100644 audit/job_geode_coherent_pilot_v1_20261002/attempt_01/native_views/geode_1280_0050.webp
 create mode 100644 audit/job_geode_coherent_pilot_v1_20261002/attempt_01/native_views/geode_1280_0051.webp
 create mode 100644 audit/job_geode_coherent_pilot_v1_20261002/attempt_01/native_views/geode_1280_0052.webp
 create mode 100644 audit/job_geode_coherent_pilot_v1_20261002/attempt_01/native_views/geode_1280_0053.webp
 create mode 100644 audit/job_geode_coherent_pilot_v1_20261002/attempt_01/native_views/geode_1280_0054.webp
 create mode 100644 audit/job_geode_coherent_pilot_v1_20261002/attempt_01/native_views/geode_1280_0055.webp
 create mode 100644 audit/job_geode_coherent_pilot_v1_20261002/attempt_01/native_views/geode_1280_0056.webp
 create mode 100644 audit/job_geode_coherent_pilot_v1_20261002/attempt_01/native_views/geode_1280_0057.webp
 create mode 100644 audit/job_geode_coherent_pilot_v1_20261002/attempt_01/native_views/geode_1280_0058.webp
 create mode 100644 audit/job_geode_coherent_pilot_v1_20261002/attempt_01/native_views/geode_1280_0059.webp
 create mode 100644 audit/job_geode_coherent_pilot_v1_20261002/attempt_01/native_views/geode_1280_0060.webp
 create mode 100644 audit/job_geode_coherent_pilot_v1_20261002/attempt_01/native_views/geode_1280_0061.webp
 create mode 100644 audit/job_geode_coherent_pilot_v1_20261002/attempt_01/native_views/geode_1280_0062.webp
 create mode 100644 audit/job_geode_coherent_pilot_v1_20261002/attempt_01/native_views/geode_1280_0063.webp
 create mode 100644 audit/job_geode_coherent_pilot_v1_20261002/attempt_01/native_views/geode_1280_0064.webp
 create mode 100644 audit/job_geode_coherent_pilot_v1_20261002/attempt_01/native_views/geode_1280_0065.webp
 create mode 100644 audit/job_geode_coherent_pilot_v1_20261002/attempt_01/native_views/geode_1280_0066.webp
 create mode 100644 audit/job_geode_coherent_pilot_v1_20261002/attempt_01/native_views/geode_1280_0067.webp
 create mode 100644 audit/job_geode_coherent_pilot_v1_20261002/attempt_01/native_views/geode_1280_0068.webp
 create mode 100644 audit/job_geode_coherent_pilot_v1_20261002/attempt_01/native_views/geode_1280_0069.webp
 create mode 100644 audit/job_geode_coherent_pilot_v1_20261002/attempt_01/native_views/geode_1280_0070.webp
 create mode 100644 audit/job_geode_coherent_pilot_v1_20261002/attempt_01/native_views/geode_1280_0071.webp
 create mode 100644 audit/job_geode_coherent_pilot_v1_20261002/attempt_01/native_views/geode_1280_0072.webp
 create mode 100644 audit/job_geode_coherent_pilot_v1_20261002/attempt_01/native_views/geode_1280_0073.webp
 create mode 100644 audit/job_geode_coherent_pilot_v1_20261002/attempt_01/native_views/geode_1280_0074.webp
 create mode 100644 audit/job_geode_coherent_pilot_v1_20261002/attempt_01/native_views/geode_1280_0075.webp
 create mode 100644 audit/job_geode_coherent_pilot_v1_20261002/attempt_01/native_views/geode_1280_0076.webp
 create mode 100644 audit/job_geode_coherent_pilot_v1_20261002/attempt_01/native_views/geode_1280_0077.webp
 create mode 100644 audit/job_geode_coherent_pilot_v1_20261002/attempt_01/native_views/geode_1280_0078.webp
 create mode 100644 audit/job_geode_coherent_pilot_v1_20261002/attempt_01/native_views/geode_1280_0079.webp
 create mode 100644 audit/job_geode_coherent_pilot_v1_20261002/attempt_01/native_views/geode_1280_0080.webp
 create mode 100644 audit/job_geode_coherent_pilot_v1_20261002/attempt_01/native_views/geode_1280_0081.webp
 create mode 100644 audit/job_geode_coherent_pilot_v1_20261002/attempt_01/native_views/geode_1280_0082.webp
 create mode 100644 audit/job_geode_coherent_pilot_v1_20261002/attempt_01/native_views/geode_1280_0083.webp
 create mode 100644 audit/job_geode_coherent_pilot_v1_20261002/attempt_01/native_views/geode_1280_0084.webp
 create mode 100644 audit/job_geode_coherent_pilot_v1_20261002/attempt_01/native_views/geode_1280_0085.webp
 create mode 100644 audit/job_geode_coherent_pilot_v1_20261002/attempt_01/native_views/geode_1280_0086.webp
 create mode 100644 audit/job_geode_coherent_pilot_v1_20261002/attempt_01/native_views/geode_1280_0087.webp
 create mode 100644 audit/job_geode_coherent_pilot_v1_20261002/attempt_01/native_views/geode_1280_0088.webp
 create mode 100644 audit/job_geode_coherent_pilot_v1_20261002/attempt_01/native_views/geode_1280_0089.webp
 create mode 100644 audit/job_geode_coherent_pilot_v1_20261002/attempt_01/native_views/geode_1280_0090.webp
 create mode 100644 audit/job_geode_coherent_pilot_v1_20261002/attempt_01/native_views/geode_1280_0091.webp
 create mode 100644 audit/job_geode_coherent_pilot_v1_20261002/attempt_01/native_views/geode_1280_0092.webp
 create mode 100644 audit/job_geode_coherent_pilot_v1_20261002/attempt_01/native_views/geode_1280_0093.webp
 create mode 100644 audit/job_geode_coherent_pilot_v1_20261002/attempt_01/native_views/geode_1280_0094.webp
 create mode 100644 audit/job_geode_coherent_pilot_v1_20261002/attempt_01/native_views/geode_1280_0095.webp
 create mode 100644 audit/job_geode_coherent_pilot_v1_20261002/attempt_01/native_views/geode_1280_0096.webp
 create mode 100644 audit/job_geode_coherent_pilot_v1_20261002/attempt_01/native_views/geode_1280_0097.webp
 create mode 100644 audit/job_geode_coherent_pilot_v1_20261002/attempt_01/native_views/geode_1280_0098.webp
 create mode 100644 audit/job_geode_coherent_pilot_v1_20261002/attempt_01/native_views/geode_1280_0099.webp
 create mode 100644 audit/job_geode_coherent_pilot_v1_20261002/attempt_01/native_views/geode_1280_0100.webp
 create mode 100644 audit/job_geode_coherent_pilot_v1_20261002/attempt_01/native_views/geode_1280_0101.webp
 create mode 100644 audit/job_geode_coherent_pilot_v1_20261002/attempt_01/native_views/geode_1280_0102.webp
 create mode 100644 audit/job_geode_coherent_pilot_v1_20261002/attempt_01/native_views/geode_1280_0103.webp
 create mode 100644 audit/job_geode_coherent_pilot_v1_20261002/attempt_01/native_views/geode_1280_0104.webp
 create mode 100644 audit/job_geode_coherent_pilot_v1_20261002/attempt_01/native_views/geode_1280_0105.webp
 create mode 100644 audit/job_geode_coherent_pilot_v1_20261002/attempt_01/native_views/geode_1280_0106.webp
 create mode 100644 audit/job_geode_coherent_pilot_v1_20261002/attempt_01/native_views/geode_1280_0107.webp
 create mode 100644 audit/job_geode_coherent_pilot_v1_20261002/attempt_01/native_views/geode_1280_0108.webp
 create mode 100644 audit/job_geode_coherent_pilot_v1_20261002/attempt_01/native_views/geode_1280_0109.webp
 create mode 100644 audit/job_geode_coherent_pilot_v1_20261002/attempt_01/native_views/geode_1280_0110.webp
 create mode 100644 audit/job_geode_coherent_pilot_v1_20261002/attempt_01/native_views/geode_1280_0111.webp
 create mode 100644 audit/job_geode_coherent_pilot_v1_20261002/attempt_01/native_views/geode_1280_0112.webp
 create mode 100644 audit/job_geode_coherent_pilot_v1_20261002/attempt_01/native_views/geode_1280_0113.webp
 create mode 100644 audit/job_geode_coherent_pilot_v1_20261002/attempt_01/native_views/geode_1280_0114.webp
 create mode 100644 audit/job_geode_coherent_pilot_v1_20261002/attempt_01/native_views/geode_1280_0115.webp
 create mode 100644 audit/job_geode_coherent_pilot_v1_20261002/attempt_01/native_views/geode_1280_0116.webp
 create mode 100644 audit/job_geode_coherent_pilot_v1_20261002/attempt_01/native_views/geode_1280_0117.webp
 create mode 100644 audit/job_geode_coherent_pilot_v1_20261002/attempt_01/native_views/geode_1280_0118.webp
 create mode 100644 audit/job_geode_coherent_pilot_v1_20261002/attempt_01/native_views/geode_1280_0119.webp
 create mode 100644 audit/job_geode_coherent_pilot_v1_20261002/attempt_01/native_views/geode_1280_0120.webp
 create mode 100644 audit/job_geode_coherent_pilot_v1_20261002/attempt_01/native_views/geode_1280_0121.webp
 create mode 100644 audit/job_geode_coherent_pilot_v1_20261002/attempt_01/native_views/geode_1280_0122.webp
 create mode 100644 audit/job_geode_coherent_pilot_v1_20261002/attempt_01/native_views/geode_1280_0123.webp
 create mode 100644 audit/job_geode_coherent_pilot_v1_20261002/attempt_01/native_views/geode_1280_0124.webp
 create mode 100644 audit/job_geode_coherent_pilot_v1_20261002/attempt_01/native_views/geode_1280_0125.webp
 create mode 100644 audit/job_geode_coherent_pilot_v1_20261002/attempt_01/native_views/geode_1280_0126.webp
 create mode 100644 audit/job_geode_coherent_pilot_v1_20261002/attempt_01/native_views/geode_1280_0127.webp
 create mode 100644 audit/job_geode_coherent_pilot_v1_20261002/attempt_01/native_views/geode_1280_0128.webp
 create mode 100644 audit/job_geode_coherent_pilot_v1_20261002/attempt_01/native_views/geode_1280_0129.webp
 create mode 100644 audit/job_geode_coherent_pilot_v1_20261002/attempt_01/native_views/geode_1280_0130.webp
 create mode 100644 audit/job_geode_coherent_pilot_v1_20261002/attempt_01/native_views/geode_1280_0131.webp
 create mode 100644 audit/job_geode_coherent_pilot_v1_20261002/attempt_01/native_views/geode_1280_0132.webp
 create mode 100644 audit/job_geode_coherent_pilot_v1_20261002/attempt_01/native_views/geode_1280_0133.webp
 create mode 100644 audit/job_geode_coherent_pilot_v1_20261002/attempt_01/native_views/geode_1280_0134.webp
 create mode 100644 audit/job_geode_coherent_pilot_v1_20261002/attempt_01/native_views/geode_1280_0135.webp
 create mode 100644 audit/job_geode_coherent_pilot_v1_20261002/attempt_01/native_views/geode_1280_0136.webp
 create mode 100644 audit/job_geode_coherent_pilot_v1_20261002/attempt_01/native_views/geode_1280_0137.webp
 create mode 100644 audit/job_geode_coherent_pilot_v1_20261002/attempt_01/native_views/geode_1280_0138.webp
 create mode 100644 audit/job_geode_coherent_pilot_v1_20261002/attempt_01/native_views/geode_1280_0139.webp
 create mode 100644 audit/job_geode_coherent_pilot_v1_20261002/attempt_01/native_views/geode_1280_0140.webp
 create mode 100644 audit/job_geode_coherent_pilot_v1_20261002/attempt_01/native_views/geode_1280_0141.webp
 create mode 100644 audit/job_geode_coherent_pilot_v1_20261002/attempt_01/native_views/geode_1280_0142.webp
 create mode 100644 audit/job_geode_coherent_pilot_v1_20261002/attempt_01/native_views/geode_1280_0143.webp
 create mode 100644 audit/job_geode_coherent_pilot_v1_20261002/attempt_01/native_views/geode_1280_0144.webp
 create mode 100644 audit/job_geode_coherent_pilot_v1_20261002/attempt_01/native_views/geode_1280_0145.webp
 create mode 100644 audit/job_geode_coherent_pilot_v1_20261002/attempt_01/native_views/geode_1280_0146.webp
 create mode 100644 audit/job_geode_coherent_pilot_v1_20261002/attempt_01/native_views/geode_1280_0147.webp
 create mode 100644 audit/job_geode_coherent_pilot_v1_20261002/attempt_01/native_views/geode_1280_0148.webp
 create mode 100644 audit/job_geode_coherent_pilot_v1_20261002/attempt_01/native_views/geode_1280_0149.webp
 create mode 100644 audit/job_geode_coherent_pilot_v1_20261002/attempt_01/native_views/geode_1280_0150.webp
 create mode 100644 audit/job_geode_coherent_pilot_v1_20261002/attempt_01/native_views/geode_1280_0151.webp
 create mode 100644 audit/job_geode_coherent_pilot_v1_20261002/attempt_01/native_views/geode_1280_0152.webp
 create mode 100644 audit/job_geode_coherent_pilot_v1_20261002/attempt_01/native_views/geode_1280_0153.webp
 create mode 100644 audit/job_geode_coherent_pilot_v1_20261002/attempt_01/native_views/geode_1280_0154.webp
 create mode 100644 audit/job_geode_coherent_pilot_v1_20261002/attempt_01/native_views/geode_1280_0155.webp
 create mode 100644 audit/job_geode_coherent_pilot_v1_20261002/attempt_01/native_views/geode_1600_0000.webp
 create mode 100644 audit/job_geode_coherent_pilot_v1_20261002/attempt_01/native_views/geode_1600_0001.webp
 create mode 100644 audit/job_geode_coherent_pilot_v1_20261002/attempt_01/native_views/geode_1600_0002.webp
 create mode 100644 audit/job_geode_coherent_pilot_v1_20261002/attempt_01/native_views/geode_1600_0003.webp
 create mode 100644 audit/job_geode_coherent_pilot_v1_20261002/attempt_01/native_views/geode_1600_0004.webp
 create mode 100644 audit/job_geode_coherent_pilot_v1_20261002/attempt_01/native_views/geode_1600_0005.webp
 create mode 100644 audit/job_geode_coherent_pilot_v1_20261002/attempt_01/native_views/geode_1600_0006.webp
 create mode 100644 audit/job_geode_coherent_pilot_v1_20261002/attempt_01/native_views/geode_1600_0007.webp
 create mode 100644 audit/job_geode_coherent_pilot_v1_20261002/attempt_01/native_views/geode_1600_0008.webp
 create mode 100644 audit/job_geode_coherent_pilot_v1_20261002/attempt_01/native_views/geode_1600_0009.webp
 create mode 100644 audit/job_geode_coherent_pilot_v1_20261002/attempt_01/native_views/geode_1600_0010.webp
 create mode 100644 audit/job_geode_coherent_pilot_v1_20261002/attempt_01/native_views/geode_1600_0011.webp
 create mode 100644 audit/job_geode_coherent_pilot_v1_20261002/attempt_01/native_views/geode_1600_0012.webp
 create mode 100644 audit/job_geode_coherent_pilot_v1_20261002/attempt_01/native_views/geode_1600_0013.webp
 create mode 100644 audit/job_geode_coherent_pilot_v1_20261002/attempt_01/native_views/geode_1600_0014.webp
 create mode 100644 audit/job_geode_coherent_pilot_v1_20261002/attempt_01/native_views/geode_1600_0015.webp
 create mode 100644 audit/job_geode_coherent_pilot_v1_20261002/attempt_01/native_views/geode_1600_0016.webp
 create mode 100644 audit/job_geode_coherent_pilot_v1_20261002/attempt_01/native_views/geode_1600_0017.webp
 create mode 100644 audit/job_geode_coherent_pilot_v1_20261002/attempt_01/native_views/geode_1600_0018.webp
 create mode 100644 audit/job_geode_coherent_pilot_v1_20261002/attempt_01/native_views/geode_1600_0019.webp
 create mode 100644 audit/job_geode_coherent_pilot_v1_20261002/attempt_01/native_views/geode_1600_0020.webp
 create mode 100644 audit/job_geode_coherent_pilot_v1_20261002/attempt_01/native_views/geode_1600_0021.webp
 create mode 100644 audit/job_geode_coherent_pilot_v1_20261002/attempt_01/native_views/geode_1600_0022.webp
 create mode 100644 audit/job_geode_coherent_pilot_v1_20261002/attempt_01/native_views/geode_1600_0023.webp
 create mode 100644 audit/job_geode_coherent_pilot_v1_20261002/attempt_01/native_views/geode_1600_0024.webp
 create mode 100644 audit/job_geode_coherent_pilot_v1_20261002/attempt_01/native_views/geode_1600_0025.webp
 create mode 100644 audit/job_geode_coherent_pilot_v1_20261002/attempt_01/native_views/geode_1600_0026.webp
 create mode 100644 audit/job_geode_coherent_pilot_v1_20261002/attempt_01/native_views/geode_1600_0027.webp
 create mode 100644 audit/job_geode_coherent_pilot_v1_20261002/attempt_01/native_views/geode_1600_0028.webp
 create mode 100644 audit/job_geode_coherent_pilot_v1_20261002/attempt_01/native_views/geode_1600_0029.webp
 create mode 100644 audit/job_geode_coherent_pilot_v1_20261002/attempt_01/native_views/geode_1600_0030.webp
 create mode 100644 audit/job_geode_coherent_pilot_v1_20261002/attempt_01/native_views/geode_1600_0031.webp
 create mode 100644 audit/job_geode_coherent_pilot_v1_20261002/attempt_01/native_views/geode_1600_0032.webp
 create mode 100644 audit/job_geode_coherent_pilot_v1_20261002/attempt_01/native_views/geode_1600_0033.webp
 create mode 100644 audit/job_geode_coherent_pilot_v1_20261002/attempt_01/native_views/geode_1600_0034.webp
 create mode 100644 audit/job_geode_coherent_pilot_v1_20261002/attempt_01/native_views/geode_1600_0035.webp
 create mode 100644 audit/job_geode_coherent_pilot_v1_20261002/attempt_01/native_views/geode_1600_0036.webp
 create mode 100644 audit/job_geode_coherent_pilot_v1_20261002/attempt_01/native_views/geode_1600_0037.webp
 create mode 100644 audit/job_geode_coherent_pilot_v1_20261002/attempt_01/native_views/geode_1600_0038.webp
 create mode 100644 audit/job_geode_coherent_pilot_v1_20261002/attempt_01/native_views/geode_1600_0039.webp
 create mode 100644 audit/job_geode_coherent_pilot_v1_20261002/attempt_01/native_views/geode_1600_0040.webp
 create mode 100644 audit/job_geode_coherent_pilot_v1_20261002/attempt_01/native_views/geode_1600_0041.webp
 create mode 100644 audit/job_geode_coherent_pilot_v1_20261002/attempt_01/native_views/geode_1600_0042.webp
 create mode 100644 audit/job_geode_coherent_pilot_v1_20261002/attempt_01/native_views/geode_1600_0043.webp
 create mode 100644 audit/job_geode_coherent_pilot_v1_20261002/attempt_01/native_views/geode_1600_0044.webp
 create mode 100644 audit/job_geode_coherent_pilot_v1_20261002/attempt_01/native_views/geode_1600_0045.webp
 create mode 100644 audit/job_geode_coherent_pilot_v1_20261002/attempt_01/native_views/geode_1600_0046.webp
 create mode 100644 audit/job_geode_coherent_pilot_v1_20261002/attempt_01/native_views/geode_1600_0047.webp
 create mode 100644 audit/job_geode_coherent_pilot_v1_20261002/attempt_01/native_views/geode_1600_0048.webp
 create mode 100644 audit/job_geode_coherent_pilot_v1_20261002/attempt_01/native_views/geode_1600_0049.webp
 create mode 100644 audit/job_geode_coherent_pilot_v1_20261002/attempt_01/native_views/geode_1600_0050.webp
 create mode 100644 audit/job_geode_coherent_pilot_v1_20261002/attempt_01/native_views/geode_1600_0051.webp
 create mode 100644 audit/job_geode_coherent_pilot_v1_20261002/attempt_01/native_views/geode_1600_0052.webp
 create mode 100644 audit/job_geode_coherent_pilot_v1_20261002/attempt_01/native_views/geode_1600_0053.webp
 create mode 100644 audit/job_geode_coherent_pilot_v1_20261002/attempt_01/native_views/geode_1600_0054.webp
 create mode 100644 audit/job_geode_coherent_pilot_v1_20261002/attempt_01/native_views/geode_1600_0055.webp
 create mode 100644 audit/job_geode_coherent_pilot_v1_20261002/attempt_01/native_views/geode_1600_0056.webp
 create mode 100644 audit/job_geode_coherent_pilot_v1_20261002/attempt_01/native_views/geode_1600_0057.webp
 create mode 100644 audit/job_geode_coherent_pilot_v1_20261002/attempt_01/native_views/geode_1600_0058.webp
 create mode 100644 audit/job_geode_coherent_pilot_v1_20261002/attempt_01/native_views/geode_1600_0059.webp
 create mode 100644 audit/job_geode_coherent_pilot_v1_20261002/attempt_01/native_views/geode_1600_0060.webp
 create mode 100644 audit/job_geode_coherent_pilot_v1_20261002/attempt_01/native_views/geode_1600_0061.webp
 create mode 100644 audit/job_geode_coherent_pilot_v1_20261002/attempt_01/native_views/geode_1600_0062.webp
 create mode 100644 audit/job_geode_coherent_pilot_v1_20261002/attempt_01/native_views/geode_1600_0063.webp
 create mode 100644 audit/job_geode_coherent_pilot_v1_20261002/attempt_01/native_views/geode_1600_0064.webp
 create mode 100644 audit/job_geode_coherent_pilot_v1_20261002/attempt_01/native_views/geode_1600_0065.webp
 create mode 100644 audit/job_geode_coherent_pilot_v1_20261002/attempt_01/native_views/geode_1600_0066.webp
 create mode 100644 audit/job_geode_coherent_pilot_v1_20261002/attempt_01/native_views/geode_1600_0067.webp
 create mode 100644 audit/job_geode_coherent_pilot_v1_20261002/attempt_01/native_views/geode_1600_0068.webp
 create mode 100644 audit/job_geode_coherent_pilot_v1_20261002/attempt_01/native_views/geode_1600_0069.webp
 create mode 100644 audit/job_geode_coherent_pilot_v1_20261002/attempt_01/native_views/geode_1600_0070.webp
 create mode 100644 audit/job_geode_coherent_pilot_v1_20261002/attempt_01/native_views/geode_1600_0071.webp
 create mode 100644 audit/job_geode_coherent_pilot_v1_20261002/attempt_01/native_views/geode_1600_0072.webp
 create mode 100644 audit/job_geode_coherent_pilot_v1_20261002/attempt_01/native_views/geode_1600_0073.webp
 create mode 100644 audit/job_geode_coherent_pilot_v1_20261002/attempt_01/native_views/geode_1600_0074.webp
 create mode 100644 audit/job_geode_coherent_pilot_v1_20261002/attempt_01/native_views/geode_1600_0075.webp
 create mode 100644 audit/job_geode_coherent_pilot_v1_20261002/attempt_01/native_views/geode_1600_0076.webp
 create mode 100644 audit/job_geode_coherent_pilot_v1_20261002/attempt_01/native_views/geode_1600_0077.webp
 create mode 100644 audit/job_geode_coherent_pilot_v1_20261002/attempt_01/native_views/geode_1600_0078.webp
 create mode 100644 audit/job_geode_coherent_pilot_v1_20261002/attempt_01/native_views/geode_1600_0079.webp
 create mode 100644 audit/job_geode_coherent_pilot_v1_20261002/attempt_01/native_views/geode_1600_0080.webp
 create mode 100644 audit/job_geode_coherent_pilot_v1_20261002/attempt_01/native_views/geode_1600_0081.webp
 create mode 100644 audit/job_geode_coherent_pilot_v1_20261002/attempt_01/native_views/geode_1600_0082.webp
 create mode 100644 audit/job_geode_coherent_pilot_v1_20261002/attempt_01/native_views/geode_1600_0083.webp
 create mode 100644 audit/job_geode_coherent_pilot_v1_20261002/attempt_01/native_views/geode_1600_0084.webp
 create mode 100644 audit/job_geode_coherent_pilot_v1_20261002/attempt_01/native_views/geode_1600_0085.webp
 create mode 100644 audit/job_geode_coherent_pilot_v1_20261002/attempt_01/native_views/geode_1600_0086.webp
 create mode 100644 audit/job_geode_coherent_pilot_v1_20261002/attempt_01/native_views/geode_1600_0087.webp
 create mode 100644 audit/job_geode_coherent_pilot_v1_20261002/attempt_01/native_views/geode_1600_0088.webp
 create mode 100644 audit/job_geode_coherent_pilot_v1_20261002/attempt_01/native_views/geode_1600_0089.webp
 create mode 100644 audit/job_geode_coherent_pilot_v1_20261002/attempt_01/native_views/geode_1600_0090.webp
 create mode 100644 audit/job_geode_coherent_pilot_v1_20261002/attempt_01/native_views/geode_1600_0091.webp
 create mode 100644 audit/job_geode_coherent_pilot_v1_20261002/attempt_01/native_views/geode_1600_0092.webp
 create mode 100644 audit/job_geode_coherent_pilot_v1_20261002/attempt_01/native_views/geode_1600_0093.webp
 create mode 100644 audit/job_geode_coherent_pilot_v1_20261002/attempt_01/native_views/geode_1600_0094.webp
 create mode 100644 audit/job_geode_coherent_pilot_v1_20261002/attempt_01/native_views/geode_1600_0095.webp
 create mode 100644 audit/job_geode_coherent_pilot_v1_20261002/attempt_01/native_views/geode_1600_0096.webp
 create mode 100644 audit/job_geode_coherent_pilot_v1_20261002/attempt_01/native_views/geode_1600_0097.webp
 create mode 100644 audit/job_geode_coherent_pilot_v1_20261002/attempt_01/native_views/geode_1600_0098.webp
 create mode 100644 audit/job_geode_coherent_pilot_v1_20261002/attempt_01/native_views/geode_1600_0099.webp
 create mode 100644 audit/job_geode_coherent_pilot_v1_20261002/attempt_01/native_views/geode_1600_0100.webp
 create mode 100644 audit/job_geode_coherent_pilot_v1_20261002/attempt_01/native_views/geode_1600_0101.webp
 create mode 100644 audit/job_geode_coherent_pilot_v1_20261002/attempt_01/native_views/geode_1600_0102.webp
 create mode 100644 audit/job_geode_coherent_pilot_v1_20261002/attempt_01/native_views/geode_1600_0103.webp
 create mode 100644 audit/job_geode_coherent_pilot_v1_20261002/attempt_01/native_views/geode_1600_0104.webp
 create mode 100644 audit/job_geode_coherent_pilot_v1_20261002/attempt_01/native_views/geode_1600_0105.webp
 create mode 100644 audit/job_geode_coherent_pilot_v1_20261002/attempt_01/native_views/geode_1600_0106.webp
 create mode 100644 audit/job_geode_coherent_pilot_v1_20261002/attempt_01/native_views/geode_1600_0107.webp
 create mode 100644 audit/job_geode_coherent_pilot_v1_20261002/attempt_01/native_views/geode_1600_0108.webp
 create mode 100644 audit/job_geode_coherent_pilot_v1_20261002/attempt_01/native_views/geode_1600_0109.webp
 create mode 100644 audit/job_geode_coherent_pilot_v1_20261002/attempt_01/native_views/geode_1600_0110.webp
 create mode 100644 audit/job_geode_coherent_pilot_v1_20261002/attempt_01/native_views/geode_1600_0111.webp
 create mode 100644 audit/job_geode_coherent_pilot_v1_20261002/attempt_01/native_views/geode_1600_0112.webp
 create mode 100644 audit/job_geode_coherent_pilot_v1_20261002/attempt_01/native_views/geode_1600_0113.webp
 create mode 100644 audit/job_geode_coherent_pilot_v1_20261002/attempt_01/native_views/geode_1600_0114.webp
 create mode 100644 audit/job_geode_coherent_pilot_v1_20261002/attempt_01/native_views/geode_1600_0115.webp
 create mode 100644 audit/job_geode_coherent_pilot_v1_20261002/attempt_01/native_views/geode_1600_0116.webp
 create mode 100644 audit/job_geode_coherent_pilot_v1_20261002/attempt_01/native_views/geode_1600_0117.webp
 create mode 100644 audit/job_geode_coherent_pilot_v1_20261002/attempt_01/native_views/geode_1600_0118.webp
 create mode 100644 audit/job_geode_coherent_pilot_v1_20261002/attempt_01/native_views/geode_1600_0119.webp
 create mode 100644 audit/job_geode_coherent_pilot_v1_20261002/attempt_01/native_views/geode_1600_0120.webp
 create mode 100644 audit/job_geode_coherent_pilot_v1_20261002/attempt_01/native_views/geode_1600_0121.webp
 create mode 100644 audit/job_geode_coherent_pilot_v1_20261002/attempt_01/native_views/geode_1600_0122.webp
 create mode 100644 audit/job_geode_coherent_pilot_v1_20261002/attempt_01/native_views/geode_1600_0123.webp
 create mode 100644 audit/job_geode_coherent_pilot_v1_20261002/attempt_01/native_views/geode_1600_0124.webp
 create mode 100644 audit/job_geode_coherent_pilot_v1_20261002/attempt_01/native_views/geode_1600_0125.webp
 create mode 100644 audit/job_geode_coherent_pilot_v1_20261002/attempt_01/native_views/geode_1600_0126.webp
 create mode 100644 audit/job_geode_coherent_pilot_v1_20261002/attempt_01/native_views/geode_1600_0127.webp
 create mode 100644 audit/job_geode_coherent_pilot_v1_20261002/attempt_01/native_views/geode_1600_0128.webp
 create mode 100644 audit/job_geode_coherent_pilot_v1_20261002/attempt_01/native_views/geode_1600_0129.webp
 create mode 100644 audit/job_geode_coherent_pilot_v1_20261002/attempt_01/native_views/geode_1600_0130.webp
 create mode 100644 audit/job_geode_coherent_pilot_v1_20261002/attempt_01/native_views/geode_1600_0131.webp
 create mode 100644 audit/job_geode_coherent_pilot_v1_20261002/attempt_01/native_views/geode_1600_0132.webp
 create mode 100644 audit/job_geode_coherent_pilot_v1_20261002/attempt_01/native_views/geode_1600_0133.webp
 create mode 100644 audit/job_geode_coherent_pilot_v1_20261002/attempt_01/native_views/geode_1600_0134.webp
 create mode 100644 audit/job_geode_coherent_pilot_v1_20261002/attempt_01/native_views/geode_1600_0135.webp
 create mode 100644 audit/job_geode_coherent_pilot_v1_20261002/attempt_01/native_views/geode_1600_0136.webp
 create mode 100644 audit/job_geode_coherent_pilot_v1_20261002/attempt_01/native_views/geode_1600_0137.webp
 create mode 100644 audit/job_geode_coherent_pilot_v1_20261002/attempt_01/native_views/geode_1600_0138.webp
 create mode 100644 audit/job_geode_coherent_pilot_v1_20261002/attempt_01/native_views/geode_1600_0139.webp
 create mode 100644 audit/job_geode_coherent_pilot_v1_20261002/attempt_01/native_views/geode_1600_0140.webp
 create mode 100644 audit/job_geode_coherent_pilot_v1_20261002/attempt_01/native_views/geode_1600_0141.webp
 create mode 100644 audit/job_geode_coherent_pilot_v1_20261002/attempt_01/native_views/geode_1600_0142.webp
 create mode 100644 audit/job_geode_coherent_pilot_v1_20261002/attempt_01/native_views/geode_1600_0143.webp
 create mode 100644 audit/job_geode_coherent_pilot_v1_20261002/attempt_01/native_views/geode_1600_0144.webp
 create mode 100644 audit/job_geode_coherent_pilot_v1_20261002/attempt_01/native_views/geode_1600_0145.webp
 create mode 100644 audit/job_geode_coherent_pilot_v1_20261002/attempt_01/native_views/geode_1600_0146.webp
 create mode 100644 audit/job_geode_coherent_pilot_v1_20261002/attempt_01/native_views/geode_1600_0147.webp
 create mode 100644 audit/job_geode_coherent_pilot_v1_20261002/attempt_01/native_views/geode_1600_0148.webp
 create mode 100644 audit/job_geode_coherent_pilot_v1_20261002/attempt_01/native_views/geode_1600_0149.webp
 create mode 100644 audit/job_geode_coherent_pilot_v1_20261002/attempt_01/native_views/geode_1600_0150.webp
 create mode 100644 audit/job_geode_coherent_pilot_v1_20261002/attempt_01/native_views/geode_1600_0151.webp
 create mode 100644 audit/job_geode_coherent_pilot_v1_20261002/attempt_01/native_views/geode_1600_0152.webp
 create mode 100644 audit/job_geode_coherent_pilot_v1_20261002/attempt_01/native_views/geode_1600_0153.webp
 create mode 100644 audit/job_geode_coherent_pilot_v1_20261002/attempt_01/native_views/geode_1600_0154.webp
 create mode 100644 audit/job_geode_coherent_pilot_v1_20261002/attempt_01/native_views/geode_1600_0155.webp
 create mode 100644 audit/job_geode_coherent_pilot_v1_20261002/attempt_01/ordered_boards/ffmpeg_1280.stderr.log
 create mode 100644 audit/job_geode_coherent_pilot_v1_20261002/attempt_01/ordered_boards/ffmpeg_1600.stderr.log
 create mode 100644 audit/job_geode_coherent_pilot_v1_20261002/attempt_01/ordered_boards/geode_1280_board_01.png
 create mode 100644 audit/job_geode_coherent_pilot_v1_20261002/attempt_01/ordered_boards/geode_1280_board_02.png
 create mode 100644 audit/job_geode_coherent_pilot_v1_20261002/attempt_01/ordered_boards/geode_1280_board_03.png
 create mode 100644 audit/job_geode_coherent_pilot_v1_20261002/attempt_01/ordered_boards/geode_1280_board_04.png
 create mode 100644 audit/job_geode_coherent_pilot_v1_20261002/attempt_01/ordered_boards/geode_1280_board_05.png
 create mode 100644 audit/job_geode_coherent_pilot_v1_20261002/attempt_01/ordered_boards/geode_1280_board_06.png
 create mode 100644 audit/job_geode_coherent_pilot_v1_20261002/attempt_01/ordered_boards/geode_1280_board_07.png
 create mode 100644 audit/job_geode_coherent_pilot_v1_20261002/attempt_01/ordered_boards/geode_1280_board_08.png
 create mode 100644 audit/job_geode_coherent_pilot_v1_20261002/attempt_01/ordered_boards/geode_1280_board_09.png
 create mode 100644 audit/job_geode_coherent_pilot_v1_20261002/attempt_01/ordered_boards/geode_1280_board_10.png
 create mode 100644 audit/job_geode_coherent_pilot_v1_20261002/attempt_01/ordered_boards/geode_1280_board_11.png
 create mode 100644 audit/job_geode_coherent_pilot_v1_20261002/attempt_01/ordered_boards/geode_1280_board_12.png
 create mode 100644 audit/job_geode_coherent_pilot_v1_20261002/attempt_01/ordered_boards/geode_1280_board_13.png
 create mode 100644 audit/job_geode_coherent_pilot_v1_20261002/attempt_01/ordered_boards/geode_1600_board_01.png
 create mode 100644 audit/job_geode_coherent_pilot_v1_20261002/attempt_01/ordered_boards/geode_1600_board_02.png
 create mode 100644 audit/job_geode_coherent_pilot_v1_20261002/attempt_01/ordered_boards/geode_1600_board_03.png
 create mode 100644 audit/job_geode_coherent_pilot_v1_20261002/attempt_01/ordered_boards/geode_1600_board_04.png
 create mode 100644 audit/job_geode_coherent_pilot_v1_20261002/attempt_01/ordered_boards/geode_1600_board_05.png
 create mode 100644 audit/job_geode_coherent_pilot_v1_20261002/attempt_01/ordered_boards/geode_1600_board_06.png
 create mode 100644 audit/job_geode_coherent_pilot_v1_20261002/attempt_01/ordered_boards/geode_1600_board_07.png
 create mode 100644 audit/job_geode_coherent_pilot_v1_20261002/attempt_01/ordered_boards/geode_1600_board_08.png
 create mode 100644 audit/job_geode_coherent_pilot_v1_20261002/attempt_01/ordered_boards/geode_1600_board_09.png
 create mode 100644 audit/job_geode_coherent_pilot_v1_20261002/attempt_01/ordered_boards/geode_1600_board_10.png
 create mode 100644 audit/job_geode_coherent_pilot_v1_20261002/attempt_01/ordered_boards/geode_1600_board_11.png
 create mode 100644 audit/job_geode_coherent_pilot_v1_20261002/attempt_01/ordered_boards/geode_1600_board_12.png
 create mode 100644 audit/job_geode_coherent_pilot_v1_20261002/attempt_01/ordered_boards/geode_1600_board_13.png
 create mode 100644 audit/job_geode_coherent_pilot_v1_20261002/capture.gd
 create mode 100644 audit/job_geode_coherent_pilot_v1_20261002/index.html
 create mode 100644 audit/job_geode_coherent_pilot_v1_20261002/review_tools/prepare_coherent_pilot_boards_v238.py
 create mode 100644 audit/job_geode_coherent_pilot_v1_20261002/review_tools/prepare_geode_coherent_pilot_v236.py
 create mode 100644 audit/job_geode_coherent_pilot_v1_20261002/review_tools/record_coherent_geode_review_v239.py
 create mode 100644 audit/job_geode_coherent_pilot_v1_20261002/review_tools/run_coherent_pilot_gates_v236.py
 create mode 100644 audit/job_geode_coherent_pilot_v1_20261002/runtime_gate/analyzerv1.receipt.json
 create mode 100644 audit/job_geode_coherent_pilot_v1_20261002/runtime_gate/analyzerv1.stderr.log
 create mode 100644 audit/job_geode_coherent_pilot_v1_20261002/runtime_gate/analyzerv1.stdout.log
 create mode 100644 audit/job_geode_coherent_pilot_v1_20261002/runtime_gate/capture1280v1.receipt.json
 create mode 100644 audit/job_geode_coherent_pilot_v1_20261002/runtime_gate/capture1280v1.stderr.log
 create mode 100644 audit/job_geode_coherent_pilot_v1_20261002/runtime_gate/capture1280v1.stdout.log
 create mode 100644 audit/job_geode_coherent_pilot_v1_20261002/runtime_gate/capture1600v1.receipt.json
 create mode 100644 audit/job_geode_coherent_pilot_v1_20261002/runtime_gate/capture1600v1.stderr.log
 create mode 100644 audit/job_geode_coherent_pilot_v1_20261002/runtime_gate/capture1600v1.stdout.log
 create mode 100644 audit/job_geode_coherent_pilot_v1_20261002/runtime_gate/inferencev1.receipt.json
 create mode 100644 audit/job_geode_coherent_pilot_v1_20261002/runtime_gate/inferencev1.stderr.log
 create mode 100644 audit/job_geode_coherent_pilot_v1_20261002/runtime_gate/inferencev1.stdout.log
 create mode 100644 audit/job_geode_coherent_pilot_v1_20261002/runtime_gate/parserv1.receipt.json
 create mode 100644 audit/job_geode_coherent_pilot_v1_20261002/runtime_gate/parserv1.stderr.log
 create mode 100644 audit/job_geode_coherent_pilot_v1_20261002/runtime_gate/parserv1.stdout.log
 create mode 100644 audit/job_geode_coherent_pilot_v1_20261002/study_surface.gd
 create mode 100644 audit/job_geology_river_runtime_v1_20261002/.gdignore
 create mode 100644 audit/job_geology_river_runtime_v1_20261002/ARTWORK_ITEMS.json
 create mode 100644 audit/job_geology_river_runtime_v1_20261002/BASELINE_OPERA_GEOLOGY_SURFACE.txt
 create mode 100644 audit/job_geology_river_runtime_v1_20261002/BROWSER_QA_V26_ACTUAL.json
 create mode 100644 audit/job_geology_river_runtime_v1_20261002/BROWSER_QA_V27_PILOT.json
 create mode 100644 audit/job_geology_river_runtime_v1_20261002/IMPLEMENTATION.json
 create mode 100644 audit/job_geology_river_runtime_v1_20261002/MECHANIC_UNCHANGED.json
 create mode 100644 audit/job_geology_river_runtime_v1_20261002/NETWORK_REVIEW.json
 create mode 100644 audit/job_geology_river_runtime_v1_20261002/REVIEW.json
 create mode 100644 audit/job_geology_river_runtime_v1_20261002/TIMED_CAPTURE_MANIFEST.json
 create mode 100644 audit/job_geology_river_runtime_v1_20261002/TIMED_REVIEW.json
 create mode 100644 audit/job_geology_river_runtime_v1_20261002/attempt_01/CAPTURE_1280.json
 create mode 100644 audit/job_geology_river_runtime_v1_20261002/attempt_01/CAPTURE_1600.json
 create mode 100644 audit/job_geology_river_runtime_v1_20261002/attempt_01/native_views/geologist_1280_fossil_brushed.webp
 create mode 100644 audit/job_geology_river_runtime_v1_20261002/attempt_01/native_views/geologist_1280_fossil_earned_completion.webp
 create mode 100644 audit/job_geology_river_runtime_v1_20261002/attempt_01/native_views/geologist_1280_fossil_invitation.webp
 create mode 100644 audit/job_geology_river_runtime_v1_20261002/attempt_01/native_views/geologist_1280_fossil_one_piece.webp
 create mode 100644 audit/job_geology_river_runtime_v1_20261002/attempt_01/native_views/geologist_1280_fossil_partial_brush.webp
 create mode 100644 audit/job_geology_river_runtime_v1_20261002/attempt_01/native_views/geologist_1280_fossil_task_open.webp
 create mode 100644 audit/job_geology_river_runtime_v1_20261002/attempt_01/native_views/geologist_1280_fossil_two_pieces.webp
 create mode 100644 audit/job_geology_river_runtime_v1_20261002/attempt_01/native_views/geologist_1280_geode_early_crack.webp
 create mode 100644 audit/job_geology_river_runtime_v1_20261002/attempt_01/native_views/geologist_1280_geode_earned_completion.webp
 create mode 100644 audit/job_geology_river_runtime_v1_20261002/attempt_01/native_views/geologist_1280_geode_five_seams_ready.webp
 create mode 100644 audit/job_geology_river_runtime_v1_20261002/attempt_01/native_views/geologist_1280_geode_full_interior_before_award.webp
 create mode 100644 audit/job_geology_river_runtime_v1_20261002/attempt_01/native_views/geologist_1280_geode_invitation.webp
 create mode 100644 audit/job_geology_river_runtime_v1_20261002/attempt_01/native_views/geologist_1280_geode_middle_open.webp
 create mode 100644 audit/job_geology_river_runtime_v1_20261002/attempt_01/native_views/geologist_1280_geode_task_open.webp
 create mode 100644 audit/job_geology_river_runtime_v1_20261002/attempt_01/native_views/geologist_1280_pan_earned_completion.webp
 create mode 100644 audit/job_geology_river_runtime_v1_20261002/attempt_01/native_views/geologist_1280_pan_invitation.webp
 create mode 100644 audit/job_geology_river_runtime_v1_20261002/attempt_01/native_views/geologist_1280_pan_pan_left.webp
 create mode 100644 audit/job_geology_river_runtime_v1_20261002/attempt_01/native_views/geologist_1280_pan_pan_right.webp
 create mode 100644 audit/job_geology_river_runtime_v1_20261002/attempt_01/native_views/geologist_1280_pan_partial_pan.webp
 create mode 100644 audit/job_geology_river_runtime_v1_20261002/attempt_01/native_views/geologist_1280_pan_task_open.webp
 create mode 100644 audit/job_geology_river_runtime_v1_20261002/attempt_01/native_views/geologist_1280_river_earned_completion.webp
 create mode 100644 audit/job_geology_river_runtime_v1_20261002/attempt_01/native_views/geologist_1280_river_invitation.webp
 create mode 100644 audit/job_geology_river_runtime_v1_20261002/attempt_01/native_views/geologist_1280_river_task_open.webp
 create mode 100644 audit/job_geology_river_runtime_v1_20261002/attempt_01/native_views/geologist_1600_fossil_brushed.webp
 create mode 100644 audit/job_geology_river_runtime_v1_20261002/attempt_01/native_views/geologist_1600_fossil_earned_completion.webp
 create mode 100644 audit/job_geology_river_runtime_v1_20261002/attempt_01/native_views/geologist_1600_fossil_invitation.webp
 create mode 100644 audit/job_geology_river_runtime_v1_20261002/attempt_01/native_views/geologist_1600_fossil_one_piece.webp
 create mode 100644 audit/job_geology_river_runtime_v1_20261002/attempt_01/native_views/geologist_1600_fossil_partial_brush.webp
 create mode 100644 audit/job_geology_river_runtime_v1_20261002/attempt_01/native_views/geologist_1600_fossil_task_open.webp
 create mode 100644 audit/job_geology_river_runtime_v1_20261002/attempt_01/native_views/geologist_1600_fossil_two_pieces.webp
 create mode 100644 audit/job_geology_river_runtime_v1_20261002/attempt_01/native_views/geologist_1600_geode_early_crack.webp
 create mode 100644 audit/job_geology_river_runtime_v1_20261002/attempt_01/native_views/geologist_1600_geode_earned_completion.webp
 create mode 100644 audit/job_geology_river_runtime_v1_20261002/attempt_01/native_views/geologist_1600_geode_five_seams_ready.webp
 create mode 100644 audit/job_geology_river_runtime_v1_20261002/attempt_01/native_views/geologist_1600_geode_full_interior_before_award.webp
 create mode 100644 audit/job_geology_river_runtime_v1_20261002/attempt_01/native_views/geologist_1600_geode_invitation.webp
 create mode 100644 audit/job_geology_river_runtime_v1_20261002/attempt_01/native_views/geologist_1600_geode_middle_open.webp
 create mode 100644 audit/job_geology_river_runtime_v1_20261002/attempt_01/native_views/geologist_1600_geode_task_open.webp
 create mode 100644 audit/job_geology_river_runtime_v1_20261002/attempt_01/native_views/geologist_1600_pan_earned_completion.webp
 create mode 100644 audit/job_geology_river_runtime_v1_20261002/attempt_01/native_views/geologist_1600_pan_invitation.webp
 create mode 100644 audit/job_geology_river_runtime_v1_20261002/attempt_01/native_views/geologist_1600_pan_pan_left.webp
 create mode 100644 audit/job_geology_river_runtime_v1_20261002/attempt_01/native_views/geologist_1600_pan_pan_right.webp
 create mode 100644 audit/job_geology_river_runtime_v1_20261002/attempt_01/native_views/geologist_1600_pan_partial_pan.webp
 create mode 100644 audit/job_geology_river_runtime_v1_20261002/attempt_01/native_views/geologist_1600_pan_task_open.webp
 create mode 100644 audit/job_geology_river_runtime_v1_20261002/attempt_01/native_views/geologist_1600_river_earned_completion.webp
 create mode 100644 audit/job_geology_river_runtime_v1_20261002/attempt_01/native_views/geologist_1600_river_invitation.webp
 create mode 100644 audit/job_geology_river_runtime_v1_20261002/attempt_01/native_views/geologist_1600_river_task_open.webp
 create mode 100644 audit/job_geology_river_runtime_v1_20261002/capture_geode_timed_sequence.gd
 create mode 100644 audit/job_geology_river_runtime_v1_20261002/capture_geology_river_runtime.gd
 create mode 100644 audit/job_geology_river_runtime_v1_20261002/capture_production_river_network.gd
 create mode 100644 audit/job_geology_river_runtime_v1_20261002/full_ci_v1/ENGINE_DIAGNOSTICS.json
 create mode 100644 audit/job_geology_river_runtime_v1_20261002/full_ci_v1/RECEIPT.json
 create mode 100644 audit/job_geology_river_runtime_v1_20261002/full_ci_v1/SOURCE_BEFORE.json
 create mode 100644 audit/job_geology_river_runtime_v1_20261002/full_ci_v1/process.exit
 create mode 100644 audit/job_geology_river_runtime_v1_20261002/full_ci_v1/stderr.log
 create mode 100644 audit/job_geology_river_runtime_v1_20261002/full_ci_v1/stdout.log
 create mode 100644 audit/job_geology_river_runtime_v1_20261002/full_ci_v1/wrapper.sh
 create mode 100644 audit/job_geology_river_runtime_v1_20261002/index.html
 create mode 100644 audit/job_geology_river_runtime_v1_20261002/network.html
 create mode 100644 audit/job_geology_river_runtime_v1_20261002/network_attempt_01/MANIFEST_1280.json
 create mode 100644 audit/job_geology_river_runtime_v1_20261002/network_attempt_01/MANIFEST_1600.json
 create mode 100644 audit/job_geology_river_runtime_v1_20261002/network_attempt_01/native_views/river_1280_connected_complete.webp
 create mode 100644 audit/job_geology_river_runtime_v1_20261002/network_attempt_01/native_views/river_1280_connected_corner.webp
 create mode 100644 audit/job_geology_river_runtime_v1_20261002/network_attempt_01/native_views/river_1280_connected_cross.webp
 create mode 100644 audit/job_geology_river_runtime_v1_20261002/network_attempt_01/native_views/river_1280_connected_straight.webp
 create mode 100644 audit/job_geology_river_runtime_v1_20261002/network_attempt_01/native_views/river_1280_connected_t_branch.webp
 create mode 100644 audit/job_geology_river_runtime_v1_20261002/network_attempt_01/native_views/river_1280_dry_initial.webp
 create mode 100644 audit/job_geology_river_runtime_v1_20261002/network_attempt_01/native_views/river_1280_formerly_isolated_now_wet.webp
 create mode 100644 audit/job_geology_river_runtime_v1_20261002/network_attempt_01/native_views/river_1280_isolated_dry.webp
 create mode 100644 audit/job_geology_river_runtime_v1_20261002/network_attempt_01/native_views/river_1280_isolated_dry_corner.webp
 create mode 100644 audit/job_geology_river_runtime_v1_20261002/network_attempt_01/native_views/river_1280_isolated_dry_cross.webp
 create mode 100644 audit/job_geology_river_runtime_v1_20261002/network_attempt_01/native_views/river_1280_isolated_dry_straight.webp
 create mode 100644 audit/job_geology_river_runtime_v1_20261002/network_attempt_01/native_views/river_1280_isolated_dry_t.webp
 create mode 100644 audit/job_geology_river_runtime_v1_20261002/network_attempt_01/native_views/river_1280_partial_json_restored.webp
 create mode 100644 audit/job_geology_river_runtime_v1_20261002/network_attempt_01/native_views/river_1280_quiet_single_completion.webp
 create mode 100644 audit/job_geology_river_runtime_v1_20261002/network_attempt_01/native_views/river_1600_connected_complete.webp
 create mode 100644 audit/job_geology_river_runtime_v1_20261002/network_attempt_01/native_views/river_1600_connected_corner.webp
 create mode 100644 audit/job_geology_river_runtime_v1_20261002/network_attempt_01/native_views/river_1600_connected_cross.webp
 create mode 100644 audit/job_geology_river_runtime_v1_20261002/network_attempt_01/native_views/river_1600_connected_straight.webp
 create mode 100644 audit/job_geology_river_runtime_v1_20261002/network_attempt_01/native_views/river_1600_connected_t_branch.webp
 create mode 100644 audit/job_geology_river_runtime_v1_20261002/network_attempt_01/native_views/river_1600_dry_initial.webp
 create mode 100644 audit/job_geology_river_runtime_v1_20261002/network_attempt_01/native_views/river_1600_formerly_isolated_now_wet.webp
 create mode 100644 audit/job_geology_river_runtime_v1_20261002/network_attempt_01/native_views/river_1600_isolated_dry.webp
 create mode 100644 audit/job_geology_river_runtime_v1_20261002/network_attempt_01/native_views/river_1600_isolated_dry_corner.webp
 create mode 100644 audit/job_geology_river_runtime_v1_20261002/network_attempt_01/native_views/river_1600_isolated_dry_cross.webp
 create mode 100644 audit/job_geology_river_runtime_v1_20261002/network_attempt_01/native_views/river_1600_isolated_dry_straight.webp
 create mode 100644 audit/job_geology_river_runtime_v1_20261002/network_attempt_01/native_views/river_1600_isolated_dry_t.webp
 create mode 100644 audit/job_geology_river_runtime_v1_20261002/network_attempt_01/native_views/river_1600_partial_json_restored.webp
 create mode 100644 audit/job_geology_river_runtime_v1_20261002/network_attempt_01/native_views/river_1600_quiet_single_completion.webp
 create mode 100644 audit/job_geology_river_runtime_v1_20261002/review_tools/bind_painted_river_runtime_v216.py
 create mode 100644 audit/job_geology_river_runtime_v1_20261002/review_tools/prepare_geode_boards_v223.py
 create mode 100644 audit/job_geology_river_runtime_v1_20261002/review_tools/prepare_geode_timed_capture_v222.py
 create mode 100644 audit/job_geology_river_runtime_v1_20261002/review_tools/prepare_geology_checkpoint_j_v240.py
 create mode 100644 audit/job_geology_river_runtime_v1_20261002/review_tools/prepare_river_current_gates_v217.py
 create mode 100644 audit/job_geology_river_runtime_v1_20261002/review_tools/prepare_river_register_gates_v219.py
 create mode 100644 audit/job_geology_river_runtime_v1_20261002/review_tools/publish_geology_checkpoint_j_v242.py
 create mode 100644 audit/job_geology_river_runtime_v1_20261002/review_tools/record_actual_river_review_v218.py
 create mode 100644 audit/job_geology_river_runtime_v1_20261002/review_tools/record_geode_timed_review_v224.py
 create mode 100644 audit/job_geology_river_runtime_v1_20261002/review_tools/record_production_network_v221.py
 create mode 100644 audit/job_geology_river_runtime_v1_20261002/review_tools/resume_geology_checkpoint_j_seal_v243.py
 create mode 100644 audit/job_geology_river_runtime_v1_20261002/review_tools/run_geology_river_full_ci_v216.py
 create mode 100644 audit/job_geology_river_runtime_v1_20261002/review_tools/run_geology_river_gates_v216.py
 create mode 100644 audit/job_geology_river_runtime_v1_20261002/review_tools/run_geology_river_gates_v219.py
 create mode 100644 audit/job_geology_river_runtime_v1_20261002/review_tools/run_geology_river_gates_v222.py
 create mode 100644 audit/job_geology_river_runtime_v1_20261002/review_tools/seal_geology_checkpoint_j_v241.py
 create mode 100644 audit/job_geology_river_runtime_v1_20261002/review_tools/update_river_authority_v220.py
 create mode 100644 audit/job_geology_river_runtime_v1_20261002/runtime_gate/2dv1.receipt.json
 create mode 100644 audit/job_geology_river_runtime_v1_20261002/runtime_gate/2dv1.stderr.log
 create mode 100644 audit/job_geology_river_runtime_v1_20261002/runtime_gate/2dv1.stdout.log
 create mode 100644 audit/job_geology_river_runtime_v1_20261002/runtime_gate/analyzerv1.receipt.json
 create mode 100644 audit/job_geology_river_runtime_v1_20261002/runtime_gate/analyzerv1.stderr.log
 create mode 100644 audit/job_geology_river_runtime_v1_20261002/runtime_gate/analyzerv1.stdout.log
 create mode 100644 audit/job_geology_river_runtime_v1_20261002/runtime_gate/authorityv1.receipt.json
 create mode 100644 audit/job_geology_river_runtime_v1_20261002/runtime_gate/authorityv1.stderr.log
 create mode 100644 audit/job_geology_river_runtime_v1_20261002/runtime_gate/authorityv1.stdout.log
 create mode 100644 audit/job_geology_river_runtime_v1_20261002/runtime_gate/authorityv2.receipt.json
 create mode 100644 audit/job_geology_river_runtime_v1_20261002/runtime_gate/authorityv2.stderr.log
 create mode 100644 audit/job_geology_river_runtime_v1_20261002/runtime_gate/authorityv2.stdout.log
 create mode 100644 audit/job_geology_river_runtime_v1_20261002/runtime_gate/capture1280v1.receipt.json
 create mode 100644 audit/job_geology_river_runtime_v1_20261002/runtime_gate/capture1280v1.stderr.log
 create mode 100644 audit/job_geology_river_runtime_v1_20261002/runtime_gate/capture1280v1.stdout.log
 create mode 100644 audit/job_geology_river_runtime_v1_20261002/runtime_gate/capture1600v1.receipt.json
 create mode 100644 audit/job_geology_river_runtime_v1_20261002/runtime_gate/capture1600v1.stderr.log
 create mode 100644 audit/job_geology_river_runtime_v1_20261002/runtime_gate/capture1600v1.stdout.log
 create mode 100644 audit/job_geology_river_runtime_v1_20261002/runtime_gate/capturetimed1280v1.receipt.json
 create mode 100644 audit/job_geology_river_runtime_v1_20261002/runtime_gate/capturetimed1280v1.stderr.log
 create mode 100644 audit/job_geology_river_runtime_v1_20261002/runtime_gate/capturetimed1280v1.stdout.log
 create mode 100644 audit/job_geology_river_runtime_v1_20261002/runtime_gate/capturetimed1600v1.receipt.json
 create mode 100644 audit/job_geology_river_runtime_v1_20261002/runtime_gate/capturetimed1600v1.stderr.log
 create mode 100644 audit/job_geology_river_runtime_v1_20261002/runtime_gate/capturetimed1600v1.stdout.log
 create mode 100644 audit/job_geology_river_runtime_v1_20261002/runtime_gate/developmentv1.receipt.json
 create mode 100644 audit/job_geology_river_runtime_v1_20261002/runtime_gate/developmentv1.stderr.log
 create mode 100644 audit/job_geology_river_runtime_v1_20261002/runtime_gate/developmentv1.stdout.log
 create mode 100644 audit/job_geology_river_runtime_v1_20261002/runtime_gate/developmentv2.receipt.json
 create mode 100644 audit/job_geology_river_runtime_v1_20261002/runtime_gate/developmentv2.stderr.log
 create mode 100644 audit/job_geology_river_runtime_v1_20261002/runtime_gate/developmentv2.stdout.log
 create mode 100644 audit/job_geology_river_runtime_v1_20261002/runtime_gate/importv1.receipt.json
 create mode 100644 audit/job_geology_river_runtime_v1_20261002/runtime_gate/importv1.stderr.log
 create mode 100644 audit/job_geology_river_runtime_v1_20261002/runtime_gate/importv1.stdout.log
 create mode 100644 audit/job_geology_river_runtime_v1_20261002/runtime_gate/inferencev1.receipt.json
 create mode 100644 audit/job_geology_river_runtime_v1_20261002/runtime_gate/inferencev1.stderr.log
 create mode 100644 audit/job_geology_river_runtime_v1_20261002/runtime_gate/inferencev1.stdout.log
 create mode 100644 audit/job_geology_river_runtime_v1_20261002/runtime_gate/inferencev2.receipt.json
 create mode 100644 audit/job_geology_river_runtime_v1_20261002/runtime_gate/inferencev2.stderr.log
 create mode 100644 audit/job_geology_river_runtime_v1_20261002/runtime_gate/inferencev2.stdout.log
 create mode 100644 audit/job_geology_river_runtime_v1_20261002/runtime_gate/inferencev3.receipt.json
 create mode 100644 audit/job_geology_river_runtime_v1_20261002/runtime_gate/inferencev3.stderr.log
 create mode 100644 audit/job_geology_river_runtime_v1_20261002/runtime_gate/inferencev3.stdout.log
 create mode 100644 audit/job_geology_river_runtime_v1_20261002/runtime_gate/network1280v1.receipt.json
 create mode 100644 audit/job_geology_river_runtime_v1_20261002/runtime_gate/network1280v1.stderr.log
 create mode 100644 audit/job_geology_river_runtime_v1_20261002/runtime_gate/network1280v1.stdout.log
 create mode 100644 audit/job_geology_river_runtime_v1_20261002/runtime_gate/network1280v2.validation.json
 create mode 100644 audit/job_geology_river_runtime_v1_20261002/runtime_gate/network1600v1.receipt.json
 create mode 100644 audit/job_geology_river_runtime_v1_20261002/runtime_gate/network1600v1.stderr.log
 create mode 100644 audit/job_geology_river_runtime_v1_20261002/runtime_gate/network1600v1.stdout.log
 create mode 100644 audit/job_geology_river_runtime_v1_20261002/runtime_gate/network1600v2.validation.json
 create mode 100644 audit/job_geology_river_runtime_v1_20261002/runtime_gate/networkanalyzerv1.receipt.json
 create mode 100644 audit/job_geology_river_runtime_v1_20261002/runtime_gate/networkanalyzerv1.stderr.log
 create mode 100644 audit/job_geology_river_runtime_v1_20261002/runtime_gate/networkanalyzerv1.stdout.log
 create mode 100644 audit/job_geology_river_runtime_v1_20261002/runtime_gate/parserv1.receipt.json
 create mode 100644 audit/job_geology_river_runtime_v1_20261002/runtime_gate/parserv1.stderr.log
 create mode 100644 audit/job_geology_river_runtime_v1_20261002/runtime_gate/parserv1.stdout.log
 create mode 100644 audit/job_geology_river_runtime_v1_20261002/runtime_gate/parserv2.receipt.json
 create mode 100644 audit/job_geology_river_runtime_v1_20261002/runtime_gate/parserv2.stderr.log
 create mode 100644 audit/job_geology_river_runtime_v1_20261002/runtime_gate/parserv2.stdout.log
 create mode 100644 audit/job_geology_river_runtime_v1_20261002/runtime_gate/parserv3.receipt.json
 create mode 100644 audit/job_geology_river_runtime_v1_20261002/runtime_gate/parserv3.stderr.log
 create mode 100644 audit/job_geology_river_runtime_v1_20261002/runtime_gate/parserv3.stdout.log
 create mode 100644 audit/job_geology_river_runtime_v1_20261002/runtime_gate/timedanalyzerv1.receipt.json
 create mode 100644 audit/job_geology_river_runtime_v1_20261002/runtime_gate/timedanalyzerv1.stderr.log
 create mode 100644 audit/job_geology_river_runtime_v1_20261002/runtime_gate/timedanalyzerv1.stdout.log
 create mode 100644 audit/job_geology_river_runtime_v1_20261002/timed.html
 create mode 100644 audit/job_geology_river_runtime_v1_20261002/timed_attempt_01/CAPTURE_1280.json
 create mode 100644 audit/job_geology_river_runtime_v1_20261002/timed_attempt_01/CAPTURE_1600.json
 create mode 100644 audit/job_geology_river_runtime_v1_20261002/timed_attempt_01/native_views/geode_1280_0000.webp
 create mode 100644 audit/job_geology_river_runtime_v1_20261002/timed_attempt_01/native_views/geode_1280_0001.webp
 create mode 100644 audit/job_geology_river_runtime_v1_20261002/timed_attempt_01/native_views/geode_1280_0002.webp
 create mode 100644 audit/job_geology_river_runtime_v1_20261002/timed_attempt_01/native_views/geode_1280_0003.webp
 create mode 100644 audit/job_geology_river_runtime_v1_20261002/timed_attempt_01/native_views/geode_1280_0004.webp
 create mode 100644 audit/job_geology_river_runtime_v1_20261002/timed_attempt_01/native_views/geode_1280_0005.webp
 create mode 100644 audit/job_geology_river_runtime_v1_20261002/timed_attempt_01/native_views/geode_1280_0006.webp
 create mode 100644 audit/job_geology_river_runtime_v1_20261002/timed_attempt_01/native_views/geode_1280_0007.webp
 create mode 100644 audit/job_geology_river_runtime_v1_20261002/timed_attempt_01/native_views/geode_1280_0008.webp
 create mode 100644 audit/job_geology_river_runtime_v1_20261002/timed_attempt_01/native_views/geode_1280_0009.webp
 create mode 100644 audit/job_geology_river_runtime_v1_20261002/timed_attempt_01/native_views/geode_1280_0010.webp
 create mode 100644 audit/job_geology_river_runtime_v1_20261002/timed_attempt_01/native_views/geode_1280_0011.webp
 create mode 100644 audit/job_geology_river_runtime_v1_20261002/timed_attempt_01/native_views/geode_1280_0012.webp
 create mode 100644 audit/job_geology_river_runtime_v1_20261002/timed_attempt_01/native_views/geode_1280_0013.webp
 create mode 100644 audit/job_geology_river_runtime_v1_20261002/timed_attempt_01/native_views/geode_1280_0014.webp
 create mode 100644 audit/job_geology_river_runtime_v1_20261002/timed_attempt_01/native_views/geode_1280_0015.webp
 create mode 100644 audit/job_geology_river_runtime_v1_20261002/timed_attempt_01/native_views/geode_1280_0016.webp
 create mode 100644 audit/job_geology_river_runtime_v1_20261002/timed_attempt_01/native_views/geode_1280_0017.webp
 create mode 100644 audit/job_geology_river_runtime_v1_20261002/timed_attempt_01/native_views/geode_1280_0018.webp
 create mode 100644 audit/job_geology_river_runtime_v1_20261002/timed_attempt_01/native_views/geode_1280_0019.webp
 create mode 100644 audit/job_geology_river_runtime_v1_20261002/timed_attempt_01/native_views/geode_1280_0020.webp
 create mode 100644 audit/job_geology_river_runtime_v1_20261002/timed_attempt_01/native_views/geode_1280_0021.webp
 create mode 100644 audit/job_geology_river_runtime_v1_20261002/timed_attempt_01/native_views/geode_1280_0022.webp
 create mode 100644 audit/job_geology_river_runtime_v1_20261002/timed_attempt_01/native_views/geode_1280_0023.webp
 create mode 100644 audit/job_geology_river_runtime_v1_20261002/timed_attempt_01/native_views/geode_1280_0024.webp
 create mode 100644 audit/job_geology_river_runtime_v1_20261002/timed_attempt_01/native_views/geode_1280_0025.webp
 create mode 100644 audit/job_geology_river_runtime_v1_20261002/timed_attempt_01/native_views/geode_1280_0026.webp
 create mode 100644 audit/job_geology_river_runtime_v1_20261002/timed_attempt_01/native_views/geode_1280_0027.webp
 create mode 100644 audit/job_geology_river_runtime_v1_20261002/timed_attempt_01/native_views/geode_1280_0028.webp
 create mode 100644 audit/job_geology_river_runtime_v1_20261002/timed_attempt_01/native_views/geode_1280_0029.webp
 create mode 100644 audit/job_geology_river_runtime_v1_20261002/timed_attempt_01/native_views/geode_1280_0030.webp
 create mode 100644 audit/job_geology_river_runtime_v1_20261002/timed_attempt_01/native_views/geode_1280_0031.webp
 create mode 100644 audit/job_geology_river_runtime_v1_20261002/timed_attempt_01/native_views/geode_1280_0032.webp
 create mode 100644 audit/job_geology_river_runtime_v1_20261002/timed_attempt_01/native_views/geode_1280_0033.webp
 create mode 100644 audit/job_geology_river_runtime_v1_20261002/timed_attempt_01/native_views/geode_1280_0034.webp
 create mode 100644 audit/job_geology_river_runtime_v1_20261002/timed_attempt_01/native_views/geode_1280_0035.webp
 create mode 100644 audit/job_geology_river_runtime_v1_20261002/timed_attempt_01/native_views/geode_1280_0036.webp
 create mode 100644 audit/job_geology_river_runtime_v1_20261002/timed_attempt_01/native_views/geode_1280_0037.webp
 create mode 100644 audit/job_geology_river_runtime_v1_20261002/timed_attempt_01/native_views/geode_1280_0038.webp
 create mode 100644 audit/job_geology_river_runtime_v1_20261002/timed_attempt_01/native_views/geode_1280_0039.webp
 create mode 100644 audit/job_geology_river_runtime_v1_20261002/timed_attempt_01/native_views/geode_1280_0040.webp
 create mode 100644 audit/job_geology_river_runtime_v1_20261002/timed_attempt_01/native_views/geode_1280_0041.webp
 create mode 100644 audit/job_geology_river_runtime_v1_20261002/timed_attempt_01/native_views/geode_1280_0042.webp
 create mode 100644 audit/job_geology_river_runtime_v1_20261002/timed_attempt_01/native_views/geode_1280_0043.webp
 create mode 100644 audit/job_geology_river_runtime_v1_20261002/timed_attempt_01/native_views/geode_1280_0044.webp
 create mode 100644 audit/job_geology_river_runtime_v1_20261002/timed_attempt_01/native_views/geode_1280_0045.webp
 create mode 100644 audit/job_geology_river_runtime_v1_20261002/timed_attempt_01/native_views/geode_1280_0046.webp
 create mode 100644 audit/job_geology_river_runtime_v1_20261002/timed_attempt_01/native_views/geode_1280_0047.webp
 create mode 100644 audit/job_geology_river_runtime_v1_20261002/timed_attempt_01/native_views/geode_1280_0048.webp
 create mode 100644 audit/job_geology_river_runtime_v1_20261002/timed_attempt_01/native_views/geode_1280_0049.webp
 create mode 100644 audit/job_geology_river_runtime_v1_20261002/timed_attempt_01/native_views/geode_1280_0050.webp
 create mode 100644 audit/job_geology_river_runtime_v1_20261002/timed_attempt_01/native_views/geode_1280_0051.webp
 create mode 100644 audit/job_geology_river_runtime_v1_20261002/timed_attempt_01/native_views/geode_1280_0052.webp
 create mode 100644 audit/job_geology_river_runtime_v1_20261002/timed_attempt_01/native_views/geode_1280_0053.webp
 create mode 100644 audit/job_geology_river_runtime_v1_20261002/timed_attempt_01/native_views/geode_1280_0054.webp
 create mode 100644 audit/job_geology_river_runtime_v1_20261002/timed_attempt_01/native_views/geode_1280_0055.webp
 create mode 100644 audit/job_geology_river_runtime_v1_20261002/timed_attempt_01/native_views/geode_1280_0056.webp
 create mode 100644 audit/job_geology_river_runtime_v1_20261002/timed_attempt_01/native_views/geode_1280_0057.webp
 create mode 100644 audit/job_geology_river_runtime_v1_20261002/timed_attempt_01/native_views/geode_1280_0058.webp
 create mode 100644 audit/job_geology_river_runtime_v1_20261002/timed_attempt_01/native_views/geode_1280_0059.webp
 create mode 100644 audit/job_geology_river_runtime_v1_20261002/timed_attempt_01/native_views/geode_1280_0060.webp
 create mode 100644 audit/job_geology_river_runtime_v1_20261002/timed_attempt_01/native_views/geode_1280_0061.webp
 create mode 100644 audit/job_geology_river_runtime_v1_20261002/timed_attempt_01/native_views/geode_1280_0062.webp
 create mode 100644 audit/job_geology_river_runtime_v1_20261002/timed_attempt_01/native_views/geode_1280_0063.webp
 create mode 100644 audit/job_geology_river_runtime_v1_20261002/timed_attempt_01/native_views/geode_1280_0064.webp
 create mode 100644 audit/job_geology_river_runtime_v1_20261002/timed_attempt_01/native_views/geode_1280_0065.webp
 create mode 100644 audit/job_geology_river_runtime_v1_20261002/timed_attempt_01/native_views/geode_1280_0066.webp
 create mode 100644 audit/job_geology_river_runtime_v1_20261002/timed_attempt_01/native_views/geode_1280_0067.webp
 create mode 100644 audit/job_geology_river_runtime_v1_20261002/timed_attempt_01/native_views/geode_1280_0068.webp
 create mode 100644 audit/job_geology_river_runtime_v1_20261002/timed_attempt_01/native_views/geode_1280_0069.webp
 create mode 100644 audit/job_geology_river_runtime_v1_20261002/timed_attempt_01/native_views/geode_1280_0070.webp
 create mode 100644 audit/job_geology_river_runtime_v1_20261002/timed_attempt_01/native_views/geode_1280_0071.webp
 create mode 100644 audit/job_geology_river_runtime_v1_20261002/timed_attempt_01/native_views/geode_1280_0072.webp
 create mode 100644 audit/job_geology_river_runtime_v1_20261002/timed_attempt_01/native_views/geode_1280_0073.webp
 create mode 100644 audit/job_geology_river_runtime_v1_20261002/timed_attempt_01/native_views/geode_1280_0074.webp
 create mode 100644 audit/job_geology_river_runtime_v1_20261002/timed_attempt_01/native_views/geode_1280_0075.webp
 create mode 100644 audit/job_geology_river_runtime_v1_20261002/timed_attempt_01/native_views/geode_1280_0076.webp
 create mode 100644 audit/job_geology_river_runtime_v1_20261002/timed_attempt_01/native_views/geode_1280_0077.webp
 create mode 100644 audit/job_geology_river_runtime_v1_20261002/timed_attempt_01/native_views/geode_1280_0078.webp
 create mode 100644 audit/job_geology_river_runtime_v1_20261002/timed_attempt_01/native_views/geode_1280_0079.webp
 create mode 100644 audit/job_geology_river_runtime_v1_20261002/timed_attempt_01/native_views/geode_1280_0080.webp
 create mode 100644 audit/job_geology_river_runtime_v1_20261002/timed_attempt_01/native_views/geode_1280_0081.webp
 create mode 100644 audit/job_geology_river_runtime_v1_20261002/timed_attempt_01/native_views/geode_1280_0082.webp
 create mode 100644 audit/job_geology_river_runtime_v1_20261002/timed_attempt_01/native_views/geode_1280_0083.webp
 create mode 100644 audit/job_geology_river_runtime_v1_20261002/timed_attempt_01/native_views/geode_1280_0084.webp
 create mode 100644 audit/job_geology_river_runtime_v1_20261002/timed_attempt_01/native_views/geode_1280_0085.webp
 create mode 100644 audit/job_geology_river_runtime_v1_20261002/timed_attempt_01/native_views/geode_1280_0086.webp
 create mode 100644 audit/job_geology_river_runtime_v1_20261002/timed_attempt_01/native_views/geode_1280_0087.webp
 create mode 100644 audit/job_geology_river_runtime_v1_20261002/timed_attempt_01/native_views/geode_1280_0088.webp
 create mode 100644 audit/job_geology_river_runtime_v1_20261002/timed_attempt_01/native_views/geode_1280_0089.webp
 create mode 100644 audit/job_geology_river_runtime_v1_20261002/timed_attempt_01/native_views/geode_1280_0090.webp
 create mode 100644 audit/job_geology_river_runtime_v1_20261002/timed_attempt_01/native_views/geode_1280_0091.webp
 create mode 100644 audit/job_geology_river_runtime_v1_20261002/timed_attempt_01/native_views/geode_1280_0092.webp
 create mode 100644 audit/job_geology_river_runtime_v1_20261002/timed_attempt_01/native_views/geode_1280_0093.webp
 create mode 100644 audit/job_geology_river_runtime_v1_20261002/timed_attempt_01/native_views/geode_1280_0094.webp
 create mode 100644 audit/job_geology_river_runtime_v1_20261002/timed_attempt_01/native_views/geode_1280_0095.webp
 create mode 100644 audit/job_geology_river_runtime_v1_20261002/timed_attempt_01/native_views/geode_1280_0096.webp
 create mode 100644 audit/job_geology_river_runtime_v1_20261002/timed_attempt_01/native_views/geode_1280_0097.webp
 create mode 100644 audit/job_geology_river_runtime_v1_20261002/timed_attempt_01/native_views/geode_1280_0098.webp
 create mode 100644 audit/job_geology_river_runtime_v1_20261002/timed_attempt_01/native_views/geode_1280_0099.webp
 create mode 100644 audit/job_geology_river_runtime_v1_20261002/timed_attempt_01/native_views/geode_1280_0100.webp
 create mode 100644 audit/job_geology_river_runtime_v1_20261002/timed_attempt_01/native_views/geode_1280_0101.webp
 create mode 100644 audit/job_geology_river_runtime_v1_20261002/timed_attempt_01/native_views/geode_1280_0102.webp
 create mode 100644 audit/job_geology_river_runtime_v1_20261002/timed_attempt_01/native_views/geode_1280_0103.webp
 create mode 100644 audit/job_geology_river_runtime_v1_20261002/timed_attempt_01/native_views/geode_1280_0104.webp
 create mode 100644 audit/job_geology_river_runtime_v1_20261002/timed_attempt_01/native_views/geode_1280_0105.webp
 create mode 100644 audit/job_geology_river_runtime_v1_20261002/timed_attempt_01/native_views/geode_1280_0106.webp
 create mode 100644 audit/job_geology_river_runtime_v1_20261002/timed_attempt_01/native_views/geode_1280_0107.webp
 create mode 100644 audit/job_geology_river_runtime_v1_20261002/timed_attempt_01/native_views/geode_1280_0108.webp
 create mode 100644 audit/job_geology_river_runtime_v1_20261002/timed_attempt_01/native_views/geode_1280_0109.webp
 create mode 100644 audit/job_geology_river_runtime_v1_20261002/timed_attempt_01/native_views/geode_1280_0110.webp
 create mode 100644 audit/job_geology_river_runtime_v1_20261002/timed_attempt_01/native_views/geode_1280_0111.webp
 create mode 100644 audit/job_geology_river_runtime_v1_20261002/timed_attempt_01/native_views/geode_1280_0112.webp
 create mode 100644 audit/job_geology_river_runtime_v1_20261002/timed_attempt_01/native_views/geode_1280_0113.webp
 create mode 100644 audit/job_geology_river_runtime_v1_20261002/timed_attempt_01/native_views/geode_1280_0114.webp
 create mode 100644 audit/job_geology_river_runtime_v1_20261002/timed_attempt_01/native_views/geode_1280_0115.webp
 create mode 100644 audit/job_geology_river_runtime_v1_20261002/timed_attempt_01/native_views/geode_1280_0116.webp
 create mode 100644 audit/job_geology_river_runtime_v1_20261002/timed_attempt_01/native_views/geode_1280_0117.webp
 create mode 100644 audit/job_geology_river_runtime_v1_20261002/timed_attempt_01/native_views/geode_1280_0118.webp
 create mode 100644 audit/job_geology_river_runtime_v1_20261002/timed_attempt_01/native_views/geode_1280_0119.webp
 create mode 100644 audit/job_geology_river_runtime_v1_20261002/timed_attempt_01/native_views/geode_1280_0120.webp
 create mode 100644 audit/job_geology_river_runtime_v1_20261002/timed_attempt_01/native_views/geode_1280_0121.webp
 create mode 100644 audit/job_geology_river_runtime_v1_20261002/timed_attempt_01/native_views/geode_1280_0122.webp
 create mode 100644 audit/job_geology_river_runtime_v1_20261002/timed_attempt_01/native_views/geode_1280_0123.webp
 create mode 100644 audit/job_geology_river_runtime_v1_20261002/timed_attempt_01/native_views/geode_1280_0124.webp
 create mode 100644 audit/job_geology_river_runtime_v1_20261002/timed_attempt_01/native_views/geode_1280_0125.webp
 create mode 100644 audit/job_geology_river_runtime_v1_20261002/timed_attempt_01/native_views/geode_1280_0126.webp
 create mode 100644 audit/job_geology_river_runtime_v1_20261002/timed_attempt_01/native_views/geode_1280_0127.webp
 create mode 100644 audit/job_geology_river_runtime_v1_20261002/timed_attempt_01/native_views/geode_1280_0128.webp
 create mode 100644 audit/job_geology_river_runtime_v1_20261002/timed_attempt_01/native_views/geode_1280_0129.webp
 create mode 100644 audit/job_geology_river_runtime_v1_20261002/timed_attempt_01/native_views/geode_1280_0130.webp
 create mode 100644 audit/job_geology_river_runtime_v1_20261002/timed_attempt_01/native_views/geode_1280_0131.webp
 create mode 100644 audit/job_geology_river_runtime_v1_20261002/timed_attempt_01/native_views/geode_1280_0132.webp
 create mode 100644 audit/job_geology_river_runtime_v1_20261002/timed_attempt_01/native_views/geode_1280_0133.webp
 create mode 100644 audit/job_geology_river_runtime_v1_20261002/timed_attempt_01/native_views/geode_1280_0134.webp
 create mode 100644 audit/job_geology_river_runtime_v1_20261002/timed_attempt_01/native_views/geode_1280_0135.webp
 create mode 100644 audit/job_geology_river_runtime_v1_20261002/timed_attempt_01/native_views/geode_1280_0136.webp
 create mode 100644 audit/job_geology_river_runtime_v1_20261002/timed_attempt_01/native_views/geode_1280_0137.webp
 create mode 100644 audit/job_geology_river_runtime_v1_20261002/timed_attempt_01/native_views/geode_1280_0138.webp
 create mode 100644 audit/job_geology_river_runtime_v1_20261002/timed_attempt_01/native_views/geode_1280_0139.webp
 create mode 100644 audit/job_geology_river_runtime_v1_20261002/timed_attempt_01/native_views/geode_1280_0140.webp
 create mode 100644 audit/job_geology_river_runtime_v1_20261002/timed_attempt_01/native_views/geode_1280_0141.webp
 create mode 100644 audit/job_geology_river_runtime_v1_20261002/timed_attempt_01/native_views/geode_1280_0142.webp
 create mode 100644 audit/job_geology_river_runtime_v1_20261002/timed_attempt_01/native_views/geode_1280_0143.webp
 create mode 100644 audit/job_geology_river_runtime_v1_20261002/timed_attempt_01/native_views/geode_1280_0144.webp
 create mode 100644 audit/job_geology_river_runtime_v1_20261002/timed_attempt_01/native_views/geode_1280_0145.webp
 create mode 100644 audit/job_geology_river_runtime_v1_20261002/timed_attempt_01/native_views/geode_1280_0146.webp
 create mode 100644 audit/job_geology_river_runtime_v1_20261002/timed_attempt_01/native_views/geode_1280_0147.webp
 create mode 100644 audit/job_geology_river_runtime_v1_20261002/timed_attempt_01/native_views/geode_1280_0148.webp
 create mode 100644 audit/job_geology_river_runtime_v1_20261002/timed_attempt_01/native_views/geode_1280_0149.webp
 create mode 100644 audit/job_geology_river_runtime_v1_20261002/timed_attempt_01/native_views/geode_1280_0150.webp
 create mode 100644 audit/job_geology_river_runtime_v1_20261002/timed_attempt_01/native_views/geode_1280_0151.webp
 create mode 100644 audit/job_geology_river_runtime_v1_20261002/timed_attempt_01/native_views/geode_1280_0152.webp
 create mode 100644 audit/job_geology_river_runtime_v1_20261002/timed_attempt_01/native_views/geode_1280_0153.webp
 create mode 100644 audit/job_geology_river_runtime_v1_20261002/timed_attempt_01/native_views/geode_1280_0154.webp
 create mode 100644 audit/job_geology_river_runtime_v1_20261002/timed_attempt_01/native_views/geode_1280_0155.webp
 create mode 100644 audit/job_geology_river_runtime_v1_20261002/timed_attempt_01/native_views/geode_1600_0000.webp
 create mode 100644 audit/job_geology_river_runtime_v1_20261002/timed_attempt_01/native_views/geode_1600_0001.webp
 create mode 100644 audit/job_geology_river_runtime_v1_20261002/timed_attempt_01/native_views/geode_1600_0002.webp
 create mode 100644 audit/job_geology_river_runtime_v1_20261002/timed_attempt_01/native_views/geode_1600_0003.webp
 create mode 100644 audit/job_geology_river_runtime_v1_20261002/timed_attempt_01/native_views/geode_1600_0004.webp
 create mode 100644 audit/job_geology_river_runtime_v1_20261002/timed_attempt_01/native_views/geode_1600_0005.webp
 create mode 100644 audit/job_geology_river_runtime_v1_20261002/timed_attempt_01/native_views/geode_1600_0006.webp
 create mode 100644 audit/job_geology_river_runtime_v1_20261002/timed_attempt_01/native_views/geode_1600_0007.webp
 create mode 100644 audit/job_geology_river_runtime_v1_20261002/timed_attempt_01/native_views/geode_1600_0008.webp
 create mode 100644 audit/job_geology_river_runtime_v1_20261002/timed_attempt_01/native_views/geode_1600_0009.webp
 create mode 100644 audit/job_geology_river_runtime_v1_20261002/timed_attempt_01/native_views/geode_1600_0010.webp
 create mode 100644 audit/job_geology_river_runtime_v1_20261002/timed_attempt_01/native_views/geode_1600_0011.webp
 create mode 100644 audit/job_geology_river_runtime_v1_20261002/timed_attempt_01/native_views/geode_1600_0012.webp
 create mode 100644 audit/job_geology_river_runtime_v1_20261002/timed_attempt_01/native_views/geode_1600_0013.webp
 create mode 100644 audit/job_geology_river_runtime_v1_20261002/timed_attempt_01/native_views/geode_1600_0014.webp
 create mode 100644 audit/job_geology_river_runtime_v1_20261002/timed_attempt_01/native_views/geode_1600_0015.webp
 create mode 100644 audit/job_geology_river_runtime_v1_20261002/timed_attempt_01/native_views/geode_1600_0016.webp
 create mode 100644 audit/job_geology_river_runtime_v1_20261002/timed_attempt_01/native_views/geode_1600_0017.webp
 create mode 100644 audit/job_geology_river_runtime_v1_20261002/timed_attempt_01/native_views/geode_1600_0018.webp
 create mode 100644 audit/job_geology_river_runtime_v1_20261002/timed_attempt_01/native_views/geode_1600_0019.webp
 create mode 100644 audit/job_geology_river_runtime_v1_20261002/timed_attempt_01/native_views/geode_1600_0020.webp
 create mode 100644 audit/job_geology_river_runtime_v1_20261002/timed_attempt_01/native_views/geode_1600_0021.webp
 create mode 100644 audit/job_geology_river_runtime_v1_20261002/timed_attempt_01/native_views/geode_1600_0022.webp
 create mode 100644 audit/job_geology_river_runtime_v1_20261002/timed_attempt_01/native_views/geode_1600_0023.webp
 create mode 100644 audit/job_geology_river_runtime_v1_20261002/timed_attempt_01/native_views/geode_1600_0024.webp
 create mode 100644 audit/job_geology_river_runtime_v1_20261002/timed_attempt_01/native_views/geode_1600_0025.webp
 create mode 100644 audit/job_geology_river_runtime_v1_20261002/timed_attempt_01/native_views/geode_1600_0026.webp
 create mode 100644 audit/job_geology_river_runtime_v1_20261002/timed_attempt_01/native_views/geode_1600_0027.webp
 create mode 100644 audit/job_geology_river_runtime_v1_20261002/timed_attempt_01/native_views/geode_1600_0028.webp
 create mode 100644 audit/job_geology_river_runtime_v1_20261002/timed_attempt_01/native_views/geode_1600_0029.webp
 create mode 100644 audit/job_geology_river_runtime_v1_20261002/timed_attempt_01/native_views/geode_1600_0030.webp
 create mode 100644 audit/job_geology_river_runtime_v1_20261002/timed_attempt_01/native_views/geode_1600_0031.webp
 create mode 100644 audit/job_geology_river_runtime_v1_20261002/timed_attempt_01/native_views/geode_1600_0032.webp
 create mode 100644 audit/job_geology_river_runtime_v1_20261002/timed_attempt_01/native_views/geode_1600_0033.webp
 create mode 100644 audit/job_geology_river_runtime_v1_20261002/timed_attempt_01/native_views/geode_1600_0034.webp
 create mode 100644 audit/job_geology_river_runtime_v1_20261002/timed_attempt_01/native_views/geode_1600_0035.webp
 create mode 100644 audit/job_geology_river_runtime_v1_20261002/timed_attempt_01/native_views/geode_1600_0036.webp
 create mode 100644 audit/job_geology_river_runtime_v1_20261002/timed_attempt_01/native_views/geode_1600_0037.webp
 create mode 100644 audit/job_geology_river_runtime_v1_20261002/timed_attempt_01/native_views/geode_1600_0038.webp
 create mode 100644 audit/job_geology_river_runtime_v1_20261002/timed_attempt_01/native_views/geode_1600_0039.webp
 create mode 100644 audit/job_geology_river_runtime_v1_20261002/timed_attempt_01/native_views/geode_1600_0040.webp
 create mode 100644 audit/job_geology_river_runtime_v1_20261002/timed_attempt_01/native_views/geode_1600_0041.webp
 create mode 100644 audit/job_geology_river_runtime_v1_20261002/timed_attempt_01/native_views/geode_1600_0042.webp
 create mode 100644 audit/job_geology_river_runtime_v1_20261002/timed_attempt_01/native_views/geode_1600_0043.webp
 create mode 100644 audit/job_geology_river_runtime_v1_20261002/timed_attempt_01/native_views/geode_1600_0044.webp
 create mode 100644 audit/job_geology_river_runtime_v1_20261002/timed_attempt_01/native_views/geode_1600_0045.webp
 create mode 100644 audit/job_geology_river_runtime_v1_20261002/timed_attempt_01/native_views/geode_1600_0046.webp
 create mode 100644 audit/job_geology_river_runtime_v1_20261002/timed_attempt_01/native_views/geode_1600_0047.webp
 create mode 100644 audit/job_geology_river_runtime_v1_20261002/timed_attempt_01/native_views/geode_1600_0048.webp
 create mode 100644 audit/job_geology_river_runtime_v1_20261002/timed_attempt_01/native_views/geode_1600_0049.webp
 create mode 100644 audit/job_geology_river_runtime_v1_20261002/timed_attempt_01/native_views/geode_1600_0050.webp
 create mode 100644 audit/job_geology_river_runtime_v1_20261002/timed_attempt_01/native_views/geode_1600_0051.webp
 create mode 100644 audit/job_geology_river_runtime_v1_20261002/timed_attempt_01/native_views/geode_1600_0052.webp
 create mode 100644 audit/job_geology_river_runtime_v1_20261002/timed_attempt_01/native_views/geode_1600_0053.webp
 create mode 100644 audit/job_geology_river_runtime_v1_20261002/timed_attempt_01/native_views/geode_1600_0054.webp
 create mode 100644 audit/job_geology_river_runtime_v1_20261002/timed_attempt_01/native_views/geode_1600_0055.webp
 create mode 100644 audit/job_geology_river_runtime_v1_20261002/timed_attempt_01/native_views/geode_1600_0056.webp
 create mode 100644 audit/job_geology_river_runtime_v1_20261002/timed_attempt_01/native_views/geode_1600_0057.webp
 create mode 100644 audit/job_geology_river_runtime_v1_20261002/timed_attempt_01/native_views/geode_1600_0058.webp
 create mode 100644 audit/job_geology_river_runtime_v1_20261002/timed_attempt_01/native_views/geode_1600_0059.webp
 create mode 100644 audit/job_geology_river_runtime_v1_20261002/timed_attempt_01/native_views/geode_1600_0060.webp
 create mode 100644 audit/job_geology_river_runtime_v1_20261002/timed_attempt_01/native_views/geode_1600_0061.webp
 create mode 100644 audit/job_geology_river_runtime_v1_20261002/timed_attempt_01/native_views/geode_1600_0062.webp
 create mode 100644 audit/job_geology_river_runtime_v1_20261002/timed_attempt_01/native_views/geode_1600_0063.webp
 create mode 100644 audit/job_geology_river_runtime_v1_20261002/timed_attempt_01/native_views/geode_1600_0064.webp
 create mode 100644 audit/job_geology_river_runtime_v1_20261002/timed_attempt_01/native_views/geode_1600_0065.webp
 create mode 100644 audit/job_geology_river_runtime_v1_20261002/timed_attempt_01/native_views/geode_1600_0066.webp
 create mode 100644 audit/job_geology_river_runtime_v1_20261002/timed_attempt_01/native_views/geode_1600_0067.webp
 create mode 100644 audit/job_geology_river_runtime_v1_20261002/timed_attempt_01/native_views/geode_1600_0068.webp
 create mode 100644 audit/job_geology_river_runtime_v1_20261002/timed_attempt_01/native_views/geode_1600_0069.webp
 create mode 100644 audit/job_geology_river_runtime_v1_20261002/timed_attempt_01/native_views/geode_1600_0070.webp
 create mode 100644 audit/job_geology_river_runtime_v1_20261002/timed_attempt_01/native_views/geode_1600_0071.webp
 create mode 100644 audit/job_geology_river_runtime_v1_20261002/timed_attempt_01/native_views/geode_1600_0072.webp
 create mode 100644 audit/job_geology_river_runtime_v1_20261002/timed_attempt_01/native_views/geode_1600_0073.webp
 create mode 100644 audit/job_geology_river_runtime_v1_20261002/timed_attempt_01/native_views/geode_1600_0074.webp
 create mode 100644 audit/job_geology_river_runtime_v1_20261002/timed_attempt_01/native_views/geode_1600_0075.webp
 create mode 100644 audit/job_geology_river_runtime_v1_20261002/timed_attempt_01/native_views/geode_1600_0076.webp
 create mode 100644 audit/job_geology_river_runtime_v1_20261002/timed_attempt_01/native_views/geode_1600_0077.webp
 create mode 100644 audit/job_geology_river_runtime_v1_20261002/timed_attempt_01/native_views/geode_1600_0078.webp
 create mode 100644 audit/job_geology_river_runtime_v1_20261002/timed_attempt_01/native_views/geode_1600_0079.webp
 create mode 100644 audit/job_geology_river_runtime_v1_20261002/timed_attempt_01/native_views/geode_1600_0080.webp
 create mode 100644 audit/job_geology_river_runtime_v1_20261002/timed_attempt_01/native_views/geode_1600_0081.webp
 create mode 100644 audit/job_geology_river_runtime_v1_20261002/timed_attempt_01/native_views/geode_1600_0082.webp
 create mode 100644 audit/job_geology_river_runtime_v1_20261002/timed_attempt_01/native_views/geode_1600_0083.webp
 create mode 100644 audit/job_geology_river_runtime_v1_20261002/timed_attempt_01/native_views/geode_1600_0084.webp
 create mode 100644 audit/job_geology_river_runtime_v1_20261002/timed_attempt_01/native_views/geode_1600_0085.webp
 create mode 100644 audit/job_geology_river_runtime_v1_20261002/timed_attempt_01/native_views/geode_1600_0086.webp
 create mode 100644 audit/job_geology_river_runtime_v1_20261002/timed_attempt_01/native_views/geode_1600_0087.webp
 create mode 100644 audit/job_geology_river_runtime_v1_20261002/timed_attempt_01/native_views/geode_1600_0088.webp
 create mode 100644 audit/job_geology_river_runtime_v1_20261002/timed_attempt_01/native_views/geode_1600_0089.webp
 create mode 100644 audit/job_geology_river_runtime_v1_20261002/timed_attempt_01/native_views/geode_1600_0090.webp
 create mode 100644 audit/job_geology_river_runtime_v1_20261002/timed_attempt_01/native_views/geode_1600_0091.webp
 create mode 100644 audit/job_geology_river_runtime_v1_20261002/timed_attempt_01/native_views/geode_1600_0092.webp
 create mode 100644 audit/job_geology_river_runtime_v1_20261002/timed_attempt_01/native_views/geode_1600_0093.webp
 create mode 100644 audit/job_geology_river_runtime_v1_20261002/timed_attempt_01/native_views/geode_1600_0094.webp
 create mode 100644 audit/job_geology_river_runtime_v1_20261002/timed_attempt_01/native_views/geode_1600_0095.webp
 create mode 100644 audit/job_geology_river_runtime_v1_20261002/timed_attempt_01/native_views/geode_1600_0096.webp
 create mode 100644 audit/job_geology_river_runtime_v1_20261002/timed_attempt_01/native_views/geode_1600_0097.webp
 create mode 100644 audit/job_geology_river_runtime_v1_20261002/timed_attempt_01/native_views/geode_1600_0098.webp
 create mode 100644 audit/job_geology_river_runtime_v1_20261002/timed_attempt_01/native_views/geode_1600_0099.webp
 create mode 100644 audit/job_geology_river_runtime_v1_20261002/timed_attempt_01/native_views/geode_1600_0100.webp
 create mode 100644 audit/job_geology_river_runtime_v1_20261002/timed_attempt_01/native_views/geode_1600_0101.webp
 create mode 100644 audit/job_geology_river_runtime_v1_20261002/timed_attempt_01/native_views/geode_1600_0102.webp
 create mode 100644 audit/job_geology_river_runtime_v1_20261002/timed_attempt_01/native_views/geode_1600_0103.webp
 create mode 100644 audit/job_geology_river_runtime_v1_20261002/timed_attempt_01/native_views/geode_1600_0104.webp
 create mode 100644 audit/job_geology_river_runtime_v1_20261002/timed_attempt_01/native_views/geode_1600_0105.webp
 create mode 100644 audit/job_geology_river_runtime_v1_20261002/timed_attempt_01/native_views/geode_1600_0106.webp
 create mode 100644 audit/job_geology_river_runtime_v1_20261002/timed_attempt_01/native_views/geode_1600_0107.webp
 create mode 100644 audit/job_geology_river_runtime_v1_20261002/timed_attempt_01/native_views/geode_1600_0108.webp
 create mode 100644 audit/job_geology_river_runtime_v1_20261002/timed_attempt_01/native_views/geode_1600_0109.webp
 create mode 100644 audit/job_geology_river_runtime_v1_20261002/timed_attempt_01/native_views/geode_1600_0110.webp
 create mode 100644 audit/job_geology_river_runtime_v1_20261002/timed_attempt_01/native_views/geode_1600_0111.webp
 create mode 100644 audit/job_geology_river_runtime_v1_20261002/timed_attempt_01/native_views/geode_1600_0112.webp
 create mode 100644 audit/job_geology_river_runtime_v1_20261002/timed_attempt_01/native_views/geode_1600_0113.webp
 create mode 100644 audit/job_geology_river_runtime_v1_20261002/timed_attempt_01/native_views/geode_1600_0114.webp
 create mode 100644 audit/job_geology_river_runtime_v1_20261002/timed_attempt_01/native_views/geode_1600_0115.webp
 create mode 100644 audit/job_geology_river_runtime_v1_20261002/timed_attempt_01/native_views/geode_1600_0116.webp
 create mode 100644 audit/job_geology_river_runtime_v1_20261002/timed_attempt_01/native_views/geode_1600_0117.webp
 create mode 100644 audit/job_geology_river_runtime_v1_20261002/timed_attempt_01/native_views/geode_1600_0118.webp
 create mode 100644 audit/job_geology_river_runtime_v1_20261002/timed_attempt_01/native_views/geode_1600_0119.webp
 create mode 100644 audit/job_geology_river_runtime_v1_20261002/timed_attempt_01/native_views/geode_1600_0120.webp
 create mode 100644 audit/job_geology_river_runtime_v1_20261002/timed_attempt_01/native_views/geode_1600_0121.webp
 create mode 100644 audit/job_geology_river_runtime_v1_20261002/timed_attempt_01/native_views/geode_1600_0122.webp
 create mode 100644 audit/job_geology_river_runtime_v1_20261002/timed_attempt_01/native_views/geode_1600_0123.webp
 create mode 100644 audit/job_geology_river_runtime_v1_20261002/timed_attempt_01/native_views/geode_1600_0124.webp
 create mode 100644 audit/job_geology_river_runtime_v1_20261002/timed_attempt_01/native_views/geode_1600_0125.webp
 create mode 100644 audit/job_geology_river_runtime_v1_20261002/timed_attempt_01/native_views/geode_1600_0126.webp
 create mode 100644 audit/job_geology_river_runtime_v1_20261002/timed_attempt_01/native_views/geode_1600_0127.webp
 create mode 100644 audit/job_geology_river_runtime_v1_20261002/timed_attempt_01/native_views/geode_1600_0128.webp
 create mode 100644 audit/job_geology_river_runtime_v1_20261002/timed_attempt_01/native_views/geode_1600_0129.webp
 create mode 100644 audit/job_geology_river_runtime_v1_20261002/timed_attempt_01/native_views/geode_1600_0130.webp
 create mode 100644 audit/job_geology_river_runtime_v1_20261002/timed_attempt_01/native_views/geode_1600_0131.webp
 create mode 100644 audit/job_geology_river_runtime_v1_20261002/timed_attempt_01/native_views/geode_1600_0132.webp
 create mode 100644 audit/job_geology_river_runtime_v1_20261002/timed_attempt_01/native_views/geode_1600_0133.webp
 create mode 100644 audit/job_geology_river_runtime_v1_20261002/timed_attempt_01/native_views/geode_1600_0134.webp
 create mode 100644 audit/job_geology_river_runtime_v1_20261002/timed_attempt_01/native_views/geode_1600_0135.webp
 create mode 100644 audit/job_geology_river_runtime_v1_20261002/timed_attempt_01/native_views/geode_1600_0136.webp
 create mode 100644 audit/job_geology_river_runtime_v1_20261002/timed_attempt_01/native_views/geode_1600_0137.webp
 create mode 100644 audit/job_geology_river_runtime_v1_20261002/timed_attempt_01/native_views/geode_1600_0138.webp
 create mode 100644 audit/job_geology_river_runtime_v1_20261002/timed_attempt_01/native_views/geode_1600_0139.webp
 create mode 100644 audit/job_geology_river_runtime_v1_20261002/timed_attempt_01/native_views/geode_1600_0140.webp
 create mode 100644 audit/job_geology_river_runtime_v1_20261002/timed_attempt_01/native_views/geode_1600_0141.webp
 create mode 100644 audit/job_geology_river_runtime_v1_20261002/timed_attempt_01/native_views/geode_1600_0142.webp
 create mode 100644 audit/job_geology_river_runtime_v1_20261002/timed_attempt_01/native_views/geode_1600_0143.webp
 create mode 100644 audit/job_geology_river_runtime_v1_20261002/timed_attempt_01/native_views/geode_1600_0144.webp
 create mode 100644 audit/job_geology_river_runtime_v1_20261002/timed_attempt_01/native_views/geode_1600_0145.webp
 create mode 100644 audit/job_geology_river_runtime_v1_20261002/timed_attempt_01/native_views/geode_1600_0146.webp
 create mode 100644 audit/job_geology_river_runtime_v1_20261002/timed_attempt_01/native_views/geode_1600_0147.webp
 create mode 100644 audit/job_geology_river_runtime_v1_20261002/timed_attempt_01/native_views/geode_1600_0148.webp
 create mode 100644 audit/job_geology_river_runtime_v1_20261002/timed_attempt_01/native_views/geode_1600_0149.webp
 create mode 100644 audit/job_geology_river_runtime_v1_20261002/timed_attempt_01/native_views/geode_1600_0150.webp
 create mode 100644 audit/job_geology_river_runtime_v1_20261002/timed_attempt_01/native_views/geode_1600_0151.webp
 create mode 100644 audit/job_geology_river_runtime_v1_20261002/timed_attempt_01/native_views/geode_1600_0152.webp
 create mode 100644 audit/job_geology_river_runtime_v1_20261002/timed_attempt_01/native_views/geode_1600_0153.webp
 create mode 100644 audit/job_geology_river_runtime_v1_20261002/timed_attempt_01/native_views/geode_1600_0154.webp
 create mode 100644 audit/job_geology_river_runtime_v1_20261002/timed_attempt_01/native_views/geode_1600_0155.webp
 create mode 100644 audit/job_geology_river_runtime_v1_20261002/timed_attempt_01/ordered_boards/ffmpeg_1280.stderr.log
 create mode 100644 audit/job_geology_river_runtime_v1_20261002/timed_attempt_01/ordered_boards/ffmpeg_1600.stderr.log
 create mode 100644 audit/job_geology_river_runtime_v1_20261002/timed_attempt_01/ordered_boards/geode_1280_board_01.png
 create mode 100644 audit/job_geology_river_runtime_v1_20261002/timed_attempt_01/ordered_boards/geode_1280_board_02.png
 create mode 100644 audit/job_geology_river_runtime_v1_20261002/timed_attempt_01/ordered_boards/geode_1280_board_03.png
 create mode 100644 audit/job_geology_river_runtime_v1_20261002/timed_attempt_01/ordered_boards/geode_1280_board_04.png
 create mode 100644 audit/job_geology_river_runtime_v1_20261002/timed_attempt_01/ordered_boards/geode_1280_board_05.png
 create mode 100644 audit/job_geology_river_runtime_v1_20261002/timed_attempt_01/ordered_boards/geode_1280_board_06.png
 create mode 100644 audit/job_geology_river_runtime_v1_20261002/timed_attempt_01/ordered_boards/geode_1280_board_07.png
 create mode 100644 audit/job_geology_river_runtime_v1_20261002/timed_attempt_01/ordered_boards/geode_1280_board_08.png
 create mode 100644 audit/job_geology_river_runtime_v1_20261002/timed_attempt_01/ordered_boards/geode_1280_board_09.png
 create mode 100644 audit/job_geology_river_runtime_v1_20261002/timed_attempt_01/ordered_boards/geode_1280_board_10.png
 create mode 100644 audit/job_geology_river_runtime_v1_20261002/timed_attempt_01/ordered_boards/geode_1280_board_11.png
 create mode 100644 audit/job_geology_river_runtime_v1_20261002/timed_attempt_01/ordered_boards/geode_1280_board_12.png
 create mode 100644 audit/job_geology_river_runtime_v1_20261002/timed_attempt_01/ordered_boards/geode_1280_board_13.png
 create mode 100644 audit/job_geology_river_runtime_v1_20261002/timed_attempt_01/ordered_boards/geode_1600_board_01.png
 create mode 100644 audit/job_geology_river_runtime_v1_20261002/timed_attempt_01/ordered_boards/geode_1600_board_02.png
 create mode 100644 audit/job_geology_river_runtime_v1_20261002/timed_attempt_01/ordered_boards/geode_1600_board_03.png
 create mode 100644 audit/job_geology_river_runtime_v1_20261002/timed_attempt_01/ordered_boards/geode_1600_board_04.png
 create mode 100644 audit/job_geology_river_runtime_v1_20261002/timed_attempt_01/ordered_boards/geode_1600_board_05.png
 create mode 100644 audit/job_geology_river_runtime_v1_20261002/timed_attempt_01/ordered_boards/geode_1600_board_06.png
 create mode 100644 audit/job_geology_river_runtime_v1_20261002/timed_attempt_01/ordered_boards/geode_1600_board_07.png
 create mode 100644 audit/job_geology_river_runtime_v1_20261002/timed_attempt_01/ordered_boards/geode_1600_board_08.png
 create mode 100644 audit/job_geology_river_runtime_v1_20261002/timed_attempt_01/ordered_boards/geode_1600_board_09.png
 create mode 100644 audit/job_geology_river_runtime_v1_20261002/timed_attempt_01/ordered_boards/geode_1600_board_10.png
 create mode 100644 audit/job_geology_river_runtime_v1_20261002/timed_attempt_01/ordered_boards/geode_1600_board_11.png
 create mode 100644 audit/job_geology_river_runtime_v1_20261002/timed_attempt_01/ordered_boards/geode_1600_board_12.png
 create mode 100644 audit/job_geology_river_runtime_v1_20261002/timed_attempt_01/ordered_boards/geode_1600_board_13.png
 create mode 100644 audit/job_review_v2_20261001/GEOLOGY_RIVER_GEODE_REVIEW_SUPPLEMENT_FILES_V8.json
 create mode 100644 audit/job_review_v2_20261001/review_tools/build_current_job_item_register_v23.py
 create mode 100644 audit/job_review_v2_20261001/review_tools/build_current_job_item_register_v24.py
 create mode 100644 audit/job_review_v2_20261001/review_tools/build_current_job_item_register_v25.py
 create mode 100644 audit/job_review_v2_20261001/review_tools/build_current_job_item_register_v26.py
 create mode 100644 audit/job_river_join_study_v1_20261001/.gdignore
 create mode 100644 audit/job_river_join_study_v1_20261001/BED_MOUNT_V5.json
 create mode 100644 audit/job_river_join_study_v1_20261001/BROWSER_QA_V25_V7_SOURCEV2.json
 create mode 100644 audit/job_river_join_study_v1_20261001/LIBRARY_RENDER_QA_V23.json
 create mode 100644 audit/job_river_join_study_v1_20261001/PRODUCTION_UNCHANGED_V4.json
 create mode 100644 audit/job_river_join_study_v1_20261001/PRODUCTION_UNCHANGED_V5.json
 create mode 100644 audit/job_river_join_study_v1_20261001/PRODUCTION_UNCHANGED_V7.json
 create mode 100644 audit/job_river_join_study_v1_20261001/REVIEW.json
 create mode 100644 audit/job_river_join_study_v1_20261001/REVIEW_V3.json
 create mode 100644 audit/job_river_join_study_v1_20261001/REVIEW_V4.json
 create mode 100644 audit/job_river_join_study_v1_20261001/REVIEW_V5.json
 create mode 100644 audit/job_river_join_study_v1_20261001/REVIEW_V6.json
 create mode 100644 audit/job_river_join_study_v1_20261001/REVIEW_V7.json
 create mode 100644 audit/job_river_join_study_v1_20261001/SOURCE_INVENTORY.json
 create mode 100644 audit/job_river_join_study_v1_20261001/TILE_CALIBRATION_V3.json
 create mode 100644 audit/job_river_join_study_v1_20261001/TILE_CALIBRATION_V4.json
 create mode 100644 audit/job_river_join_study_v1_20261001/WATER_SOURCE_CHANGE_V6.json
 create mode 100644 audit/job_river_join_study_v1_20261001/attempt_01/native_views/river_1280_dry_initial.webp
 create mode 100644 audit/job_river_join_study_v1_20261001/attempt_01/native_views/river_1600_dry_initial.webp
 create mode 100644 audit/job_river_join_study_v1_20261001/attempt_02/MANIFEST_1280.json
 create mode 100644 audit/job_river_join_study_v1_20261001/attempt_02/MANIFEST_1600.json
 create mode 100644 audit/job_river_join_study_v1_20261001/attempt_02/native_views/river_1280_connected_complete.webp
 create mode 100644 audit/job_river_join_study_v1_20261001/attempt_02/native_views/river_1280_connected_corner.webp
 create mode 100644 audit/job_river_join_study_v1_20261001/attempt_02/native_views/river_1280_connected_cross.webp
 create mode 100644 audit/job_river_join_study_v1_20261001/attempt_02/native_views/river_1280_connected_straight.webp
 create mode 100644 audit/job_river_join_study_v1_20261001/attempt_02/native_views/river_1280_connected_t_branch.webp
 create mode 100644 audit/job_river_join_study_v1_20261001/attempt_02/native_views/river_1280_dry_initial.webp
 create mode 100644 audit/job_river_join_study_v1_20261001/attempt_02/native_views/river_1280_formerly_isolated_now_wet.webp
 create mode 100644 audit/job_river_join_study_v1_20261001/attempt_02/native_views/river_1280_isolated_dry.webp
 create mode 100644 audit/job_river_join_study_v1_20261001/attempt_02/native_views/river_1280_partial_json_restored.webp
 create mode 100644 audit/job_river_join_study_v1_20261001/attempt_02/native_views/river_1280_quiet_single_completion.webp
 create mode 100644 audit/job_river_join_study_v1_20261001/attempt_02/native_views/river_1600_connected_complete.webp
 create mode 100644 audit/job_river_join_study_v1_20261001/attempt_02/native_views/river_1600_connected_corner.webp
 create mode 100644 audit/job_river_join_study_v1_20261001/attempt_02/native_views/river_1600_connected_cross.webp
 create mode 100644 audit/job_river_join_study_v1_20261001/attempt_02/native_views/river_1600_connected_straight.webp
 create mode 100644 audit/job_river_join_study_v1_20261001/attempt_02/native_views/river_1600_connected_t_branch.webp
 create mode 100644 audit/job_river_join_study_v1_20261001/attempt_02/native_views/river_1600_dry_initial.webp
 create mode 100644 audit/job_river_join_study_v1_20261001/attempt_02/native_views/river_1600_formerly_isolated_now_wet.webp
 create mode 100644 audit/job_river_join_study_v1_20261001/attempt_02/native_views/river_1600_isolated_dry.webp
 create mode 100644 audit/job_river_join_study_v1_20261001/attempt_02/native_views/river_1600_partial_json_restored.webp
 create mode 100644 audit/job_river_join_study_v1_20261001/attempt_02/native_views/river_1600_quiet_single_completion.webp
 create mode 100644 audit/job_river_join_study_v1_20261001/attempt_03/DIRECT_REVIEW.json
 create mode 100644 audit/job_river_join_study_v1_20261001/attempt_03/MANIFEST_1280.json
 create mode 100644 audit/job_river_join_study_v1_20261001/attempt_03/MANIFEST_1600.json
 create mode 100644 audit/job_river_join_study_v1_20261001/attempt_03/native_views/river_1280_connected_complete.webp
 create mode 100644 audit/job_river_join_study_v1_20261001/attempt_03/native_views/river_1280_connected_corner.webp
 create mode 100644 audit/job_river_join_study_v1_20261001/attempt_03/native_views/river_1280_connected_cross.webp
 create mode 100644 audit/job_river_join_study_v1_20261001/attempt_03/native_views/river_1280_connected_straight.webp
 create mode 100644 audit/job_river_join_study_v1_20261001/attempt_03/native_views/river_1280_connected_t_branch.webp
 create mode 100644 audit/job_river_join_study_v1_20261001/attempt_03/native_views/river_1280_dry_initial.webp
 create mode 100644 audit/job_river_join_study_v1_20261001/attempt_03/native_views/river_1280_formerly_isolated_now_wet.webp
 create mode 100644 audit/job_river_join_study_v1_20261001/attempt_03/native_views/river_1280_isolated_dry.webp
 create mode 100644 audit/job_river_join_study_v1_20261001/attempt_03/native_views/river_1280_isolated_dry_corner.webp
 create mode 100644 audit/job_river_join_study_v1_20261001/attempt_03/native_views/river_1280_isolated_dry_cross.webp
 create mode 100644 audit/job_river_join_study_v1_20261001/attempt_03/native_views/river_1280_isolated_dry_straight.webp
 create mode 100644 audit/job_river_join_study_v1_20261001/attempt_03/native_views/river_1280_isolated_dry_t.webp
 create mode 100644 audit/job_river_join_study_v1_20261001/attempt_03/native_views/river_1280_partial_json_restored.webp
 create mode 100644 audit/job_river_join_study_v1_20261001/attempt_03/native_views/river_1280_quiet_single_completion.webp
 create mode 100644 audit/job_river_join_study_v1_20261001/attempt_03/native_views/river_1600_connected_complete.webp
 create mode 100644 audit/job_river_join_study_v1_20261001/attempt_03/native_views/river_1600_connected_corner.webp
 create mode 100644 audit/job_river_join_study_v1_20261001/attempt_03/native_views/river_1600_connected_cross.webp
 create mode 100644 audit/job_river_join_study_v1_20261001/attempt_03/native_views/river_1600_connected_straight.webp
 create mode 100644 audit/job_river_join_study_v1_20261001/attempt_03/native_views/river_1600_connected_t_branch.webp
 create mode 100644 audit/job_river_join_study_v1_20261001/attempt_03/native_views/river_1600_dry_initial.webp
 create mode 100644 audit/job_river_join_study_v1_20261001/attempt_03/native_views/river_1600_formerly_isolated_now_wet.webp
 create mode 100644 audit/job_river_join_study_v1_20261001/attempt_03/native_views/river_1600_isolated_dry.webp
 create mode 100644 audit/job_river_join_study_v1_20261001/attempt_03/native_views/river_1600_isolated_dry_corner.webp
 create mode 100644 audit/job_river_join_study_v1_20261001/attempt_03/native_views/river_1600_isolated_dry_cross.webp
 create mode 100644 audit/job_river_join_study_v1_20261001/attempt_03/native_views/river_1600_isolated_dry_straight.webp
 create mode 100644 audit/job_river_join_study_v1_20261001/attempt_03/native_views/river_1600_isolated_dry_t.webp
 create mode 100644 audit/job_river_join_study_v1_20261001/attempt_03/native_views/river_1600_partial_json_restored.webp
 create mode 100644 audit/job_river_join_study_v1_20261001/attempt_03/native_views/river_1600_quiet_single_completion.webp
 create mode 100644 audit/job_river_join_study_v1_20261001/attempt_04/DIRECT_REVIEW.json
 create mode 100644 audit/job_river_join_study_v1_20261001/attempt_04/MANIFEST_1280.json
 create mode 100644 audit/job_river_join_study_v1_20261001/attempt_04/MANIFEST_1600.json
 create mode 100644 audit/job_river_join_study_v1_20261001/attempt_04/native_views/river_1280_connected_complete.webp
 create mode 100644 audit/job_river_join_study_v1_20261001/attempt_04/native_views/river_1280_connected_corner.webp
 create mode 100644 audit/job_river_join_study_v1_20261001/attempt_04/native_views/river_1280_connected_cross.webp
 create mode 100644 audit/job_river_join_study_v1_20261001/attempt_04/native_views/river_1280_connected_straight.webp
 create mode 100644 audit/job_river_join_study_v1_20261001/attempt_04/native_views/river_1280_connected_t_branch.webp
 create mode 100644 audit/job_river_join_study_v1_20261001/attempt_04/native_views/river_1280_dry_initial.webp
 create mode 100644 audit/job_river_join_study_v1_20261001/attempt_04/native_views/river_1280_formerly_isolated_now_wet.webp
 create mode 100644 audit/job_river_join_study_v1_20261001/attempt_04/native_views/river_1280_isolated_dry.webp
 create mode 100644 audit/job_river_join_study_v1_20261001/attempt_04/native_views/river_1280_isolated_dry_corner.webp
 create mode 100644 audit/job_river_join_study_v1_20261001/attempt_04/native_views/river_1280_isolated_dry_cross.webp
 create mode 100644 audit/job_river_join_study_v1_20261001/attempt_04/native_views/river_1280_isolated_dry_straight.webp
 create mode 100644 audit/job_river_join_study_v1_20261001/attempt_04/native_views/river_1280_isolated_dry_t.webp
 create mode 100644 audit/job_river_join_study_v1_20261001/attempt_04/native_views/river_1280_partial_json_restored.webp
 create mode 100644 audit/job_river_join_study_v1_20261001/attempt_04/native_views/river_1280_quiet_single_completion.webp
 create mode 100644 audit/job_river_join_study_v1_20261001/attempt_04/native_views/river_1600_connected_complete.webp
 create mode 100644 audit/job_river_join_study_v1_20261001/attempt_04/native_views/river_1600_connected_corner.webp
 create mode 100644 audit/job_river_join_study_v1_20261001/attempt_04/native_views/river_1600_connected_cross.webp
 create mode 100644 audit/job_river_join_study_v1_20261001/attempt_04/native_views/river_1600_connected_straight.webp
 create mode 100644 audit/job_river_join_study_v1_20261001/attempt_04/native_views/river_1600_connected_t_branch.webp
 create mode 100644 audit/job_river_join_study_v1_20261001/attempt_04/native_views/river_1600_dry_initial.webp
 create mode 100644 audit/job_river_join_study_v1_20261001/attempt_04/native_views/river_1600_formerly_isolated_now_wet.webp
 create mode 100644 audit/job_river_join_study_v1_20261001/attempt_04/native_views/river_1600_isolated_dry.webp
 create mode 100644 audit/job_river_join_study_v1_20261001/attempt_04/native_views/river_1600_isolated_dry_corner.webp
 create mode 100644 audit/job_river_join_study_v1_20261001/attempt_04/native_views/river_1600_isolated_dry_cross.webp
 create mode 100644 audit/job_river_join_study_v1_20261001/attempt_04/native_views/river_1600_isolated_dry_straight.webp
 create mode 100644 audit/job_river_join_study_v1_20261001/attempt_04/native_views/river_1600_isolated_dry_t.webp
 create mode 100644 audit/job_river_join_study_v1_20261001/attempt_04/native_views/river_1600_partial_json_restored.webp
 create mode 100644 audit/job_river_join_study_v1_20261001/attempt_04/native_views/river_1600_quiet_single_completion.webp
 create mode 100644 audit/job_river_join_study_v1_20261001/attempt_05/DIRECT_REVIEW.json
 create mode 100644 audit/job_river_join_study_v1_20261001/attempt_05/MANIFEST_1280.json
 create mode 100644 audit/job_river_join_study_v1_20261001/attempt_05/MANIFEST_1600.json
 create mode 100644 audit/job_river_join_study_v1_20261001/attempt_05/native_views/river_1280_connected_complete.webp
 create mode 100644 audit/job_river_join_study_v1_20261001/attempt_05/native_views/river_1280_connected_corner.webp
 create mode 100644 audit/job_river_join_study_v1_20261001/attempt_05/native_views/river_1280_connected_cross.webp
 create mode 100644 audit/job_river_join_study_v1_20261001/attempt_05/native_views/river_1280_connected_straight.webp
 create mode 100644 audit/job_river_join_study_v1_20261001/attempt_05/native_views/river_1280_connected_t_branch.webp
 create mode 100644 audit/job_river_join_study_v1_20261001/attempt_05/native_views/river_1280_dry_initial.webp
 create mode 100644 audit/job_river_join_study_v1_20261001/attempt_05/native_views/river_1280_formerly_isolated_now_wet.webp
 create mode 100644 audit/job_river_join_study_v1_20261001/attempt_05/native_views/river_1280_isolated_dry.webp
 create mode 100644 audit/job_river_join_study_v1_20261001/attempt_05/native_views/river_1280_isolated_dry_corner.webp
 create mode 100644 audit/job_river_join_study_v1_20261001/attempt_05/native_views/river_1280_isolated_dry_cross.webp
 create mode 100644 audit/job_river_join_study_v1_20261001/attempt_05/native_views/river_1280_isolated_dry_straight.webp
 create mode 100644 audit/job_river_join_study_v1_20261001/attempt_05/native_views/river_1280_isolated_dry_t.webp
 create mode 100644 audit/job_river_join_study_v1_20261001/attempt_05/native_views/river_1280_partial_json_restored.webp
 create mode 100644 audit/job_river_join_study_v1_20261001/attempt_05/native_views/river_1280_quiet_single_completion.webp
 create mode 100644 audit/job_river_join_study_v1_20261001/attempt_05/native_views/river_1600_connected_complete.webp
 create mode 100644 audit/job_river_join_study_v1_20261001/attempt_05/native_views/river_1600_connected_corner.webp
 create mode 100644 audit/job_river_join_study_v1_20261001/attempt_05/native_views/river_1600_connected_cross.webp
 create mode 100644 audit/job_river_join_study_v1_20261001/attempt_05/native_views/river_1600_connected_straight.webp
 create mode 100644 audit/job_river_join_study_v1_20261001/attempt_05/native_views/river_1600_connected_t_branch.webp
 create mode 100644 audit/job_river_join_study_v1_20261001/attempt_05/native_views/river_1600_dry_initial.webp
 create mode 100644 audit/job_river_join_study_v1_20261001/attempt_05/native_views/river_1600_formerly_isolated_now_wet.webp
 create mode 100644 audit/job_river_join_study_v1_20261001/attempt_05/native_views/river_1600_isolated_dry.webp
 create mode 100644 audit/job_river_join_study_v1_20261001/attempt_05/native_views/river_1600_isolated_dry_corner.webp
 create mode 100644 audit/job_river_join_study_v1_20261001/attempt_05/native_views/river_1600_isolated_dry_cross.webp
 create mode 100644 audit/job_river_join_study_v1_20261001/attempt_05/native_views/river_1600_isolated_dry_straight.webp
 create mode 100644 audit/job_river_join_study_v1_20261001/attempt_05/native_views/river_1600_isolated_dry_t.webp
 create mode 100644 audit/job_river_join_study_v1_20261001/attempt_05/native_views/river_1600_partial_json_restored.webp
 create mode 100644 audit/job_river_join_study_v1_20261001/attempt_05/native_views/river_1600_quiet_single_completion.webp
 create mode 100644 audit/job_river_join_study_v1_20261001/attempt_06/DIRECT_REVIEW.json
 create mode 100644 audit/job_river_join_study_v1_20261001/attempt_06/MANIFEST_1280.json
 create mode 100644 audit/job_river_join_study_v1_20261001/attempt_06/MANIFEST_1600.json
 create mode 100644 audit/job_river_join_study_v1_20261001/attempt_06/native_views/river_1280_connected_complete.webp
 create mode 100644 audit/job_river_join_study_v1_20261001/attempt_06/native_views/river_1280_connected_corner.webp
 create mode 100644 audit/job_river_join_study_v1_20261001/attempt_06/native_views/river_1280_connected_cross.webp
 create mode 100644 audit/job_river_join_study_v1_20261001/attempt_06/native_views/river_1280_connected_straight.webp
 create mode 100644 audit/job_river_join_study_v1_20261001/attempt_06/native_views/river_1280_connected_t_branch.webp
 create mode 100644 audit/job_river_join_study_v1_20261001/attempt_06/native_views/river_1280_dry_initial.webp
 create mode 100644 audit/job_river_join_study_v1_20261001/attempt_06/native_views/river_1280_formerly_isolated_now_wet.webp
 create mode 100644 audit/job_river_join_study_v1_20261001/attempt_06/native_views/river_1280_isolated_dry.webp
 create mode 100644 audit/job_river_join_study_v1_20261001/attempt_06/native_views/river_1280_isolated_dry_corner.webp
 create mode 100644 audit/job_river_join_study_v1_20261001/attempt_06/native_views/river_1280_isolated_dry_cross.webp
 create mode 100644 audit/job_river_join_study_v1_20261001/attempt_06/native_views/river_1280_isolated_dry_straight.webp
 create mode 100644 audit/job_river_join_study_v1_20261001/attempt_06/native_views/river_1280_isolated_dry_t.webp
 create mode 100644 audit/job_river_join_study_v1_20261001/attempt_06/native_views/river_1280_partial_json_restored.webp
 create mode 100644 audit/job_river_join_study_v1_20261001/attempt_06/native_views/river_1280_quiet_single_completion.webp
 create mode 100644 audit/job_river_join_study_v1_20261001/attempt_06/native_views/river_1600_connected_complete.webp
 create mode 100644 audit/job_river_join_study_v1_20261001/attempt_06/native_views/river_1600_connected_corner.webp
 create mode 100644 audit/job_river_join_study_v1_20261001/attempt_06/native_views/river_1600_connected_cross.webp
 create mode 100644 audit/job_river_join_study_v1_20261001/attempt_06/native_views/river_1600_connected_straight.webp
 create mode 100644 audit/job_river_join_study_v1_20261001/attempt_06/native_views/river_1600_connected_t_branch.webp
 create mode 100644 audit/job_river_join_study_v1_20261001/attempt_06/native_views/river_1600_dry_initial.webp
 create mode 100644 audit/job_river_join_study_v1_20261001/attempt_06/native_views/river_1600_formerly_isolated_now_wet.webp
 create mode 100644 audit/job_river_join_study_v1_20261001/attempt_06/native_views/river_1600_isolated_dry.webp
 create mode 100644 audit/job_river_join_study_v1_20261001/attempt_06/native_views/river_1600_isolated_dry_corner.webp
 create mode 100644 audit/job_river_join_study_v1_20261001/attempt_06/native_views/river_1600_isolated_dry_cross.webp
 create mode 100644 audit/job_river_join_study_v1_20261001/attempt_06/native_views/river_1600_isolated_dry_straight.webp
 create mode 100644 audit/job_river_join_study_v1_20261001/attempt_06/native_views/river_1600_isolated_dry_t.webp
 create mode 100644 audit/job_river_join_study_v1_20261001/attempt_06/native_views/river_1600_partial_json_restored.webp
 create mode 100644 audit/job_river_join_study_v1_20261001/attempt_06/native_views/river_1600_quiet_single_completion.webp
 create mode 100644 audit/job_river_join_study_v1_20261001/attempt_07/DIRECT_REVIEW.json
 create mode 100644 audit/job_river_join_study_v1_20261001/attempt_07/MANIFEST_1280.json
 create mode 100644 audit/job_river_join_study_v1_20261001/attempt_07/MANIFEST_1600.json
 create mode 100644 audit/job_river_join_study_v1_20261001/attempt_07/native_views/river_1280_connected_complete.webp
 create mode 100644 audit/job_river_join_study_v1_20261001/attempt_07/native_views/river_1280_connected_corner.webp
 create mode 100644 audit/job_river_join_study_v1_20261001/attempt_07/native_views/river_1280_connected_cross.webp
 create mode 100644 audit/job_river_join_study_v1_20261001/attempt_07/native_views/river_1280_connected_straight.webp
 create mode 100644 audit/job_river_join_study_v1_20261001/attempt_07/native_views/river_1280_connected_t_branch.webp
 create mode 100644 audit/job_river_join_study_v1_20261001/attempt_07/native_views/river_1280_dry_initial.webp
 create mode 100644 audit/job_river_join_study_v1_20261001/attempt_07/native_views/river_1280_formerly_isolated_now_wet.webp
 create mode 100644 audit/job_river_join_study_v1_20261001/attempt_07/native_views/river_1280_isolated_dry.webp
 create mode 100644 audit/job_river_join_study_v1_20261001/attempt_07/native_views/river_1280_isolated_dry_corner.webp
 create mode 100644 audit/job_river_join_study_v1_20261001/attempt_07/native_views/river_1280_isolated_dry_cross.webp
 create mode 100644 audit/job_river_join_study_v1_20261001/attempt_07/native_views/river_1280_isolated_dry_straight.webp
 create mode 100644 audit/job_river_join_study_v1_20261001/attempt_07/native_views/river_1280_isolated_dry_t.webp
 create mode 100644 audit/job_river_join_study_v1_20261001/attempt_07/native_views/river_1280_partial_json_restored.webp
 create mode 100644 audit/job_river_join_study_v1_20261001/attempt_07/native_views/river_1280_quiet_single_completion.webp
 create mode 100644 audit/job_river_join_study_v1_20261001/attempt_07/native_views/river_1600_connected_complete.webp
 create mode 100644 audit/job_river_join_study_v1_20261001/attempt_07/native_views/river_1600_connected_corner.webp
 create mode 100644 audit/job_river_join_study_v1_20261001/attempt_07/native_views/river_1600_connected_cross.webp
 create mode 100644 audit/job_river_join_study_v1_20261001/attempt_07/native_views/river_1600_connected_straight.webp
 create mode 100644 audit/job_river_join_study_v1_20261001/attempt_07/native_views/river_1600_connected_t_branch.webp
 create mode 100644 audit/job_river_join_study_v1_20261001/attempt_07/native_views/river_1600_dry_initial.webp
 create mode 100644 audit/job_river_join_study_v1_20261001/attempt_07/native_views/river_1600_formerly_isolated_now_wet.webp
 create mode 100644 audit/job_river_join_study_v1_20261001/attempt_07/native_views/river_1600_isolated_dry.webp
 create mode 100644 audit/job_river_join_study_v1_20261001/attempt_07/native_views/river_1600_isolated_dry_corner.webp
 create mode 100644 audit/job_river_join_study_v1_20261001/attempt_07/native_views/river_1600_isolated_dry_cross.webp
 create mode 100644 audit/job_river_join_study_v1_20261001/attempt_07/native_views/river_1600_isolated_dry_straight.webp
 create mode 100644 audit/job_river_join_study_v1_20261001/attempt_07/native_views/river_1600_isolated_dry_t.webp
 create mode 100644 audit/job_river_join_study_v1_20261001/attempt_07/native_views/river_1600_partial_json_restored.webp
 create mode 100644 audit/job_river_join_study_v1_20261001/attempt_07/native_views/river_1600_quiet_single_completion.webp
 create mode 100644 audit/job_river_join_study_v1_20261001/capture_join_study.gd
 create mode 100644 audit/job_river_join_study_v1_20261001/capture_join_study_v2.gd
 create mode 100644 audit/job_river_join_study_v1_20261001/capture_join_study_v3.gd
 create mode 100644 audit/job_river_join_study_v1_20261001/capture_join_study_v4.gd
 create mode 100644 audit/job_river_join_study_v1_20261001/capture_join_study_v5.gd
 create mode 100644 audit/job_river_join_study_v1_20261001/capture_join_study_v6.gd
 create mode 100644 audit/job_river_join_study_v1_20261001/capture_join_study_v7.gd
 create mode 100644 audit/job_river_join_study_v1_20261001/check_river_library_v202.py
 create mode 100644 audit/job_river_join_study_v1_20261001/index.html
 create mode 100644 audit/job_river_join_study_v1_20261001/index_v3.html
 create mode 100644 audit/job_river_join_study_v1_20261001/index_v4.html
 create mode 100644 audit/job_river_join_study_v1_20261001/index_v5.html
 create mode 100644 audit/job_river_join_study_v1_20261001/index_v6.html
 create mode 100644 audit/job_river_join_study_v1_20261001/index_v7.html
 create mode 100644 audit/job_river_join_study_v1_20261001/join_surface.gd
 create mode 100644 audit/job_river_join_study_v1_20261001/join_surface_v3.gd
 create mode 100644 audit/job_river_join_study_v1_20261001/join_surface_v4.gd
 create mode 100644 audit/job_river_join_study_v1_20261001/join_surface_v5.gd
 create mode 100644 audit/job_river_join_study_v1_20261001/join_surface_v6.gd
 create mode 100644 audit/job_river_join_study_v1_20261001/join_surface_v7.gd
 create mode 100644 audit/job_river_join_study_v1_20261001/painted_work_remote_verified_i/COMMIT_MESSAGE.txt
 create mode 100644 audit/job_river_join_study_v1_20261001/painted_work_remote_verified_i/PUBLISH_RECEIPT.json
 create mode 100644 audit/job_river_join_study_v1_20261001/painted_work_remote_verified_i/RESULT.json
 create mode 100644 audit/job_river_join_study_v1_20261001/painted_work_remote_verified_i/SEAL_RECEIPT.json
 create mode 100644 audit/job_river_join_study_v1_20261001/painted_work_remote_verified_i/VERIFICATION_JOURNAL.jsonl
 create mode 100644 audit/job_river_join_study_v1_20261001/prepare_calibrated_river_tiles_v199.py
 create mode 100644 audit/job_river_join_study_v1_20261001/prepare_river_join_retry_v195.py
 create mode 100644 audit/job_river_join_study_v1_20261001/prepare_river_join_study_v193.py
 create mode 100644 audit/job_river_join_study_v1_20261001/record_river_bed_v5_and_register_v205.py
 create mode 100644 audit/job_river_join_study_v1_20261001/record_river_v4_and_register_v201.py
 create mode 100644 audit/job_river_join_study_v1_20261001/record_river_v7_prepare_fringe_v211.py
 create mode 100644 audit/job_river_join_study_v1_20261001/record_river_water_v6_and_prepare_dry_v209.py
 create mode 100644 audit/job_river_join_study_v1_20261001/refresh_river_source_library_v213.py
 create mode 100644 audit/job_river_join_study_v1_20261001/review_river_joins_and_prepare_junctions_v196.py
 create mode 100644 audit/job_river_join_study_v1_20261001/review_river_tiles_and_prepare_v200.py
 create mode 100644 audit/job_river_join_study_v1_20261001/run_river_join_capture_v194.py
 create mode 100644 audit/job_river_join_study_v1_20261001/run_river_join_capture_v195.py
 create mode 100644 audit/job_river_join_study_v1_20261001/run_river_join_capture_v199.py
 create mode 100644 audit/job_river_join_study_v1_20261001/run_river_join_capture_v200.py
 create mode 100644 audit/job_river_join_study_v1_20261001/run_river_join_capture_v204.py
 create mode 100644 audit/job_river_join_study_v1_20261001/run_river_join_capture_v208.py
 create mode 100644 audit/job_river_join_study_v1_20261001/run_river_join_capture_v210.py
 create mode 100644 audit/job_river_join_study_v1_20261001/runtime_gate/analyzer_v4.receipt.json
 create mode 100644 audit/job_river_join_study_v1_20261001/runtime_gate/analyzer_v4.stderr.log
 create mode 100644 audit/job_river_join_study_v1_20261001/runtime_gate/analyzer_v4.stdout.log
 create mode 100644 audit/job_river_join_study_v1_20261001/runtime_gate/authority_v1.receipt.json
 create mode 100644 audit/job_river_join_study_v1_20261001/runtime_gate/authority_v1.stderr.log
 create mode 100644 audit/job_river_join_study_v1_20261001/runtime_gate/authority_v1.stdout.log
 create mode 100644 audit/job_river_join_study_v1_20261001/runtime_gate/capture1280.receipt.json
 create mode 100644 audit/job_river_join_study_v1_20261001/runtime_gate/capture1280.stderr.log
 create mode 100644 audit/job_river_join_study_v1_20261001/runtime_gate/capture1280.stdout.log
 create mode 100644 audit/job_river_join_study_v1_20261001/runtime_gate/capture1280v2.receipt.json
 create mode 100644 audit/job_river_join_study_v1_20261001/runtime_gate/capture1280v2.stderr.log
 create mode 100644 audit/job_river_join_study_v1_20261001/runtime_gate/capture1280v2.stdout.log
 create mode 100644 audit/job_river_join_study_v1_20261001/runtime_gate/capture1280v3.receipt.json
 create mode 100644 audit/job_river_join_study_v1_20261001/runtime_gate/capture1280v3.stderr.log
 create mode 100644 audit/job_river_join_study_v1_20261001/runtime_gate/capture1280v3.stdout.log
 create mode 100644 audit/job_river_join_study_v1_20261001/runtime_gate/capture1280v4.receipt.json
 create mode 100644 audit/job_river_join_study_v1_20261001/runtime_gate/capture1280v4.stderr.log
 create mode 100644 audit/job_river_join_study_v1_20261001/runtime_gate/capture1280v4.stdout.log
 create mode 100644 audit/job_river_join_study_v1_20261001/runtime_gate/capture1280v5.receipt.json
 create mode 100644 audit/job_river_join_study_v1_20261001/runtime_gate/capture1280v5.stderr.log
 create mode 100644 audit/job_river_join_study_v1_20261001/runtime_gate/capture1280v5.stdout.log
 create mode 100644 audit/job_river_join_study_v1_20261001/runtime_gate/capture1280v6.receipt.json
 create mode 100644 audit/job_river_join_study_v1_20261001/runtime_gate/capture1280v6.stderr.log
 create mode 100644 audit/job_river_join_study_v1_20261001/runtime_gate/capture1280v6.stdout.log
 create mode 100644 audit/job_river_join_study_v1_20261001/runtime_gate/capture1280v7.receipt.json
 create mode 100644 audit/job_river_join_study_v1_20261001/runtime_gate/capture1280v7.stderr.log
 create mode 100644 audit/job_river_join_study_v1_20261001/runtime_gate/capture1280v7.stdout.log
 create mode 100644 audit/job_river_join_study_v1_20261001/runtime_gate/capture1600.receipt.json
 create mode 100644 audit/job_river_join_study_v1_20261001/runtime_gate/capture1600.stderr.log
 create mode 100644 audit/job_river_join_study_v1_20261001/runtime_gate/capture1600.stdout.log
 create mode 100644 audit/job_river_join_study_v1_20261001/runtime_gate/capture1600v2.receipt.json
 create mode 100644 audit/job_river_join_study_v1_20261001/runtime_gate/capture1600v2.stderr.log
 create mode 100644 audit/job_river_join_study_v1_20261001/runtime_gate/capture1600v2.stdout.log
 create mode 100644 audit/job_river_join_study_v1_20261001/runtime_gate/capture1600v3.receipt.json
 create mode 100644 audit/job_river_join_study_v1_20261001/runtime_gate/capture1600v3.stderr.log
 create mode 100644 audit/job_river_join_study_v1_20261001/runtime_gate/capture1600v3.stdout.log
 create mode 100644 audit/job_river_join_study_v1_20261001/runtime_gate/capture1600v4.receipt.json
 create mode 100644 audit/job_river_join_study_v1_20261001/runtime_gate/capture1600v4.stderr.log
 create mode 100644 audit/job_river_join_study_v1_20261001/runtime_gate/capture1600v4.stdout.log
 create mode 100644 audit/job_river_join_study_v1_20261001/runtime_gate/capture1600v5.receipt.json
 create mode 100644 audit/job_river_join_study_v1_20261001/runtime_gate/capture1600v5.stderr.log
 create mode 100644 audit/job_river_join_study_v1_20261001/runtime_gate/capture1600v5.stdout.log
 create mode 100644 audit/job_river_join_study_v1_20261001/runtime_gate/capture1600v6.receipt.json
 create mode 100644 audit/job_river_join_study_v1_20261001/runtime_gate/capture1600v6.stderr.log
 create mode 100644 audit/job_river_join_study_v1_20261001/runtime_gate/capture1600v6.stdout.log
 create mode 100644 audit/job_river_join_study_v1_20261001/runtime_gate/capture1600v7.receipt.json
 create mode 100644 audit/job_river_join_study_v1_20261001/runtime_gate/capture1600v7.stderr.log
 create mode 100644 audit/job_river_join_study_v1_20261001/runtime_gate/capture1600v7.stdout.log
 create mode 100644 audit/job_river_join_study_v1_20261001/runtime_gate/development_v1.receipt.json
 create mode 100644 audit/job_river_join_study_v1_20261001/runtime_gate/development_v1.stderr.log
 create mode 100644 audit/job_river_join_study_v1_20261001/runtime_gate/development_v1.stdout.log
 create mode 100644 audit/job_river_join_study_v1_20261001/runtime_gate/inference_v1.receipt.json
 create mode 100644 audit/job_river_join_study_v1_20261001/runtime_gate/inference_v1.stderr.log
 create mode 100644 audit/job_river_join_study_v1_20261001/runtime_gate/inference_v1.stdout.log
 create mode 100644 audit/job_river_join_study_v1_20261001/runtime_gate/parser_v1.receipt.json
 create mode 100644 audit/job_river_join_study_v1_20261001/runtime_gate/parser_v1.stderr.log
 create mode 100644 audit/job_river_join_study_v1_20261001/runtime_gate/parser_v1.stdout.log
 create mode 100644 design/audit_impacts/job-geode-coherent-opening-20261002.json
 create mode 100644 design/audit_impacts/job-geology-river-bed-source-20261002.json
 create mode 100644 design/audit_impacts/job-geology-river-join-study-20261001.json
 create mode 100644 design/audit_impacts/job-geology-river-junction-source-20261001.json
 create mode 100644 design/audit_impacts/job-geology-river-painted-runtime-20261002.json
