WorkerThreadPool: 12 threads, 3 max low-priority.
Godot Engine v4.7.2.stable.official.ed1daf0bf - https://godotengine.org
TextServer: Added interface "Dummy"
TextServer: Added interface "ICU / HarfBuzz / Graphite (Built-in)"
Using "default" pen tablet driver...

TextServer: Primary interface set to: "ICU / HarfBuzz / Graphite (Built-in)".
Loading resource: res://default_bus_layout.tres remapped: res://default_bus_layout.tres
Completed load for: 'res://default_bus_layout.tres' remapped 'res://default_bus_layout.tres' at thread -1
CORE API HASH: 2004498165
EDITOR API HASH: 1696660745
Loading resource: res://scripts/probe_chapter2_farmer_resume.gd remapped: res://scripts/probe_chapter2_farmer_resume.gd
Loading resource: res://scenes/main.tscn remapped: res://scenes/main.tscn
Loading resource: res://scripts/main.gd remapped: res://scripts/main.gd
Loading resource: res://shaders/castle_fixture_bloom.gdshader remapped: res://shaders/castle_fixture_bloom.gdshader
Completed load for: 'res://shaders/castle_fixture_bloom.gdshader' remapped 'res://shaders/castle_fixture_bloom.gdshader' at thread -1
Loading resource: res://assets/characters/roshan_25d/roshan_directional.png remapped: res://assets/characters/roshan_25d/roshan_directional.png
Loading resource: res://.godot/imported/roshan_directional.png-d625ae71ef68ca7b79f00f48e0d76cbb.s3tc.ctex remapped: res://.godot/imported/roshan_directional.png-d625ae71ef68ca7b79f00f48e0d76cbb.s3tc.ctex
Completed load for: 'res://assets/characters/roshan_25d/roshan_directional.png' remapped 'res://assets/characters/roshan_25d/roshan_directional.png' at thread -1
Loading resource: res://assets/characters/roshan_25d/roshan_swim_front.png remapped: res://assets/characters/roshan_25d/roshan_swim_front.png
Loading resource: res://.godot/imported/roshan_swim_front.png-42175e9e171cd7007cff3a9ae801e389.s3tc.ctex remapped: res://.godot/imported/roshan_swim_front.png-42175e9e171cd7007cff3a9ae801e389.s3tc.ctex
Completed load for: 'res://assets/characters/roshan_25d/roshan_swim_front.png' remapped 'res://assets/characters/roshan_25d/roshan_swim_front.png' at thread -1
Loading resource: res://assets/characters/roshan_25d/roshan_swim_back.png remapped: res://assets/characters/roshan_25d/roshan_swim_back.png
Loading resource: res://.godot/imported/roshan_swim_back.png-e93afa07bbddede1e856e92c5cdc462a.s3tc.ctex remapped: res://.godot/imported/roshan_swim_back.png-e93afa07bbddede1e856e92c5cdc462a.s3tc.ctex
Completed load for: 'res://assets/characters/roshan_25d/roshan_swim_back.png' remapped 'res://assets/characters/roshan_25d/roshan_swim_back.png' at thread -1
Loading resource: res://assets/flats/castle/rooms/room_actor_shadow.png remapped: res://assets/flats/castle/rooms/room_actor_shadow.png
Loading resource: res://.godot/imported/room_actor_shadow.png-f1d04727dc138f663653a3117bb0a06a.s3tc.ctex remapped: res://.godot/imported/room_actor_shadow.png-f1d04727dc138f663653a3117bb0a06a.s3tc.ctex
Completed load for: 'res://assets/flats/castle/rooms/room_actor_shadow.png' remapped 'res://assets/flats/castle/rooms/room_actor_shadow.png' at thread -1
Loading resource: res://assets/shaders/castle_fixture_water.gdshader remapped: res://assets/shaders/castle_fixture_water.gdshader
Completed load for: 'res://assets/shaders/castle_fixture_water.gdshader' remapped 'res://assets/shaders/castle_fixture_water.gdshader' at thread -1
Loading resource: res://assets/terrain/up_water_nrm.jpg remapped: res://assets/terrain/up_water_nrm.jpg
Loading resource: res://.godot/imported/up_water_nrm.jpg-17f81a1afbb895061d198f7cd6fac5ca.ctex remapped: res://.godot/imported/up_water_nrm.jpg-17f81a1afbb895061d198f7cd6fac5ca.ctex
Completed load for: 'res://assets/terrain/up_water_nrm.jpg' remapped 'res://assets/terrain/up_water_nrm.jpg' at thread -1
Loading resource: res://assets/terrain/caustics.png remapped: res://assets/terrain/caustics.png
Loading resource: res://.godot/imported/caustics.png-3a5cbbf4f913abf47849e57640465f02.s3tc.ctex remapped: res://.godot/imported/caustics.png-3a5cbbf4f913abf47849e57640465f02.s3tc.ctex
Completed load for: 'res://assets/terrain/caustics.png' remapped 'res://assets/terrain/caustics.png' at thread -1
Loading resource: res://assets/sprites/fx_water/fx_water_bubble_burst_atlas.png remapped: res://assets/sprites/fx_water/fx_water_bubble_burst_atlas.png
Loading resource: res://.godot/imported/fx_water_bubble_burst_atlas.png-6756054a8ce0da3a133c2d2926db3fe9.s3tc.ctex remapped: res://.godot/imported/fx_water_bubble_burst_atlas.png-6756054a8ce0da3a133c2d2926db3fe9.s3tc.ctex
Completed load for: 'res://assets/sprites/fx_water/fx_water_bubble_burst_atlas.png' remapped 'res://assets/sprites/fx_water/fx_water_bubble_burst_atlas.png' at thread -1
Loading resource: res://assets/sprites/fx_water/fx_water_splash_medium_atlas.png remapped: res://assets/sprites/fx_water/fx_water_splash_medium_atlas.png
Loading resource: res://.godot/imported/fx_water_splash_medium_atlas.png-e51a9350ed55a41c49ea3d00f22151f4.s3tc.ctex remapped: res://.godot/imported/fx_water_splash_medium_atlas.png-e51a9350ed55a41c49ea3d00f22151f4.s3tc.ctex
Completed load for: 'res://assets/sprites/fx_water/fx_water_splash_medium_atlas.png' remapped 'res://assets/sprites/fx_water/fx_water_splash_medium_atlas.png' at thread -1
Loading resource: res://assets/flats/castle/logo_studio_v2/castle_banner_pink.png remapped: res://assets/flats/castle/logo_studio_v2/castle_banner_pink.png
Loading resource: res://.godot/imported/castle_banner_pink.png-1f07d5f169916030a25ffc843a00a097.ctex remapped: res://.godot/imported/castle_banner_pink.png-1f07d5f169916030a25ffc843a00a097.ctex
Completed load for: 'res://assets/flats/castle/logo_studio_v2/castle_banner_pink.png' remapped 'res://assets/flats/castle/logo_studio_v2/castle_banner_pink.png' at thread -1
Loading resource: res://assets/flats/castle/logo_studio_v2/castle_banner_gold.png remapped: res://assets/flats/castle/logo_studio_v2/castle_banner_gold.png
Loading resource: res://.godot/imported/castle_banner_gold.png-5442446e7bc3ba706d422fcbb4922333.ctex remapped: res://.godot/imported/castle_banner_gold.png-5442446e7bc3ba706d422fcbb4922333.ctex
Completed load for: 'res://assets/flats/castle/logo_studio_v2/castle_banner_gold.png' remapped 'res://assets/flats/castle/logo_studio_v2/castle_banner_gold.png' at thread -1
Loading resource: res://assets/flats/castle/logo_studio_v2/castle_banner_mint.png remapped: res://assets/flats/castle/logo_studio_v2/castle_banner_mint.png
Loading resource: res://.godot/imported/castle_banner_mint.png-1bd0912452535d09563f5821ab572aa1.ctex remapped: res://.godot/imported/castle_banner_mint.png-1bd0912452535d09563f5821ab572aa1.ctex
Completed load for: 'res://assets/flats/castle/logo_studio_v2/castle_banner_mint.png' remapped 'res://assets/flats/castle/logo_studio_v2/castle_banner_mint.png' at thread -1
Loading resource: res://assets/flats/castle/logo_studio_v2/castle_banner_ocean.png remapped: res://assets/flats/castle/logo_studio_v2/castle_banner_ocean.png
Loading resource: res://.godot/imported/castle_banner_ocean.png-b4870497f6aa7ef8fd0fa9b03a7817e1.ctex remapped: res://.godot/imported/castle_banner_ocean.png-b4870497f6aa7ef8fd0fa9b03a7817e1.ctex
Completed load for: 'res://assets/flats/castle/logo_studio_v2/castle_banner_ocean.png' remapped 'res://assets/flats/castle/logo_studio_v2/castle_banner_ocean.png' at thread -1
Loading resource: res://assets/flats/castle/logo_studio_v2/castle_banner_purple.png remapped: res://assets/flats/castle/logo_studio_v2/castle_banner_purple.png
Loading resource: res://.godot/imported/castle_banner_purple.png-a711c2ef7be4134e857e2b0804f886f4.ctex remapped: res://.godot/imported/castle_banner_purple.png-a711c2ef7be4134e857e2b0804f886f4.ctex
Completed load for: 'res://assets/flats/castle/logo_studio_v2/castle_banner_purple.png' remapped 'res://assets/flats/castle/logo_studio_v2/castle_banner_purple.png' at thread -1
Loading resource: res://assets/flats/castle/logo_studio_v2/castle_banner_rainbow.png remapped: res://assets/flats/castle/logo_studio_v2/castle_banner_rainbow.png
Loading resource: res://.godot/imported/castle_banner_rainbow.png-51987bbcab3d63a5e6b8856c39d3e1f5.ctex remapped: res://.godot/imported/castle_banner_rainbow.png-51987bbcab3d63a5e6b8856c39d3e1f5.ctex
Completed load for: 'res://assets/flats/castle/logo_studio_v2/castle_banner_rainbow.png' remapped 'res://assets/flats/castle/logo_studio_v2/castle_banner_rainbow.png' at thread -1
Loading resource: res://assets/flats/castle/logo_studio_v2/castle_banner_motif_rainbow.png remapped: res://assets/flats/castle/logo_studio_v2/castle_banner_motif_rainbow.png
Loading resource: res://.godot/imported/castle_banner_motif_rainbow.png-7d37c39c57d9145c1662a600706a0215.ctex remapped: res://.godot/imported/castle_banner_motif_rainbow.png-7d37c39c57d9145c1662a600706a0215.ctex
Completed load for: 'res://assets/flats/castle/logo_studio_v2/castle_banner_motif_rainbow.png' remapped 'res://assets/flats/castle/logo_studio_v2/castle_banner_motif_rainbow.png' at thread -1
Loading resource: res://assets/flats/castle/logo_studio_v2/castle_banner_motif_shell.png remapped: res://assets/flats/castle/logo_studio_v2/castle_banner_motif_shell.png
Loading resource: res://.godot/imported/castle_banner_motif_shell.png-2ded8f0554ad78cbf31ed04692a2e95a.ctex remapped: res://.godot/imported/castle_banner_motif_shell.png-2ded8f0554ad78cbf31ed04692a2e95a.ctex
Completed load for: 'res://assets/flats/castle/logo_studio_v2/castle_banner_motif_shell.png' remapped 'res://assets/flats/castle/logo_studio_v2/castle_banner_motif_shell.png' at thread -1
Loading resource: res://assets/flats/castle/logo_studio_v2/castle_banner_motif_kitty.png remapped: res://assets/flats/castle/logo_studio_v2/castle_banner_motif_kitty.png
Loading resource: res://.godot/imported/castle_banner_motif_kitty.png-476ecb445ef20b8f0ee562bf74ffc1f3.ctex remapped: res://.godot/imported/castle_banner_motif_kitty.png-476ecb445ef20b8f0ee562bf74ffc1f3.ctex
Completed load for: 'res://assets/flats/castle/logo_studio_v2/castle_banner_motif_kitty.png' remapped 'res://assets/flats/castle/logo_studio_v2/castle_banner_motif_kitty.png' at thread -1
Loading resource: res://assets/flats/castle/logo_studio_v2/castle_banner_motif_dog.png remapped: res://assets/flats/castle/logo_studio_v2/castle_banner_motif_dog.png
Loading resource: res://.godot/imported/castle_banner_motif_dog.png-f60e00a475feefbed7e6b7b03314b4e3.ctex remapped: res://.godot/imported/castle_banner_motif_dog.png-f60e00a475feefbed7e6b7b03314b4e3.ctex
Completed load for: 'res://assets/flats/castle/logo_studio_v2/castle_banner_motif_dog.png' remapped 'res://assets/flats/castle/logo_studio_v2/castle_banner_motif_dog.png' at thread -1
Loading resource: res://assets/flats/castle/logo_studio_v2/castle_banner_motif_star.png remapped: res://assets/flats/castle/logo_studio_v2/castle_banner_motif_star.png
Loading resource: res://.godot/imported/castle_banner_motif_star.png-c2920063905028bbe428c242038dc858.ctex remapped: res://.godot/imported/castle_banner_motif_star.png-c2920063905028bbe428c242038dc858.ctex
Completed load for: 'res://assets/flats/castle/logo_studio_v2/castle_banner_motif_star.png' remapped 'res://assets/flats/castle/logo_studio_v2/castle_banner_motif_star.png' at thread -1
Loading resource: res://assets/flats/castle/logo_studio_v2/castle_banner_motif_heart.png remapped: res://assets/flats/castle/logo_studio_v2/castle_banner_motif_heart.png
Loading resource: res://.godot/imported/castle_banner_motif_heart.png-1e2c41e7d0fee88319aa5e07bebb840c.ctex remapped: res://.godot/imported/castle_banner_motif_heart.png-1e2c41e7d0fee88319aa5e07bebb840c.ctex
Completed load for: 'res://assets/flats/castle/logo_studio_v2/castle_banner_motif_heart.png' remapped 'res://assets/flats/castle/logo_studio_v2/castle_banner_motif_heart.png' at thread -1
Loading resource: res://assets/flats/castle/logo_studio_v2/castle_banner_motif_crown.png remapped: res://assets/flats/castle/logo_studio_v2/castle_banner_motif_crown.png
Loading resource: res://.godot/imported/castle_banner_motif_crown.png-a6e77f1d9ed0122ac2aa4567a6832a08.ctex remapped: res://.godot/imported/castle_banner_motif_crown.png-a6e77f1d9ed0122ac2aa4567a6832a08.ctex
Completed load for: 'res://assets/flats/castle/logo_studio_v2/castle_banner_motif_crown.png' remapped 'res://assets/flats/castle/logo_studio_v2/castle_banner_motif_crown.png' at thread -1
Loading resource: res://assets/flats/castle/logo_studio_v2/castle_banner_motif_butterfly.png remapped: res://assets/flats/castle/logo_studio_v2/castle_banner_motif_butterfly.png
Loading resource: res://.godot/imported/castle_banner_motif_butterfly.png-862a1cf8dacc6daab2058d435ea0ad5f.ctex remapped: res://.godot/imported/castle_banner_motif_butterfly.png-862a1cf8dacc6daab2058d435ea0ad5f.ctex
Completed load for: 'res://assets/flats/castle/logo_studio_v2/castle_banner_motif_butterfly.png' remapped 'res://assets/flats/castle/logo_studio_v2/castle_banner_motif_butterfly.png' at thread -1
Loading resource: res://assets/castle/training/ghost_hand.png remapped: res://assets/castle/training/ghost_hand.png
Loading resource: res://.godot/imported/ghost_hand.png-1de3e3644c9a46e5892c5a8fa86dad01.ctex remapped: res://.godot/imported/ghost_hand.png-1de3e3644c9a46e5892c5a8fa86dad01.ctex
Completed load for: 'res://assets/castle/training/ghost_hand.png' remapped 'res://assets/castle/training/ghost_hand.png' at thread -1
Loading resource: res://assets/ui/boot_splash_mermaid_roshan.png remapped: res://assets/ui/boot_splash_mermaid_roshan.png
Loading resource: res://.godot/imported/boot_splash_mermaid_roshan.png-b4f76f82b4095448b9258c74830dd0bf.ctex remapped: res://.godot/imported/boot_splash_mermaid_roshan.png-b4f76f82b4095448b9258c74830dd0bf.ctex
Completed load for: 'res://assets/ui/boot_splash_mermaid_roshan.png' remapped 'res://assets/ui/boot_splash_mermaid_roshan.png' at thread -1
Loading resource: res://assets/castle/day_one_art_studio/magic_cleaning_brush.png remapped: res://assets/castle/day_one_art_studio/magic_cleaning_brush.png
Loading resource: res://.godot/imported/magic_cleaning_brush.png-9aab3d5c1cf900b3b09e19eacb3d842d.ctex remapped: res://.godot/imported/magic_cleaning_brush.png-9aab3d5c1cf900b3b09e19eacb3d842d.ctex
Completed load for: 'res://assets/castle/day_one_art_studio/magic_cleaning_brush.png' remapped 'res://assets/castle/day_one_art_studio/magic_cleaning_brush.png' at thread -1
Loading resource: res://assets/castle/day_one_art_studio/loose_brush_bundle.png remapped: res://assets/castle/day_one_art_studio/loose_brush_bundle.png
Loading resource: res://.godot/imported/loose_brush_bundle.png-864136367585f2d9d14d7d1e8b20b7c8.ctex remapped: res://.godot/imported/loose_brush_bundle.png-864136367585f2d9d14d7d1e8b20b7c8.ctex
Completed load for: 'res://assets/castle/day_one_art_studio/loose_brush_bundle.png' remapped 'res://assets/castle/day_one_art_studio/loose_brush_bundle.png' at thread -1
Loading resource: res://assets/castle/day_one_art_studio/paint_bottle_pink.png remapped: res://assets/castle/day_one_art_studio/paint_bottle_pink.png
Loading resource: res://.godot/imported/paint_bottle_pink.png-c543c4d9f1f567c443e165a9fa714da8.ctex remapped: res://.godot/imported/paint_bottle_pink.png-c543c4d9f1f567c443e165a9fa714da8.ctex
Completed load for: 'res://assets/castle/day_one_art_studio/paint_bottle_pink.png' remapped 'res://assets/castle/day_one_art_studio/paint_bottle_pink.png' at thread -1
Loading resource: res://assets/castle/day_one_art_studio/paint_bottle_blue.png remapped: res://assets/castle/day_one_art_studio/paint_bottle_blue.png
Loading resource: res://.godot/imported/paint_bottle_blue.png-5095790b8453a9b3e2ea954bc927e605.ctex remapped: res://.godot/imported/paint_bottle_blue.png-5095790b8453a9b3e2ea954bc927e605.ctex
Completed load for: 'res://assets/castle/day_one_art_studio/paint_bottle_blue.png' remapped 'res://assets/castle/day_one_art_studio/paint_bottle_blue.png' at thread -1
Loading resource: res://assets/castle/day_one_art_studio/paint_cups.png remapped: res://assets/castle/day_one_art_studio/paint_cups.png
Loading resource: res://.godot/imported/paint_cups.png-100570cd9a806d4462c301ca08769707.ctex remapped: res://.godot/imported/paint_cups.png-100570cd9a806d4462c301ca08769707.ctex
Completed load for: 'res://assets/castle/day_one_art_studio/paint_cups.png' remapped 'res://assets/castle/day_one_art_studio/paint_cups.png' at thread -1
Loading resource: res://assets/castle/day_one_art_studio/grime_left.png remapped: res://assets/castle/day_one_art_studio/grime_left.png
Loading resource: res://.godot/imported/grime_left.png-9b85fce9291a82cc7fa602186defdc14.ctex remapped: res://.godot/imported/grime_left.png-9b85fce9291a82cc7fa602186defdc14.ctex
Completed load for: 'res://assets/castle/day_one_art_studio/grime_left.png' remapped 'res://assets/castle/day_one_art_studio/grime_left.png' at thread -1
Loading resource: res://assets/castle/day_one_art_studio/grime_desk.png remapped: res://assets/castle/day_one_art_studio/grime_desk.png
Loading resource: res://.godot/imported/grime_desk.png-38eed6c08bb917d3198d2d948f230b8b.ctex remapped: res://.godot/imported/grime_desk.png-38eed6c08bb917d3198d2d948f230b8b.ctex
Completed load for: 'res://assets/castle/day_one_art_studio/grime_desk.png' remapped 'res://assets/castle/day_one_art_studio/grime_desk.png' at thread -1
Loading resource: res://assets/castle/day_one_art_studio/grime_right.png remapped: res://assets/castle/day_one_art_studio/grime_right.png
Loading resource: res://.godot/imported/grime_right.png-9c83e9c00c88d0942dc2efe0b144a31b.ctex remapped: res://.godot/imported/grime_right.png-9c83e9c00c88d0942dc2efe0b144a31b.ctex
Completed load for: 'res://assets/castle/day_one_art_studio/grime_right.png' remapped 'res://assets/castle/day_one_art_studio/grime_right.png' at thread -1
Loading resource: res://assets/flats/castle/rooms/room_bubble_bath_dirty_day_one.png remapped: res://assets/flats/castle/rooms/room_bubble_bath_dirty_day_one.png
Loading resource: res://.godot/imported/room_bubble_bath_dirty_day_one.png-9e5525828616e0db5b9a3b8b28435c35.ctex remapped: res://.godot/imported/room_bubble_bath_dirty_day_one.png-9e5525828616e0db5b9a3b8b28435c35.ctex
Completed load for: 'res://assets/flats/castle/rooms/room_bubble_bath_dirty_day_one.png' remapped 'res://assets/flats/castle/rooms/room_bubble_bath_dirty_day_one.png' at thread -1
Loading resource: res://assets/flats/castle/rooms/room_bubble_bath_dirty_drained_day_one.png remapped: res://assets/flats/castle/rooms/room_bubble_bath_dirty_drained_day_one.png
Loading resource: res://.godot/imported/room_bubble_bath_dirty_drained_day_one.png-7e8d3b4c3b9d1f29e91ac035a5fb7262.ctex remapped: res://.godot/imported/room_bubble_bath_dirty_drained_day_one.png-7e8d3b4c3b9d1f29e91ac035a5fb7262.ctex
Completed load for: 'res://assets/flats/castle/rooms/room_bubble_bath_dirty_drained_day_one.png' remapped 'res://assets/flats/castle/rooms/room_bubble_bath_dirty_drained_day_one.png' at thread -1
Loading resource: res://assets/flats/castle/rooms/room_bubble_bath.png remapped: res://assets/flats/castle/rooms/room_bubble_bath.png
Loading resource: res://.godot/imported/room_bubble_bath.png-8ee98b24e8364131dc5cfc2232874cd7.ctex remapped: res://.godot/imported/room_bubble_bath.png-8ee98b24e8364131dc5cfc2232874cd7.ctex
Completed load for: 'res://assets/flats/castle/rooms/room_bubble_bath.png' remapped 'res://assets/flats/castle/rooms/room_bubble_bath.png' at thread -1
Loading resource: res://assets/castle/dirty_cleanup_2d/targets/target_sink_grime_v1.png remapped: res://assets/castle/dirty_cleanup_2d/targets/target_sink_grime_v1.png
Loading resource: res://.godot/imported/target_sink_grime_v1.png-5d01aaca3a2b34c04e93afaef486eb50.ctex remapped: res://.godot/imported/target_sink_grime_v1.png-5d01aaca3a2b34c04e93afaef486eb50.ctex
Completed load for: 'res://assets/castle/dirty_cleanup_2d/targets/target_sink_grime_v1.png' remapped 'res://assets/castle/dirty_cleanup_2d/targets/target_sink_grime_v1.png' at thread -1
Loading resource: res://assets/sprites/sky_lagoon/sky_lagoon_castle_four_tower_v4.png remapped: res://assets/sprites/sky_lagoon/sky_lagoon_castle_four_tower_v4.png
Loading resource: res://.godot/imported/sky_lagoon_castle_four_tower_v4.png-3db3791a13b15911d5b711360be9c503.ctex remapped: res://.godot/imported/sky_lagoon_castle_four_tower_v4.png-3db3791a13b15911d5b711360be9c503.ctex
Completed load for: 'res://assets/sprites/sky_lagoon/sky_lagoon_castle_four_tower_v4.png' remapped 'res://assets/sprites/sky_lagoon/sky_lagoon_castle_four_tower_v4.png' at thread -1
Loading resource: res://assets/sprites/sky_lagoon/sky_lagoon_cloud_family_v7_hd_grade.png remapped: res://assets/sprites/sky_lagoon/sky_lagoon_cloud_family_v7_hd_grade.png
Loading resource: res://.godot/imported/sky_lagoon_cloud_family_v7_hd_grade.png-dc0538f7caa6b853334b469234e73a2d.ctex remapped: res://.godot/imported/sky_lagoon_cloud_family_v7_hd_grade.png-dc0538f7caa6b853334b469234e73a2d.ctex
Completed load for: 'res://assets/sprites/sky_lagoon/sky_lagoon_cloud_family_v7_hd_grade.png' remapped 'res://assets/sprites/sky_lagoon/sky_lagoon_cloud_family_v7_hd_grade.png' at thread -1
Loading resource: res://assets/sprites/sky_lagoon/sky_lagoon_cloud_single_v1.png remapped: res://assets/sprites/sky_lagoon/sky_lagoon_cloud_single_v1.png
Loading resource: res://.godot/imported/sky_lagoon_cloud_single_v1.png-b03683c7f3026927cde33f24d92a67e5.ctex remapped: res://.godot/imported/sky_lagoon_cloud_single_v1.png-b03683c7f3026927cde33f24d92a67e5.ctex
Completed load for: 'res://assets/sprites/sky_lagoon/sky_lagoon_cloud_single_v1.png' remapped 'res://assets/sprites/sky_lagoon/sky_lagoon_cloud_single_v1.png' at thread -1
Loading resource: res://assets/ui/castle_room_buttons_v2/room_opera_hall.png remapped: res://assets/ui/castle_room_buttons_v2/room_opera_hall.png
Loading resource: res://.godot/imported/room_opera_hall.png-4be4ecc3703261914b8a9526019262cc.ctex remapped: res://.godot/imported/room_opera_hall.png-4be4ecc3703261914b8a9526019262cc.ctex
Completed load for: 'res://assets/ui/castle_room_buttons_v2/room_opera_hall.png' remapped 'res://assets/ui/castle_room_buttons_v2/room_opera_hall.png' at thread -1
Loading resource: res://assets/ui/castle_room_buttons_v2/room_craft_room.png remapped: res://assets/ui/castle_room_buttons_v2/room_craft_room.png
Loading resource: res://.godot/imported/room_craft_room.png-7dc4a5c01065ce328e731b6b38053da5.ctex remapped: res://.godot/imported/room_craft_room.png-7dc4a5c01065ce328e731b6b38053da5.ctex
Completed load for: 'res://assets/ui/castle_room_buttons_v2/room_craft_room.png' remapped 'res://assets/ui/castle_room_buttons_v2/room_craft_room.png' at thread -1
Loading resource: res://assets/ui/castle_room_buttons_v2/room_kitchen.png remapped: res://assets/ui/castle_room_buttons_v2/room_kitchen.png
Loading resource: res://.godot/imported/room_kitchen.png-61af0fca52cce833210f295107496cf7.ctex remapped: res://.godot/imported/room_kitchen.png-61af0fca52cce833210f295107496cf7.ctex
Completed load for: 'res://assets/ui/castle_room_buttons_v2/room_kitchen.png' remapped 'res://assets/ui/castle_room_buttons_v2/room_kitchen.png' at thread -1
Loading resource: res://assets/mg/sun.png remapped: res://assets/mg/sun.png
Loading resource: res://.godot/imported/sun.png-c8bf9605370f6e02d9b21d685d405f9b.ctex remapped: res://.godot/imported/sun.png-c8bf9605370f6e02d9b21d685d405f9b.ctex
Completed load for: 'res://assets/mg/sun.png' remapped 'res://assets/mg/sun.png' at thread -1
Loading resource: res://assets/props/story/play_swing_frame.png remapped: res://assets/props/story/play_swing_frame.png
Loading resource: res://.godot/imported/play_swing_frame.png-a81ab1af7d4b95737787aabcf622cdbc.ctex remapped: res://.godot/imported/play_swing_frame.png-a81ab1af7d4b95737787aabcf622cdbc.ctex
Completed load for: 'res://assets/props/story/play_swing_frame.png' remapped 'res://assets/props/story/play_swing_frame.png' at thread -1
Loading resource: res://assets/props/story/play_swing_seat.png remapped: res://assets/props/story/play_swing_seat.png
Loading resource: res://.godot/imported/play_swing_seat.png-fbc2feb15e1e0c3563f38dd6be314f41.ctex remapped: res://.godot/imported/play_swing_seat.png-fbc2feb15e1e0c3563f38dd6be314f41.ctex
Completed load for: 'res://assets/props/story/play_swing_seat.png' remapped 'res://assets/props/story/play_swing_seat.png' at thread -1
Loading resource: res://assets/characters/roshan_25d/roshan_gesture_a.png remapped: res://assets/characters/roshan_25d/roshan_gesture_a.png
Loading resource: res://.godot/imported/roshan_gesture_a.png-18a31aea6ac3722a9397d1f4c4f45867.s3tc.ctex remapped: res://.godot/imported/roshan_gesture_a.png-18a31aea6ac3722a9397d1f4c4f45867.s3tc.ctex
Completed load for: 'res://assets/characters/roshan_25d/roshan_gesture_a.png' remapped 'res://assets/characters/roshan_25d/roshan_gesture_a.png' at thread -1
Loading resource: res://assets/characters/roshan_25d/roshan_gesture_b.png remapped: res://assets/characters/roshan_25d/roshan_gesture_b.png
Loading resource: res://.godot/imported/roshan_gesture_b.png-8cb0fb1a0e3c6a3ff52f66869af29ee3.s3tc.ctex remapped: res://.godot/imported/roshan_gesture_b.png-8cb0fb1a0e3c6a3ff52f66869af29ee3.s3tc.ctex
Completed load for: 'res://assets/characters/roshan_25d/roshan_gesture_b.png' remapped 'res://assets/characters/roshan_25d/roshan_gesture_b.png' at thread -1
Loading resource: res://assets/characters/roshan_25d/roshan_gesture_c.png remapped: res://assets/characters/roshan_25d/roshan_gesture_c.png
Loading resource: res://.godot/imported/roshan_gesture_c.png-938a4e5c63b0fe35548d3f25bd960773.s3tc.ctex remapped: res://.godot/imported/roshan_gesture_c.png-938a4e5c63b0fe35548d3f25bd960773.s3tc.ctex
Completed load for: 'res://assets/characters/roshan_25d/roshan_gesture_c.png' remapped 'res://assets/characters/roshan_25d/roshan_gesture_c.png' at thread -1
Loading resource: res://assets/characters/roshan_25d/roshan_gesture_d.png remapped: res://assets/characters/roshan_25d/roshan_gesture_d.png
Loading resource: res://.godot/imported/roshan_gesture_d.png-08aed87dc09d080eaf1e4104fb084fdc.s3tc.ctex remapped: res://.godot/imported/roshan_gesture_d.png-08aed87dc09d080eaf1e4104fb084fdc.s3tc.ctex
Completed load for: 'res://assets/characters/roshan_25d/roshan_gesture_d.png' remapped 'res://assets/characters/roshan_25d/roshan_gesture_d.png' at thread -1
Loading resource: res://assets/characters/roshan_25d/roshan_play_a.png remapped: res://assets/characters/roshan_25d/roshan_play_a.png
Loading resource: res://.godot/imported/roshan_play_a.png-7836c4193fc7d229ea3c5f1583aa2038.s3tc.ctex remapped: res://.godot/imported/roshan_play_a.png-7836c4193fc7d229ea3c5f1583aa2038.s3tc.ctex
Completed load for: 'res://assets/characters/roshan_25d/roshan_play_a.png' remapped 'res://assets/characters/roshan_25d/roshan_play_a.png' at thread -1
Loading resource: res://assets/characters/roshan_25d/roshan_play_b.png remapped: res://assets/characters/roshan_25d/roshan_play_b.png
Loading resource: res://.godot/imported/roshan_play_b.png-115ffaa3712f999ce1caf531c6fbc9ec.s3tc.ctex remapped: res://.godot/imported/roshan_play_b.png-115ffaa3712f999ce1caf531c6fbc9ec.s3tc.ctex
Completed load for: 'res://assets/characters/roshan_25d/roshan_play_b.png' remapped 'res://assets/characters/roshan_25d/roshan_play_b.png' at thread -1
Loading resource: res://assets/flats/castle/boss/dusty_attic_arena_2048.png remapped: res://assets/flats/castle/boss/dusty_attic_arena_2048.png
Loading resource: res://.godot/imported/dusty_attic_arena_2048.png-d3ca08103aa6a7020e840963166fbe19.ctex remapped: res://.godot/imported/dusty_attic_arena_2048.png-d3ca08103aa6a7020e840963166fbe19.ctex
Completed load for: 'res://assets/flats/castle/boss/dusty_attic_arena_2048.png' remapped 'res://assets/flats/castle/boss/dusty_attic_arena_2048.png' at thread -1
Loading resource: res://assets/opera/worlds/props/fx_stolen_sparkle.png remapped: res://assets/opera/worlds/props/fx_stolen_sparkle.png
Loading resource: res://.godot/imported/fx_stolen_sparkle.png-78d191c055130f9a82753b3c1b5d08ac.s3tc.ctex remapped: res://.godot/imported/fx_stolen_sparkle.png-78d191c055130f9a82753b3c1b5d08ac.s3tc.ctex
Completed load for: 'res://assets/opera/worlds/props/fx_stolen_sparkle.png' remapped 'res://assets/opera/worlds/props/fx_stolen_sparkle.png' at thread -1
Loading resource: res://assets/opera/worlds/props/fx_dust_puff.png remapped: res://assets/opera/worlds/props/fx_dust_puff.png
Loading resource: res://.godot/imported/fx_dust_puff.png-c19e7c817e63296b4a7808774d821915.ctex remapped: res://.godot/imported/fx_dust_puff.png-c19e7c817e63296b4a7808774d821915.ctex
Completed load for: 'res://assets/opera/worlds/props/fx_dust_puff.png' remapped 'res://assets/opera/worlds/props/fx_dust_puff.png' at thread -1
Loading resource: res://assets/effects/grand_puff/purple_vortex_v4.png remapped: res://assets/effects/grand_puff/purple_vortex_v4.png
Loading resource: res://.godot/imported/purple_vortex_v4.png-73637daaea783585b2d9d0dcf967aace.ctex remapped: res://.godot/imported/purple_vortex_v4.png-73637daaea783585b2d9d0dcf967aace.ctex
Completed load for: 'res://assets/effects/grand_puff/purple_vortex_v4.png' remapped 'res://assets/effects/grand_puff/purple_vortex_v4.png' at thread -1
Loading resource: res://assets/castle/dirty_cleanup_2d/effects/fx_soap_bubbles.png remapped: res://assets/castle/dirty_cleanup_2d/effects/fx_soap_bubbles.png
Loading resource: res://.godot/imported/fx_soap_bubbles.png-8f04cce33abb3c3312d7afe57e1021e1.ctex remapped: res://.godot/imported/fx_soap_bubbles.png-8f04cce33abb3c3312d7afe57e1021e1.ctex
Completed load for: 'res://assets/castle/dirty_cleanup_2d/effects/fx_soap_bubbles.png' remapped 'res://assets/castle/dirty_cleanup_2d/effects/fx_soap_bubbles.png' at thread -1
Completed load for: 'res://scripts/main.gd' remapped 'res://scripts/main.gd' at thread -1
Completed load for: 'res://scenes/main.tscn' remapped 'res://scenes/main.tscn' at thread -1
Completed load for: 'res://scripts/probe_chapter2_farmer_resume.gd' remapped 'res://scripts/probe_chapter2_farmer_resume.gd' at thread -1
SceneTreeFTI: traversal method DEFAULT
Loaded system CA certificates
Loading resource: res://assets/audio/ambience_reef.ogg remapped: res://assets/audio/ambience_reef.ogg
Loading resource: res://.godot/imported/ambience_reef.ogg-30031e4868dd5f41925c6b3f42f0f9b1.oggvorbisstr remapped: res://.godot/imported/ambience_reef.ogg-30031e4868dd5f41925c6b3f42f0f9b1.oggvorbisstr
Completed load for: 'res://assets/audio/ambience_reef.ogg' remapped 'res://assets/audio/ambience_reef.ogg' at thread -1
Loading resource: res://assets/audio/music/world.ogg remapped: res://assets/audio/music/world.ogg
Loading resource: res://.godot/imported/world.ogg-bfec9819aa7fa229c0057fe76832cfa3.oggvorbisstr remapped: res://.godot/imported/world.ogg-bfec9819aa7fa229c0057fe76832cfa3.oggvorbisstr
Completed load for: 'res://assets/audio/music/world.ogg' remapped 'res://assets/audio/music/world.ogg' at thread -1
Loading resource: res://assets/audio/voices/filler_v1/yay.ogg remapped: res://assets/audio/voices/filler_v1/yay.ogg
Loading resource: res://.godot/imported/yay.ogg-a4cd419929b402130d14f60cd99b5355.oggvorbisstr remapped: res://.godot/imported/yay.ogg-a4cd419929b402130d14f60cd99b5355.oggvorbisstr
Completed load for: 'res://assets/audio/voices/filler_v1/yay.ogg' remapped 'res://assets/audio/voices/filler_v1/yay.ogg' at thread -1
Loading resource: res://assets/audio/chime.ogg remapped: res://assets/audio/chime.ogg
Loading resource: res://.godot/imported/chime.ogg-ccbd9039a16fca2270295f3df3042e4a.oggvorbisstr remapped: res://.godot/imported/chime.ogg-ccbd9039a16fca2270295f3df3042e4a.oggvorbisstr
Completed load for: 'res://assets/audio/chime.ogg' remapped 'res://assets/audio/chime.ogg' at thread -1
Loading resource: res://assets/audio/hop_boing.ogg remapped: res://assets/audio/hop_boing.ogg
Loading resource: res://.godot/imported/hop_boing.ogg-23491bc7346e37a3c3a7e5718a1c6334.oggvorbisstr remapped: res://.godot/imported/hop_boing.ogg-23491bc7346e37a3c3a7e5718a1c6334.oggvorbisstr
Completed load for: 'res://assets/audio/hop_boing.ogg' remapped 'res://assets/audio/hop_boing.ogg' at thread -1
Loading resource: res://assets/audio/penguin_giggle.ogg remapped: res://assets/audio/penguin_giggle.ogg
Loading resource: res://.godot/imported/penguin_giggle.ogg-1caa548251b7585be1b157de4e41c1b8.oggvorbisstr remapped: res://.godot/imported/penguin_giggle.ogg-1caa548251b7585be1b157de4e41c1b8.oggvorbisstr
Completed load for: 'res://assets/audio/penguin_giggle.ogg' remapped 'res://assets/audio/penguin_giggle.ogg' at thread -1
Loading resource: res://assets/audio/buy.ogg remapped: res://assets/audio/buy.ogg
Loading resource: res://.godot/imported/buy.ogg-ccfb5d2b9f2837f43f22621a6d87b91c.oggvorbisstr remapped: res://.godot/imported/buy.ogg-ccfb5d2b9f2837f43f22621a6d87b91c.oggvorbisstr
Completed load for: 'res://assets/audio/buy.ogg' remapped 'res://assets/audio/buy.ogg' at thread -1
Loading resource: res://assets/audio/music/banjo.ogg remapped: res://assets/audio/music/banjo.ogg
Loading resource: res://.godot/imported/banjo.ogg-6ace2633ccde608d168cb04a28077650.oggvorbisstr remapped: res://.godot/imported/banjo.ogg-6ace2633ccde608d168cb04a28077650.oggvorbisstr
Completed load for: 'res://assets/audio/music/banjo.ogg' remapped 'res://assets/audio/music/banjo.ogg' at thread -1
Loading resource: res://assets/audio/voices/filler_v1/roshan_intro1.ogg remapped: res://assets/audio/voices/filler_v1/roshan_intro1.ogg
Loading resource: res://.godot/imported/roshan_intro1.ogg-f820084970fc77bf53c9fa3fc87e9d14.oggvorbisstr remapped: res://.godot/imported/roshan_intro1.ogg-f820084970fc77bf53c9fa3fc87e9d14.oggvorbisstr
Completed load for: 'res://assets/audio/voices/filler_v1/roshan_intro1.ogg' remapped 'res://assets/audio/voices/filler_v1/roshan_intro1.ogg' at thread -1
Loading resource: res://assets/characters/friends/huluu.png remapped: res://assets/characters/friends/huluu.png
Loading resource: res://.godot/imported/huluu.png-6fee73331b3d0600210812844b67ef58.ctex remapped: res://.godot/imported/huluu.png-6fee73331b3d0600210812844b67ef58.ctex
Completed load for: 'res://assets/characters/friends/huluu.png' remapped 'res://assets/characters/friends/huluu.png' at thread -1
Loading resource: res://assets/opera/worlds/ui/magnifier.png remapped: res://assets/opera/worlds/ui/magnifier.png
Loading resource: res://.godot/imported/magnifier.png-def06d7a41c5772f787cbecf1fb0c089.s3tc.ctex remapped: res://.godot/imported/magnifier.png-def06d7a41c5772f787cbecf1fb0c089.s3tc.ctex
Completed load for: 'res://assets/opera/worlds/ui/magnifier.png' remapped 'res://assets/opera/worlds/ui/magnifier.png' at thread -1
Loading resource: res://assets/flats/sky_lagoon/main/flat_sky_lagoon_main_panorama_v5_tile_r0_c2.png remapped: res://assets/flats/sky_lagoon/main/flat_sky_lagoon_main_panorama_v5_tile_r0_c2.png
Loading resource: res://.godot/imported/flat_sky_lagoon_main_panorama_v5_tile_r0_c2.png-707b7c1249db60c277ba18a5a90d2606.s3tc.ctex remapped: res://.godot/imported/flat_sky_lagoon_main_panorama_v5_tile_r0_c2.png-707b7c1249db60c277ba18a5a90d2606.s3tc.ctex
Completed load for: 'res://assets/flats/sky_lagoon/main/flat_sky_lagoon_main_panorama_v5_tile_r0_c2.png' remapped 'res://assets/flats/sky_lagoon/main/flat_sky_lagoon_main_panorama_v5_tile_r0_c2.png' at thread -1
Loading resource: res://assets/flats/sky_lagoon/main/flat_sky_lagoon_main_panorama_v5_tile_r0_c3.png remapped: res://assets/flats/sky_lagoon/main/flat_sky_lagoon_main_panorama_v5_tile_r0_c3.png
Loading resource: res://.godot/imported/flat_sky_lagoon_main_panorama_v5_tile_r0_c3.png-f5a0de2cacbf855b5537bfa011fb414f.s3tc.ctex remapped: res://.godot/imported/flat_sky_lagoon_main_panorama_v5_tile_r0_c3.png-f5a0de2cacbf855b5537bfa011fb414f.s3tc.ctex
Completed load for: 'res://assets/flats/sky_lagoon/main/flat_sky_lagoon_main_panorama_v5_tile_r0_c3.png' remapped 'res://assets/flats/sky_lagoon/main/flat_sky_lagoon_main_panorama_v5_tile_r0_c3.png' at thread -1
Loading resource: res://assets/flats/sky_lagoon/main/flat_sky_lagoon_main_panorama_v5_tile_r1_c2.png remapped: res://assets/flats/sky_lagoon/main/flat_sky_lagoon_main_panorama_v5_tile_r1_c2.png
Loading resource: res://.godot/imported/flat_sky_lagoon_main_panorama_v5_tile_r1_c2.png-0c556d40124fed4dea38c25d4997f920.s3tc.ctex remapped: res://.godot/imported/flat_sky_lagoon_main_panorama_v5_tile_r1_c2.png-0c556d40124fed4dea38c25d4997f920.s3tc.ctex
Completed load for: 'res://assets/flats/sky_lagoon/main/flat_sky_lagoon_main_panorama_v5_tile_r1_c2.png' remapped 'res://assets/flats/sky_lagoon/main/flat_sky_lagoon_main_panorama_v5_tile_r1_c2.png' at thread -1
Loading resource: res://assets/flats/sky_lagoon/main/flat_sky_lagoon_main_panorama_v5_tile_r1_c3.png remapped: res://assets/flats/sky_lagoon/main/flat_sky_lagoon_main_panorama_v5_tile_r1_c3.png
Loading resource: res://.godot/imported/flat_sky_lagoon_main_panorama_v5_tile_r1_c3.png-f8ce0e5f490964960eec056604b88fb0.s3tc.ctex remapped: res://.godot/imported/flat_sky_lagoon_main_panorama_v5_tile_r1_c3.png-f8ce0e5f490964960eec056604b88fb0.s3tc.ctex
Completed load for: 'res://assets/flats/sky_lagoon/main/flat_sky_lagoon_main_panorama_v5_tile_r1_c3.png' remapped 'res://assets/flats/sky_lagoon/main/flat_sky_lagoon_main_panorama_v5_tile_r1_c3.png' at thread -1
Loading resource: res://assets/chapter2/birthday/sky_lagoon_strawberry_single.png remapped: res://assets/chapter2/birthday/sky_lagoon_strawberry_single.png
Loading resource: res://.godot/imported/sky_lagoon_strawberry_single.png-e2c509ee20d382c5be74c6dc28decbc8.ctex remapped: res://.godot/imported/sky_lagoon_strawberry_single.png-e2c509ee20d382c5be74c6dc28decbc8.ctex
Completed load for: 'res://assets/chapter2/birthday/sky_lagoon_strawberry_single.png' remapped 'res://assets/chapter2/birthday/sky_lagoon_strawberry_single.png' at thread -1
Loading resource: res://assets/chapter2/birthday/sky_lagoon_strawberry_cluster.png remapped: res://assets/chapter2/birthday/sky_lagoon_strawberry_cluster.png
Loading resource: res://.godot/imported/sky_lagoon_strawberry_cluster.png-344d5dd6fff4584f103629288d2ef0fd.ctex remapped: res://.godot/imported/sky_lagoon_strawberry_cluster.png-344d5dd6fff4584f103629288d2ef0fd.ctex
Completed load for: 'res://assets/chapter2/birthday/sky_lagoon_strawberry_cluster.png' remapped 'res://assets/chapter2/birthday/sky_lagoon_strawberry_cluster.png' at thread -1
WARNING: Opera phase has no authored room object: farmer/GATHER STRAWBERRIES
   at: push_warning (core/variant/variant_utility.cpp:1033)
   GDScript backtrace (most recent call first):
       [0] _assign_stations (res://scripts/opera_career_world_2d.gd:1910)
       [1] _build_world (res://scripts/opera_career_world_2d.gd:1190)
       [2] setup (res://scripts/opera_career_world_2d.gd:765)
       [3] _init (res://scripts/probe_chapter2_farmer_resume.gd:43)
WARNING: Opera phase has no authored room object: farmer/FILL BASKET
   at: push_warning (core/variant/variant_utility.cpp:1033)
   GDScript backtrace (most recent call first):
       [0] _assign_stations (res://scripts/opera_career_world_2d.gd:1910)
       [1] _build_world (res://scripts/opera_career_world_2d.gd:1190)
       [2] setup (res://scripts/opera_career_world_2d.gd:765)
       [3] _init (res://scripts/probe_chapter2_farmer_resume.gd:43)
WARNING: Opera phase has no authored room object: farmer/DELIVER TO KITCHEN
   at: push_warning (core/variant/variant_utility.cpp:1033)
   GDScript backtrace (most recent call first):
       [0] _assign_stations (res://scripts/opera_career_world_2d.gd:1910)
       [1] _build_world (res://scripts/opera_career_world_2d.gd:1190)
       [2] setup (res://scripts/opera_career_world_2d.gd:765)
       [3] _init (res://scripts/probe_chapter2_farmer_resume.gd:43)
Loading resource: res://assets/opera/worlds/actors/roshan_farmer.png remapped: res://assets/opera/worlds/actors/roshan_farmer.png
Loading resource: res://.godot/imported/roshan_farmer.png-1b79cd784475d078532961a39e016239.s3tc.ctex remapped: res://.godot/imported/roshan_farmer.png-1b79cd784475d078532961a39e016239.s3tc.ctex
Completed load for: 'res://assets/opera/worlds/actors/roshan_farmer.png' remapped 'res://assets/opera/worlds/actors/roshan_farmer.png' at thread -1
Loading resource: res://assets/opera/worlds/actors/animation/roshan_farmer_sheet_a.png remapped: res://assets/opera/worlds/actors/animation/roshan_farmer_sheet_a.png
Loading resource: res://.godot/imported/roshan_farmer_sheet_a.png-1da9299ad5395ceaaa3c1dfa44f87f66.ctex remapped: res://.godot/imported/roshan_farmer_sheet_a.png-1da9299ad5395ceaaa3c1dfa44f87f66.ctex
Completed load for: 'res://assets/opera/worlds/actors/animation/roshan_farmer_sheet_a.png' remapped 'res://assets/opera/worlds/actors/animation/roshan_farmer_sheet_a.png' at thread -1
Loading resource: res://assets/opera/worlds/actors/rival_farmer.png remapped: res://assets/opera/worlds/actors/rival_farmer.png
Loading resource: res://.godot/imported/rival_farmer.png-562a0896dfe61750122b3a36c7b40929.s3tc.ctex remapped: res://.godot/imported/rival_farmer.png-562a0896dfe61750122b3a36c7b40929.s3tc.ctex
Completed load for: 'res://assets/opera/worlds/actors/rival_farmer.png' remapped 'res://assets/opera/worlds/actors/rival_farmer.png' at thread -1
Loading resource: res://assets/opera/worlds/props/fx_bop_puff.png remapped: res://assets/opera/worlds/props/fx_bop_puff.png
Loading resource: res://.godot/imported/fx_bop_puff.png-44d6a8b8f3875802302bda4fdd154827.s3tc.ctex remapped: res://.godot/imported/fx_bop_puff.png-44d6a8b8f3875802302bda4fdd154827.s3tc.ctex
Completed load for: 'res://assets/opera/worlds/props/fx_bop_puff.png' remapped 'res://assets/opera/worlds/props/fx_bop_puff.png' at thread -1
Loading resource: res://assets/opera/worlds/actors/imp_mischief.png remapped: res://assets/opera/worlds/actors/imp_mischief.png
Loading resource: res://.godot/imported/imp_mischief.png-2aa91762cfa121884fd7c941a480cd75.s3tc.ctex remapped: res://.godot/imported/imp_mischief.png-2aa91762cfa121884fd7c941a480cd75.s3tc.ctex
Completed load for: 'res://assets/opera/worlds/actors/imp_mischief.png' remapped 'res://assets/opera/worlds/actors/imp_mischief.png' at thread -1
Loading resource: res://assets/opera/worlds/actors/imp_mischief_bopped.png remapped: res://assets/opera/worlds/actors/imp_mischief_bopped.png
Loading resource: res://.godot/imported/imp_mischief_bopped.png-276c2d81098a757a1274ef356d58e20d.s3tc.ctex remapped: res://.godot/imported/imp_mischief_bopped.png-276c2d81098a757a1274ef356d58e20d.s3tc.ctex
Completed load for: 'res://assets/opera/worlds/actors/imp_mischief_bopped.png' remapped 'res://assets/opera/worlds/actors/imp_mischief_bopped.png' at thread -1
Loading resource: res://assets/opera/worlds/actors/imp_mischief_bow.png remapped: res://assets/opera/worlds/actors/imp_mischief_bow.png
Loading resource: res://.godot/imported/imp_mischief_bow.png-643f90847c4113e6a65aff5fa7b6c3e8.s3tc.ctex remapped: res://.godot/imported/imp_mischief_bow.png-643f90847c4113e6a65aff5fa7b6c3e8.s3tc.ctex
Completed load for: 'res://assets/opera/worlds/actors/imp_mischief_bow.png' remapped 'res://assets/opera/worlds/actors/imp_mischief_bow.png' at thread -1
Loading resource: res://assets/opera/worlds/actors/imp_captain.png remapped: res://assets/opera/worlds/actors/imp_captain.png
Loading resource: res://.godot/imported/imp_captain.png-e46cb032a0f4e73284cb41534b78dba6.s3tc.ctex remapped: res://.godot/imported/imp_captain.png-e46cb032a0f4e73284cb41534b78dba6.s3tc.ctex
Completed load for: 'res://assets/opera/worlds/actors/imp_captain.png' remapped 'res://assets/opera/worlds/actors/imp_captain.png' at thread -1
Loading resource: res://assets/opera/worlds/actors/imp_captain_bopped.png remapped: res://assets/opera/worlds/actors/imp_captain_bopped.png
Loading resource: res://.godot/imported/imp_captain_bopped.png-7b18e453603e8a4113fd2cbb62ded9b6.s3tc.ctex remapped: res://.godot/imported/imp_captain_bopped.png-7b18e453603e8a4113fd2cbb62ded9b6.s3tc.ctex
Completed load for: 'res://assets/opera/worlds/actors/imp_captain_bopped.png' remapped 'res://assets/opera/worlds/actors/imp_captain_bopped.png' at thread -1
Loading resource: res://assets/opera/worlds/actors/imp_captain_bow.png remapped: res://assets/opera/worlds/actors/imp_captain_bow.png
Loading resource: res://.godot/imported/imp_captain_bow.png-12497944600f3a910cccf5033db21fec.s3tc.ctex remapped: res://.godot/imported/imp_captain_bow.png-12497944600f3a910cccf5033db21fec.s3tc.ctex
Completed load for: 'res://assets/opera/worlds/actors/imp_captain_bow.png' remapped 'res://assets/opera/worlds/actors/imp_captain_bow.png' at thread -1
Loading resource: res://assets/opera/worlds/props/fx_telegraph_ring.png remapped: res://assets/opera/worlds/props/fx_telegraph_ring.png
Loading resource: res://.godot/imported/fx_telegraph_ring.png-a5607cfab59aaf797e0ebc0e0d630b71.s3tc.ctex remapped: res://.godot/imported/fx_telegraph_ring.png-a5607cfab59aaf797e0ebc0e0d630b71.s3tc.ctex
Completed load for: 'res://assets/opera/worlds/props/fx_telegraph_ring.png' remapped 'res://assets/opera/worlds/props/fx_telegraph_ring.png' at thread -1
Loading resource: res://assets/opera/worlds/props/fx_telegraph_bang.png remapped: res://assets/opera/worlds/props/fx_telegraph_bang.png
Loading resource: res://.godot/imported/fx_telegraph_bang.png-5e57510f37f0277a1436815b2f5303f5.s3tc.ctex remapped: res://.godot/imported/fx_telegraph_bang.png-5e57510f37f0277a1436815b2f5303f5.s3tc.ctex
Completed load for: 'res://assets/opera/worlds/props/fx_telegraph_bang.png' remapped 'res://assets/opera/worlds/props/fx_telegraph_bang.png' at thread -1
Loading resource: res://assets/opera/worlds/props/fx_slash_arc.png remapped: res://assets/opera/worlds/props/fx_slash_arc.png
Loading resource: res://.godot/imported/fx_slash_arc.png-06c01e57545f44970f1e9749d78c8c7b.s3tc.ctex remapped: res://.godot/imported/fx_slash_arc.png-06c01e57545f44970f1e9749d78c8c7b.s3tc.ctex
Completed load for: 'res://assets/opera/worlds/props/fx_slash_arc.png' remapped 'res://assets/opera/worlds/props/fx_slash_arc.png' at thread -1
Loading resource: res://assets/opera/worlds/props/fx_dizzy_stars.png remapped: res://assets/opera/worlds/props/fx_dizzy_stars.png
Loading resource: res://.godot/imported/fx_dizzy_stars.png-e249bf547dbb4ae001be7738fcb2de24.s3tc.ctex remapped: res://.godot/imported/fx_dizzy_stars.png-e249bf547dbb4ae001be7738fcb2de24.s3tc.ctex
Completed load for: 'res://assets/opera/worlds/props/fx_dizzy_stars.png' remapped 'res://assets/opera/worlds/props/fx_dizzy_stars.png' at thread -1
Loading resource: res://assets/opera/worlds/actors/rival_farmer_bopped.png remapped: res://assets/opera/worlds/actors/rival_farmer_bopped.png
Loading resource: res://.godot/imported/rival_farmer_bopped.png-9e1c9bd4531f0fccceda3d86e0e838a2.s3tc.ctex remapped: res://.godot/imported/rival_farmer_bopped.png-9e1c9bd4531f0fccceda3d86e0e838a2.s3tc.ctex
Completed load for: 'res://assets/opera/worlds/actors/rival_farmer_bopped.png' remapped 'res://assets/opera/worlds/actors/rival_farmer_bopped.png' at thread -1
Loading resource: res://assets/opera/worlds/actors/rival_farmer_windup.png remapped: res://assets/opera/worlds/actors/rival_farmer_windup.png
Loading resource: res://.godot/imported/rival_farmer_windup.png-77c2dad5c6dc16659cae3ab6aad7bece.s3tc.ctex remapped: res://.godot/imported/rival_farmer_windup.png-77c2dad5c6dc16659cae3ab6aad7bece.s3tc.ctex
Completed load for: 'res://assets/opera/worlds/actors/rival_farmer_windup.png' remapped 'res://assets/opera/worlds/actors/rival_farmer_windup.png' at thread -1
Loading resource: res://assets/opera/worlds/actors/rival_farmer_charge.png remapped: res://assets/opera/worlds/actors/rival_farmer_charge.png
Loading resource: res://.godot/imported/rival_farmer_charge.png-d719101ca077d358c02ee3d9a1251030.s3tc.ctex remapped: res://.godot/imported/rival_farmer_charge.png-d719101ca077d358c02ee3d9a1251030.s3tc.ctex
Completed load for: 'res://assets/opera/worlds/actors/rival_farmer_charge.png' remapped 'res://assets/opera/worlds/actors/rival_farmer_charge.png' at thread -1
Loading resource: res://assets/opera/worlds/actors/rival_farmer_slash.png remapped: res://assets/opera/worlds/actors/rival_farmer_slash.png
Loading resource: res://.godot/imported/rival_farmer_slash.png-912096d691abded319064f39e031db4c.s3tc.ctex remapped: res://.godot/imported/rival_farmer_slash.png-912096d691abded319064f39e031db4c.s3tc.ctex
Completed load for: 'res://assets/opera/worlds/actors/rival_farmer_slash.png' remapped 'res://assets/opera/worlds/actors/rival_farmer_slash.png' at thread -1
Loading resource: res://assets/opera/worlds/actors/rival_farmer_recover.png remapped: res://assets/opera/worlds/actors/rival_farmer_recover.png
Loading resource: res://.godot/imported/rival_farmer_recover.png-259a69f2cb8ea72b90891e6d54522526.s3tc.ctex remapped: res://.godot/imported/rival_farmer_recover.png-259a69f2cb8ea72b90891e6d54522526.s3tc.ctex
Completed load for: 'res://assets/opera/worlds/actors/rival_farmer_recover.png' remapped 'res://assets/opera/worlds/actors/rival_farmer_recover.png' at thread -1
Loading resource: res://assets/opera/worlds/actors/rival_farmer_guard.png remapped: res://assets/opera/worlds/actors/rival_farmer_guard.png
Loading resource: res://.godot/imported/rival_farmer_guard.png-8da0dd6e8733633fd599a85d27b591ad.s3tc.ctex remapped: res://.godot/imported/rival_farmer_guard.png-8da0dd6e8733633fd599a85d27b591ad.s3tc.ctex
Completed load for: 'res://assets/opera/worlds/actors/rival_farmer_guard.png' remapped 'res://assets/opera/worlds/actors/rival_farmer_guard.png' at thread -1
Loading resource: res://assets/opera/worlds/actors/rival_farmer_stagger.png remapped: res://assets/opera/worlds/actors/rival_farmer_stagger.png
Loading resource: res://.godot/imported/rival_farmer_stagger.png-2634063cfdd74a7c8203f82e0cc28a12.s3tc.ctex remapped: res://.godot/imported/rival_farmer_stagger.png-2634063cfdd74a7c8203f82e0cc28a12.s3tc.ctex
Completed load for: 'res://assets/opera/worlds/actors/rival_farmer_stagger.png' remapped 'res://assets/opera/worlds/actors/rival_farmer_stagger.png' at thread -1
Loading resource: res://assets/opera/worlds/actors/rival_farmer_flee.png remapped: res://assets/opera/worlds/actors/rival_farmer_flee.png
Loading resource: res://.godot/imported/rival_farmer_flee.png-5b4b826788ae81501a204f6a48ddad48.s3tc.ctex remapped: res://.godot/imported/rival_farmer_flee.png-5b4b826788ae81501a204f6a48ddad48.s3tc.ctex
Completed load for: 'res://assets/opera/worlds/actors/rival_farmer_flee.png' remapped 'res://assets/opera/worlds/actors/rival_farmer_flee.png' at thread -1
Loading resource: res://assets/opera/worlds/actors/rival_farmer_taunt.png remapped: res://assets/opera/worlds/actors/rival_farmer_taunt.png
Loading resource: res://.godot/imported/rival_farmer_taunt.png-aa4bea0ec38c5b7520f529e18013542a.s3tc.ctex remapped: res://.godot/imported/rival_farmer_taunt.png-aa4bea0ec38c5b7520f529e18013542a.s3tc.ctex
Completed load for: 'res://assets/opera/worlds/actors/rival_farmer_taunt.png' remapped 'res://assets/opera/worlds/actors/rival_farmer_taunt.png' at thread -1
Loading resource: res://assets/opera/worlds/actors/rival_farmer_hop_a.png remapped: res://assets/opera/worlds/actors/rival_farmer_hop_a.png
Loading resource: res://.godot/imported/rival_farmer_hop_a.png-c86292ba3132e5a9eae1334f3b16fa2b.s3tc.ctex remapped: res://.godot/imported/rival_farmer_hop_a.png-c86292ba3132e5a9eae1334f3b16fa2b.s3tc.ctex
Completed load for: 'res://assets/opera/worlds/actors/rival_farmer_hop_a.png' remapped 'res://assets/opera/worlds/actors/rival_farmer_hop_a.png' at thread -1
Loading resource: res://assets/opera/worlds/actors/rival_farmer_hop_b.png remapped: res://assets/opera/worlds/actors/rival_farmer_hop_b.png
Loading resource: res://.godot/imported/rival_farmer_hop_b.png-208dc95de5fe42c7bde7ccdf6dbde065.s3tc.ctex remapped: res://.godot/imported/rival_farmer_hop_b.png-208dc95de5fe42c7bde7ccdf6dbde065.s3tc.ctex
Completed load for: 'res://assets/opera/worlds/actors/rival_farmer_hop_b.png' remapped 'res://assets/opera/worlds/actors/rival_farmer_hop_b.png' at thread -1
Loading resource: res://assets/opera/worlds/actors/rival_farmer_bow.png remapped: res://assets/opera/worlds/actors/rival_farmer_bow.png
Loading resource: res://.godot/imported/rival_farmer_bow.png-202d733d3fafa4dec74379e3b76f22fa.s3tc.ctex remapped: res://.godot/imported/rival_farmer_bow.png-202d733d3fafa4dec74379e3b76f22fa.s3tc.ctex
Completed load for: 'res://assets/opera/worlds/actors/rival_farmer_bow.png' remapped 'res://assets/opera/worlds/actors/rival_farmer_bow.png' at thread -1
Loading resource: res://assets/opera/worlds/actors/imp_mischief.png remapped: res://assets/opera/worlds/actors/imp_mischief.png
Loading resource: res://.godot/imported/imp_mischief.png-2aa91762cfa121884fd7c941a480cd75.s3tc.ctex remapped: res://.godot/imported/imp_mischief.png-2aa91762cfa121884fd7c941a480cd75.s3tc.ctex
Completed load for: 'res://assets/opera/worlds/actors/imp_mischief.png' remapped 'res://assets/opera/worlds/actors/imp_mischief.png' at thread -1
Loading resource: res://assets/opera/worlds/actors/imp_mischief_windup.png remapped: res://assets/opera/worlds/actors/imp_mischief_windup.png
Loading resource: res://.godot/imported/imp_mischief_windup.png-27644fd709fe5393e0a8caad88b075b6.s3tc.ctex remapped: res://.godot/imported/imp_mischief_windup.png-27644fd709fe5393e0a8caad88b075b6.s3tc.ctex
Completed load for: 'res://assets/opera/worlds/actors/imp_mischief_windup.png' remapped 'res://assets/opera/worlds/actors/imp_mischief_windup.png' at thread -1
Loading resource: res://assets/opera/worlds/actors/imp_mischief_charge.png remapped: res://assets/opera/worlds/actors/imp_mischief_charge.png
Loading resource: res://.godot/imported/imp_mischief_charge.png-7651fd8a67674c1425677cc73b08a982.s3tc.ctex remapped: res://.godot/imported/imp_mischief_charge.png-7651fd8a67674c1425677cc73b08a982.s3tc.ctex
Completed load for: 'res://assets/opera/worlds/actors/imp_mischief_charge.png' remapped 'res://assets/opera/worlds/actors/imp_mischief_charge.png' at thread -1
Loading resource: res://assets/opera/worlds/actors/imp_mischief_slash.png remapped: res://assets/opera/worlds/actors/imp_mischief_slash.png
Loading resource: res://.godot/imported/imp_mischief_slash.png-feef3a7d575df712da4960aea92d00eb.s3tc.ctex remapped: res://.godot/imported/imp_mischief_slash.png-feef3a7d575df712da4960aea92d00eb.s3tc.ctex
Completed load for: 'res://assets/opera/worlds/actors/imp_mischief_slash.png' remapped 'res://assets/opera/worlds/actors/imp_mischief_slash.png' at thread -1
Loading resource: res://assets/opera/worlds/actors/imp_mischief_recover.png remapped: res://assets/opera/worlds/actors/imp_mischief_recover.png
Loading resource: res://.godot/imported/imp_mischief_recover.png-9993ae96041a390c9d56b99855a20323.s3tc.ctex remapped: res://.godot/imported/imp_mischief_recover.png-9993ae96041a390c9d56b99855a20323.s3tc.ctex
Completed load for: 'res://assets/opera/worlds/actors/imp_mischief_recover.png' remapped 'res://assets/opera/worlds/actors/imp_mischief_recover.png' at thread -1
Loading resource: res://assets/opera/worlds/actors/imp_mischief_guard.png remapped: res://assets/opera/worlds/actors/imp_mischief_guard.png
Loading resource: res://.godot/imported/imp_mischief_guard.png-e0b51eb2c2b687acd70ab7e0486431b4.s3tc.ctex remapped: res://.godot/imported/imp_mischief_guard.png-e0b51eb2c2b687acd70ab7e0486431b4.s3tc.ctex
Completed load for: 'res://assets/opera/worlds/actors/imp_mischief_guard.png' remapped 'res://assets/opera/worlds/actors/imp_mischief_guard.png' at thread -1
Loading resource: res://assets/opera/worlds/actors/imp_mischief_stagger.png remapped: res://assets/opera/worlds/actors/imp_mischief_stagger.png
Loading resource: res://.godot/imported/imp_mischief_stagger.png-deb400ff054c7a4631756e74bc75bffe.s3tc.ctex remapped: res://.godot/imported/imp_mischief_stagger.png-deb400ff054c7a4631756e74bc75bffe.s3tc.ctex
Completed load for: 'res://assets/opera/worlds/actors/imp_mischief_stagger.png' remapped 'res://assets/opera/worlds/actors/imp_mischief_stagger.png' at thread -1
Loading resource: res://assets/opera/worlds/actors/imp_mischief_flee.png remapped: res://assets/opera/worlds/actors/imp_mischief_flee.png
Loading resource: res://.godot/imported/imp_mischief_flee.png-75ab59cf13833ac1972e0ab1614b4de8.s3tc.ctex remapped: res://.godot/imported/imp_mischief_flee.png-75ab59cf13833ac1972e0ab1614b4de8.s3tc.ctex
Completed load for: 'res://assets/opera/worlds/actors/imp_mischief_flee.png' remapped 'res://assets/opera/worlds/actors/imp_mischief_flee.png' at thread -1
Loading resource: res://assets/opera/worlds/actors/imp_mischief_taunt.png remapped: res://assets/opera/worlds/actors/imp_mischief_taunt.png
Loading resource: res://.godot/imported/imp_mischief_taunt.png-a891d360a40c9485aea56227a041d6c9.s3tc.ctex remapped: res://.godot/imported/imp_mischief_taunt.png-a891d360a40c9485aea56227a041d6c9.s3tc.ctex
Completed load for: 'res://assets/opera/worlds/actors/imp_mischief_taunt.png' remapped 'res://assets/opera/worlds/actors/imp_mischief_taunt.png' at thread -1
Loading resource: res://assets/opera/worlds/actors/imp_mischief_bopped.png remapped: res://assets/opera/worlds/actors/imp_mischief_bopped.png
Loading resource: res://.godot/imported/imp_mischief_bopped.png-276c2d81098a757a1274ef356d58e20d.s3tc.ctex remapped: res://.godot/imported/imp_mischief_bopped.png-276c2d81098a757a1274ef356d58e20d.s3tc.ctex
Completed load for: 'res://assets/opera/worlds/actors/imp_mischief_bopped.png' remapped 'res://assets/opera/worlds/actors/imp_mischief_bopped.png' at thread -1
Loading resource: res://assets/opera/worlds/actors/imp_captain.png remapped: res://assets/opera/worlds/actors/imp_captain.png
Loading resource: res://.godot/imported/imp_captain.png-e46cb032a0f4e73284cb41534b78dba6.s3tc.ctex remapped: res://.godot/imported/imp_captain.png-e46cb032a0f4e73284cb41534b78dba6.s3tc.ctex
Completed load for: 'res://assets/opera/worlds/actors/imp_captain.png' remapped 'res://assets/opera/worlds/actors/imp_captain.png' at thread -1
Loading resource: res://assets/opera/worlds/actors/imp_captain_windup.png remapped: res://assets/opera/worlds/actors/imp_captain_windup.png
Loading resource: res://.godot/imported/imp_captain_windup.png-8943ae388fceff3a2b93abea186ce701.s3tc.ctex remapped: res://.godot/imported/imp_captain_windup.png-8943ae388fceff3a2b93abea186ce701.s3tc.ctex
Completed load for: 'res://assets/opera/worlds/actors/imp_captain_windup.png' remapped 'res://assets/opera/worlds/actors/imp_captain_windup.png' at thread -1
Loading resource: res://assets/opera/worlds/actors/imp_captain_charge.png remapped: res://assets/opera/worlds/actors/imp_captain_charge.png
Loading resource: res://.godot/imported/imp_captain_charge.png-ca0f6b738d6b7acf2d7d62bda85c3ee9.s3tc.ctex remapped: res://.godot/imported/imp_captain_charge.png-ca0f6b738d6b7acf2d7d62bda85c3ee9.s3tc.ctex
Completed load for: 'res://assets/opera/worlds/actors/imp_captain_charge.png' remapped 'res://assets/opera/worlds/actors/imp_captain_charge.png' at thread -1
Loading resource: res://assets/opera/worlds/actors/imp_captain_slash.png remapped: res://assets/opera/worlds/actors/imp_captain_slash.png
Loading resource: res://.godot/imported/imp_captain_slash.png-c2f505657f2b06bee95b1e51e1c49129.s3tc.ctex remapped: res://.godot/imported/imp_captain_slash.png-c2f505657f2b06bee95b1e51e1c49129.s3tc.ctex
Completed load for: 'res://assets/opera/worlds/actors/imp_captain_slash.png' remapped 'res://assets/opera/worlds/actors/imp_captain_slash.png' at thread -1
Loading resource: res://assets/opera/worlds/actors/imp_captain_recover.png remapped: res://assets/opera/worlds/actors/imp_captain_recover.png
Loading resource: res://.godot/imported/imp_captain_recover.png-542263c7b6fc37fb29210456149073b0.s3tc.ctex remapped: res://.godot/imported/imp_captain_recover.png-542263c7b6fc37fb29210456149073b0.s3tc.ctex
Completed load for: 'res://assets/opera/worlds/actors/imp_captain_recover.png' remapped 'res://assets/opera/worlds/actors/imp_captain_recover.png' at thread -1
Loading resource: res://assets/opera/worlds/actors/imp_captain_guard.png remapped: res://assets/opera/worlds/actors/imp_captain_guard.png
Loading resource: res://.godot/imported/imp_captain_guard.png-e89585bc394d3dca313907cb2224501f.s3tc.ctex remapped: res://.godot/imported/imp_captain_guard.png-e89585bc394d3dca313907cb2224501f.s3tc.ctex
Completed load for: 'res://assets/opera/worlds/actors/imp_captain_guard.png' remapped 'res://assets/opera/worlds/actors/imp_captain_guard.png' at thread -1
Loading resource: res://assets/opera/worlds/actors/imp_captain_stagger.png remapped: res://assets/opera/worlds/actors/imp_captain_stagger.png
Loading resource: res://.godot/imported/imp_captain_stagger.png-f0d86df4f11e14a3c5b3094eb10f0acb.s3tc.ctex remapped: res://.godot/imported/imp_captain_stagger.png-f0d86df4f11e14a3c5b3094eb10f0acb.s3tc.ctex
Completed load for: 'res://assets/opera/worlds/actors/imp_captain_stagger.png' remapped 'res://assets/opera/worlds/actors/imp_captain_stagger.png' at thread -1
Loading resource: res://assets/opera/worlds/actors/imp_captain_flee.png remapped: res://assets/opera/worlds/actors/imp_captain_flee.png
Loading resource: res://.godot/imported/imp_captain_flee.png-10494cd923c0d79bdd4a59cef42f4027.s3tc.ctex remapped: res://.godot/imported/imp_captain_flee.png-10494cd923c0d79bdd4a59cef42f4027.s3tc.ctex
Completed load for: 'res://assets/opera/worlds/actors/imp_captain_flee.png' remapped 'res://assets/opera/worlds/actors/imp_captain_flee.png' at thread -1
Loading resource: res://assets/opera/worlds/actors/imp_captain_taunt.png remapped: res://assets/opera/worlds/actors/imp_captain_taunt.png
Loading resource: res://.godot/imported/imp_captain_taunt.png-954edfe43d7f3d0d339d9dcee7736514.s3tc.ctex remapped: res://.godot/imported/imp_captain_taunt.png-954edfe43d7f3d0d339d9dcee7736514.s3tc.ctex
Completed load for: 'res://assets/opera/worlds/actors/imp_captain_taunt.png' remapped 'res://assets/opera/worlds/actors/imp_captain_taunt.png' at thread -1
Loading resource: res://assets/opera/worlds/actors/imp_captain_bopped.png remapped: res://assets/opera/worlds/actors/imp_captain_bopped.png
Loading resource: res://.godot/imported/imp_captain_bopped.png-7b18e453603e8a4113fd2cbb62ded9b6.s3tc.ctex remapped: res://.godot/imported/imp_captain_bopped.png-7b18e453603e8a4113fd2cbb62ded9b6.s3tc.ctex
Completed load for: 'res://assets/opera/worlds/actors/imp_captain_bopped.png' remapped 'res://assets/opera/worlds/actors/imp_captain_bopped.png' at thread -1
Loading resource: res://assets/audio/voices/filler_v1/roshan_chapter2_farmer_gather_strawberries.ogg remapped: res://assets/audio/voices/filler_v1/roshan_chapter2_farmer_gather_strawberries.ogg
Loading resource: res://.godot/imported/roshan_chapter2_farmer_gather_strawberries.ogg-b9ee03d505b5c43165bca071f7fee16c.oggvorbisstr remapped: res://.godot/imported/roshan_chapter2_farmer_gather_strawberries.ogg-b9ee03d505b5c43165bca071f7fee16c.oggvorbisstr
Completed load for: 'res://assets/audio/voices/filler_v1/roshan_chapter2_farmer_gather_strawberries.ogg' remapped 'res://assets/audio/voices/filler_v1/roshan_chapter2_farmer_gather_strawberries.ogg' at thread -1
CHAPTER2_FARMER_RESUME|real Farmer scene builds five independent pickup buttons: OK
CHAPTER2_FARMER_RESUME|Farmer buttons use the approved single-berry resource: OK
CHAPTER2_FARMER_RESUME|resume 1/5 derives scene progress from saved mask: OK
CHAPTER2_FARMER_RESUME|resume 1/5 leaves only the next pickup enabled: OK
CHAPTER2_FARMER_RESUME|resume 1/5 reaches exactly five through remaining real button presses: OK
CHAPTER2_FARMER_RESUME|resume 1/5 ignores duplicate press without double credit: OK
CHAPTER2_FARMER_RESUME|resume 2/5 derives scene progress from saved mask: OK
CHAPTER2_FARMER_RESUME|resume 2/5 leaves only the next pickup enabled: OK
CHAPTER2_FARMER_RESUME|resume 2/5 reaches exactly five through remaining real button presses: OK
CHAPTER2_FARMER_RESUME|resume 2/5 ignores duplicate press without double credit: OK
CHAPTER2_FARMER_RESUME|resume 3/5 derives scene progress from saved mask: OK
CHAPTER2_FARMER_RESUME|resume 3/5 leaves only the next pickup enabled: OK
CHAPTER2_FARMER_RESUME|resume 3/5 reaches exactly five through remaining real button presses: OK
CHAPTER2_FARMER_RESUME|resume 3/5 ignores duplicate press without double credit: OK
CHAPTER2_FARMER_RESUME|resume 4/5 derives scene progress from saved mask: OK
CHAPTER2_FARMER_RESUME|resume 4/5 leaves only the next pickup enabled: OK
CHAPTER2_FARMER_RESUME|resume 4/5 reaches exactly five through remaining real button presses: OK
CHAPTER2_FARMER_RESUME|resume 4/5 ignores duplicate press without double credit: OK
Loading resource: res://assets/opera/worlds/ui/magnifier.png remapped: res://assets/opera/worlds/ui/magnifier.png
Loading resource: res://.godot/imported/magnifier.png-def06d7a41c5772f787cbecf1fb0c089.s3tc.ctex remapped: res://.godot/imported/magnifier.png-def06d7a41c5772f787cbecf1fb0c089.s3tc.ctex
Completed load for: 'res://assets/opera/worlds/ui/magnifier.png' remapped 'res://assets/opera/worlds/ui/magnifier.png' at thread -1
Loading resource: res://assets/opera/worlds/backdrops/world_chef.png remapped: res://assets/opera/worlds/backdrops/world_chef.png
Loading resource: res://.godot/imported/world_chef.png-ef6ca0dee3242fe8c57ffeff3f7a3325.ctex remapped: res://.godot/imported/world_chef.png-ef6ca0dee3242fe8c57ffeff3f7a3325.ctex
Completed load for: 'res://assets/opera/worlds/backdrops/world_chef.png' remapped 'res://assets/opera/worlds/backdrops/world_chef.png' at thread -1
Loading resource: res://assets/opera/worlds/backdrops/chef_story_clean_v1/world_chef_c0r0.png remapped: res://assets/opera/worlds/backdrops/chef_story_clean_v1/world_chef_c0r0.png
Loading resource: res://.godot/imported/world_chef_c0r0.png-0ece24d10e6f92afefe881c990eca893.s3tc.ctex remapped: res://.godot/imported/world_chef_c0r0.png-0ece24d10e6f92afefe881c990eca893.s3tc.ctex
Completed load for: 'res://assets/opera/worlds/backdrops/chef_story_clean_v1/world_chef_c0r0.png' remapped 'res://assets/opera/worlds/backdrops/chef_story_clean_v1/world_chef_c0r0.png' at thread -1
Loading resource: res://assets/opera/worlds/backdrops/chef_story_clean_v1/world_chef_c1r0.png remapped: res://assets/opera/worlds/backdrops/chef_story_clean_v1/world_chef_c1r0.png
Loading resource: res://.godot/imported/world_chef_c1r0.png-b86b61ecf9b65721574a81cb630d2ede.s3tc.ctex remapped: res://.godot/imported/world_chef_c1r0.png-b86b61ecf9b65721574a81cb630d2ede.s3tc.ctex
Completed load for: 'res://assets/opera/worlds/backdrops/chef_story_clean_v1/world_chef_c1r0.png' remapped 'res://assets/opera/worlds/backdrops/chef_story_clean_v1/world_chef_c1r0.png' at thread -1
Loading resource: res://assets/opera/worlds/backdrops/chef_story_clean_v1/world_chef_c0r1.png remapped: res://assets/opera/worlds/backdrops/chef_story_clean_v1/world_chef_c0r1.png
Loading resource: res://.godot/imported/world_chef_c0r1.png-6019a3e1b274d569c3088830cef4729b.s3tc.ctex remapped: res://.godot/imported/world_chef_c0r1.png-6019a3e1b274d569c3088830cef4729b.s3tc.ctex
Completed load for: 'res://assets/opera/worlds/backdrops/chef_story_clean_v1/world_chef_c0r1.png' remapped 'res://assets/opera/worlds/backdrops/chef_story_clean_v1/world_chef_c0r1.png' at thread -1
Loading resource: res://assets/opera/worlds/backdrops/chef_story_clean_v1/world_chef_c1r1.png remapped: res://assets/opera/worlds/backdrops/chef_story_clean_v1/world_chef_c1r1.png
Loading resource: res://.godot/imported/world_chef_c1r1.png-086c7fbfc39327d6bf09dea116fbb824.s3tc.ctex remapped: res://.godot/imported/world_chef_c1r1.png-086c7fbfc39327d6bf09dea116fbb824.s3tc.ctex
Completed load for: 'res://assets/opera/worlds/backdrops/chef_story_clean_v1/world_chef_c1r1.png' remapped 'res://assets/opera/worlds/backdrops/chef_story_clean_v1/world_chef_c1r1.png' at thread -1
Loading resource: res://assets/opera/worlds/backdrops/stage_chef_c0r0.png remapped: res://assets/opera/worlds/backdrops/stage_chef_c0r0.png
Loading resource: res://.godot/imported/stage_chef_c0r0.png-cc29211ddce9c8eb5ea02bb2f004767f.s3tc.ctex remapped: res://.godot/imported/stage_chef_c0r0.png-cc29211ddce9c8eb5ea02bb2f004767f.s3tc.ctex
Completed load for: 'res://assets/opera/worlds/backdrops/stage_chef_c0r0.png' remapped 'res://assets/opera/worlds/backdrops/stage_chef_c0r0.png' at thread -1
Loading resource: res://assets/opera/worlds/backdrops/stage_chef_c1r0.png remapped: res://assets/opera/worlds/backdrops/stage_chef_c1r0.png
Loading resource: res://.godot/imported/stage_chef_c1r0.png-192ef867e0aaac991da08dfe0b268abb.s3tc.ctex remapped: res://.godot/imported/stage_chef_c1r0.png-192ef867e0aaac991da08dfe0b268abb.s3tc.ctex
Completed load for: 'res://assets/opera/worlds/backdrops/stage_chef_c1r0.png' remapped 'res://assets/opera/worlds/backdrops/stage_chef_c1r0.png' at thread -1
Loading resource: res://assets/opera/worlds/backdrops/stage_chef_c0r1.png remapped: res://assets/opera/worlds/backdrops/stage_chef_c0r1.png
Loading resource: res://.godot/imported/stage_chef_c0r1.png-fa08fc12d8940ebdcaaf79672c5e43a3.s3tc.ctex remapped: res://.godot/imported/stage_chef_c0r1.png-fa08fc12d8940ebdcaaf79672c5e43a3.s3tc.ctex
Completed load for: 'res://assets/opera/worlds/backdrops/stage_chef_c0r1.png' remapped 'res://assets/opera/worlds/backdrops/stage_chef_c0r1.png' at thread -1
Loading resource: res://assets/opera/worlds/backdrops/stage_chef_c1r1.png remapped: res://assets/opera/worlds/backdrops/stage_chef_c1r1.png
Loading resource: res://.godot/imported/stage_chef_c1r1.png-205194b94ea589b7253dce7b86e817a7.s3tc.ctex remapped: res://.godot/imported/stage_chef_c1r1.png-205194b94ea589b7253dce7b86e817a7.s3tc.ctex
Completed load for: 'res://assets/opera/worlds/backdrops/stage_chef_c1r1.png' remapped 'res://assets/opera/worlds/backdrops/stage_chef_c1r1.png' at thread -1
Loading resource: res://assets/opera/worlds/actors/roshan_chef.png remapped: res://assets/opera/worlds/actors/roshan_chef.png
Loading resource: res://.godot/imported/roshan_chef.png-bc782154b95629319a4783a7946abf7a.s3tc.ctex remapped: res://.godot/imported/roshan_chef.png-bc782154b95629319a4783a7946abf7a.s3tc.ctex
Completed load for: 'res://assets/opera/worlds/actors/roshan_chef.png' remapped 'res://assets/opera/worlds/actors/roshan_chef.png' at thread -1
Loading resource: res://assets/opera/worlds/actors/animation/roshan_chef_sheet_a.png remapped: res://assets/opera/worlds/actors/animation/roshan_chef_sheet_a.png
Loading resource: res://.godot/imported/roshan_chef_sheet_a.png-4ec4a75ade66f00d68e03c6b5e93b0ec.ctex remapped: res://.godot/imported/roshan_chef_sheet_a.png-4ec4a75ade66f00d68e03c6b5e93b0ec.ctex
Completed load for: 'res://assets/opera/worlds/actors/animation/roshan_chef_sheet_a.png' remapped 'res://assets/opera/worlds/actors/animation/roshan_chef_sheet_a.png' at thread -1
Loading resource: res://assets/opera/worlds/actors/rival_chef.png remapped: res://assets/opera/worlds/actors/rival_chef.png
Loading resource: res://.godot/imported/rival_chef.png-2eef5f226867e382a410b29d539aa19d.s3tc.ctex remapped: res://.godot/imported/rival_chef.png-2eef5f226867e382a410b29d539aa19d.s3tc.ctex
Completed load for: 'res://assets/opera/worlds/actors/rival_chef.png' remapped 'res://assets/opera/worlds/actors/rival_chef.png' at thread -1
Loading resource: res://assets/opera/worlds/props/fx_bop_puff.png remapped: res://assets/opera/worlds/props/fx_bop_puff.png
Loading resource: res://.godot/imported/fx_bop_puff.png-44d6a8b8f3875802302bda4fdd154827.s3tc.ctex remapped: res://.godot/imported/fx_bop_puff.png-44d6a8b8f3875802302bda4fdd154827.s3tc.ctex
Completed load for: 'res://assets/opera/worlds/props/fx_bop_puff.png' remapped 'res://assets/opera/worlds/props/fx_bop_puff.png' at thread -1
Loading resource: res://assets/opera/worlds/actors/imp_mischief.png remapped: res://assets/opera/worlds/actors/imp_mischief.png
Loading resource: res://.godot/imported/imp_mischief.png-2aa91762cfa121884fd7c941a480cd75.s3tc.ctex remapped: res://.godot/imported/imp_mischief.png-2aa91762cfa121884fd7c941a480cd75.s3tc.ctex
Completed load for: 'res://assets/opera/worlds/actors/imp_mischief.png' remapped 'res://assets/opera/worlds/actors/imp_mischief.png' at thread -1
Loading resource: res://assets/opera/worlds/actors/imp_mischief_bopped.png remapped: res://assets/opera/worlds/actors/imp_mischief_bopped.png
Loading resource: res://.godot/imported/imp_mischief_bopped.png-276c2d81098a757a1274ef356d58e20d.s3tc.ctex remapped: res://.godot/imported/imp_mischief_bopped.png-276c2d81098a757a1274ef356d58e20d.s3tc.ctex
Completed load for: 'res://assets/opera/worlds/actors/imp_mischief_bopped.png' remapped 'res://assets/opera/worlds/actors/imp_mischief_bopped.png' at thread -1
Loading resource: res://assets/opera/worlds/actors/imp_mischief_bow.png remapped: res://assets/opera/worlds/actors/imp_mischief_bow.png
Loading resource: res://.godot/imported/imp_mischief_bow.png-643f90847c4113e6a65aff5fa7b6c3e8.s3tc.ctex remapped: res://.godot/imported/imp_mischief_bow.png-643f90847c4113e6a65aff5fa7b6c3e8.s3tc.ctex
Completed load for: 'res://assets/opera/worlds/actors/imp_mischief_bow.png' remapped 'res://assets/opera/worlds/actors/imp_mischief_bow.png' at thread -1
Loading resource: res://assets/opera/worlds/actors/imp_captain.png remapped: res://assets/opera/worlds/actors/imp_captain.png
Loading resource: res://.godot/imported/imp_captain.png-e46cb032a0f4e73284cb41534b78dba6.s3tc.ctex remapped: res://.godot/imported/imp_captain.png-e46cb032a0f4e73284cb41534b78dba6.s3tc.ctex
Completed load for: 'res://assets/opera/worlds/actors/imp_captain.png' remapped 'res://assets/opera/worlds/actors/imp_captain.png' at thread -1
Loading resource: res://assets/opera/worlds/actors/imp_captain_bopped.png remapped: res://assets/opera/worlds/actors/imp_captain_bopped.png
Loading resource: res://.godot/imported/imp_captain_bopped.png-7b18e453603e8a4113fd2cbb62ded9b6.s3tc.ctex remapped: res://.godot/imported/imp_captain_bopped.png-7b18e453603e8a4113fd2cbb62ded9b6.s3tc.ctex
Completed load for: 'res://assets/opera/worlds/actors/imp_captain_bopped.png' remapped 'res://assets/opera/worlds/actors/imp_captain_bopped.png' at thread -1
Loading resource: res://assets/opera/worlds/actors/imp_captain_bow.png remapped: res://assets/opera/worlds/actors/imp_captain_bow.png
Loading resource: res://.godot/imported/imp_captain_bow.png-12497944600f3a910cccf5033db21fec.s3tc.ctex remapped: res://.godot/imported/imp_captain_bow.png-12497944600f3a910cccf5033db21fec.s3tc.ctex
Completed load for: 'res://assets/opera/worlds/actors/imp_captain_bow.png' remapped 'res://assets/opera/worlds/actors/imp_captain_bow.png' at thread -1
Loading resource: res://assets/opera/worlds/props/fx_telegraph_ring.png remapped: res://assets/opera/worlds/props/fx_telegraph_ring.png
Loading resource: res://.godot/imported/fx_telegraph_ring.png-a5607cfab59aaf797e0ebc0e0d630b71.s3tc.ctex remapped: res://.godot/imported/fx_telegraph_ring.png-a5607cfab59aaf797e0ebc0e0d630b71.s3tc.ctex
Completed load for: 'res://assets/opera/worlds/props/fx_telegraph_ring.png' remapped 'res://assets/opera/worlds/props/fx_telegraph_ring.png' at thread -1
Loading resource: res://assets/opera/worlds/props/fx_telegraph_bang.png remapped: res://assets/opera/worlds/props/fx_telegraph_bang.png
Loading resource: res://.godot/imported/fx_telegraph_bang.png-5e57510f37f0277a1436815b2f5303f5.s3tc.ctex remapped: res://.godot/imported/fx_telegraph_bang.png-5e57510f37f0277a1436815b2f5303f5.s3tc.ctex
Completed load for: 'res://assets/opera/worlds/props/fx_telegraph_bang.png' remapped 'res://assets/opera/worlds/props/fx_telegraph_bang.png' at thread -1
Loading resource: res://assets/opera/worlds/props/fx_slash_arc.png remapped: res://assets/opera/worlds/props/fx_slash_arc.png
Loading resource: res://.godot/imported/fx_slash_arc.png-06c01e57545f44970f1e9749d78c8c7b.s3tc.ctex remapped: res://.godot/imported/fx_slash_arc.png-06c01e57545f44970f1e9749d78c8c7b.s3tc.ctex
Completed load for: 'res://assets/opera/worlds/props/fx_slash_arc.png' remapped 'res://assets/opera/worlds/props/fx_slash_arc.png' at thread -1
Loading resource: res://assets/opera/worlds/props/fx_dizzy_stars.png remapped: res://assets/opera/worlds/props/fx_dizzy_stars.png
Loading resource: res://.godot/imported/fx_dizzy_stars.png-e249bf547dbb4ae001be7738fcb2de24.s3tc.ctex remapped: res://.godot/imported/fx_dizzy_stars.png-e249bf547dbb4ae001be7738fcb2de24.s3tc.ctex
Completed load for: 'res://assets/opera/worlds/props/fx_dizzy_stars.png' remapped 'res://assets/opera/worlds/props/fx_dizzy_stars.png' at thread -1
Loading resource: res://assets/opera/worlds/actors/rival_chef_bopped.png remapped: res://assets/opera/worlds/actors/rival_chef_bopped.png
Loading resource: res://.godot/imported/rival_chef_bopped.png-a958e09708c682c295f572716a60e912.s3tc.ctex remapped: res://.godot/imported/rival_chef_bopped.png-a958e09708c682c295f572716a60e912.s3tc.ctex
Completed load for: 'res://assets/opera/worlds/actors/rival_chef_bopped.png' remapped 'res://assets/opera/worlds/actors/rival_chef_bopped.png' at thread -1
Loading resource: res://assets/opera/worlds/actors/rival_chef_windup.png remapped: res://assets/opera/worlds/actors/rival_chef_windup.png
Loading resource: res://.godot/imported/rival_chef_windup.png-f9813cf59d06c30dd766049c9c0390da.s3tc.ctex remapped: res://.godot/imported/rival_chef_windup.png-f9813cf59d06c30dd766049c9c0390da.s3tc.ctex
Completed load for: 'res://assets/opera/worlds/actors/rival_chef_windup.png' remapped 'res://assets/opera/worlds/actors/rival_chef_windup.png' at thread -1
Loading resource: res://assets/opera/worlds/actors/rival_chef_charge.png remapped: res://assets/opera/worlds/actors/rival_chef_charge.png
Loading resource: res://.godot/imported/rival_chef_charge.png-b77b9ce0ecdb43770202bb02ab20497c.s3tc.ctex remapped: res://.godot/imported/rival_chef_charge.png-b77b9ce0ecdb43770202bb02ab20497c.s3tc.ctex
Completed load for: 'res://assets/opera/worlds/actors/rival_chef_charge.png' remapped 'res://assets/opera/worlds/actors/rival_chef_charge.png' at thread -1
Loading resource: res://assets/opera/worlds/actors/rival_chef_slash.png remapped: res://assets/opera/worlds/actors/rival_chef_slash.png
Loading resource: res://.godot/imported/rival_chef_slash.png-86d13b64a3548479071cb37cba647d50.s3tc.ctex remapped: res://.godot/imported/rival_chef_slash.png-86d13b64a3548479071cb37cba647d50.s3tc.ctex
Completed load for: 'res://assets/opera/worlds/actors/rival_chef_slash.png' remapped 'res://assets/opera/worlds/actors/rival_chef_slash.png' at thread -1
Loading resource: res://assets/opera/worlds/actors/rival_chef_recover.png remapped: res://assets/opera/worlds/actors/rival_chef_recover.png
Loading resource: res://.godot/imported/rival_chef_recover.png-ce8a2f6ee2a0834a6a528e42ac87cdee.s3tc.ctex remapped: res://.godot/imported/rival_chef_recover.png-ce8a2f6ee2a0834a6a528e42ac87cdee.s3tc.ctex
Completed load for: 'res://assets/opera/worlds/actors/rival_chef_recover.png' remapped 'res://assets/opera/worlds/actors/rival_chef_recover.png' at thread -1
Loading resource: res://assets/opera/worlds/actors/rival_chef_guard.png remapped: res://assets/opera/worlds/actors/rival_chef_guard.png
Loading resource: res://.godot/imported/rival_chef_guard.png-681802d5b3c14a74967dc098c77c2d70.s3tc.ctex remapped: res://.godot/imported/rival_chef_guard.png-681802d5b3c14a74967dc098c77c2d70.s3tc.ctex
Completed load for: 'res://assets/opera/worlds/actors/rival_chef_guard.png' remapped 'res://assets/opera/worlds/actors/rival_chef_guard.png' at thread -1
Loading resource: res://assets/opera/worlds/actors/rival_chef_stagger.png remapped: res://assets/opera/worlds/actors/rival_chef_stagger.png
Loading resource: res://.godot/imported/rival_chef_stagger.png-4483fdfb538c0c6a8121e30fbfc2dc4a.s3tc.ctex remapped: res://.godot/imported/rival_chef_stagger.png-4483fdfb538c0c6a8121e30fbfc2dc4a.s3tc.ctex
Completed load for: 'res://assets/opera/worlds/actors/rival_chef_stagger.png' remapped 'res://assets/opera/worlds/actors/rival_chef_stagger.png' at thread -1
Loading resource: res://assets/opera/worlds/actors/rival_chef_flee.png remapped: res://assets/opera/worlds/actors/rival_chef_flee.png
Loading resource: res://.godot/imported/rival_chef_flee.png-ac12146f9cc2e3eb85aa4951d735fdc8.s3tc.ctex remapped: res://.godot/imported/rival_chef_flee.png-ac12146f9cc2e3eb85aa4951d735fdc8.s3tc.ctex
Completed load for: 'res://assets/opera/worlds/actors/rival_chef_flee.png' remapped 'res://assets/opera/worlds/actors/rival_chef_flee.png' at thread -1
Loading resource: res://assets/opera/worlds/actors/rival_chef_taunt.png remapped: res://assets/opera/worlds/actors/rival_chef_taunt.png
Loading resource: res://.godot/imported/rival_chef_taunt.png-31a97cb0e4c18955a4e497a7d2acdb22.s3tc.ctex remapped: res://.godot/imported/rival_chef_taunt.png-31a97cb0e4c18955a4e497a7d2acdb22.s3tc.ctex
Completed load for: 'res://assets/opera/worlds/actors/rival_chef_taunt.png' remapped 'res://assets/opera/worlds/actors/rival_chef_taunt.png' at thread -1
Loading resource: res://assets/opera/worlds/actors/rival_chef_hop_a.png remapped: res://assets/opera/worlds/actors/rival_chef_hop_a.png
Loading resource: res://.godot/imported/rival_chef_hop_a.png-4ee494dffb2a86f7acfc727f379b7305.s3tc.ctex remapped: res://.godot/imported/rival_chef_hop_a.png-4ee494dffb2a86f7acfc727f379b7305.s3tc.ctex
Completed load for: 'res://assets/opera/worlds/actors/rival_chef_hop_a.png' remapped 'res://assets/opera/worlds/actors/rival_chef_hop_a.png' at thread -1
Loading resource: res://assets/opera/worlds/actors/rival_chef_hop_b.png remapped: res://assets/opera/worlds/actors/rival_chef_hop_b.png
Loading resource: res://.godot/imported/rival_chef_hop_b.png-c61e03499b064c3a7c8b04685a205bfd.s3tc.ctex remapped: res://.godot/imported/rival_chef_hop_b.png-c61e03499b064c3a7c8b04685a205bfd.s3tc.ctex
Completed load for: 'res://assets/opera/worlds/actors/rival_chef_hop_b.png' remapped 'res://assets/opera/worlds/actors/rival_chef_hop_b.png' at thread -1
Loading resource: res://assets/opera/worlds/actors/rival_chef_bow.png remapped: res://assets/opera/worlds/actors/rival_chef_bow.png
Loading resource: res://.godot/imported/rival_chef_bow.png-d2fd6fc40f5a42e5f64d3d1f0c6a3a4e.s3tc.ctex remapped: res://.godot/imported/rival_chef_bow.png-d2fd6fc40f5a42e5f64d3d1f0c6a3a4e.s3tc.ctex
Completed load for: 'res://assets/opera/worlds/actors/rival_chef_bow.png' remapped 'res://assets/opera/worlds/actors/rival_chef_bow.png' at thread -1
Loading resource: res://assets/opera/worlds/actors/imp_mischief.png remapped: res://assets/opera/worlds/actors/imp_mischief.png
Loading resource: res://.godot/imported/imp_mischief.png-2aa91762cfa121884fd7c941a480cd75.s3tc.ctex remapped: res://.godot/imported/imp_mischief.png-2aa91762cfa121884fd7c941a480cd75.s3tc.ctex
Completed load for: 'res://assets/opera/worlds/actors/imp_mischief.png' remapped 'res://assets/opera/worlds/actors/imp_mischief.png' at thread -1
Loading resource: res://assets/opera/worlds/actors/imp_mischief_windup.png remapped: res://assets/opera/worlds/actors/imp_mischief_windup.png
Loading resource: res://.godot/imported/imp_mischief_windup.png-27644fd709fe5393e0a8caad88b075b6.s3tc.ctex remapped: res://.godot/imported/imp_mischief_windup.png-27644fd709fe5393e0a8caad88b075b6.s3tc.ctex
Completed load for: 'res://assets/opera/worlds/actors/imp_mischief_windup.png' remapped 'res://assets/opera/worlds/actors/imp_mischief_windup.png' at thread -1
Loading resource: res://assets/opera/worlds/actors/imp_mischief_charge.png remapped: res://assets/opera/worlds/actors/imp_mischief_charge.png
Loading resource: res://.godot/imported/imp_mischief_charge.png-7651fd8a67674c1425677cc73b08a982.s3tc.ctex remapped: res://.godot/imported/imp_mischief_charge.png-7651fd8a67674c1425677cc73b08a982.s3tc.ctex
Completed load for: 'res://assets/opera/worlds/actors/imp_mischief_charge.png' remapped 'res://assets/opera/worlds/actors/imp_mischief_charge.png' at thread -1
Loading resource: res://assets/opera/worlds/actors/imp_mischief_slash.png remapped: res://assets/opera/worlds/actors/imp_mischief_slash.png
Loading resource: res://.godot/imported/imp_mischief_slash.png-feef3a7d575df712da4960aea92d00eb.s3tc.ctex remapped: res://.godot/imported/imp_mischief_slash.png-feef3a7d575df712da4960aea92d00eb.s3tc.ctex
Completed load for: 'res://assets/opera/worlds/actors/imp_mischief_slash.png' remapped 'res://assets/opera/worlds/actors/imp_mischief_slash.png' at thread -1
Loading resource: res://assets/opera/worlds/actors/imp_mischief_recover.png remapped: res://assets/opera/worlds/actors/imp_mischief_recover.png
Loading resource: res://.godot/imported/imp_mischief_recover.png-9993ae96041a390c9d56b99855a20323.s3tc.ctex remapped: res://.godot/imported/imp_mischief_recover.png-9993ae96041a390c9d56b99855a20323.s3tc.ctex
Completed load for: 'res://assets/opera/worlds/actors/imp_mischief_recover.png' remapped 'res://assets/opera/worlds/actors/imp_mischief_recover.png' at thread -1
Loading resource: res://assets/opera/worlds/actors/imp_mischief_guard.png remapped: res://assets/opera/worlds/actors/imp_mischief_guard.png
Loading resource: res://.godot/imported/imp_mischief_guard.png-e0b51eb2c2b687acd70ab7e0486431b4.s3tc.ctex remapped: res://.godot/imported/imp_mischief_guard.png-e0b51eb2c2b687acd70ab7e0486431b4.s3tc.ctex
Completed load for: 'res://assets/opera/worlds/actors/imp_mischief_guard.png' remapped 'res://assets/opera/worlds/actors/imp_mischief_guard.png' at thread -1
Loading resource: res://assets/opera/worlds/actors/imp_mischief_stagger.png remapped: res://assets/opera/worlds/actors/imp_mischief_stagger.png
Loading resource: res://.godot/imported/imp_mischief_stagger.png-deb400ff054c7a4631756e74bc75bffe.s3tc.ctex remapped: res://.godot/imported/imp_mischief_stagger.png-deb400ff054c7a4631756e74bc75bffe.s3tc.ctex
Completed load for: 'res://assets/opera/worlds/actors/imp_mischief_stagger.png' remapped 'res://assets/opera/worlds/actors/imp_mischief_stagger.png' at thread -1
Loading resource: res://assets/opera/worlds/actors/imp_mischief_flee.png remapped: res://assets/opera/worlds/actors/imp_mischief_flee.png
Loading resource: res://.godot/imported/imp_mischief_flee.png-75ab59cf13833ac1972e0ab1614b4de8.s3tc.ctex remapped: res://.godot/imported/imp_mischief_flee.png-75ab59cf13833ac1972e0ab1614b4de8.s3tc.ctex
Completed load for: 'res://assets/opera/worlds/actors/imp_mischief_flee.png' remapped 'res://assets/opera/worlds/actors/imp_mischief_flee.png' at thread -1
Loading resource: res://assets/opera/worlds/actors/imp_mischief_taunt.png remapped: res://assets/opera/worlds/actors/imp_mischief_taunt.png
Loading resource: res://.godot/imported/imp_mischief_taunt.png-a891d360a40c9485aea56227a041d6c9.s3tc.ctex remapped: res://.godot/imported/imp_mischief_taunt.png-a891d360a40c9485aea56227a041d6c9.s3tc.ctex
Completed load for: 'res://assets/opera/worlds/actors/imp_mischief_taunt.png' remapped 'res://assets/opera/worlds/actors/imp_mischief_taunt.png' at thread -1
Loading resource: res://assets/opera/worlds/actors/imp_mischief_bopped.png remapped: res://assets/opera/worlds/actors/imp_mischief_bopped.png
Loading resource: res://.godot/imported/imp_mischief_bopped.png-276c2d81098a757a1274ef356d58e20d.s3tc.ctex remapped: res://.godot/imported/imp_mischief_bopped.png-276c2d81098a757a1274ef356d58e20d.s3tc.ctex
Completed load for: 'res://assets/opera/worlds/actors/imp_mischief_bopped.png' remapped 'res://assets/opera/worlds/actors/imp_mischief_bopped.png' at thread -1
Loading resource: res://assets/opera/worlds/actors/imp_captain.png remapped: res://assets/opera/worlds/actors/imp_captain.png
Loading resource: res://.godot/imported/imp_captain.png-e46cb032a0f4e73284cb41534b78dba6.s3tc.ctex remapped: res://.godot/imported/imp_captain.png-e46cb032a0f4e73284cb41534b78dba6.s3tc.ctex
Completed load for: 'res://assets/opera/worlds/actors/imp_captain.png' remapped 'res://assets/opera/worlds/actors/imp_captain.png' at thread -1
Loading resource: res://assets/opera/worlds/actors/imp_captain_windup.png remapped: res://assets/opera/worlds/actors/imp_captain_windup.png
Loading resource: res://.godot/imported/imp_captain_windup.png-8943ae388fceff3a2b93abea186ce701.s3tc.ctex remapped: res://.godot/imported/imp_captain_windup.png-8943ae388fceff3a2b93abea186ce701.s3tc.ctex
Completed load for: 'res://assets/opera/worlds/actors/imp_captain_windup.png' remapped 'res://assets/opera/worlds/actors/imp_captain_windup.png' at thread -1
Loading resource: res://assets/opera/worlds/actors/imp_captain_charge.png remapped: res://assets/opera/worlds/actors/imp_captain_charge.png
Loading resource: res://.godot/imported/imp_captain_charge.png-ca0f6b738d6b7acf2d7d62bda85c3ee9.s3tc.ctex remapped: res://.godot/imported/imp_captain_charge.png-ca0f6b738d6b7acf2d7d62bda85c3ee9.s3tc.ctex
Completed load for: 'res://assets/opera/worlds/actors/imp_captain_charge.png' remapped 'res://assets/opera/worlds/actors/imp_captain_charge.png' at thread -1
Loading resource: res://assets/opera/worlds/actors/imp_captain_slash.png remapped: res://assets/opera/worlds/actors/imp_captain_slash.png
Loading resource: res://.godot/imported/imp_captain_slash.png-c2f505657f2b06bee95b1e51e1c49129.s3tc.ctex remapped: res://.godot/imported/imp_captain_slash.png-c2f505657f2b06bee95b1e51e1c49129.s3tc.ctex
Completed load for: 'res://assets/opera/worlds/actors/imp_captain_slash.png' remapped 'res://assets/opera/worlds/actors/imp_captain_slash.png' at thread -1
Loading resource: res://assets/opera/worlds/actors/imp_captain_recover.png remapped: res://assets/opera/worlds/actors/imp_captain_recover.png
Loading resource: res://.godot/imported/imp_captain_recover.png-542263c7b6fc37fb29210456149073b0.s3tc.ctex remapped: res://.godot/imported/imp_captain_recover.png-542263c7b6fc37fb29210456149073b0.s3tc.ctex
Completed load for: 'res://assets/opera/worlds/actors/imp_captain_recover.png' remapped 'res://assets/opera/worlds/actors/imp_captain_recover.png' at thread -1
Loading resource: res://assets/opera/worlds/actors/imp_captain_guard.png remapped: res://assets/opera/worlds/actors/imp_captain_guard.png
Loading resource: res://.godot/imported/imp_captain_guard.png-e89585bc394d3dca313907cb2224501f.s3tc.ctex remapped: res://.godot/imported/imp_captain_guard.png-e89585bc394d3dca313907cb2224501f.s3tc.ctex
Completed load for: 'res://assets/opera/worlds/actors/imp_captain_guard.png' remapped 'res://assets/opera/worlds/actors/imp_captain_guard.png' at thread -1
Loading resource: res://assets/opera/worlds/actors/imp_captain_stagger.png remapped: res://assets/opera/worlds/actors/imp_captain_stagger.png
Loading resource: res://.godot/imported/imp_captain_stagger.png-f0d86df4f11e14a3c5b3094eb10f0acb.s3tc.ctex remapped: res://.godot/imported/imp_captain_stagger.png-f0d86df4f11e14a3c5b3094eb10f0acb.s3tc.ctex
Completed load for: 'res://assets/opera/worlds/actors/imp_captain_stagger.png' remapped 'res://assets/opera/worlds/actors/imp_captain_stagger.png' at thread -1
Loading resource: res://assets/opera/worlds/actors/imp_captain_flee.png remapped: res://assets/opera/worlds/actors/imp_captain_flee.png
Loading resource: res://.godot/imported/imp_captain_flee.png-10494cd923c0d79bdd4a59cef42f4027.s3tc.ctex remapped: res://.godot/imported/imp_captain_flee.png-10494cd923c0d79bdd4a59cef42f4027.s3tc.ctex
Completed load for: 'res://assets/opera/worlds/actors/imp_captain_flee.png' remapped 'res://assets/opera/worlds/actors/imp_captain_flee.png' at thread -1
Loading resource: res://assets/opera/worlds/actors/imp_captain_taunt.png remapped: res://assets/opera/worlds/actors/imp_captain_taunt.png
Loading resource: res://.godot/imported/imp_captain_taunt.png-954edfe43d7f3d0d339d9dcee7736514.s3tc.ctex remapped: res://.godot/imported/imp_captain_taunt.png-954edfe43d7f3d0d339d9dcee7736514.s3tc.ctex
Completed load for: 'res://assets/opera/worlds/actors/imp_captain_taunt.png' remapped 'res://assets/opera/worlds/actors/imp_captain_taunt.png' at thread -1
Loading resource: res://assets/opera/worlds/actors/imp_captain_bopped.png remapped: res://assets/opera/worlds/actors/imp_captain_bopped.png
Loading resource: res://.godot/imported/imp_captain_bopped.png-7b18e453603e8a4113fd2cbb62ded9b6.s3tc.ctex remapped: res://.godot/imported/imp_captain_bopped.png-7b18e453603e8a4113fd2cbb62ded9b6.s3tc.ctex
Completed load for: 'res://assets/opera/worlds/actors/imp_captain_bopped.png' remapped 'res://assets/opera/worlds/actors/imp_captain_bopped.png' at thread -1
Loading resource: res://assets/audio/voices/filler_v1/roshan_op_chef_pour_stage.ogg remapped: res://assets/audio/voices/filler_v1/roshan_op_chef_pour_stage.ogg
Loading resource: res://.godot/imported/roshan_op_chef_pour_stage.ogg-cc6ca1215618ea0853e35f5f93a50529.oggvorbisstr remapped: res://.godot/imported/roshan_op_chef_pour_stage.ogg-cc6ca1215618ea0853e35f5f93a50529.oggvorbisstr
Completed load for: 'res://assets/audio/voices/filler_v1/roshan_op_chef_pour_stage.ogg' remapped 'res://assets/audio/voices/filler_v1/roshan_op_chef_pour_stage.ogg' at thread -1
Loading resource: res://assets/opera/worlds/widgets/widget_pour_chef_mover.png remapped: res://assets/opera/worlds/widgets/widget_pour_chef_mover.png
Loading resource: res://.godot/imported/widget_pour_chef_mover.png-93e22fb06eb104e0ace859c262820176.s3tc.ctex remapped: res://.godot/imported/widget_pour_chef_mover.png-93e22fb06eb104e0ace859c262820176.s3tc.ctex
Completed load for: 'res://assets/opera/worlds/widgets/widget_pour_chef_mover.png' remapped 'res://assets/opera/worlds/widgets/widget_pour_chef_mover.png' at thread -1
Loading resource: res://assets/opera/worlds/widgets/widget_pour_chef_fill.png remapped: res://assets/opera/worlds/widgets/widget_pour_chef_fill.png
Loading resource: res://.godot/imported/widget_pour_chef_fill.png-cccded297e5de5e023c76be85758c2dc.ctex remapped: res://.godot/imported/widget_pour_chef_fill.png-cccded297e5de5e023c76be85758c2dc.ctex
Completed load for: 'res://assets/opera/worlds/widgets/widget_pour_chef_fill.png' remapped 'res://assets/opera/worlds/widgets/widget_pour_chef_fill.png' at thread -1
CHAPTER2_FARMER_RESUME|Chef saved mask 00 owns a healed, complete POT backdrop: OK
CHAPTER2_FARMER_RESUME|Chef saved mask 00 has one physical cake state: OK
CHAPTER2_FARMER_RESUME|Hidden rack rows release stale baked textures: OK
CHAPTER2_FARMER_RESUME|Farmer handoff keeps five native berries on the kitchen platform: OK
CHAPTER2_FARMER_RESUME|Chef saved mask 00 cannot advance without a child action: OK
Loading resource: res://assets/opera/worlds/ui/magnifier.png remapped: res://assets/opera/worlds/ui/magnifier.png
Loading resource: res://.godot/imported/magnifier.png-def06d7a41c5772f787cbecf1fb0c089.s3tc.ctex remapped: res://.godot/imported/magnifier.png-def06d7a41c5772f787cbecf1fb0c089.s3tc.ctex
Completed load for: 'res://assets/opera/worlds/ui/magnifier.png' remapped 'res://assets/opera/worlds/ui/magnifier.png' at thread -1
Loading resource: res://assets/opera/worlds/backdrops/world_chef.png remapped: res://assets/opera/worlds/backdrops/world_chef.png
Loading resource: res://.godot/imported/world_chef.png-ef6ca0dee3242fe8c57ffeff3f7a3325.ctex remapped: res://.godot/imported/world_chef.png-ef6ca0dee3242fe8c57ffeff3f7a3325.ctex
Completed load for: 'res://assets/opera/worlds/backdrops/world_chef.png' remapped 'res://assets/opera/worlds/backdrops/world_chef.png' at thread -1
Loading resource: res://assets/opera/worlds/backdrops/chef_story_clean_v1/world_chef_c0r0.png remapped: res://assets/opera/worlds/backdrops/chef_story_clean_v1/world_chef_c0r0.png
Loading resource: res://.godot/imported/world_chef_c0r0.png-0ece24d10e6f92afefe881c990eca893.s3tc.ctex remapped: res://.godot/imported/world_chef_c0r0.png-0ece24d10e6f92afefe881c990eca893.s3tc.ctex
Completed load for: 'res://assets/opera/worlds/backdrops/chef_story_clean_v1/world_chef_c0r0.png' remapped 'res://assets/opera/worlds/backdrops/chef_story_clean_v1/world_chef_c0r0.png' at thread -1
Loading resource: res://assets/opera/worlds/backdrops/chef_story_clean_v1/world_chef_c1r0.png remapped: res://assets/opera/worlds/backdrops/chef_story_clean_v1/world_chef_c1r0.png
Loading resource: res://.godot/imported/world_chef_c1r0.png-b86b61ecf9b65721574a81cb630d2ede.s3tc.ctex remapped: res://.godot/imported/world_chef_c1r0.png-b86b61ecf9b65721574a81cb630d2ede.s3tc.ctex
Completed load for: 'res://assets/opera/worlds/backdrops/chef_story_clean_v1/world_chef_c1r0.png' remapped 'res://assets/opera/worlds/backdrops/chef_story_clean_v1/world_chef_c1r0.png' at thread -1
Loading resource: res://assets/opera/worlds/backdrops/chef_story_clean_v1/world_chef_c0r1.png remapped: res://assets/opera/worlds/backdrops/chef_story_clean_v1/world_chef_c0r1.png
Loading resource: res://.godot/imported/world_chef_c0r1.png-6019a3e1b274d569c3088830cef4729b.s3tc.ctex remapped: res://.godot/imported/world_chef_c0r1.png-6019a3e1b274d569c3088830cef4729b.s3tc.ctex
Completed load for: 'res://assets/opera/worlds/backdrops/chef_story_clean_v1/world_chef_c0r1.png' remapped 'res://assets/opera/worlds/backdrops/chef_story_clean_v1/world_chef_c0r1.png' at thread -1
Loading resource: res://assets/opera/worlds/backdrops/chef_story_clean_v1/world_chef_c1r1.png remapped: res://assets/opera/worlds/backdrops/chef_story_clean_v1/world_chef_c1r1.png
Loading resource: res://.godot/imported/world_chef_c1r1.png-086c7fbfc39327d6bf09dea116fbb824.s3tc.ctex remapped: res://.godot/imported/world_chef_c1r1.png-086c7fbfc39327d6bf09dea116fbb824.s3tc.ctex
Completed load for: 'res://assets/opera/worlds/backdrops/chef_story_clean_v1/world_chef_c1r1.png' remapped 'res://assets/opera/worlds/backdrops/chef_story_clean_v1/world_chef_c1r1.png' at thread -1
Loading resource: res://assets/opera/worlds/backdrops/stage_chef_c0r0.png remapped: res://assets/opera/worlds/backdrops/stage_chef_c0r0.png
Loading resource: res://.godot/imported/stage_chef_c0r0.png-cc29211ddce9c8eb5ea02bb2f004767f.s3tc.ctex remapped: res://.godot/imported/stage_chef_c0r0.png-cc29211ddce9c8eb5ea02bb2f004767f.s3tc.ctex
Completed load for: 'res://assets/opera/worlds/backdrops/stage_chef_c0r0.png' remapped 'res://assets/opera/worlds/backdrops/stage_chef_c0r0.png' at thread -1
Loading resource: res://assets/opera/worlds/backdrops/stage_chef_c1r0.png remapped: res://assets/opera/worlds/backdrops/stage_chef_c1r0.png
Loading resource: res://.godot/imported/stage_chef_c1r0.png-192ef867e0aaac991da08dfe0b268abb.s3tc.ctex remapped: res://.godot/imported/stage_chef_c1r0.png-192ef867e0aaac991da08dfe0b268abb.s3tc.ctex
Completed load for: 'res://assets/opera/worlds/backdrops/stage_chef_c1r0.png' remapped 'res://assets/opera/worlds/backdrops/stage_chef_c1r0.png' at thread -1
Loading resource: res://assets/opera/worlds/backdrops/stage_chef_c0r1.png remapped: res://assets/opera/worlds/backdrops/stage_chef_c0r1.png
Loading resource: res://.godot/imported/stage_chef_c0r1.png-fa08fc12d8940ebdcaaf79672c5e43a3.s3tc.ctex remapped: res://.godot/imported/stage_chef_c0r1.png-fa08fc12d8940ebdcaaf79672c5e43a3.s3tc.ctex
Completed load for: 'res://assets/opera/worlds/backdrops/stage_chef_c0r1.png' remapped 'res://assets/opera/worlds/backdrops/stage_chef_c0r1.png' at thread -1
Loading resource: res://assets/opera/worlds/backdrops/stage_chef_c1r1.png remapped: res://assets/opera/worlds/backdrops/stage_chef_c1r1.png
Loading resource: res://.godot/imported/stage_chef_c1r1.png-205194b94ea589b7253dce7b86e817a7.s3tc.ctex remapped: res://.godot/imported/stage_chef_c1r1.png-205194b94ea589b7253dce7b86e817a7.s3tc.ctex
Completed load for: 'res://assets/opera/worlds/backdrops/stage_chef_c1r1.png' remapped 'res://assets/opera/worlds/backdrops/stage_chef_c1r1.png' at thread -1
Loading resource: res://assets/chapter2/birthday/chapter2_chef_batter_unstirred.png remapped: res://assets/chapter2/birthday/chapter2_chef_batter_unstirred.png
Loading resource: res://.godot/imported/chapter2_chef_batter_unstirred.png-0e071f688f7ea26d07229bac9c7645c8.ctex remapped: res://.godot/imported/chapter2_chef_batter_unstirred.png-0e071f688f7ea26d07229bac9c7645c8.ctex
Completed load for: 'res://assets/chapter2/birthday/chapter2_chef_batter_unstirred.png' remapped 'res://assets/chapter2/birthday/chapter2_chef_batter_unstirred.png' at thread -1
Loading resource: res://assets/opera/worlds/actors/roshan_chef.png remapped: res://assets/opera/worlds/actors/roshan_chef.png
Loading resource: res://.godot/imported/roshan_chef.png-bc782154b95629319a4783a7946abf7a.s3tc.ctex remapped: res://.godot/imported/roshan_chef.png-bc782154b95629319a4783a7946abf7a.s3tc.ctex
Completed load for: 'res://assets/opera/worlds/actors/roshan_chef.png' remapped 'res://assets/opera/worlds/actors/roshan_chef.png' at thread -1
Loading resource: res://assets/opera/worlds/actors/animation/roshan_chef_sheet_a.png remapped: res://assets/opera/worlds/actors/animation/roshan_chef_sheet_a.png
Loading resource: res://.godot/imported/roshan_chef_sheet_a.png-4ec4a75ade66f00d68e03c6b5e93b0ec.ctex remapped: res://.godot/imported/roshan_chef_sheet_a.png-4ec4a75ade66f00d68e03c6b5e93b0ec.ctex
Completed load for: 'res://assets/opera/worlds/actors/animation/roshan_chef_sheet_a.png' remapped 'res://assets/opera/worlds/actors/animation/roshan_chef_sheet_a.png' at thread -1
Loading resource: res://assets/opera/worlds/actors/rival_chef.png remapped: res://assets/opera/worlds/actors/rival_chef.png
Loading resource: res://.godot/imported/rival_chef.png-2eef5f226867e382a410b29d539aa19d.s3tc.ctex remapped: res://.godot/imported/rival_chef.png-2eef5f226867e382a410b29d539aa19d.s3tc.ctex
Completed load for: 'res://assets/opera/worlds/actors/rival_chef.png' remapped 'res://assets/opera/worlds/actors/rival_chef.png' at thread -1
Loading resource: res://assets/opera/worlds/props/fx_bop_puff.png remapped: res://assets/opera/worlds/props/fx_bop_puff.png
Loading resource: res://.godot/imported/fx_bop_puff.png-44d6a8b8f3875802302bda4fdd154827.s3tc.ctex remapped: res://.godot/imported/fx_bop_puff.png-44d6a8b8f3875802302bda4fdd154827.s3tc.ctex
Completed load for: 'res://assets/opera/worlds/props/fx_bop_puff.png' remapped 'res://assets/opera/worlds/props/fx_bop_puff.png' at thread -1
Loading resource: res://assets/opera/worlds/actors/imp_mischief.png remapped: res://assets/opera/worlds/actors/imp_mischief.png
Loading resource: res://.godot/imported/imp_mischief.png-2aa91762cfa121884fd7c941a480cd75.s3tc.ctex remapped: res://.godot/imported/imp_mischief.png-2aa91762cfa121884fd7c941a480cd75.s3tc.ctex
Completed load for: 'res://assets/opera/worlds/actors/imp_mischief.png' remapped 'res://assets/opera/worlds/actors/imp_mischief.png' at thread -1
Loading resource: res://assets/opera/worlds/actors/imp_mischief_bopped.png remapped: res://assets/opera/worlds/actors/imp_mischief_bopped.png
Loading resource: res://.godot/imported/imp_mischief_bopped.png-276c2d81098a757a1274ef356d58e20d.s3tc.ctex remapped: res://.godot/imported/imp_mischief_bopped.png-276c2d81098a757a1274ef356d58e20d.s3tc.ctex
Completed load for: 'res://assets/opera/worlds/actors/imp_mischief_bopped.png' remapped 'res://assets/opera/worlds/actors/imp_mischief_bopped.png' at thread -1
Loading resource: res://assets/opera/worlds/actors/imp_mischief_bow.png remapped: res://assets/opera/worlds/actors/imp_mischief_bow.png
Loading resource: res://.godot/imported/imp_mischief_bow.png-643f90847c4113e6a65aff5fa7b6c3e8.s3tc.ctex remapped: res://.godot/imported/imp_mischief_bow.png-643f90847c4113e6a65aff5fa7b6c3e8.s3tc.ctex
Completed load for: 'res://assets/opera/worlds/actors/imp_mischief_bow.png' remapped 'res://assets/opera/worlds/actors/imp_mischief_bow.png' at thread -1
Loading resource: res://assets/opera/worlds/actors/imp_captain.png remapped: res://assets/opera/worlds/actors/imp_captain.png
Loading resource: res://.godot/imported/imp_captain.png-e46cb032a0f4e73284cb41534b78dba6.s3tc.ctex remapped: res://.godot/imported/imp_captain.png-e46cb032a0f4e73284cb41534b78dba6.s3tc.ctex
Completed load for: 'res://assets/opera/worlds/actors/imp_captain.png' remapped 'res://assets/opera/worlds/actors/imp_captain.png' at thread -1
Loading resource: res://assets/opera/worlds/actors/imp_captain_bopped.png remapped: res://assets/opera/worlds/actors/imp_captain_bopped.png
Loading resource: res://.godot/imported/imp_captain_bopped.png-7b18e453603e8a4113fd2cbb62ded9b6.s3tc.ctex remapped: res://.godot/imported/imp_captain_bopped.png-7b18e453603e8a4113fd2cbb62ded9b6.s3tc.ctex
Completed load for: 'res://assets/opera/worlds/actors/imp_captain_bopped.png' remapped 'res://assets/opera/worlds/actors/imp_captain_bopped.png' at thread -1
Loading resource: res://assets/opera/worlds/actors/imp_captain_bow.png remapped: res://assets/opera/worlds/actors/imp_captain_bow.png
Loading resource: res://.godot/imported/imp_captain_bow.png-12497944600f3a910cccf5033db21fec.s3tc.ctex remapped: res://.godot/imported/imp_captain_bow.png-12497944600f3a910cccf5033db21fec.s3tc.ctex
Completed load for: 'res://assets/opera/worlds/actors/imp_captain_bow.png' remapped 'res://assets/opera/worlds/actors/imp_captain_bow.png' at thread -1
Loading resource: res://assets/opera/worlds/props/fx_telegraph_ring.png remapped: res://assets/opera/worlds/props/fx_telegraph_ring.png
Loading resource: res://.godot/imported/fx_telegraph_ring.png-a5607cfab59aaf797e0ebc0e0d630b71.s3tc.ctex remapped: res://.godot/imported/fx_telegraph_ring.png-a5607cfab59aaf797e0ebc0e0d630b71.s3tc.ctex
Completed load for: 'res://assets/opera/worlds/props/fx_telegraph_ring.png' remapped 'res://assets/opera/worlds/props/fx_telegraph_ring.png' at thread -1
Loading resource: res://assets/opera/worlds/props/fx_telegraph_bang.png remapped: res://assets/opera/worlds/props/fx_telegraph_bang.png
Loading resource: res://.godot/imported/fx_telegraph_bang.png-5e57510f37f0277a1436815b2f5303f5.s3tc.ctex remapped: res://.godot/imported/fx_telegraph_bang.png-5e57510f37f0277a1436815b2f5303f5.s3tc.ctex
Completed load for: 'res://assets/opera/worlds/props/fx_telegraph_bang.png' remapped 'res://assets/opera/worlds/props/fx_telegraph_bang.png' at thread -1
Loading resource: res://assets/opera/worlds/props/fx_slash_arc.png remapped: res://assets/opera/worlds/props/fx_slash_arc.png
Loading resource: res://.godot/imported/fx_slash_arc.png-06c01e57545f44970f1e9749d78c8c7b.s3tc.ctex remapped: res://.godot/imported/fx_slash_arc.png-06c01e57545f44970f1e9749d78c8c7b.s3tc.ctex
Completed load for: 'res://assets/opera/worlds/props/fx_slash_arc.png' remapped 'res://assets/opera/worlds/props/fx_slash_arc.png' at thread -1
Loading resource: res://assets/opera/worlds/props/fx_dizzy_stars.png remapped: res://assets/opera/worlds/props/fx_dizzy_stars.png
Loading resource: res://.godot/imported/fx_dizzy_stars.png-e249bf547dbb4ae001be7738fcb2de24.s3tc.ctex remapped: res://.godot/imported/fx_dizzy_stars.png-e249bf547dbb4ae001be7738fcb2de24.s3tc.ctex
Completed load for: 'res://assets/opera/worlds/props/fx_dizzy_stars.png' remapped 'res://assets/opera/worlds/props/fx_dizzy_stars.png' at thread -1
Loading resource: res://assets/opera/worlds/actors/rival_chef_bopped.png remapped: res://assets/opera/worlds/actors/rival_chef_bopped.png
Loading resource: res://.godot/imported/rival_chef_bopped.png-a958e09708c682c295f572716a60e912.s3tc.ctex remapped: res://.godot/imported/rival_chef_bopped.png-a958e09708c682c295f572716a60e912.s3tc.ctex
Completed load for: 'res://assets/opera/worlds/actors/rival_chef_bopped.png' remapped 'res://assets/opera/worlds/actors/rival_chef_bopped.png' at thread -1
Loading resource: res://assets/opera/worlds/actors/rival_chef_windup.png remapped: res://assets/opera/worlds/actors/rival_chef_windup.png
Loading resource: res://.godot/imported/rival_chef_windup.png-f9813cf59d06c30dd766049c9c0390da.s3tc.ctex remapped: res://.godot/imported/rival_chef_windup.png-f9813cf59d06c30dd766049c9c0390da.s3tc.ctex
Completed load for: 'res://assets/opera/worlds/actors/rival_chef_windup.png' remapped 'res://assets/opera/worlds/actors/rival_chef_windup.png' at thread -1
Loading resource: res://assets/opera/worlds/actors/rival_chef_charge.png remapped: res://assets/opera/worlds/actors/rival_chef_charge.png
Loading resource: res://.godot/imported/rival_chef_charge.png-b77b9ce0ecdb43770202bb02ab20497c.s3tc.ctex remapped: res://.godot/imported/rival_chef_charge.png-b77b9ce0ecdb43770202bb02ab20497c.s3tc.ctex
Completed load for: 'res://assets/opera/worlds/actors/rival_chef_charge.png' remapped 'res://assets/opera/worlds/actors/rival_chef_charge.png' at thread -1
Loading resource: res://assets/opera/worlds/actors/rival_chef_slash.png remapped: res://assets/opera/worlds/actors/rival_chef_slash.png
Loading resource: res://.godot/imported/rival_chef_slash.png-86d13b64a3548479071cb37cba647d50.s3tc.ctex remapped: res://.godot/imported/rival_chef_slash.png-86d13b64a3548479071cb37cba647d50.s3tc.ctex
Completed load for: 'res://assets/opera/worlds/actors/rival_chef_slash.png' remapped 'res://assets/opera/worlds/actors/rival_chef_slash.png' at thread -1
Loading resource: res://assets/opera/worlds/actors/rival_chef_recover.png remapped: res://assets/opera/worlds/actors/rival_chef_recover.png
Loading resource: res://.godot/imported/rival_chef_recover.png-ce8a2f6ee2a0834a6a528e42ac87cdee.s3tc.ctex remapped: res://.godot/imported/rival_chef_recover.png-ce8a2f6ee2a0834a6a528e42ac87cdee.s3tc.ctex
Completed load for: 'res://assets/opera/worlds/actors/rival_chef_recover.png' remapped 'res://assets/opera/worlds/actors/rival_chef_recover.png' at thread -1
Loading resource: res://assets/opera/worlds/actors/rival_chef_guard.png remapped: res://assets/opera/worlds/actors/rival_chef_guard.png
Loading resource: res://.godot/imported/rival_chef_guard.png-681802d5b3c14a74967dc098c77c2d70.s3tc.ctex remapped: res://.godot/imported/rival_chef_guard.png-681802d5b3c14a74967dc098c77c2d70.s3tc.ctex
Completed load for: 'res://assets/opera/worlds/actors/rival_chef_guard.png' remapped 'res://assets/opera/worlds/actors/rival_chef_guard.png' at thread -1
Loading resource: res://assets/opera/worlds/actors/rival_chef_stagger.png remapped: res://assets/opera/worlds/actors/rival_chef_stagger.png
Loading resource: res://.godot/imported/rival_chef_stagger.png-4483fdfb538c0c6a8121e30fbfc2dc4a.s3tc.ctex remapped: res://.godot/imported/rival_chef_stagger.png-4483fdfb538c0c6a8121e30fbfc2dc4a.s3tc.ctex
Completed load for: 'res://assets/opera/worlds/actors/rival_chef_stagger.png' remapped 'res://assets/opera/worlds/actors/rival_chef_stagger.png' at thread -1
Loading resource: res://assets/opera/worlds/actors/rival_chef_flee.png remapped: res://assets/opera/worlds/actors/rival_chef_flee.png
Loading resource: res://.godot/imported/rival_chef_flee.png-ac12146f9cc2e3eb85aa4951d735fdc8.s3tc.ctex remapped: res://.godot/imported/rival_chef_flee.png-ac12146f9cc2e3eb85aa4951d735fdc8.s3tc.ctex
Completed load for: 'res://assets/opera/worlds/actors/rival_chef_flee.png' remapped 'res://assets/opera/worlds/actors/rival_chef_flee.png' at thread -1
Loading resource: res://assets/opera/worlds/actors/rival_chef_taunt.png remapped: res://assets/opera/worlds/actors/rival_chef_taunt.png
Loading resource: res://.godot/imported/rival_chef_taunt.png-31a97cb0e4c18955a4e497a7d2acdb22.s3tc.ctex remapped: res://.godot/imported/rival_chef_taunt.png-31a97cb0e4c18955a4e497a7d2acdb22.s3tc.ctex
Completed load for: 'res://assets/opera/worlds/actors/rival_chef_taunt.png' remapped 'res://assets/opera/worlds/actors/rival_chef_taunt.png' at thread -1
Loading resource: res://assets/opera/worlds/actors/rival_chef_hop_a.png remapped: res://assets/opera/worlds/actors/rival_chef_hop_a.png
Loading resource: res://.godot/imported/rival_chef_hop_a.png-4ee494dffb2a86f7acfc727f379b7305.s3tc.ctex remapped: res://.godot/imported/rival_chef_hop_a.png-4ee494dffb2a86f7acfc727f379b7305.s3tc.ctex
Completed load for: 'res://assets/opera/worlds/actors/rival_chef_hop_a.png' remapped 'res://assets/opera/worlds/actors/rival_chef_hop_a.png' at thread -1
Loading resource: res://assets/opera/worlds/actors/rival_chef_hop_b.png remapped: res://assets/opera/worlds/actors/rival_chef_hop_b.png
Loading resource: res://.godot/imported/rival_chef_hop_b.png-c61e03499b064c3a7c8b04685a205bfd.s3tc.ctex remapped: res://.godot/imported/rival_chef_hop_b.png-c61e03499b064c3a7c8b04685a205bfd.s3tc.ctex
Completed load for: 'res://assets/opera/worlds/actors/rival_chef_hop_b.png' remapped 'res://assets/opera/worlds/actors/rival_chef_hop_b.png' at thread -1
Loading resource: res://assets/opera/worlds/actors/rival_chef_bow.png remapped: res://assets/opera/worlds/actors/rival_chef_bow.png
Loading resource: res://.godot/imported/rival_chef_bow.png-d2fd6fc40f5a42e5f64d3d1f0c6a3a4e.s3tc.ctex remapped: res://.godot/imported/rival_chef_bow.png-d2fd6fc40f5a42e5f64d3d1f0c6a3a4e.s3tc.ctex
Completed load for: 'res://assets/opera/worlds/actors/rival_chef_bow.png' remapped 'res://assets/opera/worlds/actors/rival_chef_bow.png' at thread -1
Loading resource: res://assets/opera/worlds/actors/imp_mischief.png remapped: res://assets/opera/worlds/actors/imp_mischief.png
Loading resource: res://.godot/imported/imp_mischief.png-2aa91762cfa121884fd7c941a480cd75.s3tc.ctex remapped: res://.godot/imported/imp_mischief.png-2aa91762cfa121884fd7c941a480cd75.s3tc.ctex
Completed load for: 'res://assets/opera/worlds/actors/imp_mischief.png' remapped 'res://assets/opera/worlds/actors/imp_mischief.png' at thread -1
Loading resource: res://assets/opera/worlds/actors/imp_mischief_windup.png remapped: res://assets/opera/worlds/actors/imp_mischief_windup.png
Loading resource: res://.godot/imported/imp_mischief_windup.png-27644fd709fe5393e0a8caad88b075b6.s3tc.ctex remapped: res://.godot/imported/imp_mischief_windup.png-27644fd709fe5393e0a8caad88b075b6.s3tc.ctex
Completed load for: 'res://assets/opera/worlds/actors/imp_mischief_windup.png' remapped 'res://assets/opera/worlds/actors/imp_mischief_windup.png' at thread -1
Loading resource: res://assets/opera/worlds/actors/imp_mischief_charge.png remapped: res://assets/opera/worlds/actors/imp_mischief_charge.png
Loading resource: res://.godot/imported/imp_mischief_charge.png-7651fd8a67674c1425677cc73b08a982.s3tc.ctex remapped: res://.godot/imported/imp_mischief_charge.png-7651fd8a67674c1425677cc73b08a982.s3tc.ctex
Completed load for: 'res://assets/opera/worlds/actors/imp_mischief_charge.png' remapped 'res://assets/opera/worlds/actors/imp_mischief_charge.png' at thread -1
Loading resource: res://assets/opera/worlds/actors/imp_mischief_slash.png remapped: res://assets/opera/worlds/actors/imp_mischief_slash.png
Loading resource: res://.godot/imported/imp_mischief_slash.png-feef3a7d575df712da4960aea92d00eb.s3tc.ctex remapped: res://.godot/imported/imp_mischief_slash.png-feef3a7d575df712da4960aea92d00eb.s3tc.ctex
Completed load for: 'res://assets/opera/worlds/actors/imp_mischief_slash.png' remapped 'res://assets/opera/worlds/actors/imp_mischief_slash.png' at thread -1
Loading resource: res://assets/opera/worlds/actors/imp_mischief_recover.png remapped: res://assets/opera/worlds/actors/imp_mischief_recover.png
Loading resource: res://.godot/imported/imp_mischief_recover.png-9993ae96041a390c9d56b99855a20323.s3tc.ctex remapped: res://.godot/imported/imp_mischief_recover.png-9993ae96041a390c9d56b99855a20323.s3tc.ctex
Completed load for: 'res://assets/opera/worlds/actors/imp_mischief_recover.png' remapped 'res://assets/opera/worlds/actors/imp_mischief_recover.png' at thread -1
Loading resource: res://assets/opera/worlds/actors/imp_mischief_guard.png remapped: res://assets/opera/worlds/actors/imp_mischief_guard.png
Loading resource: res://.godot/imported/imp_mischief_guard.png-e0b51eb2c2b687acd70ab7e0486431b4.s3tc.ctex remapped: res://.godot/imported/imp_mischief_guard.png-e0b51eb2c2b687acd70ab7e0486431b4.s3tc.ctex
Completed load for: 'res://assets/opera/worlds/actors/imp_mischief_guard.png' remapped 'res://assets/opera/worlds/actors/imp_mischief_guard.png' at thread -1
Loading resource: res://assets/opera/worlds/actors/imp_mischief_stagger.png remapped: res://assets/opera/worlds/actors/imp_mischief_stagger.png
Loading resource: res://.godot/imported/imp_mischief_stagger.png-deb400ff054c7a4631756e74bc75bffe.s3tc.ctex remapped: res://.godot/imported/imp_mischief_stagger.png-deb400ff054c7a4631756e74bc75bffe.s3tc.ctex
Completed load for: 'res://assets/opera/worlds/actors/imp_mischief_stagger.png' remapped 'res://assets/opera/worlds/actors/imp_mischief_stagger.png' at thread -1
Loading resource: res://assets/opera/worlds/actors/imp_mischief_flee.png remapped: res://assets/opera/worlds/actors/imp_mischief_flee.png
Loading resource: res://.godot/imported/imp_mischief_flee.png-75ab59cf13833ac1972e0ab1614b4de8.s3tc.ctex remapped: res://.godot/imported/imp_mischief_flee.png-75ab59cf13833ac1972e0ab1614b4de8.s3tc.ctex
Completed load for: 'res://assets/opera/worlds/actors/imp_mischief_flee.png' remapped 'res://assets/opera/worlds/actors/imp_mischief_flee.png' at thread -1
Loading resource: res://assets/opera/worlds/actors/imp_mischief_taunt.png remapped: res://assets/opera/worlds/actors/imp_mischief_taunt.png
Loading resource: res://.godot/imported/imp_mischief_taunt.png-a891d360a40c9485aea56227a041d6c9.s3tc.ctex remapped: res://.godot/imported/imp_mischief_taunt.png-a891d360a40c9485aea56227a041d6c9.s3tc.ctex
Completed load for: 'res://assets/opera/worlds/actors/imp_mischief_taunt.png' remapped 'res://assets/opera/worlds/actors/imp_mischief_taunt.png' at thread -1
Loading resource: res://assets/opera/worlds/actors/imp_mischief_bopped.png remapped: res://assets/opera/worlds/actors/imp_mischief_bopped.png
Loading resource: res://.godot/imported/imp_mischief_bopped.png-276c2d81098a757a1274ef356d58e20d.s3tc.ctex remapped: res://.godot/imported/imp_mischief_bopped.png-276c2d81098a757a1274ef356d58e20d.s3tc.ctex
Completed load for: 'res://assets/opera/worlds/actors/imp_mischief_bopped.png' remapped 'res://assets/opera/worlds/actors/imp_mischief_bopped.png' at thread -1
Loading resource: res://assets/opera/worlds/actors/imp_captain.png remapped: res://assets/opera/worlds/actors/imp_captain.png
Loading resource: res://.godot/imported/imp_captain.png-e46cb032a0f4e73284cb41534b78dba6.s3tc.ctex remapped: res://.godot/imported/imp_captain.png-e46cb032a0f4e73284cb41534b78dba6.s3tc.ctex
Completed load for: 'res://assets/opera/worlds/actors/imp_captain.png' remapped 'res://assets/opera/worlds/actors/imp_captain.png' at thread -1
Loading resource: res://assets/opera/worlds/actors/imp_captain_windup.png remapped: res://assets/opera/worlds/actors/imp_captain_windup.png
Loading resource: res://.godot/imported/imp_captain_windup.png-8943ae388fceff3a2b93abea186ce701.s3tc.ctex remapped: res://.godot/imported/imp_captain_windup.png-8943ae388fceff3a2b93abea186ce701.s3tc.ctex
Completed load for: 'res://assets/opera/worlds/actors/imp_captain_windup.png' remapped 'res://assets/opera/worlds/actors/imp_captain_windup.png' at thread -1
Loading resource: res://assets/opera/worlds/actors/imp_captain_charge.png remapped: res://assets/opera/worlds/actors/imp_captain_charge.png
Loading resource: res://.godot/imported/imp_captain_charge.png-ca0f6b738d6b7acf2d7d62bda85c3ee9.s3tc.ctex remapped: res://.godot/imported/imp_captain_charge.png-ca0f6b738d6b7acf2d7d62bda85c3ee9.s3tc.ctex
Completed load for: 'res://assets/opera/worlds/actors/imp_captain_charge.png' remapped 'res://assets/opera/worlds/actors/imp_captain_charge.png' at thread -1
Loading resource: res://assets/opera/worlds/actors/imp_captain_slash.png remapped: res://assets/opera/worlds/actors/imp_captain_slash.png
Loading resource: res://.godot/imported/imp_captain_slash.png-c2f505657f2b06bee95b1e51e1c49129.s3tc.ctex remapped: res://.godot/imported/imp_captain_slash.png-c2f505657f2b06bee95b1e51e1c49129.s3tc.ctex
Completed load for: 'res://assets/opera/worlds/actors/imp_captain_slash.png' remapped 'res://assets/opera/worlds/actors/imp_captain_slash.png' at thread -1
Loading resource: res://assets/opera/worlds/actors/imp_captain_recover.png remapped: res://assets/opera/worlds/actors/imp_captain_recover.png
Loading resource: res://.godot/imported/imp_captain_recover.png-542263c7b6fc37fb29210456149073b0.s3tc.ctex remapped: res://.godot/imported/imp_captain_recover.png-542263c7b6fc37fb29210456149073b0.s3tc.ctex
Completed load for: 'res://assets/opera/worlds/actors/imp_captain_recover.png' remapped 'res://assets/opera/worlds/actors/imp_captain_recover.png' at thread -1
Loading resource: res://assets/opera/worlds/actors/imp_captain_guard.png remapped: res://assets/opera/worlds/actors/imp_captain_guard.png
Loading resource: res://.godot/imported/imp_captain_guard.png-e89585bc394d3dca313907cb2224501f.s3tc.ctex remapped: res://.godot/imported/imp_captain_guard.png-e89585bc394d3dca313907cb2224501f.s3tc.ctex
Completed load for: 'res://assets/opera/worlds/actors/imp_captain_guard.png' remapped 'res://assets/opera/worlds/actors/imp_captain_guard.png' at thread -1
Loading resource: res://assets/opera/worlds/actors/imp_captain_stagger.png remapped: res://assets/opera/worlds/actors/imp_captain_stagger.png
Loading resource: res://.godot/imported/imp_captain_stagger.png-f0d86df4f11e14a3c5b3094eb10f0acb.s3tc.ctex remapped: res://.godot/imported/imp_captain_stagger.png-f0d86df4f11e14a3c5b3094eb10f0acb.s3tc.ctex
Completed load for: 'res://assets/opera/worlds/actors/imp_captain_stagger.png' remapped 'res://assets/opera/worlds/actors/imp_captain_stagger.png' at thread -1
Loading resource: res://assets/opera/worlds/actors/imp_captain_flee.png remapped: res://assets/opera/worlds/actors/imp_captain_flee.png
Loading resource: res://.godot/imported/imp_captain_flee.png-10494cd923c0d79bdd4a59cef42f4027.s3tc.ctex remapped: res://.godot/imported/imp_captain_flee.png-10494cd923c0d79bdd4a59cef42f4027.s3tc.ctex
Completed load for: 'res://assets/opera/worlds/actors/imp_captain_flee.png' remapped 'res://assets/opera/worlds/actors/imp_captain_flee.png' at thread -1
Loading resource: res://assets/opera/worlds/actors/imp_captain_taunt.png remapped: res://assets/opera/worlds/actors/imp_captain_taunt.png
Loading resource: res://.godot/imported/imp_captain_taunt.png-954edfe43d7f3d0d339d9dcee7736514.s3tc.ctex remapped: res://.godot/imported/imp_captain_taunt.png-954edfe43d7f3d0d339d9dcee7736514.s3tc.ctex
Completed load for: 'res://assets/opera/worlds/actors/imp_captain_taunt.png' remapped 'res://assets/opera/worlds/actors/imp_captain_taunt.png' at thread -1
Loading resource: res://assets/opera/worlds/actors/imp_captain_bopped.png remapped: res://assets/opera/worlds/actors/imp_captain_bopped.png
Loading resource: res://.godot/imported/imp_captain_bopped.png-7b18e453603e8a4113fd2cbb62ded9b6.s3tc.ctex remapped: res://.godot/imported/imp_captain_bopped.png-7b18e453603e8a4113fd2cbb62ded9b6.s3tc.ctex
Completed load for: 'res://assets/opera/worlds/actors/imp_captain_bopped.png' remapped 'res://assets/opera/worlds/actors/imp_captain_bopped.png' at thread -1
Loading resource: res://assets/opera/worlds/widgets/widget_pour_chef_mover.png remapped: res://assets/opera/worlds/widgets/widget_pour_chef_mover.png
Loading resource: res://.godot/imported/widget_pour_chef_mover.png-93e22fb06eb104e0ace859c262820176.s3tc.ctex remapped: res://.godot/imported/widget_pour_chef_mover.png-93e22fb06eb104e0ace859c262820176.s3tc.ctex
Completed load for: 'res://assets/opera/worlds/widgets/widget_pour_chef_mover.png' remapped 'res://assets/opera/worlds/widgets/widget_pour_chef_mover.png' at thread -1
Loading resource: res://assets/opera/worlds/widgets/widget_pour_chef_fill.png remapped: res://assets/opera/worlds/widgets/widget_pour_chef_fill.png
Loading resource: res://.godot/imported/widget_pour_chef_fill.png-cccded297e5de5e023c76be85758c2dc.ctex remapped: res://.godot/imported/widget_pour_chef_fill.png-cccded297e5de5e023c76be85758c2dc.ctex
Completed load for: 'res://assets/opera/worlds/widgets/widget_pour_chef_fill.png' remapped 'res://assets/opera/worlds/widgets/widget_pour_chef_fill.png' at thread -1
CHAPTER2_FARMER_RESUME|Chef saved mask 01 owns a healed, complete POT backdrop: OK
CHAPTER2_FARMER_RESUME|Chef saved mask 01 has one physical cake state: OK
CHAPTER2_FARMER_RESUME|Hidden rack rows release stale baked textures: OK
CHAPTER2_FARMER_RESUME|Saved batter or cake contacts its own cleared physical support: OK
CHAPTER2_FARMER_RESUME|Chef saved mask 01 cannot advance without a child action: OK
Loading resource: res://assets/opera/worlds/ui/magnifier.png remapped: res://assets/opera/worlds/ui/magnifier.png
Loading resource: res://.godot/imported/magnifier.png-def06d7a41c5772f787cbecf1fb0c089.s3tc.ctex remapped: res://.godot/imported/magnifier.png-def06d7a41c5772f787cbecf1fb0c089.s3tc.ctex
Completed load for: 'res://assets/opera/worlds/ui/magnifier.png' remapped 'res://assets/opera/worlds/ui/magnifier.png' at thread -1
Loading resource: res://assets/opera/worlds/backdrops/world_chef.png remapped: res://assets/opera/worlds/backdrops/world_chef.png
Loading resource: res://.godot/imported/world_chef.png-ef6ca0dee3242fe8c57ffeff3f7a3325.ctex remapped: res://.godot/imported/world_chef.png-ef6ca0dee3242fe8c57ffeff3f7a3325.ctex
Completed load for: 'res://assets/opera/worlds/backdrops/world_chef.png' remapped 'res://assets/opera/worlds/backdrops/world_chef.png' at thread -1
Loading resource: res://assets/opera/worlds/backdrops/chef_story_clean_v1/world_chef_c0r0.png remapped: res://assets/opera/worlds/backdrops/chef_story_clean_v1/world_chef_c0r0.png
Loading resource: res://.godot/imported/world_chef_c0r0.png-0ece24d10e6f92afefe881c990eca893.s3tc.ctex remapped: res://.godot/imported/world_chef_c0r0.png-0ece24d10e6f92afefe881c990eca893.s3tc.ctex
Completed load for: 'res://assets/opera/worlds/backdrops/chef_story_clean_v1/world_chef_c0r0.png' remapped 'res://assets/opera/worlds/backdrops/chef_story_clean_v1/world_chef_c0r0.png' at thread -1
Loading resource: res://assets/opera/worlds/backdrops/chef_story_clean_v1/world_chef_c1r0.png remapped: res://assets/opera/worlds/backdrops/chef_story_clean_v1/world_chef_c1r0.png
Loading resource: res://.godot/imported/world_chef_c1r0.png-b86b61ecf9b65721574a81cb630d2ede.s3tc.ctex remapped: res://.godot/imported/world_chef_c1r0.png-b86b61ecf9b65721574a81cb630d2ede.s3tc.ctex
Completed load for: 'res://assets/opera/worlds/backdrops/chef_story_clean_v1/world_chef_c1r0.png' remapped 'res://assets/opera/worlds/backdrops/chef_story_clean_v1/world_chef_c1r0.png' at thread -1
Loading resource: res://assets/opera/worlds/backdrops/chef_story_clean_v1/world_chef_c0r1.png remapped: res://assets/opera/worlds/backdrops/chef_story_clean_v1/world_chef_c0r1.png
Loading resource: res://.godot/imported/world_chef_c0r1.png-6019a3e1b274d569c3088830cef4729b.s3tc.ctex remapped: res://.godot/imported/world_chef_c0r1.png-6019a3e1b274d569c3088830cef4729b.s3tc.ctex
Completed load for: 'res://assets/opera/worlds/backdrops/chef_story_clean_v1/world_chef_c0r1.png' remapped 'res://assets/opera/worlds/backdrops/chef_story_clean_v1/world_chef_c0r1.png' at thread -1
Loading resource: res://assets/opera/worlds/backdrops/chef_story_clean_v1/world_chef_c1r1.png remapped: res://assets/opera/worlds/backdrops/chef_story_clean_v1/world_chef_c1r1.png
Loading resource: res://.godot/imported/world_chef_c1r1.png-086c7fbfc39327d6bf09dea116fbb824.s3tc.ctex remapped: res://.godot/imported/world_chef_c1r1.png-086c7fbfc39327d6bf09dea116fbb824.s3tc.ctex
Completed load for: 'res://assets/opera/worlds/backdrops/chef_story_clean_v1/world_chef_c1r1.png' remapped 'res://assets/opera/worlds/backdrops/chef_story_clean_v1/world_chef_c1r1.png' at thread -1
Loading resource: res://assets/opera/worlds/backdrops/stage_chef_c0r0.png remapped: res://assets/opera/worlds/backdrops/stage_chef_c0r0.png
Loading resource: res://.godot/imported/stage_chef_c0r0.png-cc29211ddce9c8eb5ea02bb2f004767f.s3tc.ctex remapped: res://.godot/imported/stage_chef_c0r0.png-cc29211ddce9c8eb5ea02bb2f004767f.s3tc.ctex
Completed load for: 'res://assets/opera/worlds/backdrops/stage_chef_c0r0.png' remapped 'res://assets/opera/worlds/backdrops/stage_chef_c0r0.png' at thread -1
Loading resource: res://assets/opera/worlds/backdrops/stage_chef_c1r0.png remapped: res://assets/opera/worlds/backdrops/stage_chef_c1r0.png
Loading resource: res://.godot/imported/stage_chef_c1r0.png-192ef867e0aaac991da08dfe0b268abb.s3tc.ctex remapped: res://.godot/imported/stage_chef_c1r0.png-192ef867e0aaac991da08dfe0b268abb.s3tc.ctex
Completed load for: 'res://assets/opera/worlds/backdrops/stage_chef_c1r0.png' remapped 'res://assets/opera/worlds/backdrops/stage_chef_c1r0.png' at thread -1
Loading resource: res://assets/opera/worlds/backdrops/stage_chef_c0r1.png remapped: res://assets/opera/worlds/backdrops/stage_chef_c0r1.png
Loading resource: res://.godot/imported/stage_chef_c0r1.png-fa08fc12d8940ebdcaaf79672c5e43a3.s3tc.ctex remapped: res://.godot/imported/stage_chef_c0r1.png-fa08fc12d8940ebdcaaf79672c5e43a3.s3tc.ctex
Completed load for: 'res://assets/opera/worlds/backdrops/stage_chef_c0r1.png' remapped 'res://assets/opera/worlds/backdrops/stage_chef_c0r1.png' at thread -1
Loading resource: res://assets/opera/worlds/backdrops/stage_chef_c1r1.png remapped: res://assets/opera/worlds/backdrops/stage_chef_c1r1.png
Loading resource: res://.godot/imported/stage_chef_c1r1.png-205194b94ea589b7253dce7b86e817a7.s3tc.ctex remapped: res://.godot/imported/stage_chef_c1r1.png-205194b94ea589b7253dce7b86e817a7.s3tc.ctex
Completed load for: 'res://assets/opera/worlds/backdrops/stage_chef_c1r1.png' remapped 'res://assets/opera/worlds/backdrops/stage_chef_c1r1.png' at thread -1
Loading resource: res://assets/chapter2/birthday/chapter2_chef_batter_stirred.png remapped: res://assets/chapter2/birthday/chapter2_chef_batter_stirred.png
Loading resource: res://.godot/imported/chapter2_chef_batter_stirred.png-0d2f60bb703cb89dd0369f56fd8219bb.ctex remapped: res://.godot/imported/chapter2_chef_batter_stirred.png-0d2f60bb703cb89dd0369f56fd8219bb.ctex
Completed load for: 'res://assets/chapter2/birthday/chapter2_chef_batter_stirred.png' remapped 'res://assets/chapter2/birthday/chapter2_chef_batter_stirred.png' at thread -1
Loading resource: res://assets/opera/worlds/actors/roshan_chef.png remapped: res://assets/opera/worlds/actors/roshan_chef.png
Loading resource: res://.godot/imported/roshan_chef.png-bc782154b95629319a4783a7946abf7a.s3tc.ctex remapped: res://.godot/imported/roshan_chef.png-bc782154b95629319a4783a7946abf7a.s3tc.ctex
Completed load for: 'res://assets/opera/worlds/actors/roshan_chef.png' remapped 'res://assets/opera/worlds/actors/roshan_chef.png' at thread -1
Loading resource: res://assets/opera/worlds/actors/animation/roshan_chef_sheet_a.png remapped: res://assets/opera/worlds/actors/animation/roshan_chef_sheet_a.png
Loading resource: res://.godot/imported/roshan_chef_sheet_a.png-4ec4a75ade66f00d68e03c6b5e93b0ec.ctex remapped: res://.godot/imported/roshan_chef_sheet_a.png-4ec4a75ade66f00d68e03c6b5e93b0ec.ctex
Completed load for: 'res://assets/opera/worlds/actors/animation/roshan_chef_sheet_a.png' remapped 'res://assets/opera/worlds/actors/animation/roshan_chef_sheet_a.png' at thread -1
Loading resource: res://assets/opera/worlds/actors/rival_chef.png remapped: res://assets/opera/worlds/actors/rival_chef.png
Loading resource: res://.godot/imported/rival_chef.png-2eef5f226867e382a410b29d539aa19d.s3tc.ctex remapped: res://.godot/imported/rival_chef.png-2eef5f226867e382a410b29d539aa19d.s3tc.ctex
Completed load for: 'res://assets/opera/worlds/actors/rival_chef.png' remapped 'res://assets/opera/worlds/actors/rival_chef.png' at thread -1
Loading resource: res://assets/opera/worlds/props/fx_bop_puff.png remapped: res://assets/opera/worlds/props/fx_bop_puff.png
Loading resource: res://.godot/imported/fx_bop_puff.png-44d6a8b8f3875802302bda4fdd154827.s3tc.ctex remapped: res://.godot/imported/fx_bop_puff.png-44d6a8b8f3875802302bda4fdd154827.s3tc.ctex
Completed load for: 'res://assets/opera/worlds/props/fx_bop_puff.png' remapped 'res://assets/opera/worlds/props/fx_bop_puff.png' at thread -1
Loading resource: res://assets/opera/worlds/actors/imp_mischief.png remapped: res://assets/opera/worlds/actors/imp_mischief.png
Loading resource: res://.godot/imported/imp_mischief.png-2aa91762cfa121884fd7c941a480cd75.s3tc.ctex remapped: res://.godot/imported/imp_mischief.png-2aa91762cfa121884fd7c941a480cd75.s3tc.ctex
Completed load for: 'res://assets/opera/worlds/actors/imp_mischief.png' remapped 'res://assets/opera/worlds/actors/imp_mischief.png' at thread -1
Loading resource: res://assets/opera/worlds/actors/imp_mischief_bopped.png remapped: res://assets/opera/worlds/actors/imp_mischief_bopped.png
Loading resource: res://.godot/imported/imp_mischief_bopped.png-276c2d81098a757a1274ef356d58e20d.s3tc.ctex remapped: res://.godot/imported/imp_mischief_bopped.png-276c2d81098a757a1274ef356d58e20d.s3tc.ctex
Completed load for: 'res://assets/opera/worlds/actors/imp_mischief_bopped.png' remapped 'res://assets/opera/worlds/actors/imp_mischief_bopped.png' at thread -1
Loading resource: res://assets/opera/worlds/actors/imp_mischief_bow.png remapped: res://assets/opera/worlds/actors/imp_mischief_bow.png
Loading resource: res://.godot/imported/imp_mischief_bow.png-643f90847c4113e6a65aff5fa7b6c3e8.s3tc.ctex remapped: res://.godot/imported/imp_mischief_bow.png-643f90847c4113e6a65aff5fa7b6c3e8.s3tc.ctex
Completed load for: 'res://assets/opera/worlds/actors/imp_mischief_bow.png' remapped 'res://assets/opera/worlds/actors/imp_mischief_bow.png' at thread -1
Loading resource: res://assets/opera/worlds/actors/imp_captain.png remapped: res://assets/opera/worlds/actors/imp_captain.png
Loading resource: res://.godot/imported/imp_captain.png-e46cb032a0f4e73284cb41534b78dba6.s3tc.ctex remapped: res://.godot/imported/imp_captain.png-e46cb032a0f4e73284cb41534b78dba6.s3tc.ctex
Completed load for: 'res://assets/opera/worlds/actors/imp_captain.png' remapped 'res://assets/opera/worlds/actors/imp_captain.png' at thread -1
Loading resource: res://assets/opera/worlds/actors/imp_captain_bopped.png remapped: res://assets/opera/worlds/actors/imp_captain_bopped.png
Loading resource: res://.godot/imported/imp_captain_bopped.png-7b18e453603e8a4113fd2cbb62ded9b6.s3tc.ctex remapped: res://.godot/imported/imp_captain_bopped.png-7b18e453603e8a4113fd2cbb62ded9b6.s3tc.ctex
Completed load for: 'res://assets/opera/worlds/actors/imp_captain_bopped.png' remapped 'res://assets/opera/worlds/actors/imp_captain_bopped.png' at thread -1
Loading resource: res://assets/opera/worlds/actors/imp_captain_bow.png remapped: res://assets/opera/worlds/actors/imp_captain_bow.png
Loading resource: res://.godot/imported/imp_captain_bow.png-12497944600f3a910cccf5033db21fec.s3tc.ctex remapped: res://.godot/imported/imp_captain_bow.png-12497944600f3a910cccf5033db21fec.s3tc.ctex
Completed load for: 'res://assets/opera/worlds/actors/imp_captain_bow.png' remapped 'res://assets/opera/worlds/actors/imp_captain_bow.png' at thread -1
Loading resource: res://assets/opera/worlds/props/fx_telegraph_ring.png remapped: res://assets/opera/worlds/props/fx_telegraph_ring.png
Loading resource: res://.godot/imported/fx_telegraph_ring.png-a5607cfab59aaf797e0ebc0e0d630b71.s3tc.ctex remapped: res://.godot/imported/fx_telegraph_ring.png-a5607cfab59aaf797e0ebc0e0d630b71.s3tc.ctex
Completed load for: 'res://assets/opera/worlds/props/fx_telegraph_ring.png' remapped 'res://assets/opera/worlds/props/fx_telegraph_ring.png' at thread -1
Loading resource: res://assets/opera/worlds/props/fx_telegraph_bang.png remapped: res://assets/opera/worlds/props/fx_telegraph_bang.png
Loading resource: res://.godot/imported/fx_telegraph_bang.png-5e57510f37f0277a1436815b2f5303f5.s3tc.ctex remapped: res://.godot/imported/fx_telegraph_bang.png-5e57510f37f0277a1436815b2f5303f5.s3tc.ctex
Completed load for: 'res://assets/opera/worlds/props/fx_telegraph_bang.png' remapped 'res://assets/opera/worlds/props/fx_telegraph_bang.png' at thread -1
Loading resource: res://assets/opera/worlds/props/fx_slash_arc.png remapped: res://assets/opera/worlds/props/fx_slash_arc.png
Loading resource: res://.godot/imported/fx_slash_arc.png-06c01e57545f44970f1e9749d78c8c7b.s3tc.ctex remapped: res://.godot/imported/fx_slash_arc.png-06c01e57545f44970f1e9749d78c8c7b.s3tc.ctex
Completed load for: 'res://assets/opera/worlds/props/fx_slash_arc.png' remapped 'res://assets/opera/worlds/props/fx_slash_arc.png' at thread -1
Loading resource: res://assets/opera/worlds/props/fx_dizzy_stars.png remapped: res://assets/opera/worlds/props/fx_dizzy_stars.png
Loading resource: res://.godot/imported/fx_dizzy_stars.png-e249bf547dbb4ae001be7738fcb2de24.s3tc.ctex remapped: res://.godot/imported/fx_dizzy_stars.png-e249bf547dbb4ae001be7738fcb2de24.s3tc.ctex
Completed load for: 'res://assets/opera/worlds/props/fx_dizzy_stars.png' remapped 'res://assets/opera/worlds/props/fx_dizzy_stars.png' at thread -1
Loading resource: res://assets/opera/worlds/actors/rival_chef_bopped.png remapped: res://assets/opera/worlds/actors/rival_chef_bopped.png
Loading resource: res://.godot/imported/rival_chef_bopped.png-a958e09708c682c295f572716a60e912.s3tc.ctex remapped: res://.godot/imported/rival_chef_bopped.png-a958e09708c682c295f572716a60e912.s3tc.ctex
Completed load for: 'res://assets/opera/worlds/actors/rival_chef_bopped.png' remapped 'res://assets/opera/worlds/actors/rival_chef_bopped.png' at thread -1
Loading resource: res://assets/opera/worlds/actors/rival_chef_windup.png remapped: res://assets/opera/worlds/actors/rival_chef_windup.png
Loading resource: res://.godot/imported/rival_chef_windup.png-f9813cf59d06c30dd766049c9c0390da.s3tc.ctex remapped: res://.godot/imported/rival_chef_windup.png-f9813cf59d06c30dd766049c9c0390da.s3tc.ctex
Completed load for: 'res://assets/opera/worlds/actors/rival_chef_windup.png' remapped 'res://assets/opera/worlds/actors/rival_chef_windup.png' at thread -1
Loading resource: res://assets/opera/worlds/actors/rival_chef_charge.png remapped: res://assets/opera/worlds/actors/rival_chef_charge.png
Loading resource: res://.godot/imported/rival_chef_charge.png-b77b9ce0ecdb43770202bb02ab20497c.s3tc.ctex remapped: res://.godot/imported/rival_chef_charge.png-b77b9ce0ecdb43770202bb02ab20497c.s3tc.ctex
Completed load for: 'res://assets/opera/worlds/actors/rival_chef_charge.png' remapped 'res://assets/opera/worlds/actors/rival_chef_charge.png' at thread -1
Loading resource: res://assets/opera/worlds/actors/rival_chef_slash.png remapped: res://assets/opera/worlds/actors/rival_chef_slash.png
Loading resource: res://.godot/imported/rival_chef_slash.png-86d13b64a3548479071cb37cba647d50.s3tc.ctex remapped: res://.godot/imported/rival_chef_slash.png-86d13b64a3548479071cb37cba647d50.s3tc.ctex
Completed load for: 'res://assets/opera/worlds/actors/rival_chef_slash.png' remapped 'res://assets/opera/worlds/actors/rival_chef_slash.png' at thread -1
Loading resource: res://assets/opera/worlds/actors/rival_chef_recover.png remapped: res://assets/opera/worlds/actors/rival_chef_recover.png
Loading resource: res://.godot/imported/rival_chef_recover.png-ce8a2f6ee2a0834a6a528e42ac87cdee.s3tc.ctex remapped: res://.godot/imported/rival_chef_recover.png-ce8a2f6ee2a0834a6a528e42ac87cdee.s3tc.ctex
Completed load for: 'res://assets/opera/worlds/actors/rival_chef_recover.png' remapped 'res://assets/opera/worlds/actors/rival_chef_recover.png' at thread -1
Loading resource: res://assets/opera/worlds/actors/rival_chef_guard.png remapped: res://assets/opera/worlds/actors/rival_chef_guard.png
Loading resource: res://.godot/imported/rival_chef_guard.png-681802d5b3c14a74967dc098c77c2d70.s3tc.ctex remapped: res://.godot/imported/rival_chef_guard.png-681802d5b3c14a74967dc098c77c2d70.s3tc.ctex
Completed load for: 'res://assets/opera/worlds/actors/rival_chef_guard.png' remapped 'res://assets/opera/worlds/actors/rival_chef_guard.png' at thread -1
Loading resource: res://assets/opera/worlds/actors/rival_chef_stagger.png remapped: res://assets/opera/worlds/actors/rival_chef_stagger.png
Loading resource: res://.godot/imported/rival_chef_stagger.png-4483fdfb538c0c6a8121e30fbfc2dc4a.s3tc.ctex remapped: res://.godot/imported/rival_chef_stagger.png-4483fdfb538c0c6a8121e30fbfc2dc4a.s3tc.ctex
Completed load for: 'res://assets/opera/worlds/actors/rival_chef_stagger.png' remapped 'res://assets/opera/worlds/actors/rival_chef_stagger.png' at thread -1
Loading resource: res://assets/opera/worlds/actors/rival_chef_flee.png remapped: res://assets/opera/worlds/actors/rival_chef_flee.png
Loading resource: res://.godot/imported/rival_chef_flee.png-ac12146f9cc2e3eb85aa4951d735fdc8.s3tc.ctex remapped: res://.godot/imported/rival_chef_flee.png-ac12146f9cc2e3eb85aa4951d735fdc8.s3tc.ctex
Completed load for: 'res://assets/opera/worlds/actors/rival_chef_flee.png' remapped 'res://assets/opera/worlds/actors/rival_chef_flee.png' at thread -1
Loading resource: res://assets/opera/worlds/actors/rival_chef_taunt.png remapped: res://assets/opera/worlds/actors/rival_chef_taunt.png
Loading resource: res://.godot/imported/rival_chef_taunt.png-31a97cb0e4c18955a4e497a7d2acdb22.s3tc.ctex remapped: res://.godot/imported/rival_chef_taunt.png-31a97cb0e4c18955a4e497a7d2acdb22.s3tc.ctex
Completed load for: 'res://assets/opera/worlds/actors/rival_chef_taunt.png' remapped 'res://assets/opera/worlds/actors/rival_chef_taunt.png' at thread -1
Loading resource: res://assets/opera/worlds/actors/rival_chef_hop_a.png remapped: res://assets/opera/worlds/actors/rival_chef_hop_a.png
Loading resource: res://.godot/imported/rival_chef_hop_a.png-4ee494dffb2a86f7acfc727f379b7305.s3tc.ctex remapped: res://.godot/imported/rival_chef_hop_a.png-4ee494dffb2a86f7acfc727f379b7305.s3tc.ctex
Completed load for: 'res://assets/opera/worlds/actors/rival_chef_hop_a.png' remapped 'res://assets/opera/worlds/actors/rival_chef_hop_a.png' at thread -1
Loading resource: res://assets/opera/worlds/actors/rival_chef_hop_b.png remapped: res://assets/opera/worlds/actors/rival_chef_hop_b.png
Loading resource: res://.godot/imported/rival_chef_hop_b.png-c61e03499b064c3a7c8b04685a205bfd.s3tc.ctex remapped: res://.godot/imported/rival_chef_hop_b.png-c61e03499b064c3a7c8b04685a205bfd.s3tc.ctex
Completed load for: 'res://assets/opera/worlds/actors/rival_chef_hop_b.png' remapped 'res://assets/opera/worlds/actors/rival_chef_hop_b.png' at thread -1
Loading resource: res://assets/opera/worlds/actors/rival_chef_bow.png remapped: res://assets/opera/worlds/actors/rival_chef_bow.png
Loading resource: res://.godot/imported/rival_chef_bow.png-d2fd6fc40f5a42e5f64d3d1f0c6a3a4e.s3tc.ctex remapped: res://.godot/imported/rival_chef_bow.png-d2fd6fc40f5a42e5f64d3d1f0c6a3a4e.s3tc.ctex
Completed load for: 'res://assets/opera/worlds/actors/rival_chef_bow.png' remapped 'res://assets/opera/worlds/actors/rival_chef_bow.png' at thread -1
Loading resource: res://assets/opera/worlds/actors/imp_mischief.png remapped: res://assets/opera/worlds/actors/imp_mischief.png
Loading resource: res://.godot/imported/imp_mischief.png-2aa91762cfa121884fd7c941a480cd75.s3tc.ctex remapped: res://.godot/imported/imp_mischief.png-2aa91762cfa121884fd7c941a480cd75.s3tc.ctex
Completed load for: 'res://assets/opera/worlds/actors/imp_mischief.png' remapped 'res://assets/opera/worlds/actors/imp_mischief.png' at thread -1
Loading resource: res://assets/opera/worlds/actors/imp_mischief_windup.png remapped: res://assets/opera/worlds/actors/imp_mischief_windup.png
Loading resource: res://.godot/imported/imp_mischief_windup.png-27644fd709fe5393e0a8caad88b075b6.s3tc.ctex remapped: res://.godot/imported/imp_mischief_windup.png-27644fd709fe5393e0a8caad88b075b6.s3tc.ctex
Completed load for: 'res://assets/opera/worlds/actors/imp_mischief_windup.png' remapped 'res://assets/opera/worlds/actors/imp_mischief_windup.png' at thread -1
Loading resource: res://assets/opera/worlds/actors/imp_mischief_charge.png remapped: res://assets/opera/worlds/actors/imp_mischief_charge.png
Loading resource: res://.godot/imported/imp_mischief_charge.png-7651fd8a67674c1425677cc73b08a982.s3tc.ctex remapped: res://.godot/imported/imp_mischief_charge.png-7651fd8a67674c1425677cc73b08a982.s3tc.ctex
Completed load for: 'res://assets/opera/worlds/actors/imp_mischief_charge.png' remapped 'res://assets/opera/worlds/actors/imp_mischief_charge.png' at thread -1
Loading resource: res://assets/opera/worlds/actors/imp_mischief_slash.png remapped: res://assets/opera/worlds/actors/imp_mischief_slash.png
Loading resource: res://.godot/imported/imp_mischief_slash.png-feef3a7d575df712da4960aea92d00eb.s3tc.ctex remapped: res://.godot/imported/imp_mischief_slash.png-feef3a7d575df712da4960aea92d00eb.s3tc.ctex
Completed load for: 'res://assets/opera/worlds/actors/imp_mischief_slash.png' remapped 'res://assets/opera/worlds/actors/imp_mischief_slash.png' at thread -1
Loading resource: res://assets/opera/worlds/actors/imp_mischief_recover.png remapped: res://assets/opera/worlds/actors/imp_mischief_recover.png
Loading resource: res://.godot/imported/imp_mischief_recover.png-9993ae96041a390c9d56b99855a20323.s3tc.ctex remapped: res://.godot/imported/imp_mischief_recover.png-9993ae96041a390c9d56b99855a20323.s3tc.ctex
Completed load for: 'res://assets/opera/worlds/actors/imp_mischief_recover.png' remapped 'res://assets/opera/worlds/actors/imp_mischief_recover.png' at thread -1
Loading resource: res://assets/opera/worlds/actors/imp_mischief_guard.png remapped: res://assets/opera/worlds/actors/imp_mischief_guard.png
Loading resource: res://.godot/imported/imp_mischief_guard.png-e0b51eb2c2b687acd70ab7e0486431b4.s3tc.ctex remapped: res://.godot/imported/imp_mischief_guard.png-e0b51eb2c2b687acd70ab7e0486431b4.s3tc.ctex
Completed load for: 'res://assets/opera/worlds/actors/imp_mischief_guard.png' remapped 'res://assets/opera/worlds/actors/imp_mischief_guard.png' at thread -1
Loading resource: res://assets/opera/worlds/actors/imp_mischief_stagger.png remapped: res://assets/opera/worlds/actors/imp_mischief_stagger.png
Loading resource: res://.godot/imported/imp_mischief_stagger.png-deb400ff054c7a4631756e74bc75bffe.s3tc.ctex remapped: res://.godot/imported/imp_mischief_stagger.png-deb400ff054c7a4631756e74bc75bffe.s3tc.ctex
Completed load for: 'res://assets/opera/worlds/actors/imp_mischief_stagger.png' remapped 'res://assets/opera/worlds/actors/imp_mischief_stagger.png' at thread -1
Loading resource: res://assets/opera/worlds/actors/imp_mischief_flee.png remapped: res://assets/opera/worlds/actors/imp_mischief_flee.png
Loading resource: res://.godot/imported/imp_mischief_flee.png-75ab59cf13833ac1972e0ab1614b4de8.s3tc.ctex remapped: res://.godot/imported/imp_mischief_flee.png-75ab59cf13833ac1972e0ab1614b4de8.s3tc.ctex
Completed load for: 'res://assets/opera/worlds/actors/imp_mischief_flee.png' remapped 'res://assets/opera/worlds/actors/imp_mischief_flee.png' at thread -1
Loading resource: res://assets/opera/worlds/actors/imp_mischief_taunt.png remapped: res://assets/opera/worlds/actors/imp_mischief_taunt.png
Loading resource: res://.godot/imported/imp_mischief_taunt.png-a891d360a40c9485aea56227a041d6c9.s3tc.ctex remapped: res://.godot/imported/imp_mischief_taunt.png-a891d360a40c9485aea56227a041d6c9.s3tc.ctex
Completed load for: 'res://assets/opera/worlds/actors/imp_mischief_taunt.png' remapped 'res://assets/opera/worlds/actors/imp_mischief_taunt.png' at thread -1
Loading resource: res://assets/opera/worlds/actors/imp_mischief_bopped.png remapped: res://assets/opera/worlds/actors/imp_mischief_bopped.png
Loading resource: res://.godot/imported/imp_mischief_bopped.png-276c2d81098a757a1274ef356d58e20d.s3tc.ctex remapped: res://.godot/imported/imp_mischief_bopped.png-276c2d81098a757a1274ef356d58e20d.s3tc.ctex
Completed load for: 'res://assets/opera/worlds/actors/imp_mischief_bopped.png' remapped 'res://assets/opera/worlds/actors/imp_mischief_bopped.png' at thread -1
Loading resource: res://assets/opera/worlds/actors/imp_captain.png remapped: res://assets/opera/worlds/actors/imp_captain.png
Loading resource: res://.godot/imported/imp_captain.png-e46cb032a0f4e73284cb41534b78dba6.s3tc.ctex remapped: res://.godot/imported/imp_captain.png-e46cb032a0f4e73284cb41534b78dba6.s3tc.ctex
Completed load for: 'res://assets/opera/worlds/actors/imp_captain.png' remapped 'res://assets/opera/worlds/actors/imp_captain.png' at thread -1
Loading resource: res://assets/opera/worlds/actors/imp_captain_windup.png remapped: res://assets/opera/worlds/actors/imp_captain_windup.png
Loading resource: res://.godot/imported/imp_captain_windup.png-8943ae388fceff3a2b93abea186ce701.s3tc.ctex remapped: res://.godot/imported/imp_captain_windup.png-8943ae388fceff3a2b93abea186ce701.s3tc.ctex
Completed load for: 'res://assets/opera/worlds/actors/imp_captain_windup.png' remapped 'res://assets/opera/worlds/actors/imp_captain_windup.png' at thread -1
Loading resource: res://assets/opera/worlds/actors/imp_captain_charge.png remapped: res://assets/opera/worlds/actors/imp_captain_charge.png
Loading resource: res://.godot/imported/imp_captain_charge.png-ca0f6b738d6b7acf2d7d62bda85c3ee9.s3tc.ctex remapped: res://.godot/imported/imp_captain_charge.png-ca0f6b738d6b7acf2d7d62bda85c3ee9.s3tc.ctex
Completed load for: 'res://assets/opera/worlds/actors/imp_captain_charge.png' remapped 'res://assets/opera/worlds/actors/imp_captain_charge.png' at thread -1
Loading resource: res://assets/opera/worlds/actors/imp_captain_slash.png remapped: res://assets/opera/worlds/actors/imp_captain_slash.png
Loading resource: res://.godot/imported/imp_captain_slash.png-c2f505657f2b06bee95b1e51e1c49129.s3tc.ctex remapped: res://.godot/imported/imp_captain_slash.png-c2f505657f2b06bee95b1e51e1c49129.s3tc.ctex
Completed load for: 'res://assets/opera/worlds/actors/imp_captain_slash.png' remapped 'res://assets/opera/worlds/actors/imp_captain_slash.png' at thread -1
Loading resource: res://assets/opera/worlds/actors/imp_captain_recover.png remapped: res://assets/opera/worlds/actors/imp_captain_recover.png
Loading resource: res://.godot/imported/imp_captain_recover.png-542263c7b6fc37fb29210456149073b0.s3tc.ctex remapped: res://.godot/imported/imp_captain_recover.png-542263c7b6fc37fb29210456149073b0.s3tc.ctex
Completed load for: 'res://assets/opera/worlds/actors/imp_captain_recover.png' remapped 'res://assets/opera/worlds/actors/imp_captain_recover.png' at thread -1
Loading resource: res://assets/opera/worlds/actors/imp_captain_guard.png remapped: res://assets/opera/worlds/actors/imp_captain_guard.png
Loading resource: res://.godot/imported/imp_captain_guard.png-e89585bc394d3dca313907cb2224501f.s3tc.ctex remapped: res://.godot/imported/imp_captain_guard.png-e89585bc394d3dca313907cb2224501f.s3tc.ctex
Completed load for: 'res://assets/opera/worlds/actors/imp_captain_guard.png' remapped 'res://assets/opera/worlds/actors/imp_captain_guard.png' at thread -1
Loading resource: res://assets/opera/worlds/actors/imp_captain_stagger.png remapped: res://assets/opera/worlds/actors/imp_captain_stagger.png
Loading resource: res://.godot/imported/imp_captain_stagger.png-f0d86df4f11e14a3c5b3094eb10f0acb.s3tc.ctex remapped: res://.godot/imported/imp_captain_stagger.png-f0d86df4f11e14a3c5b3094eb10f0acb.s3tc.ctex
Completed load for: 'res://assets/opera/worlds/actors/imp_captain_stagger.png' remapped 'res://assets/opera/worlds/actors/imp_captain_stagger.png' at thread -1
Loading resource: res://assets/opera/worlds/actors/imp_captain_flee.png remapped: res://assets/opera/worlds/actors/imp_captain_flee.png
Loading resource: res://.godot/imported/imp_captain_flee.png-10494cd923c0d79bdd4a59cef42f4027.s3tc.ctex remapped: res://.godot/imported/imp_captain_flee.png-10494cd923c0d79bdd4a59cef42f4027.s3tc.ctex
Completed load for: 'res://assets/opera/worlds/actors/imp_captain_flee.png' remapped 'res://assets/opera/worlds/actors/imp_captain_flee.png' at thread -1
Loading resource: res://assets/opera/worlds/actors/imp_captain_taunt.png remapped: res://assets/opera/worlds/actors/imp_captain_taunt.png
Loading resource: res://.godot/imported/imp_captain_taunt.png-954edfe43d7f3d0d339d9dcee7736514.s3tc.ctex remapped: res://.godot/imported/imp_captain_taunt.png-954edfe43d7f3d0d339d9dcee7736514.s3tc.ctex
Completed load for: 'res://assets/opera/worlds/actors/imp_captain_taunt.png' remapped 'res://assets/opera/worlds/actors/imp_captain_taunt.png' at thread -1
Loading resource: res://assets/opera/worlds/actors/imp_captain_bopped.png remapped: res://assets/opera/worlds/actors/imp_captain_bopped.png
Loading resource: res://.godot/imported/imp_captain_bopped.png-7b18e453603e8a4113fd2cbb62ded9b6.s3tc.ctex remapped: res://.godot/imported/imp_captain_bopped.png-7b18e453603e8a4113fd2cbb62ded9b6.s3tc.ctex
Completed load for: 'res://assets/opera/worlds/actors/imp_captain_bopped.png' remapped 'res://assets/opera/worlds/actors/imp_captain_bopped.png' at thread -1
Loading resource: res://assets/opera/worlds/widgets/widget_pour_chef_mover.png remapped: res://assets/opera/worlds/widgets/widget_pour_chef_mover.png
Loading resource: res://.godot/imported/widget_pour_chef_mover.png-93e22fb06eb104e0ace859c262820176.s3tc.ctex remapped: res://.godot/imported/widget_pour_chef_mover.png-93e22fb06eb104e0ace859c262820176.s3tc.ctex
Completed load for: 'res://assets/opera/worlds/widgets/widget_pour_chef_mover.png' remapped 'res://assets/opera/worlds/widgets/widget_pour_chef_mover.png' at thread -1
Loading resource: res://assets/opera/worlds/widgets/widget_pour_chef_fill.png remapped: res://assets/opera/worlds/widgets/widget_pour_chef_fill.png
Loading resource: res://.godot/imported/widget_pour_chef_fill.png-cccded297e5de5e023c76be85758c2dc.ctex remapped: res://.godot/imported/widget_pour_chef_fill.png-cccded297e5de5e023c76be85758c2dc.ctex
Completed load for: 'res://assets/opera/worlds/widgets/widget_pour_chef_fill.png' remapped 'res://assets/opera/worlds/widgets/widget_pour_chef_fill.png' at thread -1
CHAPTER2_FARMER_RESUME|Chef saved mask 03 owns a healed, complete POT backdrop: OK
CHAPTER2_FARMER_RESUME|Chef saved mask 03 has one physical cake state: OK
CHAPTER2_FARMER_RESUME|Hidden rack rows release stale baked textures: OK
CHAPTER2_FARMER_RESUME|Saved batter or cake contacts its own cleared physical support: OK
CHAPTER2_FARMER_RESUME|Chef saved mask 03 cannot advance without a child action: OK
Loading resource: res://assets/opera/worlds/ui/magnifier.png remapped: res://assets/opera/worlds/ui/magnifier.png
Loading resource: res://.godot/imported/magnifier.png-def06d7a41c5772f787cbecf1fb0c089.s3tc.ctex remapped: res://.godot/imported/magnifier.png-def06d7a41c5772f787cbecf1fb0c089.s3tc.ctex
Completed load for: 'res://assets/opera/worlds/ui/magnifier.png' remapped 'res://assets/opera/worlds/ui/magnifier.png' at thread -1
Loading resource: res://assets/opera/worlds/backdrops/world_chef.png remapped: res://assets/opera/worlds/backdrops/world_chef.png
Loading resource: res://.godot/imported/world_chef.png-ef6ca0dee3242fe8c57ffeff3f7a3325.ctex remapped: res://.godot/imported/world_chef.png-ef6ca0dee3242fe8c57ffeff3f7a3325.ctex
Completed load for: 'res://assets/opera/worlds/backdrops/world_chef.png' remapped 'res://assets/opera/worlds/backdrops/world_chef.png' at thread -1
Loading resource: res://assets/opera/worlds/backdrops/chef_story_clean_v1/world_chef_c0r0.png remapped: res://assets/opera/worlds/backdrops/chef_story_clean_v1/world_chef_c0r0.png
Loading resource: res://.godot/imported/world_chef_c0r0.png-0ece24d10e6f92afefe881c990eca893.s3tc.ctex remapped: res://.godot/imported/world_chef_c0r0.png-0ece24d10e6f92afefe881c990eca893.s3tc.ctex
Completed load for: 'res://assets/opera/worlds/backdrops/chef_story_clean_v1/world_chef_c0r0.png' remapped 'res://assets/opera/worlds/backdrops/chef_story_clean_v1/world_chef_c0r0.png' at thread -1
Loading resource: res://assets/opera/worlds/backdrops/chef_story_clean_v1/world_chef_c1r0.png remapped: res://assets/opera/worlds/backdrops/chef_story_clean_v1/world_chef_c1r0.png
Loading resource: res://.godot/imported/world_chef_c1r0.png-b86b61ecf9b65721574a81cb630d2ede.s3tc.ctex remapped: res://.godot/imported/world_chef_c1r0.png-b86b61ecf9b65721574a81cb630d2ede.s3tc.ctex
Completed load for: 'res://assets/opera/worlds/backdrops/chef_story_clean_v1/world_chef_c1r0.png' remapped 'res://assets/opera/worlds/backdrops/chef_story_clean_v1/world_chef_c1r0.png' at thread -1
Loading resource: res://assets/opera/worlds/backdrops/chef_story_clean_v1/world_chef_c0r1.png remapped: res://assets/opera/worlds/backdrops/chef_story_clean_v1/world_chef_c0r1.png
Loading resource: res://.godot/imported/world_chef_c0r1.png-6019a3e1b274d569c3088830cef4729b.s3tc.ctex remapped: res://.godot/imported/world_chef_c0r1.png-6019a3e1b274d569c3088830cef4729b.s3tc.ctex
Completed load for: 'res://assets/opera/worlds/backdrops/chef_story_clean_v1/world_chef_c0r1.png' remapped 'res://assets/opera/worlds/backdrops/chef_story_clean_v1/world_chef_c0r1.png' at thread -1
Loading resource: res://assets/opera/worlds/backdrops/chef_story_clean_v1/world_chef_c1r1.png remapped: res://assets/opera/worlds/backdrops/chef_story_clean_v1/world_chef_c1r1.png
Loading resource: res://.godot/imported/world_chef_c1r1.png-086c7fbfc39327d6bf09dea116fbb824.s3tc.ctex remapped: res://.godot/imported/world_chef_c1r1.png-086c7fbfc39327d6bf09dea116fbb824.s3tc.ctex
Completed load for: 'res://assets/opera/worlds/backdrops/chef_story_clean_v1/world_chef_c1r1.png' remapped 'res://assets/opera/worlds/backdrops/chef_story_clean_v1/world_chef_c1r1.png' at thread -1
Loading resource: res://assets/opera/worlds/backdrops/stage_chef_c0r0.png remapped: res://assets/opera/worlds/backdrops/stage_chef_c0r0.png
Loading resource: res://.godot/imported/stage_chef_c0r0.png-cc29211ddce9c8eb5ea02bb2f004767f.s3tc.ctex remapped: res://.godot/imported/stage_chef_c0r0.png-cc29211ddce9c8eb5ea02bb2f004767f.s3tc.ctex
Completed load for: 'res://assets/opera/worlds/backdrops/stage_chef_c0r0.png' remapped 'res://assets/opera/worlds/backdrops/stage_chef_c0r0.png' at thread -1
Loading resource: res://assets/opera/worlds/backdrops/stage_chef_c1r0.png remapped: res://assets/opera/worlds/backdrops/stage_chef_c1r0.png
Loading resource: res://.godot/imported/stage_chef_c1r0.png-192ef867e0aaac991da08dfe0b268abb.s3tc.ctex remapped: res://.godot/imported/stage_chef_c1r0.png-192ef867e0aaac991da08dfe0b268abb.s3tc.ctex
Completed load for: 'res://assets/opera/worlds/backdrops/stage_chef_c1r0.png' remapped 'res://assets/opera/worlds/backdrops/stage_chef_c1r0.png' at thread -1
Loading resource: res://assets/opera/worlds/backdrops/stage_chef_c0r1.png remapped: res://assets/opera/worlds/backdrops/stage_chef_c0r1.png
Loading resource: res://.godot/imported/stage_chef_c0r1.png-fa08fc12d8940ebdcaaf79672c5e43a3.s3tc.ctex remapped: res://.godot/imported/stage_chef_c0r1.png-fa08fc12d8940ebdcaaf79672c5e43a3.s3tc.ctex
Completed load for: 'res://assets/opera/worlds/backdrops/stage_chef_c0r1.png' remapped 'res://assets/opera/worlds/backdrops/stage_chef_c0r1.png' at thread -1
Loading resource: res://assets/opera/worlds/backdrops/stage_chef_c1r1.png remapped: res://assets/opera/worlds/backdrops/stage_chef_c1r1.png
Loading resource: res://.godot/imported/stage_chef_c1r1.png-205194b94ea589b7253dce7b86e817a7.s3tc.ctex remapped: res://.godot/imported/stage_chef_c1r1.png-205194b94ea589b7253dce7b86e817a7.s3tc.ctex
Completed load for: 'res://assets/opera/worlds/backdrops/stage_chef_c1r1.png' remapped 'res://assets/opera/worlds/backdrops/stage_chef_c1r1.png' at thread -1
Loading resource: res://assets/chapter2/birthday/chapter2_chef_baked_tiers_unstacked.png remapped: res://assets/chapter2/birthday/chapter2_chef_baked_tiers_unstacked.png
Loading resource: res://.godot/imported/chapter2_chef_baked_tiers_unstacked.png-61b77c80f512d1b7982c44f08b0efc86.ctex remapped: res://.godot/imported/chapter2_chef_baked_tiers_unstacked.png-61b77c80f512d1b7982c44f08b0efc86.ctex
Completed load for: 'res://assets/chapter2/birthday/chapter2_chef_baked_tiers_unstacked.png' remapped 'res://assets/chapter2/birthday/chapter2_chef_baked_tiers_unstacked.png' at thread -1
Loading resource: res://assets/opera/worlds/actors/roshan_chef.png remapped: res://assets/opera/worlds/actors/roshan_chef.png
Loading resource: res://.godot/imported/roshan_chef.png-bc782154b95629319a4783a7946abf7a.s3tc.ctex remapped: res://.godot/imported/roshan_chef.png-bc782154b95629319a4783a7946abf7a.s3tc.ctex
Completed load for: 'res://assets/opera/worlds/actors/roshan_chef.png' remapped 'res://assets/opera/worlds/actors/roshan_chef.png' at thread -1
Loading resource: res://assets/opera/worlds/actors/animation/roshan_chef_sheet_a.png remapped: res://assets/opera/worlds/actors/animation/roshan_chef_sheet_a.png
Loading resource: res://.godot/imported/roshan_chef_sheet_a.png-4ec4a75ade66f00d68e03c6b5e93b0ec.ctex remapped: res://.godot/imported/roshan_chef_sheet_a.png-4ec4a75ade66f00d68e03c6b5e93b0ec.ctex
Completed load for: 'res://assets/opera/worlds/actors/animation/roshan_chef_sheet_a.png' remapped 'res://assets/opera/worlds/actors/animation/roshan_chef_sheet_a.png' at thread -1
Loading resource: res://assets/opera/worlds/actors/rival_chef.png remapped: res://assets/opera/worlds/actors/rival_chef.png
Loading resource: res://.godot/imported/rival_chef.png-2eef5f226867e382a410b29d539aa19d.s3tc.ctex remapped: res://.godot/imported/rival_chef.png-2eef5f226867e382a410b29d539aa19d.s3tc.ctex
Completed load for: 'res://assets/opera/worlds/actors/rival_chef.png' remapped 'res://assets/opera/worlds/actors/rival_chef.png' at thread -1
Loading resource: res://assets/opera/worlds/props/fx_bop_puff.png remapped: res://assets/opera/worlds/props/fx_bop_puff.png
Loading resource: res://.godot/imported/fx_bop_puff.png-44d6a8b8f3875802302bda4fdd154827.s3tc.ctex remapped: res://.godot/imported/fx_bop_puff.png-44d6a8b8f3875802302bda4fdd154827.s3tc.ctex
Completed load for: 'res://assets/opera/worlds/props/fx_bop_puff.png' remapped 'res://assets/opera/worlds/props/fx_bop_puff.png' at thread -1
Loading resource: res://assets/opera/worlds/actors/imp_mischief.png remapped: res://assets/opera/worlds/actors/imp_mischief.png
Loading resource: res://.godot/imported/imp_mischief.png-2aa91762cfa121884fd7c941a480cd75.s3tc.ctex remapped: res://.godot/imported/imp_mischief.png-2aa91762cfa121884fd7c941a480cd75.s3tc.ctex
Completed load for: 'res://assets/opera/worlds/actors/imp_mischief.png' remapped 'res://assets/opera/worlds/actors/imp_mischief.png' at thread -1
Loading resource: res://assets/opera/worlds/actors/imp_mischief_bopped.png remapped: res://assets/opera/worlds/actors/imp_mischief_bopped.png
Loading resource: res://.godot/imported/imp_mischief_bopped.png-276c2d81098a757a1274ef356d58e20d.s3tc.ctex remapped: res://.godot/imported/imp_mischief_bopped.png-276c2d81098a757a1274ef356d58e20d.s3tc.ctex
Completed load for: 'res://assets/opera/worlds/actors/imp_mischief_bopped.png' remapped 'res://assets/opera/worlds/actors/imp_mischief_bopped.png' at thread -1
Loading resource: res://assets/opera/worlds/actors/imp_mischief_bow.png remapped: res://assets/opera/worlds/actors/imp_mischief_bow.png
Loading resource: res://.godot/imported/imp_mischief_bow.png-643f90847c4113e6a65aff5fa7b6c3e8.s3tc.ctex remapped: res://.godot/imported/imp_mischief_bow.png-643f90847c4113e6a65aff5fa7b6c3e8.s3tc.ctex
Completed load for: 'res://assets/opera/worlds/actors/imp_mischief_bow.png' remapped 'res://assets/opera/worlds/actors/imp_mischief_bow.png' at thread -1
Loading resource: res://assets/opera/worlds/actors/imp_captain.png remapped: res://assets/opera/worlds/actors/imp_captain.png
Loading resource: res://.godot/imported/imp_captain.png-e46cb032a0f4e73284cb41534b78dba6.s3tc.ctex remapped: res://.godot/imported/imp_captain.png-e46cb032a0f4e73284cb41534b78dba6.s3tc.ctex
Completed load for: 'res://assets/opera/worlds/actors/imp_captain.png' remapped 'res://assets/opera/worlds/actors/imp_captain.png' at thread -1
Loading resource: res://assets/opera/worlds/actors/imp_captain_bopped.png remapped: res://assets/opera/worlds/actors/imp_captain_bopped.png
Loading resource: res://.godot/imported/imp_captain_bopped.png-7b18e453603e8a4113fd2cbb62ded9b6.s3tc.ctex remapped: res://.godot/imported/imp_captain_bopped.png-7b18e453603e8a4113fd2cbb62ded9b6.s3tc.ctex
Completed load for: 'res://assets/opera/worlds/actors/imp_captain_bopped.png' remapped 'res://assets/opera/worlds/actors/imp_captain_bopped.png' at thread -1
Loading resource: res://assets/opera/worlds/actors/imp_captain_bow.png remapped: res://assets/opera/worlds/actors/imp_captain_bow.png
Loading resource: res://.godot/imported/imp_captain_bow.png-12497944600f3a910cccf5033db21fec.s3tc.ctex remapped: res://.godot/imported/imp_captain_bow.png-12497944600f3a910cccf5033db21fec.s3tc.ctex
Completed load for: 'res://assets/opera/worlds/actors/imp_captain_bow.png' remapped 'res://assets/opera/worlds/actors/imp_captain_bow.png' at thread -1
Loading resource: res://assets/opera/worlds/props/fx_telegraph_ring.png remapped: res://assets/opera/worlds/props/fx_telegraph_ring.png
Loading resource: res://.godot/imported/fx_telegraph_ring.png-a5607cfab59aaf797e0ebc0e0d630b71.s3tc.ctex remapped: res://.godot/imported/fx_telegraph_ring.png-a5607cfab59aaf797e0ebc0e0d630b71.s3tc.ctex
Completed load for: 'res://assets/opera/worlds/props/fx_telegraph_ring.png' remapped 'res://assets/opera/worlds/props/fx_telegraph_ring.png' at thread -1
Loading resource: res://assets/opera/worlds/props/fx_telegraph_bang.png remapped: res://assets/opera/worlds/props/fx_telegraph_bang.png
Loading resource: res://.godot/imported/fx_telegraph_bang.png-5e57510f37f0277a1436815b2f5303f5.s3tc.ctex remapped: res://.godot/imported/fx_telegraph_bang.png-5e57510f37f0277a1436815b2f5303f5.s3tc.ctex
Completed load for: 'res://assets/opera/worlds/props/fx_telegraph_bang.png' remapped 'res://assets/opera/worlds/props/fx_telegraph_bang.png' at thread -1
Loading resource: res://assets/opera/worlds/props/fx_slash_arc.png remapped: res://assets/opera/worlds/props/fx_slash_arc.png
Loading resource: res://.godot/imported/fx_slash_arc.png-06c01e57545f44970f1e9749d78c8c7b.s3tc.ctex remapped: res://.godot/imported/fx_slash_arc.png-06c01e57545f44970f1e9749d78c8c7b.s3tc.ctex
Completed load for: 'res://assets/opera/worlds/props/fx_slash_arc.png' remapped 'res://assets/opera/worlds/props/fx_slash_arc.png' at thread -1
Loading resource: res://assets/opera/worlds/props/fx_dizzy_stars.png remapped: res://assets/opera/worlds/props/fx_dizzy_stars.png
Loading resource: res://.godot/imported/fx_dizzy_stars.png-e249bf547dbb4ae001be7738fcb2de24.s3tc.ctex remapped: res://.godot/imported/fx_dizzy_stars.png-e249bf547dbb4ae001be7738fcb2de24.s3tc.ctex
Completed load for: 'res://assets/opera/worlds/props/fx_dizzy_stars.png' remapped 'res://assets/opera/worlds/props/fx_dizzy_stars.png' at thread -1
Loading resource: res://assets/opera/worlds/actors/rival_chef_bopped.png remapped: res://assets/opera/worlds/actors/rival_chef_bopped.png
Loading resource: res://.godot/imported/rival_chef_bopped.png-a958e09708c682c295f572716a60e912.s3tc.ctex remapped: res://.godot/imported/rival_chef_bopped.png-a958e09708c682c295f572716a60e912.s3tc.ctex
Completed load for: 'res://assets/opera/worlds/actors/rival_chef_bopped.png' remapped 'res://assets/opera/worlds/actors/rival_chef_bopped.png' at thread -1
Loading resource: res://assets/opera/worlds/actors/rival_chef_windup.png remapped: res://assets/opera/worlds/actors/rival_chef_windup.png
Loading resource: res://.godot/imported/rival_chef_windup.png-f9813cf59d06c30dd766049c9c0390da.s3tc.ctex remapped: res://.godot/imported/rival_chef_windup.png-f9813cf59d06c30dd766049c9c0390da.s3tc.ctex
Completed load for: 'res://assets/opera/worlds/actors/rival_chef_windup.png' remapped 'res://assets/opera/worlds/actors/rival_chef_windup.png' at thread -1
Loading resource: res://assets/opera/worlds/actors/rival_chef_charge.png remapped: res://assets/opera/worlds/actors/rival_chef_charge.png
Loading resource: res://.godot/imported/rival_chef_charge.png-b77b9ce0ecdb43770202bb02ab20497c.s3tc.ctex remapped: res://.godot/imported/rival_chef_charge.png-b77b9ce0ecdb43770202bb02ab20497c.s3tc.ctex
Completed load for: 'res://assets/opera/worlds/actors/rival_chef_charge.png' remapped 'res://assets/opera/worlds/actors/rival_chef_charge.png' at thread -1
Loading resource: res://assets/opera/worlds/actors/rival_chef_slash.png remapped: res://assets/opera/worlds/actors/rival_chef_slash.png
Loading resource: res://.godot/imported/rival_chef_slash.png-86d13b64a3548479071cb37cba647d50.s3tc.ctex remapped: res://.godot/imported/rival_chef_slash.png-86d13b64a3548479071cb37cba647d50.s3tc.ctex
Completed load for: 'res://assets/opera/worlds/actors/rival_chef_slash.png' remapped 'res://assets/opera/worlds/actors/rival_chef_slash.png' at thread -1
Loading resource: res://assets/opera/worlds/actors/rival_chef_recover.png remapped: res://assets/opera/worlds/actors/rival_chef_recover.png
Loading resource: res://.godot/imported/rival_chef_recover.png-ce8a2f6ee2a0834a6a528e42ac87cdee.s3tc.ctex remapped: res://.godot/imported/rival_chef_recover.png-ce8a2f6ee2a0834a6a528e42ac87cdee.s3tc.ctex
Completed load for: 'res://assets/opera/worlds/actors/rival_chef_recover.png' remapped 'res://assets/opera/worlds/actors/rival_chef_recover.png' at thread -1
Loading resource: res://assets/opera/worlds/actors/rival_chef_guard.png remapped: res://assets/opera/worlds/actors/rival_chef_guard.png
Loading resource: res://.godot/imported/rival_chef_guard.png-681802d5b3c14a74967dc098c77c2d70.s3tc.ctex remapped: res://.godot/imported/rival_chef_guard.png-681802d5b3c14a74967dc098c77c2d70.s3tc.ctex
Completed load for: 'res://assets/opera/worlds/actors/rival_chef_guard.png' remapped 'res://assets/opera/worlds/actors/rival_chef_guard.png' at thread -1
Loading resource: res://assets/opera/worlds/actors/rival_chef_stagger.png remapped: res://assets/opera/worlds/actors/rival_chef_stagger.png
Loading resource: res://.godot/imported/rival_chef_stagger.png-4483fdfb538c0c6a8121e30fbfc2dc4a.s3tc.ctex remapped: res://.godot/imported/rival_chef_stagger.png-4483fdfb538c0c6a8121e30fbfc2dc4a.s3tc.ctex
Completed load for: 'res://assets/opera/worlds/actors/rival_chef_stagger.png' remapped 'res://assets/opera/worlds/actors/rival_chef_stagger.png' at thread -1
Loading resource: res://assets/opera/worlds/actors/rival_chef_flee.png remapped: res://assets/opera/worlds/actors/rival_chef_flee.png
Loading resource: res://.godot/imported/rival_chef_flee.png-ac12146f9cc2e3eb85aa4951d735fdc8.s3tc.ctex remapped: res://.godot/imported/rival_chef_flee.png-ac12146f9cc2e3eb85aa4951d735fdc8.s3tc.ctex
Completed load for: 'res://assets/opera/worlds/actors/rival_chef_flee.png' remapped 'res://assets/opera/worlds/actors/rival_chef_flee.png' at thread -1
Loading resource: res://assets/opera/worlds/actors/rival_chef_taunt.png remapped: res://assets/opera/worlds/actors/rival_chef_taunt.png
Loading resource: res://.godot/imported/rival_chef_taunt.png-31a97cb0e4c18955a4e497a7d2acdb22.s3tc.ctex remapped: res://.godot/imported/rival_chef_taunt.png-31a97cb0e4c18955a4e497a7d2acdb22.s3tc.ctex
Completed load for: 'res://assets/opera/worlds/actors/rival_chef_taunt.png' remapped 'res://assets/opera/worlds/actors/rival_chef_taunt.png' at thread -1
Loading resource: res://assets/opera/worlds/actors/rival_chef_hop_a.png remapped: res://assets/opera/worlds/actors/rival_chef_hop_a.png
Loading resource: res://.godot/imported/rival_chef_hop_a.png-4ee494dffb2a86f7acfc727f379b7305.s3tc.ctex remapped: res://.godot/imported/rival_chef_hop_a.png-4ee494dffb2a86f7acfc727f379b7305.s3tc.ctex
Completed load for: 'res://assets/opera/worlds/actors/rival_chef_hop_a.png' remapped 'res://assets/opera/worlds/actors/rival_chef_hop_a.png' at thread -1
Loading resource: res://assets/opera/worlds/actors/rival_chef_hop_b.png remapped: res://assets/opera/worlds/actors/rival_chef_hop_b.png
Loading resource: res://.godot/imported/rival_chef_hop_b.png-c61e03499b064c3a7c8b04685a205bfd.s3tc.ctex remapped: res://.godot/imported/rival_chef_hop_b.png-c61e03499b064c3a7c8b04685a205bfd.s3tc.ctex
Completed load for: 'res://assets/opera/worlds/actors/rival_chef_hop_b.png' remapped 'res://assets/opera/worlds/actors/rival_chef_hop_b.png' at thread -1
Loading resource: res://assets/opera/worlds/actors/rival_chef_bow.png remapped: res://assets/opera/worlds/actors/rival_chef_bow.png
Loading resource: res://.godot/imported/rival_chef_bow.png-d2fd6fc40f5a42e5f64d3d1f0c6a3a4e.s3tc.ctex remapped: res://.godot/imported/rival_chef_bow.png-d2fd6fc40f5a42e5f64d3d1f0c6a3a4e.s3tc.ctex
Completed load for: 'res://assets/opera/worlds/actors/rival_chef_bow.png' remapped 'res://assets/opera/worlds/actors/rival_chef_bow.png' at thread -1
Loading resource: res://assets/opera/worlds/actors/imp_mischief.png remapped: res://assets/opera/worlds/actors/imp_mischief.png
Loading resource: res://.godot/imported/imp_mischief.png-2aa91762cfa121884fd7c941a480cd75.s3tc.ctex remapped: res://.godot/imported/imp_mischief.png-2aa91762cfa121884fd7c941a480cd75.s3tc.ctex
Completed load for: 'res://assets/opera/worlds/actors/imp_mischief.png' remapped 'res://assets/opera/worlds/actors/imp_mischief.png' at thread -1
Loading resource: res://assets/opera/worlds/actors/imp_mischief_windup.png remapped: res://assets/opera/worlds/actors/imp_mischief_windup.png
Loading resource: res://.godot/imported/imp_mischief_windup.png-27644fd709fe5393e0a8caad88b075b6.s3tc.ctex remapped: res://.godot/imported/imp_mischief_windup.png-27644fd709fe5393e0a8caad88b075b6.s3tc.ctex
Completed load for: 'res://assets/opera/worlds/actors/imp_mischief_windup.png' remapped 'res://assets/opera/worlds/actors/imp_mischief_windup.png' at thread -1
Loading resource: res://assets/opera/worlds/actors/imp_mischief_charge.png remapped: res://assets/opera/worlds/actors/imp_mischief_charge.png
Loading resource: res://.godot/imported/imp_mischief_charge.png-7651fd8a67674c1425677cc73b08a982.s3tc.ctex remapped: res://.godot/imported/imp_mischief_charge.png-7651fd8a67674c1425677cc73b08a982.s3tc.ctex
Completed load for: 'res://assets/opera/worlds/actors/imp_mischief_charge.png' remapped 'res://assets/opera/worlds/actors/imp_mischief_charge.png' at thread -1
Loading resource: res://assets/opera/worlds/actors/imp_mischief_slash.png remapped: res://assets/opera/worlds/actors/imp_mischief_slash.png
Loading resource: res://.godot/imported/imp_mischief_slash.png-feef3a7d575df712da4960aea92d00eb.s3tc.ctex remapped: res://.godot/imported/imp_mischief_slash.png-feef3a7d575df712da4960aea92d00eb.s3tc.ctex
Completed load for: 'res://assets/opera/worlds/actors/imp_mischief_slash.png' remapped 'res://assets/opera/worlds/actors/imp_mischief_slash.png' at thread -1
Loading resource: res://assets/opera/worlds/actors/imp_mischief_recover.png remapped: res://assets/opera/worlds/actors/imp_mischief_recover.png
Loading resource: res://.godot/imported/imp_mischief_recover.png-9993ae96041a390c9d56b99855a20323.s3tc.ctex remapped: res://.godot/imported/imp_mischief_recover.png-9993ae96041a390c9d56b99855a20323.s3tc.ctex
Completed load for: 'res://assets/opera/worlds/actors/imp_mischief_recover.png' remapped 'res://assets/opera/worlds/actors/imp_mischief_recover.png' at thread -1
Loading resource: res://assets/opera/worlds/actors/imp_mischief_guard.png remapped: res://assets/opera/worlds/actors/imp_mischief_guard.png
Loading resource: res://.godot/imported/imp_mischief_guard.png-e0b51eb2c2b687acd70ab7e0486431b4.s3tc.ctex remapped: res://.godot/imported/imp_mischief_guard.png-e0b51eb2c2b687acd70ab7e0486431b4.s3tc.ctex
Completed load for: 'res://assets/opera/worlds/actors/imp_mischief_guard.png' remapped 'res://assets/opera/worlds/actors/imp_mischief_guard.png' at thread -1
Loading resource: res://assets/opera/worlds/actors/imp_mischief_stagger.png remapped: res://assets/opera/worlds/actors/imp_mischief_stagger.png
Loading resource: res://.godot/imported/imp_mischief_stagger.png-deb400ff054c7a4631756e74bc75bffe.s3tc.ctex remapped: res://.godot/imported/imp_mischief_stagger.png-deb400ff054c7a4631756e74bc75bffe.s3tc.ctex
Completed load for: 'res://assets/opera/worlds/actors/imp_mischief_stagger.png' remapped 'res://assets/opera/worlds/actors/imp_mischief_stagger.png' at thread -1
Loading resource: res://assets/opera/worlds/actors/imp_mischief_flee.png remapped: res://assets/opera/worlds/actors/imp_mischief_flee.png
Loading resource: res://.godot/imported/imp_mischief_flee.png-75ab59cf13833ac1972e0ab1614b4de8.s3tc.ctex remapped: res://.godot/imported/imp_mischief_flee.png-75ab59cf13833ac1972e0ab1614b4de8.s3tc.ctex
Completed load for: 'res://assets/opera/worlds/actors/imp_mischief_flee.png' remapped 'res://assets/opera/worlds/actors/imp_mischief_flee.png' at thread -1
Loading resource: res://assets/opera/worlds/actors/imp_mischief_taunt.png remapped: res://assets/opera/worlds/actors/imp_mischief_taunt.png
Loading resource: res://.godot/imported/imp_mischief_taunt.png-a891d360a40c9485aea56227a041d6c9.s3tc.ctex remapped: res://.godot/imported/imp_mischief_taunt.png-a891d360a40c9485aea56227a041d6c9.s3tc.ctex
Completed load for: 'res://assets/opera/worlds/actors/imp_mischief_taunt.png' remapped 'res://assets/opera/worlds/actors/imp_mischief_taunt.png' at thread -1
Loading resource: res://assets/opera/worlds/actors/imp_mischief_bopped.png remapped: res://assets/opera/worlds/actors/imp_mischief_bopped.png
Loading resource: res://.godot/imported/imp_mischief_bopped.png-276c2d81098a757a1274ef356d58e20d.s3tc.ctex remapped: res://.godot/imported/imp_mischief_bopped.png-276c2d81098a757a1274ef356d58e20d.s3tc.ctex
Completed load for: 'res://assets/opera/worlds/actors/imp_mischief_bopped.png' remapped 'res://assets/opera/worlds/actors/imp_mischief_bopped.png' at thread -1
Loading resource: res://assets/opera/worlds/actors/imp_captain.png remapped: res://assets/opera/worlds/actors/imp_captain.png
Loading resource: res://.godot/imported/imp_captain.png-e46cb032a0f4e73284cb41534b78dba6.s3tc.ctex remapped: res://.godot/imported/imp_captain.png-e46cb032a0f4e73284cb41534b78dba6.s3tc.ctex
Completed load for: 'res://assets/opera/worlds/actors/imp_captain.png' remapped 'res://assets/opera/worlds/actors/imp_captain.png' at thread -1
Loading resource: res://assets/opera/worlds/actors/imp_captain_windup.png remapped: res://assets/opera/worlds/actors/imp_captain_windup.png
Loading resource: res://.godot/imported/imp_captain_windup.png-8943ae388fceff3a2b93abea186ce701.s3tc.ctex remapped: res://.godot/imported/imp_captain_windup.png-8943ae388fceff3a2b93abea186ce701.s3tc.ctex
Completed load for: 'res://assets/opera/worlds/actors/imp_captain_windup.png' remapped 'res://assets/opera/worlds/actors/imp_captain_windup.png' at thread -1
Loading resource: res://assets/opera/worlds/actors/imp_captain_charge.png remapped: res://assets/opera/worlds/actors/imp_captain_charge.png
Loading resource: res://.godot/imported/imp_captain_charge.png-ca0f6b738d6b7acf2d7d62bda85c3ee9.s3tc.ctex remapped: res://.godot/imported/imp_captain_charge.png-ca0f6b738d6b7acf2d7d62bda85c3ee9.s3tc.ctex
Completed load for: 'res://assets/opera/worlds/actors/imp_captain_charge.png' remapped 'res://assets/opera/worlds/actors/imp_captain_charge.png' at thread -1
Loading resource: res://assets/opera/worlds/actors/imp_captain_slash.png remapped: res://assets/opera/worlds/actors/imp_captain_slash.png
Loading resource: res://.godot/imported/imp_captain_slash.png-c2f505657f2b06bee95b1e51e1c49129.s3tc.ctex remapped: res://.godot/imported/imp_captain_slash.png-c2f505657f2b06bee95b1e51e1c49129.s3tc.ctex
Completed load for: 'res://assets/opera/worlds/actors/imp_captain_slash.png' remapped 'res://assets/opera/worlds/actors/imp_captain_slash.png' at thread -1
Loading resource: res://assets/opera/worlds/actors/imp_captain_recover.png remapped: res://assets/opera/worlds/actors/imp_captain_recover.png
Loading resource: res://.godot/imported/imp_captain_recover.png-542263c7b6fc37fb29210456149073b0.s3tc.ctex remapped: res://.godot/imported/imp_captain_recover.png-542263c7b6fc37fb29210456149073b0.s3tc.ctex
Completed load for: 'res://assets/opera/worlds/actors/imp_captain_recover.png' remapped 'res://assets/opera/worlds/actors/imp_captain_recover.png' at thread -1
Loading resource: res://assets/opera/worlds/actors/imp_captain_guard.png remapped: res://assets/opera/worlds/actors/imp_captain_guard.png
Loading resource: res://.godot/imported/imp_captain_guard.png-e89585bc394d3dca313907cb2224501f.s3tc.ctex remapped: res://.godot/imported/imp_captain_guard.png-e89585bc394d3dca313907cb2224501f.s3tc.ctex
Completed load for: 'res://assets/opera/worlds/actors/imp_captain_guard.png' remapped 'res://assets/opera/worlds/actors/imp_captain_guard.png' at thread -1
Loading resource: res://assets/opera/worlds/actors/imp_captain_stagger.png remapped: res://assets/opera/worlds/actors/imp_captain_stagger.png
Loading resource: res://.godot/imported/imp_captain_stagger.png-f0d86df4f11e14a3c5b3094eb10f0acb.s3tc.ctex remapped: res://.godot/imported/imp_captain_stagger.png-f0d86df4f11e14a3c5b3094eb10f0acb.s3tc.ctex
Completed load for: 'res://assets/opera/worlds/actors/imp_captain_stagger.png' remapped 'res://assets/opera/worlds/actors/imp_captain_stagger.png' at thread -1
Loading resource: res://assets/opera/worlds/actors/imp_captain_flee.png remapped: res://assets/opera/worlds/actors/imp_captain_flee.png
Loading resource: res://.godot/imported/imp_captain_flee.png-10494cd923c0d79bdd4a59cef42f4027.s3tc.ctex remapped: res://.godot/imported/imp_captain_flee.png-10494cd923c0d79bdd4a59cef42f4027.s3tc.ctex
Completed load for: 'res://assets/opera/worlds/actors/imp_captain_flee.png' remapped 'res://assets/opera/worlds/actors/imp_captain_flee.png' at thread -1
Loading resource: res://assets/opera/worlds/actors/imp_captain_taunt.png remapped: res://assets/opera/worlds/actors/imp_captain_taunt.png
Loading resource: res://.godot/imported/imp_captain_taunt.png-954edfe43d7f3d0d339d9dcee7736514.s3tc.ctex remapped: res://.godot/imported/imp_captain_taunt.png-954edfe43d7f3d0d339d9dcee7736514.s3tc.ctex
Completed load for: 'res://assets/opera/worlds/actors/imp_captain_taunt.png' remapped 'res://assets/opera/worlds/actors/imp_captain_taunt.png' at thread -1
Loading resource: res://assets/opera/worlds/actors/imp_captain_bopped.png remapped: res://assets/opera/worlds/actors/imp_captain_bopped.png
Loading resource: res://.godot/imported/imp_captain_bopped.png-7b18e453603e8a4113fd2cbb62ded9b6.s3tc.ctex remapped: res://.godot/imported/imp_captain_bopped.png-7b18e453603e8a4113fd2cbb62ded9b6.s3tc.ctex
Completed load for: 'res://assets/opera/worlds/actors/imp_captain_bopped.png' remapped 'res://assets/opera/worlds/actors/imp_captain_bopped.png' at thread -1
Loading resource: res://assets/opera/worlds/widgets/widget_pour_chef_mover.png remapped: res://assets/opera/worlds/widgets/widget_pour_chef_mover.png
Loading resource: res://.godot/imported/widget_pour_chef_mover.png-93e22fb06eb104e0ace859c262820176.s3tc.ctex remapped: res://.godot/imported/widget_pour_chef_mover.png-93e22fb06eb104e0ace859c262820176.s3tc.ctex
Completed load for: 'res://assets/opera/worlds/widgets/widget_pour_chef_mover.png' remapped 'res://assets/opera/worlds/widgets/widget_pour_chef_mover.png' at thread -1
Loading resource: res://assets/opera/worlds/widgets/widget_pour_chef_fill.png remapped: res://assets/opera/worlds/widgets/widget_pour_chef_fill.png
Loading resource: res://.godot/imported/widget_pour_chef_fill.png-cccded297e5de5e023c76be85758c2dc.ctex remapped: res://.godot/imported/widget_pour_chef_fill.png-cccded297e5de5e023c76be85758c2dc.ctex
Completed load for: 'res://assets/opera/worlds/widgets/widget_pour_chef_fill.png' remapped 'res://assets/opera/worlds/widgets/widget_pour_chef_fill.png' at thread -1
CHAPTER2_FARMER_RESUME|Chef saved mask 07 owns a healed, complete POT backdrop: OK
CHAPTER2_FARMER_RESUME|Chef saved mask 07 has one physical cake state: OK
CHAPTER2_FARMER_RESUME|Hidden rack rows release stale baked textures: OK
CHAPTER2_FARMER_RESUME|Baked rows retain every authored edge and draw below Roshan: OK
CHAPTER2_FARMER_RESUME|Baked transparent quads use under one quarter of the old area: OK
Loading resource: res://assets/chapter2/birthday/chapter2_chef_stacked_unfrosted_cake.png remapped: res://assets/chapter2/birthday/chapter2_chef_stacked_unfrosted_cake.png
Loading resource: res://.godot/imported/chapter2_chef_stacked_unfrosted_cake.png-176874fcedc720ba04c4f9ee9e3c4241.ctex remapped: res://.godot/imported/chapter2_chef_stacked_unfrosted_cake.png-176874fcedc720ba04c4f9ee9e3c4241.ctex
Completed load for: 'res://assets/chapter2/birthday/chapter2_chef_stacked_unfrosted_cake.png' remapped 'res://assets/chapter2/birthday/chapter2_chef_stacked_unfrosted_cake.png' at thread -1
CHAPTER2_FARMER_RESUME|Baked-to-stacked refresh releases every old rack texture: OK
Loading resource: res://assets/chapter2/birthday/chapter2_chef_baked_tiers_unstacked.png remapped: res://assets/chapter2/birthday/chapter2_chef_baked_tiers_unstacked.png
Loading resource: res://.godot/imported/chapter2_chef_baked_tiers_unstacked.png-61b77c80f512d1b7982c44f08b0efc86.ctex remapped: res://.godot/imported/chapter2_chef_baked_tiers_unstacked.png-61b77c80f512d1b7982c44f08b0efc86.ctex
Completed load for: 'res://assets/chapter2/birthday/chapter2_chef_baked_tiers_unstacked.png' remapped 'res://assets/chapter2/birthday/chapter2_chef_baked_tiers_unstacked.png' at thread -1
CHAPTER2_FARMER_RESUME|Chef saved mask 07 cannot advance without a child action: OK
Loading resource: res://assets/opera/worlds/ui/magnifier.png remapped: res://assets/opera/worlds/ui/magnifier.png
Loading resource: res://.godot/imported/magnifier.png-def06d7a41c5772f787cbecf1fb0c089.s3tc.ctex remapped: res://.godot/imported/magnifier.png-def06d7a41c5772f787cbecf1fb0c089.s3tc.ctex
Completed load for: 'res://assets/opera/worlds/ui/magnifier.png' remapped 'res://assets/opera/worlds/ui/magnifier.png' at thread -1
Loading resource: res://assets/opera/worlds/backdrops/world_chef.png remapped: res://assets/opera/worlds/backdrops/world_chef.png
Loading resource: res://.godot/imported/world_chef.png-ef6ca0dee3242fe8c57ffeff3f7a3325.ctex remapped: res://.godot/imported/world_chef.png-ef6ca0dee3242fe8c57ffeff3f7a3325.ctex
Completed load for: 'res://assets/opera/worlds/backdrops/world_chef.png' remapped 'res://assets/opera/worlds/backdrops/world_chef.png' at thread -1
Loading resource: res://assets/opera/worlds/backdrops/chef_story_clean_v1/world_chef_c0r0.png remapped: res://assets/opera/worlds/backdrops/chef_story_clean_v1/world_chef_c0r0.png
Loading resource: res://.godot/imported/world_chef_c0r0.png-0ece24d10e6f92afefe881c990eca893.s3tc.ctex remapped: res://.godot/imported/world_chef_c0r0.png-0ece24d10e6f92afefe881c990eca893.s3tc.ctex
Completed load for: 'res://assets/opera/worlds/backdrops/chef_story_clean_v1/world_chef_c0r0.png' remapped 'res://assets/opera/worlds/backdrops/chef_story_clean_v1/world_chef_c0r0.png' at thread -1
Loading resource: res://assets/opera/worlds/backdrops/chef_story_clean_v1/world_chef_c1r0.png remapped: res://assets/opera/worlds/backdrops/chef_story_clean_v1/world_chef_c1r0.png
Loading resource: res://.godot/imported/world_chef_c1r0.png-b86b61ecf9b65721574a81cb630d2ede.s3tc.ctex remapped: res://.godot/imported/world_chef_c1r0.png-b86b61ecf9b65721574a81cb630d2ede.s3tc.ctex
Completed load for: 'res://assets/opera/worlds/backdrops/chef_story_clean_v1/world_chef_c1r0.png' remapped 'res://assets/opera/worlds/backdrops/chef_story_clean_v1/world_chef_c1r0.png' at thread -1
Loading resource: res://assets/opera/worlds/backdrops/chef_story_clean_v1/world_chef_c0r1.png remapped: res://assets/opera/worlds/backdrops/chef_story_clean_v1/world_chef_c0r1.png
Loading resource: res://.godot/imported/world_chef_c0r1.png-6019a3e1b274d569c3088830cef4729b.s3tc.ctex remapped: res://.godot/imported/world_chef_c0r1.png-6019a3e1b274d569c3088830cef4729b.s3tc.ctex
Completed load for: 'res://assets/opera/worlds/backdrops/chef_story_clean_v1/world_chef_c0r1.png' remapped 'res://assets/opera/worlds/backdrops/chef_story_clean_v1/world_chef_c0r1.png' at thread -1
Loading resource: res://assets/opera/worlds/backdrops/chef_story_clean_v1/world_chef_c1r1.png remapped: res://assets/opera/worlds/backdrops/chef_story_clean_v1/world_chef_c1r1.png
Loading resource: res://.godot/imported/world_chef_c1r1.png-086c7fbfc39327d6bf09dea116fbb824.s3tc.ctex remapped: res://.godot/imported/world_chef_c1r1.png-086c7fbfc39327d6bf09dea116fbb824.s3tc.ctex
Completed load for: 'res://assets/opera/worlds/backdrops/chef_story_clean_v1/world_chef_c1r1.png' remapped 'res://assets/opera/worlds/backdrops/chef_story_clean_v1/world_chef_c1r1.png' at thread -1
Loading resource: res://assets/opera/worlds/backdrops/stage_chef_c0r0.png remapped: res://assets/opera/worlds/backdrops/stage_chef_c0r0.png
Loading resource: res://.godot/imported/stage_chef_c0r0.png-cc29211ddce9c8eb5ea02bb2f004767f.s3tc.ctex remapped: res://.godot/imported/stage_chef_c0r0.png-cc29211ddce9c8eb5ea02bb2f004767f.s3tc.ctex
Completed load for: 'res://assets/opera/worlds/backdrops/stage_chef_c0r0.png' remapped 'res://assets/opera/worlds/backdrops/stage_chef_c0r0.png' at thread -1
Loading resource: res://assets/opera/worlds/backdrops/stage_chef_c1r0.png remapped: res://assets/opera/worlds/backdrops/stage_chef_c1r0.png
Loading resource: res://.godot/imported/stage_chef_c1r0.png-192ef867e0aaac991da08dfe0b268abb.s3tc.ctex remapped: res://.godot/imported/stage_chef_c1r0.png-192ef867e0aaac991da08dfe0b268abb.s3tc.ctex
Completed load for: 'res://assets/opera/worlds/backdrops/stage_chef_c1r0.png' remapped 'res://assets/opera/worlds/backdrops/stage_chef_c1r0.png' at thread -1
Loading resource: res://assets/opera/worlds/backdrops/stage_chef_c0r1.png remapped: res://assets/opera/worlds/backdrops/stage_chef_c0r1.png
Loading resource: res://.godot/imported/stage_chef_c0r1.png-fa08fc12d8940ebdcaaf79672c5e43a3.s3tc.ctex remapped: res://.godot/imported/stage_chef_c0r1.png-fa08fc12d8940ebdcaaf79672c5e43a3.s3tc.ctex
Completed load for: 'res://assets/opera/worlds/backdrops/stage_chef_c0r1.png' remapped 'res://assets/opera/worlds/backdrops/stage_chef_c0r1.png' at thread -1
Loading resource: res://assets/opera/worlds/backdrops/stage_chef_c1r1.png remapped: res://assets/opera/worlds/backdrops/stage_chef_c1r1.png
Loading resource: res://.godot/imported/stage_chef_c1r1.png-205194b94ea589b7253dce7b86e817a7.s3tc.ctex remapped: res://.godot/imported/stage_chef_c1r1.png-205194b94ea589b7253dce7b86e817a7.s3tc.ctex
Completed load for: 'res://assets/opera/worlds/backdrops/stage_chef_c1r1.png' remapped 'res://assets/opera/worlds/backdrops/stage_chef_c1r1.png' at thread -1
Loading resource: res://assets/chapter2/birthday/chapter2_chef_stacked_unfrosted_cake.png remapped: res://assets/chapter2/birthday/chapter2_chef_stacked_unfrosted_cake.png
Loading resource: res://.godot/imported/chapter2_chef_stacked_unfrosted_cake.png-176874fcedc720ba04c4f9ee9e3c4241.ctex remapped: res://.godot/imported/chapter2_chef_stacked_unfrosted_cake.png-176874fcedc720ba04c4f9ee9e3c4241.ctex
Completed load for: 'res://assets/chapter2/birthday/chapter2_chef_stacked_unfrosted_cake.png' remapped 'res://assets/chapter2/birthday/chapter2_chef_stacked_unfrosted_cake.png' at thread -1
Loading resource: res://assets/opera/worlds/actors/roshan_chef.png remapped: res://assets/opera/worlds/actors/roshan_chef.png
Loading resource: res://.godot/imported/roshan_chef.png-bc782154b95629319a4783a7946abf7a.s3tc.ctex remapped: res://.godot/imported/roshan_chef.png-bc782154b95629319a4783a7946abf7a.s3tc.ctex
Completed load for: 'res://assets/opera/worlds/actors/roshan_chef.png' remapped 'res://assets/opera/worlds/actors/roshan_chef.png' at thread -1
Loading resource: res://assets/opera/worlds/actors/animation/roshan_chef_sheet_a.png remapped: res://assets/opera/worlds/actors/animation/roshan_chef_sheet_a.png
Loading resource: res://.godot/imported/roshan_chef_sheet_a.png-4ec4a75ade66f00d68e03c6b5e93b0ec.ctex remapped: res://.godot/imported/roshan_chef_sheet_a.png-4ec4a75ade66f00d68e03c6b5e93b0ec.ctex
Completed load for: 'res://assets/opera/worlds/actors/animation/roshan_chef_sheet_a.png' remapped 'res://assets/opera/worlds/actors/animation/roshan_chef_sheet_a.png' at thread -1
Loading resource: res://assets/opera/worlds/actors/rival_chef.png remapped: res://assets/opera/worlds/actors/rival_chef.png
Loading resource: res://.godot/imported/rival_chef.png-2eef5f226867e382a410b29d539aa19d.s3tc.ctex remapped: res://.godot/imported/rival_chef.png-2eef5f226867e382a410b29d539aa19d.s3tc.ctex
Completed load for: 'res://assets/opera/worlds/actors/rival_chef.png' remapped 'res://assets/opera/worlds/actors/rival_chef.png' at thread -1
Loading resource: res://assets/opera/worlds/props/fx_bop_puff.png remapped: res://assets/opera/worlds/props/fx_bop_puff.png
Loading resource: res://.godot/imported/fx_bop_puff.png-44d6a8b8f3875802302bda4fdd154827.s3tc.ctex remapped: res://.godot/imported/fx_bop_puff.png-44d6a8b8f3875802302bda4fdd154827.s3tc.ctex
Completed load for: 'res://assets/opera/worlds/props/fx_bop_puff.png' remapped 'res://assets/opera/worlds/props/fx_bop_puff.png' at thread -1
Loading resource: res://assets/opera/worlds/actors/imp_mischief.png remapped: res://assets/opera/worlds/actors/imp_mischief.png
Loading resource: res://.godot/imported/imp_mischief.png-2aa91762cfa121884fd7c941a480cd75.s3tc.ctex remapped: res://.godot/imported/imp_mischief.png-2aa91762cfa121884fd7c941a480cd75.s3tc.ctex
Completed load for: 'res://assets/opera/worlds/actors/imp_mischief.png' remapped 'res://assets/opera/worlds/actors/imp_mischief.png' at thread -1
Loading resource: res://assets/opera/worlds/actors/imp_mischief_bopped.png remapped: res://assets/opera/worlds/actors/imp_mischief_bopped.png
Loading resource: res://.godot/imported/imp_mischief_bopped.png-276c2d81098a757a1274ef356d58e20d.s3tc.ctex remapped: res://.godot/imported/imp_mischief_bopped.png-276c2d81098a757a1274ef356d58e20d.s3tc.ctex
Completed load for: 'res://assets/opera/worlds/actors/imp_mischief_bopped.png' remapped 'res://assets/opera/worlds/actors/imp_mischief_bopped.png' at thread -1
Loading resource: res://assets/opera/worlds/actors/imp_mischief_bow.png remapped: res://assets/opera/worlds/actors/imp_mischief_bow.png
Loading resource: res://.godot/imported/imp_mischief_bow.png-643f90847c4113e6a65aff5fa7b6c3e8.s3tc.ctex remapped: res://.godot/imported/imp_mischief_bow.png-643f90847c4113e6a65aff5fa7b6c3e8.s3tc.ctex
Completed load for: 'res://assets/opera/worlds/actors/imp_mischief_bow.png' remapped 'res://assets/opera/worlds/actors/imp_mischief_bow.png' at thread -1
Loading resource: res://assets/opera/worlds/actors/imp_captain.png remapped: res://assets/opera/worlds/actors/imp_captain.png
Loading resource: res://.godot/imported/imp_captain.png-e46cb032a0f4e73284cb41534b78dba6.s3tc.ctex remapped: res://.godot/imported/imp_captain.png-e46cb032a0f4e73284cb41534b78dba6.s3tc.ctex
Completed load for: 'res://assets/opera/worlds/actors/imp_captain.png' remapped 'res://assets/opera/worlds/actors/imp_captain.png' at thread -1
Loading resource: res://assets/opera/worlds/actors/imp_captain_bopped.png remapped: res://assets/opera/worlds/actors/imp_captain_bopped.png
Loading resource: res://.godot/imported/imp_captain_bopped.png-7b18e453603e8a4113fd2cbb62ded9b6.s3tc.ctex remapped: res://.godot/imported/imp_captain_bopped.png-7b18e453603e8a4113fd2cbb62ded9b6.s3tc.ctex
Completed load for: 'res://assets/opera/worlds/actors/imp_captain_bopped.png' remapped 'res://assets/opera/worlds/actors/imp_captain_bopped.png' at thread -1
Loading resource: res://assets/opera/worlds/actors/imp_captain_bow.png remapped: res://assets/opera/worlds/actors/imp_captain_bow.png
Loading resource: res://.godot/imported/imp_captain_bow.png-12497944600f3a910cccf5033db21fec.s3tc.ctex remapped: res://.godot/imported/imp_captain_bow.png-12497944600f3a910cccf5033db21fec.s3tc.ctex
Completed load for: 'res://assets/opera/worlds/actors/imp_captain_bow.png' remapped 'res://assets/opera/worlds/actors/imp_captain_bow.png' at thread -1
Loading resource: res://assets/opera/worlds/props/fx_telegraph_ring.png remapped: res://assets/opera/worlds/props/fx_telegraph_ring.png
Loading resource: res://.godot/imported/fx_telegraph_ring.png-a5607cfab59aaf797e0ebc0e0d630b71.s3tc.ctex remapped: res://.godot/imported/fx_telegraph_ring.png-a5607cfab59aaf797e0ebc0e0d630b71.s3tc.ctex
Completed load for: 'res://assets/opera/worlds/props/fx_telegraph_ring.png' remapped 'res://assets/opera/worlds/props/fx_telegraph_ring.png' at thread -1
Loading resource: res://assets/opera/worlds/props/fx_telegraph_bang.png remapped: res://assets/opera/worlds/props/fx_telegraph_bang.png
Loading resource: res://.godot/imported/fx_telegraph_bang.png-5e57510f37f0277a1436815b2f5303f5.s3tc.ctex remapped: res://.godot/imported/fx_telegraph_bang.png-5e57510f37f0277a1436815b2f5303f5.s3tc.ctex
Completed load for: 'res://assets/opera/worlds/props/fx_telegraph_bang.png' remapped 'res://assets/opera/worlds/props/fx_telegraph_bang.png' at thread -1
Loading resource: res://assets/opera/worlds/props/fx_slash_arc.png remapped: res://assets/opera/worlds/props/fx_slash_arc.png
Loading resource: res://.godot/imported/fx_slash_arc.png-06c01e57545f44970f1e9749d78c8c7b.s3tc.ctex remapped: res://.godot/imported/fx_slash_arc.png-06c01e57545f44970f1e9749d78c8c7b.s3tc.ctex
Completed load for: 'res://assets/opera/worlds/props/fx_slash_arc.png' remapped 'res://assets/opera/worlds/props/fx_slash_arc.png' at thread -1
Loading resource: res://assets/opera/worlds/props/fx_dizzy_stars.png remapped: res://assets/opera/worlds/props/fx_dizzy_stars.png
Loading resource: res://.godot/imported/fx_dizzy_stars.png-e249bf547dbb4ae001be7738fcb2de24.s3tc.ctex remapped: res://.godot/imported/fx_dizzy_stars.png-e249bf547dbb4ae001be7738fcb2de24.s3tc.ctex
Completed load for: 'res://assets/opera/worlds/props/fx_dizzy_stars.png' remapped 'res://assets/opera/worlds/props/fx_dizzy_stars.png' at thread -1
Loading resource: res://assets/opera/worlds/actors/rival_chef_bopped.png remapped: res://assets/opera/worlds/actors/rival_chef_bopped.png
Loading resource: res://.godot/imported/rival_chef_bopped.png-a958e09708c682c295f572716a60e912.s3tc.ctex remapped: res://.godot/imported/rival_chef_bopped.png-a958e09708c682c295f572716a60e912.s3tc.ctex
Completed load for: 'res://assets/opera/worlds/actors/rival_chef_bopped.png' remapped 'res://assets/opera/worlds/actors/rival_chef_bopped.png' at thread -1
Loading resource: res://assets/opera/worlds/actors/rival_chef_windup.png remapped: res://assets/opera/worlds/actors/rival_chef_windup.png
Loading resource: res://.godot/imported/rival_chef_windup.png-f9813cf59d06c30dd766049c9c0390da.s3tc.ctex remapped: res://.godot/imported/rival_chef_windup.png-f9813cf59d06c30dd766049c9c0390da.s3tc.ctex
Completed load for: 'res://assets/opera/worlds/actors/rival_chef_windup.png' remapped 'res://assets/opera/worlds/actors/rival_chef_windup.png' at thread -1
Loading resource: res://assets/opera/worlds/actors/rival_chef_charge.png remapped: res://assets/opera/worlds/actors/rival_chef_charge.png
Loading resource: res://.godot/imported/rival_chef_charge.png-b77b9ce0ecdb43770202bb02ab20497c.s3tc.ctex remapped: res://.godot/imported/rival_chef_charge.png-b77b9ce0ecdb43770202bb02ab20497c.s3tc.ctex
Completed load for: 'res://assets/opera/worlds/actors/rival_chef_charge.png' remapped 'res://assets/opera/worlds/actors/rival_chef_charge.png' at thread -1
Loading resource: res://assets/opera/worlds/actors/rival_chef_slash.png remapped: res://assets/opera/worlds/actors/rival_chef_slash.png
Loading resource: res://.godot/imported/rival_chef_slash.png-86d13b64a3548479071cb37cba647d50.s3tc.ctex remapped: res://.godot/imported/rival_chef_slash.png-86d13b64a3548479071cb37cba647d50.s3tc.ctex
Completed load for: 'res://assets/opera/worlds/actors/rival_chef_slash.png' remapped 'res://assets/opera/worlds/actors/rival_chef_slash.png' at thread -1
Loading resource: res://assets/opera/worlds/actors/rival_chef_recover.png remapped: res://assets/opera/worlds/actors/rival_chef_recover.png
Loading resource: res://.godot/imported/rival_chef_recover.png-ce8a2f6ee2a0834a6a528e42ac87cdee.s3tc.ctex remapped: res://.godot/imported/rival_chef_recover.png-ce8a2f6ee2a0834a6a528e42ac87cdee.s3tc.ctex
Completed load for: 'res://assets/opera/worlds/actors/rival_chef_recover.png' remapped 'res://assets/opera/worlds/actors/rival_chef_recover.png' at thread -1
Loading resource: res://assets/opera/worlds/actors/rival_chef_guard.png remapped: res://assets/opera/worlds/actors/rival_chef_guard.png
Loading resource: res://.godot/imported/rival_chef_guard.png-681802d5b3c14a74967dc098c77c2d70.s3tc.ctex remapped: res://.godot/imported/rival_chef_guard.png-681802d5b3c14a74967dc098c77c2d70.s3tc.ctex
Completed load for: 'res://assets/opera/worlds/actors/rival_chef_guard.png' remapped 'res://assets/opera/worlds/actors/rival_chef_guard.png' at thread -1
Loading resource: res://assets/opera/worlds/actors/rival_chef_stagger.png remapped: res://assets/opera/worlds/actors/rival_chef_stagger.png
Loading resource: res://.godot/imported/rival_chef_stagger.png-4483fdfb538c0c6a8121e30fbfc2dc4a.s3tc.ctex remapped: res://.godot/imported/rival_chef_stagger.png-4483fdfb538c0c6a8121e30fbfc2dc4a.s3tc.ctex
Completed load for: 'res://assets/opera/worlds/actors/rival_chef_stagger.png' remapped 'res://assets/opera/worlds/actors/rival_chef_stagger.png' at thread -1
Loading resource: res://assets/opera/worlds/actors/rival_chef_flee.png remapped: res://assets/opera/worlds/actors/rival_chef_flee.png
Loading resource: res://.godot/imported/rival_chef_flee.png-ac12146f9cc2e3eb85aa4951d735fdc8.s3tc.ctex remapped: res://.godot/imported/rival_chef_flee.png-ac12146f9cc2e3eb85aa4951d735fdc8.s3tc.ctex
Completed load for: 'res://assets/opera/worlds/actors/rival_chef_flee.png' remapped 'res://assets/opera/worlds/actors/rival_chef_flee.png' at thread -1
Loading resource: res://assets/opera/worlds/actors/rival_chef_taunt.png remapped: res://assets/opera/worlds/actors/rival_chef_taunt.png
Loading resource: res://.godot/imported/rival_chef_taunt.png-31a97cb0e4c18955a4e497a7d2acdb22.s3tc.ctex remapped: res://.godot/imported/rival_chef_taunt.png-31a97cb0e4c18955a4e497a7d2acdb22.s3tc.ctex
Completed load for: 'res://assets/opera/worlds/actors/rival_chef_taunt.png' remapped 'res://assets/opera/worlds/actors/rival_chef_taunt.png' at thread -1
Loading resource: res://assets/opera/worlds/actors/rival_chef_hop_a.png remapped: res://assets/opera/worlds/actors/rival_chef_hop_a.png
Loading resource: res://.godot/imported/rival_chef_hop_a.png-4ee494dffb2a86f7acfc727f379b7305.s3tc.ctex remapped: res://.godot/imported/rival_chef_hop_a.png-4ee494dffb2a86f7acfc727f379b7305.s3tc.ctex
Completed load for: 'res://assets/opera/worlds/actors/rival_chef_hop_a.png' remapped 'res://assets/opera/worlds/actors/rival_chef_hop_a.png' at thread -1
Loading resource: res://assets/opera/worlds/actors/rival_chef_hop_b.png remapped: res://assets/opera/worlds/actors/rival_chef_hop_b.png
Loading resource: res://.godot/imported/rival_chef_hop_b.png-c61e03499b064c3a7c8b04685a205bfd.s3tc.ctex remapped: res://.godot/imported/rival_chef_hop_b.png-c61e03499b064c3a7c8b04685a205bfd.s3tc.ctex
Completed load for: 'res://assets/opera/worlds/actors/rival_chef_hop_b.png' remapped 'res://assets/opera/worlds/actors/rival_chef_hop_b.png' at thread -1
Loading resource: res://assets/opera/worlds/actors/rival_chef_bow.png remapped: res://assets/opera/worlds/actors/rival_chef_bow.png
Loading resource: res://.godot/imported/rival_chef_bow.png-d2fd6fc40f5a42e5f64d3d1f0c6a3a4e.s3tc.ctex remapped: res://.godot/imported/rival_chef_bow.png-d2fd6fc40f5a42e5f64d3d1f0c6a3a4e.s3tc.ctex
Completed load for: 'res://assets/opera/worlds/actors/rival_chef_bow.png' remapped 'res://assets/opera/worlds/actors/rival_chef_bow.png' at thread -1
Loading resource: res://assets/opera/worlds/actors/imp_mischief.png remapped: res://assets/opera/worlds/actors/imp_mischief.png
Loading resource: res://.godot/imported/imp_mischief.png-2aa91762cfa121884fd7c941a480cd75.s3tc.ctex remapped: res://.godot/imported/imp_mischief.png-2aa91762cfa121884fd7c941a480cd75.s3tc.ctex
Completed load for: 'res://assets/opera/worlds/actors/imp_mischief.png' remapped 'res://assets/opera/worlds/actors/imp_mischief.png' at thread -1
Loading resource: res://assets/opera/worlds/actors/imp_mischief_windup.png remapped: res://assets/opera/worlds/actors/imp_mischief_windup.png
Loading resource: res://.godot/imported/imp_mischief_windup.png-27644fd709fe5393e0a8caad88b075b6.s3tc.ctex remapped: res://.godot/imported/imp_mischief_windup.png-27644fd709fe5393e0a8caad88b075b6.s3tc.ctex
Completed load for: 'res://assets/opera/worlds/actors/imp_mischief_windup.png' remapped 'res://assets/opera/worlds/actors/imp_mischief_windup.png' at thread -1
Loading resource: res://assets/opera/worlds/actors/imp_mischief_charge.png remapped: res://assets/opera/worlds/actors/imp_mischief_charge.png
Loading resource: res://.godot/imported/imp_mischief_charge.png-7651fd8a67674c1425677cc73b08a982.s3tc.ctex remapped: res://.godot/imported/imp_mischief_charge.png-7651fd8a67674c1425677cc73b08a982.s3tc.ctex
Completed load for: 'res://assets/opera/worlds/actors/imp_mischief_charge.png' remapped 'res://assets/opera/worlds/actors/imp_mischief_charge.png' at thread -1
Loading resource: res://assets/opera/worlds/actors/imp_mischief_slash.png remapped: res://assets/opera/worlds/actors/imp_mischief_slash.png
Loading resource: res://.godot/imported/imp_mischief_slash.png-feef3a7d575df712da4960aea92d00eb.s3tc.ctex remapped: res://.godot/imported/imp_mischief_slash.png-feef3a7d575df712da4960aea92d00eb.s3tc.ctex
Completed load for: 'res://assets/opera/worlds/actors/imp_mischief_slash.png' remapped 'res://assets/opera/worlds/actors/imp_mischief_slash.png' at thread -1
Loading resource: res://assets/opera/worlds/actors/imp_mischief_recover.png remapped: res://assets/opera/worlds/actors/imp_mischief_recover.png
Loading resource: res://.godot/imported/imp_mischief_recover.png-9993ae96041a390c9d56b99855a20323.s3tc.ctex remapped: res://.godot/imported/imp_mischief_recover.png-9993ae96041a390c9d56b99855a20323.s3tc.ctex
Completed load for: 'res://assets/opera/worlds/actors/imp_mischief_recover.png' remapped 'res://assets/opera/worlds/actors/imp_mischief_recover.png' at thread -1
Loading resource: res://assets/opera/worlds/actors/imp_mischief_guard.png remapped: res://assets/opera/worlds/actors/imp_mischief_guard.png
Loading resource: res://.godot/imported/imp_mischief_guard.png-e0b51eb2c2b687acd70ab7e0486431b4.s3tc.ctex remapped: res://.godot/imported/imp_mischief_guard.png-e0b51eb2c2b687acd70ab7e0486431b4.s3tc.ctex
Completed load for: 'res://assets/opera/worlds/actors/imp_mischief_guard.png' remapped 'res://assets/opera/worlds/actors/imp_mischief_guard.png' at thread -1
Loading resource: res://assets/opera/worlds/actors/imp_mischief_stagger.png remapped: res://assets/opera/worlds/actors/imp_mischief_stagger.png
Loading resource: res://.godot/imported/imp_mischief_stagger.png-deb400ff054c7a4631756e74bc75bffe.s3tc.ctex remapped: res://.godot/imported/imp_mischief_stagger.png-deb400ff054c7a4631756e74bc75bffe.s3tc.ctex
Completed load for: 'res://assets/opera/worlds/actors/imp_mischief_stagger.png' remapped 'res://assets/opera/worlds/actors/imp_mischief_stagger.png' at thread -1
Loading resource: res://assets/opera/worlds/actors/imp_mischief_flee.png remapped: res://assets/opera/worlds/actors/imp_mischief_flee.png
Loading resource: res://.godot/imported/imp_mischief_flee.png-75ab59cf13833ac1972e0ab1614b4de8.s3tc.ctex remapped: res://.godot/imported/imp_mischief_flee.png-75ab59cf13833ac1972e0ab1614b4de8.s3tc.ctex
Completed load for: 'res://assets/opera/worlds/actors/imp_mischief_flee.png' remapped 'res://assets/opera/worlds/actors/imp_mischief_flee.png' at thread -1
Loading resource: res://assets/opera/worlds/actors/imp_mischief_taunt.png remapped: res://assets/opera/worlds/actors/imp_mischief_taunt.png
Loading resource: res://.godot/imported/imp_mischief_taunt.png-a891d360a40c9485aea56227a041d6c9.s3tc.ctex remapped: res://.godot/imported/imp_mischief_taunt.png-a891d360a40c9485aea56227a041d6c9.s3tc.ctex
Completed load for: 'res://assets/opera/worlds/actors/imp_mischief_taunt.png' remapped 'res://assets/opera/worlds/actors/imp_mischief_taunt.png' at thread -1
Loading resource: res://assets/opera/worlds/actors/imp_mischief_bopped.png remapped: res://assets/opera/worlds/actors/imp_mischief_bopped.png
Loading resource: res://.godot/imported/imp_mischief_bopped.png-276c2d81098a757a1274ef356d58e20d.s3tc.ctex remapped: res://.godot/imported/imp_mischief_bopped.png-276c2d81098a757a1274ef356d58e20d.s3tc.ctex
Completed load for: 'res://assets/opera/worlds/actors/imp_mischief_bopped.png' remapped 'res://assets/opera/worlds/actors/imp_mischief_bopped.png' at thread -1
Loading resource: res://assets/opera/worlds/actors/imp_captain.png remapped: res://assets/opera/worlds/actors/imp_captain.png
Loading resource: res://.godot/imported/imp_captain.png-e46cb032a0f4e73284cb41534b78dba6.s3tc.ctex remapped: res://.godot/imported/imp_captain.png-e46cb032a0f4e73284cb41534b78dba6.s3tc.ctex
Completed load for: 'res://assets/opera/worlds/actors/imp_captain.png' remapped 'res://assets/opera/worlds/actors/imp_captain.png' at thread -1
Loading resource: res://assets/opera/worlds/actors/imp_captain_windup.png remapped: res://assets/opera/worlds/actors/imp_captain_windup.png
Loading resource: res://.godot/imported/imp_captain_windup.png-8943ae388fceff3a2b93abea186ce701.s3tc.ctex remapped: res://.godot/imported/imp_captain_windup.png-8943ae388fceff3a2b93abea186ce701.s3tc.ctex
Completed load for: 'res://assets/opera/worlds/actors/imp_captain_windup.png' remapped 'res://assets/opera/worlds/actors/imp_captain_windup.png' at thread -1
Loading resource: res://assets/opera/worlds/actors/imp_captain_charge.png remapped: res://assets/opera/worlds/actors/imp_captain_charge.png
Loading resource: res://.godot/imported/imp_captain_charge.png-ca0f6b738d6b7acf2d7d62bda85c3ee9.s3tc.ctex remapped: res://.godot/imported/imp_captain_charge.png-ca0f6b738d6b7acf2d7d62bda85c3ee9.s3tc.ctex
Completed load for: 'res://assets/opera/worlds/actors/imp_captain_charge.png' remapped 'res://assets/opera/worlds/actors/imp_captain_charge.png' at thread -1
Loading resource: res://assets/opera/worlds/actors/imp_captain_slash.png remapped: res://assets/opera/worlds/actors/imp_captain_slash.png
Loading resource: res://.godot/imported/imp_captain_slash.png-c2f505657f2b06bee95b1e51e1c49129.s3tc.ctex remapped: res://.godot/imported/imp_captain_slash.png-c2f505657f2b06bee95b1e51e1c49129.s3tc.ctex
Completed load for: 'res://assets/opera/worlds/actors/imp_captain_slash.png' remapped 'res://assets/opera/worlds/actors/imp_captain_slash.png' at thread -1
Loading resource: res://assets/opera/worlds/actors/imp_captain_recover.png remapped: res://assets/opera/worlds/actors/imp_captain_recover.png
Loading resource: res://.godot/imported/imp_captain_recover.png-542263c7b6fc37fb29210456149073b0.s3tc.ctex remapped: res://.godot/imported/imp_captain_recover.png-542263c7b6fc37fb29210456149073b0.s3tc.ctex
Completed load for: 'res://assets/opera/worlds/actors/imp_captain_recover.png' remapped 'res://assets/opera/worlds/actors/imp_captain_recover.png' at thread -1
Loading resource: res://assets/opera/worlds/actors/imp_captain_guard.png remapped: res://assets/opera/worlds/actors/imp_captain_guard.png
Loading resource: res://.godot/imported/imp_captain_guard.png-e89585bc394d3dca313907cb2224501f.s3tc.ctex remapped: res://.godot/imported/imp_captain_guard.png-e89585bc394d3dca313907cb2224501f.s3tc.ctex
Completed load for: 'res://assets/opera/worlds/actors/imp_captain_guard.png' remapped 'res://assets/opera/worlds/actors/imp_captain_guard.png' at thread -1
Loading resource: res://assets/opera/worlds/actors/imp_captain_stagger.png remapped: res://assets/opera/worlds/actors/imp_captain_stagger.png
Loading resource: res://.godot/imported/imp_captain_stagger.png-f0d86df4f11e14a3c5b3094eb10f0acb.s3tc.ctex remapped: res://.godot/imported/imp_captain_stagger.png-f0d86df4f11e14a3c5b3094eb10f0acb.s3tc.ctex
Completed load for: 'res://assets/opera/worlds/actors/imp_captain_stagger.png' remapped 'res://assets/opera/worlds/actors/imp_captain_stagger.png' at thread -1
Loading resource: res://assets/opera/worlds/actors/imp_captain_flee.png remapped: res://assets/opera/worlds/actors/imp_captain_flee.png
Loading resource: res://.godot/imported/imp_captain_flee.png-10494cd923c0d79bdd4a59cef42f4027.s3tc.ctex remapped: res://.godot/imported/imp_captain_flee.png-10494cd923c0d79bdd4a59cef42f4027.s3tc.ctex
Completed load for: 'res://assets/opera/worlds/actors/imp_captain_flee.png' remapped 'res://assets/opera/worlds/actors/imp_captain_flee.png' at thread -1
Loading resource: res://assets/opera/worlds/actors/imp_captain_taunt.png remapped: res://assets/opera/worlds/actors/imp_captain_taunt.png
Loading resource: res://.godot/imported/imp_captain_taunt.png-954edfe43d7f3d0d339d9dcee7736514.s3tc.ctex remapped: res://.godot/imported/imp_captain_taunt.png-954edfe43d7f3d0d339d9dcee7736514.s3tc.ctex
Completed load for: 'res://assets/opera/worlds/actors/imp_captain_taunt.png' remapped 'res://assets/opera/worlds/actors/imp_captain_taunt.png' at thread -1
Loading resource: res://assets/opera/worlds/actors/imp_captain_bopped.png remapped: res://assets/opera/worlds/actors/imp_captain_bopped.png
Loading resource: res://.godot/imported/imp_captain_bopped.png-7b18e453603e8a4113fd2cbb62ded9b6.s3tc.ctex remapped: res://.godot/imported/imp_captain_bopped.png-7b18e453603e8a4113fd2cbb62ded9b6.s3tc.ctex
Completed load for: 'res://assets/opera/worlds/actors/imp_captain_bopped.png' remapped 'res://assets/opera/worlds/actors/imp_captain_bopped.png' at thread -1
Loading resource: res://assets/opera/worlds/widgets/widget_pour_chef_mover.png remapped: res://assets/opera/worlds/widgets/widget_pour_chef_mover.png
Loading resource: res://.godot/imported/widget_pour_chef_mover.png-93e22fb06eb104e0ace859c262820176.s3tc.ctex remapped: res://.godot/imported/widget_pour_chef_mover.png-93e22fb06eb104e0ace859c262820176.s3tc.ctex
Completed load for: 'res://assets/opera/worlds/widgets/widget_pour_chef_mover.png' remapped 'res://assets/opera/worlds/widgets/widget_pour_chef_mover.png' at thread -1
Loading resource: res://assets/opera/worlds/widgets/widget_pour_chef_fill.png remapped: res://assets/opera/worlds/widgets/widget_pour_chef_fill.png
Loading resource: res://.godot/imported/widget_pour_chef_fill.png-cccded297e5de5e023c76be85758c2dc.ctex remapped: res://.godot/imported/widget_pour_chef_fill.png-cccded297e5de5e023c76be85758c2dc.ctex
Completed load for: 'res://assets/opera/worlds/widgets/widget_pour_chef_fill.png' remapped 'res://assets/opera/worlds/widgets/widget_pour_chef_fill.png' at thread -1
CHAPTER2_FARMER_RESUME|Chef saved mask 0f owns a healed, complete POT backdrop: OK
CHAPTER2_FARMER_RESUME|Chef saved mask 0f has one physical cake state: OK
CHAPTER2_FARMER_RESUME|Hidden rack rows release stale baked textures: OK
CHAPTER2_FARMER_RESUME|Saved batter or cake contacts its own cleared physical support: OK
CHAPTER2_FARMER_RESUME|Chef saved mask 0f cannot advance without a child action: OK
Loading resource: res://assets/opera/worlds/ui/magnifier.png remapped: res://assets/opera/worlds/ui/magnifier.png
Loading resource: res://.godot/imported/magnifier.png-def06d7a41c5772f787cbecf1fb0c089.s3tc.ctex remapped: res://.godot/imported/magnifier.png-def06d7a41c5772f787cbecf1fb0c089.s3tc.ctex
Completed load for: 'res://assets/opera/worlds/ui/magnifier.png' remapped 'res://assets/opera/worlds/ui/magnifier.png' at thread -1
Loading resource: res://assets/opera/worlds/backdrops/world_chef.png remapped: res://assets/opera/worlds/backdrops/world_chef.png
Loading resource: res://.godot/imported/world_chef.png-ef6ca0dee3242fe8c57ffeff3f7a3325.ctex remapped: res://.godot/imported/world_chef.png-ef6ca0dee3242fe8c57ffeff3f7a3325.ctex
Completed load for: 'res://assets/opera/worlds/backdrops/world_chef.png' remapped 'res://assets/opera/worlds/backdrops/world_chef.png' at thread -1
Loading resource: res://assets/opera/worlds/backdrops/chef_story_clean_v1/world_chef_c0r0.png remapped: res://assets/opera/worlds/backdrops/chef_story_clean_v1/world_chef_c0r0.png
Loading resource: res://.godot/imported/world_chef_c0r0.png-0ece24d10e6f92afefe881c990eca893.s3tc.ctex remapped: res://.godot/imported/world_chef_c0r0.png-0ece24d10e6f92afefe881c990eca893.s3tc.ctex
Completed load for: 'res://assets/opera/worlds/backdrops/chef_story_clean_v1/world_chef_c0r0.png' remapped 'res://assets/opera/worlds/backdrops/chef_story_clean_v1/world_chef_c0r0.png' at thread -1
Loading resource: res://assets/opera/worlds/backdrops/chef_story_clean_v1/world_chef_c1r0.png remapped: res://assets/opera/worlds/backdrops/chef_story_clean_v1/world_chef_c1r0.png
Loading resource: res://.godot/imported/world_chef_c1r0.png-b86b61ecf9b65721574a81cb630d2ede.s3tc.ctex remapped: res://.godot/imported/world_chef_c1r0.png-b86b61ecf9b65721574a81cb630d2ede.s3tc.ctex
Completed load for: 'res://assets/opera/worlds/backdrops/chef_story_clean_v1/world_chef_c1r0.png' remapped 'res://assets/opera/worlds/backdrops/chef_story_clean_v1/world_chef_c1r0.png' at thread -1
Loading resource: res://assets/opera/worlds/backdrops/chef_story_clean_v1/world_chef_c0r1.png remapped: res://assets/opera/worlds/backdrops/chef_story_clean_v1/world_chef_c0r1.png
Loading resource: res://.godot/imported/world_chef_c0r1.png-6019a3e1b274d569c3088830cef4729b.s3tc.ctex remapped: res://.godot/imported/world_chef_c0r1.png-6019a3e1b274d569c3088830cef4729b.s3tc.ctex
Completed load for: 'res://assets/opera/worlds/backdrops/chef_story_clean_v1/world_chef_c0r1.png' remapped 'res://assets/opera/worlds/backdrops/chef_story_clean_v1/world_chef_c0r1.png' at thread -1
Loading resource: res://assets/opera/worlds/backdrops/chef_story_clean_v1/world_chef_c1r1.png remapped: res://assets/opera/worlds/backdrops/chef_story_clean_v1/world_chef_c1r1.png
Loading resource: res://.godot/imported/world_chef_c1r1.png-086c7fbfc39327d6bf09dea116fbb824.s3tc.ctex remapped: res://.godot/imported/world_chef_c1r1.png-086c7fbfc39327d6bf09dea116fbb824.s3tc.ctex
Completed load for: 'res://assets/opera/worlds/backdrops/chef_story_clean_v1/world_chef_c1r1.png' remapped 'res://assets/opera/worlds/backdrops/chef_story_clean_v1/world_chef_c1r1.png' at thread -1
Loading resource: res://assets/opera/worlds/backdrops/stage_chef_c0r0.png remapped: res://assets/opera/worlds/backdrops/stage_chef_c0r0.png
Loading resource: res://.godot/imported/stage_chef_c0r0.png-cc29211ddce9c8eb5ea02bb2f004767f.s3tc.ctex remapped: res://.godot/imported/stage_chef_c0r0.png-cc29211ddce9c8eb5ea02bb2f004767f.s3tc.ctex
Completed load for: 'res://assets/opera/worlds/backdrops/stage_chef_c0r0.png' remapped 'res://assets/opera/worlds/backdrops/stage_chef_c0r0.png' at thread -1
Loading resource: res://assets/opera/worlds/backdrops/stage_chef_c1r0.png remapped: res://assets/opera/worlds/backdrops/stage_chef_c1r0.png
Loading resource: res://.godot/imported/stage_chef_c1r0.png-192ef867e0aaac991da08dfe0b268abb.s3tc.ctex remapped: res://.godot/imported/stage_chef_c1r0.png-192ef867e0aaac991da08dfe0b268abb.s3tc.ctex
Completed load for: 'res://assets/opera/worlds/backdrops/stage_chef_c1r0.png' remapped 'res://assets/opera/worlds/backdrops/stage_chef_c1r0.png' at thread -1
Loading resource: res://assets/opera/worlds/backdrops/stage_chef_c0r1.png remapped: res://assets/opera/worlds/backdrops/stage_chef_c0r1.png
Loading resource: res://.godot/imported/stage_chef_c0r1.png-fa08fc12d8940ebdcaaf79672c5e43a3.s3tc.ctex remapped: res://.godot/imported/stage_chef_c0r1.png-fa08fc12d8940ebdcaaf79672c5e43a3.s3tc.ctex
Completed load for: 'res://assets/opera/worlds/backdrops/stage_chef_c0r1.png' remapped 'res://assets/opera/worlds/backdrops/stage_chef_c0r1.png' at thread -1
Loading resource: res://assets/opera/worlds/backdrops/stage_chef_c1r1.png remapped: res://assets/opera/worlds/backdrops/stage_chef_c1r1.png
Loading resource: res://.godot/imported/stage_chef_c1r1.png-205194b94ea589b7253dce7b86e817a7.s3tc.ctex remapped: res://.godot/imported/stage_chef_c1r1.png-205194b94ea589b7253dce7b86e817a7.s3tc.ctex
Completed load for: 'res://assets/opera/worlds/backdrops/stage_chef_c1r1.png' remapped 'res://assets/opera/worlds/backdrops/stage_chef_c1r1.png' at thread -1
Loading resource: res://assets/chapter2/birthday/chapter2_chef_frosted_rainbow_cake.png remapped: res://assets/chapter2/birthday/chapter2_chef_frosted_rainbow_cake.png
Loading resource: res://.godot/imported/chapter2_chef_frosted_rainbow_cake.png-d5814ca36a02fb6a0c95af1574a1bd7f.ctex remapped: res://.godot/imported/chapter2_chef_frosted_rainbow_cake.png-d5814ca36a02fb6a0c95af1574a1bd7f.ctex
Completed load for: 'res://assets/chapter2/birthday/chapter2_chef_frosted_rainbow_cake.png' remapped 'res://assets/chapter2/birthday/chapter2_chef_frosted_rainbow_cake.png' at thread -1
Loading resource: res://assets/opera/worlds/actors/roshan_chef.png remapped: res://assets/opera/worlds/actors/roshan_chef.png
Loading resource: res://.godot/imported/roshan_chef.png-bc782154b95629319a4783a7946abf7a.s3tc.ctex remapped: res://.godot/imported/roshan_chef.png-bc782154b95629319a4783a7946abf7a.s3tc.ctex
Completed load for: 'res://assets/opera/worlds/actors/roshan_chef.png' remapped 'res://assets/opera/worlds/actors/roshan_chef.png' at thread -1
Loading resource: res://assets/opera/worlds/actors/animation/roshan_chef_sheet_a.png remapped: res://assets/opera/worlds/actors/animation/roshan_chef_sheet_a.png
Loading resource: res://.godot/imported/roshan_chef_sheet_a.png-4ec4a75ade66f00d68e03c6b5e93b0ec.ctex remapped: res://.godot/imported/roshan_chef_sheet_a.png-4ec4a75ade66f00d68e03c6b5e93b0ec.ctex
Completed load for: 'res://assets/opera/worlds/actors/animation/roshan_chef_sheet_a.png' remapped 'res://assets/opera/worlds/actors/animation/roshan_chef_sheet_a.png' at thread -1
Loading resource: res://assets/opera/worlds/actors/rival_chef.png remapped: res://assets/opera/worlds/actors/rival_chef.png
Loading resource: res://.godot/imported/rival_chef.png-2eef5f226867e382a410b29d539aa19d.s3tc.ctex remapped: res://.godot/imported/rival_chef.png-2eef5f226867e382a410b29d539aa19d.s3tc.ctex
Completed load for: 'res://assets/opera/worlds/actors/rival_chef.png' remapped 'res://assets/opera/worlds/actors/rival_chef.png' at thread -1
Loading resource: res://assets/opera/worlds/props/fx_bop_puff.png remapped: res://assets/opera/worlds/props/fx_bop_puff.png
Loading resource: res://.godot/imported/fx_bop_puff.png-44d6a8b8f3875802302bda4fdd154827.s3tc.ctex remapped: res://.godot/imported/fx_bop_puff.png-44d6a8b8f3875802302bda4fdd154827.s3tc.ctex
Completed load for: 'res://assets/opera/worlds/props/fx_bop_puff.png' remapped 'res://assets/opera/worlds/props/fx_bop_puff.png' at thread -1
Loading resource: res://assets/opera/worlds/actors/imp_mischief.png remapped: res://assets/opera/worlds/actors/imp_mischief.png
Loading resource: res://.godot/imported/imp_mischief.png-2aa91762cfa121884fd7c941a480cd75.s3tc.ctex remapped: res://.godot/imported/imp_mischief.png-2aa91762cfa121884fd7c941a480cd75.s3tc.ctex
Completed load for: 'res://assets/opera/worlds/actors/imp_mischief.png' remapped 'res://assets/opera/worlds/actors/imp_mischief.png' at thread -1
Loading resource: res://assets/opera/worlds/actors/imp_mischief_bopped.png remapped: res://assets/opera/worlds/actors/imp_mischief_bopped.png
Loading resource: res://.godot/imported/imp_mischief_bopped.png-276c2d81098a757a1274ef356d58e20d.s3tc.ctex remapped: res://.godot/imported/imp_mischief_bopped.png-276c2d81098a757a1274ef356d58e20d.s3tc.ctex
Completed load for: 'res://assets/opera/worlds/actors/imp_mischief_bopped.png' remapped 'res://assets/opera/worlds/actors/imp_mischief_bopped.png' at thread -1
Loading resource: res://assets/opera/worlds/actors/imp_mischief_bow.png remapped: res://assets/opera/worlds/actors/imp_mischief_bow.png
Loading resource: res://.godot/imported/imp_mischief_bow.png-643f90847c4113e6a65aff5fa7b6c3e8.s3tc.ctex remapped: res://.godot/imported/imp_mischief_bow.png-643f90847c4113e6a65aff5fa7b6c3e8.s3tc.ctex
Completed load for: 'res://assets/opera/worlds/actors/imp_mischief_bow.png' remapped 'res://assets/opera/worlds/actors/imp_mischief_bow.png' at thread -1
Loading resource: res://assets/opera/worlds/actors/imp_captain.png remapped: res://assets/opera/worlds/actors/imp_captain.png
Loading resource: res://.godot/imported/imp_captain.png-e46cb032a0f4e73284cb41534b78dba6.s3tc.ctex remapped: res://.godot/imported/imp_captain.png-e46cb032a0f4e73284cb41534b78dba6.s3tc.ctex
Completed load for: 'res://assets/opera/worlds/actors/imp_captain.png' remapped 'res://assets/opera/worlds/actors/imp_captain.png' at thread -1
Loading resource: res://assets/opera/worlds/actors/imp_captain_bopped.png remapped: res://assets/opera/worlds/actors/imp_captain_bopped.png
Loading resource: res://.godot/imported/imp_captain_bopped.png-7b18e453603e8a4113fd2cbb62ded9b6.s3tc.ctex remapped: res://.godot/imported/imp_captain_bopped.png-7b18e453603e8a4113fd2cbb62ded9b6.s3tc.ctex
Completed load for: 'res://assets/opera/worlds/actors/imp_captain_bopped.png' remapped 'res://assets/opera/worlds/actors/imp_captain_bopped.png' at thread -1
Loading resource: res://assets/opera/worlds/actors/imp_captain_bow.png remapped: res://assets/opera/worlds/actors/imp_captain_bow.png
Loading resource: res://.godot/imported/imp_captain_bow.png-12497944600f3a910cccf5033db21fec.s3tc.ctex remapped: res://.godot/imported/imp_captain_bow.png-12497944600f3a910cccf5033db21fec.s3tc.ctex
Completed load for: 'res://assets/opera/worlds/actors/imp_captain_bow.png' remapped 'res://assets/opera/worlds/actors/imp_captain_bow.png' at thread -1
Loading resource: res://assets/opera/worlds/props/fx_telegraph_ring.png remapped: res://assets/opera/worlds/props/fx_telegraph_ring.png
Loading resource: res://.godot/imported/fx_telegraph_ring.png-a5607cfab59aaf797e0ebc0e0d630b71.s3tc.ctex remapped: res://.godot/imported/fx_telegraph_ring.png-a5607cfab59aaf797e0ebc0e0d630b71.s3tc.ctex
Completed load for: 'res://assets/opera/worlds/props/fx_telegraph_ring.png' remapped 'res://assets/opera/worlds/props/fx_telegraph_ring.png' at thread -1
Loading resource: res://assets/opera/worlds/props/fx_telegraph_bang.png remapped: res://assets/opera/worlds/props/fx_telegraph_bang.png
Loading resource: res://.godot/imported/fx_telegraph_bang.png-5e57510f37f0277a1436815b2f5303f5.s3tc.ctex remapped: res://.godot/imported/fx_telegraph_bang.png-5e57510f37f0277a1436815b2f5303f5.s3tc.ctex
Completed load for: 'res://assets/opera/worlds/props/fx_telegraph_bang.png' remapped 'res://assets/opera/worlds/props/fx_telegraph_bang.png' at thread -1
Loading resource: res://assets/opera/worlds/props/fx_slash_arc.png remapped: res://assets/opera/worlds/props/fx_slash_arc.png
Loading resource: res://.godot/imported/fx_slash_arc.png-06c01e57545f44970f1e9749d78c8c7b.s3tc.ctex remapped: res://.godot/imported/fx_slash_arc.png-06c01e57545f44970f1e9749d78c8c7b.s3tc.ctex
Completed load for: 'res://assets/opera/worlds/props/fx_slash_arc.png' remapped 'res://assets/opera/worlds/props/fx_slash_arc.png' at thread -1
Loading resource: res://assets/opera/worlds/props/fx_dizzy_stars.png remapped: res://assets/opera/worlds/props/fx_dizzy_stars.png
Loading resource: res://.godot/imported/fx_dizzy_stars.png-e249bf547dbb4ae001be7738fcb2de24.s3tc.ctex remapped: res://.godot/imported/fx_dizzy_stars.png-e249bf547dbb4ae001be7738fcb2de24.s3tc.ctex
Completed load for: 'res://assets/opera/worlds/props/fx_dizzy_stars.png' remapped 'res://assets/opera/worlds/props/fx_dizzy_stars.png' at thread -1
Loading resource: res://assets/opera/worlds/actors/rival_chef_bopped.png remapped: res://assets/opera/worlds/actors/rival_chef_bopped.png
Loading resource: res://.godot/imported/rival_chef_bopped.png-a958e09708c682c295f572716a60e912.s3tc.ctex remapped: res://.godot/imported/rival_chef_bopped.png-a958e09708c682c295f572716a60e912.s3tc.ctex
Completed load for: 'res://assets/opera/worlds/actors/rival_chef_bopped.png' remapped 'res://assets/opera/worlds/actors/rival_chef_bopped.png' at thread -1
Loading resource: res://assets/opera/worlds/actors/rival_chef_windup.png remapped: res://assets/opera/worlds/actors/rival_chef_windup.png
Loading resource: res://.godot/imported/rival_chef_windup.png-f9813cf59d06c30dd766049c9c0390da.s3tc.ctex remapped: res://.godot/imported/rival_chef_windup.png-f9813cf59d06c30dd766049c9c0390da.s3tc.ctex
Completed load for: 'res://assets/opera/worlds/actors/rival_chef_windup.png' remapped 'res://assets/opera/worlds/actors/rival_chef_windup.png' at thread -1
Loading resource: res://assets/opera/worlds/actors/rival_chef_charge.png remapped: res://assets/opera/worlds/actors/rival_chef_charge.png
Loading resource: res://.godot/imported/rival_chef_charge.png-b77b9ce0ecdb43770202bb02ab20497c.s3tc.ctex remapped: res://.godot/imported/rival_chef_charge.png-b77b9ce0ecdb43770202bb02ab20497c.s3tc.ctex
Completed load for: 'res://assets/opera/worlds/actors/rival_chef_charge.png' remapped 'res://assets/opera/worlds/actors/rival_chef_charge.png' at thread -1
Loading resource: res://assets/opera/worlds/actors/rival_chef_slash.png remapped: res://assets/opera/worlds/actors/rival_chef_slash.png
Loading resource: res://.godot/imported/rival_chef_slash.png-86d13b64a3548479071cb37cba647d50.s3tc.ctex remapped: res://.godot/imported/rival_chef_slash.png-86d13b64a3548479071cb37cba647d50.s3tc.ctex
Completed load for: 'res://assets/opera/worlds/actors/rival_chef_slash.png' remapped 'res://assets/opera/worlds/actors/rival_chef_slash.png' at thread -1
Loading resource: res://assets/opera/worlds/actors/rival_chef_recover.png remapped: res://assets/opera/worlds/actors/rival_chef_recover.png
Loading resource: res://.godot/imported/rival_chef_recover.png-ce8a2f6ee2a0834a6a528e42ac87cdee.s3tc.ctex remapped: res://.godot/imported/rival_chef_recover.png-ce8a2f6ee2a0834a6a528e42ac87cdee.s3tc.ctex
Completed load for: 'res://assets/opera/worlds/actors/rival_chef_recover.png' remapped 'res://assets/opera/worlds/actors/rival_chef_recover.png' at thread -1
Loading resource: res://assets/opera/worlds/actors/rival_chef_guard.png remapped: res://assets/opera/worlds/actors/rival_chef_guard.png
Loading resource: res://.godot/imported/rival_chef_guard.png-681802d5b3c14a74967dc098c77c2d70.s3tc.ctex remapped: res://.godot/imported/rival_chef_guard.png-681802d5b3c14a74967dc098c77c2d70.s3tc.ctex
Completed load for: 'res://assets/opera/worlds/actors/rival_chef_guard.png' remapped 'res://assets/opera/worlds/actors/rival_chef_guard.png' at thread -1
Loading resource: res://assets/opera/worlds/actors/rival_chef_stagger.png remapped: res://assets/opera/worlds/actors/rival_chef_stagger.png
Loading resource: res://.godot/imported/rival_chef_stagger.png-4483fdfb538c0c6a8121e30fbfc2dc4a.s3tc.ctex remapped: res://.godot/imported/rival_chef_stagger.png-4483fdfb538c0c6a8121e30fbfc2dc4a.s3tc.ctex
Completed load for: 'res://assets/opera/worlds/actors/rival_chef_stagger.png' remapped 'res://assets/opera/worlds/actors/rival_chef_stagger.png' at thread -1
Loading resource: res://assets/opera/worlds/actors/rival_chef_flee.png remapped: res://assets/opera/worlds/actors/rival_chef_flee.png
Loading resource: res://.godot/imported/rival_chef_flee.png-ac12146f9cc2e3eb85aa4951d735fdc8.s3tc.ctex remapped: res://.godot/imported/rival_chef_flee.png-ac12146f9cc2e3eb85aa4951d735fdc8.s3tc.ctex
Completed load for: 'res://assets/opera/worlds/actors/rival_chef_flee.png' remapped 'res://assets/opera/worlds/actors/rival_chef_flee.png' at thread -1
Loading resource: res://assets/opera/worlds/actors/rival_chef_taunt.png remapped: res://assets/opera/worlds/actors/rival_chef_taunt.png
Loading resource: res://.godot/imported/rival_chef_taunt.png-31a97cb0e4c18955a4e497a7d2acdb22.s3tc.ctex remapped: res://.godot/imported/rival_chef_taunt.png-31a97cb0e4c18955a4e497a7d2acdb22.s3tc.ctex
Completed load for: 'res://assets/opera/worlds/actors/rival_chef_taunt.png' remapped 'res://assets/opera/worlds/actors/rival_chef_taunt.png' at thread -1
Loading resource: res://assets/opera/worlds/actors/rival_chef_hop_a.png remapped: res://assets/opera/worlds/actors/rival_chef_hop_a.png
Loading resource: res://.godot/imported/rival_chef_hop_a.png-4ee494dffb2a86f7acfc727f379b7305.s3tc.ctex remapped: res://.godot/imported/rival_chef_hop_a.png-4ee494dffb2a86f7acfc727f379b7305.s3tc.ctex
Completed load for: 'res://assets/opera/worlds/actors/rival_chef_hop_a.png' remapped 'res://assets/opera/worlds/actors/rival_chef_hop_a.png' at thread -1
Loading resource: res://assets/opera/worlds/actors/rival_chef_hop_b.png remapped: res://assets/opera/worlds/actors/rival_chef_hop_b.png
Loading resource: res://.godot/imported/rival_chef_hop_b.png-c61e03499b064c3a7c8b04685a205bfd.s3tc.ctex remapped: res://.godot/imported/rival_chef_hop_b.png-c61e03499b064c3a7c8b04685a205bfd.s3tc.ctex
Completed load for: 'res://assets/opera/worlds/actors/rival_chef_hop_b.png' remapped 'res://assets/opera/worlds/actors/rival_chef_hop_b.png' at thread -1
Loading resource: res://assets/opera/worlds/actors/rival_chef_bow.png remapped: res://assets/opera/worlds/actors/rival_chef_bow.png
Loading resource: res://.godot/imported/rival_chef_bow.png-d2fd6fc40f5a42e5f64d3d1f0c6a3a4e.s3tc.ctex remapped: res://.godot/imported/rival_chef_bow.png-d2fd6fc40f5a42e5f64d3d1f0c6a3a4e.s3tc.ctex
Completed load for: 'res://assets/opera/worlds/actors/rival_chef_bow.png' remapped 'res://assets/opera/worlds/actors/rival_chef_bow.png' at thread -1
Loading resource: res://assets/opera/worlds/actors/imp_mischief.png remapped: res://assets/opera/worlds/actors/imp_mischief.png
Loading resource: res://.godot/imported/imp_mischief.png-2aa91762cfa121884fd7c941a480cd75.s3tc.ctex remapped: res://.godot/imported/imp_mischief.png-2aa91762cfa121884fd7c941a480cd75.s3tc.ctex
Completed load for: 'res://assets/opera/worlds/actors/imp_mischief.png' remapped 'res://assets/opera/worlds/actors/imp_mischief.png' at thread -1
Loading resource: res://assets/opera/worlds/actors/imp_mischief_windup.png remapped: res://assets/opera/worlds/actors/imp_mischief_windup.png
Loading resource: res://.godot/imported/imp_mischief_windup.png-27644fd709fe5393e0a8caad88b075b6.s3tc.ctex remapped: res://.godot/imported/imp_mischief_windup.png-27644fd709fe5393e0a8caad88b075b6.s3tc.ctex
Completed load for: 'res://assets/opera/worlds/actors/imp_mischief_windup.png' remapped 'res://assets/opera/worlds/actors/imp_mischief_windup.png' at thread -1
Loading resource: res://assets/opera/worlds/actors/imp_mischief_charge.png remapped: res://assets/opera/worlds/actors/imp_mischief_charge.png
Loading resource: res://.godot/imported/imp_mischief_charge.png-7651fd8a67674c1425677cc73b08a982.s3tc.ctex remapped: res://.godot/imported/imp_mischief_charge.png-7651fd8a67674c1425677cc73b08a982.s3tc.ctex
Completed load for: 'res://assets/opera/worlds/actors/imp_mischief_charge.png' remapped 'res://assets/opera/worlds/actors/imp_mischief_charge.png' at thread -1
Loading resource: res://assets/opera/worlds/actors/imp_mischief_slash.png remapped: res://assets/opera/worlds/actors/imp_mischief_slash.png
Loading resource: res://.godot/imported/imp_mischief_slash.png-feef3a7d575df712da4960aea92d00eb.s3tc.ctex remapped: res://.godot/imported/imp_mischief_slash.png-feef3a7d575df712da4960aea92d00eb.s3tc.ctex
Completed load for: 'res://assets/opera/worlds/actors/imp_mischief_slash.png' remapped 'res://assets/opera/worlds/actors/imp_mischief_slash.png' at thread -1
Loading resource: res://assets/opera/worlds/actors/imp_mischief_recover.png remapped: res://assets/opera/worlds/actors/imp_mischief_recover.png
Loading resource: res://.godot/imported/imp_mischief_recover.png-9993ae96041a390c9d56b99855a20323.s3tc.ctex remapped: res://.godot/imported/imp_mischief_recover.png-9993ae96041a390c9d56b99855a20323.s3tc.ctex
Completed load for: 'res://assets/opera/worlds/actors/imp_mischief_recover.png' remapped 'res://assets/opera/worlds/actors/imp_mischief_recover.png' at thread -1
Loading resource: res://assets/opera/worlds/actors/imp_mischief_guard.png remapped: res://assets/opera/worlds/actors/imp_mischief_guard.png
Loading resource: res://.godot/imported/imp_mischief_guard.png-e0b51eb2c2b687acd70ab7e0486431b4.s3tc.ctex remapped: res://.godot/imported/imp_mischief_guard.png-e0b51eb2c2b687acd70ab7e0486431b4.s3tc.ctex
Completed load for: 'res://assets/opera/worlds/actors/imp_mischief_guard.png' remapped 'res://assets/opera/worlds/actors/imp_mischief_guard.png' at thread -1
Loading resource: res://assets/opera/worlds/actors/imp_mischief_stagger.png remapped: res://assets/opera/worlds/actors/imp_mischief_stagger.png
Loading resource: res://.godot/imported/imp_mischief_stagger.png-deb400ff054c7a4631756e74bc75bffe.s3tc.ctex remapped: res://.godot/imported/imp_mischief_stagger.png-deb400ff054c7a4631756e74bc75bffe.s3tc.ctex
Completed load for: 'res://assets/opera/worlds/actors/imp_mischief_stagger.png' remapped 'res://assets/opera/worlds/actors/imp_mischief_stagger.png' at thread -1
Loading resource: res://assets/opera/worlds/actors/imp_mischief_flee.png remapped: res://assets/opera/worlds/actors/imp_mischief_flee.png
Loading resource: res://.godot/imported/imp_mischief_flee.png-75ab59cf13833ac1972e0ab1614b4de8.s3tc.ctex remapped: res://.godot/imported/imp_mischief_flee.png-75ab59cf13833ac1972e0ab1614b4de8.s3tc.ctex
Completed load for: 'res://assets/opera/worlds/actors/imp_mischief_flee.png' remapped 'res://assets/opera/worlds/actors/imp_mischief_flee.png' at thread -1
Loading resource: res://assets/opera/worlds/actors/imp_mischief_taunt.png remapped: res://assets/opera/worlds/actors/imp_mischief_taunt.png
Loading resource: res://.godot/imported/imp_mischief_taunt.png-a891d360a40c9485aea56227a041d6c9.s3tc.ctex remapped: res://.godot/imported/imp_mischief_taunt.png-a891d360a40c9485aea56227a041d6c9.s3tc.ctex
Completed load for: 'res://assets/opera/worlds/actors/imp_mischief_taunt.png' remapped 'res://assets/opera/worlds/actors/imp_mischief_taunt.png' at thread -1
Loading resource: res://assets/opera/worlds/actors/imp_mischief_bopped.png remapped: res://assets/opera/worlds/actors/imp_mischief_bopped.png
Loading resource: res://.godot/imported/imp_mischief_bopped.png-276c2d81098a757a1274ef356d58e20d.s3tc.ctex remapped: res://.godot/imported/imp_mischief_bopped.png-276c2d81098a757a1274ef356d58e20d.s3tc.ctex
Completed load for: 'res://assets/opera/worlds/actors/imp_mischief_bopped.png' remapped 'res://assets/opera/worlds/actors/imp_mischief_bopped.png' at thread -1
Loading resource: res://assets/opera/worlds/actors/imp_captain.png remapped: res://assets/opera/worlds/actors/imp_captain.png
Loading resource: res://.godot/imported/imp_captain.png-e46cb032a0f4e73284cb41534b78dba6.s3tc.ctex remapped: res://.godot/imported/imp_captain.png-e46cb032a0f4e73284cb41534b78dba6.s3tc.ctex
Completed load for: 'res://assets/opera/worlds/actors/imp_captain.png' remapped 'res://assets/opera/worlds/actors/imp_captain.png' at thread -1
Loading resource: res://assets/opera/worlds/actors/imp_captain_windup.png remapped: res://assets/opera/worlds/actors/imp_captain_windup.png
Loading resource: res://.godot/imported/imp_captain_windup.png-8943ae388fceff3a2b93abea186ce701.s3tc.ctex remapped: res://.godot/imported/imp_captain_windup.png-8943ae388fceff3a2b93abea186ce701.s3tc.ctex
Completed load for: 'res://assets/opera/worlds/actors/imp_captain_windup.png' remapped 'res://assets/opera/worlds/actors/imp_captain_windup.png' at thread -1
Loading resource: res://assets/opera/worlds/actors/imp_captain_charge.png remapped: res://assets/opera/worlds/actors/imp_captain_charge.png
Loading resource: res://.godot/imported/imp_captain_charge.png-ca0f6b738d6b7acf2d7d62bda85c3ee9.s3tc.ctex remapped: res://.godot/imported/imp_captain_charge.png-ca0f6b738d6b7acf2d7d62bda85c3ee9.s3tc.ctex
Completed load for: 'res://assets/opera/worlds/actors/imp_captain_charge.png' remapped 'res://assets/opera/worlds/actors/imp_captain_charge.png' at thread -1
Loading resource: res://assets/opera/worlds/actors/imp_captain_slash.png remapped: res://assets/opera/worlds/actors/imp_captain_slash.png
Loading resource: res://.godot/imported/imp_captain_slash.png-c2f505657f2b06bee95b1e51e1c49129.s3tc.ctex remapped: res://.godot/imported/imp_captain_slash.png-c2f505657f2b06bee95b1e51e1c49129.s3tc.ctex
Completed load for: 'res://assets/opera/worlds/actors/imp_captain_slash.png' remapped 'res://assets/opera/worlds/actors/imp_captain_slash.png' at thread -1
Loading resource: res://assets/opera/worlds/actors/imp_captain_recover.png remapped: res://assets/opera/worlds/actors/imp_captain_recover.png
Loading resource: res://.godot/imported/imp_captain_recover.png-542263c7b6fc37fb29210456149073b0.s3tc.ctex remapped: res://.godot/imported/imp_captain_recover.png-542263c7b6fc37fb29210456149073b0.s3tc.ctex
Completed load for: 'res://assets/opera/worlds/actors/imp_captain_recover.png' remapped 'res://assets/opera/worlds/actors/imp_captain_recover.png' at thread -1
Loading resource: res://assets/opera/worlds/actors/imp_captain_guard.png remapped: res://assets/opera/worlds/actors/imp_captain_guard.png
Loading resource: res://.godot/imported/imp_captain_guard.png-e89585bc394d3dca313907cb2224501f.s3tc.ctex remapped: res://.godot/imported/imp_captain_guard.png-e89585bc394d3dca313907cb2224501f.s3tc.ctex
Completed load for: 'res://assets/opera/worlds/actors/imp_captain_guard.png' remapped 'res://assets/opera/worlds/actors/imp_captain_guard.png' at thread -1
Loading resource: res://assets/opera/worlds/actors/imp_captain_stagger.png remapped: res://assets/opera/worlds/actors/imp_captain_stagger.png
Loading resource: res://.godot/imported/imp_captain_stagger.png-f0d86df4f11e14a3c5b3094eb10f0acb.s3tc.ctex remapped: res://.godot/imported/imp_captain_stagger.png-f0d86df4f11e14a3c5b3094eb10f0acb.s3tc.ctex
Completed load for: 'res://assets/opera/worlds/actors/imp_captain_stagger.png' remapped 'res://assets/opera/worlds/actors/imp_captain_stagger.png' at thread -1
Loading resource: res://assets/opera/worlds/actors/imp_captain_flee.png remapped: res://assets/opera/worlds/actors/imp_captain_flee.png
Loading resource: res://.godot/imported/imp_captain_flee.png-10494cd923c0d79bdd4a59cef42f4027.s3tc.ctex remapped: res://.godot/imported/imp_captain_flee.png-10494cd923c0d79bdd4a59cef42f4027.s3tc.ctex
Completed load for: 'res://assets/opera/worlds/actors/imp_captain_flee.png' remapped 'res://assets/opera/worlds/actors/imp_captain_flee.png' at thread -1
Loading resource: res://assets/opera/worlds/actors/imp_captain_taunt.png remapped: res://assets/opera/worlds/actors/imp_captain_taunt.png
Loading resource: res://.godot/imported/imp_captain_taunt.png-954edfe43d7f3d0d339d9dcee7736514.s3tc.ctex remapped: res://.godot/imported/imp_captain_taunt.png-954edfe43d7f3d0d339d9dcee7736514.s3tc.ctex
Completed load for: 'res://assets/opera/worlds/actors/imp_captain_taunt.png' remapped 'res://assets/opera/worlds/actors/imp_captain_taunt.png' at thread -1
Loading resource: res://assets/opera/worlds/actors/imp_captain_bopped.png remapped: res://assets/opera/worlds/actors/imp_captain_bopped.png
Loading resource: res://.godot/imported/imp_captain_bopped.png-7b18e453603e8a4113fd2cbb62ded9b6.s3tc.ctex remapped: res://.godot/imported/imp_captain_bopped.png-7b18e453603e8a4113fd2cbb62ded9b6.s3tc.ctex
Completed load for: 'res://assets/opera/worlds/actors/imp_captain_bopped.png' remapped 'res://assets/opera/worlds/actors/imp_captain_bopped.png' at thread -1
Loading resource: res://assets/opera/worlds/widgets/widget_pour_chef_mover.png remapped: res://assets/opera/worlds/widgets/widget_pour_chef_mover.png
Loading resource: res://.godot/imported/widget_pour_chef_mover.png-93e22fb06eb104e0ace859c262820176.s3tc.ctex remapped: res://.godot/imported/widget_pour_chef_mover.png-93e22fb06eb104e0ace859c262820176.s3tc.ctex
Completed load for: 'res://assets/opera/worlds/widgets/widget_pour_chef_mover.png' remapped 'res://assets/opera/worlds/widgets/widget_pour_chef_mover.png' at thread -1
Loading resource: res://assets/opera/worlds/widgets/widget_pour_chef_fill.png remapped: res://assets/opera/worlds/widgets/widget_pour_chef_fill.png
Loading resource: res://.godot/imported/widget_pour_chef_fill.png-cccded297e5de5e023c76be85758c2dc.ctex remapped: res://.godot/imported/widget_pour_chef_fill.png-cccded297e5de5e023c76be85758c2dc.ctex
Completed load for: 'res://assets/opera/worlds/widgets/widget_pour_chef_fill.png' remapped 'res://assets/opera/worlds/widgets/widget_pour_chef_fill.png' at thread -1
CHAPTER2_FARMER_RESUME|Chef saved mask 1f owns a healed, complete POT backdrop: OK
CHAPTER2_FARMER_RESUME|Chef saved mask 1f has one physical cake state: OK
CHAPTER2_FARMER_RESUME|Hidden rack rows release stale baked textures: OK
CHAPTER2_FARMER_RESUME|Saved batter or cake contacts its own cleared physical support: OK
CHAPTER2_FARMER_RESUME|Chef saved mask 1f cannot advance without a child action: OK
Loading resource: res://assets/opera/worlds/ui/magnifier.png remapped: res://assets/opera/worlds/ui/magnifier.png
Loading resource: res://.godot/imported/magnifier.png-def06d7a41c5772f787cbecf1fb0c089.s3tc.ctex remapped: res://.godot/imported/magnifier.png-def06d7a41c5772f787cbecf1fb0c089.s3tc.ctex
Completed load for: 'res://assets/opera/worlds/ui/magnifier.png' remapped 'res://assets/opera/worlds/ui/magnifier.png' at thread -1
Loading resource: res://assets/opera/worlds/backdrops/world_chef.png remapped: res://assets/opera/worlds/backdrops/world_chef.png
Loading resource: res://.godot/imported/world_chef.png-ef6ca0dee3242fe8c57ffeff3f7a3325.ctex remapped: res://.godot/imported/world_chef.png-ef6ca0dee3242fe8c57ffeff3f7a3325.ctex
Completed load for: 'res://assets/opera/worlds/backdrops/world_chef.png' remapped 'res://assets/opera/worlds/backdrops/world_chef.png' at thread -1
Loading resource: res://assets/opera/worlds/backdrops/chef_story_clean_v1/world_chef_c0r0.png remapped: res://assets/opera/worlds/backdrops/chef_story_clean_v1/world_chef_c0r0.png
Loading resource: res://.godot/imported/world_chef_c0r0.png-0ece24d10e6f92afefe881c990eca893.s3tc.ctex remapped: res://.godot/imported/world_chef_c0r0.png-0ece24d10e6f92afefe881c990eca893.s3tc.ctex
Completed load for: 'res://assets/opera/worlds/backdrops/chef_story_clean_v1/world_chef_c0r0.png' remapped 'res://assets/opera/worlds/backdrops/chef_story_clean_v1/world_chef_c0r0.png' at thread -1
Loading resource: res://assets/opera/worlds/backdrops/chef_story_clean_v1/world_chef_c1r0.png remapped: res://assets/opera/worlds/backdrops/chef_story_clean_v1/world_chef_c1r0.png
Loading resource: res://.godot/imported/world_chef_c1r0.png-b86b61ecf9b65721574a81cb630d2ede.s3tc.ctex remapped: res://.godot/imported/world_chef_c1r0.png-b86b61ecf9b65721574a81cb630d2ede.s3tc.ctex
Completed load for: 'res://assets/opera/worlds/backdrops/chef_story_clean_v1/world_chef_c1r0.png' remapped 'res://assets/opera/worlds/backdrops/chef_story_clean_v1/world_chef_c1r0.png' at thread -1
Loading resource: res://assets/opera/worlds/backdrops/chef_story_clean_v1/world_chef_c0r1.png remapped: res://assets/opera/worlds/backdrops/chef_story_clean_v1/world_chef_c0r1.png
Loading resource: res://.godot/imported/world_chef_c0r1.png-6019a3e1b274d569c3088830cef4729b.s3tc.ctex remapped: res://.godot/imported/world_chef_c0r1.png-6019a3e1b274d569c3088830cef4729b.s3tc.ctex
Completed load for: 'res://assets/opera/worlds/backdrops/chef_story_clean_v1/world_chef_c0r1.png' remapped 'res://assets/opera/worlds/backdrops/chef_story_clean_v1/world_chef_c0r1.png' at thread -1
Loading resource: res://assets/opera/worlds/backdrops/chef_story_clean_v1/world_chef_c1r1.png remapped: res://assets/opera/worlds/backdrops/chef_story_clean_v1/world_chef_c1r1.png
Loading resource: res://.godot/imported/world_chef_c1r1.png-086c7fbfc39327d6bf09dea116fbb824.s3tc.ctex remapped: res://.godot/imported/world_chef_c1r1.png-086c7fbfc39327d6bf09dea116fbb824.s3tc.ctex
Completed load for: 'res://assets/opera/worlds/backdrops/chef_story_clean_v1/world_chef_c1r1.png' remapped 'res://assets/opera/worlds/backdrops/chef_story_clean_v1/world_chef_c1r1.png' at thread -1
Loading resource: res://assets/opera/worlds/backdrops/stage_chef_c0r0.png remapped: res://assets/opera/worlds/backdrops/stage_chef_c0r0.png
Loading resource: res://.godot/imported/stage_chef_c0r0.png-cc29211ddce9c8eb5ea02bb2f004767f.s3tc.ctex remapped: res://.godot/imported/stage_chef_c0r0.png-cc29211ddce9c8eb5ea02bb2f004767f.s3tc.ctex
Completed load for: 'res://assets/opera/worlds/backdrops/stage_chef_c0r0.png' remapped 'res://assets/opera/worlds/backdrops/stage_chef_c0r0.png' at thread -1
Loading resource: res://assets/opera/worlds/backdrops/stage_chef_c1r0.png remapped: res://assets/opera/worlds/backdrops/stage_chef_c1r0.png
Loading resource: res://.godot/imported/stage_chef_c1r0.png-192ef867e0aaac991da08dfe0b268abb.s3tc.ctex remapped: res://.godot/imported/stage_chef_c1r0.png-192ef867e0aaac991da08dfe0b268abb.s3tc.ctex
Completed load for: 'res://assets/opera/worlds/backdrops/stage_chef_c1r0.png' remapped 'res://assets/opera/worlds/backdrops/stage_chef_c1r0.png' at thread -1
Loading resource: res://assets/opera/worlds/backdrops/stage_chef_c0r1.png remapped: res://assets/opera/worlds/backdrops/stage_chef_c0r1.png
Loading resource: res://.godot/imported/stage_chef_c0r1.png-fa08fc12d8940ebdcaaf79672c5e43a3.s3tc.ctex remapped: res://.godot/imported/stage_chef_c0r1.png-fa08fc12d8940ebdcaaf79672c5e43a3.s3tc.ctex
Completed load for: 'res://assets/opera/worlds/backdrops/stage_chef_c0r1.png' remapped 'res://assets/opera/worlds/backdrops/stage_chef_c0r1.png' at thread -1
Loading resource: res://assets/opera/worlds/backdrops/stage_chef_c1r1.png remapped: res://assets/opera/worlds/backdrops/stage_chef_c1r1.png
Loading resource: res://.godot/imported/stage_chef_c1r1.png-205194b94ea589b7253dce7b86e817a7.s3tc.ctex remapped: res://.godot/imported/stage_chef_c1r1.png-205194b94ea589b7253dce7b86e817a7.s3tc.ctex
Completed load for: 'res://assets/opera/worlds/backdrops/stage_chef_c1r1.png' remapped 'res://assets/opera/worlds/backdrops/stage_chef_c1r1.png' at thread -1
Loading resource: res://assets/chapter2/birthday/chapter2_candied_strawberries_tray.png remapped: res://assets/chapter2/birthday/chapter2_candied_strawberries_tray.png
Loading resource: res://.godot/imported/chapter2_candied_strawberries_tray.png-7cee3b2fe388c6c630b87c752f1ee7d4.ctex remapped: res://.godot/imported/chapter2_candied_strawberries_tray.png-7cee3b2fe388c6c630b87c752f1ee7d4.ctex
Completed load for: 'res://assets/chapter2/birthday/chapter2_candied_strawberries_tray.png' remapped 'res://assets/chapter2/birthday/chapter2_candied_strawberries_tray.png' at thread -1
Loading resource: res://assets/chapter2/birthday/chapter2_chef_frosted_rainbow_cake.png remapped: res://assets/chapter2/birthday/chapter2_chef_frosted_rainbow_cake.png
Loading resource: res://.godot/imported/chapter2_chef_frosted_rainbow_cake.png-d5814ca36a02fb6a0c95af1574a1bd7f.ctex remapped: res://.godot/imported/chapter2_chef_frosted_rainbow_cake.png-d5814ca36a02fb6a0c95af1574a1bd7f.ctex
Completed load for: 'res://assets/chapter2/birthday/chapter2_chef_frosted_rainbow_cake.png' remapped 'res://assets/chapter2/birthday/chapter2_chef_frosted_rainbow_cake.png' at thread -1
Loading resource: res://assets/opera/worlds/actors/roshan_chef.png remapped: res://assets/opera/worlds/actors/roshan_chef.png
Loading resource: res://.godot/imported/roshan_chef.png-bc782154b95629319a4783a7946abf7a.s3tc.ctex remapped: res://.godot/imported/roshan_chef.png-bc782154b95629319a4783a7946abf7a.s3tc.ctex
Completed load for: 'res://assets/opera/worlds/actors/roshan_chef.png' remapped 'res://assets/opera/worlds/actors/roshan_chef.png' at thread -1
Loading resource: res://assets/opera/worlds/actors/animation/roshan_chef_sheet_a.png remapped: res://assets/opera/worlds/actors/animation/roshan_chef_sheet_a.png
Loading resource: res://.godot/imported/roshan_chef_sheet_a.png-4ec4a75ade66f00d68e03c6b5e93b0ec.ctex remapped: res://.godot/imported/roshan_chef_sheet_a.png-4ec4a75ade66f00d68e03c6b5e93b0ec.ctex
Completed load for: 'res://assets/opera/worlds/actors/animation/roshan_chef_sheet_a.png' remapped 'res://assets/opera/worlds/actors/animation/roshan_chef_sheet_a.png' at thread -1
Loading resource: res://assets/opera/worlds/actors/rival_chef.png remapped: res://assets/opera/worlds/actors/rival_chef.png
Loading resource: res://.godot/imported/rival_chef.png-2eef5f226867e382a410b29d539aa19d.s3tc.ctex remapped: res://.godot/imported/rival_chef.png-2eef5f226867e382a410b29d539aa19d.s3tc.ctex
Completed load for: 'res://assets/opera/worlds/actors/rival_chef.png' remapped 'res://assets/opera/worlds/actors/rival_chef.png' at thread -1
Loading resource: res://assets/opera/worlds/props/fx_bop_puff.png remapped: res://assets/opera/worlds/props/fx_bop_puff.png
Loading resource: res://.godot/imported/fx_bop_puff.png-44d6a8b8f3875802302bda4fdd154827.s3tc.ctex remapped: res://.godot/imported/fx_bop_puff.png-44d6a8b8f3875802302bda4fdd154827.s3tc.ctex
Completed load for: 'res://assets/opera/worlds/props/fx_bop_puff.png' remapped 'res://assets/opera/worlds/props/fx_bop_puff.png' at thread -1
Loading resource: res://assets/opera/worlds/actors/imp_mischief.png remapped: res://assets/opera/worlds/actors/imp_mischief.png
Loading resource: res://.godot/imported/imp_mischief.png-2aa91762cfa121884fd7c941a480cd75.s3tc.ctex remapped: res://.godot/imported/imp_mischief.png-2aa91762cfa121884fd7c941a480cd75.s3tc.ctex
Completed load for: 'res://assets/opera/worlds/actors/imp_mischief.png' remapped 'res://assets/opera/worlds/actors/imp_mischief.png' at thread -1
Loading resource: res://assets/opera/worlds/actors/imp_mischief_bopped.png remapped: res://assets/opera/worlds/actors/imp_mischief_bopped.png
Loading resource: res://.godot/imported/imp_mischief_bopped.png-276c2d81098a757a1274ef356d58e20d.s3tc.ctex remapped: res://.godot/imported/imp_mischief_bopped.png-276c2d81098a757a1274ef356d58e20d.s3tc.ctex
Completed load for: 'res://assets/opera/worlds/actors/imp_mischief_bopped.png' remapped 'res://assets/opera/worlds/actors/imp_mischief_bopped.png' at thread -1
Loading resource: res://assets/opera/worlds/actors/imp_mischief_bow.png remapped: res://assets/opera/worlds/actors/imp_mischief_bow.png
Loading resource: res://.godot/imported/imp_mischief_bow.png-643f90847c4113e6a65aff5fa7b6c3e8.s3tc.ctex remapped: res://.godot/imported/imp_mischief_bow.png-643f90847c4113e6a65aff5fa7b6c3e8.s3tc.ctex
Completed load for: 'res://assets/opera/worlds/actors/imp_mischief_bow.png' remapped 'res://assets/opera/worlds/actors/imp_mischief_bow.png' at thread -1
Loading resource: res://assets/opera/worlds/actors/imp_captain.png remapped: res://assets/opera/worlds/actors/imp_captain.png
Loading resource: res://.godot/imported/imp_captain.png-e46cb032a0f4e73284cb41534b78dba6.s3tc.ctex remapped: res://.godot/imported/imp_captain.png-e46cb032a0f4e73284cb41534b78dba6.s3tc.ctex
Completed load for: 'res://assets/opera/worlds/actors/imp_captain.png' remapped 'res://assets/opera/worlds/actors/imp_captain.png' at thread -1
Loading resource: res://assets/opera/worlds/actors/imp_captain_bopped.png remapped: res://assets/opera/worlds/actors/imp_captain_bopped.png
Loading resource: res://.godot/imported/imp_captain_bopped.png-7b18e453603e8a4113fd2cbb62ded9b6.s3tc.ctex remapped: res://.godot/imported/imp_captain_bopped.png-7b18e453603e8a4113fd2cbb62ded9b6.s3tc.ctex
Completed load for: 'res://assets/opera/worlds/actors/imp_captain_bopped.png' remapped 'res://assets/opera/worlds/actors/imp_captain_bopped.png' at thread -1
Loading resource: res://assets/opera/worlds/actors/imp_captain_bow.png remapped: res://assets/opera/worlds/actors/imp_captain_bow.png
Loading resource: res://.godot/imported/imp_captain_bow.png-12497944600f3a910cccf5033db21fec.s3tc.ctex remapped: res://.godot/imported/imp_captain_bow.png-12497944600f3a910cccf5033db21fec.s3tc.ctex
Completed load for: 'res://assets/opera/worlds/actors/imp_captain_bow.png' remapped 'res://assets/opera/worlds/actors/imp_captain_bow.png' at thread -1
Loading resource: res://assets/opera/worlds/props/fx_telegraph_ring.png remapped: res://assets/opera/worlds/props/fx_telegraph_ring.png
Loading resource: res://.godot/imported/fx_telegraph_ring.png-a5607cfab59aaf797e0ebc0e0d630b71.s3tc.ctex remapped: res://.godot/imported/fx_telegraph_ring.png-a5607cfab59aaf797e0ebc0e0d630b71.s3tc.ctex
Completed load for: 'res://assets/opera/worlds/props/fx_telegraph_ring.png' remapped 'res://assets/opera/worlds/props/fx_telegraph_ring.png' at thread -1
Loading resource: res://assets/opera/worlds/props/fx_telegraph_bang.png remapped: res://assets/opera/worlds/props/fx_telegraph_bang.png
Loading resource: res://.godot/imported/fx_telegraph_bang.png-5e57510f37f0277a1436815b2f5303f5.s3tc.ctex remapped: res://.godot/imported/fx_telegraph_bang.png-5e57510f37f0277a1436815b2f5303f5.s3tc.ctex
Completed load for: 'res://assets/opera/worlds/props/fx_telegraph_bang.png' remapped 'res://assets/opera/worlds/props/fx_telegraph_bang.png' at thread -1
Loading resource: res://assets/opera/worlds/props/fx_slash_arc.png remapped: res://assets/opera/worlds/props/fx_slash_arc.png
Loading resource: res://.godot/imported/fx_slash_arc.png-06c01e57545f44970f1e9749d78c8c7b.s3tc.ctex remapped: res://.godot/imported/fx_slash_arc.png-06c01e57545f44970f1e9749d78c8c7b.s3tc.ctex
Completed load for: 'res://assets/opera/worlds/props/fx_slash_arc.png' remapped 'res://assets/opera/worlds/props/fx_slash_arc.png' at thread -1
Loading resource: res://assets/opera/worlds/props/fx_dizzy_stars.png remapped: res://assets/opera/worlds/props/fx_dizzy_stars.png
Loading resource: res://.godot/imported/fx_dizzy_stars.png-e249bf547dbb4ae001be7738fcb2de24.s3tc.ctex remapped: res://.godot/imported/fx_dizzy_stars.png-e249bf547dbb4ae001be7738fcb2de24.s3tc.ctex
Completed load for: 'res://assets/opera/worlds/props/fx_dizzy_stars.png' remapped 'res://assets/opera/worlds/props/fx_dizzy_stars.png' at thread -1
Loading resource: res://assets/opera/worlds/actors/rival_chef_bopped.png remapped: res://assets/opera/worlds/actors/rival_chef_bopped.png
Loading resource: res://.godot/imported/rival_chef_bopped.png-a958e09708c682c295f572716a60e912.s3tc.ctex remapped: res://.godot/imported/rival_chef_bopped.png-a958e09708c682c295f572716a60e912.s3tc.ctex
Completed load for: 'res://assets/opera/worlds/actors/rival_chef_bopped.png' remapped 'res://assets/opera/worlds/actors/rival_chef_bopped.png' at thread -1
Loading resource: res://assets/opera/worlds/actors/rival_chef_windup.png remapped: res://assets/opera/worlds/actors/rival_chef_windup.png
Loading resource: res://.godot/imported/rival_chef_windup.png-f9813cf59d06c30dd766049c9c0390da.s3tc.ctex remapped: res://.godot/imported/rival_chef_windup.png-f9813cf59d06c30dd766049c9c0390da.s3tc.ctex
Completed load for: 'res://assets/opera/worlds/actors/rival_chef_windup.png' remapped 'res://assets/opera/worlds/actors/rival_chef_windup.png' at thread -1
Loading resource: res://assets/opera/worlds/actors/rival_chef_charge.png remapped: res://assets/opera/worlds/actors/rival_chef_charge.png
Loading resource: res://.godot/imported/rival_chef_charge.png-b77b9ce0ecdb43770202bb02ab20497c.s3tc.ctex remapped: res://.godot/imported/rival_chef_charge.png-b77b9ce0ecdb43770202bb02ab20497c.s3tc.ctex
Completed load for: 'res://assets/opera/worlds/actors/rival_chef_charge.png' remapped 'res://assets/opera/worlds/actors/rival_chef_charge.png' at thread -1
Loading resource: res://assets/opera/worlds/actors/rival_chef_slash.png remapped: res://assets/opera/worlds/actors/rival_chef_slash.png
Loading resource: res://.godot/imported/rival_chef_slash.png-86d13b64a3548479071cb37cba647d50.s3tc.ctex remapped: res://.godot/imported/rival_chef_slash.png-86d13b64a3548479071cb37cba647d50.s3tc.ctex
Completed load for: 'res://assets/opera/worlds/actors/rival_chef_slash.png' remapped 'res://assets/opera/worlds/actors/rival_chef_slash.png' at thread -1
Loading resource: res://assets/opera/worlds/actors/rival_chef_recover.png remapped: res://assets/opera/worlds/actors/rival_chef_recover.png
Loading resource: res://.godot/imported/rival_chef_recover.png-ce8a2f6ee2a0834a6a528e42ac87cdee.s3tc.ctex remapped: res://.godot/imported/rival_chef_recover.png-ce8a2f6ee2a0834a6a528e42ac87cdee.s3tc.ctex
Completed load for: 'res://assets/opera/worlds/actors/rival_chef_recover.png' remapped 'res://assets/opera/worlds/actors/rival_chef_recover.png' at thread -1
Loading resource: res://assets/opera/worlds/actors/rival_chef_guard.png remapped: res://assets/opera/worlds/actors/rival_chef_guard.png
Loading resource: res://.godot/imported/rival_chef_guard.png-681802d5b3c14a74967dc098c77c2d70.s3tc.ctex remapped: res://.godot/imported/rival_chef_guard.png-681802d5b3c14a74967dc098c77c2d70.s3tc.ctex
Completed load for: 'res://assets/opera/worlds/actors/rival_chef_guard.png' remapped 'res://assets/opera/worlds/actors/rival_chef_guard.png' at thread -1
Loading resource: res://assets/opera/worlds/actors/rival_chef_stagger.png remapped: res://assets/opera/worlds/actors/rival_chef_stagger.png
Loading resource: res://.godot/imported/rival_chef_stagger.png-4483fdfb538c0c6a8121e30fbfc2dc4a.s3tc.ctex remapped: res://.godot/imported/rival_chef_stagger.png-4483fdfb538c0c6a8121e30fbfc2dc4a.s3tc.ctex
Completed load for: 'res://assets/opera/worlds/actors/rival_chef_stagger.png' remapped 'res://assets/opera/worlds/actors/rival_chef_stagger.png' at thread -1
Loading resource: res://assets/opera/worlds/actors/rival_chef_flee.png remapped: res://assets/opera/worlds/actors/rival_chef_flee.png
Loading resource: res://.godot/imported/rival_chef_flee.png-ac12146f9cc2e3eb85aa4951d735fdc8.s3tc.ctex remapped: res://.godot/imported/rival_chef_flee.png-ac12146f9cc2e3eb85aa4951d735fdc8.s3tc.ctex
Completed load for: 'res://assets/opera/worlds/actors/rival_chef_flee.png' remapped 'res://assets/opera/worlds/actors/rival_chef_flee.png' at thread -1
Loading resource: res://assets/opera/worlds/actors/rival_chef_taunt.png remapped: res://assets/opera/worlds/actors/rival_chef_taunt.png
Loading resource: res://.godot/imported/rival_chef_taunt.png-31a97cb0e4c18955a4e497a7d2acdb22.s3tc.ctex remapped: res://.godot/imported/rival_chef_taunt.png-31a97cb0e4c18955a4e497a7d2acdb22.s3tc.ctex
Completed load for: 'res://assets/opera/worlds/actors/rival_chef_taunt.png' remapped 'res://assets/opera/worlds/actors/rival_chef_taunt.png' at thread -1
Loading resource: res://assets/opera/worlds/actors/rival_chef_hop_a.png remapped: res://assets/opera/worlds/actors/rival_chef_hop_a.png
Loading resource: res://.godot/imported/rival_chef_hop_a.png-4ee494dffb2a86f7acfc727f379b7305.s3tc.ctex remapped: res://.godot/imported/rival_chef_hop_a.png-4ee494dffb2a86f7acfc727f379b7305.s3tc.ctex
Completed load for: 'res://assets/opera/worlds/actors/rival_chef_hop_a.png' remapped 'res://assets/opera/worlds/actors/rival_chef_hop_a.png' at thread -1
Loading resource: res://assets/opera/worlds/actors/rival_chef_hop_b.png remapped: res://assets/opera/worlds/actors/rival_chef_hop_b.png
Loading resource: res://.godot/imported/rival_chef_hop_b.png-c61e03499b064c3a7c8b04685a205bfd.s3tc.ctex remapped: res://.godot/imported/rival_chef_hop_b.png-c61e03499b064c3a7c8b04685a205bfd.s3tc.ctex
Completed load for: 'res://assets/opera/worlds/actors/rival_chef_hop_b.png' remapped 'res://assets/opera/worlds/actors/rival_chef_hop_b.png' at thread -1
Loading resource: res://assets/opera/worlds/actors/rival_chef_bow.png remapped: res://assets/opera/worlds/actors/rival_chef_bow.png
Loading resource: res://.godot/imported/rival_chef_bow.png-d2fd6fc40f5a42e5f64d3d1f0c6a3a4e.s3tc.ctex remapped: res://.godot/imported/rival_chef_bow.png-d2fd6fc40f5a42e5f64d3d1f0c6a3a4e.s3tc.ctex
Completed load for: 'res://assets/opera/worlds/actors/rival_chef_bow.png' remapped 'res://assets/opera/worlds/actors/rival_chef_bow.png' at thread -1
Loading resource: res://assets/opera/worlds/actors/imp_mischief.png remapped: res://assets/opera/worlds/actors/imp_mischief.png
Loading resource: res://.godot/imported/imp_mischief.png-2aa91762cfa121884fd7c941a480cd75.s3tc.ctex remapped: res://.godot/imported/imp_mischief.png-2aa91762cfa121884fd7c941a480cd75.s3tc.ctex
Completed load for: 'res://assets/opera/worlds/actors/imp_mischief.png' remapped 'res://assets/opera/worlds/actors/imp_mischief.png' at thread -1
Loading resource: res://assets/opera/worlds/actors/imp_mischief_windup.png remapped: res://assets/opera/worlds/actors/imp_mischief_windup.png
Loading resource: res://.godot/imported/imp_mischief_windup.png-27644fd709fe5393e0a8caad88b075b6.s3tc.ctex remapped: res://.godot/imported/imp_mischief_windup.png-27644fd709fe5393e0a8caad88b075b6.s3tc.ctex
Completed load for: 'res://assets/opera/worlds/actors/imp_mischief_windup.png' remapped 'res://assets/opera/worlds/actors/imp_mischief_windup.png' at thread -1
Loading resource: res://assets/opera/worlds/actors/imp_mischief_charge.png remapped: res://assets/opera/worlds/actors/imp_mischief_charge.png
Loading resource: res://.godot/imported/imp_mischief_charge.png-7651fd8a67674c1425677cc73b08a982.s3tc.ctex remapped: res://.godot/imported/imp_mischief_charge.png-7651fd8a67674c1425677cc73b08a982.s3tc.ctex
Completed load for: 'res://assets/opera/worlds/actors/imp_mischief_charge.png' remapped 'res://assets/opera/worlds/actors/imp_mischief_charge.png' at thread -1
Loading resource: res://assets/opera/worlds/actors/imp_mischief_slash.png remapped: res://assets/opera/worlds/actors/imp_mischief_slash.png
Loading resource: res://.godot/imported/imp_mischief_slash.png-feef3a7d575df712da4960aea92d00eb.s3tc.ctex remapped: res://.godot/imported/imp_mischief_slash.png-feef3a7d575df712da4960aea92d00eb.s3tc.ctex
Completed load for: 'res://assets/opera/worlds/actors/imp_mischief_slash.png' remapped 'res://assets/opera/worlds/actors/imp_mischief_slash.png' at thread -1
Loading resource: res://assets/opera/worlds/actors/imp_mischief_recover.png remapped: res://assets/opera/worlds/actors/imp_mischief_recover.png
Loading resource: res://.godot/imported/imp_mischief_recover.png-9993ae96041a390c9d56b99855a20323.s3tc.ctex remapped: res://.godot/imported/imp_mischief_recover.png-9993ae96041a390c9d56b99855a20323.s3tc.ctex
Completed load for: 'res://assets/opera/worlds/actors/imp_mischief_recover.png' remapped 'res://assets/opera/worlds/actors/imp_mischief_recover.png' at thread -1
Loading resource: res://assets/opera/worlds/actors/imp_mischief_guard.png remapped: res://assets/opera/worlds/actors/imp_mischief_guard.png
Loading resource: res://.godot/imported/imp_mischief_guard.png-e0b51eb2c2b687acd70ab7e0486431b4.s3tc.ctex remapped: res://.godot/imported/imp_mischief_guard.png-e0b51eb2c2b687acd70ab7e0486431b4.s3tc.ctex
Completed load for: 'res://assets/opera/worlds/actors/imp_mischief_guard.png' remapped 'res://assets/opera/worlds/actors/imp_mischief_guard.png' at thread -1
Loading resource: res://assets/opera/worlds/actors/imp_mischief_stagger.png remapped: res://assets/opera/worlds/actors/imp_mischief_stagger.png
Loading resource: res://.godot/imported/imp_mischief_stagger.png-deb400ff054c7a4631756e74bc75bffe.s3tc.ctex remapped: res://.godot/imported/imp_mischief_stagger.png-deb400ff054c7a4631756e74bc75bffe.s3tc.ctex
Completed load for: 'res://assets/opera/worlds/actors/imp_mischief_stagger.png' remapped 'res://assets/opera/worlds/actors/imp_mischief_stagger.png' at thread -1
Loading resource: res://assets/opera/worlds/actors/imp_mischief_flee.png remapped: res://assets/opera/worlds/actors/imp_mischief_flee.png
Loading resource: res://.godot/imported/imp_mischief_flee.png-75ab59cf13833ac1972e0ab1614b4de8.s3tc.ctex remapped: res://.godot/imported/imp_mischief_flee.png-75ab59cf13833ac1972e0ab1614b4de8.s3tc.ctex
Completed load for: 'res://assets/opera/worlds/actors/imp_mischief_flee.png' remapped 'res://assets/opera/worlds/actors/imp_mischief_flee.png' at thread -1
Loading resource: res://assets/opera/worlds/actors/imp_mischief_taunt.png remapped: res://assets/opera/worlds/actors/imp_mischief_taunt.png
Loading resource: res://.godot/imported/imp_mischief_taunt.png-a891d360a40c9485aea56227a041d6c9.s3tc.ctex remapped: res://.godot/imported/imp_mischief_taunt.png-a891d360a40c9485aea56227a041d6c9.s3tc.ctex
Completed load for: 'res://assets/opera/worlds/actors/imp_mischief_taunt.png' remapped 'res://assets/opera/worlds/actors/imp_mischief_taunt.png' at thread -1
Loading resource: res://assets/opera/worlds/actors/imp_mischief_bopped.png remapped: res://assets/opera/worlds/actors/imp_mischief_bopped.png
Loading resource: res://.godot/imported/imp_mischief_bopped.png-276c2d81098a757a1274ef356d58e20d.s3tc.ctex remapped: res://.godot/imported/imp_mischief_bopped.png-276c2d81098a757a1274ef356d58e20d.s3tc.ctex
Completed load for: 'res://assets/opera/worlds/actors/imp_mischief_bopped.png' remapped 'res://assets/opera/worlds/actors/imp_mischief_bopped.png' at thread -1
Loading resource: res://assets/opera/worlds/actors/imp_captain.png remapped: res://assets/opera/worlds/actors/imp_captain.png
Loading resource: res://.godot/imported/imp_captain.png-e46cb032a0f4e73284cb41534b78dba6.s3tc.ctex remapped: res://.godot/imported/imp_captain.png-e46cb032a0f4e73284cb41534b78dba6.s3tc.ctex
Completed load for: 'res://assets/opera/worlds/actors/imp_captain.png' remapped 'res://assets/opera/worlds/actors/imp_captain.png' at thread -1
Loading resource: res://assets/opera/worlds/actors/imp_captain_windup.png remapped: res://assets/opera/worlds/actors/imp_captain_windup.png
Loading resource: res://.godot/imported/imp_captain_windup.png-8943ae388fceff3a2b93abea186ce701.s3tc.ctex remapped: res://.godot/imported/imp_captain_windup.png-8943ae388fceff3a2b93abea186ce701.s3tc.ctex
Completed load for: 'res://assets/opera/worlds/actors/imp_captain_windup.png' remapped 'res://assets/opera/worlds/actors/imp_captain_windup.png' at thread -1
Loading resource: res://assets/opera/worlds/actors/imp_captain_charge.png remapped: res://assets/opera/worlds/actors/imp_captain_charge.png
Loading resource: res://.godot/imported/imp_captain_charge.png-ca0f6b738d6b7acf2d7d62bda85c3ee9.s3tc.ctex remapped: res://.godot/imported/imp_captain_charge.png-ca0f6b738d6b7acf2d7d62bda85c3ee9.s3tc.ctex
Completed load for: 'res://assets/opera/worlds/actors/imp_captain_charge.png' remapped 'res://assets/opera/worlds/actors/imp_captain_charge.png' at thread -1
Loading resource: res://assets/opera/worlds/actors/imp_captain_slash.png remapped: res://assets/opera/worlds/actors/imp_captain_slash.png
Loading resource: res://.godot/imported/imp_captain_slash.png-c2f505657f2b06bee95b1e51e1c49129.s3tc.ctex remapped: res://.godot/imported/imp_captain_slash.png-c2f505657f2b06bee95b1e51e1c49129.s3tc.ctex
Completed load for: 'res://assets/opera/worlds/actors/imp_captain_slash.png' remapped 'res://assets/opera/worlds/actors/imp_captain_slash.png' at thread -1
Loading resource: res://assets/opera/worlds/actors/imp_captain_recover.png remapped: res://assets/opera/worlds/actors/imp_captain_recover.png
Loading resource: res://.godot/imported/imp_captain_recover.png-542263c7b6fc37fb29210456149073b0.s3tc.ctex remapped: res://.godot/imported/imp_captain_recover.png-542263c7b6fc37fb29210456149073b0.s3tc.ctex
Completed load for: 'res://assets/opera/worlds/actors/imp_captain_recover.png' remapped 'res://assets/opera/worlds/actors/imp_captain_recover.png' at thread -1
Loading resource: res://assets/opera/worlds/actors/imp_captain_guard.png remapped: res://assets/opera/worlds/actors/imp_captain_guard.png
Loading resource: res://.godot/imported/imp_captain_guard.png-e89585bc394d3dca313907cb2224501f.s3tc.ctex remapped: res://.godot/imported/imp_captain_guard.png-e89585bc394d3dca313907cb2224501f.s3tc.ctex
Completed load for: 'res://assets/opera/worlds/actors/imp_captain_guard.png' remapped 'res://assets/opera/worlds/actors/imp_captain_guard.png' at thread -1
Loading resource: res://assets/opera/worlds/actors/imp_captain_stagger.png remapped: res://assets/opera/worlds/actors/imp_captain_stagger.png
Loading resource: res://.godot/imported/imp_captain_stagger.png-f0d86df4f11e14a3c5b3094eb10f0acb.s3tc.ctex remapped: res://.godot/imported/imp_captain_stagger.png-f0d86df4f11e14a3c5b3094eb10f0acb.s3tc.ctex
Completed load for: 'res://assets/opera/worlds/actors/imp_captain_stagger.png' remapped 'res://assets/opera/worlds/actors/imp_captain_stagger.png' at thread -1
Loading resource: res://assets/opera/worlds/actors/imp_captain_flee.png remapped: res://assets/opera/worlds/actors/imp_captain_flee.png
Loading resource: res://.godot/imported/imp_captain_flee.png-10494cd923c0d79bdd4a59cef42f4027.s3tc.ctex remapped: res://.godot/imported/imp_captain_flee.png-10494cd923c0d79bdd4a59cef42f4027.s3tc.ctex
Completed load for: 'res://assets/opera/worlds/actors/imp_captain_flee.png' remapped 'res://assets/opera/worlds/actors/imp_captain_flee.png' at thread -1
Loading resource: res://assets/opera/worlds/actors/imp_captain_taunt.png remapped: res://assets/opera/worlds/actors/imp_captain_taunt.png
Loading resource: res://.godot/imported/imp_captain_taunt.png-954edfe43d7f3d0d339d9dcee7736514.s3tc.ctex remapped: res://.godot/imported/imp_captain_taunt.png-954edfe43d7f3d0d339d9dcee7736514.s3tc.ctex
Completed load for: 'res://assets/opera/worlds/actors/imp_captain_taunt.png' remapped 'res://assets/opera/worlds/actors/imp_captain_taunt.png' at thread -1
Loading resource: res://assets/opera/worlds/actors/imp_captain_bopped.png remapped: res://assets/opera/worlds/actors/imp_captain_bopped.png
Loading resource: res://.godot/imported/imp_captain_bopped.png-7b18e453603e8a4113fd2cbb62ded9b6.s3tc.ctex remapped: res://.godot/imported/imp_captain_bopped.png-7b18e453603e8a4113fd2cbb62ded9b6.s3tc.ctex
Completed load for: 'res://assets/opera/worlds/actors/imp_captain_bopped.png' remapped 'res://assets/opera/worlds/actors/imp_captain_bopped.png' at thread -1
Loading resource: res://assets/opera/worlds/widgets/widget_pour_chef_mover.png remapped: res://assets/opera/worlds/widgets/widget_pour_chef_mover.png
Loading resource: res://.godot/imported/widget_pour_chef_mover.png-93e22fb06eb104e0ace859c262820176.s3tc.ctex remapped: res://.godot/imported/widget_pour_chef_mover.png-93e22fb06eb104e0ace859c262820176.s3tc.ctex
Completed load for: 'res://assets/opera/worlds/widgets/widget_pour_chef_mover.png' remapped 'res://assets/opera/worlds/widgets/widget_pour_chef_mover.png' at thread -1
Loading resource: res://assets/opera/worlds/widgets/widget_pour_chef_fill.png remapped: res://assets/opera/worlds/widgets/widget_pour_chef_fill.png
Loading resource: res://.godot/imported/widget_pour_chef_fill.png-cccded297e5de5e023c76be85758c2dc.ctex remapped: res://.godot/imported/widget_pour_chef_fill.png-cccded297e5de5e023c76be85758c2dc.ctex
Completed load for: 'res://assets/opera/worlds/widgets/widget_pour_chef_fill.png' remapped 'res://assets/opera/worlds/widgets/widget_pour_chef_fill.png' at thread -1
CHAPTER2_FARMER_RESUME|Chef saved mask 3f owns a healed, complete POT backdrop: OK
CHAPTER2_FARMER_RESUME|Chef saved mask 3f has one physical cake state: OK
CHAPTER2_FARMER_RESUME|Hidden rack rows release stale baked textures: OK
CHAPTER2_FARMER_RESUME|Saved batter or cake contacts its own cleared physical support: OK
CHAPTER2_FARMER_RESUME|Chef saved mask 3f cannot advance without a child action: OK
Loading resource: res://assets/opera/worlds/ui/magnifier.png remapped: res://assets/opera/worlds/ui/magnifier.png
Loading resource: res://.godot/imported/magnifier.png-def06d7a41c5772f787cbecf1fb0c089.s3tc.ctex remapped: res://.godot/imported/magnifier.png-def06d7a41c5772f787cbecf1fb0c089.s3tc.ctex
Completed load for: 'res://assets/opera/worlds/ui/magnifier.png' remapped 'res://assets/opera/worlds/ui/magnifier.png' at thread -1
Loading resource: res://assets/opera/worlds/backdrops/world_chef.png remapped: res://assets/opera/worlds/backdrops/world_chef.png
Loading resource: res://.godot/imported/world_chef.png-ef6ca0dee3242fe8c57ffeff3f7a3325.ctex remapped: res://.godot/imported/world_chef.png-ef6ca0dee3242fe8c57ffeff3f7a3325.ctex
Completed load for: 'res://assets/opera/worlds/backdrops/world_chef.png' remapped 'res://assets/opera/worlds/backdrops/world_chef.png' at thread -1
Loading resource: res://assets/opera/worlds/backdrops/chef_story_clean_v1/world_chef_c0r0.png remapped: res://assets/opera/worlds/backdrops/chef_story_clean_v1/world_chef_c0r0.png
Loading resource: res://.godot/imported/world_chef_c0r0.png-0ece24d10e6f92afefe881c990eca893.s3tc.ctex remapped: res://.godot/imported/world_chef_c0r0.png-0ece24d10e6f92afefe881c990eca893.s3tc.ctex
Completed load for: 'res://assets/opera/worlds/backdrops/chef_story_clean_v1/world_chef_c0r0.png' remapped 'res://assets/opera/worlds/backdrops/chef_story_clean_v1/world_chef_c0r0.png' at thread -1
Loading resource: res://assets/opera/worlds/backdrops/chef_story_clean_v1/world_chef_c1r0.png remapped: res://assets/opera/worlds/backdrops/chef_story_clean_v1/world_chef_c1r0.png
Loading resource: res://.godot/imported/world_chef_c1r0.png-b86b61ecf9b65721574a81cb630d2ede.s3tc.ctex remapped: res://.godot/imported/world_chef_c1r0.png-b86b61ecf9b65721574a81cb630d2ede.s3tc.ctex
Completed load for: 'res://assets/opera/worlds/backdrops/chef_story_clean_v1/world_chef_c1r0.png' remapped 'res://assets/opera/worlds/backdrops/chef_story_clean_v1/world_chef_c1r0.png' at thread -1
Loading resource: res://assets/opera/worlds/backdrops/chef_story_clean_v1/world_chef_c0r1.png remapped: res://assets/opera/worlds/backdrops/chef_story_clean_v1/world_chef_c0r1.png
Loading resource: res://.godot/imported/world_chef_c0r1.png-6019a3e1b274d569c3088830cef4729b.s3tc.ctex remapped: res://.godot/imported/world_chef_c0r1.png-6019a3e1b274d569c3088830cef4729b.s3tc.ctex
Completed load for: 'res://assets/opera/worlds/backdrops/chef_story_clean_v1/world_chef_c0r1.png' remapped 'res://assets/opera/worlds/backdrops/chef_story_clean_v1/world_chef_c0r1.png' at thread -1
Loading resource: res://assets/opera/worlds/backdrops/chef_story_clean_v1/world_chef_c1r1.png remapped: res://assets/opera/worlds/backdrops/chef_story_clean_v1/world_chef_c1r1.png
Loading resource: res://.godot/imported/world_chef_c1r1.png-086c7fbfc39327d6bf09dea116fbb824.s3tc.ctex remapped: res://.godot/imported/world_chef_c1r1.png-086c7fbfc39327d6bf09dea116fbb824.s3tc.ctex
Completed load for: 'res://assets/opera/worlds/backdrops/chef_story_clean_v1/world_chef_c1r1.png' remapped 'res://assets/opera/worlds/backdrops/chef_story_clean_v1/world_chef_c1r1.png' at thread -1
Loading resource: res://assets/opera/worlds/backdrops/stage_chef_c0r0.png remapped: res://assets/opera/worlds/backdrops/stage_chef_c0r0.png
Loading resource: res://.godot/imported/stage_chef_c0r0.png-cc29211ddce9c8eb5ea02bb2f004767f.s3tc.ctex remapped: res://.godot/imported/stage_chef_c0r0.png-cc29211ddce9c8eb5ea02bb2f004767f.s3tc.ctex
Completed load for: 'res://assets/opera/worlds/backdrops/stage_chef_c0r0.png' remapped 'res://assets/opera/worlds/backdrops/stage_chef_c0r0.png' at thread -1
Loading resource: res://assets/opera/worlds/backdrops/stage_chef_c1r0.png remapped: res://assets/opera/worlds/backdrops/stage_chef_c1r0.png
Loading resource: res://.godot/imported/stage_chef_c1r0.png-192ef867e0aaac991da08dfe0b268abb.s3tc.ctex remapped: res://.godot/imported/stage_chef_c1r0.png-192ef867e0aaac991da08dfe0b268abb.s3tc.ctex
Completed load for: 'res://assets/opera/worlds/backdrops/stage_chef_c1r0.png' remapped 'res://assets/opera/worlds/backdrops/stage_chef_c1r0.png' at thread -1
Loading resource: res://assets/opera/worlds/backdrops/stage_chef_c0r1.png remapped: res://assets/opera/worlds/backdrops/stage_chef_c0r1.png
Loading resource: res://.godot/imported/stage_chef_c0r1.png-fa08fc12d8940ebdcaaf79672c5e43a3.s3tc.ctex remapped: res://.godot/imported/stage_chef_c0r1.png-fa08fc12d8940ebdcaaf79672c5e43a3.s3tc.ctex
Completed load for: 'res://assets/opera/worlds/backdrops/stage_chef_c0r1.png' remapped 'res://assets/opera/worlds/backdrops/stage_chef_c0r1.png' at thread -1
Loading resource: res://assets/opera/worlds/backdrops/stage_chef_c1r1.png remapped: res://assets/opera/worlds/backdrops/stage_chef_c1r1.png
Loading resource: res://.godot/imported/stage_chef_c1r1.png-205194b94ea589b7253dce7b86e817a7.s3tc.ctex remapped: res://.godot/imported/stage_chef_c1r1.png-205194b94ea589b7253dce7b86e817a7.s3tc.ctex
Completed load for: 'res://assets/opera/worlds/backdrops/stage_chef_c1r1.png' remapped 'res://assets/opera/worlds/backdrops/stage_chef_c1r1.png' at thread -1
Loading resource: res://assets/chapter2/birthday/chapter2_grand_five_strawberry_cake.png remapped: res://assets/chapter2/birthday/chapter2_grand_five_strawberry_cake.png
Loading resource: res://.godot/imported/chapter2_grand_five_strawberry_cake.png-15d258e3bfb36bfe1a0dd9e5007fd873.ctex remapped: res://.godot/imported/chapter2_grand_five_strawberry_cake.png-15d258e3bfb36bfe1a0dd9e5007fd873.ctex
Completed load for: 'res://assets/chapter2/birthday/chapter2_grand_five_strawberry_cake.png' remapped 'res://assets/chapter2/birthday/chapter2_grand_five_strawberry_cake.png' at thread -1
Loading resource: res://assets/opera/worlds/actors/roshan_chef.png remapped: res://assets/opera/worlds/actors/roshan_chef.png
Loading resource: res://.godot/imported/roshan_chef.png-bc782154b95629319a4783a7946abf7a.s3tc.ctex remapped: res://.godot/imported/roshan_chef.png-bc782154b95629319a4783a7946abf7a.s3tc.ctex
Completed load for: 'res://assets/opera/worlds/actors/roshan_chef.png' remapped 'res://assets/opera/worlds/actors/roshan_chef.png' at thread -1
Loading resource: res://assets/opera/worlds/actors/animation/roshan_chef_sheet_a.png remapped: res://assets/opera/worlds/actors/animation/roshan_chef_sheet_a.png
Loading resource: res://.godot/imported/roshan_chef_sheet_a.png-4ec4a75ade66f00d68e03c6b5e93b0ec.ctex remapped: res://.godot/imported/roshan_chef_sheet_a.png-4ec4a75ade66f00d68e03c6b5e93b0ec.ctex
Completed load for: 'res://assets/opera/worlds/actors/animation/roshan_chef_sheet_a.png' remapped 'res://assets/opera/worlds/actors/animation/roshan_chef_sheet_a.png' at thread -1
Loading resource: res://assets/opera/worlds/actors/rival_chef.png remapped: res://assets/opera/worlds/actors/rival_chef.png
Loading resource: res://.godot/imported/rival_chef.png-2eef5f226867e382a410b29d539aa19d.s3tc.ctex remapped: res://.godot/imported/rival_chef.png-2eef5f226867e382a410b29d539aa19d.s3tc.ctex
Completed load for: 'res://assets/opera/worlds/actors/rival_chef.png' remapped 'res://assets/opera/worlds/actors/rival_chef.png' at thread -1
Loading resource: res://assets/opera/worlds/props/fx_bop_puff.png remapped: res://assets/opera/worlds/props/fx_bop_puff.png
Loading resource: res://.godot/imported/fx_bop_puff.png-44d6a8b8f3875802302bda4fdd154827.s3tc.ctex remapped: res://.godot/imported/fx_bop_puff.png-44d6a8b8f3875802302bda4fdd154827.s3tc.ctex
Completed load for: 'res://assets/opera/worlds/props/fx_bop_puff.png' remapped 'res://assets/opera/worlds/props/fx_bop_puff.png' at thread -1
Loading resource: res://assets/opera/worlds/actors/imp_mischief.png remapped: res://assets/opera/worlds/actors/imp_mischief.png
Loading resource: res://.godot/imported/imp_mischief.png-2aa91762cfa121884fd7c941a480cd75.s3tc.ctex remapped: res://.godot/imported/imp_mischief.png-2aa91762cfa121884fd7c941a480cd75.s3tc.ctex
Completed load for: 'res://assets/opera/worlds/actors/imp_mischief.png' remapped 'res://assets/opera/worlds/actors/imp_mischief.png' at thread -1
Loading resource: res://assets/opera/worlds/actors/imp_mischief_bopped.png remapped: res://assets/opera/worlds/actors/imp_mischief_bopped.png
Loading resource: res://.godot/imported/imp_mischief_bopped.png-276c2d81098a757a1274ef356d58e20d.s3tc.ctex remapped: res://.godot/imported/imp_mischief_bopped.png-276c2d81098a757a1274ef356d58e20d.s3tc.ctex
Completed load for: 'res://assets/opera/worlds/actors/imp_mischief_bopped.png' remapped 'res://assets/opera/worlds/actors/imp_mischief_bopped.png' at thread -1
Loading resource: res://assets/opera/worlds/actors/imp_mischief_bow.png remapped: res://assets/opera/worlds/actors/imp_mischief_bow.png
Loading resource: res://.godot/imported/imp_mischief_bow.png-643f90847c4113e6a65aff5fa7b6c3e8.s3tc.ctex remapped: res://.godot/imported/imp_mischief_bow.png-643f90847c4113e6a65aff5fa7b6c3e8.s3tc.ctex
Completed load for: 'res://assets/opera/worlds/actors/imp_mischief_bow.png' remapped 'res://assets/opera/worlds/actors/imp_mischief_bow.png' at thread -1
Loading resource: res://assets/opera/worlds/actors/imp_captain.png remapped: res://assets/opera/worlds/actors/imp_captain.png
Loading resource: res://.godot/imported/imp_captain.png-e46cb032a0f4e73284cb41534b78dba6.s3tc.ctex remapped: res://.godot/imported/imp_captain.png-e46cb032a0f4e73284cb41534b78dba6.s3tc.ctex
Completed load for: 'res://assets/opera/worlds/actors/imp_captain.png' remapped 'res://assets/opera/worlds/actors/imp_captain.png' at thread -1
Loading resource: res://assets/opera/worlds/actors/imp_captain_bopped.png remapped: res://assets/opera/worlds/actors/imp_captain_bopped.png
Loading resource: res://.godot/imported/imp_captain_bopped.png-7b18e453603e8a4113fd2cbb62ded9b6.s3tc.ctex remapped: res://.godot/imported/imp_captain_bopped.png-7b18e453603e8a4113fd2cbb62ded9b6.s3tc.ctex
Completed load for: 'res://assets/opera/worlds/actors/imp_captain_bopped.png' remapped 'res://assets/opera/worlds/actors/imp_captain_bopped.png' at thread -1
Loading resource: res://assets/opera/worlds/actors/imp_captain_bow.png remapped: res://assets/opera/worlds/actors/imp_captain_bow.png
Loading resource: res://.godot/imported/imp_captain_bow.png-12497944600f3a910cccf5033db21fec.s3tc.ctex remapped: res://.godot/imported/imp_captain_bow.png-12497944600f3a910cccf5033db21fec.s3tc.ctex
Completed load for: 'res://assets/opera/worlds/actors/imp_captain_bow.png' remapped 'res://assets/opera/worlds/actors/imp_captain_bow.png' at thread -1
Loading resource: res://assets/opera/worlds/props/fx_telegraph_ring.png remapped: res://assets/opera/worlds/props/fx_telegraph_ring.png
Loading resource: res://.godot/imported/fx_telegraph_ring.png-a5607cfab59aaf797e0ebc0e0d630b71.s3tc.ctex remapped: res://.godot/imported/fx_telegraph_ring.png-a5607cfab59aaf797e0ebc0e0d630b71.s3tc.ctex
Completed load for: 'res://assets/opera/worlds/props/fx_telegraph_ring.png' remapped 'res://assets/opera/worlds/props/fx_telegraph_ring.png' at thread -1
Loading resource: res://assets/opera/worlds/props/fx_telegraph_bang.png remapped: res://assets/opera/worlds/props/fx_telegraph_bang.png
Loading resource: res://.godot/imported/fx_telegraph_bang.png-5e57510f37f0277a1436815b2f5303f5.s3tc.ctex remapped: res://.godot/imported/fx_telegraph_bang.png-5e57510f37f0277a1436815b2f5303f5.s3tc.ctex
Completed load for: 'res://assets/opera/worlds/props/fx_telegraph_bang.png' remapped 'res://assets/opera/worlds/props/fx_telegraph_bang.png' at thread -1
Loading resource: res://assets/opera/worlds/props/fx_slash_arc.png remapped: res://assets/opera/worlds/props/fx_slash_arc.png
Loading resource: res://.godot/imported/fx_slash_arc.png-06c01e57545f44970f1e9749d78c8c7b.s3tc.ctex remapped: res://.godot/imported/fx_slash_arc.png-06c01e57545f44970f1e9749d78c8c7b.s3tc.ctex
Completed load for: 'res://assets/opera/worlds/props/fx_slash_arc.png' remapped 'res://assets/opera/worlds/props/fx_slash_arc.png' at thread -1
Loading resource: res://assets/opera/worlds/props/fx_dizzy_stars.png remapped: res://assets/opera/worlds/props/fx_dizzy_stars.png
Loading resource: res://.godot/imported/fx_dizzy_stars.png-e249bf547dbb4ae001be7738fcb2de24.s3tc.ctex remapped: res://.godot/imported/fx_dizzy_stars.png-e249bf547dbb4ae001be7738fcb2de24.s3tc.ctex
Completed load for: 'res://assets/opera/worlds/props/fx_dizzy_stars.png' remapped 'res://assets/opera/worlds/props/fx_dizzy_stars.png' at thread -1
Loading resource: res://assets/opera/worlds/actors/rival_chef_bopped.png remapped: res://assets/opera/worlds/actors/rival_chef_bopped.png
Loading resource: res://.godot/imported/rival_chef_bopped.png-a958e09708c682c295f572716a60e912.s3tc.ctex remapped: res://.godot/imported/rival_chef_bopped.png-a958e09708c682c295f572716a60e912.s3tc.ctex
Completed load for: 'res://assets/opera/worlds/actors/rival_chef_bopped.png' remapped 'res://assets/opera/worlds/actors/rival_chef_bopped.png' at thread -1
Loading resource: res://assets/opera/worlds/actors/rival_chef_windup.png remapped: res://assets/opera/worlds/actors/rival_chef_windup.png
Loading resource: res://.godot/imported/rival_chef_windup.png-f9813cf59d06c30dd766049c9c0390da.s3tc.ctex remapped: res://.godot/imported/rival_chef_windup.png-f9813cf59d06c30dd766049c9c0390da.s3tc.ctex
Completed load for: 'res://assets/opera/worlds/actors/rival_chef_windup.png' remapped 'res://assets/opera/worlds/actors/rival_chef_windup.png' at thread -1
Loading resource: res://assets/opera/worlds/actors/rival_chef_charge.png remapped: res://assets/opera/worlds/actors/rival_chef_charge.png
Loading resource: res://.godot/imported/rival_chef_charge.png-b77b9ce0ecdb43770202bb02ab20497c.s3tc.ctex remapped: res://.godot/imported/rival_chef_charge.png-b77b9ce0ecdb43770202bb02ab20497c.s3tc.ctex
Completed load for: 'res://assets/opera/worlds/actors/rival_chef_charge.png' remapped 'res://assets/opera/worlds/actors/rival_chef_charge.png' at thread -1
Loading resource: res://assets/opera/worlds/actors/rival_chef_slash.png remapped: res://assets/opera/worlds/actors/rival_chef_slash.png
Loading resource: res://.godot/imported/rival_chef_slash.png-86d13b64a3548479071cb37cba647d50.s3tc.ctex remapped: res://.godot/imported/rival_chef_slash.png-86d13b64a3548479071cb37cba647d50.s3tc.ctex
Completed load for: 'res://assets/opera/worlds/actors/rival_chef_slash.png' remapped 'res://assets/opera/worlds/actors/rival_chef_slash.png' at thread -1
Loading resource: res://assets/opera/worlds/actors/rival_chef_recover.png remapped: res://assets/opera/worlds/actors/rival_chef_recover.png
Loading resource: res://.godot/imported/rival_chef_recover.png-ce8a2f6ee2a0834a6a528e42ac87cdee.s3tc.ctex remapped: res://.godot/imported/rival_chef_recover.png-ce8a2f6ee2a0834a6a528e42ac87cdee.s3tc.ctex
Completed load for: 'res://assets/opera/worlds/actors/rival_chef_recover.png' remapped 'res://assets/opera/worlds/actors/rival_chef_recover.png' at thread -1
Loading resource: res://assets/opera/worlds/actors/rival_chef_guard.png remapped: res://assets/opera/worlds/actors/rival_chef_guard.png
Loading resource: res://.godot/imported/rival_chef_guard.png-681802d5b3c14a74967dc098c77c2d70.s3tc.ctex remapped: res://.godot/imported/rival_chef_guard.png-681802d5b3c14a74967dc098c77c2d70.s3tc.ctex
Completed load for: 'res://assets/opera/worlds/actors/rival_chef_guard.png' remapped 'res://assets/opera/worlds/actors/rival_chef_guard.png' at thread -1
Loading resource: res://assets/opera/worlds/actors/rival_chef_stagger.png remapped: res://assets/opera/worlds/actors/rival_chef_stagger.png
Loading resource: res://.godot/imported/rival_chef_stagger.png-4483fdfb538c0c6a8121e30fbfc2dc4a.s3tc.ctex remapped: res://.godot/imported/rival_chef_stagger.png-4483fdfb538c0c6a8121e30fbfc2dc4a.s3tc.ctex
Completed load for: 'res://assets/opera/worlds/actors/rival_chef_stagger.png' remapped 'res://assets/opera/worlds/actors/rival_chef_stagger.png' at thread -1
Loading resource: res://assets/opera/worlds/actors/rival_chef_flee.png remapped: res://assets/opera/worlds/actors/rival_chef_flee.png
Loading resource: res://.godot/imported/rival_chef_flee.png-ac12146f9cc2e3eb85aa4951d735fdc8.s3tc.ctex remapped: res://.godot/imported/rival_chef_flee.png-ac12146f9cc2e3eb85aa4951d735fdc8.s3tc.ctex
Completed load for: 'res://assets/opera/worlds/actors/rival_chef_flee.png' remapped 'res://assets/opera/worlds/actors/rival_chef_flee.png' at thread -1
Loading resource: res://assets/opera/worlds/actors/rival_chef_taunt.png remapped: res://assets/opera/worlds/actors/rival_chef_taunt.png
Loading resource: res://.godot/imported/rival_chef_taunt.png-31a97cb0e4c18955a4e497a7d2acdb22.s3tc.ctex remapped: res://.godot/imported/rival_chef_taunt.png-31a97cb0e4c18955a4e497a7d2acdb22.s3tc.ctex
Completed load for: 'res://assets/opera/worlds/actors/rival_chef_taunt.png' remapped 'res://assets/opera/worlds/actors/rival_chef_taunt.png' at thread -1
Loading resource: res://assets/opera/worlds/actors/rival_chef_hop_a.png remapped: res://assets/opera/worlds/actors/rival_chef_hop_a.png
Loading resource: res://.godot/imported/rival_chef_hop_a.png-4ee494dffb2a86f7acfc727f379b7305.s3tc.ctex remapped: res://.godot/imported/rival_chef_hop_a.png-4ee494dffb2a86f7acfc727f379b7305.s3tc.ctex
Completed load for: 'res://assets/opera/worlds/actors/rival_chef_hop_a.png' remapped 'res://assets/opera/worlds/actors/rival_chef_hop_a.png' at thread -1
Loading resource: res://assets/opera/worlds/actors/rival_chef_hop_b.png remapped: res://assets/opera/worlds/actors/rival_chef_hop_b.png
Loading resource: res://.godot/imported/rival_chef_hop_b.png-c61e03499b064c3a7c8b04685a205bfd.s3tc.ctex remapped: res://.godot/imported/rival_chef_hop_b.png-c61e03499b064c3a7c8b04685a205bfd.s3tc.ctex
Completed load for: 'res://assets/opera/worlds/actors/rival_chef_hop_b.png' remapped 'res://assets/opera/worlds/actors/rival_chef_hop_b.png' at thread -1
Loading resource: res://assets/opera/worlds/actors/rival_chef_bow.png remapped: res://assets/opera/worlds/actors/rival_chef_bow.png
Loading resource: res://.godot/imported/rival_chef_bow.png-d2fd6fc40f5a42e5f64d3d1f0c6a3a4e.s3tc.ctex remapped: res://.godot/imported/rival_chef_bow.png-d2fd6fc40f5a42e5f64d3d1f0c6a3a4e.s3tc.ctex
Completed load for: 'res://assets/opera/worlds/actors/rival_chef_bow.png' remapped 'res://assets/opera/worlds/actors/rival_chef_bow.png' at thread -1
Loading resource: res://assets/opera/worlds/actors/imp_mischief.png remapped: res://assets/opera/worlds/actors/imp_mischief.png
Loading resource: res://.godot/imported/imp_mischief.png-2aa91762cfa121884fd7c941a480cd75.s3tc.ctex remapped: res://.godot/imported/imp_mischief.png-2aa91762cfa121884fd7c941a480cd75.s3tc.ctex
Completed load for: 'res://assets/opera/worlds/actors/imp_mischief.png' remapped 'res://assets/opera/worlds/actors/imp_mischief.png' at thread -1
Loading resource: res://assets/opera/worlds/actors/imp_mischief_windup.png remapped: res://assets/opera/worlds/actors/imp_mischief_windup.png
Loading resource: res://.godot/imported/imp_mischief_windup.png-27644fd709fe5393e0a8caad88b075b6.s3tc.ctex remapped: res://.godot/imported/imp_mischief_windup.png-27644fd709fe5393e0a8caad88b075b6.s3tc.ctex
Completed load for: 'res://assets/opera/worlds/actors/imp_mischief_windup.png' remapped 'res://assets/opera/worlds/actors/imp_mischief_windup.png' at thread -1
Loading resource: res://assets/opera/worlds/actors/imp_mischief_charge.png remapped: res://assets/opera/worlds/actors/imp_mischief_charge.png
Loading resource: res://.godot/imported/imp_mischief_charge.png-7651fd8a67674c1425677cc73b08a982.s3tc.ctex remapped: res://.godot/imported/imp_mischief_charge.png-7651fd8a67674c1425677cc73b08a982.s3tc.ctex
Completed load for: 'res://assets/opera/worlds/actors/imp_mischief_charge.png' remapped 'res://assets/opera/worlds/actors/imp_mischief_charge.png' at thread -1
Loading resource: res://assets/opera/worlds/actors/imp_mischief_slash.png remapped: res://assets/opera/worlds/actors/imp_mischief_slash.png
Loading resource: res://.godot/imported/imp_mischief_slash.png-feef3a7d575df712da4960aea92d00eb.s3tc.ctex remapped: res://.godot/imported/imp_mischief_slash.png-feef3a7d575df712da4960aea92d00eb.s3tc.ctex
Completed load for: 'res://assets/opera/worlds/actors/imp_mischief_slash.png' remapped 'res://assets/opera/worlds/actors/imp_mischief_slash.png' at thread -1
Loading resource: res://assets/opera/worlds/actors/imp_mischief_recover.png remapped: res://assets/opera/worlds/actors/imp_mischief_recover.png
Loading resource: res://.godot/imported/imp_mischief_recover.png-9993ae96041a390c9d56b99855a20323.s3tc.ctex remapped: res://.godot/imported/imp_mischief_recover.png-9993ae96041a390c9d56b99855a20323.s3tc.ctex
Completed load for: 'res://assets/opera/worlds/actors/imp_mischief_recover.png' remapped 'res://assets/opera/worlds/actors/imp_mischief_recover.png' at thread -1
Loading resource: res://assets/opera/worlds/actors/imp_mischief_guard.png remapped: res://assets/opera/worlds/actors/imp_mischief_guard.png
Loading resource: res://.godot/imported/imp_mischief_guard.png-e0b51eb2c2b687acd70ab7e0486431b4.s3tc.ctex remapped: res://.godot/imported/imp_mischief_guard.png-e0b51eb2c2b687acd70ab7e0486431b4.s3tc.ctex
Completed load for: 'res://assets/opera/worlds/actors/imp_mischief_guard.png' remapped 'res://assets/opera/worlds/actors/imp_mischief_guard.png' at thread -1
Loading resource: res://assets/opera/worlds/actors/imp_mischief_stagger.png remapped: res://assets/opera/worlds/actors/imp_mischief_stagger.png
Loading resource: res://.godot/imported/imp_mischief_stagger.png-deb400ff054c7a4631756e74bc75bffe.s3tc.ctex remapped: res://.godot/imported/imp_mischief_stagger.png-deb400ff054c7a4631756e74bc75bffe.s3tc.ctex
Completed load for: 'res://assets/opera/worlds/actors/imp_mischief_stagger.png' remapped 'res://assets/opera/worlds/actors/imp_mischief_stagger.png' at thread -1
Loading resource: res://assets/opera/worlds/actors/imp_mischief_flee.png remapped: res://assets/opera/worlds/actors/imp_mischief_flee.png
Loading resource: res://.godot/imported/imp_mischief_flee.png-75ab59cf13833ac1972e0ab1614b4de8.s3tc.ctex remapped: res://.godot/imported/imp_mischief_flee.png-75ab59cf13833ac1972e0ab1614b4de8.s3tc.ctex
Completed load for: 'res://assets/opera/worlds/actors/imp_mischief_flee.png' remapped 'res://assets/opera/worlds/actors/imp_mischief_flee.png' at thread -1
Loading resource: res://assets/opera/worlds/actors/imp_mischief_taunt.png remapped: res://assets/opera/worlds/actors/imp_mischief_taunt.png
Loading resource: res://.godot/imported/imp_mischief_taunt.png-a891d360a40c9485aea56227a041d6c9.s3tc.ctex remapped: res://.godot/imported/imp_mischief_taunt.png-a891d360a40c9485aea56227a041d6c9.s3tc.ctex
Completed load for: 'res://assets/opera/worlds/actors/imp_mischief_taunt.png' remapped 'res://assets/opera/worlds/actors/imp_mischief_taunt.png' at thread -1
Loading resource: res://assets/opera/worlds/actors/imp_mischief_bopped.png remapped: res://assets/opera/worlds/actors/imp_mischief_bopped.png
Loading resource: res://.godot/imported/imp_mischief_bopped.png-276c2d81098a757a1274ef356d58e20d.s3tc.ctex remapped: res://.godot/imported/imp_mischief_bopped.png-276c2d81098a757a1274ef356d58e20d.s3tc.ctex
Completed load for: 'res://assets/opera/worlds/actors/imp_mischief_bopped.png' remapped 'res://assets/opera/worlds/actors/imp_mischief_bopped.png' at thread -1
Loading resource: res://assets/opera/worlds/actors/imp_captain.png remapped: res://assets/opera/worlds/actors/imp_captain.png
Loading resource: res://.godot/imported/imp_captain.png-e46cb032a0f4e73284cb41534b78dba6.s3tc.ctex remapped: res://.godot/imported/imp_captain.png-e46cb032a0f4e73284cb41534b78dba6.s3tc.ctex
Completed load for: 'res://assets/opera/worlds/actors/imp_captain.png' remapped 'res://assets/opera/worlds/actors/imp_captain.png' at thread -1
Loading resource: res://assets/opera/worlds/actors/imp_captain_windup.png remapped: res://assets/opera/worlds/actors/imp_captain_windup.png
Loading resource: res://.godot/imported/imp_captain_windup.png-8943ae388fceff3a2b93abea186ce701.s3tc.ctex remapped: res://.godot/imported/imp_captain_windup.png-8943ae388fceff3a2b93abea186ce701.s3tc.ctex
Completed load for: 'res://assets/opera/worlds/actors/imp_captain_windup.png' remapped 'res://assets/opera/worlds/actors/imp_captain_windup.png' at thread -1
Loading resource: res://assets/opera/worlds/actors/imp_captain_charge.png remapped: res://assets/opera/worlds/actors/imp_captain_charge.png
Loading resource: res://.godot/imported/imp_captain_charge.png-ca0f6b738d6b7acf2d7d62bda85c3ee9.s3tc.ctex remapped: res://.godot/imported/imp_captain_charge.png-ca0f6b738d6b7acf2d7d62bda85c3ee9.s3tc.ctex
Completed load for: 'res://assets/opera/worlds/actors/imp_captain_charge.png' remapped 'res://assets/opera/worlds/actors/imp_captain_charge.png' at thread -1
Loading resource: res://assets/opera/worlds/actors/imp_captain_slash.png remapped: res://assets/opera/worlds/actors/imp_captain_slash.png
Loading resource: res://.godot/imported/imp_captain_slash.png-c2f505657f2b06bee95b1e51e1c49129.s3tc.ctex remapped: res://.godot/imported/imp_captain_slash.png-c2f505657f2b06bee95b1e51e1c49129.s3tc.ctex
Completed load for: 'res://assets/opera/worlds/actors/imp_captain_slash.png' remapped 'res://assets/opera/worlds/actors/imp_captain_slash.png' at thread -1
Loading resource: res://assets/opera/worlds/actors/imp_captain_recover.png remapped: res://assets/opera/worlds/actors/imp_captain_recover.png
Loading resource: res://.godot/imported/imp_captain_recover.png-542263c7b6fc37fb29210456149073b0.s3tc.ctex remapped: res://.godot/imported/imp_captain_recover.png-542263c7b6fc37fb29210456149073b0.s3tc.ctex
Completed load for: 'res://assets/opera/worlds/actors/imp_captain_recover.png' remapped 'res://assets/opera/worlds/actors/imp_captain_recover.png' at thread -1
Loading resource: res://assets/opera/worlds/actors/imp_captain_guard.png remapped: res://assets/opera/worlds/actors/imp_captain_guard.png
Loading resource: res://.godot/imported/imp_captain_guard.png-e89585bc394d3dca313907cb2224501f.s3tc.ctex remapped: res://.godot/imported/imp_captain_guard.png-e89585bc394d3dca313907cb2224501f.s3tc.ctex
Completed load for: 'res://assets/opera/worlds/actors/imp_captain_guard.png' remapped 'res://assets/opera/worlds/actors/imp_captain_guard.png' at thread -1
Loading resource: res://assets/opera/worlds/actors/imp_captain_stagger.png remapped: res://assets/opera/worlds/actors/imp_captain_stagger.png
Loading resource: res://.godot/imported/imp_captain_stagger.png-f0d86df4f11e14a3c5b3094eb10f0acb.s3tc.ctex remapped: res://.godot/imported/imp_captain_stagger.png-f0d86df4f11e14a3c5b3094eb10f0acb.s3tc.ctex
Completed load for: 'res://assets/opera/worlds/actors/imp_captain_stagger.png' remapped 'res://assets/opera/worlds/actors/imp_captain_stagger.png' at thread -1
Loading resource: res://assets/opera/worlds/actors/imp_captain_flee.png remapped: res://assets/opera/worlds/actors/imp_captain_flee.png
Loading resource: res://.godot/imported/imp_captain_flee.png-10494cd923c0d79bdd4a59cef42f4027.s3tc.ctex remapped: res://.godot/imported/imp_captain_flee.png-10494cd923c0d79bdd4a59cef42f4027.s3tc.ctex
Completed load for: 'res://assets/opera/worlds/actors/imp_captain_flee.png' remapped 'res://assets/opera/worlds/actors/imp_captain_flee.png' at thread -1
Loading resource: res://assets/opera/worlds/actors/imp_captain_taunt.png remapped: res://assets/opera/worlds/actors/imp_captain_taunt.png
Loading resource: res://.godot/imported/imp_captain_taunt.png-954edfe43d7f3d0d339d9dcee7736514.s3tc.ctex remapped: res://.godot/imported/imp_captain_taunt.png-954edfe43d7f3d0d339d9dcee7736514.s3tc.ctex
Completed load for: 'res://assets/opera/worlds/actors/imp_captain_taunt.png' remapped 'res://assets/opera/worlds/actors/imp_captain_taunt.png' at thread -1
Loading resource: res://assets/opera/worlds/actors/imp_captain_bopped.png remapped: res://assets/opera/worlds/actors/imp_captain_bopped.png
Loading resource: res://.godot/imported/imp_captain_bopped.png-7b18e453603e8a4113fd2cbb62ded9b6.s3tc.ctex remapped: res://.godot/imported/imp_captain_bopped.png-7b18e453603e8a4113fd2cbb62ded9b6.s3tc.ctex
Completed load for: 'res://assets/opera/worlds/actors/imp_captain_bopped.png' remapped 'res://assets/opera/worlds/actors/imp_captain_bopped.png' at thread -1
Loading resource: res://assets/opera/worlds/widgets/widget_pour_chef_mover.png remapped: res://assets/opera/worlds/widgets/widget_pour_chef_mover.png
Loading resource: res://.godot/imported/widget_pour_chef_mover.png-93e22fb06eb104e0ace859c262820176.s3tc.ctex remapped: res://.godot/imported/widget_pour_chef_mover.png-93e22fb06eb104e0ace859c262820176.s3tc.ctex
Completed load for: 'res://assets/opera/worlds/widgets/widget_pour_chef_mover.png' remapped 'res://assets/opera/worlds/widgets/widget_pour_chef_mover.png' at thread -1
Loading resource: res://assets/opera/worlds/widgets/widget_pour_chef_fill.png remapped: res://assets/opera/worlds/widgets/widget_pour_chef_fill.png
Loading resource: res://.godot/imported/widget_pour_chef_fill.png-cccded297e5de5e023c76be85758c2dc.ctex remapped: res://.godot/imported/widget_pour_chef_fill.png-cccded297e5de5e023c76be85758c2dc.ctex
Completed load for: 'res://assets/opera/worlds/widgets/widget_pour_chef_fill.png' remapped 'res://assets/opera/worlds/widgets/widget_pour_chef_fill.png' at thread -1
CHAPTER2_FARMER_RESUME|Chef saved mask 7f owns a healed, complete POT backdrop: OK
CHAPTER2_FARMER_RESUME|Chef saved mask 7f has one physical cake state: OK
CHAPTER2_FARMER_RESUME|Hidden rack rows release stale baked textures: OK
CHAPTER2_FARMER_RESUME|Saved batter or cake contacts its own cleared physical support: OK
CHAPTER2_FARMER_RESUME|Chef saved mask 7f cannot advance without a child action: OK
Loading resource: res://assets/opera/worlds/ui/magnifier.png remapped: res://assets/opera/worlds/ui/magnifier.png
Loading resource: res://.godot/imported/magnifier.png-def06d7a41c5772f787cbecf1fb0c089.s3tc.ctex remapped: res://.godot/imported/magnifier.png-def06d7a41c5772f787cbecf1fb0c089.s3tc.ctex
Completed load for: 'res://assets/opera/worlds/ui/magnifier.png' remapped 'res://assets/opera/worlds/ui/magnifier.png' at thread -1
Loading resource: res://assets/opera/worlds/backdrops/world_chef.png remapped: res://assets/opera/worlds/backdrops/world_chef.png
Loading resource: res://.godot/imported/world_chef.png-ef6ca0dee3242fe8c57ffeff3f7a3325.ctex remapped: res://.godot/imported/world_chef.png-ef6ca0dee3242fe8c57ffeff3f7a3325.ctex
Completed load for: 'res://assets/opera/worlds/backdrops/world_chef.png' remapped 'res://assets/opera/worlds/backdrops/world_chef.png' at thread -1
Loading resource: res://assets/opera/worlds/backdrops/chef_story_clean_v1/world_chef_c0r0.png remapped: res://assets/opera/worlds/backdrops/chef_story_clean_v1/world_chef_c0r0.png
Loading resource: res://.godot/imported/world_chef_c0r0.png-0ece24d10e6f92afefe881c990eca893.s3tc.ctex remapped: res://.godot/imported/world_chef_c0r0.png-0ece24d10e6f92afefe881c990eca893.s3tc.ctex
Completed load for: 'res://assets/opera/worlds/backdrops/chef_story_clean_v1/world_chef_c0r0.png' remapped 'res://assets/opera/worlds/backdrops/chef_story_clean_v1/world_chef_c0r0.png' at thread -1
Loading resource: res://assets/opera/worlds/backdrops/chef_story_clean_v1/world_chef_c1r0.png remapped: res://assets/opera/worlds/backdrops/chef_story_clean_v1/world_chef_c1r0.png
Loading resource: res://.godot/imported/world_chef_c1r0.png-b86b61ecf9b65721574a81cb630d2ede.s3tc.ctex remapped: res://.godot/imported/world_chef_c1r0.png-b86b61ecf9b65721574a81cb630d2ede.s3tc.ctex
Completed load for: 'res://assets/opera/worlds/backdrops/chef_story_clean_v1/world_chef_c1r0.png' remapped 'res://assets/opera/worlds/backdrops/chef_story_clean_v1/world_chef_c1r0.png' at thread -1
Loading resource: res://assets/opera/worlds/backdrops/chef_story_clean_v1/world_chef_c0r1.png remapped: res://assets/opera/worlds/backdrops/chef_story_clean_v1/world_chef_c0r1.png
Loading resource: res://.godot/imported/world_chef_c0r1.png-6019a3e1b274d569c3088830cef4729b.s3tc.ctex remapped: res://.godot/imported/world_chef_c0r1.png-6019a3e1b274d569c3088830cef4729b.s3tc.ctex
Completed load for: 'res://assets/opera/worlds/backdrops/chef_story_clean_v1/world_chef_c0r1.png' remapped 'res://assets/opera/worlds/backdrops/chef_story_clean_v1/world_chef_c0r1.png' at thread -1
Loading resource: res://assets/opera/worlds/backdrops/chef_story_clean_v1/world_chef_c1r1.png remapped: res://assets/opera/worlds/backdrops/chef_story_clean_v1/world_chef_c1r1.png
Loading resource: res://.godot/imported/world_chef_c1r1.png-086c7fbfc39327d6bf09dea116fbb824.s3tc.ctex remapped: res://.godot/imported/world_chef_c1r1.png-086c7fbfc39327d6bf09dea116fbb824.s3tc.ctex
Completed load for: 'res://assets/opera/worlds/backdrops/chef_story_clean_v1/world_chef_c1r1.png' remapped 'res://assets/opera/worlds/backdrops/chef_story_clean_v1/world_chef_c1r1.png' at thread -1
Loading resource: res://assets/opera/worlds/backdrops/stage_chef_c0r0.png remapped: res://assets/opera/worlds/backdrops/stage_chef_c0r0.png
Loading resource: res://.godot/imported/stage_chef_c0r0.png-cc29211ddce9c8eb5ea02bb2f004767f.s3tc.ctex remapped: res://.godot/imported/stage_chef_c0r0.png-cc29211ddce9c8eb5ea02bb2f004767f.s3tc.ctex
Completed load for: 'res://assets/opera/worlds/backdrops/stage_chef_c0r0.png' remapped 'res://assets/opera/worlds/backdrops/stage_chef_c0r0.png' at thread -1
Loading resource: res://assets/opera/worlds/backdrops/stage_chef_c1r0.png remapped: res://assets/opera/worlds/backdrops/stage_chef_c1r0.png
Loading resource: res://.godot/imported/stage_chef_c1r0.png-192ef867e0aaac991da08dfe0b268abb.s3tc.ctex remapped: res://.godot/imported/stage_chef_c1r0.png-192ef867e0aaac991da08dfe0b268abb.s3tc.ctex
Completed load for: 'res://assets/opera/worlds/backdrops/stage_chef_c1r0.png' remapped 'res://assets/opera/worlds/backdrops/stage_chef_c1r0.png' at thread -1
Loading resource: res://assets/opera/worlds/backdrops/stage_chef_c0r1.png remapped: res://assets/opera/worlds/backdrops/stage_chef_c0r1.png
Loading resource: res://.godot/imported/stage_chef_c0r1.png-fa08fc12d8940ebdcaaf79672c5e43a3.s3tc.ctex remapped: res://.godot/imported/stage_chef_c0r1.png-fa08fc12d8940ebdcaaf79672c5e43a3.s3tc.ctex
Completed load for: 'res://assets/opera/worlds/backdrops/stage_chef_c0r1.png' remapped 'res://assets/opera/worlds/backdrops/stage_chef_c0r1.png' at thread -1
Loading resource: res://assets/opera/worlds/backdrops/stage_chef_c1r1.png remapped: res://assets/opera/worlds/backdrops/stage_chef_c1r1.png
Loading resource: res://.godot/imported/stage_chef_c1r1.png-205194b94ea589b7253dce7b86e817a7.s3tc.ctex remapped: res://.godot/imported/stage_chef_c1r1.png-205194b94ea589b7253dce7b86e817a7.s3tc.ctex
Completed load for: 'res://assets/opera/worlds/backdrops/stage_chef_c1r1.png' remapped 'res://assets/opera/worlds/backdrops/stage_chef_c1r1.png' at thread -1
Loading resource: res://assets/chapter2/birthday/chapter2_chef_baked_tiers_unstacked.png remapped: res://assets/chapter2/birthday/chapter2_chef_baked_tiers_unstacked.png
Loading resource: res://.godot/imported/chapter2_chef_baked_tiers_unstacked.png-61b77c80f512d1b7982c44f08b0efc86.ctex remapped: res://.godot/imported/chapter2_chef_baked_tiers_unstacked.png-61b77c80f512d1b7982c44f08b0efc86.ctex
Completed load for: 'res://assets/chapter2/birthday/chapter2_chef_baked_tiers_unstacked.png' remapped 'res://assets/chapter2/birthday/chapter2_chef_baked_tiers_unstacked.png' at thread -1
Loading resource: res://assets/opera/worlds/actors/roshan_chef.png remapped: res://assets/opera/worlds/actors/roshan_chef.png
Loading resource: res://.godot/imported/roshan_chef.png-bc782154b95629319a4783a7946abf7a.s3tc.ctex remapped: res://.godot/imported/roshan_chef.png-bc782154b95629319a4783a7946abf7a.s3tc.ctex
Completed load for: 'res://assets/opera/worlds/actors/roshan_chef.png' remapped 'res://assets/opera/worlds/actors/roshan_chef.png' at thread -1
Loading resource: res://assets/opera/worlds/actors/animation/roshan_chef_sheet_a.png remapped: res://assets/opera/worlds/actors/animation/roshan_chef_sheet_a.png
Loading resource: res://.godot/imported/roshan_chef_sheet_a.png-4ec4a75ade66f00d68e03c6b5e93b0ec.ctex remapped: res://.godot/imported/roshan_chef_sheet_a.png-4ec4a75ade66f00d68e03c6b5e93b0ec.ctex
Completed load for: 'res://assets/opera/worlds/actors/animation/roshan_chef_sheet_a.png' remapped 'res://assets/opera/worlds/actors/animation/roshan_chef_sheet_a.png' at thread -1
Loading resource: res://assets/opera/worlds/actors/rival_chef.png remapped: res://assets/opera/worlds/actors/rival_chef.png
Loading resource: res://.godot/imported/rival_chef.png-2eef5f226867e382a410b29d539aa19d.s3tc.ctex remapped: res://.godot/imported/rival_chef.png-2eef5f226867e382a410b29d539aa19d.s3tc.ctex
Completed load for: 'res://assets/opera/worlds/actors/rival_chef.png' remapped 'res://assets/opera/worlds/actors/rival_chef.png' at thread -1
Loading resource: res://assets/opera/worlds/props/fx_bop_puff.png remapped: res://assets/opera/worlds/props/fx_bop_puff.png
Loading resource: res://.godot/imported/fx_bop_puff.png-44d6a8b8f3875802302bda4fdd154827.s3tc.ctex remapped: res://.godot/imported/fx_bop_puff.png-44d6a8b8f3875802302bda4fdd154827.s3tc.ctex
Completed load for: 'res://assets/opera/worlds/props/fx_bop_puff.png' remapped 'res://assets/opera/worlds/props/fx_bop_puff.png' at thread -1
Loading resource: res://assets/opera/worlds/actors/imp_mischief.png remapped: res://assets/opera/worlds/actors/imp_mischief.png
Loading resource: res://.godot/imported/imp_mischief.png-2aa91762cfa121884fd7c941a480cd75.s3tc.ctex remapped: res://.godot/imported/imp_mischief.png-2aa91762cfa121884fd7c941a480cd75.s3tc.ctex
Completed load for: 'res://assets/opera/worlds/actors/imp_mischief.png' remapped 'res://assets/opera/worlds/actors/imp_mischief.png' at thread -1
Loading resource: res://assets/opera/worlds/actors/imp_mischief_bopped.png remapped: res://assets/opera/worlds/actors/imp_mischief_bopped.png
Loading resource: res://.godot/imported/imp_mischief_bopped.png-276c2d81098a757a1274ef356d58e20d.s3tc.ctex remapped: res://.godot/imported/imp_mischief_bopped.png-276c2d81098a757a1274ef356d58e20d.s3tc.ctex
Completed load for: 'res://assets/opera/worlds/actors/imp_mischief_bopped.png' remapped 'res://assets/opera/worlds/actors/imp_mischief_bopped.png' at thread -1
Loading resource: res://assets/opera/worlds/actors/imp_mischief_bow.png remapped: res://assets/opera/worlds/actors/imp_mischief_bow.png
Loading resource: res://.godot/imported/imp_mischief_bow.png-643f90847c4113e6a65aff5fa7b6c3e8.s3tc.ctex remapped: res://.godot/imported/imp_mischief_bow.png-643f90847c4113e6a65aff5fa7b6c3e8.s3tc.ctex
Completed load for: 'res://assets/opera/worlds/actors/imp_mischief_bow.png' remapped 'res://assets/opera/worlds/actors/imp_mischief_bow.png' at thread -1
Loading resource: res://assets/opera/worlds/actors/imp_captain.png remapped: res://assets/opera/worlds/actors/imp_captain.png
Loading resource: res://.godot/imported/imp_captain.png-e46cb032a0f4e73284cb41534b78dba6.s3tc.ctex remapped: res://.godot/imported/imp_captain.png-e46cb032a0f4e73284cb41534b78dba6.s3tc.ctex
Completed load for: 'res://assets/opera/worlds/actors/imp_captain.png' remapped 'res://assets/opera/worlds/actors/imp_captain.png' at thread -1
Loading resource: res://assets/opera/worlds/actors/imp_captain_bopped.png remapped: res://assets/opera/worlds/actors/imp_captain_bopped.png
Loading resource: res://.godot/imported/imp_captain_bopped.png-7b18e453603e8a4113fd2cbb62ded9b6.s3tc.ctex remapped: res://.godot/imported/imp_captain_bopped.png-7b18e453603e8a4113fd2cbb62ded9b6.s3tc.ctex
Completed load for: 'res://assets/opera/worlds/actors/imp_captain_bopped.png' remapped 'res://assets/opera/worlds/actors/imp_captain_bopped.png' at thread -1
Loading resource: res://assets/opera/worlds/actors/imp_captain_bow.png remapped: res://assets/opera/worlds/actors/imp_captain_bow.png
Loading resource: res://.godot/imported/imp_captain_bow.png-12497944600f3a910cccf5033db21fec.s3tc.ctex remapped: res://.godot/imported/imp_captain_bow.png-12497944600f3a910cccf5033db21fec.s3tc.ctex
Completed load for: 'res://assets/opera/worlds/actors/imp_captain_bow.png' remapped 'res://assets/opera/worlds/actors/imp_captain_bow.png' at thread -1
Loading resource: res://assets/opera/worlds/props/fx_telegraph_ring.png remapped: res://assets/opera/worlds/props/fx_telegraph_ring.png
Loading resource: res://.godot/imported/fx_telegraph_ring.png-a5607cfab59aaf797e0ebc0e0d630b71.s3tc.ctex remapped: res://.godot/imported/fx_telegraph_ring.png-a5607cfab59aaf797e0ebc0e0d630b71.s3tc.ctex
Completed load for: 'res://assets/opera/worlds/props/fx_telegraph_ring.png' remapped 'res://assets/opera/worlds/props/fx_telegraph_ring.png' at thread -1
Loading resource: res://assets/opera/worlds/props/fx_telegraph_bang.png remapped: res://assets/opera/worlds/props/fx_telegraph_bang.png
Loading resource: res://.godot/imported/fx_telegraph_bang.png-5e57510f37f0277a1436815b2f5303f5.s3tc.ctex remapped: res://.godot/imported/fx_telegraph_bang.png-5e57510f37f0277a1436815b2f5303f5.s3tc.ctex
Completed load for: 'res://assets/opera/worlds/props/fx_telegraph_bang.png' remapped 'res://assets/opera/worlds/props/fx_telegraph_bang.png' at thread -1
Loading resource: res://assets/opera/worlds/props/fx_slash_arc.png remapped: res://assets/opera/worlds/props/fx_slash_arc.png
Loading resource: res://.godot/imported/fx_slash_arc.png-06c01e57545f44970f1e9749d78c8c7b.s3tc.ctex remapped: res://.godot/imported/fx_slash_arc.png-06c01e57545f44970f1e9749d78c8c7b.s3tc.ctex
Completed load for: 'res://assets/opera/worlds/props/fx_slash_arc.png' remapped 'res://assets/opera/worlds/props/fx_slash_arc.png' at thread -1
Loading resource: res://assets/opera/worlds/props/fx_dizzy_stars.png remapped: res://assets/opera/worlds/props/fx_dizzy_stars.png
Loading resource: res://.godot/imported/fx_dizzy_stars.png-e249bf547dbb4ae001be7738fcb2de24.s3tc.ctex remapped: res://.godot/imported/fx_dizzy_stars.png-e249bf547dbb4ae001be7738fcb2de24.s3tc.ctex
Completed load for: 'res://assets/opera/worlds/props/fx_dizzy_stars.png' remapped 'res://assets/opera/worlds/props/fx_dizzy_stars.png' at thread -1
Loading resource: res://assets/opera/worlds/actors/rival_chef_bopped.png remapped: res://assets/opera/worlds/actors/rival_chef_bopped.png
Loading resource: res://.godot/imported/rival_chef_bopped.png-a958e09708c682c295f572716a60e912.s3tc.ctex remapped: res://.godot/imported/rival_chef_bopped.png-a958e09708c682c295f572716a60e912.s3tc.ctex
Completed load for: 'res://assets/opera/worlds/actors/rival_chef_bopped.png' remapped 'res://assets/opera/worlds/actors/rival_chef_bopped.png' at thread -1
Loading resource: res://assets/opera/worlds/actors/rival_chef_windup.png remapped: res://assets/opera/worlds/actors/rival_chef_windup.png
Loading resource: res://.godot/imported/rival_chef_windup.png-f9813cf59d06c30dd766049c9c0390da.s3tc.ctex remapped: res://.godot/imported/rival_chef_windup.png-f9813cf59d06c30dd766049c9c0390da.s3tc.ctex
Completed load for: 'res://assets/opera/worlds/actors/rival_chef_windup.png' remapped 'res://assets/opera/worlds/actors/rival_chef_windup.png' at thread -1
Loading resource: res://assets/opera/worlds/actors/rival_chef_charge.png remapped: res://assets/opera/worlds/actors/rival_chef_charge.png
Loading resource: res://.godot/imported/rival_chef_charge.png-b77b9ce0ecdb43770202bb02ab20497c.s3tc.ctex remapped: res://.godot/imported/rival_chef_charge.png-b77b9ce0ecdb43770202bb02ab20497c.s3tc.ctex
Completed load for: 'res://assets/opera/worlds/actors/rival_chef_charge.png' remapped 'res://assets/opera/worlds/actors/rival_chef_charge.png' at thread -1
Loading resource: res://assets/opera/worlds/actors/rival_chef_slash.png remapped: res://assets/opera/worlds/actors/rival_chef_slash.png
Loading resource: res://.godot/imported/rival_chef_slash.png-86d13b64a3548479071cb37cba647d50.s3tc.ctex remapped: res://.godot/imported/rival_chef_slash.png-86d13b64a3548479071cb37cba647d50.s3tc.ctex
Completed load for: 'res://assets/opera/worlds/actors/rival_chef_slash.png' remapped 'res://assets/opera/worlds/actors/rival_chef_slash.png' at thread -1
Loading resource: res://assets/opera/worlds/actors/rival_chef_recover.png remapped: res://assets/opera/worlds/actors/rival_chef_recover.png
Loading resource: res://.godot/imported/rival_chef_recover.png-ce8a2f6ee2a0834a6a528e42ac87cdee.s3tc.ctex remapped: res://.godot/imported/rival_chef_recover.png-ce8a2f6ee2a0834a6a528e42ac87cdee.s3tc.ctex
Completed load for: 'res://assets/opera/worlds/actors/rival_chef_recover.png' remapped 'res://assets/opera/worlds/actors/rival_chef_recover.png' at thread -1
Loading resource: res://assets/opera/worlds/actors/rival_chef_guard.png remapped: res://assets/opera/worlds/actors/rival_chef_guard.png
Loading resource: res://.godot/imported/rival_chef_guard.png-681802d5b3c14a74967dc098c77c2d70.s3tc.ctex remapped: res://.godot/imported/rival_chef_guard.png-681802d5b3c14a74967dc098c77c2d70.s3tc.ctex
Completed load for: 'res://assets/opera/worlds/actors/rival_chef_guard.png' remapped 'res://assets/opera/worlds/actors/rival_chef_guard.png' at thread -1
Loading resource: res://assets/opera/worlds/actors/rival_chef_stagger.png remapped: res://assets/opera/worlds/actors/rival_chef_stagger.png
Loading resource: res://.godot/imported/rival_chef_stagger.png-4483fdfb538c0c6a8121e30fbfc2dc4a.s3tc.ctex remapped: res://.godot/imported/rival_chef_stagger.png-4483fdfb538c0c6a8121e30fbfc2dc4a.s3tc.ctex
Completed load for: 'res://assets/opera/worlds/actors/rival_chef_stagger.png' remapped 'res://assets/opera/worlds/actors/rival_chef_stagger.png' at thread -1
Loading resource: res://assets/opera/worlds/actors/rival_chef_flee.png remapped: res://assets/opera/worlds/actors/rival_chef_flee.png
Loading resource: res://.godot/imported/rival_chef_flee.png-ac12146f9cc2e3eb85aa4951d735fdc8.s3tc.ctex remapped: res://.godot/imported/rival_chef_flee.png-ac12146f9cc2e3eb85aa4951d735fdc8.s3tc.ctex
Completed load for: 'res://assets/opera/worlds/actors/rival_chef_flee.png' remapped 'res://assets/opera/worlds/actors/rival_chef_flee.png' at thread -1
Loading resource: res://assets/opera/worlds/actors/rival_chef_taunt.png remapped: res://assets/opera/worlds/actors/rival_chef_taunt.png
Loading resource: res://.godot/imported/rival_chef_taunt.png-31a97cb0e4c18955a4e497a7d2acdb22.s3tc.ctex remapped: res://.godot/imported/rival_chef_taunt.png-31a97cb0e4c18955a4e497a7d2acdb22.s3tc.ctex
Completed load for: 'res://assets/opera/worlds/actors/rival_chef_taunt.png' remapped 'res://assets/opera/worlds/actors/rival_chef_taunt.png' at thread -1
Loading resource: res://assets/opera/worlds/actors/rival_chef_hop_a.png remapped: res://assets/opera/worlds/actors/rival_chef_hop_a.png
Loading resource: res://.godot/imported/rival_chef_hop_a.png-4ee494dffb2a86f7acfc727f379b7305.s3tc.ctex remapped: res://.godot/imported/rival_chef_hop_a.png-4ee494dffb2a86f7acfc727f379b7305.s3tc.ctex
Completed load for: 'res://assets/opera/worlds/actors/rival_chef_hop_a.png' remapped 'res://assets/opera/worlds/actors/rival_chef_hop_a.png' at thread -1
Loading resource: res://assets/opera/worlds/actors/rival_chef_hop_b.png remapped: res://assets/opera/worlds/actors/rival_chef_hop_b.png
Loading resource: res://.godot/imported/rival_chef_hop_b.png-c61e03499b064c3a7c8b04685a205bfd.s3tc.ctex remapped: res://.godot/imported/rival_chef_hop_b.png-c61e03499b064c3a7c8b04685a205bfd.s3tc.ctex
Completed load for: 'res://assets/opera/worlds/actors/rival_chef_hop_b.png' remapped 'res://assets/opera/worlds/actors/rival_chef_hop_b.png' at thread -1
Loading resource: res://assets/opera/worlds/actors/rival_chef_bow.png remapped: res://assets/opera/worlds/actors/rival_chef_bow.png
Loading resource: res://.godot/imported/rival_chef_bow.png-d2fd6fc40f5a42e5f64d3d1f0c6a3a4e.s3tc.ctex remapped: res://.godot/imported/rival_chef_bow.png-d2fd6fc40f5a42e5f64d3d1f0c6a3a4e.s3tc.ctex
Completed load for: 'res://assets/opera/worlds/actors/rival_chef_bow.png' remapped 'res://assets/opera/worlds/actors/rival_chef_bow.png' at thread -1
Loading resource: res://assets/opera/worlds/actors/imp_mischief.png remapped: res://assets/opera/worlds/actors/imp_mischief.png
Loading resource: res://.godot/imported/imp_mischief.png-2aa91762cfa121884fd7c941a480cd75.s3tc.ctex remapped: res://.godot/imported/imp_mischief.png-2aa91762cfa121884fd7c941a480cd75.s3tc.ctex
Completed load for: 'res://assets/opera/worlds/actors/imp_mischief.png' remapped 'res://assets/opera/worlds/actors/imp_mischief.png' at thread -1
Loading resource: res://assets/opera/worlds/actors/imp_mischief_windup.png remapped: res://assets/opera/worlds/actors/imp_mischief_windup.png
Loading resource: res://.godot/imported/imp_mischief_windup.png-27644fd709fe5393e0a8caad88b075b6.s3tc.ctex remapped: res://.godot/imported/imp_mischief_windup.png-27644fd709fe5393e0a8caad88b075b6.s3tc.ctex
Completed load for: 'res://assets/opera/worlds/actors/imp_mischief_windup.png' remapped 'res://assets/opera/worlds/actors/imp_mischief_windup.png' at thread -1
Loading resource: res://assets/opera/worlds/actors/imp_mischief_charge.png remapped: res://assets/opera/worlds/actors/imp_mischief_charge.png
Loading resource: res://.godot/imported/imp_mischief_charge.png-7651fd8a67674c1425677cc73b08a982.s3tc.ctex remapped: res://.godot/imported/imp_mischief_charge.png-7651fd8a67674c1425677cc73b08a982.s3tc.ctex
Completed load for: 'res://assets/opera/worlds/actors/imp_mischief_charge.png' remapped 'res://assets/opera/worlds/actors/imp_mischief_charge.png' at thread -1
Loading resource: res://assets/opera/worlds/actors/imp_mischief_slash.png remapped: res://assets/opera/worlds/actors/imp_mischief_slash.png
Loading resource: res://.godot/imported/imp_mischief_slash.png-feef3a7d575df712da4960aea92d00eb.s3tc.ctex remapped: res://.godot/imported/imp_mischief_slash.png-feef3a7d575df712da4960aea92d00eb.s3tc.ctex
Completed load for: 'res://assets/opera/worlds/actors/imp_mischief_slash.png' remapped 'res://assets/opera/worlds/actors/imp_mischief_slash.png' at thread -1
Loading resource: res://assets/opera/worlds/actors/imp_mischief_recover.png remapped: res://assets/opera/worlds/actors/imp_mischief_recover.png
Loading resource: res://.godot/imported/imp_mischief_recover.png-9993ae96041a390c9d56b99855a20323.s3tc.ctex remapped: res://.godot/imported/imp_mischief_recover.png-9993ae96041a390c9d56b99855a20323.s3tc.ctex
Completed load for: 'res://assets/opera/worlds/actors/imp_mischief_recover.png' remapped 'res://assets/opera/worlds/actors/imp_mischief_recover.png' at thread -1
Loading resource: res://assets/opera/worlds/actors/imp_mischief_guard.png remapped: res://assets/opera/worlds/actors/imp_mischief_guard.png
Loading resource: res://.godot/imported/imp_mischief_guard.png-e0b51eb2c2b687acd70ab7e0486431b4.s3tc.ctex remapped: res://.godot/imported/imp_mischief_guard.png-e0b51eb2c2b687acd70ab7e0486431b4.s3tc.ctex
Completed load for: 'res://assets/opera/worlds/actors/imp_mischief_guard.png' remapped 'res://assets/opera/worlds/actors/imp_mischief_guard.png' at thread -1
Loading resource: res://assets/opera/worlds/actors/imp_mischief_stagger.png remapped: res://assets/opera/worlds/actors/imp_mischief_stagger.png
Loading resource: res://.godot/imported/imp_mischief_stagger.png-deb400ff054c7a4631756e74bc75bffe.s3tc.ctex remapped: res://.godot/imported/imp_mischief_stagger.png-deb400ff054c7a4631756e74bc75bffe.s3tc.ctex
Completed load for: 'res://assets/opera/worlds/actors/imp_mischief_stagger.png' remapped 'res://assets/opera/worlds/actors/imp_mischief_stagger.png' at thread -1
Loading resource: res://assets/opera/worlds/actors/imp_mischief_flee.png remapped: res://assets/opera/worlds/actors/imp_mischief_flee.png
Loading resource: res://.godot/imported/imp_mischief_flee.png-75ab59cf13833ac1972e0ab1614b4de8.s3tc.ctex remapped: res://.godot/imported/imp_mischief_flee.png-75ab59cf13833ac1972e0ab1614b4de8.s3tc.ctex
Completed load for: 'res://assets/opera/worlds/actors/imp_mischief_flee.png' remapped 'res://assets/opera/worlds/actors/imp_mischief_flee.png' at thread -1
Loading resource: res://assets/opera/worlds/actors/imp_mischief_taunt.png remapped: res://assets/opera/worlds/actors/imp_mischief_taunt.png
Loading resource: res://.godot/imported/imp_mischief_taunt.png-a891d360a40c9485aea56227a041d6c9.s3tc.ctex remapped: res://.godot/imported/imp_mischief_taunt.png-a891d360a40c9485aea56227a041d6c9.s3tc.ctex
Completed load for: 'res://assets/opera/worlds/actors/imp_mischief_taunt.png' remapped 'res://assets/opera/worlds/actors/imp_mischief_taunt.png' at thread -1
Loading resource: res://assets/opera/worlds/actors/imp_mischief_bopped.png remapped: res://assets/opera/worlds/actors/imp_mischief_bopped.png
Loading resource: res://.godot/imported/imp_mischief_bopped.png-276c2d81098a757a1274ef356d58e20d.s3tc.ctex remapped: res://.godot/imported/imp_mischief_bopped.png-276c2d81098a757a1274ef356d58e20d.s3tc.ctex
Completed load for: 'res://assets/opera/worlds/actors/imp_mischief_bopped.png' remapped 'res://assets/opera/worlds/actors/imp_mischief_bopped.png' at thread -1
Loading resource: res://assets/opera/worlds/actors/imp_captain.png remapped: res://assets/opera/worlds/actors/imp_captain.png
Loading resource: res://.godot/imported/imp_captain.png-e46cb032a0f4e73284cb41534b78dba6.s3tc.ctex remapped: res://.godot/imported/imp_captain.png-e46cb032a0f4e73284cb41534b78dba6.s3tc.ctex
Completed load for: 'res://assets/opera/worlds/actors/imp_captain.png' remapped 'res://assets/opera/worlds/actors/imp_captain.png' at thread -1
Loading resource: res://assets/opera/worlds/actors/imp_captain_windup.png remapped: res://assets/opera/worlds/actors/imp_captain_windup.png
Loading resource: res://.godot/imported/imp_captain_windup.png-8943ae388fceff3a2b93abea186ce701.s3tc.ctex remapped: res://.godot/imported/imp_captain_windup.png-8943ae388fceff3a2b93abea186ce701.s3tc.ctex
Completed load for: 'res://assets/opera/worlds/actors/imp_captain_windup.png' remapped 'res://assets/opera/worlds/actors/imp_captain_windup.png' at thread -1
Loading resource: res://assets/opera/worlds/actors/imp_captain_charge.png remapped: res://assets/opera/worlds/actors/imp_captain_charge.png
Loading resource: res://.godot/imported/imp_captain_charge.png-ca0f6b738d6b7acf2d7d62bda85c3ee9.s3tc.ctex remapped: res://.godot/imported/imp_captain_charge.png-ca0f6b738d6b7acf2d7d62bda85c3ee9.s3tc.ctex
Completed load for: 'res://assets/opera/worlds/actors/imp_captain_charge.png' remapped 'res://assets/opera/worlds/actors/imp_captain_charge.png' at thread -1
Loading resource: res://assets/opera/worlds/actors/imp_captain_slash.png remapped: res://assets/opera/worlds/actors/imp_captain_slash.png
Loading resource: res://.godot/imported/imp_captain_slash.png-c2f505657f2b06bee95b1e51e1c49129.s3tc.ctex remapped: res://.godot/imported/imp_captain_slash.png-c2f505657f2b06bee95b1e51e1c49129.s3tc.ctex
Completed load for: 'res://assets/opera/worlds/actors/imp_captain_slash.png' remapped 'res://assets/opera/worlds/actors/imp_captain_slash.png' at thread -1
Loading resource: res://assets/opera/worlds/actors/imp_captain_recover.png remapped: res://assets/opera/worlds/actors/imp_captain_recover.png
Loading resource: res://.godot/imported/imp_captain_recover.png-542263c7b6fc37fb29210456149073b0.s3tc.ctex remapped: res://.godot/imported/imp_captain_recover.png-542263c7b6fc37fb29210456149073b0.s3tc.ctex
Completed load for: 'res://assets/opera/worlds/actors/imp_captain_recover.png' remapped 'res://assets/opera/worlds/actors/imp_captain_recover.png' at thread -1
Loading resource: res://assets/opera/worlds/actors/imp_captain_guard.png remapped: res://assets/opera/worlds/actors/imp_captain_guard.png
Loading resource: res://.godot/imported/imp_captain_guard.png-e89585bc394d3dca313907cb2224501f.s3tc.ctex remapped: res://.godot/imported/imp_captain_guard.png-e89585bc394d3dca313907cb2224501f.s3tc.ctex
Completed load for: 'res://assets/opera/worlds/actors/imp_captain_guard.png' remapped 'res://assets/opera/worlds/actors/imp_captain_guard.png' at thread -1
Loading resource: res://assets/opera/worlds/actors/imp_captain_stagger.png remapped: res://assets/opera/worlds/actors/imp_captain_stagger.png
Loading resource: res://.godot/imported/imp_captain_stagger.png-f0d86df4f11e14a3c5b3094eb10f0acb.s3tc.ctex remapped: res://.godot/imported/imp_captain_stagger.png-f0d86df4f11e14a3c5b3094eb10f0acb.s3tc.ctex
Completed load for: 'res://assets/opera/worlds/actors/imp_captain_stagger.png' remapped 'res://assets/opera/worlds/actors/imp_captain_stagger.png' at thread -1
Loading resource: res://assets/opera/worlds/actors/imp_captain_flee.png remapped: res://assets/opera/worlds/actors/imp_captain_flee.png
Loading resource: res://.godot/imported/imp_captain_flee.png-10494cd923c0d79bdd4a59cef42f4027.s3tc.ctex remapped: res://.godot/imported/imp_captain_flee.png-10494cd923c0d79bdd4a59cef42f4027.s3tc.ctex
Completed load for: 'res://assets/opera/worlds/actors/imp_captain_flee.png' remapped 'res://assets/opera/worlds/actors/imp_captain_flee.png' at thread -1
Loading resource: res://assets/opera/worlds/actors/imp_captain_taunt.png remapped: res://assets/opera/worlds/actors/imp_captain_taunt.png
Loading resource: res://.godot/imported/imp_captain_taunt.png-954edfe43d7f3d0d339d9dcee7736514.s3tc.ctex remapped: res://.godot/imported/imp_captain_taunt.png-954edfe43d7f3d0d339d9dcee7736514.s3tc.ctex
Completed load for: 'res://assets/opera/worlds/actors/imp_captain_taunt.png' remapped 'res://assets/opera/worlds/actors/imp_captain_taunt.png' at thread -1
Loading resource: res://assets/opera/worlds/actors/imp_captain_bopped.png remapped: res://assets/opera/worlds/actors/imp_captain_bopped.png
Loading resource: res://.godot/imported/imp_captain_bopped.png-7b18e453603e8a4113fd2cbb62ded9b6.s3tc.ctex remapped: res://.godot/imported/imp_captain_bopped.png-7b18e453603e8a4113fd2cbb62ded9b6.s3tc.ctex
Completed load for: 'res://assets/opera/worlds/actors/imp_captain_bopped.png' remapped 'res://assets/opera/worlds/actors/imp_captain_bopped.png' at thread -1
Loading resource: res://assets/opera/worlds/widgets/widget_pour_chef_mover.png remapped: res://assets/opera/worlds/widgets/widget_pour_chef_mover.png
Loading resource: res://.godot/imported/widget_pour_chef_mover.png-93e22fb06eb104e0ace859c262820176.s3tc.ctex remapped: res://.godot/imported/widget_pour_chef_mover.png-93e22fb06eb104e0ace859c262820176.s3tc.ctex
Completed load for: 'res://assets/opera/worlds/widgets/widget_pour_chef_mover.png' remapped 'res://assets/opera/worlds/widgets/widget_pour_chef_mover.png' at thread -1
Loading resource: res://assets/opera/worlds/widgets/widget_pour_chef_fill.png remapped: res://assets/opera/worlds/widgets/widget_pour_chef_fill.png
Loading resource: res://.godot/imported/widget_pour_chef_fill.png-cccded297e5de5e023c76be85758c2dc.ctex remapped: res://.godot/imported/widget_pour_chef_fill.png-cccded297e5de5e023c76be85758c2dc.ctex
Completed load for: 'res://assets/opera/worlds/widgets/widget_pour_chef_fill.png' remapped 'res://assets/opera/worlds/widgets/widget_pour_chef_fill.png' at thread -1
CHAPTER2_FARMER_RESUME|Chef saved mask 07 owns a healed, complete POT backdrop: OK
CHAPTER2_FARMER_RESUME|Chef saved mask 07 has one physical cake state: OK
CHAPTER2_FARMER_RESUME|Hidden rack rows release stale baked textures: OK
CHAPTER2_FARMER_RESUME|Baked rows retain every authored edge and draw below Roshan: OK
CHAPTER2_FARMER_RESUME|Baked transparent quads use under one quarter of the old area: OK
Loading resource: res://assets/chapter2/birthday/chapter2_chef_stacked_unfrosted_cake.png remapped: res://assets/chapter2/birthday/chapter2_chef_stacked_unfrosted_cake.png
Loading resource: res://.godot/imported/chapter2_chef_stacked_unfrosted_cake.png-176874fcedc720ba04c4f9ee9e3c4241.ctex remapped: res://.godot/imported/chapter2_chef_stacked_unfrosted_cake.png-176874fcedc720ba04c4f9ee9e3c4241.ctex
Completed load for: 'res://assets/chapter2/birthday/chapter2_chef_stacked_unfrosted_cake.png' remapped 'res://assets/chapter2/birthday/chapter2_chef_stacked_unfrosted_cake.png' at thread -1
CHAPTER2_FARMER_RESUME|Baked-to-stacked refresh releases every old rack texture: OK
Loading resource: res://assets/chapter2/birthday/chapter2_chef_baked_tiers_unstacked.png remapped: res://assets/chapter2/birthday/chapter2_chef_baked_tiers_unstacked.png
Loading resource: res://.godot/imported/chapter2_chef_baked_tiers_unstacked.png-61b77c80f512d1b7982c44f08b0efc86.ctex remapped: res://.godot/imported/chapter2_chef_baked_tiers_unstacked.png-61b77c80f512d1b7982c44f08b0efc86.ctex
Completed load for: 'res://assets/chapter2/birthday/chapter2_chef_baked_tiers_unstacked.png' remapped 'res://assets/chapter2/birthday/chapter2_chef_baked_tiers_unstacked.png' at thread -1
CHAPTER2_FARMER_RESUME|Chef saved mask 07 cannot advance without a child action: OK
Loading resource: res://assets/opera/worlds/ui/magnifier.png remapped: res://assets/opera/worlds/ui/magnifier.png
Loading resource: res://.godot/imported/magnifier.png-def06d7a41c5772f787cbecf1fb0c089.s3tc.ctex remapped: res://.godot/imported/magnifier.png-def06d7a41c5772f787cbecf1fb0c089.s3tc.ctex
Completed load for: 'res://assets/opera/worlds/ui/magnifier.png' remapped 'res://assets/opera/worlds/ui/magnifier.png' at thread -1
Loading resource: res://assets/opera/worlds/backdrops/world_chef.png remapped: res://assets/opera/worlds/backdrops/world_chef.png
Loading resource: res://.godot/imported/world_chef.png-ef6ca0dee3242fe8c57ffeff3f7a3325.ctex remapped: res://.godot/imported/world_chef.png-ef6ca0dee3242fe8c57ffeff3f7a3325.ctex
Completed load for: 'res://assets/opera/worlds/backdrops/world_chef.png' remapped 'res://assets/opera/worlds/backdrops/world_chef.png' at thread -1
Loading resource: res://assets/opera/worlds/backdrops/chef_story_clean_v1/world_chef_c0r0.png remapped: res://assets/opera/worlds/backdrops/chef_story_clean_v1/world_chef_c0r0.png
Loading resource: res://.godot/imported/world_chef_c0r0.png-0ece24d10e6f92afefe881c990eca893.s3tc.ctex remapped: res://.godot/imported/world_chef_c0r0.png-0ece24d10e6f92afefe881c990eca893.s3tc.ctex
Completed load for: 'res://assets/opera/worlds/backdrops/chef_story_clean_v1/world_chef_c0r0.png' remapped 'res://assets/opera/worlds/backdrops/chef_story_clean_v1/world_chef_c0r0.png' at thread -1
Loading resource: res://assets/opera/worlds/backdrops/chef_story_clean_v1/world_chef_c1r0.png remapped: res://assets/opera/worlds/backdrops/chef_story_clean_v1/world_chef_c1r0.png
Loading resource: res://.godot/imported/world_chef_c1r0.png-b86b61ecf9b65721574a81cb630d2ede.s3tc.ctex remapped: res://.godot/imported/world_chef_c1r0.png-b86b61ecf9b65721574a81cb630d2ede.s3tc.ctex
Completed load for: 'res://assets/opera/worlds/backdrops/chef_story_clean_v1/world_chef_c1r0.png' remapped 'res://assets/opera/worlds/backdrops/chef_story_clean_v1/world_chef_c1r0.png' at thread -1
Loading resource: res://assets/opera/worlds/backdrops/chef_story_clean_v1/world_chef_c0r1.png remapped: res://assets/opera/worlds/backdrops/chef_story_clean_v1/world_chef_c0r1.png
Loading resource: res://.godot/imported/world_chef_c0r1.png-6019a3e1b274d569c3088830cef4729b.s3tc.ctex remapped: res://.godot/imported/world_chef_c0r1.png-6019a3e1b274d569c3088830cef4729b.s3tc.ctex
Completed load for: 'res://assets/opera/worlds/backdrops/chef_story_clean_v1/world_chef_c0r1.png' remapped 'res://assets/opera/worlds/backdrops/chef_story_clean_v1/world_chef_c0r1.png' at thread -1
Loading resource: res://assets/opera/worlds/backdrops/chef_story_clean_v1/world_chef_c1r1.png remapped: res://assets/opera/worlds/backdrops/chef_story_clean_v1/world_chef_c1r1.png
Loading resource: res://.godot/imported/world_chef_c1r1.png-086c7fbfc39327d6bf09dea116fbb824.s3tc.ctex remapped: res://.godot/imported/world_chef_c1r1.png-086c7fbfc39327d6bf09dea116fbb824.s3tc.ctex
Completed load for: 'res://assets/opera/worlds/backdrops/chef_story_clean_v1/world_chef_c1r1.png' remapped 'res://assets/opera/worlds/backdrops/chef_story_clean_v1/world_chef_c1r1.png' at thread -1
Loading resource: res://assets/opera/worlds/backdrops/stage_chef_c0r0.png remapped: res://assets/opera/worlds/backdrops/stage_chef_c0r0.png
Loading resource: res://.godot/imported/stage_chef_c0r0.png-cc29211ddce9c8eb5ea02bb2f004767f.s3tc.ctex remapped: res://.godot/imported/stage_chef_c0r0.png-cc29211ddce9c8eb5ea02bb2f004767f.s3tc.ctex
Completed load for: 'res://assets/opera/worlds/backdrops/stage_chef_c0r0.png' remapped 'res://assets/opera/worlds/backdrops/stage_chef_c0r0.png' at thread -1
Loading resource: res://assets/opera/worlds/backdrops/stage_chef_c1r0.png remapped: res://assets/opera/worlds/backdrops/stage_chef_c1r0.png
Loading resource: res://.godot/imported/stage_chef_c1r0.png-192ef867e0aaac991da08dfe0b268abb.s3tc.ctex remapped: res://.godot/imported/stage_chef_c1r0.png-192ef867e0aaac991da08dfe0b268abb.s3tc.ctex
Completed load for: 'res://assets/opera/worlds/backdrops/stage_chef_c1r0.png' remapped 'res://assets/opera/worlds/backdrops/stage_chef_c1r0.png' at thread -1
Loading resource: res://assets/opera/worlds/backdrops/stage_chef_c0r1.png remapped: res://assets/opera/worlds/backdrops/stage_chef_c0r1.png
Loading resource: res://.godot/imported/stage_chef_c0r1.png-fa08fc12d8940ebdcaaf79672c5e43a3.s3tc.ctex remapped: res://.godot/imported/stage_chef_c0r1.png-fa08fc12d8940ebdcaaf79672c5e43a3.s3tc.ctex
Completed load for: 'res://assets/opera/worlds/backdrops/stage_chef_c0r1.png' remapped 'res://assets/opera/worlds/backdrops/stage_chef_c0r1.png' at thread -1
Loading resource: res://assets/opera/worlds/backdrops/stage_chef_c1r1.png remapped: res://assets/opera/worlds/backdrops/stage_chef_c1r1.png
Loading resource: res://.godot/imported/stage_chef_c1r1.png-205194b94ea589b7253dce7b86e817a7.s3tc.ctex remapped: res://.godot/imported/stage_chef_c1r1.png-205194b94ea589b7253dce7b86e817a7.s3tc.ctex
Completed load for: 'res://assets/opera/worlds/backdrops/stage_chef_c1r1.png' remapped 'res://assets/opera/worlds/backdrops/stage_chef_c1r1.png' at thread -1
Loading resource: res://assets/opera/worlds/actors/roshan_chef.png remapped: res://assets/opera/worlds/actors/roshan_chef.png
Loading resource: res://.godot/imported/roshan_chef.png-bc782154b95629319a4783a7946abf7a.s3tc.ctex remapped: res://.godot/imported/roshan_chef.png-bc782154b95629319a4783a7946abf7a.s3tc.ctex
Completed load for: 'res://assets/opera/worlds/actors/roshan_chef.png' remapped 'res://assets/opera/worlds/actors/roshan_chef.png' at thread -1
Loading resource: res://assets/opera/worlds/actors/animation/roshan_chef_sheet_a.png remapped: res://assets/opera/worlds/actors/animation/roshan_chef_sheet_a.png
Loading resource: res://.godot/imported/roshan_chef_sheet_a.png-4ec4a75ade66f00d68e03c6b5e93b0ec.ctex remapped: res://.godot/imported/roshan_chef_sheet_a.png-4ec4a75ade66f00d68e03c6b5e93b0ec.ctex
Completed load for: 'res://assets/opera/worlds/actors/animation/roshan_chef_sheet_a.png' remapped 'res://assets/opera/worlds/actors/animation/roshan_chef_sheet_a.png' at thread -1
Loading resource: res://assets/opera/worlds/actors/rival_chef.png remapped: res://assets/opera/worlds/actors/rival_chef.png
Loading resource: res://.godot/imported/rival_chef.png-2eef5f226867e382a410b29d539aa19d.s3tc.ctex remapped: res://.godot/imported/rival_chef.png-2eef5f226867e382a410b29d539aa19d.s3tc.ctex
Completed load for: 'res://assets/opera/worlds/actors/rival_chef.png' remapped 'res://assets/opera/worlds/actors/rival_chef.png' at thread -1
Loading resource: res://assets/opera/worlds/props/fx_bop_puff.png remapped: res://assets/opera/worlds/props/fx_bop_puff.png
Loading resource: res://.godot/imported/fx_bop_puff.png-44d6a8b8f3875802302bda4fdd154827.s3tc.ctex remapped: res://.godot/imported/fx_bop_puff.png-44d6a8b8f3875802302bda4fdd154827.s3tc.ctex
Completed load for: 'res://assets/opera/worlds/props/fx_bop_puff.png' remapped 'res://assets/opera/worlds/props/fx_bop_puff.png' at thread -1
Loading resource: res://assets/opera/worlds/actors/imp_mischief.png remapped: res://assets/opera/worlds/actors/imp_mischief.png
Loading resource: res://.godot/imported/imp_mischief.png-2aa91762cfa121884fd7c941a480cd75.s3tc.ctex remapped: res://.godot/imported/imp_mischief.png-2aa91762cfa121884fd7c941a480cd75.s3tc.ctex
Completed load for: 'res://assets/opera/worlds/actors/imp_mischief.png' remapped 'res://assets/opera/worlds/actors/imp_mischief.png' at thread -1
Loading resource: res://assets/opera/worlds/actors/imp_mischief_bopped.png remapped: res://assets/opera/worlds/actors/imp_mischief_bopped.png
Loading resource: res://.godot/imported/imp_mischief_bopped.png-276c2d81098a757a1274ef356d58e20d.s3tc.ctex remapped: res://.godot/imported/imp_mischief_bopped.png-276c2d81098a757a1274ef356d58e20d.s3tc.ctex
Completed load for: 'res://assets/opera/worlds/actors/imp_mischief_bopped.png' remapped 'res://assets/opera/worlds/actors/imp_mischief_bopped.png' at thread -1
Loading resource: res://assets/opera/worlds/actors/imp_mischief_bow.png remapped: res://assets/opera/worlds/actors/imp_mischief_bow.png
Loading resource: res://.godot/imported/imp_mischief_bow.png-643f90847c4113e6a65aff5fa7b6c3e8.s3tc.ctex remapped: res://.godot/imported/imp_mischief_bow.png-643f90847c4113e6a65aff5fa7b6c3e8.s3tc.ctex
Completed load for: 'res://assets/opera/worlds/actors/imp_mischief_bow.png' remapped 'res://assets/opera/worlds/actors/imp_mischief_bow.png' at thread -1
Loading resource: res://assets/opera/worlds/actors/imp_captain.png remapped: res://assets/opera/worlds/actors/imp_captain.png
Loading resource: res://.godot/imported/imp_captain.png-e46cb032a0f4e73284cb41534b78dba6.s3tc.ctex remapped: res://.godot/imported/imp_captain.png-e46cb032a0f4e73284cb41534b78dba6.s3tc.ctex
Completed load for: 'res://assets/opera/worlds/actors/imp_captain.png' remapped 'res://assets/opera/worlds/actors/imp_captain.png' at thread -1
Loading resource: res://assets/opera/worlds/actors/imp_captain_bopped.png remapped: res://assets/opera/worlds/actors/imp_captain_bopped.png
Loading resource: res://.godot/imported/imp_captain_bopped.png-7b18e453603e8a4113fd2cbb62ded9b6.s3tc.ctex remapped: res://.godot/imported/imp_captain_bopped.png-7b18e453603e8a4113fd2cbb62ded9b6.s3tc.ctex
Completed load for: 'res://assets/opera/worlds/actors/imp_captain_bopped.png' remapped 'res://assets/opera/worlds/actors/imp_captain_bopped.png' at thread -1
Loading resource: res://assets/opera/worlds/actors/imp_captain_bow.png remapped: res://assets/opera/worlds/actors/imp_captain_bow.png
Loading resource: res://.godot/imported/imp_captain_bow.png-12497944600f3a910cccf5033db21fec.s3tc.ctex remapped: res://.godot/imported/imp_captain_bow.png-12497944600f3a910cccf5033db21fec.s3tc.ctex
Completed load for: 'res://assets/opera/worlds/actors/imp_captain_bow.png' remapped 'res://assets/opera/worlds/actors/imp_captain_bow.png' at thread -1
Loading resource: res://assets/opera/worlds/props/fx_telegraph_ring.png remapped: res://assets/opera/worlds/props/fx_telegraph_ring.png
Loading resource: res://.godot/imported/fx_telegraph_ring.png-a5607cfab59aaf797e0ebc0e0d630b71.s3tc.ctex remapped: res://.godot/imported/fx_telegraph_ring.png-a5607cfab59aaf797e0ebc0e0d630b71.s3tc.ctex
Completed load for: 'res://assets/opera/worlds/props/fx_telegraph_ring.png' remapped 'res://assets/opera/worlds/props/fx_telegraph_ring.png' at thread -1
Loading resource: res://assets/opera/worlds/props/fx_telegraph_bang.png remapped: res://assets/opera/worlds/props/fx_telegraph_bang.png
Loading resource: res://.godot/imported/fx_telegraph_bang.png-5e57510f37f0277a1436815b2f5303f5.s3tc.ctex remapped: res://.godot/imported/fx_telegraph_bang.png-5e57510f37f0277a1436815b2f5303f5.s3tc.ctex
Completed load for: 'res://assets/opera/worlds/props/fx_telegraph_bang.png' remapped 'res://assets/opera/worlds/props/fx_telegraph_bang.png' at thread -1
Loading resource: res://assets/opera/worlds/props/fx_slash_arc.png remapped: res://assets/opera/worlds/props/fx_slash_arc.png
Loading resource: res://.godot/imported/fx_slash_arc.png-06c01e57545f44970f1e9749d78c8c7b.s3tc.ctex remapped: res://.godot/imported/fx_slash_arc.png-06c01e57545f44970f1e9749d78c8c7b.s3tc.ctex
Completed load for: 'res://assets/opera/worlds/props/fx_slash_arc.png' remapped 'res://assets/opera/worlds/props/fx_slash_arc.png' at thread -1
Loading resource: res://assets/opera/worlds/props/fx_dizzy_stars.png remapped: res://assets/opera/worlds/props/fx_dizzy_stars.png
Loading resource: res://.godot/imported/fx_dizzy_stars.png-e249bf547dbb4ae001be7738fcb2de24.s3tc.ctex remapped: res://.godot/imported/fx_dizzy_stars.png-e249bf547dbb4ae001be7738fcb2de24.s3tc.ctex
Completed load for: 'res://assets/opera/worlds/props/fx_dizzy_stars.png' remapped 'res://assets/opera/worlds/props/fx_dizzy_stars.png' at thread -1
Loading resource: res://assets/opera/worlds/actors/rival_chef_bopped.png remapped: res://assets/opera/worlds/actors/rival_chef_bopped.png
Loading resource: res://.godot/imported/rival_chef_bopped.png-a958e09708c682c295f572716a60e912.s3tc.ctex remapped: res://.godot/imported/rival_chef_bopped.png-a958e09708c682c295f572716a60e912.s3tc.ctex
Completed load for: 'res://assets/opera/worlds/actors/rival_chef_bopped.png' remapped 'res://assets/opera/worlds/actors/rival_chef_bopped.png' at thread -1
Loading resource: res://assets/opera/worlds/actors/rival_chef_windup.png remapped: res://assets/opera/worlds/actors/rival_chef_windup.png
Loading resource: res://.godot/imported/rival_chef_windup.png-f9813cf59d06c30dd766049c9c0390da.s3tc.ctex remapped: res://.godot/imported/rival_chef_windup.png-f9813cf59d06c30dd766049c9c0390da.s3tc.ctex
Completed load for: 'res://assets/opera/worlds/actors/rival_chef_windup.png' remapped 'res://assets/opera/worlds/actors/rival_chef_windup.png' at thread -1
Loading resource: res://assets/opera/worlds/actors/rival_chef_charge.png remapped: res://assets/opera/worlds/actors/rival_chef_charge.png
Loading resource: res://.godot/imported/rival_chef_charge.png-b77b9ce0ecdb43770202bb02ab20497c.s3tc.ctex remapped: res://.godot/imported/rival_chef_charge.png-b77b9ce0ecdb43770202bb02ab20497c.s3tc.ctex
Completed load for: 'res://assets/opera/worlds/actors/rival_chef_charge.png' remapped 'res://assets/opera/worlds/actors/rival_chef_charge.png' at thread -1
Loading resource: res://assets/opera/worlds/actors/rival_chef_slash.png remapped: res://assets/opera/worlds/actors/rival_chef_slash.png
Loading resource: res://.godot/imported/rival_chef_slash.png-86d13b64a3548479071cb37cba647d50.s3tc.ctex remapped: res://.godot/imported/rival_chef_slash.png-86d13b64a3548479071cb37cba647d50.s3tc.ctex
Completed load for: 'res://assets/opera/worlds/actors/rival_chef_slash.png' remapped 'res://assets/opera/worlds/actors/rival_chef_slash.png' at thread -1
Loading resource: res://assets/opera/worlds/actors/rival_chef_recover.png remapped: res://assets/opera/worlds/actors/rival_chef_recover.png
Loading resource: res://.godot/imported/rival_chef_recover.png-ce8a2f6ee2a0834a6a528e42ac87cdee.s3tc.ctex remapped: res://.godot/imported/rival_chef_recover.png-ce8a2f6ee2a0834a6a528e42ac87cdee.s3tc.ctex
Completed load for: 'res://assets/opera/worlds/actors/rival_chef_recover.png' remapped 'res://assets/opera/worlds/actors/rival_chef_recover.png' at thread -1
Loading resource: res://assets/opera/worlds/actors/rival_chef_guard.png remapped: res://assets/opera/worlds/actors/rival_chef_guard.png
Loading resource: res://.godot/imported/rival_chef_guard.png-681802d5b3c14a74967dc098c77c2d70.s3tc.ctex remapped: res://.godot/imported/rival_chef_guard.png-681802d5b3c14a74967dc098c77c2d70.s3tc.ctex
Completed load for: 'res://assets/opera/worlds/actors/rival_chef_guard.png' remapped 'res://assets/opera/worlds/actors/rival_chef_guard.png' at thread -1
Loading resource: res://assets/opera/worlds/actors/rival_chef_stagger.png remapped: res://assets/opera/worlds/actors/rival_chef_stagger.png
Loading resource: res://.godot/imported/rival_chef_stagger.png-4483fdfb538c0c6a8121e30fbfc2dc4a.s3tc.ctex remapped: res://.godot/imported/rival_chef_stagger.png-4483fdfb538c0c6a8121e30fbfc2dc4a.s3tc.ctex
Completed load for: 'res://assets/opera/worlds/actors/rival_chef_stagger.png' remapped 'res://assets/opera/worlds/actors/rival_chef_stagger.png' at thread -1
Loading resource: res://assets/opera/worlds/actors/rival_chef_flee.png remapped: res://assets/opera/worlds/actors/rival_chef_flee.png
Loading resource: res://.godot/imported/rival_chef_flee.png-ac12146f9cc2e3eb85aa4951d735fdc8.s3tc.ctex remapped: res://.godot/imported/rival_chef_flee.png-ac12146f9cc2e3eb85aa4951d735fdc8.s3tc.ctex
Completed load for: 'res://assets/opera/worlds/actors/rival_chef_flee.png' remapped 'res://assets/opera/worlds/actors/rival_chef_flee.png' at thread -1
Loading resource: res://assets/opera/worlds/actors/rival_chef_taunt.png remapped: res://assets/opera/worlds/actors/rival_chef_taunt.png
Loading resource: res://.godot/imported/rival_chef_taunt.png-31a97cb0e4c18955a4e497a7d2acdb22.s3tc.ctex remapped: res://.godot/imported/rival_chef_taunt.png-31a97cb0e4c18955a4e497a7d2acdb22.s3tc.ctex
Completed load for: 'res://assets/opera/worlds/actors/rival_chef_taunt.png' remapped 'res://assets/opera/worlds/actors/rival_chef_taunt.png' at thread -1
Loading resource: res://assets/opera/worlds/actors/rival_chef_hop_a.png remapped: res://assets/opera/worlds/actors/rival_chef_hop_a.png
Loading resource: res://.godot/imported/rival_chef_hop_a.png-4ee494dffb2a86f7acfc727f379b7305.s3tc.ctex remapped: res://.godot/imported/rival_chef_hop_a.png-4ee494dffb2a86f7acfc727f379b7305.s3tc.ctex
Completed load for: 'res://assets/opera/worlds/actors/rival_chef_hop_a.png' remapped 'res://assets/opera/worlds/actors/rival_chef_hop_a.png' at thread -1
Loading resource: res://assets/opera/worlds/actors/rival_chef_hop_b.png remapped: res://assets/opera/worlds/actors/rival_chef_hop_b.png
Loading resource: res://.godot/imported/rival_chef_hop_b.png-c61e03499b064c3a7c8b04685a205bfd.s3tc.ctex remapped: res://.godot/imported/rival_chef_hop_b.png-c61e03499b064c3a7c8b04685a205bfd.s3tc.ctex
Completed load for: 'res://assets/opera/worlds/actors/rival_chef_hop_b.png' remapped 'res://assets/opera/worlds/actors/rival_chef_hop_b.png' at thread -1
Loading resource: res://assets/opera/worlds/actors/rival_chef_bow.png remapped: res://assets/opera/worlds/actors/rival_chef_bow.png
Loading resource: res://.godot/imported/rival_chef_bow.png-d2fd6fc40f5a42e5f64d3d1f0c6a3a4e.s3tc.ctex remapped: res://.godot/imported/rival_chef_bow.png-d2fd6fc40f5a42e5f64d3d1f0c6a3a4e.s3tc.ctex
Completed load for: 'res://assets/opera/worlds/actors/rival_chef_bow.png' remapped 'res://assets/opera/worlds/actors/rival_chef_bow.png' at thread -1
Loading resource: res://assets/opera/worlds/actors/imp_mischief.png remapped: res://assets/opera/worlds/actors/imp_mischief.png
Loading resource: res://.godot/imported/imp_mischief.png-2aa91762cfa121884fd7c941a480cd75.s3tc.ctex remapped: res://.godot/imported/imp_mischief.png-2aa91762cfa121884fd7c941a480cd75.s3tc.ctex
Completed load for: 'res://assets/opera/worlds/actors/imp_mischief.png' remapped 'res://assets/opera/worlds/actors/imp_mischief.png' at thread -1
Loading resource: res://assets/opera/worlds/actors/imp_mischief_windup.png remapped: res://assets/opera/worlds/actors/imp_mischief_windup.png
Loading resource: res://.godot/imported/imp_mischief_windup.png-27644fd709fe5393e0a8caad88b075b6.s3tc.ctex remapped: res://.godot/imported/imp_mischief_windup.png-27644fd709fe5393e0a8caad88b075b6.s3tc.ctex
Completed load for: 'res://assets/opera/worlds/actors/imp_mischief_windup.png' remapped 'res://assets/opera/worlds/actors/imp_mischief_windup.png' at thread -1
Loading resource: res://assets/opera/worlds/actors/imp_mischief_charge.png remapped: res://assets/opera/worlds/actors/imp_mischief_charge.png
Loading resource: res://.godot/imported/imp_mischief_charge.png-7651fd8a67674c1425677cc73b08a982.s3tc.ctex remapped: res://.godot/imported/imp_mischief_charge.png-7651fd8a67674c1425677cc73b08a982.s3tc.ctex
Completed load for: 'res://assets/opera/worlds/actors/imp_mischief_charge.png' remapped 'res://assets/opera/worlds/actors/imp_mischief_charge.png' at thread -1
Loading resource: res://assets/opera/worlds/actors/imp_mischief_slash.png remapped: res://assets/opera/worlds/actors/imp_mischief_slash.png
Loading resource: res://.godot/imported/imp_mischief_slash.png-feef3a7d575df712da4960aea92d00eb.s3tc.ctex remapped: res://.godot/imported/imp_mischief_slash.png-feef3a7d575df712da4960aea92d00eb.s3tc.ctex
Completed load for: 'res://assets/opera/worlds/actors/imp_mischief_slash.png' remapped 'res://assets/opera/worlds/actors/imp_mischief_slash.png' at thread -1
Loading resource: res://assets/opera/worlds/actors/imp_mischief_recover.png remapped: res://assets/opera/worlds/actors/imp_mischief_recover.png
Loading resource: res://.godot/imported/imp_mischief_recover.png-9993ae96041a390c9d56b99855a20323.s3tc.ctex remapped: res://.godot/imported/imp_mischief_recover.png-9993ae96041a390c9d56b99855a20323.s3tc.ctex
Completed load for: 'res://assets/opera/worlds/actors/imp_mischief_recover.png' remapped 'res://assets/opera/worlds/actors/imp_mischief_recover.png' at thread -1
Loading resource: res://assets/opera/worlds/actors/imp_mischief_guard.png remapped: res://assets/opera/worlds/actors/imp_mischief_guard.png
Loading resource: res://.godot/imported/imp_mischief_guard.png-e0b51eb2c2b687acd70ab7e0486431b4.s3tc.ctex remapped: res://.godot/imported/imp_mischief_guard.png-e0b51eb2c2b687acd70ab7e0486431b4.s3tc.ctex
Completed load for: 'res://assets/opera/worlds/actors/imp_mischief_guard.png' remapped 'res://assets/opera/worlds/actors/imp_mischief_guard.png' at thread -1
Loading resource: res://assets/opera/worlds/actors/imp_mischief_stagger.png remapped: res://assets/opera/worlds/actors/imp_mischief_stagger.png
Loading resource: res://.godot/imported/imp_mischief_stagger.png-deb400ff054c7a4631756e74bc75bffe.s3tc.ctex remapped: res://.godot/imported/imp_mischief_stagger.png-deb400ff054c7a4631756e74bc75bffe.s3tc.ctex
Completed load for: 'res://assets/opera/worlds/actors/imp_mischief_stagger.png' remapped 'res://assets/opera/worlds/actors/imp_mischief_stagger.png' at thread -1
Loading resource: res://assets/opera/worlds/actors/imp_mischief_flee.png remapped: res://assets/opera/worlds/actors/imp_mischief_flee.png
Loading resource: res://.godot/imported/imp_mischief_flee.png-75ab59cf13833ac1972e0ab1614b4de8.s3tc.ctex remapped: res://.godot/imported/imp_mischief_flee.png-75ab59cf13833ac1972e0ab1614b4de8.s3tc.ctex
Completed load for: 'res://assets/opera/worlds/actors/imp_mischief_flee.png' remapped 'res://assets/opera/worlds/actors/imp_mischief_flee.png' at thread -1
Loading resource: res://assets/opera/worlds/actors/imp_mischief_taunt.png remapped: res://assets/opera/worlds/actors/imp_mischief_taunt.png
Loading resource: res://.godot/imported/imp_mischief_taunt.png-a891d360a40c9485aea56227a041d6c9.s3tc.ctex remapped: res://.godot/imported/imp_mischief_taunt.png-a891d360a40c9485aea56227a041d6c9.s3tc.ctex
Completed load for: 'res://assets/opera/worlds/actors/imp_mischief_taunt.png' remapped 'res://assets/opera/worlds/actors/imp_mischief_taunt.png' at thread -1
Loading resource: res://assets/opera/worlds/actors/imp_mischief_bopped.png remapped: res://assets/opera/worlds/actors/imp_mischief_bopped.png
Loading resource: res://.godot/imported/imp_mischief_bopped.png-276c2d81098a757a1274ef356d58e20d.s3tc.ctex remapped: res://.godot/imported/imp_mischief_bopped.png-276c2d81098a757a1274ef356d58e20d.s3tc.ctex
Completed load for: 'res://assets/opera/worlds/actors/imp_mischief_bopped.png' remapped 'res://assets/opera/worlds/actors/imp_mischief_bopped.png' at thread -1
Loading resource: res://assets/opera/worlds/actors/imp_captain.png remapped: res://assets/opera/worlds/actors/imp_captain.png
Loading resource: res://.godot/imported/imp_captain.png-e46cb032a0f4e73284cb41534b78dba6.s3tc.ctex remapped: res://.godot/imported/imp_captain.png-e46cb032a0f4e73284cb41534b78dba6.s3tc.ctex
Completed load for: 'res://assets/opera/worlds/actors/imp_captain.png' remapped 'res://assets/opera/worlds/actors/imp_captain.png' at thread -1
Loading resource: res://assets/opera/worlds/actors/imp_captain_windup.png remapped: res://assets/opera/worlds/actors/imp_captain_windup.png
Loading resource: res://.godot/imported/imp_captain_windup.png-8943ae388fceff3a2b93abea186ce701.s3tc.ctex remapped: res://.godot/imported/imp_captain_windup.png-8943ae388fceff3a2b93abea186ce701.s3tc.ctex
Completed load for: 'res://assets/opera/worlds/actors/imp_captain_windup.png' remapped 'res://assets/opera/worlds/actors/imp_captain_windup.png' at thread -1
Loading resource: res://assets/opera/worlds/actors/imp_captain_charge.png remapped: res://assets/opera/worlds/actors/imp_captain_charge.png
Loading resource: res://.godot/imported/imp_captain_charge.png-ca0f6b738d6b7acf2d7d62bda85c3ee9.s3tc.ctex remapped: res://.godot/imported/imp_captain_charge.png-ca0f6b738d6b7acf2d7d62bda85c3ee9.s3tc.ctex
Completed load for: 'res://assets/opera/worlds/actors/imp_captain_charge.png' remapped 'res://assets/opera/worlds/actors/imp_captain_charge.png' at thread -1
Loading resource: res://assets/opera/worlds/actors/imp_captain_slash.png remapped: res://assets/opera/worlds/actors/imp_captain_slash.png
Loading resource: res://.godot/imported/imp_captain_slash.png-c2f505657f2b06bee95b1e51e1c49129.s3tc.ctex remapped: res://.godot/imported/imp_captain_slash.png-c2f505657f2b06bee95b1e51e1c49129.s3tc.ctex
Completed load for: 'res://assets/opera/worlds/actors/imp_captain_slash.png' remapped 'res://assets/opera/worlds/actors/imp_captain_slash.png' at thread -1
Loading resource: res://assets/opera/worlds/actors/imp_captain_recover.png remapped: res://assets/opera/worlds/actors/imp_captain_recover.png
Loading resource: res://.godot/imported/imp_captain_recover.png-542263c7b6fc37fb29210456149073b0.s3tc.ctex remapped: res://.godot/imported/imp_captain_recover.png-542263c7b6fc37fb29210456149073b0.s3tc.ctex
Completed load for: 'res://assets/opera/worlds/actors/imp_captain_recover.png' remapped 'res://assets/opera/worlds/actors/imp_captain_recover.png' at thread -1
Loading resource: res://assets/opera/worlds/actors/imp_captain_guard.png remapped: res://assets/opera/worlds/actors/imp_captain_guard.png
Loading resource: res://.godot/imported/imp_captain_guard.png-e89585bc394d3dca313907cb2224501f.s3tc.ctex remapped: res://.godot/imported/imp_captain_guard.png-e89585bc394d3dca313907cb2224501f.s3tc.ctex
Completed load for: 'res://assets/opera/worlds/actors/imp_captain_guard.png' remapped 'res://assets/opera/worlds/actors/imp_captain_guard.png' at thread -1
Loading resource: res://assets/opera/worlds/actors/imp_captain_stagger.png remapped: res://assets/opera/worlds/actors/imp_captain_stagger.png
Loading resource: res://.godot/imported/imp_captain_stagger.png-f0d86df4f11e14a3c5b3094eb10f0acb.s3tc.ctex remapped: res://.godot/imported/imp_captain_stagger.png-f0d86df4f11e14a3c5b3094eb10f0acb.s3tc.ctex
Completed load for: 'res://assets/opera/worlds/actors/imp_captain_stagger.png' remapped 'res://assets/opera/worlds/actors/imp_captain_stagger.png' at thread -1
Loading resource: res://assets/opera/worlds/actors/imp_captain_flee.png remapped: res://assets/opera/worlds/actors/imp_captain_flee.png
Loading resource: res://.godot/imported/imp_captain_flee.png-10494cd923c0d79bdd4a59cef42f4027.s3tc.ctex remapped: res://.godot/imported/imp_captain_flee.png-10494cd923c0d79bdd4a59cef42f4027.s3tc.ctex
Completed load for: 'res://assets/opera/worlds/actors/imp_captain_flee.png' remapped 'res://assets/opera/worlds/actors/imp_captain_flee.png' at thread -1
Loading resource: res://assets/opera/worlds/actors/imp_captain_taunt.png remapped: res://assets/opera/worlds/actors/imp_captain_taunt.png
Loading resource: res://.godot/imported/imp_captain_taunt.png-954edfe43d7f3d0d339d9dcee7736514.s3tc.ctex remapped: res://.godot/imported/imp_captain_taunt.png-954edfe43d7f3d0d339d9dcee7736514.s3tc.ctex
Completed load for: 'res://assets/opera/worlds/actors/imp_captain_taunt.png' remapped 'res://assets/opera/worlds/actors/imp_captain_taunt.png' at thread -1
Loading resource: res://assets/opera/worlds/actors/imp_captain_bopped.png remapped: res://assets/opera/worlds/actors/imp_captain_bopped.png
Loading resource: res://.godot/imported/imp_captain_bopped.png-7b18e453603e8a4113fd2cbb62ded9b6.s3tc.ctex remapped: res://.godot/imported/imp_captain_bopped.png-7b18e453603e8a4113fd2cbb62ded9b6.s3tc.ctex
Completed load for: 'res://assets/opera/worlds/actors/imp_captain_bopped.png' remapped 'res://assets/opera/worlds/actors/imp_captain_bopped.png' at thread -1
Loading resource: res://assets/opera/worlds/widgets/widget_pour_chef_mover.png remapped: res://assets/opera/worlds/widgets/widget_pour_chef_mover.png
Loading resource: res://.godot/imported/widget_pour_chef_mover.png-93e22fb06eb104e0ace859c262820176.s3tc.ctex remapped: res://.godot/imported/widget_pour_chef_mover.png-93e22fb06eb104e0ace859c262820176.s3tc.ctex
Completed load for: 'res://assets/opera/worlds/widgets/widget_pour_chef_mover.png' remapped 'res://assets/opera/worlds/widgets/widget_pour_chef_mover.png' at thread -1
Loading resource: res://assets/opera/worlds/widgets/widget_pour_chef_fill.png remapped: res://assets/opera/worlds/widgets/widget_pour_chef_fill.png
Loading resource: res://.godot/imported/widget_pour_chef_fill.png-cccded297e5de5e023c76be85758c2dc.ctex remapped: res://.godot/imported/widget_pour_chef_fill.png-cccded297e5de5e023c76be85758c2dc.ctex
Completed load for: 'res://assets/opera/worlds/widgets/widget_pour_chef_fill.png' remapped 'res://assets/opera/worlds/widgets/widget_pour_chef_fill.png' at thread -1
Loading resource: res://assets/opera/worlds/widgets/widget_pour_chef_fill.png remapped: res://assets/opera/worlds/widgets/widget_pour_chef_fill.png
Loading resource: res://.godot/imported/widget_pour_chef_fill.png-cccded297e5de5e023c76be85758c2dc.ctex remapped: res://.godot/imported/widget_pour_chef_fill.png-cccded297e5de5e023c76be85758c2dc.ctex
Completed load for: 'res://assets/opera/worlds/widgets/widget_pour_chef_fill.png' remapped 'res://assets/opera/worlds/widgets/widget_pour_chef_fill.png' at thread -1
Loading resource: res://assets/chapter2/birthday/chef_empty_shell_bowl_v1.png remapped: res://assets/chapter2/birthday/chef_empty_shell_bowl_v1.png
Loading resource: res://.godot/imported/chef_empty_shell_bowl_v1.png-0f553506ca9ae2a4fd1f23dd4b2bd1ea.s3tc.ctex remapped: res://.godot/imported/chef_empty_shell_bowl_v1.png-0f553506ca9ae2a4fd1f23dd4b2bd1ea.s3tc.ctex
Completed load for: 'res://assets/chapter2/birthday/chef_empty_shell_bowl_v1.png' remapped 'res://assets/chapter2/birthday/chef_empty_shell_bowl_v1.png' at thread -1
Loading resource: res://assets/chapter2/birthday/chapter2_chef_batter_unstirred.png remapped: res://assets/chapter2/birthday/chapter2_chef_batter_unstirred.png
Loading resource: res://.godot/imported/chapter2_chef_batter_unstirred.png-0e071f688f7ea26d07229bac9c7645c8.ctex remapped: res://.godot/imported/chapter2_chef_batter_unstirred.png-0e071f688f7ea26d07229bac9c7645c8.ctex
Completed load for: 'res://assets/chapter2/birthday/chapter2_chef_batter_unstirred.png' remapped 'res://assets/chapter2/birthday/chapter2_chef_batter_unstirred.png' at thread -1
CHAPTER2_FARMER_RESUME|Chef phase 0 owns one room-coordinate surface: OK
CHAPTER2_FARMER_RESUME|Chef native props stay behind the foreground actor: OK
CHAPTER2_FARMER_RESUME|Chef phase 0 passive demo earns nothing: OK
CHAPTER2_FARMER_RESUME|Chef pour lips, tilt and landing agree: OK
CHAPTER2_FARMER_RESUME|Chef phase 0 physical endpoint completes the world: OK
Loading resource: res://assets/opera/worlds/ui/magnifier.png remapped: res://assets/opera/worlds/ui/magnifier.png
Loading resource: res://.godot/imported/magnifier.png-def06d7a41c5772f787cbecf1fb0c089.s3tc.ctex remapped: res://.godot/imported/magnifier.png-def06d7a41c5772f787cbecf1fb0c089.s3tc.ctex
Completed load for: 'res://assets/opera/worlds/ui/magnifier.png' remapped 'res://assets/opera/worlds/ui/magnifier.png' at thread -1
Loading resource: res://assets/opera/worlds/backdrops/world_chef.png remapped: res://assets/opera/worlds/backdrops/world_chef.png
Loading resource: res://.godot/imported/world_chef.png-ef6ca0dee3242fe8c57ffeff3f7a3325.ctex remapped: res://.godot/imported/world_chef.png-ef6ca0dee3242fe8c57ffeff3f7a3325.ctex
Completed load for: 'res://assets/opera/worlds/backdrops/world_chef.png' remapped 'res://assets/opera/worlds/backdrops/world_chef.png' at thread -1
Loading resource: res://assets/opera/worlds/backdrops/chef_story_clean_v1/world_chef_c0r0.png remapped: res://assets/opera/worlds/backdrops/chef_story_clean_v1/world_chef_c0r0.png
Loading resource: res://.godot/imported/world_chef_c0r0.png-0ece24d10e6f92afefe881c990eca893.s3tc.ctex remapped: res://.godot/imported/world_chef_c0r0.png-0ece24d10e6f92afefe881c990eca893.s3tc.ctex
Completed load for: 'res://assets/opera/worlds/backdrops/chef_story_clean_v1/world_chef_c0r0.png' remapped 'res://assets/opera/worlds/backdrops/chef_story_clean_v1/world_chef_c0r0.png' at thread -1
Loading resource: res://assets/opera/worlds/backdrops/chef_story_clean_v1/world_chef_c1r0.png remapped: res://assets/opera/worlds/backdrops/chef_story_clean_v1/world_chef_c1r0.png
Loading resource: res://.godot/imported/world_chef_c1r0.png-b86b61ecf9b65721574a81cb630d2ede.s3tc.ctex remapped: res://.godot/imported/world_chef_c1r0.png-b86b61ecf9b65721574a81cb630d2ede.s3tc.ctex
Completed load for: 'res://assets/opera/worlds/backdrops/chef_story_clean_v1/world_chef_c1r0.png' remapped 'res://assets/opera/worlds/backdrops/chef_story_clean_v1/world_chef_c1r0.png' at thread -1
Loading resource: res://assets/opera/worlds/backdrops/chef_story_clean_v1/world_chef_c0r1.png remapped: res://assets/opera/worlds/backdrops/chef_story_clean_v1/world_chef_c0r1.png
Loading resource: res://.godot/imported/world_chef_c0r1.png-6019a3e1b274d569c3088830cef4729b.s3tc.ctex remapped: res://.godot/imported/world_chef_c0r1.png-6019a3e1b274d569c3088830cef4729b.s3tc.ctex
Completed load for: 'res://assets/opera/worlds/backdrops/chef_story_clean_v1/world_chef_c0r1.png' remapped 'res://assets/opera/worlds/backdrops/chef_story_clean_v1/world_chef_c0r1.png' at thread -1
Loading resource: res://assets/opera/worlds/backdrops/chef_story_clean_v1/world_chef_c1r1.png remapped: res://assets/opera/worlds/backdrops/chef_story_clean_v1/world_chef_c1r1.png
Loading resource: res://.godot/imported/world_chef_c1r1.png-086c7fbfc39327d6bf09dea116fbb824.s3tc.ctex remapped: res://.godot/imported/world_chef_c1r1.png-086c7fbfc39327d6bf09dea116fbb824.s3tc.ctex
Completed load for: 'res://assets/opera/worlds/backdrops/chef_story_clean_v1/world_chef_c1r1.png' remapped 'res://assets/opera/worlds/backdrops/chef_story_clean_v1/world_chef_c1r1.png' at thread -1
Loading resource: res://assets/opera/worlds/backdrops/stage_chef_c0r0.png remapped: res://assets/opera/worlds/backdrops/stage_chef_c0r0.png
Loading resource: res://.godot/imported/stage_chef_c0r0.png-cc29211ddce9c8eb5ea02bb2f004767f.s3tc.ctex remapped: res://.godot/imported/stage_chef_c0r0.png-cc29211ddce9c8eb5ea02bb2f004767f.s3tc.ctex
Completed load for: 'res://assets/opera/worlds/backdrops/stage_chef_c0r0.png' remapped 'res://assets/opera/worlds/backdrops/stage_chef_c0r0.png' at thread -1
Loading resource: res://assets/opera/worlds/backdrops/stage_chef_c1r0.png remapped: res://assets/opera/worlds/backdrops/stage_chef_c1r0.png
Loading resource: res://.godot/imported/stage_chef_c1r0.png-192ef867e0aaac991da08dfe0b268abb.s3tc.ctex remapped: res://.godot/imported/stage_chef_c1r0.png-192ef867e0aaac991da08dfe0b268abb.s3tc.ctex
Completed load for: 'res://assets/opera/worlds/backdrops/stage_chef_c1r0.png' remapped 'res://assets/opera/worlds/backdrops/stage_chef_c1r0.png' at thread -1
Loading resource: res://assets/opera/worlds/backdrops/stage_chef_c0r1.png remapped: res://assets/opera/worlds/backdrops/stage_chef_c0r1.png
Loading resource: res://.godot/imported/stage_chef_c0r1.png-fa08fc12d8940ebdcaaf79672c5e43a3.s3tc.ctex remapped: res://.godot/imported/stage_chef_c0r1.png-fa08fc12d8940ebdcaaf79672c5e43a3.s3tc.ctex
Completed load for: 'res://assets/opera/worlds/backdrops/stage_chef_c0r1.png' remapped 'res://assets/opera/worlds/backdrops/stage_chef_c0r1.png' at thread -1
Loading resource: res://assets/opera/worlds/backdrops/stage_chef_c1r1.png remapped: res://assets/opera/worlds/backdrops/stage_chef_c1r1.png
Loading resource: res://.godot/imported/stage_chef_c1r1.png-205194b94ea589b7253dce7b86e817a7.s3tc.ctex remapped: res://.godot/imported/stage_chef_c1r1.png-205194b94ea589b7253dce7b86e817a7.s3tc.ctex
Completed load for: 'res://assets/opera/worlds/backdrops/stage_chef_c1r1.png' remapped 'res://assets/opera/worlds/backdrops/stage_chef_c1r1.png' at thread -1
Loading resource: res://assets/chapter2/birthday/chapter2_chef_batter_unstirred.png remapped: res://assets/chapter2/birthday/chapter2_chef_batter_unstirred.png
Loading resource: res://.godot/imported/chapter2_chef_batter_unstirred.png-0e071f688f7ea26d07229bac9c7645c8.ctex remapped: res://.godot/imported/chapter2_chef_batter_unstirred.png-0e071f688f7ea26d07229bac9c7645c8.ctex
Completed load for: 'res://assets/chapter2/birthday/chapter2_chef_batter_unstirred.png' remapped 'res://assets/chapter2/birthday/chapter2_chef_batter_unstirred.png' at thread -1
Loading resource: res://assets/opera/worlds/actors/roshan_chef.png remapped: res://assets/opera/worlds/actors/roshan_chef.png
Loading resource: res://.godot/imported/roshan_chef.png-bc782154b95629319a4783a7946abf7a.s3tc.ctex remapped: res://.godot/imported/roshan_chef.png-bc782154b95629319a4783a7946abf7a.s3tc.ctex
Completed load for: 'res://assets/opera/worlds/actors/roshan_chef.png' remapped 'res://assets/opera/worlds/actors/roshan_chef.png' at thread -1
Loading resource: res://assets/opera/worlds/actors/animation/roshan_chef_sheet_a.png remapped: res://assets/opera/worlds/actors/animation/roshan_chef_sheet_a.png
Loading resource: res://.godot/imported/roshan_chef_sheet_a.png-4ec4a75ade66f00d68e03c6b5e93b0ec.ctex remapped: res://.godot/imported/roshan_chef_sheet_a.png-4ec4a75ade66f00d68e03c6b5e93b0ec.ctex
Completed load for: 'res://assets/opera/worlds/actors/animation/roshan_chef_sheet_a.png' remapped 'res://assets/opera/worlds/actors/animation/roshan_chef_sheet_a.png' at thread -1
Loading resource: res://assets/opera/worlds/actors/rival_chef.png remapped: res://assets/opera/worlds/actors/rival_chef.png
Loading resource: res://.godot/imported/rival_chef.png-2eef5f226867e382a410b29d539aa19d.s3tc.ctex remapped: res://.godot/imported/rival_chef.png-2eef5f226867e382a410b29d539aa19d.s3tc.ctex
Completed load for: 'res://assets/opera/worlds/actors/rival_chef.png' remapped 'res://assets/opera/worlds/actors/rival_chef.png' at thread -1
Loading resource: res://assets/opera/worlds/props/fx_bop_puff.png remapped: res://assets/opera/worlds/props/fx_bop_puff.png
Loading resource: res://.godot/imported/fx_bop_puff.png-44d6a8b8f3875802302bda4fdd154827.s3tc.ctex remapped: res://.godot/imported/fx_bop_puff.png-44d6a8b8f3875802302bda4fdd154827.s3tc.ctex
Completed load for: 'res://assets/opera/worlds/props/fx_bop_puff.png' remapped 'res://assets/opera/worlds/props/fx_bop_puff.png' at thread -1
Loading resource: res://assets/opera/worlds/actors/imp_mischief.png remapped: res://assets/opera/worlds/actors/imp_mischief.png
Loading resource: res://.godot/imported/imp_mischief.png-2aa91762cfa121884fd7c941a480cd75.s3tc.ctex remapped: res://.godot/imported/imp_mischief.png-2aa91762cfa121884fd7c941a480cd75.s3tc.ctex
Completed load for: 'res://assets/opera/worlds/actors/imp_mischief.png' remapped 'res://assets/opera/worlds/actors/imp_mischief.png' at thread -1
Loading resource: res://assets/opera/worlds/actors/imp_mischief_bopped.png remapped: res://assets/opera/worlds/actors/imp_mischief_bopped.png
Loading resource: res://.godot/imported/imp_mischief_bopped.png-276c2d81098a757a1274ef356d58e20d.s3tc.ctex remapped: res://.godot/imported/imp_mischief_bopped.png-276c2d81098a757a1274ef356d58e20d.s3tc.ctex
Completed load for: 'res://assets/opera/worlds/actors/imp_mischief_bopped.png' remapped 'res://assets/opera/worlds/actors/imp_mischief_bopped.png' at thread -1
Loading resource: res://assets/opera/worlds/actors/imp_mischief_bow.png remapped: res://assets/opera/worlds/actors/imp_mischief_bow.png
Loading resource: res://.godot/imported/imp_mischief_bow.png-643f90847c4113e6a65aff5fa7b6c3e8.s3tc.ctex remapped: res://.godot/imported/imp_mischief_bow.png-643f90847c4113e6a65aff5fa7b6c3e8.s3tc.ctex
Completed load for: 'res://assets/opera/worlds/actors/imp_mischief_bow.png' remapped 'res://assets/opera/worlds/actors/imp_mischief_bow.png' at thread -1
Loading resource: res://assets/opera/worlds/actors/imp_captain.png remapped: res://assets/opera/worlds/actors/imp_captain.png
Loading resource: res://.godot/imported/imp_captain.png-e46cb032a0f4e73284cb41534b78dba6.s3tc.ctex remapped: res://.godot/imported/imp_captain.png-e46cb032a0f4e73284cb41534b78dba6.s3tc.ctex
Completed load for: 'res://assets/opera/worlds/actors/imp_captain.png' remapped 'res://assets/opera/worlds/actors/imp_captain.png' at thread -1
Loading resource: res://assets/opera/worlds/actors/imp_captain_bopped.png remapped: res://assets/opera/worlds/actors/imp_captain_bopped.png
Loading resource: res://.godot/imported/imp_captain_bopped.png-7b18e453603e8a4113fd2cbb62ded9b6.s3tc.ctex remapped: res://.godot/imported/imp_captain_bopped.png-7b18e453603e8a4113fd2cbb62ded9b6.s3tc.ctex
Completed load for: 'res://assets/opera/worlds/actors/imp_captain_bopped.png' remapped 'res://assets/opera/worlds/actors/imp_captain_bopped.png' at thread -1
Loading resource: res://assets/opera/worlds/actors/imp_captain_bow.png remapped: res://assets/opera/worlds/actors/imp_captain_bow.png
Loading resource: res://.godot/imported/imp_captain_bow.png-12497944600f3a910cccf5033db21fec.s3tc.ctex remapped: res://.godot/imported/imp_captain_bow.png-12497944600f3a910cccf5033db21fec.s3tc.ctex
Completed load for: 'res://assets/opera/worlds/actors/imp_captain_bow.png' remapped 'res://assets/opera/worlds/actors/imp_captain_bow.png' at thread -1
Loading resource: res://assets/opera/worlds/props/fx_telegraph_ring.png remapped: res://assets/opera/worlds/props/fx_telegraph_ring.png
Loading resource: res://.godot/imported/fx_telegraph_ring.png-a5607cfab59aaf797e0ebc0e0d630b71.s3tc.ctex remapped: res://.godot/imported/fx_telegraph_ring.png-a5607cfab59aaf797e0ebc0e0d630b71.s3tc.ctex
Completed load for: 'res://assets/opera/worlds/props/fx_telegraph_ring.png' remapped 'res://assets/opera/worlds/props/fx_telegraph_ring.png' at thread -1
Loading resource: res://assets/opera/worlds/props/fx_telegraph_bang.png remapped: res://assets/opera/worlds/props/fx_telegraph_bang.png
Loading resource: res://.godot/imported/fx_telegraph_bang.png-5e57510f37f0277a1436815b2f5303f5.s3tc.ctex remapped: res://.godot/imported/fx_telegraph_bang.png-5e57510f37f0277a1436815b2f5303f5.s3tc.ctex
Completed load for: 'res://assets/opera/worlds/props/fx_telegraph_bang.png' remapped 'res://assets/opera/worlds/props/fx_telegraph_bang.png' at thread -1
Loading resource: res://assets/opera/worlds/props/fx_slash_arc.png remapped: res://assets/opera/worlds/props/fx_slash_arc.png
Loading resource: res://.godot/imported/fx_slash_arc.png-06c01e57545f44970f1e9749d78c8c7b.s3tc.ctex remapped: res://.godot/imported/fx_slash_arc.png-06c01e57545f44970f1e9749d78c8c7b.s3tc.ctex
Completed load for: 'res://assets/opera/worlds/props/fx_slash_arc.png' remapped 'res://assets/opera/worlds/props/fx_slash_arc.png' at thread -1
Loading resource: res://assets/opera/worlds/props/fx_dizzy_stars.png remapped: res://assets/opera/worlds/props/fx_dizzy_stars.png
Loading resource: res://.godot/imported/fx_dizzy_stars.png-e249bf547dbb4ae001be7738fcb2de24.s3tc.ctex remapped: res://.godot/imported/fx_dizzy_stars.png-e249bf547dbb4ae001be7738fcb2de24.s3tc.ctex
Completed load for: 'res://assets/opera/worlds/props/fx_dizzy_stars.png' remapped 'res://assets/opera/worlds/props/fx_dizzy_stars.png' at thread -1
Loading resource: res://assets/opera/worlds/actors/rival_chef_bopped.png remapped: res://assets/opera/worlds/actors/rival_chef_bopped.png
Loading resource: res://.godot/imported/rival_chef_bopped.png-a958e09708c682c295f572716a60e912.s3tc.ctex remapped: res://.godot/imported/rival_chef_bopped.png-a958e09708c682c295f572716a60e912.s3tc.ctex
Completed load for: 'res://assets/opera/worlds/actors/rival_chef_bopped.png' remapped 'res://assets/opera/worlds/actors/rival_chef_bopped.png' at thread -1
Loading resource: res://assets/opera/worlds/actors/rival_chef_windup.png remapped: res://assets/opera/worlds/actors/rival_chef_windup.png
Loading resource: res://.godot/imported/rival_chef_windup.png-f9813cf59d06c30dd766049c9c0390da.s3tc.ctex remapped: res://.godot/imported/rival_chef_windup.png-f9813cf59d06c30dd766049c9c0390da.s3tc.ctex
Completed load for: 'res://assets/opera/worlds/actors/rival_chef_windup.png' remapped 'res://assets/opera/worlds/actors/rival_chef_windup.png' at thread -1
Loading resource: res://assets/opera/worlds/actors/rival_chef_charge.png remapped: res://assets/opera/worlds/actors/rival_chef_charge.png
Loading resource: res://.godot/imported/rival_chef_charge.png-b77b9ce0ecdb43770202bb02ab20497c.s3tc.ctex remapped: res://.godot/imported/rival_chef_charge.png-b77b9ce0ecdb43770202bb02ab20497c.s3tc.ctex
Completed load for: 'res://assets/opera/worlds/actors/rival_chef_charge.png' remapped 'res://assets/opera/worlds/actors/rival_chef_charge.png' at thread -1
Loading resource: res://assets/opera/worlds/actors/rival_chef_slash.png remapped: res://assets/opera/worlds/actors/rival_chef_slash.png
Loading resource: res://.godot/imported/rival_chef_slash.png-86d13b64a3548479071cb37cba647d50.s3tc.ctex remapped: res://.godot/imported/rival_chef_slash.png-86d13b64a3548479071cb37cba647d50.s3tc.ctex
Completed load for: 'res://assets/opera/worlds/actors/rival_chef_slash.png' remapped 'res://assets/opera/worlds/actors/rival_chef_slash.png' at thread -1
Loading resource: res://assets/opera/worlds/actors/rival_chef_recover.png remapped: res://assets/opera/worlds/actors/rival_chef_recover.png
Loading resource: res://.godot/imported/rival_chef_recover.png-ce8a2f6ee2a0834a6a528e42ac87cdee.s3tc.ctex remapped: res://.godot/imported/rival_chef_recover.png-ce8a2f6ee2a0834a6a528e42ac87cdee.s3tc.ctex
Completed load for: 'res://assets/opera/worlds/actors/rival_chef_recover.png' remapped 'res://assets/opera/worlds/actors/rival_chef_recover.png' at thread -1
Loading resource: res://assets/opera/worlds/actors/rival_chef_guard.png remapped: res://assets/opera/worlds/actors/rival_chef_guard.png
Loading resource: res://.godot/imported/rival_chef_guard.png-681802d5b3c14a74967dc098c77c2d70.s3tc.ctex remapped: res://.godot/imported/rival_chef_guard.png-681802d5b3c14a74967dc098c77c2d70.s3tc.ctex
Completed load for: 'res://assets/opera/worlds/actors/rival_chef_guard.png' remapped 'res://assets/opera/worlds/actors/rival_chef_guard.png' at thread -1
Loading resource: res://assets/opera/worlds/actors/rival_chef_stagger.png remapped: res://assets/opera/worlds/actors/rival_chef_stagger.png
Loading resource: res://.godot/imported/rival_chef_stagger.png-4483fdfb538c0c6a8121e30fbfc2dc4a.s3tc.ctex remapped: res://.godot/imported/rival_chef_stagger.png-4483fdfb538c0c6a8121e30fbfc2dc4a.s3tc.ctex
Completed load for: 'res://assets/opera/worlds/actors/rival_chef_stagger.png' remapped 'res://assets/opera/worlds/actors/rival_chef_stagger.png' at thread -1
Loading resource: res://assets/opera/worlds/actors/rival_chef_flee.png remapped: res://assets/opera/worlds/actors/rival_chef_flee.png
Loading resource: res://.godot/imported/rival_chef_flee.png-ac12146f9cc2e3eb85aa4951d735fdc8.s3tc.ctex remapped: res://.godot/imported/rival_chef_flee.png-ac12146f9cc2e3eb85aa4951d735fdc8.s3tc.ctex
Completed load for: 'res://assets/opera/worlds/actors/rival_chef_flee.png' remapped 'res://assets/opera/worlds/actors/rival_chef_flee.png' at thread -1
Loading resource: res://assets/opera/worlds/actors/rival_chef_taunt.png remapped: res://assets/opera/worlds/actors/rival_chef_taunt.png
Loading resource: res://.godot/imported/rival_chef_taunt.png-31a97cb0e4c18955a4e497a7d2acdb22.s3tc.ctex remapped: res://.godot/imported/rival_chef_taunt.png-31a97cb0e4c18955a4e497a7d2acdb22.s3tc.ctex
Completed load for: 'res://assets/opera/worlds/actors/rival_chef_taunt.png' remapped 'res://assets/opera/worlds/actors/rival_chef_taunt.png' at thread -1
Loading resource: res://assets/opera/worlds/actors/rival_chef_hop_a.png remapped: res://assets/opera/worlds/actors/rival_chef_hop_a.png
Loading resource: res://.godot/imported/rival_chef_hop_a.png-4ee494dffb2a86f7acfc727f379b7305.s3tc.ctex remapped: res://.godot/imported/rival_chef_hop_a.png-4ee494dffb2a86f7acfc727f379b7305.s3tc.ctex
Completed load for: 'res://assets/opera/worlds/actors/rival_chef_hop_a.png' remapped 'res://assets/opera/worlds/actors/rival_chef_hop_a.png' at thread -1
Loading resource: res://assets/opera/worlds/actors/rival_chef_hop_b.png remapped: res://assets/opera/worlds/actors/rival_chef_hop_b.png
Loading resource: res://.godot/imported/rival_chef_hop_b.png-c61e03499b064c3a7c8b04685a205bfd.s3tc.ctex remapped: res://.godot/imported/rival_chef_hop_b.png-c61e03499b064c3a7c8b04685a205bfd.s3tc.ctex
Completed load for: 'res://assets/opera/worlds/actors/rival_chef_hop_b.png' remapped 'res://assets/opera/worlds/actors/rival_chef_hop_b.png' at thread -1
Loading resource: res://assets/opera/worlds/actors/rival_chef_bow.png remapped: res://assets/opera/worlds/actors/rival_chef_bow.png
Loading resource: res://.godot/imported/rival_chef_bow.png-d2fd6fc40f5a42e5f64d3d1f0c6a3a4e.s3tc.ctex remapped: res://.godot/imported/rival_chef_bow.png-d2fd6fc40f5a42e5f64d3d1f0c6a3a4e.s3tc.ctex
Completed load for: 'res://assets/opera/worlds/actors/rival_chef_bow.png' remapped 'res://assets/opera/worlds/actors/rival_chef_bow.png' at thread -1
Loading resource: res://assets/opera/worlds/actors/imp_mischief.png remapped: res://assets/opera/worlds/actors/imp_mischief.png
Loading resource: res://.godot/imported/imp_mischief.png-2aa91762cfa121884fd7c941a480cd75.s3tc.ctex remapped: res://.godot/imported/imp_mischief.png-2aa91762cfa121884fd7c941a480cd75.s3tc.ctex
Completed load for: 'res://assets/opera/worlds/actors/imp_mischief.png' remapped 'res://assets/opera/worlds/actors/imp_mischief.png' at thread -1
Loading resource: res://assets/opera/worlds/actors/imp_mischief_windup.png remapped: res://assets/opera/worlds/actors/imp_mischief_windup.png
Loading resource: res://.godot/imported/imp_mischief_windup.png-27644fd709fe5393e0a8caad88b075b6.s3tc.ctex remapped: res://.godot/imported/imp_mischief_windup.png-27644fd709fe5393e0a8caad88b075b6.s3tc.ctex
Completed load for: 'res://assets/opera/worlds/actors/imp_mischief_windup.png' remapped 'res://assets/opera/worlds/actors/imp_mischief_windup.png' at thread -1
Loading resource: res://assets/opera/worlds/actors/imp_mischief_charge.png remapped: res://assets/opera/worlds/actors/imp_mischief_charge.png
Loading resource: res://.godot/imported/imp_mischief_charge.png-7651fd8a67674c1425677cc73b08a982.s3tc.ctex remapped: res://.godot/imported/imp_mischief_charge.png-7651fd8a67674c1425677cc73b08a982.s3tc.ctex
Completed load for: 'res://assets/opera/worlds/actors/imp_mischief_charge.png' remapped 'res://assets/opera/worlds/actors/imp_mischief_charge.png' at thread -1
Loading resource: res://assets/opera/worlds/actors/imp_mischief_slash.png remapped: res://assets/opera/worlds/actors/imp_mischief_slash.png
Loading resource: res://.godot/imported/imp_mischief_slash.png-feef3a7d575df712da4960aea92d00eb.s3tc.ctex remapped: res://.godot/imported/imp_mischief_slash.png-feef3a7d575df712da4960aea92d00eb.s3tc.ctex
Completed load for: 'res://assets/opera/worlds/actors/imp_mischief_slash.png' remapped 'res://assets/opera/worlds/actors/imp_mischief_slash.png' at thread -1
Loading resource: res://assets/opera/worlds/actors/imp_mischief_recover.png remapped: res://assets/opera/worlds/actors/imp_mischief_recover.png
Loading resource: res://.godot/imported/imp_mischief_recover.png-9993ae96041a390c9d56b99855a20323.s3tc.ctex remapped: res://.godot/imported/imp_mischief_recover.png-9993ae96041a390c9d56b99855a20323.s3tc.ctex
Completed load for: 'res://assets/opera/worlds/actors/imp_mischief_recover.png' remapped 'res://assets/opera/worlds/actors/imp_mischief_recover.png' at thread -1
Loading resource: res://assets/opera/worlds/actors/imp_mischief_guard.png remapped: res://assets/opera/worlds/actors/imp_mischief_guard.png
Loading resource: res://.godot/imported/imp_mischief_guard.png-e0b51eb2c2b687acd70ab7e0486431b4.s3tc.ctex remapped: res://.godot/imported/imp_mischief_guard.png-e0b51eb2c2b687acd70ab7e0486431b4.s3tc.ctex
Completed load for: 'res://assets/opera/worlds/actors/imp_mischief_guard.png' remapped 'res://assets/opera/worlds/actors/imp_mischief_guard.png' at thread -1
Loading resource: res://assets/opera/worlds/actors/imp_mischief_stagger.png remapped: res://assets/opera/worlds/actors/imp_mischief_stagger.png
Loading resource: res://.godot/imported/imp_mischief_stagger.png-deb400ff054c7a4631756e74bc75bffe.s3tc.ctex remapped: res://.godot/imported/imp_mischief_stagger.png-deb400ff054c7a4631756e74bc75bffe.s3tc.ctex
Completed load for: 'res://assets/opera/worlds/actors/imp_mischief_stagger.png' remapped 'res://assets/opera/worlds/actors/imp_mischief_stagger.png' at thread -1
Loading resource: res://assets/opera/worlds/actors/imp_mischief_flee.png remapped: res://assets/opera/worlds/actors/imp_mischief_flee.png
Loading resource: res://.godot/imported/imp_mischief_flee.png-75ab59cf13833ac1972e0ab1614b4de8.s3tc.ctex remapped: res://.godot/imported/imp_mischief_flee.png-75ab59cf13833ac1972e0ab1614b4de8.s3tc.ctex
Completed load for: 'res://assets/opera/worlds/actors/imp_mischief_flee.png' remapped 'res://assets/opera/worlds/actors/imp_mischief_flee.png' at thread -1
Loading resource: res://assets/opera/worlds/actors/imp_mischief_taunt.png remapped: res://assets/opera/worlds/actors/imp_mischief_taunt.png
Loading resource: res://.godot/imported/imp_mischief_taunt.png-a891d360a40c9485aea56227a041d6c9.s3tc.ctex remapped: res://.godot/imported/imp_mischief_taunt.png-a891d360a40c9485aea56227a041d6c9.s3tc.ctex
Completed load for: 'res://assets/opera/worlds/actors/imp_mischief_taunt.png' remapped 'res://assets/opera/worlds/actors/imp_mischief_taunt.png' at thread -1
Loading resource: res://assets/opera/worlds/actors/imp_mischief_bopped.png remapped: res://assets/opera/worlds/actors/imp_mischief_bopped.png
Loading resource: res://.godot/imported/imp_mischief_bopped.png-276c2d81098a757a1274ef356d58e20d.s3tc.ctex remapped: res://.godot/imported/imp_mischief_bopped.png-276c2d81098a757a1274ef356d58e20d.s3tc.ctex
Completed load for: 'res://assets/opera/worlds/actors/imp_mischief_bopped.png' remapped 'res://assets/opera/worlds/actors/imp_mischief_bopped.png' at thread -1
Loading resource: res://assets/opera/worlds/actors/imp_captain.png remapped: res://assets/opera/worlds/actors/imp_captain.png
Loading resource: res://.godot/imported/imp_captain.png-e46cb032a0f4e73284cb41534b78dba6.s3tc.ctex remapped: res://.godot/imported/imp_captain.png-e46cb032a0f4e73284cb41534b78dba6.s3tc.ctex
Completed load for: 'res://assets/opera/worlds/actors/imp_captain.png' remapped 'res://assets/opera/worlds/actors/imp_captain.png' at thread -1
Loading resource: res://assets/opera/worlds/actors/imp_captain_windup.png remapped: res://assets/opera/worlds/actors/imp_captain_windup.png
Loading resource: res://.godot/imported/imp_captain_windup.png-8943ae388fceff3a2b93abea186ce701.s3tc.ctex remapped: res://.godot/imported/imp_captain_windup.png-8943ae388fceff3a2b93abea186ce701.s3tc.ctex
Completed load for: 'res://assets/opera/worlds/actors/imp_captain_windup.png' remapped 'res://assets/opera/worlds/actors/imp_captain_windup.png' at thread -1
Loading resource: res://assets/opera/worlds/actors/imp_captain_charge.png remapped: res://assets/opera/worlds/actors/imp_captain_charge.png
Loading resource: res://.godot/imported/imp_captain_charge.png-ca0f6b738d6b7acf2d7d62bda85c3ee9.s3tc.ctex remapped: res://.godot/imported/imp_captain_charge.png-ca0f6b738d6b7acf2d7d62bda85c3ee9.s3tc.ctex
Completed load for: 'res://assets/opera/worlds/actors/imp_captain_charge.png' remapped 'res://assets/opera/worlds/actors/imp_captain_charge.png' at thread -1
Loading resource: res://assets/opera/worlds/actors/imp_captain_slash.png remapped: res://assets/opera/worlds/actors/imp_captain_slash.png
Loading resource: res://.godot/imported/imp_captain_slash.png-c2f505657f2b06bee95b1e51e1c49129.s3tc.ctex remapped: res://.godot/imported/imp_captain_slash.png-c2f505657f2b06bee95b1e51e1c49129.s3tc.ctex
Completed load for: 'res://assets/opera/worlds/actors/imp_captain_slash.png' remapped 'res://assets/opera/worlds/actors/imp_captain_slash.png' at thread -1
Loading resource: res://assets/opera/worlds/actors/imp_captain_recover.png remapped: res://assets/opera/worlds/actors/imp_captain_recover.png
Loading resource: res://.godot/imported/imp_captain_recover.png-542263c7b6fc37fb29210456149073b0.s3tc.ctex remapped: res://.godot/imported/imp_captain_recover.png-542263c7b6fc37fb29210456149073b0.s3tc.ctex
Completed load for: 'res://assets/opera/worlds/actors/imp_captain_recover.png' remapped 'res://assets/opera/worlds/actors/imp_captain_recover.png' at thread -1
Loading resource: res://assets/opera/worlds/actors/imp_captain_guard.png remapped: res://assets/opera/worlds/actors/imp_captain_guard.png
Loading resource: res://.godot/imported/imp_captain_guard.png-e89585bc394d3dca313907cb2224501f.s3tc.ctex remapped: res://.godot/imported/imp_captain_guard.png-e89585bc394d3dca313907cb2224501f.s3tc.ctex
Completed load for: 'res://assets/opera/worlds/actors/imp_captain_guard.png' remapped 'res://assets/opera/worlds/actors/imp_captain_guard.png' at thread -1
Loading resource: res://assets/opera/worlds/actors/imp_captain_stagger.png remapped: res://assets/opera/worlds/actors/imp_captain_stagger.png
Loading resource: res://.godot/imported/imp_captain_stagger.png-f0d86df4f11e14a3c5b3094eb10f0acb.s3tc.ctex remapped: res://.godot/imported/imp_captain_stagger.png-f0d86df4f11e14a3c5b3094eb10f0acb.s3tc.ctex
Completed load for: 'res://assets/opera/worlds/actors/imp_captain_stagger.png' remapped 'res://assets/opera/worlds/actors/imp_captain_stagger.png' at thread -1
Loading resource: res://assets/opera/worlds/actors/imp_captain_flee.png remapped: res://assets/opera/worlds/actors/imp_captain_flee.png
Loading resource: res://.godot/imported/imp_captain_flee.png-10494cd923c0d79bdd4a59cef42f4027.s3tc.ctex remapped: res://.godot/imported/imp_captain_flee.png-10494cd923c0d79bdd4a59cef42f4027.s3tc.ctex
Completed load for: 'res://assets/opera/worlds/actors/imp_captain_flee.png' remapped 'res://assets/opera/worlds/actors/imp_captain_flee.png' at thread -1
Loading resource: res://assets/opera/worlds/actors/imp_captain_taunt.png remapped: res://assets/opera/worlds/actors/imp_captain_taunt.png
Loading resource: res://.godot/imported/imp_captain_taunt.png-954edfe43d7f3d0d339d9dcee7736514.s3tc.ctex remapped: res://.godot/imported/imp_captain_taunt.png-954edfe43d7f3d0d339d9dcee7736514.s3tc.ctex
Completed load for: 'res://assets/opera/worlds/actors/imp_captain_taunt.png' remapped 'res://assets/opera/worlds/actors/imp_captain_taunt.png' at thread -1
Loading resource: res://assets/opera/worlds/actors/imp_captain_bopped.png remapped: res://assets/opera/worlds/actors/imp_captain_bopped.png
Loading resource: res://.godot/imported/imp_captain_bopped.png-7b18e453603e8a4113fd2cbb62ded9b6.s3tc.ctex remapped: res://.godot/imported/imp_captain_bopped.png-7b18e453603e8a4113fd2cbb62ded9b6.s3tc.ctex
Completed load for: 'res://assets/opera/worlds/actors/imp_captain_bopped.png' remapped 'res://assets/opera/worlds/actors/imp_captain_bopped.png' at thread -1
Loading resource: res://assets/audio/voices/filler_v1/roshan_op_chef_stir_stage.ogg remapped: res://assets/audio/voices/filler_v1/roshan_op_chef_stir_stage.ogg
Loading resource: res://.godot/imported/roshan_op_chef_stir_stage.ogg-b0ada53e71619bc58c88a36b51c4c66c.oggvorbisstr remapped: res://.godot/imported/roshan_op_chef_stir_stage.ogg-b0ada53e71619bc58c88a36b51c4c66c.oggvorbisstr
Completed load for: 'res://assets/audio/voices/filler_v1/roshan_op_chef_stir_stage.ogg' remapped 'res://assets/audio/voices/filler_v1/roshan_op_chef_stir_stage.ogg' at thread -1
Loading resource: res://assets/opera/worlds/widgets/widget_crank_chef_mover.png remapped: res://assets/opera/worlds/widgets/widget_crank_chef_mover.png
Loading resource: res://.godot/imported/widget_crank_chef_mover.png-e306d1d96afb59a4ce6fa49dea3d73be.s3tc.ctex remapped: res://.godot/imported/widget_crank_chef_mover.png-e306d1d96afb59a4ce6fa49dea3d73be.s3tc.ctex
Completed load for: 'res://assets/opera/worlds/widgets/widget_crank_chef_mover.png' remapped 'res://assets/opera/worlds/widgets/widget_crank_chef_mover.png' at thread -1
Loading resource: res://assets/opera/worlds/widgets/widget_crank_chef_progress.png remapped: res://assets/opera/worlds/widgets/widget_crank_chef_progress.png
Loading resource: res://.godot/imported/widget_crank_chef_progress.png-9086911e6c8dd3a05aca48b63eb6042d.ctex remapped: res://.godot/imported/widget_crank_chef_progress.png-9086911e6c8dd3a05aca48b63eb6042d.ctex
Completed load for: 'res://assets/opera/worlds/widgets/widget_crank_chef_progress.png' remapped 'res://assets/opera/worlds/widgets/widget_crank_chef_progress.png' at thread -1
Loading resource: res://assets/opera/worlds/widgets/widget_crank_chef_progress.png remapped: res://assets/opera/worlds/widgets/widget_crank_chef_progress.png
Loading resource: res://.godot/imported/widget_crank_chef_progress.png-9086911e6c8dd3a05aca48b63eb6042d.ctex remapped: res://.godot/imported/widget_crank_chef_progress.png-9086911e6c8dd3a05aca48b63eb6042d.ctex
Completed load for: 'res://assets/opera/worlds/widgets/widget_crank_chef_progress.png' remapped 'res://assets/opera/worlds/widgets/widget_crank_chef_progress.png' at thread -1
CHAPTER2_FARMER_RESUME|Chef phase 1 owns one room-coordinate surface: OK
CHAPTER2_FARMER_RESUME|Chef native props stay behind the foreground actor: OK
CHAPTER2_FARMER_RESUME|Chef phase 1 passive demo earns nothing: OK
CHAPTER2_FARMER_RESUME|Chef phase 1 physical endpoint completes the world: OK
Loading resource: res://assets/opera/worlds/ui/magnifier.png remapped: res://assets/opera/worlds/ui/magnifier.png
Loading resource: res://.godot/imported/magnifier.png-def06d7a41c5772f787cbecf1fb0c089.s3tc.ctex remapped: res://.godot/imported/magnifier.png-def06d7a41c5772f787cbecf1fb0c089.s3tc.ctex
Completed load for: 'res://assets/opera/worlds/ui/magnifier.png' remapped 'res://assets/opera/worlds/ui/magnifier.png' at thread -1
Loading resource: res://assets/opera/worlds/backdrops/world_chef.png remapped: res://assets/opera/worlds/backdrops/world_chef.png
Loading resource: res://.godot/imported/world_chef.png-ef6ca0dee3242fe8c57ffeff3f7a3325.ctex remapped: res://.godot/imported/world_chef.png-ef6ca0dee3242fe8c57ffeff3f7a3325.ctex
Completed load for: 'res://assets/opera/worlds/backdrops/world_chef.png' remapped 'res://assets/opera/worlds/backdrops/world_chef.png' at thread -1
Loading resource: res://assets/opera/worlds/backdrops/chef_story_clean_v1/world_chef_c0r0.png remapped: res://assets/opera/worlds/backdrops/chef_story_clean_v1/world_chef_c0r0.png
Loading resource: res://.godot/imported/world_chef_c0r0.png-0ece24d10e6f92afefe881c990eca893.s3tc.ctex remapped: res://.godot/imported/world_chef_c0r0.png-0ece24d10e6f92afefe881c990eca893.s3tc.ctex
Completed load for: 'res://assets/opera/worlds/backdrops/chef_story_clean_v1/world_chef_c0r0.png' remapped 'res://assets/opera/worlds/backdrops/chef_story_clean_v1/world_chef_c0r0.png' at thread -1
Loading resource: res://assets/opera/worlds/backdrops/chef_story_clean_v1/world_chef_c1r0.png remapped: res://assets/opera/worlds/backdrops/chef_story_clean_v1/world_chef_c1r0.png
Loading resource: res://.godot/imported/world_chef_c1r0.png-b86b61ecf9b65721574a81cb630d2ede.s3tc.ctex remapped: res://.godot/imported/world_chef_c1r0.png-b86b61ecf9b65721574a81cb630d2ede.s3tc.ctex
Completed load for: 'res://assets/opera/worlds/backdrops/chef_story_clean_v1/world_chef_c1r0.png' remapped 'res://assets/opera/worlds/backdrops/chef_story_clean_v1/world_chef_c1r0.png' at thread -1
Loading resource: res://assets/opera/worlds/backdrops/chef_story_clean_v1/world_chef_c0r1.png remapped: res://assets/opera/worlds/backdrops/chef_story_clean_v1/world_chef_c0r1.png
Loading resource: res://.godot/imported/world_chef_c0r1.png-6019a3e1b274d569c3088830cef4729b.s3tc.ctex remapped: res://.godot/imported/world_chef_c0r1.png-6019a3e1b274d569c3088830cef4729b.s3tc.ctex
Completed load for: 'res://assets/opera/worlds/backdrops/chef_story_clean_v1/world_chef_c0r1.png' remapped 'res://assets/opera/worlds/backdrops/chef_story_clean_v1/world_chef_c0r1.png' at thread -1
Loading resource: res://assets/opera/worlds/backdrops/chef_story_clean_v1/world_chef_c1r1.png remapped: res://assets/opera/worlds/backdrops/chef_story_clean_v1/world_chef_c1r1.png
Loading resource: res://.godot/imported/world_chef_c1r1.png-086c7fbfc39327d6bf09dea116fbb824.s3tc.ctex remapped: res://.godot/imported/world_chef_c1r1.png-086c7fbfc39327d6bf09dea116fbb824.s3tc.ctex
Completed load for: 'res://assets/opera/worlds/backdrops/chef_story_clean_v1/world_chef_c1r1.png' remapped 'res://assets/opera/worlds/backdrops/chef_story_clean_v1/world_chef_c1r1.png' at thread -1
Loading resource: res://assets/opera/worlds/backdrops/stage_chef_c0r0.png remapped: res://assets/opera/worlds/backdrops/stage_chef_c0r0.png
Loading resource: res://.godot/imported/stage_chef_c0r0.png-cc29211ddce9c8eb5ea02bb2f004767f.s3tc.ctex remapped: res://.godot/imported/stage_chef_c0r0.png-cc29211ddce9c8eb5ea02bb2f004767f.s3tc.ctex
Completed load for: 'res://assets/opera/worlds/backdrops/stage_chef_c0r0.png' remapped 'res://assets/opera/worlds/backdrops/stage_chef_c0r0.png' at thread -1
Loading resource: res://assets/opera/worlds/backdrops/stage_chef_c1r0.png remapped: res://assets/opera/worlds/backdrops/stage_chef_c1r0.png
Loading resource: res://.godot/imported/stage_chef_c1r0.png-192ef867e0aaac991da08dfe0b268abb.s3tc.ctex remapped: res://.godot/imported/stage_chef_c1r0.png-192ef867e0aaac991da08dfe0b268abb.s3tc.ctex
Completed load for: 'res://assets/opera/worlds/backdrops/stage_chef_c1r0.png' remapped 'res://assets/opera/worlds/backdrops/stage_chef_c1r0.png' at thread -1
Loading resource: res://assets/opera/worlds/backdrops/stage_chef_c0r1.png remapped: res://assets/opera/worlds/backdrops/stage_chef_c0r1.png
Loading resource: res://.godot/imported/stage_chef_c0r1.png-fa08fc12d8940ebdcaaf79672c5e43a3.s3tc.ctex remapped: res://.godot/imported/stage_chef_c0r1.png-fa08fc12d8940ebdcaaf79672c5e43a3.s3tc.ctex
Completed load for: 'res://assets/opera/worlds/backdrops/stage_chef_c0r1.png' remapped 'res://assets/opera/worlds/backdrops/stage_chef_c0r1.png' at thread -1
Loading resource: res://assets/opera/worlds/backdrops/stage_chef_c1r1.png remapped: res://assets/opera/worlds/backdrops/stage_chef_c1r1.png
Loading resource: res://.godot/imported/stage_chef_c1r1.png-205194b94ea589b7253dce7b86e817a7.s3tc.ctex remapped: res://.godot/imported/stage_chef_c1r1.png-205194b94ea589b7253dce7b86e817a7.s3tc.ctex
Completed load for: 'res://assets/opera/worlds/backdrops/stage_chef_c1r1.png' remapped 'res://assets/opera/worlds/backdrops/stage_chef_c1r1.png' at thread -1
Loading resource: res://assets/chapter2/birthday/chapter2_chef_batter_stirred.png remapped: res://assets/chapter2/birthday/chapter2_chef_batter_stirred.png
Loading resource: res://.godot/imported/chapter2_chef_batter_stirred.png-0d2f60bb703cb89dd0369f56fd8219bb.ctex remapped: res://.godot/imported/chapter2_chef_batter_stirred.png-0d2f60bb703cb89dd0369f56fd8219bb.ctex
Completed load for: 'res://assets/chapter2/birthday/chapter2_chef_batter_stirred.png' remapped 'res://assets/chapter2/birthday/chapter2_chef_batter_stirred.png' at thread -1
Loading resource: res://assets/opera/worlds/actors/roshan_chef.png remapped: res://assets/opera/worlds/actors/roshan_chef.png
Loading resource: res://.godot/imported/roshan_chef.png-bc782154b95629319a4783a7946abf7a.s3tc.ctex remapped: res://.godot/imported/roshan_chef.png-bc782154b95629319a4783a7946abf7a.s3tc.ctex
Completed load for: 'res://assets/opera/worlds/actors/roshan_chef.png' remapped 'res://assets/opera/worlds/actors/roshan_chef.png' at thread -1
Loading resource: res://assets/opera/worlds/actors/animation/roshan_chef_sheet_a.png remapped: res://assets/opera/worlds/actors/animation/roshan_chef_sheet_a.png
Loading resource: res://.godot/imported/roshan_chef_sheet_a.png-4ec4a75ade66f00d68e03c6b5e93b0ec.ctex remapped: res://.godot/imported/roshan_chef_sheet_a.png-4ec4a75ade66f00d68e03c6b5e93b0ec.ctex
Completed load for: 'res://assets/opera/worlds/actors/animation/roshan_chef_sheet_a.png' remapped 'res://assets/opera/worlds/actors/animation/roshan_chef_sheet_a.png' at thread -1
Loading resource: res://assets/opera/worlds/actors/rival_chef.png remapped: res://assets/opera/worlds/actors/rival_chef.png
Loading resource: res://.godot/imported/rival_chef.png-2eef5f226867e382a410b29d539aa19d.s3tc.ctex remapped: res://.godot/imported/rival_chef.png-2eef5f226867e382a410b29d539aa19d.s3tc.ctex
Completed load for: 'res://assets/opera/worlds/actors/rival_chef.png' remapped 'res://assets/opera/worlds/actors/rival_chef.png' at thread -1
Loading resource: res://assets/opera/worlds/props/fx_bop_puff.png remapped: res://assets/opera/worlds/props/fx_bop_puff.png
Loading resource: res://.godot/imported/fx_bop_puff.png-44d6a8b8f3875802302bda4fdd154827.s3tc.ctex remapped: res://.godot/imported/fx_bop_puff.png-44d6a8b8f3875802302bda4fdd154827.s3tc.ctex
Completed load for: 'res://assets/opera/worlds/props/fx_bop_puff.png' remapped 'res://assets/opera/worlds/props/fx_bop_puff.png' at thread -1
Loading resource: res://assets/opera/worlds/actors/imp_mischief.png remapped: res://assets/opera/worlds/actors/imp_mischief.png
Loading resource: res://.godot/imported/imp_mischief.png-2aa91762cfa121884fd7c941a480cd75.s3tc.ctex remapped: res://.godot/imported/imp_mischief.png-2aa91762cfa121884fd7c941a480cd75.s3tc.ctex
Completed load for: 'res://assets/opera/worlds/actors/imp_mischief.png' remapped 'res://assets/opera/worlds/actors/imp_mischief.png' at thread -1
Loading resource: res://assets/opera/worlds/actors/imp_mischief_bopped.png remapped: res://assets/opera/worlds/actors/imp_mischief_bopped.png
Loading resource: res://.godot/imported/imp_mischief_bopped.png-276c2d81098a757a1274ef356d58e20d.s3tc.ctex remapped: res://.godot/imported/imp_mischief_bopped.png-276c2d81098a757a1274ef356d58e20d.s3tc.ctex
Completed load for: 'res://assets/opera/worlds/actors/imp_mischief_bopped.png' remapped 'res://assets/opera/worlds/actors/imp_mischief_bopped.png' at thread -1
Loading resource: res://assets/opera/worlds/actors/imp_mischief_bow.png remapped: res://assets/opera/worlds/actors/imp_mischief_bow.png
Loading resource: res://.godot/imported/imp_mischief_bow.png-643f90847c4113e6a65aff5fa7b6c3e8.s3tc.ctex remapped: res://.godot/imported/imp_mischief_bow.png-643f90847c4113e6a65aff5fa7b6c3e8.s3tc.ctex
Completed load for: 'res://assets/opera/worlds/actors/imp_mischief_bow.png' remapped 'res://assets/opera/worlds/actors/imp_mischief_bow.png' at thread -1
Loading resource: res://assets/opera/worlds/actors/imp_captain.png remapped: res://assets/opera/worlds/actors/imp_captain.png
Loading resource: res://.godot/imported/imp_captain.png-e46cb032a0f4e73284cb41534b78dba6.s3tc.ctex remapped: res://.godot/imported/imp_captain.png-e46cb032a0f4e73284cb41534b78dba6.s3tc.ctex
Completed load for: 'res://assets/opera/worlds/actors/imp_captain.png' remapped 'res://assets/opera/worlds/actors/imp_captain.png' at thread -1
Loading resource: res://assets/opera/worlds/actors/imp_captain_bopped.png remapped: res://assets/opera/worlds/actors/imp_captain_bopped.png
Loading resource: res://.godot/imported/imp_captain_bopped.png-7b18e453603e8a4113fd2cbb62ded9b6.s3tc.ctex remapped: res://.godot/imported/imp_captain_bopped.png-7b18e453603e8a4113fd2cbb62ded9b6.s3tc.ctex
Completed load for: 'res://assets/opera/worlds/actors/imp_captain_bopped.png' remapped 'res://assets/opera/worlds/actors/imp_captain_bopped.png' at thread -1
Loading resource: res://assets/opera/worlds/actors/imp_captain_bow.png remapped: res://assets/opera/worlds/actors/imp_captain_bow.png
Loading resource: res://.godot/imported/imp_captain_bow.png-12497944600f3a910cccf5033db21fec.s3tc.ctex remapped: res://.godot/imported/imp_captain_bow.png-12497944600f3a910cccf5033db21fec.s3tc.ctex
Completed load for: 'res://assets/opera/worlds/actors/imp_captain_bow.png' remapped 'res://assets/opera/worlds/actors/imp_captain_bow.png' at thread -1
Loading resource: res://assets/opera/worlds/props/fx_telegraph_ring.png remapped: res://assets/opera/worlds/props/fx_telegraph_ring.png
Loading resource: res://.godot/imported/fx_telegraph_ring.png-a5607cfab59aaf797e0ebc0e0d630b71.s3tc.ctex remapped: res://.godot/imported/fx_telegraph_ring.png-a5607cfab59aaf797e0ebc0e0d630b71.s3tc.ctex
Completed load for: 'res://assets/opera/worlds/props/fx_telegraph_ring.png' remapped 'res://assets/opera/worlds/props/fx_telegraph_ring.png' at thread -1
Loading resource: res://assets/opera/worlds/props/fx_telegraph_bang.png remapped: res://assets/opera/worlds/props/fx_telegraph_bang.png
Loading resource: res://.godot/imported/fx_telegraph_bang.png-5e57510f37f0277a1436815b2f5303f5.s3tc.ctex remapped: res://.godot/imported/fx_telegraph_bang.png-5e57510f37f0277a1436815b2f5303f5.s3tc.ctex
Completed load for: 'res://assets/opera/worlds/props/fx_telegraph_bang.png' remapped 'res://assets/opera/worlds/props/fx_telegraph_bang.png' at thread -1
Loading resource: res://assets/opera/worlds/props/fx_slash_arc.png remapped: res://assets/opera/worlds/props/fx_slash_arc.png
Loading resource: res://.godot/imported/fx_slash_arc.png-06c01e57545f44970f1e9749d78c8c7b.s3tc.ctex remapped: res://.godot/imported/fx_slash_arc.png-06c01e57545f44970f1e9749d78c8c7b.s3tc.ctex
Completed load for: 'res://assets/opera/worlds/props/fx_slash_arc.png' remapped 'res://assets/opera/worlds/props/fx_slash_arc.png' at thread -1
Loading resource: res://assets/opera/worlds/props/fx_dizzy_stars.png remapped: res://assets/opera/worlds/props/fx_dizzy_stars.png
Loading resource: res://.godot/imported/fx_dizzy_stars.png-e249bf547dbb4ae001be7738fcb2de24.s3tc.ctex remapped: res://.godot/imported/fx_dizzy_stars.png-e249bf547dbb4ae001be7738fcb2de24.s3tc.ctex
Completed load for: 'res://assets/opera/worlds/props/fx_dizzy_stars.png' remapped 'res://assets/opera/worlds/props/fx_dizzy_stars.png' at thread -1
Loading resource: res://assets/opera/worlds/actors/rival_chef_bopped.png remapped: res://assets/opera/worlds/actors/rival_chef_bopped.png
Loading resource: res://.godot/imported/rival_chef_bopped.png-a958e09708c682c295f572716a60e912.s3tc.ctex remapped: res://.godot/imported/rival_chef_bopped.png-a958e09708c682c295f572716a60e912.s3tc.ctex
Completed load for: 'res://assets/opera/worlds/actors/rival_chef_bopped.png' remapped 'res://assets/opera/worlds/actors/rival_chef_bopped.png' at thread -1
Loading resource: res://assets/opera/worlds/actors/rival_chef_windup.png remapped: res://assets/opera/worlds/actors/rival_chef_windup.png
Loading resource: res://.godot/imported/rival_chef_windup.png-f9813cf59d06c30dd766049c9c0390da.s3tc.ctex remapped: res://.godot/imported/rival_chef_windup.png-f9813cf59d06c30dd766049c9c0390da.s3tc.ctex
Completed load for: 'res://assets/opera/worlds/actors/rival_chef_windup.png' remapped 'res://assets/opera/worlds/actors/rival_chef_windup.png' at thread -1
Loading resource: res://assets/opera/worlds/actors/rival_chef_charge.png remapped: res://assets/opera/worlds/actors/rival_chef_charge.png
Loading resource: res://.godot/imported/rival_chef_charge.png-b77b9ce0ecdb43770202bb02ab20497c.s3tc.ctex remapped: res://.godot/imported/rival_chef_charge.png-b77b9ce0ecdb43770202bb02ab20497c.s3tc.ctex
Completed load for: 'res://assets/opera/worlds/actors/rival_chef_charge.png' remapped 'res://assets/opera/worlds/actors/rival_chef_charge.png' at thread -1
Loading resource: res://assets/opera/worlds/actors/rival_chef_slash.png remapped: res://assets/opera/worlds/actors/rival_chef_slash.png
Loading resource: res://.godot/imported/rival_chef_slash.png-86d13b64a3548479071cb37cba647d50.s3tc.ctex remapped: res://.godot/imported/rival_chef_slash.png-86d13b64a3548479071cb37cba647d50.s3tc.ctex
Completed load for: 'res://assets/opera/worlds/actors/rival_chef_slash.png' remapped 'res://assets/opera/worlds/actors/rival_chef_slash.png' at thread -1
Loading resource: res://assets/opera/worlds/actors/rival_chef_recover.png remapped: res://assets/opera/worlds/actors/rival_chef_recover.png
Loading resource: res://.godot/imported/rival_chef_recover.png-ce8a2f6ee2a0834a6a528e42ac87cdee.s3tc.ctex remapped: res://.godot/imported/rival_chef_recover.png-ce8a2f6ee2a0834a6a528e42ac87cdee.s3tc.ctex
Completed load for: 'res://assets/opera/worlds/actors/rival_chef_recover.png' remapped 'res://assets/opera/worlds/actors/rival_chef_recover.png' at thread -1
Loading resource: res://assets/opera/worlds/actors/rival_chef_guard.png remapped: res://assets/opera/worlds/actors/rival_chef_guard.png
Loading resource: res://.godot/imported/rival_chef_guard.png-681802d5b3c14a74967dc098c77c2d70.s3tc.ctex remapped: res://.godot/imported/rival_chef_guard.png-681802d5b3c14a74967dc098c77c2d70.s3tc.ctex
Completed load for: 'res://assets/opera/worlds/actors/rival_chef_guard.png' remapped 'res://assets/opera/worlds/actors/rival_chef_guard.png' at thread -1
Loading resource: res://assets/opera/worlds/actors/rival_chef_stagger.png remapped: res://assets/opera/worlds/actors/rival_chef_stagger.png
Loading resource: res://.godot/imported/rival_chef_stagger.png-4483fdfb538c0c6a8121e30fbfc2dc4a.s3tc.ctex remapped: res://.godot/imported/rival_chef_stagger.png-4483fdfb538c0c6a8121e30fbfc2dc4a.s3tc.ctex
Completed load for: 'res://assets/opera/worlds/actors/rival_chef_stagger.png' remapped 'res://assets/opera/worlds/actors/rival_chef_stagger.png' at thread -1
Loading resource: res://assets/opera/worlds/actors/rival_chef_flee.png remapped: res://assets/opera/worlds/actors/rival_chef_flee.png
Loading resource: res://.godot/imported/rival_chef_flee.png-ac12146f9cc2e3eb85aa4951d735fdc8.s3tc.ctex remapped: res://.godot/imported/rival_chef_flee.png-ac12146f9cc2e3eb85aa4951d735fdc8.s3tc.ctex
Completed load for: 'res://assets/opera/worlds/actors/rival_chef_flee.png' remapped 'res://assets/opera/worlds/actors/rival_chef_flee.png' at thread -1
Loading resource: res://assets/opera/worlds/actors/rival_chef_taunt.png remapped: res://assets/opera/worlds/actors/rival_chef_taunt.png
Loading resource: res://.godot/imported/rival_chef_taunt.png-31a97cb0e4c18955a4e497a7d2acdb22.s3tc.ctex remapped: res://.godot/imported/rival_chef_taunt.png-31a97cb0e4c18955a4e497a7d2acdb22.s3tc.ctex
Completed load for: 'res://assets/opera/worlds/actors/rival_chef_taunt.png' remapped 'res://assets/opera/worlds/actors/rival_chef_taunt.png' at thread -1
Loading resource: res://assets/opera/worlds/actors/rival_chef_hop_a.png remapped: res://assets/opera/worlds/actors/rival_chef_hop_a.png
Loading resource: res://.godot/imported/rival_chef_hop_a.png-4ee494dffb2a86f7acfc727f379b7305.s3tc.ctex remapped: res://.godot/imported/rival_chef_hop_a.png-4ee494dffb2a86f7acfc727f379b7305.s3tc.ctex
Completed load for: 'res://assets/opera/worlds/actors/rival_chef_hop_a.png' remapped 'res://assets/opera/worlds/actors/rival_chef_hop_a.png' at thread -1
Loading resource: res://assets/opera/worlds/actors/rival_chef_hop_b.png remapped: res://assets/opera/worlds/actors/rival_chef_hop_b.png
Loading resource: res://.godot/imported/rival_chef_hop_b.png-c61e03499b064c3a7c8b04685a205bfd.s3tc.ctex remapped: res://.godot/imported/rival_chef_hop_b.png-c61e03499b064c3a7c8b04685a205bfd.s3tc.ctex
Completed load for: 'res://assets/opera/worlds/actors/rival_chef_hop_b.png' remapped 'res://assets/opera/worlds/actors/rival_chef_hop_b.png' at thread -1
Loading resource: res://assets/opera/worlds/actors/rival_chef_bow.png remapped: res://assets/opera/worlds/actors/rival_chef_bow.png
Loading resource: res://.godot/imported/rival_chef_bow.png-d2fd6fc40f5a42e5f64d3d1f0c6a3a4e.s3tc.ctex remapped: res://.godot/imported/rival_chef_bow.png-d2fd6fc40f5a42e5f64d3d1f0c6a3a4e.s3tc.ctex
Completed load for: 'res://assets/opera/worlds/actors/rival_chef_bow.png' remapped 'res://assets/opera/worlds/actors/rival_chef_bow.png' at thread -1
Loading resource: res://assets/opera/worlds/actors/imp_mischief.png remapped: res://assets/opera/worlds/actors/imp_mischief.png
Loading resource: res://.godot/imported/imp_mischief.png-2aa91762cfa121884fd7c941a480cd75.s3tc.ctex remapped: res://.godot/imported/imp_mischief.png-2aa91762cfa121884fd7c941a480cd75.s3tc.ctex
Completed load for: 'res://assets/opera/worlds/actors/imp_mischief.png' remapped 'res://assets/opera/worlds/actors/imp_mischief.png' at thread -1
Loading resource: res://assets/opera/worlds/actors/imp_mischief_windup.png remapped: res://assets/opera/worlds/actors/imp_mischief_windup.png
Loading resource: res://.godot/imported/imp_mischief_windup.png-27644fd709fe5393e0a8caad88b075b6.s3tc.ctex remapped: res://.godot/imported/imp_mischief_windup.png-27644fd709fe5393e0a8caad88b075b6.s3tc.ctex
Completed load for: 'res://assets/opera/worlds/actors/imp_mischief_windup.png' remapped 'res://assets/opera/worlds/actors/imp_mischief_windup.png' at thread -1
Loading resource: res://assets/opera/worlds/actors/imp_mischief_charge.png remapped: res://assets/opera/worlds/actors/imp_mischief_charge.png
Loading resource: res://.godot/imported/imp_mischief_charge.png-7651fd8a67674c1425677cc73b08a982.s3tc.ctex remapped: res://.godot/imported/imp_mischief_charge.png-7651fd8a67674c1425677cc73b08a982.s3tc.ctex
Completed load for: 'res://assets/opera/worlds/actors/imp_mischief_charge.png' remapped 'res://assets/opera/worlds/actors/imp_mischief_charge.png' at thread -1
Loading resource: res://assets/opera/worlds/actors/imp_mischief_slash.png remapped: res://assets/opera/worlds/actors/imp_mischief_slash.png
Loading resource: res://.godot/imported/imp_mischief_slash.png-feef3a7d575df712da4960aea92d00eb.s3tc.ctex remapped: res://.godot/imported/imp_mischief_slash.png-feef3a7d575df712da4960aea92d00eb.s3tc.ctex
Completed load for: 'res://assets/opera/worlds/actors/imp_mischief_slash.png' remapped 'res://assets/opera/worlds/actors/imp_mischief_slash.png' at thread -1
Loading resource: res://assets/opera/worlds/actors/imp_mischief_recover.png remapped: res://assets/opera/worlds/actors/imp_mischief_recover.png
Loading resource: res://.godot/imported/imp_mischief_recover.png-9993ae96041a390c9d56b99855a20323.s3tc.ctex remapped: res://.godot/imported/imp_mischief_recover.png-9993ae96041a390c9d56b99855a20323.s3tc.ctex
Completed load for: 'res://assets/opera/worlds/actors/imp_mischief_recover.png' remapped 'res://assets/opera/worlds/actors/imp_mischief_recover.png' at thread -1
Loading resource: res://assets/opera/worlds/actors/imp_mischief_guard.png remapped: res://assets/opera/worlds/actors/imp_mischief_guard.png
Loading resource: res://.godot/imported/imp_mischief_guard.png-e0b51eb2c2b687acd70ab7e0486431b4.s3tc.ctex remapped: res://.godot/imported/imp_mischief_guard.png-e0b51eb2c2b687acd70ab7e0486431b4.s3tc.ctex
Completed load for: 'res://assets/opera/worlds/actors/imp_mischief_guard.png' remapped 'res://assets/opera/worlds/actors/imp_mischief_guard.png' at thread -1
Loading resource: res://assets/opera/worlds/actors/imp_mischief_stagger.png remapped: res://assets/opera/worlds/actors/imp_mischief_stagger.png
Loading resource: res://.godot/imported/imp_mischief_stagger.png-deb400ff054c7a4631756e74bc75bffe.s3tc.ctex remapped: res://.godot/imported/imp_mischief_stagger.png-deb400ff054c7a4631756e74bc75bffe.s3tc.ctex
Completed load for: 'res://assets/opera/worlds/actors/imp_mischief_stagger.png' remapped 'res://assets/opera/worlds/actors/imp_mischief_stagger.png' at thread -1
Loading resource: res://assets/opera/worlds/actors/imp_mischief_flee.png remapped: res://assets/opera/worlds/actors/imp_mischief_flee.png
Loading resource: res://.godot/imported/imp_mischief_flee.png-75ab59cf13833ac1972e0ab1614b4de8.s3tc.ctex remapped: res://.godot/imported/imp_mischief_flee.png-75ab59cf13833ac1972e0ab1614b4de8.s3tc.ctex
Completed load for: 'res://assets/opera/worlds/actors/imp_mischief_flee.png' remapped 'res://assets/opera/worlds/actors/imp_mischief_flee.png' at thread -1
Loading resource: res://assets/opera/worlds/actors/imp_mischief_taunt.png remapped: res://assets/opera/worlds/actors/imp_mischief_taunt.png
Loading resource: res://.godot/imported/imp_mischief_taunt.png-a891d360a40c9485aea56227a041d6c9.s3tc.ctex remapped: res://.godot/imported/imp_mischief_taunt.png-a891d360a40c9485aea56227a041d6c9.s3tc.ctex
Completed load for: 'res://assets/opera/worlds/actors/imp_mischief_taunt.png' remapped 'res://assets/opera/worlds/actors/imp_mischief_taunt.png' at thread -1
Loading resource: res://assets/opera/worlds/actors/imp_mischief_bopped.png remapped: res://assets/opera/worlds/actors/imp_mischief_bopped.png
Loading resource: res://.godot/imported/imp_mischief_bopped.png-276c2d81098a757a1274ef356d58e20d.s3tc.ctex remapped: res://.godot/imported/imp_mischief_bopped.png-276c2d81098a757a1274ef356d58e20d.s3tc.ctex
Completed load for: 'res://assets/opera/worlds/actors/imp_mischief_bopped.png' remapped 'res://assets/opera/worlds/actors/imp_mischief_bopped.png' at thread -1
Loading resource: res://assets/opera/worlds/actors/imp_captain.png remapped: res://assets/opera/worlds/actors/imp_captain.png
Loading resource: res://.godot/imported/imp_captain.png-e46cb032a0f4e73284cb41534b78dba6.s3tc.ctex remapped: res://.godot/imported/imp_captain.png-e46cb032a0f4e73284cb41534b78dba6.s3tc.ctex
Completed load for: 'res://assets/opera/worlds/actors/imp_captain.png' remapped 'res://assets/opera/worlds/actors/imp_captain.png' at thread -1
Loading resource: res://assets/opera/worlds/actors/imp_captain_windup.png remapped: res://assets/opera/worlds/actors/imp_captain_windup.png
Loading resource: res://.godot/imported/imp_captain_windup.png-8943ae388fceff3a2b93abea186ce701.s3tc.ctex remapped: res://.godot/imported/imp_captain_windup.png-8943ae388fceff3a2b93abea186ce701.s3tc.ctex
Completed load for: 'res://assets/opera/worlds/actors/imp_captain_windup.png' remapped 'res://assets/opera/worlds/actors/imp_captain_windup.png' at thread -1
Loading resource: res://assets/opera/worlds/actors/imp_captain_charge.png remapped: res://assets/opera/worlds/actors/imp_captain_charge.png
Loading resource: res://.godot/imported/imp_captain_charge.png-ca0f6b738d6b7acf2d7d62bda85c3ee9.s3tc.ctex remapped: res://.godot/imported/imp_captain_charge.png-ca0f6b738d6b7acf2d7d62bda85c3ee9.s3tc.ctex
Completed load for: 'res://assets/opera/worlds/actors/imp_captain_charge.png' remapped 'res://assets/opera/worlds/actors/imp_captain_charge.png' at thread -1
Loading resource: res://assets/opera/worlds/actors/imp_captain_slash.png remapped: res://assets/opera/worlds/actors/imp_captain_slash.png
Loading resource: res://.godot/imported/imp_captain_slash.png-c2f505657f2b06bee95b1e51e1c49129.s3tc.ctex remapped: res://.godot/imported/imp_captain_slash.png-c2f505657f2b06bee95b1e51e1c49129.s3tc.ctex
Completed load for: 'res://assets/opera/worlds/actors/imp_captain_slash.png' remapped 'res://assets/opera/worlds/actors/imp_captain_slash.png' at thread -1
Loading resource: res://assets/opera/worlds/actors/imp_captain_recover.png remapped: res://assets/opera/worlds/actors/imp_captain_recover.png
Loading resource: res://.godot/imported/imp_captain_recover.png-542263c7b6fc37fb29210456149073b0.s3tc.ctex remapped: res://.godot/imported/imp_captain_recover.png-542263c7b6fc37fb29210456149073b0.s3tc.ctex
Completed load for: 'res://assets/opera/worlds/actors/imp_captain_recover.png' remapped 'res://assets/opera/worlds/actors/imp_captain_recover.png' at thread -1
Loading resource: res://assets/opera/worlds/actors/imp_captain_guard.png remapped: res://assets/opera/worlds/actors/imp_captain_guard.png
Loading resource: res://.godot/imported/imp_captain_guard.png-e89585bc394d3dca313907cb2224501f.s3tc.ctex remapped: res://.godot/imported/imp_captain_guard.png-e89585bc394d3dca313907cb2224501f.s3tc.ctex
Completed load for: 'res://assets/opera/worlds/actors/imp_captain_guard.png' remapped 'res://assets/opera/worlds/actors/imp_captain_guard.png' at thread -1
Loading resource: res://assets/opera/worlds/actors/imp_captain_stagger.png remapped: res://assets/opera/worlds/actors/imp_captain_stagger.png
Loading resource: res://.godot/imported/imp_captain_stagger.png-f0d86df4f11e14a3c5b3094eb10f0acb.s3tc.ctex remapped: res://.godot/imported/imp_captain_stagger.png-f0d86df4f11e14a3c5b3094eb10f0acb.s3tc.ctex
Completed load for: 'res://assets/opera/worlds/actors/imp_captain_stagger.png' remapped 'res://assets/opera/worlds/actors/imp_captain_stagger.png' at thread -1
Loading resource: res://assets/opera/worlds/actors/imp_captain_flee.png remapped: res://assets/opera/worlds/actors/imp_captain_flee.png
Loading resource: res://.godot/imported/imp_captain_flee.png-10494cd923c0d79bdd4a59cef42f4027.s3tc.ctex remapped: res://.godot/imported/imp_captain_flee.png-10494cd923c0d79bdd4a59cef42f4027.s3tc.ctex
Completed load for: 'res://assets/opera/worlds/actors/imp_captain_flee.png' remapped 'res://assets/opera/worlds/actors/imp_captain_flee.png' at thread -1
Loading resource: res://assets/opera/worlds/actors/imp_captain_taunt.png remapped: res://assets/opera/worlds/actors/imp_captain_taunt.png
Loading resource: res://.godot/imported/imp_captain_taunt.png-954edfe43d7f3d0d339d9dcee7736514.s3tc.ctex remapped: res://.godot/imported/imp_captain_taunt.png-954edfe43d7f3d0d339d9dcee7736514.s3tc.ctex
Completed load for: 'res://assets/opera/worlds/actors/imp_captain_taunt.png' remapped 'res://assets/opera/worlds/actors/imp_captain_taunt.png' at thread -1
Loading resource: res://assets/opera/worlds/actors/imp_captain_bopped.png remapped: res://assets/opera/worlds/actors/imp_captain_bopped.png
Loading resource: res://.godot/imported/imp_captain_bopped.png-7b18e453603e8a4113fd2cbb62ded9b6.s3tc.ctex remapped: res://.godot/imported/imp_captain_bopped.png-7b18e453603e8a4113fd2cbb62ded9b6.s3tc.ctex
Completed load for: 'res://assets/opera/worlds/actors/imp_captain_bopped.png' remapped 'res://assets/opera/worlds/actors/imp_captain_bopped.png' at thread -1
Loading resource: res://assets/audio/voices/filler_v1/roshan_op_chef_bake_stage.ogg remapped: res://assets/audio/voices/filler_v1/roshan_op_chef_bake_stage.ogg
Loading resource: res://.godot/imported/roshan_op_chef_bake_stage.ogg-c47419e6ee731e778fb205b152e10476.oggvorbisstr remapped: res://.godot/imported/roshan_op_chef_bake_stage.ogg-c47419e6ee731e778fb205b152e10476.oggvorbisstr
Completed load for: 'res://assets/audio/voices/filler_v1/roshan_op_chef_bake_stage.ogg' remapped 'res://assets/audio/voices/filler_v1/roshan_op_chef_bake_stage.ogg' at thread -1
Loading resource: res://assets/opera/worlds/widgets/widget_gauge_shared_needle.png remapped: res://assets/opera/worlds/widgets/widget_gauge_shared_needle.png
Loading resource: res://.godot/imported/widget_gauge_shared_needle.png-f41f147791e46975e528730104ab95e4.s3tc.ctex remapped: res://.godot/imported/widget_gauge_shared_needle.png-f41f147791e46975e528730104ab95e4.s3tc.ctex
Completed load for: 'res://assets/opera/worlds/widgets/widget_gauge_shared_needle.png' remapped 'res://assets/opera/worlds/widgets/widget_gauge_shared_needle.png' at thread -1
Loading resource: res://assets/opera/worlds/widgets/widget_gauge_chef_success.png remapped: res://assets/opera/worlds/widgets/widget_gauge_chef_success.png
Loading resource: res://.godot/imported/widget_gauge_chef_success.png-baafe47fba4053d31d234edaf9badfd0.ctex remapped: res://.godot/imported/widget_gauge_chef_success.png-baafe47fba4053d31d234edaf9badfd0.ctex
Completed load for: 'res://assets/opera/worlds/widgets/widget_gauge_chef_success.png' remapped 'res://assets/opera/worlds/widgets/widget_gauge_chef_success.png' at thread -1
Loading resource: res://assets/opera/worlds/props/goal_chef.png remapped: res://assets/opera/worlds/props/goal_chef.png
Loading resource: res://.godot/imported/goal_chef.png-d27376d8c22e2026b9b3c4d46ee30175.s3tc.ctex remapped: res://.godot/imported/goal_chef.png-d27376d8c22e2026b9b3c4d46ee30175.s3tc.ctex
Completed load for: 'res://assets/opera/worlds/props/goal_chef.png' remapped 'res://assets/opera/worlds/props/goal_chef.png' at thread -1
Loading resource: res://assets/opera/worlds/widgets/widget_gauge_shared_needle.png remapped: res://assets/opera/worlds/widgets/widget_gauge_shared_needle.png
Loading resource: res://.godot/imported/widget_gauge_shared_needle.png-f41f147791e46975e528730104ab95e4.s3tc.ctex remapped: res://.godot/imported/widget_gauge_shared_needle.png-f41f147791e46975e528730104ab95e4.s3tc.ctex
Completed load for: 'res://assets/opera/worlds/widgets/widget_gauge_shared_needle.png' remapped 'res://assets/opera/worlds/widgets/widget_gauge_shared_needle.png' at thread -1
Loading resource: res://assets/opera/worlds/widgets/widget_gauge_chef_success.png remapped: res://assets/opera/worlds/widgets/widget_gauge_chef_success.png
Loading resource: res://.godot/imported/widget_gauge_chef_success.png-baafe47fba4053d31d234edaf9badfd0.ctex remapped: res://.godot/imported/widget_gauge_chef_success.png-baafe47fba4053d31d234edaf9badfd0.ctex
Completed load for: 'res://assets/opera/worlds/widgets/widget_gauge_chef_success.png' remapped 'res://assets/opera/worlds/widgets/widget_gauge_chef_success.png' at thread -1
CHAPTER2_FARMER_RESUME|Chef phase 2 owns one room-coordinate surface: OK
CHAPTER2_FARMER_RESUME|Chef native props stay behind the foreground actor: OK
CHAPTER2_FARMER_RESUME|Chef phase 2 passive demo earns nothing: OK
CHAPTER2_FARMER_RESUME|Chef phase 2 physical endpoint completes the world: OK
Loading resource: res://assets/opera/worlds/ui/magnifier.png remapped: res://assets/opera/worlds/ui/magnifier.png
Loading resource: res://.godot/imported/magnifier.png-def06d7a41c5772f787cbecf1fb0c089.s3tc.ctex remapped: res://.godot/imported/magnifier.png-def06d7a41c5772f787cbecf1fb0c089.s3tc.ctex
Completed load for: 'res://assets/opera/worlds/ui/magnifier.png' remapped 'res://assets/opera/worlds/ui/magnifier.png' at thread -1
Loading resource: res://assets/opera/worlds/backdrops/world_chef.png remapped: res://assets/opera/worlds/backdrops/world_chef.png
Loading resource: res://.godot/imported/world_chef.png-ef6ca0dee3242fe8c57ffeff3f7a3325.ctex remapped: res://.godot/imported/world_chef.png-ef6ca0dee3242fe8c57ffeff3f7a3325.ctex
Completed load for: 'res://assets/opera/worlds/backdrops/world_chef.png' remapped 'res://assets/opera/worlds/backdrops/world_chef.png' at thread -1
Loading resource: res://assets/opera/worlds/backdrops/chef_story_clean_v1/world_chef_c0r0.png remapped: res://assets/opera/worlds/backdrops/chef_story_clean_v1/world_chef_c0r0.png
Loading resource: res://.godot/imported/world_chef_c0r0.png-0ece24d10e6f92afefe881c990eca893.s3tc.ctex remapped: res://.godot/imported/world_chef_c0r0.png-0ece24d10e6f92afefe881c990eca893.s3tc.ctex
Completed load for: 'res://assets/opera/worlds/backdrops/chef_story_clean_v1/world_chef_c0r0.png' remapped 'res://assets/opera/worlds/backdrops/chef_story_clean_v1/world_chef_c0r0.png' at thread -1
Loading resource: res://assets/opera/worlds/backdrops/chef_story_clean_v1/world_chef_c1r0.png remapped: res://assets/opera/worlds/backdrops/chef_story_clean_v1/world_chef_c1r0.png
Loading resource: res://.godot/imported/world_chef_c1r0.png-b86b61ecf9b65721574a81cb630d2ede.s3tc.ctex remapped: res://.godot/imported/world_chef_c1r0.png-b86b61ecf9b65721574a81cb630d2ede.s3tc.ctex
Completed load for: 'res://assets/opera/worlds/backdrops/chef_story_clean_v1/world_chef_c1r0.png' remapped 'res://assets/opera/worlds/backdrops/chef_story_clean_v1/world_chef_c1r0.png' at thread -1
Loading resource: res://assets/opera/worlds/backdrops/chef_story_clean_v1/world_chef_c0r1.png remapped: res://assets/opera/worlds/backdrops/chef_story_clean_v1/world_chef_c0r1.png
Loading resource: res://.godot/imported/world_chef_c0r1.png-6019a3e1b274d569c3088830cef4729b.s3tc.ctex remapped: res://.godot/imported/world_chef_c0r1.png-6019a3e1b274d569c3088830cef4729b.s3tc.ctex
Completed load for: 'res://assets/opera/worlds/backdrops/chef_story_clean_v1/world_chef_c0r1.png' remapped 'res://assets/opera/worlds/backdrops/chef_story_clean_v1/world_chef_c0r1.png' at thread -1
Loading resource: res://assets/opera/worlds/backdrops/chef_story_clean_v1/world_chef_c1r1.png remapped: res://assets/opera/worlds/backdrops/chef_story_clean_v1/world_chef_c1r1.png
Loading resource: res://.godot/imported/world_chef_c1r1.png-086c7fbfc39327d6bf09dea116fbb824.s3tc.ctex remapped: res://.godot/imported/world_chef_c1r1.png-086c7fbfc39327d6bf09dea116fbb824.s3tc.ctex
Completed load for: 'res://assets/opera/worlds/backdrops/chef_story_clean_v1/world_chef_c1r1.png' remapped 'res://assets/opera/worlds/backdrops/chef_story_clean_v1/world_chef_c1r1.png' at thread -1
Loading resource: res://assets/opera/worlds/backdrops/stage_chef_c0r0.png remapped: res://assets/opera/worlds/backdrops/stage_chef_c0r0.png
Loading resource: res://.godot/imported/stage_chef_c0r0.png-cc29211ddce9c8eb5ea02bb2f004767f.s3tc.ctex remapped: res://.godot/imported/stage_chef_c0r0.png-cc29211ddce9c8eb5ea02bb2f004767f.s3tc.ctex
Completed load for: 'res://assets/opera/worlds/backdrops/stage_chef_c0r0.png' remapped 'res://assets/opera/worlds/backdrops/stage_chef_c0r0.png' at thread -1
Loading resource: res://assets/opera/worlds/backdrops/stage_chef_c1r0.png remapped: res://assets/opera/worlds/backdrops/stage_chef_c1r0.png
Loading resource: res://.godot/imported/stage_chef_c1r0.png-192ef867e0aaac991da08dfe0b268abb.s3tc.ctex remapped: res://.godot/imported/stage_chef_c1r0.png-192ef867e0aaac991da08dfe0b268abb.s3tc.ctex
Completed load for: 'res://assets/opera/worlds/backdrops/stage_chef_c1r0.png' remapped 'res://assets/opera/worlds/backdrops/stage_chef_c1r0.png' at thread -1
Loading resource: res://assets/opera/worlds/backdrops/stage_chef_c0r1.png remapped: res://assets/opera/worlds/backdrops/stage_chef_c0r1.png
Loading resource: res://.godot/imported/stage_chef_c0r1.png-fa08fc12d8940ebdcaaf79672c5e43a3.s3tc.ctex remapped: res://.godot/imported/stage_chef_c0r1.png-fa08fc12d8940ebdcaaf79672c5e43a3.s3tc.ctex
Completed load for: 'res://assets/opera/worlds/backdrops/stage_chef_c0r1.png' remapped 'res://assets/opera/worlds/backdrops/stage_chef_c0r1.png' at thread -1
Loading resource: res://assets/opera/worlds/backdrops/stage_chef_c1r1.png remapped: res://assets/opera/worlds/backdrops/stage_chef_c1r1.png
Loading resource: res://.godot/imported/stage_chef_c1r1.png-205194b94ea589b7253dce7b86e817a7.s3tc.ctex remapped: res://.godot/imported/stage_chef_c1r1.png-205194b94ea589b7253dce7b86e817a7.s3tc.ctex
Completed load for: 'res://assets/opera/worlds/backdrops/stage_chef_c1r1.png' remapped 'res://assets/opera/worlds/backdrops/stage_chef_c1r1.png' at thread -1
Loading resource: res://assets/chapter2/birthday/chapter2_chef_baked_tiers_unstacked.png remapped: res://assets/chapter2/birthday/chapter2_chef_baked_tiers_unstacked.png
Loading resource: res://.godot/imported/chapter2_chef_baked_tiers_unstacked.png-61b77c80f512d1b7982c44f08b0efc86.ctex remapped: res://.godot/imported/chapter2_chef_baked_tiers_unstacked.png-61b77c80f512d1b7982c44f08b0efc86.ctex
Completed load for: 'res://assets/chapter2/birthday/chapter2_chef_baked_tiers_unstacked.png' remapped 'res://assets/chapter2/birthday/chapter2_chef_baked_tiers_unstacked.png' at thread -1
Loading resource: res://assets/opera/worlds/actors/roshan_chef.png remapped: res://assets/opera/worlds/actors/roshan_chef.png
Loading resource: res://.godot/imported/roshan_chef.png-bc782154b95629319a4783a7946abf7a.s3tc.ctex remapped: res://.godot/imported/roshan_chef.png-bc782154b95629319a4783a7946abf7a.s3tc.ctex
Completed load for: 'res://assets/opera/worlds/actors/roshan_chef.png' remapped 'res://assets/opera/worlds/actors/roshan_chef.png' at thread -1
Loading resource: res://assets/opera/worlds/actors/animation/roshan_chef_sheet_a.png remapped: res://assets/opera/worlds/actors/animation/roshan_chef_sheet_a.png
Loading resource: res://.godot/imported/roshan_chef_sheet_a.png-4ec4a75ade66f00d68e03c6b5e93b0ec.ctex remapped: res://.godot/imported/roshan_chef_sheet_a.png-4ec4a75ade66f00d68e03c6b5e93b0ec.ctex
Completed load for: 'res://assets/opera/worlds/actors/animation/roshan_chef_sheet_a.png' remapped 'res://assets/opera/worlds/actors/animation/roshan_chef_sheet_a.png' at thread -1
Loading resource: res://assets/opera/worlds/actors/rival_chef.png remapped: res://assets/opera/worlds/actors/rival_chef.png
Loading resource: res://.godot/imported/rival_chef.png-2eef5f226867e382a410b29d539aa19d.s3tc.ctex remapped: res://.godot/imported/rival_chef.png-2eef5f226867e382a410b29d539aa19d.s3tc.ctex
Completed load for: 'res://assets/opera/worlds/actors/rival_chef.png' remapped 'res://assets/opera/worlds/actors/rival_chef.png' at thread -1
Loading resource: res://assets/opera/worlds/props/fx_bop_puff.png remapped: res://assets/opera/worlds/props/fx_bop_puff.png
Loading resource: res://.godot/imported/fx_bop_puff.png-44d6a8b8f3875802302bda4fdd154827.s3tc.ctex remapped: res://.godot/imported/fx_bop_puff.png-44d6a8b8f3875802302bda4fdd154827.s3tc.ctex
Completed load for: 'res://assets/opera/worlds/props/fx_bop_puff.png' remapped 'res://assets/opera/worlds/props/fx_bop_puff.png' at thread -1
Loading resource: res://assets/opera/worlds/actors/imp_mischief.png remapped: res://assets/opera/worlds/actors/imp_mischief.png
Loading resource: res://.godot/imported/imp_mischief.png-2aa91762cfa121884fd7c941a480cd75.s3tc.ctex remapped: res://.godot/imported/imp_mischief.png-2aa91762cfa121884fd7c941a480cd75.s3tc.ctex
Completed load for: 'res://assets/opera/worlds/actors/imp_mischief.png' remapped 'res://assets/opera/worlds/actors/imp_mischief.png' at thread -1
Loading resource: res://assets/opera/worlds/actors/imp_mischief_bopped.png remapped: res://assets/opera/worlds/actors/imp_mischief_bopped.png
Loading resource: res://.godot/imported/imp_mischief_bopped.png-276c2d81098a757a1274ef356d58e20d.s3tc.ctex remapped: res://.godot/imported/imp_mischief_bopped.png-276c2d81098a757a1274ef356d58e20d.s3tc.ctex
Completed load for: 'res://assets/opera/worlds/actors/imp_mischief_bopped.png' remapped 'res://assets/opera/worlds/actors/imp_mischief_bopped.png' at thread -1
Loading resource: res://assets/opera/worlds/actors/imp_mischief_bow.png remapped: res://assets/opera/worlds/actors/imp_mischief_bow.png
Loading resource: res://.godot/imported/imp_mischief_bow.png-643f90847c4113e6a65aff5fa7b6c3e8.s3tc.ctex remapped: res://.godot/imported/imp_mischief_bow.png-643f90847c4113e6a65aff5fa7b6c3e8.s3tc.ctex
Completed load for: 'res://assets/opera/worlds/actors/imp_mischief_bow.png' remapped 'res://assets/opera/worlds/actors/imp_mischief_bow.png' at thread -1
Loading resource: res://assets/opera/worlds/actors/imp_captain.png remapped: res://assets/opera/worlds/actors/imp_captain.png
Loading resource: res://.godot/imported/imp_captain.png-e46cb032a0f4e73284cb41534b78dba6.s3tc.ctex remapped: res://.godot/imported/imp_captain.png-e46cb032a0f4e73284cb41534b78dba6.s3tc.ctex
Completed load for: 'res://assets/opera/worlds/actors/imp_captain.png' remapped 'res://assets/opera/worlds/actors/imp_captain.png' at thread -1
Loading resource: res://assets/opera/worlds/actors/imp_captain_bopped.png remapped: res://assets/opera/worlds/actors/imp_captain_bopped.png
Loading resource: res://.godot/imported/imp_captain_bopped.png-7b18e453603e8a4113fd2cbb62ded9b6.s3tc.ctex remapped: res://.godot/imported/imp_captain_bopped.png-7b18e453603e8a4113fd2cbb62ded9b6.s3tc.ctex
Completed load for: 'res://assets/opera/worlds/actors/imp_captain_bopped.png' remapped 'res://assets/opera/worlds/actors/imp_captain_bopped.png' at thread -1
Loading resource: res://assets/opera/worlds/actors/imp_captain_bow.png remapped: res://assets/opera/worlds/actors/imp_captain_bow.png
Loading resource: res://.godot/imported/imp_captain_bow.png-12497944600f3a910cccf5033db21fec.s3tc.ctex remapped: res://.godot/imported/imp_captain_bow.png-12497944600f3a910cccf5033db21fec.s3tc.ctex
Completed load for: 'res://assets/opera/worlds/actors/imp_captain_bow.png' remapped 'res://assets/opera/worlds/actors/imp_captain_bow.png' at thread -1
Loading resource: res://assets/opera/worlds/props/fx_telegraph_ring.png remapped: res://assets/opera/worlds/props/fx_telegraph_ring.png
Loading resource: res://.godot/imported/fx_telegraph_ring.png-a5607cfab59aaf797e0ebc0e0d630b71.s3tc.ctex remapped: res://.godot/imported/fx_telegraph_ring.png-a5607cfab59aaf797e0ebc0e0d630b71.s3tc.ctex
Completed load for: 'res://assets/opera/worlds/props/fx_telegraph_ring.png' remapped 'res://assets/opera/worlds/props/fx_telegraph_ring.png' at thread -1
Loading resource: res://assets/opera/worlds/props/fx_telegraph_bang.png remapped: res://assets/opera/worlds/props/fx_telegraph_bang.png
Loading resource: res://.godot/imported/fx_telegraph_bang.png-5e57510f37f0277a1436815b2f5303f5.s3tc.ctex remapped: res://.godot/imported/fx_telegraph_bang.png-5e57510f37f0277a1436815b2f5303f5.s3tc.ctex
Completed load for: 'res://assets/opera/worlds/props/fx_telegraph_bang.png' remapped 'res://assets/opera/worlds/props/fx_telegraph_bang.png' at thread -1
Loading resource: res://assets/opera/worlds/props/fx_slash_arc.png remapped: res://assets/opera/worlds/props/fx_slash_arc.png
Loading resource: res://.godot/imported/fx_slash_arc.png-06c01e57545f44970f1e9749d78c8c7b.s3tc.ctex remapped: res://.godot/imported/fx_slash_arc.png-06c01e57545f44970f1e9749d78c8c7b.s3tc.ctex
Completed load for: 'res://assets/opera/worlds/props/fx_slash_arc.png' remapped 'res://assets/opera/worlds/props/fx_slash_arc.png' at thread -1
Loading resource: res://assets/opera/worlds/props/fx_dizzy_stars.png remapped: res://assets/opera/worlds/props/fx_dizzy_stars.png
Loading resource: res://.godot/imported/fx_dizzy_stars.png-e249bf547dbb4ae001be7738fcb2de24.s3tc.ctex remapped: res://.godot/imported/fx_dizzy_stars.png-e249bf547dbb4ae001be7738fcb2de24.s3tc.ctex
Completed load for: 'res://assets/opera/worlds/props/fx_dizzy_stars.png' remapped 'res://assets/opera/worlds/props/fx_dizzy_stars.png' at thread -1
Loading resource: res://assets/opera/worlds/actors/rival_chef_bopped.png remapped: res://assets/opera/worlds/actors/rival_chef_bopped.png
Loading resource: res://.godot/imported/rival_chef_bopped.png-a958e09708c682c295f572716a60e912.s3tc.ctex remapped: res://.godot/imported/rival_chef_bopped.png-a958e09708c682c295f572716a60e912.s3tc.ctex
Completed load for: 'res://assets/opera/worlds/actors/rival_chef_bopped.png' remapped 'res://assets/opera/worlds/actors/rival_chef_bopped.png' at thread -1
Loading resource: res://assets/opera/worlds/actors/rival_chef_windup.png remapped: res://assets/opera/worlds/actors/rival_chef_windup.png
Loading resource: res://.godot/imported/rival_chef_windup.png-f9813cf59d06c30dd766049c9c0390da.s3tc.ctex remapped: res://.godot/imported/rival_chef_windup.png-f9813cf59d06c30dd766049c9c0390da.s3tc.ctex
Completed load for: 'res://assets/opera/worlds/actors/rival_chef_windup.png' remapped 'res://assets/opera/worlds/actors/rival_chef_windup.png' at thread -1
Loading resource: res://assets/opera/worlds/actors/rival_chef_charge.png remapped: res://assets/opera/worlds/actors/rival_chef_charge.png
Loading resource: res://.godot/imported/rival_chef_charge.png-b77b9ce0ecdb43770202bb02ab20497c.s3tc.ctex remapped: res://.godot/imported/rival_chef_charge.png-b77b9ce0ecdb43770202bb02ab20497c.s3tc.ctex
Completed load for: 'res://assets/opera/worlds/actors/rival_chef_charge.png' remapped 'res://assets/opera/worlds/actors/rival_chef_charge.png' at thread -1
Loading resource: res://assets/opera/worlds/actors/rival_chef_slash.png remapped: res://assets/opera/worlds/actors/rival_chef_slash.png
Loading resource: res://.godot/imported/rival_chef_slash.png-86d13b64a3548479071cb37cba647d50.s3tc.ctex remapped: res://.godot/imported/rival_chef_slash.png-86d13b64a3548479071cb37cba647d50.s3tc.ctex
Completed load for: 'res://assets/opera/worlds/actors/rival_chef_slash.png' remapped 'res://assets/opera/worlds/actors/rival_chef_slash.png' at thread -1
Loading resource: res://assets/opera/worlds/actors/rival_chef_recover.png remapped: res://assets/opera/worlds/actors/rival_chef_recover.png
Loading resource: res://.godot/imported/rival_chef_recover.png-ce8a2f6ee2a0834a6a528e42ac87cdee.s3tc.ctex remapped: res://.godot/imported/rival_chef_recover.png-ce8a2f6ee2a0834a6a528e42ac87cdee.s3tc.ctex
Completed load for: 'res://assets/opera/worlds/actors/rival_chef_recover.png' remapped 'res://assets/opera/worlds/actors/rival_chef_recover.png' at thread -1
Loading resource: res://assets/opera/worlds/actors/rival_chef_guard.png remapped: res://assets/opera/worlds/actors/rival_chef_guard.png
Loading resource: res://.godot/imported/rival_chef_guard.png-681802d5b3c14a74967dc098c77c2d70.s3tc.ctex remapped: res://.godot/imported/rival_chef_guard.png-681802d5b3c14a74967dc098c77c2d70.s3tc.ctex
Completed load for: 'res://assets/opera/worlds/actors/rival_chef_guard.png' remapped 'res://assets/opera/worlds/actors/rival_chef_guard.png' at thread -1
Loading resource: res://assets/opera/worlds/actors/rival_chef_stagger.png remapped: res://assets/opera/worlds/actors/rival_chef_stagger.png
Loading resource: res://.godot/imported/rival_chef_stagger.png-4483fdfb538c0c6a8121e30fbfc2dc4a.s3tc.ctex remapped: res://.godot/imported/rival_chef_stagger.png-4483fdfb538c0c6a8121e30fbfc2dc4a.s3tc.ctex
Completed load for: 'res://assets/opera/worlds/actors/rival_chef_stagger.png' remapped 'res://assets/opera/worlds/actors/rival_chef_stagger.png' at thread -1
Loading resource: res://assets/opera/worlds/actors/rival_chef_flee.png remapped: res://assets/opera/worlds/actors/rival_chef_flee.png
Loading resource: res://.godot/imported/rival_chef_flee.png-ac12146f9cc2e3eb85aa4951d735fdc8.s3tc.ctex remapped: res://.godot/imported/rival_chef_flee.png-ac12146f9cc2e3eb85aa4951d735fdc8.s3tc.ctex
Completed load for: 'res://assets/opera/worlds/actors/rival_chef_flee.png' remapped 'res://assets/opera/worlds/actors/rival_chef_flee.png' at thread -1
Loading resource: res://assets/opera/worlds/actors/rival_chef_taunt.png remapped: res://assets/opera/worlds/actors/rival_chef_taunt.png
Loading resource: res://.godot/imported/rival_chef_taunt.png-31a97cb0e4c18955a4e497a7d2acdb22.s3tc.ctex remapped: res://.godot/imported/rival_chef_taunt.png-31a97cb0e4c18955a4e497a7d2acdb22.s3tc.ctex
Completed load for: 'res://assets/opera/worlds/actors/rival_chef_taunt.png' remapped 'res://assets/opera/worlds/actors/rival_chef_taunt.png' at thread -1
Loading resource: res://assets/opera/worlds/actors/rival_chef_hop_a.png remapped: res://assets/opera/worlds/actors/rival_chef_hop_a.png
Loading resource: res://.godot/imported/rival_chef_hop_a.png-4ee494dffb2a86f7acfc727f379b7305.s3tc.ctex remapped: res://.godot/imported/rival_chef_hop_a.png-4ee494dffb2a86f7acfc727f379b7305.s3tc.ctex
Completed load for: 'res://assets/opera/worlds/actors/rival_chef_hop_a.png' remapped 'res://assets/opera/worlds/actors/rival_chef_hop_a.png' at thread -1
Loading resource: res://assets/opera/worlds/actors/rival_chef_hop_b.png remapped: res://assets/opera/worlds/actors/rival_chef_hop_b.png
Loading resource: res://.godot/imported/rival_chef_hop_b.png-c61e03499b064c3a7c8b04685a205bfd.s3tc.ctex remapped: res://.godot/imported/rival_chef_hop_b.png-c61e03499b064c3a7c8b04685a205bfd.s3tc.ctex
Completed load for: 'res://assets/opera/worlds/actors/rival_chef_hop_b.png' remapped 'res://assets/opera/worlds/actors/rival_chef_hop_b.png' at thread -1
Loading resource: res://assets/opera/worlds/actors/rival_chef_bow.png remapped: res://assets/opera/worlds/actors/rival_chef_bow.png
Loading resource: res://.godot/imported/rival_chef_bow.png-d2fd6fc40f5a42e5f64d3d1f0c6a3a4e.s3tc.ctex remapped: res://.godot/imported/rival_chef_bow.png-d2fd6fc40f5a42e5f64d3d1f0c6a3a4e.s3tc.ctex
Completed load for: 'res://assets/opera/worlds/actors/rival_chef_bow.png' remapped 'res://assets/opera/worlds/actors/rival_chef_bow.png' at thread -1
Loading resource: res://assets/opera/worlds/actors/imp_mischief.png remapped: res://assets/opera/worlds/actors/imp_mischief.png
Loading resource: res://.godot/imported/imp_mischief.png-2aa91762cfa121884fd7c941a480cd75.s3tc.ctex remapped: res://.godot/imported/imp_mischief.png-2aa91762cfa121884fd7c941a480cd75.s3tc.ctex
Completed load for: 'res://assets/opera/worlds/actors/imp_mischief.png' remapped 'res://assets/opera/worlds/actors/imp_mischief.png' at thread -1
Loading resource: res://assets/opera/worlds/actors/imp_mischief_windup.png remapped: res://assets/opera/worlds/actors/imp_mischief_windup.png
Loading resource: res://.godot/imported/imp_mischief_windup.png-27644fd709fe5393e0a8caad88b075b6.s3tc.ctex remapped: res://.godot/imported/imp_mischief_windup.png-27644fd709fe5393e0a8caad88b075b6.s3tc.ctex
Completed load for: 'res://assets/opera/worlds/actors/imp_mischief_windup.png' remapped 'res://assets/opera/worlds/actors/imp_mischief_windup.png' at thread -1
Loading resource: res://assets/opera/worlds/actors/imp_mischief_charge.png remapped: res://assets/opera/worlds/actors/imp_mischief_charge.png
Loading resource: res://.godot/imported/imp_mischief_charge.png-7651fd8a67674c1425677cc73b08a982.s3tc.ctex remapped: res://.godot/imported/imp_mischief_charge.png-7651fd8a67674c1425677cc73b08a982.s3tc.ctex
Completed load for: 'res://assets/opera/worlds/actors/imp_mischief_charge.png' remapped 'res://assets/opera/worlds/actors/imp_mischief_charge.png' at thread -1
Loading resource: res://assets/opera/worlds/actors/imp_mischief_slash.png remapped: res://assets/opera/worlds/actors/imp_mischief_slash.png
Loading resource: res://.godot/imported/imp_mischief_slash.png-feef3a7d575df712da4960aea92d00eb.s3tc.ctex remapped: res://.godot/imported/imp_mischief_slash.png-feef3a7d575df712da4960aea92d00eb.s3tc.ctex
Completed load for: 'res://assets/opera/worlds/actors/imp_mischief_slash.png' remapped 'res://assets/opera/worlds/actors/imp_mischief_slash.png' at thread -1
Loading resource: res://assets/opera/worlds/actors/imp_mischief_recover.png remapped: res://assets/opera/worlds/actors/imp_mischief_recover.png
Loading resource: res://.godot/imported/imp_mischief_recover.png-9993ae96041a390c9d56b99855a20323.s3tc.ctex remapped: res://.godot/imported/imp_mischief_recover.png-9993ae96041a390c9d56b99855a20323.s3tc.ctex
Completed load for: 'res://assets/opera/worlds/actors/imp_mischief_recover.png' remapped 'res://assets/opera/worlds/actors/imp_mischief_recover.png' at thread -1
Loading resource: res://assets/opera/worlds/actors/imp_mischief_guard.png remapped: res://assets/opera/worlds/actors/imp_mischief_guard.png
Loading resource: res://.godot/imported/imp_mischief_guard.png-e0b51eb2c2b687acd70ab7e0486431b4.s3tc.ctex remapped: res://.godot/imported/imp_mischief_guard.png-e0b51eb2c2b687acd70ab7e0486431b4.s3tc.ctex
Completed load for: 'res://assets/opera/worlds/actors/imp_mischief_guard.png' remapped 'res://assets/opera/worlds/actors/imp_mischief_guard.png' at thread -1
Loading resource: res://assets/opera/worlds/actors/imp_mischief_stagger.png remapped: res://assets/opera/worlds/actors/imp_mischief_stagger.png
Loading resource: res://.godot/imported/imp_mischief_stagger.png-deb400ff054c7a4631756e74bc75bffe.s3tc.ctex remapped: res://.godot/imported/imp_mischief_stagger.png-deb400ff054c7a4631756e74bc75bffe.s3tc.ctex
Completed load for: 'res://assets/opera/worlds/actors/imp_mischief_stagger.png' remapped 'res://assets/opera/worlds/actors/imp_mischief_stagger.png' at thread -1
Loading resource: res://assets/opera/worlds/actors/imp_mischief_flee.png remapped: res://assets/opera/worlds/actors/imp_mischief_flee.png
Loading resource: res://.godot/imported/imp_mischief_flee.png-75ab59cf13833ac1972e0ab1614b4de8.s3tc.ctex remapped: res://.godot/imported/imp_mischief_flee.png-75ab59cf13833ac1972e0ab1614b4de8.s3tc.ctex
Completed load for: 'res://assets/opera/worlds/actors/imp_mischief_flee.png' remapped 'res://assets/opera/worlds/actors/imp_mischief_flee.png' at thread -1
Loading resource: res://assets/opera/worlds/actors/imp_mischief_taunt.png remapped: res://assets/opera/worlds/actors/imp_mischief_taunt.png
Loading resource: res://.godot/imported/imp_mischief_taunt.png-a891d360a40c9485aea56227a041d6c9.s3tc.ctex remapped: res://.godot/imported/imp_mischief_taunt.png-a891d360a40c9485aea56227a041d6c9.s3tc.ctex
Completed load for: 'res://assets/opera/worlds/actors/imp_mischief_taunt.png' remapped 'res://assets/opera/worlds/actors/imp_mischief_taunt.png' at thread -1
Loading resource: res://assets/opera/worlds/actors/imp_mischief_bopped.png remapped: res://assets/opera/worlds/actors/imp_mischief_bopped.png
Loading resource: res://.godot/imported/imp_mischief_bopped.png-276c2d81098a757a1274ef356d58e20d.s3tc.ctex remapped: res://.godot/imported/imp_mischief_bopped.png-276c2d81098a757a1274ef356d58e20d.s3tc.ctex
Completed load for: 'res://assets/opera/worlds/actors/imp_mischief_bopped.png' remapped 'res://assets/opera/worlds/actors/imp_mischief_bopped.png' at thread -1
Loading resource: res://assets/opera/worlds/actors/imp_captain.png remapped: res://assets/opera/worlds/actors/imp_captain.png
Loading resource: res://.godot/imported/imp_captain.png-e46cb032a0f4e73284cb41534b78dba6.s3tc.ctex remapped: res://.godot/imported/imp_captain.png-e46cb032a0f4e73284cb41534b78dba6.s3tc.ctex
Completed load for: 'res://assets/opera/worlds/actors/imp_captain.png' remapped 'res://assets/opera/worlds/actors/imp_captain.png' at thread -1
Loading resource: res://assets/opera/worlds/actors/imp_captain_windup.png remapped: res://assets/opera/worlds/actors/imp_captain_windup.png
Loading resource: res://.godot/imported/imp_captain_windup.png-8943ae388fceff3a2b93abea186ce701.s3tc.ctex remapped: res://.godot/imported/imp_captain_windup.png-8943ae388fceff3a2b93abea186ce701.s3tc.ctex
Completed load for: 'res://assets/opera/worlds/actors/imp_captain_windup.png' remapped 'res://assets/opera/worlds/actors/imp_captain_windup.png' at thread -1
Loading resource: res://assets/opera/worlds/actors/imp_captain_charge.png remapped: res://assets/opera/worlds/actors/imp_captain_charge.png
Loading resource: res://.godot/imported/imp_captain_charge.png-ca0f6b738d6b7acf2d7d62bda85c3ee9.s3tc.ctex remapped: res://.godot/imported/imp_captain_charge.png-ca0f6b738d6b7acf2d7d62bda85c3ee9.s3tc.ctex
Completed load for: 'res://assets/opera/worlds/actors/imp_captain_charge.png' remapped 'res://assets/opera/worlds/actors/imp_captain_charge.png' at thread -1
Loading resource: res://assets/opera/worlds/actors/imp_captain_slash.png remapped: res://assets/opera/worlds/actors/imp_captain_slash.png
Loading resource: res://.godot/imported/imp_captain_slash.png-c2f505657f2b06bee95b1e51e1c49129.s3tc.ctex remapped: res://.godot/imported/imp_captain_slash.png-c2f505657f2b06bee95b1e51e1c49129.s3tc.ctex
Completed load for: 'res://assets/opera/worlds/actors/imp_captain_slash.png' remapped 'res://assets/opera/worlds/actors/imp_captain_slash.png' at thread -1
Loading resource: res://assets/opera/worlds/actors/imp_captain_recover.png remapped: res://assets/opera/worlds/actors/imp_captain_recover.png
Loading resource: res://.godot/imported/imp_captain_recover.png-542263c7b6fc37fb29210456149073b0.s3tc.ctex remapped: res://.godot/imported/imp_captain_recover.png-542263c7b6fc37fb29210456149073b0.s3tc.ctex
Completed load for: 'res://assets/opera/worlds/actors/imp_captain_recover.png' remapped 'res://assets/opera/worlds/actors/imp_captain_recover.png' at thread -1
Loading resource: res://assets/opera/worlds/actors/imp_captain_guard.png remapped: res://assets/opera/worlds/actors/imp_captain_guard.png
Loading resource: res://.godot/imported/imp_captain_guard.png-e89585bc394d3dca313907cb2224501f.s3tc.ctex remapped: res://.godot/imported/imp_captain_guard.png-e89585bc394d3dca313907cb2224501f.s3tc.ctex
Completed load for: 'res://assets/opera/worlds/actors/imp_captain_guard.png' remapped 'res://assets/opera/worlds/actors/imp_captain_guard.png' at thread -1
Loading resource: res://assets/opera/worlds/actors/imp_captain_stagger.png remapped: res://assets/opera/worlds/actors/imp_captain_stagger.png
Loading resource: res://.godot/imported/imp_captain_stagger.png-f0d86df4f11e14a3c5b3094eb10f0acb.s3tc.ctex remapped: res://.godot/imported/imp_captain_stagger.png-f0d86df4f11e14a3c5b3094eb10f0acb.s3tc.ctex
Completed load for: 'res://assets/opera/worlds/actors/imp_captain_stagger.png' remapped 'res://assets/opera/worlds/actors/imp_captain_stagger.png' at thread -1
Loading resource: res://assets/opera/worlds/actors/imp_captain_flee.png remapped: res://assets/opera/worlds/actors/imp_captain_flee.png
Loading resource: res://.godot/imported/imp_captain_flee.png-10494cd923c0d79bdd4a59cef42f4027.s3tc.ctex remapped: res://.godot/imported/imp_captain_flee.png-10494cd923c0d79bdd4a59cef42f4027.s3tc.ctex
Completed load for: 'res://assets/opera/worlds/actors/imp_captain_flee.png' remapped 'res://assets/opera/worlds/actors/imp_captain_flee.png' at thread -1
Loading resource: res://assets/opera/worlds/actors/imp_captain_taunt.png remapped: res://assets/opera/worlds/actors/imp_captain_taunt.png
Loading resource: res://.godot/imported/imp_captain_taunt.png-954edfe43d7f3d0d339d9dcee7736514.s3tc.ctex remapped: res://.godot/imported/imp_captain_taunt.png-954edfe43d7f3d0d339d9dcee7736514.s3tc.ctex
Completed load for: 'res://assets/opera/worlds/actors/imp_captain_taunt.png' remapped 'res://assets/opera/worlds/actors/imp_captain_taunt.png' at thread -1
Loading resource: res://assets/opera/worlds/actors/imp_captain_bopped.png remapped: res://assets/opera/worlds/actors/imp_captain_bopped.png
Loading resource: res://.godot/imported/imp_captain_bopped.png-7b18e453603e8a4113fd2cbb62ded9b6.s3tc.ctex remapped: res://.godot/imported/imp_captain_bopped.png-7b18e453603e8a4113fd2cbb62ded9b6.s3tc.ctex
Completed load for: 'res://assets/opera/worlds/actors/imp_captain_bopped.png' remapped 'res://assets/opera/worlds/actors/imp_captain_bopped.png' at thread -1
Loading resource: res://assets/audio/voices/filler_v1/roshan_chapter2_chef_stack.ogg remapped: res://assets/audio/voices/filler_v1/roshan_chapter2_chef_stack.ogg
Loading resource: res://.godot/imported/roshan_chapter2_chef_stack.ogg-8b5983b220f1ca1b9073e9f6c343c7a6.oggvorbisstr remapped: res://.godot/imported/roshan_chapter2_chef_stack.ogg-8b5983b220f1ca1b9073e9f6c343c7a6.oggvorbisstr
Completed load for: 'res://assets/audio/voices/filler_v1/roshan_chapter2_chef_stack.ogg' remapped 'res://assets/audio/voices/filler_v1/roshan_chapter2_chef_stack.ogg' at thread -1
Loading resource: res://assets/opera/worlds/widgets/widget_target_chef_mover.png remapped: res://assets/opera/worlds/widgets/widget_target_chef_mover.png
Loading resource: res://.godot/imported/widget_target_chef_mover.png-0348ec37217a0be19b7dc33b08e18a48.s3tc.ctex remapped: res://.godot/imported/widget_target_chef_mover.png-0348ec37217a0be19b7dc33b08e18a48.s3tc.ctex
Completed load for: 'res://assets/opera/worlds/widgets/widget_target_chef_mover.png' remapped 'res://assets/opera/worlds/widgets/widget_target_chef_mover.png' at thread -1
Loading resource: res://assets/opera/worlds/widgets/widget_target_chef_mark.png remapped: res://assets/opera/worlds/widgets/widget_target_chef_mark.png
Loading resource: res://.godot/imported/widget_target_chef_mark.png-1f6ea57fa3448d1cb262638df0e61308.s3tc.ctex remapped: res://.godot/imported/widget_target_chef_mark.png-1f6ea57fa3448d1cb262638df0e61308.s3tc.ctex
Completed load for: 'res://assets/opera/worlds/widgets/widget_target_chef_mark.png' remapped 'res://assets/opera/worlds/widgets/widget_target_chef_mark.png' at thread -1
Loading resource: res://assets/opera/worlds/widgets/widget_target_chef_piece_0.png remapped: res://assets/opera/worlds/widgets/widget_target_chef_piece_0.png
Loading resource: res://.godot/imported/widget_target_chef_piece_0.png-90cab77ee27c1359ea583e25118d5fbf.ctex remapped: res://.godot/imported/widget_target_chef_piece_0.png-90cab77ee27c1359ea583e25118d5fbf.ctex
Completed load for: 'res://assets/opera/worlds/widgets/widget_target_chef_piece_0.png' remapped 'res://assets/opera/worlds/widgets/widget_target_chef_piece_0.png' at thread -1
Loading resource: res://assets/opera/worlds/widgets/widget_target_chef_piece_1.png remapped: res://assets/opera/worlds/widgets/widget_target_chef_piece_1.png
Loading resource: res://.godot/imported/widget_target_chef_piece_1.png-4397cec0afcbc7e2b301310a1d89ecbb.ctex remapped: res://.godot/imported/widget_target_chef_piece_1.png-4397cec0afcbc7e2b301310a1d89ecbb.ctex
Completed load for: 'res://assets/opera/worlds/widgets/widget_target_chef_piece_1.png' remapped 'res://assets/opera/worlds/widgets/widget_target_chef_piece_1.png' at thread -1
Loading resource: res://assets/opera/worlds/widgets/widget_target_chef_piece_2.png remapped: res://assets/opera/worlds/widgets/widget_target_chef_piece_2.png
Loading resource: res://.godot/imported/widget_target_chef_piece_2.png-1e58ee19107a90c8ac620be72966e6d3.ctex remapped: res://.godot/imported/widget_target_chef_piece_2.png-1e58ee19107a90c8ac620be72966e6d3.ctex
Completed load for: 'res://assets/opera/worlds/widgets/widget_target_chef_piece_2.png' remapped 'res://assets/opera/worlds/widgets/widget_target_chef_piece_2.png' at thread -1
Loading resource: res://assets/opera/worlds/widgets/widget_target_chef_mover.png remapped: res://assets/opera/worlds/widgets/widget_target_chef_mover.png
Loading resource: res://.godot/imported/widget_target_chef_mover.png-0348ec37217a0be19b7dc33b08e18a48.s3tc.ctex remapped: res://.godot/imported/widget_target_chef_mover.png-0348ec37217a0be19b7dc33b08e18a48.s3tc.ctex
Completed load for: 'res://assets/opera/worlds/widgets/widget_target_chef_mover.png' remapped 'res://assets/opera/worlds/widgets/widget_target_chef_mover.png' at thread -1
Loading resource: res://assets/opera/worlds/widgets/widget_target_chef_mark.png remapped: res://assets/opera/worlds/widgets/widget_target_chef_mark.png
Loading resource: res://.godot/imported/widget_target_chef_mark.png-1f6ea57fa3448d1cb262638df0e61308.s3tc.ctex remapped: res://.godot/imported/widget_target_chef_mark.png-1f6ea57fa3448d1cb262638df0e61308.s3tc.ctex
Completed load for: 'res://assets/opera/worlds/widgets/widget_target_chef_mark.png' remapped 'res://assets/opera/worlds/widgets/widget_target_chef_mark.png' at thread -1
Loading resource: res://assets/opera/worlds/widgets/widget_target_chef_piece_0.png remapped: res://assets/opera/worlds/widgets/widget_target_chef_piece_0.png
Loading resource: res://.godot/imported/widget_target_chef_piece_0.png-90cab77ee27c1359ea583e25118d5fbf.ctex remapped: res://.godot/imported/widget_target_chef_piece_0.png-90cab77ee27c1359ea583e25118d5fbf.ctex
Completed load for: 'res://assets/opera/worlds/widgets/widget_target_chef_piece_0.png' remapped 'res://assets/opera/worlds/widgets/widget_target_chef_piece_0.png' at thread -1
Loading resource: res://assets/opera/worlds/widgets/widget_target_chef_piece_1.png remapped: res://assets/opera/worlds/widgets/widget_target_chef_piece_1.png
Loading resource: res://.godot/imported/widget_target_chef_piece_1.png-4397cec0afcbc7e2b301310a1d89ecbb.ctex remapped: res://.godot/imported/widget_target_chef_piece_1.png-4397cec0afcbc7e2b301310a1d89ecbb.ctex
Completed load for: 'res://assets/opera/worlds/widgets/widget_target_chef_piece_1.png' remapped 'res://assets/opera/worlds/widgets/widget_target_chef_piece_1.png' at thread -1
Loading resource: res://assets/opera/worlds/widgets/widget_target_chef_piece_2.png remapped: res://assets/opera/worlds/widgets/widget_target_chef_piece_2.png
Loading resource: res://.godot/imported/widget_target_chef_piece_2.png-1e58ee19107a90c8ac620be72966e6d3.ctex remapped: res://.godot/imported/widget_target_chef_piece_2.png-1e58ee19107a90c8ac620be72966e6d3.ctex
Completed load for: 'res://assets/opera/worlds/widgets/widget_target_chef_piece_2.png' remapped 'res://assets/opera/worlds/widgets/widget_target_chef_piece_2.png' at thread -1
CHAPTER2_FARMER_RESUME|Chef phase 3 owns one room-coordinate surface: OK
CHAPTER2_FARMER_RESUME|Chef native props stay behind the foreground actor: OK
CHAPTER2_FARMER_RESUME|Chef phase 3 passive demo earns nothing: OK
CHAPTER2_FARMER_RESUME|Moved Chef tray cannot pay again: OK
CHAPTER2_FARMER_RESUME|Chef phase 3 physical endpoint completes the world: OK
Loading resource: res://assets/opera/worlds/ui/magnifier.png remapped: res://assets/opera/worlds/ui/magnifier.png
Loading resource: res://.godot/imported/magnifier.png-def06d7a41c5772f787cbecf1fb0c089.s3tc.ctex remapped: res://.godot/imported/magnifier.png-def06d7a41c5772f787cbecf1fb0c089.s3tc.ctex
Completed load for: 'res://assets/opera/worlds/ui/magnifier.png' remapped 'res://assets/opera/worlds/ui/magnifier.png' at thread -1
Loading resource: res://assets/opera/worlds/backdrops/world_chef.png remapped: res://assets/opera/worlds/backdrops/world_chef.png
Loading resource: res://.godot/imported/world_chef.png-ef6ca0dee3242fe8c57ffeff3f7a3325.ctex remapped: res://.godot/imported/world_chef.png-ef6ca0dee3242fe8c57ffeff3f7a3325.ctex
Completed load for: 'res://assets/opera/worlds/backdrops/world_chef.png' remapped 'res://assets/opera/worlds/backdrops/world_chef.png' at thread -1
Loading resource: res://assets/opera/worlds/backdrops/chef_story_clean_v1/world_chef_c0r0.png remapped: res://assets/opera/worlds/backdrops/chef_story_clean_v1/world_chef_c0r0.png
Loading resource: res://.godot/imported/world_chef_c0r0.png-0ece24d10e6f92afefe881c990eca893.s3tc.ctex remapped: res://.godot/imported/world_chef_c0r0.png-0ece24d10e6f92afefe881c990eca893.s3tc.ctex
Completed load for: 'res://assets/opera/worlds/backdrops/chef_story_clean_v1/world_chef_c0r0.png' remapped 'res://assets/opera/worlds/backdrops/chef_story_clean_v1/world_chef_c0r0.png' at thread -1
Loading resource: res://assets/opera/worlds/backdrops/chef_story_clean_v1/world_chef_c1r0.png remapped: res://assets/opera/worlds/backdrops/chef_story_clean_v1/world_chef_c1r0.png
Loading resource: res://.godot/imported/world_chef_c1r0.png-b86b61ecf9b65721574a81cb630d2ede.s3tc.ctex remapped: res://.godot/imported/world_chef_c1r0.png-b86b61ecf9b65721574a81cb630d2ede.s3tc.ctex
Completed load for: 'res://assets/opera/worlds/backdrops/chef_story_clean_v1/world_chef_c1r0.png' remapped 'res://assets/opera/worlds/backdrops/chef_story_clean_v1/world_chef_c1r0.png' at thread -1
Loading resource: res://assets/opera/worlds/backdrops/chef_story_clean_v1/world_chef_c0r1.png remapped: res://assets/opera/worlds/backdrops/chef_story_clean_v1/world_chef_c0r1.png
Loading resource: res://.godot/imported/world_chef_c0r1.png-6019a3e1b274d569c3088830cef4729b.s3tc.ctex remapped: res://.godot/imported/world_chef_c0r1.png-6019a3e1b274d569c3088830cef4729b.s3tc.ctex
Completed load for: 'res://assets/opera/worlds/backdrops/chef_story_clean_v1/world_chef_c0r1.png' remapped 'res://assets/opera/worlds/backdrops/chef_story_clean_v1/world_chef_c0r1.png' at thread -1
Loading resource: res://assets/opera/worlds/backdrops/chef_story_clean_v1/world_chef_c1r1.png remapped: res://assets/opera/worlds/backdrops/chef_story_clean_v1/world_chef_c1r1.png
Loading resource: res://.godot/imported/world_chef_c1r1.png-086c7fbfc39327d6bf09dea116fbb824.s3tc.ctex remapped: res://.godot/imported/world_chef_c1r1.png-086c7fbfc39327d6bf09dea116fbb824.s3tc.ctex
Completed load for: 'res://assets/opera/worlds/backdrops/chef_story_clean_v1/world_chef_c1r1.png' remapped 'res://assets/opera/worlds/backdrops/chef_story_clean_v1/world_chef_c1r1.png' at thread -1
Loading resource: res://assets/opera/worlds/backdrops/stage_chef_c0r0.png remapped: res://assets/opera/worlds/backdrops/stage_chef_c0r0.png
Loading resource: res://.godot/imported/stage_chef_c0r0.png-cc29211ddce9c8eb5ea02bb2f004767f.s3tc.ctex remapped: res://.godot/imported/stage_chef_c0r0.png-cc29211ddce9c8eb5ea02bb2f004767f.s3tc.ctex
Completed load for: 'res://assets/opera/worlds/backdrops/stage_chef_c0r0.png' remapped 'res://assets/opera/worlds/backdrops/stage_chef_c0r0.png' at thread -1
Loading resource: res://assets/opera/worlds/backdrops/stage_chef_c1r0.png remapped: res://assets/opera/worlds/backdrops/stage_chef_c1r0.png
Loading resource: res://.godot/imported/stage_chef_c1r0.png-192ef867e0aaac991da08dfe0b268abb.s3tc.ctex remapped: res://.godot/imported/stage_chef_c1r0.png-192ef867e0aaac991da08dfe0b268abb.s3tc.ctex
Completed load for: 'res://assets/opera/worlds/backdrops/stage_chef_c1r0.png' remapped 'res://assets/opera/worlds/backdrops/stage_chef_c1r0.png' at thread -1
Loading resource: res://assets/opera/worlds/backdrops/stage_chef_c0r1.png remapped: res://assets/opera/worlds/backdrops/stage_chef_c0r1.png
Loading resource: res://.godot/imported/stage_chef_c0r1.png-fa08fc12d8940ebdcaaf79672c5e43a3.s3tc.ctex remapped: res://.godot/imported/stage_chef_c0r1.png-fa08fc12d8940ebdcaaf79672c5e43a3.s3tc.ctex
Completed load for: 'res://assets/opera/worlds/backdrops/stage_chef_c0r1.png' remapped 'res://assets/opera/worlds/backdrops/stage_chef_c0r1.png' at thread -1
Loading resource: res://assets/opera/worlds/backdrops/stage_chef_c1r1.png remapped: res://assets/opera/worlds/backdrops/stage_chef_c1r1.png
Loading resource: res://.godot/imported/stage_chef_c1r1.png-205194b94ea589b7253dce7b86e817a7.s3tc.ctex remapped: res://.godot/imported/stage_chef_c1r1.png-205194b94ea589b7253dce7b86e817a7.s3tc.ctex
Completed load for: 'res://assets/opera/worlds/backdrops/stage_chef_c1r1.png' remapped 'res://assets/opera/worlds/backdrops/stage_chef_c1r1.png' at thread -1
Loading resource: res://assets/chapter2/birthday/chapter2_chef_stacked_unfrosted_cake.png remapped: res://assets/chapter2/birthday/chapter2_chef_stacked_unfrosted_cake.png
Loading resource: res://.godot/imported/chapter2_chef_stacked_unfrosted_cake.png-176874fcedc720ba04c4f9ee9e3c4241.ctex remapped: res://.godot/imported/chapter2_chef_stacked_unfrosted_cake.png-176874fcedc720ba04c4f9ee9e3c4241.ctex
Completed load for: 'res://assets/chapter2/birthday/chapter2_chef_stacked_unfrosted_cake.png' remapped 'res://assets/chapter2/birthday/chapter2_chef_stacked_unfrosted_cake.png' at thread -1
Loading resource: res://assets/opera/worlds/actors/roshan_chef.png remapped: res://assets/opera/worlds/actors/roshan_chef.png
Loading resource: res://.godot/imported/roshan_chef.png-bc782154b95629319a4783a7946abf7a.s3tc.ctex remapped: res://.godot/imported/roshan_chef.png-bc782154b95629319a4783a7946abf7a.s3tc.ctex
Completed load for: 'res://assets/opera/worlds/actors/roshan_chef.png' remapped 'res://assets/opera/worlds/actors/roshan_chef.png' at thread -1
Loading resource: res://assets/opera/worlds/actors/animation/roshan_chef_sheet_a.png remapped: res://assets/opera/worlds/actors/animation/roshan_chef_sheet_a.png
Loading resource: res://.godot/imported/roshan_chef_sheet_a.png-4ec4a75ade66f00d68e03c6b5e93b0ec.ctex remapped: res://.godot/imported/roshan_chef_sheet_a.png-4ec4a75ade66f00d68e03c6b5e93b0ec.ctex
Completed load for: 'res://assets/opera/worlds/actors/animation/roshan_chef_sheet_a.png' remapped 'res://assets/opera/worlds/actors/animation/roshan_chef_sheet_a.png' at thread -1
Loading resource: res://assets/opera/worlds/actors/rival_chef.png remapped: res://assets/opera/worlds/actors/rival_chef.png
Loading resource: res://.godot/imported/rival_chef.png-2eef5f226867e382a410b29d539aa19d.s3tc.ctex remapped: res://.godot/imported/rival_chef.png-2eef5f226867e382a410b29d539aa19d.s3tc.ctex
Completed load for: 'res://assets/opera/worlds/actors/rival_chef.png' remapped 'res://assets/opera/worlds/actors/rival_chef.png' at thread -1
Loading resource: res://assets/opera/worlds/props/fx_bop_puff.png remapped: res://assets/opera/worlds/props/fx_bop_puff.png
Loading resource: res://.godot/imported/fx_bop_puff.png-44d6a8b8f3875802302bda4fdd154827.s3tc.ctex remapped: res://.godot/imported/fx_bop_puff.png-44d6a8b8f3875802302bda4fdd154827.s3tc.ctex
Completed load for: 'res://assets/opera/worlds/props/fx_bop_puff.png' remapped 'res://assets/opera/worlds/props/fx_bop_puff.png' at thread -1
Loading resource: res://assets/opera/worlds/actors/imp_mischief.png remapped: res://assets/opera/worlds/actors/imp_mischief.png
Loading resource: res://.godot/imported/imp_mischief.png-2aa91762cfa121884fd7c941a480cd75.s3tc.ctex remapped: res://.godot/imported/imp_mischief.png-2aa91762cfa121884fd7c941a480cd75.s3tc.ctex
Completed load for: 'res://assets/opera/worlds/actors/imp_mischief.png' remapped 'res://assets/opera/worlds/actors/imp_mischief.png' at thread -1
Loading resource: res://assets/opera/worlds/actors/imp_mischief_bopped.png remapped: res://assets/opera/worlds/actors/imp_mischief_bopped.png
Loading resource: res://.godot/imported/imp_mischief_bopped.png-276c2d81098a757a1274ef356d58e20d.s3tc.ctex remapped: res://.godot/imported/imp_mischief_bopped.png-276c2d81098a757a1274ef356d58e20d.s3tc.ctex
Completed load for: 'res://assets/opera/worlds/actors/imp_mischief_bopped.png' remapped 'res://assets/opera/worlds/actors/imp_mischief_bopped.png' at thread -1
Loading resource: res://assets/opera/worlds/actors/imp_mischief_bow.png remapped: res://assets/opera/worlds/actors/imp_mischief_bow.png
Loading resource: res://.godot/imported/imp_mischief_bow.png-643f90847c4113e6a65aff5fa7b6c3e8.s3tc.ctex remapped: res://.godot/imported/imp_mischief_bow.png-643f90847c4113e6a65aff5fa7b6c3e8.s3tc.ctex
Completed load for: 'res://assets/opera/worlds/actors/imp_mischief_bow.png' remapped 'res://assets/opera/worlds/actors/imp_mischief_bow.png' at thread -1
Loading resource: res://assets/opera/worlds/actors/imp_captain.png remapped: res://assets/opera/worlds/actors/imp_captain.png
Loading resource: res://.godot/imported/imp_captain.png-e46cb032a0f4e73284cb41534b78dba6.s3tc.ctex remapped: res://.godot/imported/imp_captain.png-e46cb032a0f4e73284cb41534b78dba6.s3tc.ctex
Completed load for: 'res://assets/opera/worlds/actors/imp_captain.png' remapped 'res://assets/opera/worlds/actors/imp_captain.png' at thread -1
Loading resource: res://assets/opera/worlds/actors/imp_captain_bopped.png remapped: res://assets/opera/worlds/actors/imp_captain_bopped.png
Loading resource: res://.godot/imported/imp_captain_bopped.png-7b18e453603e8a4113fd2cbb62ded9b6.s3tc.ctex remapped: res://.godot/imported/imp_captain_bopped.png-7b18e453603e8a4113fd2cbb62ded9b6.s3tc.ctex
Completed load for: 'res://assets/opera/worlds/actors/imp_captain_bopped.png' remapped 'res://assets/opera/worlds/actors/imp_captain_bopped.png' at thread -1
Loading resource: res://assets/opera/worlds/actors/imp_captain_bow.png remapped: res://assets/opera/worlds/actors/imp_captain_bow.png
Loading resource: res://.godot/imported/imp_captain_bow.png-12497944600f3a910cccf5033db21fec.s3tc.ctex remapped: res://.godot/imported/imp_captain_bow.png-12497944600f3a910cccf5033db21fec.s3tc.ctex
Completed load for: 'res://assets/opera/worlds/actors/imp_captain_bow.png' remapped 'res://assets/opera/worlds/actors/imp_captain_bow.png' at thread -1
Loading resource: res://assets/opera/worlds/props/fx_telegraph_ring.png remapped: res://assets/opera/worlds/props/fx_telegraph_ring.png
Loading resource: res://.godot/imported/fx_telegraph_ring.png-a5607cfab59aaf797e0ebc0e0d630b71.s3tc.ctex remapped: res://.godot/imported/fx_telegraph_ring.png-a5607cfab59aaf797e0ebc0e0d630b71.s3tc.ctex
Completed load for: 'res://assets/opera/worlds/props/fx_telegraph_ring.png' remapped 'res://assets/opera/worlds/props/fx_telegraph_ring.png' at thread -1
Loading resource: res://assets/opera/worlds/props/fx_telegraph_bang.png remapped: res://assets/opera/worlds/props/fx_telegraph_bang.png
Loading resource: res://.godot/imported/fx_telegraph_bang.png-5e57510f37f0277a1436815b2f5303f5.s3tc.ctex remapped: res://.godot/imported/fx_telegraph_bang.png-5e57510f37f0277a1436815b2f5303f5.s3tc.ctex
Completed load for: 'res://assets/opera/worlds/props/fx_telegraph_bang.png' remapped 'res://assets/opera/worlds/props/fx_telegraph_bang.png' at thread -1
Loading resource: res://assets/opera/worlds/props/fx_slash_arc.png remapped: res://assets/opera/worlds/props/fx_slash_arc.png
Loading resource: res://.godot/imported/fx_slash_arc.png-06c01e57545f44970f1e9749d78c8c7b.s3tc.ctex remapped: res://.godot/imported/fx_slash_arc.png-06c01e57545f44970f1e9749d78c8c7b.s3tc.ctex
Completed load for: 'res://assets/opera/worlds/props/fx_slash_arc.png' remapped 'res://assets/opera/worlds/props/fx_slash_arc.png' at thread -1
Loading resource: res://assets/opera/worlds/props/fx_dizzy_stars.png remapped: res://assets/opera/worlds/props/fx_dizzy_stars.png
Loading resource: res://.godot/imported/fx_dizzy_stars.png-e249bf547dbb4ae001be7738fcb2de24.s3tc.ctex remapped: res://.godot/imported/fx_dizzy_stars.png-e249bf547dbb4ae001be7738fcb2de24.s3tc.ctex
Completed load for: 'res://assets/opera/worlds/props/fx_dizzy_stars.png' remapped 'res://assets/opera/worlds/props/fx_dizzy_stars.png' at thread -1
Loading resource: res://assets/opera/worlds/actors/rival_chef_bopped.png remapped: res://assets/opera/worlds/actors/rival_chef_bopped.png
Loading resource: res://.godot/imported/rival_chef_bopped.png-a958e09708c682c295f572716a60e912.s3tc.ctex remapped: res://.godot/imported/rival_chef_bopped.png-a958e09708c682c295f572716a60e912.s3tc.ctex
Completed load for: 'res://assets/opera/worlds/actors/rival_chef_bopped.png' remapped 'res://assets/opera/worlds/actors/rival_chef_bopped.png' at thread -1
Loading resource: res://assets/opera/worlds/actors/rival_chef_windup.png remapped: res://assets/opera/worlds/actors/rival_chef_windup.png
Loading resource: res://.godot/imported/rival_chef_windup.png-f9813cf59d06c30dd766049c9c0390da.s3tc.ctex remapped: res://.godot/imported/rival_chef_windup.png-f9813cf59d06c30dd766049c9c0390da.s3tc.ctex
Completed load for: 'res://assets/opera/worlds/actors/rival_chef_windup.png' remapped 'res://assets/opera/worlds/actors/rival_chef_windup.png' at thread -1
Loading resource: res://assets/opera/worlds/actors/rival_chef_charge.png remapped: res://assets/opera/worlds/actors/rival_chef_charge.png
Loading resource: res://.godot/imported/rival_chef_charge.png-b77b9ce0ecdb43770202bb02ab20497c.s3tc.ctex remapped: res://.godot/imported/rival_chef_charge.png-b77b9ce0ecdb43770202bb02ab20497c.s3tc.ctex
Completed load for: 'res://assets/opera/worlds/actors/rival_chef_charge.png' remapped 'res://assets/opera/worlds/actors/rival_chef_charge.png' at thread -1
Loading resource: res://assets/opera/worlds/actors/rival_chef_slash.png remapped: res://assets/opera/worlds/actors/rival_chef_slash.png
Loading resource: res://.godot/imported/rival_chef_slash.png-86d13b64a3548479071cb37cba647d50.s3tc.ctex remapped: res://.godot/imported/rival_chef_slash.png-86d13b64a3548479071cb37cba647d50.s3tc.ctex
Completed load for: 'res://assets/opera/worlds/actors/rival_chef_slash.png' remapped 'res://assets/opera/worlds/actors/rival_chef_slash.png' at thread -1
Loading resource: res://assets/opera/worlds/actors/rival_chef_recover.png remapped: res://assets/opera/worlds/actors/rival_chef_recover.png
Loading resource: res://.godot/imported/rival_chef_recover.png-ce8a2f6ee2a0834a6a528e42ac87cdee.s3tc.ctex remapped: res://.godot/imported/rival_chef_recover.png-ce8a2f6ee2a0834a6a528e42ac87cdee.s3tc.ctex
Completed load for: 'res://assets/opera/worlds/actors/rival_chef_recover.png' remapped 'res://assets/opera/worlds/actors/rival_chef_recover.png' at thread -1
Loading resource: res://assets/opera/worlds/actors/rival_chef_guard.png remapped: res://assets/opera/worlds/actors/rival_chef_guard.png
Loading resource: res://.godot/imported/rival_chef_guard.png-681802d5b3c14a74967dc098c77c2d70.s3tc.ctex remapped: res://.godot/imported/rival_chef_guard.png-681802d5b3c14a74967dc098c77c2d70.s3tc.ctex
Completed load for: 'res://assets/opera/worlds/actors/rival_chef_guard.png' remapped 'res://assets/opera/worlds/actors/rival_chef_guard.png' at thread -1
Loading resource: res://assets/opera/worlds/actors/rival_chef_stagger.png remapped: res://assets/opera/worlds/actors/rival_chef_stagger.png
Loading resource: res://.godot/imported/rival_chef_stagger.png-4483fdfb538c0c6a8121e30fbfc2dc4a.s3tc.ctex remapped: res://.godot/imported/rival_chef_stagger.png-4483fdfb538c0c6a8121e30fbfc2dc4a.s3tc.ctex
Completed load for: 'res://assets/opera/worlds/actors/rival_chef_stagger.png' remapped 'res://assets/opera/worlds/actors/rival_chef_stagger.png' at thread -1
Loading resource: res://assets/opera/worlds/actors/rival_chef_flee.png remapped: res://assets/opera/worlds/actors/rival_chef_flee.png
Loading resource: res://.godot/imported/rival_chef_flee.png-ac12146f9cc2e3eb85aa4951d735fdc8.s3tc.ctex remapped: res://.godot/imported/rival_chef_flee.png-ac12146f9cc2e3eb85aa4951d735fdc8.s3tc.ctex
Completed load for: 'res://assets/opera/worlds/actors/rival_chef_flee.png' remapped 'res://assets/opera/worlds/actors/rival_chef_flee.png' at thread -1
Loading resource: res://assets/opera/worlds/actors/rival_chef_taunt.png remapped: res://assets/opera/worlds/actors/rival_chef_taunt.png
Loading resource: res://.godot/imported/rival_chef_taunt.png-31a97cb0e4c18955a4e497a7d2acdb22.s3tc.ctex remapped: res://.godot/imported/rival_chef_taunt.png-31a97cb0e4c18955a4e497a7d2acdb22.s3tc.ctex
Completed load for: 'res://assets/opera/worlds/actors/rival_chef_taunt.png' remapped 'res://assets/opera/worlds/actors/rival_chef_taunt.png' at thread -1
Loading resource: res://assets/opera/worlds/actors/rival_chef_hop_a.png remapped: res://assets/opera/worlds/actors/rival_chef_hop_a.png
Loading resource: res://.godot/imported/rival_chef_hop_a.png-4ee494dffb2a86f7acfc727f379b7305.s3tc.ctex remapped: res://.godot/imported/rival_chef_hop_a.png-4ee494dffb2a86f7acfc727f379b7305.s3tc.ctex
Completed load for: 'res://assets/opera/worlds/actors/rival_chef_hop_a.png' remapped 'res://assets/opera/worlds/actors/rival_chef_hop_a.png' at thread -1
Loading resource: res://assets/opera/worlds/actors/rival_chef_hop_b.png remapped: res://assets/opera/worlds/actors/rival_chef_hop_b.png
Loading resource: res://.godot/imported/rival_chef_hop_b.png-c61e03499b064c3a7c8b04685a205bfd.s3tc.ctex remapped: res://.godot/imported/rival_chef_hop_b.png-c61e03499b064c3a7c8b04685a205bfd.s3tc.ctex
Completed load for: 'res://assets/opera/worlds/actors/rival_chef_hop_b.png' remapped 'res://assets/opera/worlds/actors/rival_chef_hop_b.png' at thread -1
Loading resource: res://assets/opera/worlds/actors/rival_chef_bow.png remapped: res://assets/opera/worlds/actors/rival_chef_bow.png
Loading resource: res://.godot/imported/rival_chef_bow.png-d2fd6fc40f5a42e5f64d3d1f0c6a3a4e.s3tc.ctex remapped: res://.godot/imported/rival_chef_bow.png-d2fd6fc40f5a42e5f64d3d1f0c6a3a4e.s3tc.ctex
Completed load for: 'res://assets/opera/worlds/actors/rival_chef_bow.png' remapped 'res://assets/opera/worlds/actors/rival_chef_bow.png' at thread -1
Loading resource: res://assets/opera/worlds/actors/imp_mischief.png remapped: res://assets/opera/worlds/actors/imp_mischief.png
Loading resource: res://.godot/imported/imp_mischief.png-2aa91762cfa121884fd7c941a480cd75.s3tc.ctex remapped: res://.godot/imported/imp_mischief.png-2aa91762cfa121884fd7c941a480cd75.s3tc.ctex
Completed load for: 'res://assets/opera/worlds/actors/imp_mischief.png' remapped 'res://assets/opera/worlds/actors/imp_mischief.png' at thread -1
Loading resource: res://assets/opera/worlds/actors/imp_mischief_windup.png remapped: res://assets/opera/worlds/actors/imp_mischief_windup.png
Loading resource: res://.godot/imported/imp_mischief_windup.png-27644fd709fe5393e0a8caad88b075b6.s3tc.ctex remapped: res://.godot/imported/imp_mischief_windup.png-27644fd709fe5393e0a8caad88b075b6.s3tc.ctex
Completed load for: 'res://assets/opera/worlds/actors/imp_mischief_windup.png' remapped 'res://assets/opera/worlds/actors/imp_mischief_windup.png' at thread -1
Loading resource: res://assets/opera/worlds/actors/imp_mischief_charge.png remapped: res://assets/opera/worlds/actors/imp_mischief_charge.png
Loading resource: res://.godot/imported/imp_mischief_charge.png-7651fd8a67674c1425677cc73b08a982.s3tc.ctex remapped: res://.godot/imported/imp_mischief_charge.png-7651fd8a67674c1425677cc73b08a982.s3tc.ctex
Completed load for: 'res://assets/opera/worlds/actors/imp_mischief_charge.png' remapped 'res://assets/opera/worlds/actors/imp_mischief_charge.png' at thread -1
Loading resource: res://assets/opera/worlds/actors/imp_mischief_slash.png remapped: res://assets/opera/worlds/actors/imp_mischief_slash.png
Loading resource: res://.godot/imported/imp_mischief_slash.png-feef3a7d575df712da4960aea92d00eb.s3tc.ctex remapped: res://.godot/imported/imp_mischief_slash.png-feef3a7d575df712da4960aea92d00eb.s3tc.ctex
Completed load for: 'res://assets/opera/worlds/actors/imp_mischief_slash.png' remapped 'res://assets/opera/worlds/actors/imp_mischief_slash.png' at thread -1
Loading resource: res://assets/opera/worlds/actors/imp_mischief_recover.png remapped: res://assets/opera/worlds/actors/imp_mischief_recover.png
Loading resource: res://.godot/imported/imp_mischief_recover.png-9993ae96041a390c9d56b99855a20323.s3tc.ctex remapped: res://.godot/imported/imp_mischief_recover.png-9993ae96041a390c9d56b99855a20323.s3tc.ctex
Completed load for: 'res://assets/opera/worlds/actors/imp_mischief_recover.png' remapped 'res://assets/opera/worlds/actors/imp_mischief_recover.png' at thread -1
Loading resource: res://assets/opera/worlds/actors/imp_mischief_guard.png remapped: res://assets/opera/worlds/actors/imp_mischief_guard.png
Loading resource: res://.godot/imported/imp_mischief_guard.png-e0b51eb2c2b687acd70ab7e0486431b4.s3tc.ctex remapped: res://.godot/imported/imp_mischief_guard.png-e0b51eb2c2b687acd70ab7e0486431b4.s3tc.ctex
Completed load for: 'res://assets/opera/worlds/actors/imp_mischief_guard.png' remapped 'res://assets/opera/worlds/actors/imp_mischief_guard.png' at thread -1
Loading resource: res://assets/opera/worlds/actors/imp_mischief_stagger.png remapped: res://assets/opera/worlds/actors/imp_mischief_stagger.png
Loading resource: res://.godot/imported/imp_mischief_stagger.png-deb400ff054c7a4631756e74bc75bffe.s3tc.ctex remapped: res://.godot/imported/imp_mischief_stagger.png-deb400ff054c7a4631756e74bc75bffe.s3tc.ctex
Completed load for: 'res://assets/opera/worlds/actors/imp_mischief_stagger.png' remapped 'res://assets/opera/worlds/actors/imp_mischief_stagger.png' at thread -1
Loading resource: res://assets/opera/worlds/actors/imp_mischief_flee.png remapped: res://assets/opera/worlds/actors/imp_mischief_flee.png
Loading resource: res://.godot/imported/imp_mischief_flee.png-75ab59cf13833ac1972e0ab1614b4de8.s3tc.ctex remapped: res://.godot/imported/imp_mischief_flee.png-75ab59cf13833ac1972e0ab1614b4de8.s3tc.ctex
Completed load for: 'res://assets/opera/worlds/actors/imp_mischief_flee.png' remapped 'res://assets/opera/worlds/actors/imp_mischief_flee.png' at thread -1
Loading resource: res://assets/opera/worlds/actors/imp_mischief_taunt.png remapped: res://assets/opera/worlds/actors/imp_mischief_taunt.png
Loading resource: res://.godot/imported/imp_mischief_taunt.png-a891d360a40c9485aea56227a041d6c9.s3tc.ctex remapped: res://.godot/imported/imp_mischief_taunt.png-a891d360a40c9485aea56227a041d6c9.s3tc.ctex
Completed load for: 'res://assets/opera/worlds/actors/imp_mischief_taunt.png' remapped 'res://assets/opera/worlds/actors/imp_mischief_taunt.png' at thread -1
Loading resource: res://assets/opera/worlds/actors/imp_mischief_bopped.png remapped: res://assets/opera/worlds/actors/imp_mischief_bopped.png
Loading resource: res://.godot/imported/imp_mischief_bopped.png-276c2d81098a757a1274ef356d58e20d.s3tc.ctex remapped: res://.godot/imported/imp_mischief_bopped.png-276c2d81098a757a1274ef356d58e20d.s3tc.ctex
Completed load for: 'res://assets/opera/worlds/actors/imp_mischief_bopped.png' remapped 'res://assets/opera/worlds/actors/imp_mischief_bopped.png' at thread -1
Loading resource: res://assets/opera/worlds/actors/imp_captain.png remapped: res://assets/opera/worlds/actors/imp_captain.png
Loading resource: res://.godot/imported/imp_captain.png-e46cb032a0f4e73284cb41534b78dba6.s3tc.ctex remapped: res://.godot/imported/imp_captain.png-e46cb032a0f4e73284cb41534b78dba6.s3tc.ctex
Completed load for: 'res://assets/opera/worlds/actors/imp_captain.png' remapped 'res://assets/opera/worlds/actors/imp_captain.png' at thread -1
Loading resource: res://assets/opera/worlds/actors/imp_captain_windup.png remapped: res://assets/opera/worlds/actors/imp_captain_windup.png
Loading resource: res://.godot/imported/imp_captain_windup.png-8943ae388fceff3a2b93abea186ce701.s3tc.ctex remapped: res://.godot/imported/imp_captain_windup.png-8943ae388fceff3a2b93abea186ce701.s3tc.ctex
Completed load for: 'res://assets/opera/worlds/actors/imp_captain_windup.png' remapped 'res://assets/opera/worlds/actors/imp_captain_windup.png' at thread -1
Loading resource: res://assets/opera/worlds/actors/imp_captain_charge.png remapped: res://assets/opera/worlds/actors/imp_captain_charge.png
Loading resource: res://.godot/imported/imp_captain_charge.png-ca0f6b738d6b7acf2d7d62bda85c3ee9.s3tc.ctex remapped: res://.godot/imported/imp_captain_charge.png-ca0f6b738d6b7acf2d7d62bda85c3ee9.s3tc.ctex
Completed load for: 'res://assets/opera/worlds/actors/imp_captain_charge.png' remapped 'res://assets/opera/worlds/actors/imp_captain_charge.png' at thread -1
Loading resource: res://assets/opera/worlds/actors/imp_captain_slash.png remapped: res://assets/opera/worlds/actors/imp_captain_slash.png
Loading resource: res://.godot/imported/imp_captain_slash.png-c2f505657f2b06bee95b1e51e1c49129.s3tc.ctex remapped: res://.godot/imported/imp_captain_slash.png-c2f505657f2b06bee95b1e51e1c49129.s3tc.ctex
Completed load for: 'res://assets/opera/worlds/actors/imp_captain_slash.png' remapped 'res://assets/opera/worlds/actors/imp_captain_slash.png' at thread -1
Loading resource: res://assets/opera/worlds/actors/imp_captain_recover.png remapped: res://assets/opera/worlds/actors/imp_captain_recover.png
Loading resource: res://.godot/imported/imp_captain_recover.png-542263c7b6fc37fb29210456149073b0.s3tc.ctex remapped: res://.godot/imported/imp_captain_recover.png-542263c7b6fc37fb29210456149073b0.s3tc.ctex
Completed load for: 'res://assets/opera/worlds/actors/imp_captain_recover.png' remapped 'res://assets/opera/worlds/actors/imp_captain_recover.png' at thread -1
Loading resource: res://assets/opera/worlds/actors/imp_captain_guard.png remapped: res://assets/opera/worlds/actors/imp_captain_guard.png
Loading resource: res://.godot/imported/imp_captain_guard.png-e89585bc394d3dca313907cb2224501f.s3tc.ctex remapped: res://.godot/imported/imp_captain_guard.png-e89585bc394d3dca313907cb2224501f.s3tc.ctex
Completed load for: 'res://assets/opera/worlds/actors/imp_captain_guard.png' remapped 'res://assets/opera/worlds/actors/imp_captain_guard.png' at thread -1
Loading resource: res://assets/opera/worlds/actors/imp_captain_stagger.png remapped: res://assets/opera/worlds/actors/imp_captain_stagger.png
Loading resource: res://.godot/imported/imp_captain_stagger.png-f0d86df4f11e14a3c5b3094eb10f0acb.s3tc.ctex remapped: res://.godot/imported/imp_captain_stagger.png-f0d86df4f11e14a3c5b3094eb10f0acb.s3tc.ctex
Completed load for: 'res://assets/opera/worlds/actors/imp_captain_stagger.png' remapped 'res://assets/opera/worlds/actors/imp_captain_stagger.png' at thread -1
Loading resource: res://assets/opera/worlds/actors/imp_captain_flee.png remapped: res://assets/opera/worlds/actors/imp_captain_flee.png
Loading resource: res://.godot/imported/imp_captain_flee.png-10494cd923c0d79bdd4a59cef42f4027.s3tc.ctex remapped: res://.godot/imported/imp_captain_flee.png-10494cd923c0d79bdd4a59cef42f4027.s3tc.ctex
Completed load for: 'res://assets/opera/worlds/actors/imp_captain_flee.png' remapped 'res://assets/opera/worlds/actors/imp_captain_flee.png' at thread -1
Loading resource: res://assets/opera/worlds/actors/imp_captain_taunt.png remapped: res://assets/opera/worlds/actors/imp_captain_taunt.png
Loading resource: res://.godot/imported/imp_captain_taunt.png-954edfe43d7f3d0d339d9dcee7736514.s3tc.ctex remapped: res://.godot/imported/imp_captain_taunt.png-954edfe43d7f3d0d339d9dcee7736514.s3tc.ctex
Completed load for: 'res://assets/opera/worlds/actors/imp_captain_taunt.png' remapped 'res://assets/opera/worlds/actors/imp_captain_taunt.png' at thread -1
Loading resource: res://assets/opera/worlds/actors/imp_captain_bopped.png remapped: res://assets/opera/worlds/actors/imp_captain_bopped.png
Loading resource: res://.godot/imported/imp_captain_bopped.png-7b18e453603e8a4113fd2cbb62ded9b6.s3tc.ctex remapped: res://.godot/imported/imp_captain_bopped.png-7b18e453603e8a4113fd2cbb62ded9b6.s3tc.ctex
Completed load for: 'res://assets/opera/worlds/actors/imp_captain_bopped.png' remapped 'res://assets/opera/worlds/actors/imp_captain_bopped.png' at thread -1
Loading resource: res://assets/audio/voices/filler_v1/roshan_op_chef_pipe_stage.ogg remapped: res://assets/audio/voices/filler_v1/roshan_op_chef_pipe_stage.ogg
Loading resource: res://.godot/imported/roshan_op_chef_pipe_stage.ogg-cdc863b49d261af29c4f8c6217413073.oggvorbisstr remapped: res://.godot/imported/roshan_op_chef_pipe_stage.ogg-cdc863b49d261af29c4f8c6217413073.oggvorbisstr
Completed load for: 'res://assets/audio/voices/filler_v1/roshan_op_chef_pipe_stage.ogg' remapped 'res://assets/audio/voices/filler_v1/roshan_op_chef_pipe_stage.ogg' at thread -1
Loading resource: res://assets/opera/worlds/widgets/widget_trace_chef_lit.png remapped: res://assets/opera/worlds/widgets/widget_trace_chef_lit.png
Loading resource: res://.godot/imported/widget_trace_chef_lit.png-50b50bcc8d40459ad2b2a505f5bcbb1e.ctex remapped: res://.godot/imported/widget_trace_chef_lit.png-50b50bcc8d40459ad2b2a505f5bcbb1e.ctex
Completed load for: 'res://assets/opera/worlds/widgets/widget_trace_chef_lit.png' remapped 'res://assets/opera/worlds/widgets/widget_trace_chef_lit.png' at thread -1
Loading resource: res://assets/opera/worlds/props/goal_chef.png remapped: res://assets/opera/worlds/props/goal_chef.png
Loading resource: res://.godot/imported/goal_chef.png-d27376d8c22e2026b9b3c4d46ee30175.s3tc.ctex remapped: res://.godot/imported/goal_chef.png-d27376d8c22e2026b9b3c4d46ee30175.s3tc.ctex
Completed load for: 'res://assets/opera/worlds/props/goal_chef.png' remapped 'res://assets/opera/worlds/props/goal_chef.png' at thread -1
Loading resource: res://assets/opera/worlds/widgets/widget_trace_chef_lit.png remapped: res://assets/opera/worlds/widgets/widget_trace_chef_lit.png
Loading resource: res://.godot/imported/widget_trace_chef_lit.png-50b50bcc8d40459ad2b2a505f5bcbb1e.ctex remapped: res://.godot/imported/widget_trace_chef_lit.png-50b50bcc8d40459ad2b2a505f5bcbb1e.ctex
Completed load for: 'res://assets/opera/worlds/widgets/widget_trace_chef_lit.png' remapped 'res://assets/opera/worlds/widgets/widget_trace_chef_lit.png' at thread -1
Loading resource: res://assets/chapter2/birthday/chapter2_chef_frosted_rainbow_cake.png remapped: res://assets/chapter2/birthday/chapter2_chef_frosted_rainbow_cake.png
Loading resource: res://.godot/imported/chapter2_chef_frosted_rainbow_cake.png-d5814ca36a02fb6a0c95af1574a1bd7f.ctex remapped: res://.godot/imported/chapter2_chef_frosted_rainbow_cake.png-d5814ca36a02fb6a0c95af1574a1bd7f.ctex
Completed load for: 'res://assets/chapter2/birthday/chapter2_chef_frosted_rainbow_cake.png' remapped 'res://assets/chapter2/birthday/chapter2_chef_frosted_rainbow_cake.png' at thread -1
CHAPTER2_FARMER_RESUME|Chef phase 4 owns one room-coordinate surface: OK
CHAPTER2_FARMER_RESUME|Chef native props stay behind the foreground actor: OK
CHAPTER2_FARMER_RESUME|Chef phase 4 passive demo earns nothing: OK
CHAPTER2_FARMER_RESUME|Chef phase 4 physical endpoint completes the world: OK
Loading resource: res://assets/opera/worlds/ui/magnifier.png remapped: res://assets/opera/worlds/ui/magnifier.png
Loading resource: res://.godot/imported/magnifier.png-def06d7a41c5772f787cbecf1fb0c089.s3tc.ctex remapped: res://.godot/imported/magnifier.png-def06d7a41c5772f787cbecf1fb0c089.s3tc.ctex
Completed load for: 'res://assets/opera/worlds/ui/magnifier.png' remapped 'res://assets/opera/worlds/ui/magnifier.png' at thread -1
Loading resource: res://assets/opera/worlds/backdrops/world_chef.png remapped: res://assets/opera/worlds/backdrops/world_chef.png
Loading resource: res://.godot/imported/world_chef.png-ef6ca0dee3242fe8c57ffeff3f7a3325.ctex remapped: res://.godot/imported/world_chef.png-ef6ca0dee3242fe8c57ffeff3f7a3325.ctex
Completed load for: 'res://assets/opera/worlds/backdrops/world_chef.png' remapped 'res://assets/opera/worlds/backdrops/world_chef.png' at thread -1
Loading resource: res://assets/opera/worlds/backdrops/chef_story_clean_v1/world_chef_c0r0.png remapped: res://assets/opera/worlds/backdrops/chef_story_clean_v1/world_chef_c0r0.png
Loading resource: res://.godot/imported/world_chef_c0r0.png-0ece24d10e6f92afefe881c990eca893.s3tc.ctex remapped: res://.godot/imported/world_chef_c0r0.png-0ece24d10e6f92afefe881c990eca893.s3tc.ctex
Completed load for: 'res://assets/opera/worlds/backdrops/chef_story_clean_v1/world_chef_c0r0.png' remapped 'res://assets/opera/worlds/backdrops/chef_story_clean_v1/world_chef_c0r0.png' at thread -1
Loading resource: res://assets/opera/worlds/backdrops/chef_story_clean_v1/world_chef_c1r0.png remapped: res://assets/opera/worlds/backdrops/chef_story_clean_v1/world_chef_c1r0.png
Loading resource: res://.godot/imported/world_chef_c1r0.png-b86b61ecf9b65721574a81cb630d2ede.s3tc.ctex remapped: res://.godot/imported/world_chef_c1r0.png-b86b61ecf9b65721574a81cb630d2ede.s3tc.ctex
Completed load for: 'res://assets/opera/worlds/backdrops/chef_story_clean_v1/world_chef_c1r0.png' remapped 'res://assets/opera/worlds/backdrops/chef_story_clean_v1/world_chef_c1r0.png' at thread -1
Loading resource: res://assets/opera/worlds/backdrops/chef_story_clean_v1/world_chef_c0r1.png remapped: res://assets/opera/worlds/backdrops/chef_story_clean_v1/world_chef_c0r1.png
Loading resource: res://.godot/imported/world_chef_c0r1.png-6019a3e1b274d569c3088830cef4729b.s3tc.ctex remapped: res://.godot/imported/world_chef_c0r1.png-6019a3e1b274d569c3088830cef4729b.s3tc.ctex
Completed load for: 'res://assets/opera/worlds/backdrops/chef_story_clean_v1/world_chef_c0r1.png' remapped 'res://assets/opera/worlds/backdrops/chef_story_clean_v1/world_chef_c0r1.png' at thread -1
Loading resource: res://assets/opera/worlds/backdrops/chef_story_clean_v1/world_chef_c1r1.png remapped: res://assets/opera/worlds/backdrops/chef_story_clean_v1/world_chef_c1r1.png
Loading resource: res://.godot/imported/world_chef_c1r1.png-086c7fbfc39327d6bf09dea116fbb824.s3tc.ctex remapped: res://.godot/imported/world_chef_c1r1.png-086c7fbfc39327d6bf09dea116fbb824.s3tc.ctex
Completed load for: 'res://assets/opera/worlds/backdrops/chef_story_clean_v1/world_chef_c1r1.png' remapped 'res://assets/opera/worlds/backdrops/chef_story_clean_v1/world_chef_c1r1.png' at thread -1
Loading resource: res://assets/opera/worlds/backdrops/stage_chef_c0r0.png remapped: res://assets/opera/worlds/backdrops/stage_chef_c0r0.png
Loading resource: res://.godot/imported/stage_chef_c0r0.png-cc29211ddce9c8eb5ea02bb2f004767f.s3tc.ctex remapped: res://.godot/imported/stage_chef_c0r0.png-cc29211ddce9c8eb5ea02bb2f004767f.s3tc.ctex
Completed load for: 'res://assets/opera/worlds/backdrops/stage_chef_c0r0.png' remapped 'res://assets/opera/worlds/backdrops/stage_chef_c0r0.png' at thread -1
Loading resource: res://assets/opera/worlds/backdrops/stage_chef_c1r0.png remapped: res://assets/opera/worlds/backdrops/stage_chef_c1r0.png
Loading resource: res://.godot/imported/stage_chef_c1r0.png-192ef867e0aaac991da08dfe0b268abb.s3tc.ctex remapped: res://.godot/imported/stage_chef_c1r0.png-192ef867e0aaac991da08dfe0b268abb.s3tc.ctex
Completed load for: 'res://assets/opera/worlds/backdrops/stage_chef_c1r0.png' remapped 'res://assets/opera/worlds/backdrops/stage_chef_c1r0.png' at thread -1
Loading resource: res://assets/opera/worlds/backdrops/stage_chef_c0r1.png remapped: res://assets/opera/worlds/backdrops/stage_chef_c0r1.png
Loading resource: res://.godot/imported/stage_chef_c0r1.png-fa08fc12d8940ebdcaaf79672c5e43a3.s3tc.ctex remapped: res://.godot/imported/stage_chef_c0r1.png-fa08fc12d8940ebdcaaf79672c5e43a3.s3tc.ctex
Completed load for: 'res://assets/opera/worlds/backdrops/stage_chef_c0r1.png' remapped 'res://assets/opera/worlds/backdrops/stage_chef_c0r1.png' at thread -1
Loading resource: res://assets/opera/worlds/backdrops/stage_chef_c1r1.png remapped: res://assets/opera/worlds/backdrops/stage_chef_c1r1.png
Loading resource: res://.godot/imported/stage_chef_c1r1.png-205194b94ea589b7253dce7b86e817a7.s3tc.ctex remapped: res://.godot/imported/stage_chef_c1r1.png-205194b94ea589b7253dce7b86e817a7.s3tc.ctex
Completed load for: 'res://assets/opera/worlds/backdrops/stage_chef_c1r1.png' remapped 'res://assets/opera/worlds/backdrops/stage_chef_c1r1.png' at thread -1
Loading resource: res://assets/chapter2/birthday/chapter2_chef_stacked_unfrosted_cake.png remapped: res://assets/chapter2/birthday/chapter2_chef_stacked_unfrosted_cake.png
Loading resource: res://.godot/imported/chapter2_chef_stacked_unfrosted_cake.png-176874fcedc720ba04c4f9ee9e3c4241.ctex remapped: res://.godot/imported/chapter2_chef_stacked_unfrosted_cake.png-176874fcedc720ba04c4f9ee9e3c4241.ctex
Completed load for: 'res://assets/chapter2/birthday/chapter2_chef_stacked_unfrosted_cake.png' remapped 'res://assets/chapter2/birthday/chapter2_chef_stacked_unfrosted_cake.png' at thread -1
Loading resource: res://assets/opera/worlds/actors/roshan_chef.png remapped: res://assets/opera/worlds/actors/roshan_chef.png
Loading resource: res://.godot/imported/roshan_chef.png-bc782154b95629319a4783a7946abf7a.s3tc.ctex remapped: res://.godot/imported/roshan_chef.png-bc782154b95629319a4783a7946abf7a.s3tc.ctex
Completed load for: 'res://assets/opera/worlds/actors/roshan_chef.png' remapped 'res://assets/opera/worlds/actors/roshan_chef.png' at thread -1
Loading resource: res://assets/opera/worlds/actors/animation/roshan_chef_sheet_a.png remapped: res://assets/opera/worlds/actors/animation/roshan_chef_sheet_a.png
Loading resource: res://.godot/imported/roshan_chef_sheet_a.png-4ec4a75ade66f00d68e03c6b5e93b0ec.ctex remapped: res://.godot/imported/roshan_chef_sheet_a.png-4ec4a75ade66f00d68e03c6b5e93b0ec.ctex
Completed load for: 'res://assets/opera/worlds/actors/animation/roshan_chef_sheet_a.png' remapped 'res://assets/opera/worlds/actors/animation/roshan_chef_sheet_a.png' at thread -1
Loading resource: res://assets/opera/worlds/actors/rival_chef.png remapped: res://assets/opera/worlds/actors/rival_chef.png
Loading resource: res://.godot/imported/rival_chef.png-2eef5f226867e382a410b29d539aa19d.s3tc.ctex remapped: res://.godot/imported/rival_chef.png-2eef5f226867e382a410b29d539aa19d.s3tc.ctex
Completed load for: 'res://assets/opera/worlds/actors/rival_chef.png' remapped 'res://assets/opera/worlds/actors/rival_chef.png' at thread -1
Loading resource: res://assets/opera/worlds/props/fx_bop_puff.png remapped: res://assets/opera/worlds/props/fx_bop_puff.png
Loading resource: res://.godot/imported/fx_bop_puff.png-44d6a8b8f3875802302bda4fdd154827.s3tc.ctex remapped: res://.godot/imported/fx_bop_puff.png-44d6a8b8f3875802302bda4fdd154827.s3tc.ctex
Completed load for: 'res://assets/opera/worlds/props/fx_bop_puff.png' remapped 'res://assets/opera/worlds/props/fx_bop_puff.png' at thread -1
Loading resource: res://assets/opera/worlds/actors/imp_mischief.png remapped: res://assets/opera/worlds/actors/imp_mischief.png
Loading resource: res://.godot/imported/imp_mischief.png-2aa91762cfa121884fd7c941a480cd75.s3tc.ctex remapped: res://.godot/imported/imp_mischief.png-2aa91762cfa121884fd7c941a480cd75.s3tc.ctex
Completed load for: 'res://assets/opera/worlds/actors/imp_mischief.png' remapped 'res://assets/opera/worlds/actors/imp_mischief.png' at thread -1
Loading resource: res://assets/opera/worlds/actors/imp_mischief_bopped.png remapped: res://assets/opera/worlds/actors/imp_mischief_bopped.png
Loading resource: res://.godot/imported/imp_mischief_bopped.png-276c2d81098a757a1274ef356d58e20d.s3tc.ctex remapped: res://.godot/imported/imp_mischief_bopped.png-276c2d81098a757a1274ef356d58e20d.s3tc.ctex
Completed load for: 'res://assets/opera/worlds/actors/imp_mischief_bopped.png' remapped 'res://assets/opera/worlds/actors/imp_mischief_bopped.png' at thread -1
Loading resource: res://assets/opera/worlds/actors/imp_mischief_bow.png remapped: res://assets/opera/worlds/actors/imp_mischief_bow.png
Loading resource: res://.godot/imported/imp_mischief_bow.png-643f90847c4113e6a65aff5fa7b6c3e8.s3tc.ctex remapped: res://.godot/imported/imp_mischief_bow.png-643f90847c4113e6a65aff5fa7b6c3e8.s3tc.ctex
Completed load for: 'res://assets/opera/worlds/actors/imp_mischief_bow.png' remapped 'res://assets/opera/worlds/actors/imp_mischief_bow.png' at thread -1
Loading resource: res://assets/opera/worlds/actors/imp_captain.png remapped: res://assets/opera/worlds/actors/imp_captain.png
Loading resource: res://.godot/imported/imp_captain.png-e46cb032a0f4e73284cb41534b78dba6.s3tc.ctex remapped: res://.godot/imported/imp_captain.png-e46cb032a0f4e73284cb41534b78dba6.s3tc.ctex
Completed load for: 'res://assets/opera/worlds/actors/imp_captain.png' remapped 'res://assets/opera/worlds/actors/imp_captain.png' at thread -1
Loading resource: res://assets/opera/worlds/actors/imp_captain_bopped.png remapped: res://assets/opera/worlds/actors/imp_captain_bopped.png
Loading resource: res://.godot/imported/imp_captain_bopped.png-7b18e453603e8a4113fd2cbb62ded9b6.s3tc.ctex remapped: res://.godot/imported/imp_captain_bopped.png-7b18e453603e8a4113fd2cbb62ded9b6.s3tc.ctex
Completed load for: 'res://assets/opera/worlds/actors/imp_captain_bopped.png' remapped 'res://assets/opera/worlds/actors/imp_captain_bopped.png' at thread -1
Loading resource: res://assets/opera/worlds/actors/imp_captain_bow.png remapped: res://assets/opera/worlds/actors/imp_captain_bow.png
Loading resource: res://.godot/imported/imp_captain_bow.png-12497944600f3a910cccf5033db21fec.s3tc.ctex remapped: res://.godot/imported/imp_captain_bow.png-12497944600f3a910cccf5033db21fec.s3tc.ctex
Completed load for: 'res://assets/opera/worlds/actors/imp_captain_bow.png' remapped 'res://assets/opera/worlds/actors/imp_captain_bow.png' at thread -1
Loading resource: res://assets/opera/worlds/props/fx_telegraph_ring.png remapped: res://assets/opera/worlds/props/fx_telegraph_ring.png
Loading resource: res://.godot/imported/fx_telegraph_ring.png-a5607cfab59aaf797e0ebc0e0d630b71.s3tc.ctex remapped: res://.godot/imported/fx_telegraph_ring.png-a5607cfab59aaf797e0ebc0e0d630b71.s3tc.ctex
Completed load for: 'res://assets/opera/worlds/props/fx_telegraph_ring.png' remapped 'res://assets/opera/worlds/props/fx_telegraph_ring.png' at thread -1
Loading resource: res://assets/opera/worlds/props/fx_telegraph_bang.png remapped: res://assets/opera/worlds/props/fx_telegraph_bang.png
Loading resource: res://.godot/imported/fx_telegraph_bang.png-5e57510f37f0277a1436815b2f5303f5.s3tc.ctex remapped: res://.godot/imported/fx_telegraph_bang.png-5e57510f37f0277a1436815b2f5303f5.s3tc.ctex
Completed load for: 'res://assets/opera/worlds/props/fx_telegraph_bang.png' remapped 'res://assets/opera/worlds/props/fx_telegraph_bang.png' at thread -1
Loading resource: res://assets/opera/worlds/props/fx_slash_arc.png remapped: res://assets/opera/worlds/props/fx_slash_arc.png
Loading resource: res://.godot/imported/fx_slash_arc.png-06c01e57545f44970f1e9749d78c8c7b.s3tc.ctex remapped: res://.godot/imported/fx_slash_arc.png-06c01e57545f44970f1e9749d78c8c7b.s3tc.ctex
Completed load for: 'res://assets/opera/worlds/props/fx_slash_arc.png' remapped 'res://assets/opera/worlds/props/fx_slash_arc.png' at thread -1
Loading resource: res://assets/opera/worlds/props/fx_dizzy_stars.png remapped: res://assets/opera/worlds/props/fx_dizzy_stars.png
Loading resource: res://.godot/imported/fx_dizzy_stars.png-e249bf547dbb4ae001be7738fcb2de24.s3tc.ctex remapped: res://.godot/imported/fx_dizzy_stars.png-e249bf547dbb4ae001be7738fcb2de24.s3tc.ctex
Completed load for: 'res://assets/opera/worlds/props/fx_dizzy_stars.png' remapped 'res://assets/opera/worlds/props/fx_dizzy_stars.png' at thread -1
Loading resource: res://assets/opera/worlds/actors/rival_chef_bopped.png remapped: res://assets/opera/worlds/actors/rival_chef_bopped.png
Loading resource: res://.godot/imported/rival_chef_bopped.png-a958e09708c682c295f572716a60e912.s3tc.ctex remapped: res://.godot/imported/rival_chef_bopped.png-a958e09708c682c295f572716a60e912.s3tc.ctex
Completed load for: 'res://assets/opera/worlds/actors/rival_chef_bopped.png' remapped 'res://assets/opera/worlds/actors/rival_chef_bopped.png' at thread -1
Loading resource: res://assets/opera/worlds/actors/rival_chef_windup.png remapped: res://assets/opera/worlds/actors/rival_chef_windup.png
Loading resource: res://.godot/imported/rival_chef_windup.png-f9813cf59d06c30dd766049c9c0390da.s3tc.ctex remapped: res://.godot/imported/rival_chef_windup.png-f9813cf59d06c30dd766049c9c0390da.s3tc.ctex
Completed load for: 'res://assets/opera/worlds/actors/rival_chef_windup.png' remapped 'res://assets/opera/worlds/actors/rival_chef_windup.png' at thread -1
Loading resource: res://assets/opera/worlds/actors/rival_chef_charge.png remapped: res://assets/opera/worlds/actors/rival_chef_charge.png
Loading resource: res://.godot/imported/rival_chef_charge.png-b77b9ce0ecdb43770202bb02ab20497c.s3tc.ctex remapped: res://.godot/imported/rival_chef_charge.png-b77b9ce0ecdb43770202bb02ab20497c.s3tc.ctex
Completed load for: 'res://assets/opera/worlds/actors/rival_chef_charge.png' remapped 'res://assets/opera/worlds/actors/rival_chef_charge.png' at thread -1
Loading resource: res://assets/opera/worlds/actors/rival_chef_slash.png remapped: res://assets/opera/worlds/actors/rival_chef_slash.png
Loading resource: res://.godot/imported/rival_chef_slash.png-86d13b64a3548479071cb37cba647d50.s3tc.ctex remapped: res://.godot/imported/rival_chef_slash.png-86d13b64a3548479071cb37cba647d50.s3tc.ctex
Completed load for: 'res://assets/opera/worlds/actors/rival_chef_slash.png' remapped 'res://assets/opera/worlds/actors/rival_chef_slash.png' at thread -1
Loading resource: res://assets/opera/worlds/actors/rival_chef_recover.png remapped: res://assets/opera/worlds/actors/rival_chef_recover.png
Loading resource: res://.godot/imported/rival_chef_recover.png-ce8a2f6ee2a0834a6a528e42ac87cdee.s3tc.ctex remapped: res://.godot/imported/rival_chef_recover.png-ce8a2f6ee2a0834a6a528e42ac87cdee.s3tc.ctex
Completed load for: 'res://assets/opera/worlds/actors/rival_chef_recover.png' remapped 'res://assets/opera/worlds/actors/rival_chef_recover.png' at thread -1
Loading resource: res://assets/opera/worlds/actors/rival_chef_guard.png remapped: res://assets/opera/worlds/actors/rival_chef_guard.png
Loading resource: res://.godot/imported/rival_chef_guard.png-681802d5b3c14a74967dc098c77c2d70.s3tc.ctex remapped: res://.godot/imported/rival_chef_guard.png-681802d5b3c14a74967dc098c77c2d70.s3tc.ctex
Completed load for: 'res://assets/opera/worlds/actors/rival_chef_guard.png' remapped 'res://assets/opera/worlds/actors/rival_chef_guard.png' at thread -1
Loading resource: res://assets/opera/worlds/actors/rival_chef_stagger.png remapped: res://assets/opera/worlds/actors/rival_chef_stagger.png
Loading resource: res://.godot/imported/rival_chef_stagger.png-4483fdfb538c0c6a8121e30fbfc2dc4a.s3tc.ctex remapped: res://.godot/imported/rival_chef_stagger.png-4483fdfb538c0c6a8121e30fbfc2dc4a.s3tc.ctex
Completed load for: 'res://assets/opera/worlds/actors/rival_chef_stagger.png' remapped 'res://assets/opera/worlds/actors/rival_chef_stagger.png' at thread -1
Loading resource: res://assets/opera/worlds/actors/rival_chef_flee.png remapped: res://assets/opera/worlds/actors/rival_chef_flee.png
Loading resource: res://.godot/imported/rival_chef_flee.png-ac12146f9cc2e3eb85aa4951d735fdc8.s3tc.ctex remapped: res://.godot/imported/rival_chef_flee.png-ac12146f9cc2e3eb85aa4951d735fdc8.s3tc.ctex
Completed load for: 'res://assets/opera/worlds/actors/rival_chef_flee.png' remapped 'res://assets/opera/worlds/actors/rival_chef_flee.png' at thread -1
Loading resource: res://assets/opera/worlds/actors/rival_chef_taunt.png remapped: res://assets/opera/worlds/actors/rival_chef_taunt.png
Loading resource: res://.godot/imported/rival_chef_taunt.png-31a97cb0e4c18955a4e497a7d2acdb22.s3tc.ctex remapped: res://.godot/imported/rival_chef_taunt.png-31a97cb0e4c18955a4e497a7d2acdb22.s3tc.ctex
Completed load for: 'res://assets/opera/worlds/actors/rival_chef_taunt.png' remapped 'res://assets/opera/worlds/actors/rival_chef_taunt.png' at thread -1
Loading resource: res://assets/opera/worlds/actors/rival_chef_hop_a.png remapped: res://assets/opera/worlds/actors/rival_chef_hop_a.png
Loading resource: res://.godot/imported/rival_chef_hop_a.png-4ee494dffb2a86f7acfc727f379b7305.s3tc.ctex remapped: res://.godot/imported/rival_chef_hop_a.png-4ee494dffb2a86f7acfc727f379b7305.s3tc.ctex
Completed load for: 'res://assets/opera/worlds/actors/rival_chef_hop_a.png' remapped 'res://assets/opera/worlds/actors/rival_chef_hop_a.png' at thread -1
Loading resource: res://assets/opera/worlds/actors/rival_chef_hop_b.png remapped: res://assets/opera/worlds/actors/rival_chef_hop_b.png
Loading resource: res://.godot/imported/rival_chef_hop_b.png-c61e03499b064c3a7c8b04685a205bfd.s3tc.ctex remapped: res://.godot/imported/rival_chef_hop_b.png-c61e03499b064c3a7c8b04685a205bfd.s3tc.ctex
Completed load for: 'res://assets/opera/worlds/actors/rival_chef_hop_b.png' remapped 'res://assets/opera/worlds/actors/rival_chef_hop_b.png' at thread -1
Loading resource: res://assets/opera/worlds/actors/rival_chef_bow.png remapped: res://assets/opera/worlds/actors/rival_chef_bow.png
Loading resource: res://.godot/imported/rival_chef_bow.png-d2fd6fc40f5a42e5f64d3d1f0c6a3a4e.s3tc.ctex remapped: res://.godot/imported/rival_chef_bow.png-d2fd6fc40f5a42e5f64d3d1f0c6a3a4e.s3tc.ctex
Completed load for: 'res://assets/opera/worlds/actors/rival_chef_bow.png' remapped 'res://assets/opera/worlds/actors/rival_chef_bow.png' at thread -1
Loading resource: res://assets/opera/worlds/actors/imp_mischief.png remapped: res://assets/opera/worlds/actors/imp_mischief.png
Loading resource: res://.godot/imported/imp_mischief.png-2aa91762cfa121884fd7c941a480cd75.s3tc.ctex remapped: res://.godot/imported/imp_mischief.png-2aa91762cfa121884fd7c941a480cd75.s3tc.ctex
Completed load for: 'res://assets/opera/worlds/actors/imp_mischief.png' remapped 'res://assets/opera/worlds/actors/imp_mischief.png' at thread -1
Loading resource: res://assets/opera/worlds/actors/imp_mischief_windup.png remapped: res://assets/opera/worlds/actors/imp_mischief_windup.png
Loading resource: res://.godot/imported/imp_mischief_windup.png-27644fd709fe5393e0a8caad88b075b6.s3tc.ctex remapped: res://.godot/imported/imp_mischief_windup.png-27644fd709fe5393e0a8caad88b075b6.s3tc.ctex
Completed load for: 'res://assets/opera/worlds/actors/imp_mischief_windup.png' remapped 'res://assets/opera/worlds/actors/imp_mischief_windup.png' at thread -1
Loading resource: res://assets/opera/worlds/actors/imp_mischief_charge.png remapped: res://assets/opera/worlds/actors/imp_mischief_charge.png
Loading resource: res://.godot/imported/imp_mischief_charge.png-7651fd8a67674c1425677cc73b08a982.s3tc.ctex remapped: res://.godot/imported/imp_mischief_charge.png-7651fd8a67674c1425677cc73b08a982.s3tc.ctex
Completed load for: 'res://assets/opera/worlds/actors/imp_mischief_charge.png' remapped 'res://assets/opera/worlds/actors/imp_mischief_charge.png' at thread -1
Loading resource: res://assets/opera/worlds/actors/imp_mischief_slash.png remapped: res://assets/opera/worlds/actors/imp_mischief_slash.png
Loading resource: res://.godot/imported/imp_mischief_slash.png-feef3a7d575df712da4960aea92d00eb.s3tc.ctex remapped: res://.godot/imported/imp_mischief_slash.png-feef3a7d575df712da4960aea92d00eb.s3tc.ctex
Completed load for: 'res://assets/opera/worlds/actors/imp_mischief_slash.png' remapped 'res://assets/opera/worlds/actors/imp_mischief_slash.png' at thread -1
Loading resource: res://assets/opera/worlds/actors/imp_mischief_recover.png remapped: res://assets/opera/worlds/actors/imp_mischief_recover.png
Loading resource: res://.godot/imported/imp_mischief_recover.png-9993ae96041a390c9d56b99855a20323.s3tc.ctex remapped: res://.godot/imported/imp_mischief_recover.png-9993ae96041a390c9d56b99855a20323.s3tc.ctex
Completed load for: 'res://assets/opera/worlds/actors/imp_mischief_recover.png' remapped 'res://assets/opera/worlds/actors/imp_mischief_recover.png' at thread -1
Loading resource: res://assets/opera/worlds/actors/imp_mischief_guard.png remapped: res://assets/opera/worlds/actors/imp_mischief_guard.png
Loading resource: res://.godot/imported/imp_mischief_guard.png-e0b51eb2c2b687acd70ab7e0486431b4.s3tc.ctex remapped: res://.godot/imported/imp_mischief_guard.png-e0b51eb2c2b687acd70ab7e0486431b4.s3tc.ctex
Completed load for: 'res://assets/opera/worlds/actors/imp_mischief_guard.png' remapped 'res://assets/opera/worlds/actors/imp_mischief_guard.png' at thread -1
Loading resource: res://assets/opera/worlds/actors/imp_mischief_stagger.png remapped: res://assets/opera/worlds/actors/imp_mischief_stagger.png
Loading resource: res://.godot/imported/imp_mischief_stagger.png-deb400ff054c7a4631756e74bc75bffe.s3tc.ctex remapped: res://.godot/imported/imp_mischief_stagger.png-deb400ff054c7a4631756e74bc75bffe.s3tc.ctex
Completed load for: 'res://assets/opera/worlds/actors/imp_mischief_stagger.png' remapped 'res://assets/opera/worlds/actors/imp_mischief_stagger.png' at thread -1
Loading resource: res://assets/opera/worlds/actors/imp_mischief_flee.png remapped: res://assets/opera/worlds/actors/imp_mischief_flee.png
Loading resource: res://.godot/imported/imp_mischief_flee.png-75ab59cf13833ac1972e0ab1614b4de8.s3tc.ctex remapped: res://.godot/imported/imp_mischief_flee.png-75ab59cf13833ac1972e0ab1614b4de8.s3tc.ctex
Completed load for: 'res://assets/opera/worlds/actors/imp_mischief_flee.png' remapped 'res://assets/opera/worlds/actors/imp_mischief_flee.png' at thread -1
Loading resource: res://assets/opera/worlds/actors/imp_mischief_taunt.png remapped: res://assets/opera/worlds/actors/imp_mischief_taunt.png
Loading resource: res://.godot/imported/imp_mischief_taunt.png-a891d360a40c9485aea56227a041d6c9.s3tc.ctex remapped: res://.godot/imported/imp_mischief_taunt.png-a891d360a40c9485aea56227a041d6c9.s3tc.ctex
Completed load for: 'res://assets/opera/worlds/actors/imp_mischief_taunt.png' remapped 'res://assets/opera/worlds/actors/imp_mischief_taunt.png' at thread -1
Loading resource: res://assets/opera/worlds/actors/imp_mischief_bopped.png remapped: res://assets/opera/worlds/actors/imp_mischief_bopped.png
Loading resource: res://.godot/imported/imp_mischief_bopped.png-276c2d81098a757a1274ef356d58e20d.s3tc.ctex remapped: res://.godot/imported/imp_mischief_bopped.png-276c2d81098a757a1274ef356d58e20d.s3tc.ctex
Completed load for: 'res://assets/opera/worlds/actors/imp_mischief_bopped.png' remapped 'res://assets/opera/worlds/actors/imp_mischief_bopped.png' at thread -1
Loading resource: res://assets/opera/worlds/actors/imp_captain.png remapped: res://assets/opera/worlds/actors/imp_captain.png
Loading resource: res://.godot/imported/imp_captain.png-e46cb032a0f4e73284cb41534b78dba6.s3tc.ctex remapped: res://.godot/imported/imp_captain.png-e46cb032a0f4e73284cb41534b78dba6.s3tc.ctex
Completed load for: 'res://assets/opera/worlds/actors/imp_captain.png' remapped 'res://assets/opera/worlds/actors/imp_captain.png' at thread -1
Loading resource: res://assets/opera/worlds/actors/imp_captain_windup.png remapped: res://assets/opera/worlds/actors/imp_captain_windup.png
Loading resource: res://.godot/imported/imp_captain_windup.png-8943ae388fceff3a2b93abea186ce701.s3tc.ctex remapped: res://.godot/imported/imp_captain_windup.png-8943ae388fceff3a2b93abea186ce701.s3tc.ctex
Completed load for: 'res://assets/opera/worlds/actors/imp_captain_windup.png' remapped 'res://assets/opera/worlds/actors/imp_captain_windup.png' at thread -1
Loading resource: res://assets/opera/worlds/actors/imp_captain_charge.png remapped: res://assets/opera/worlds/actors/imp_captain_charge.png
Loading resource: res://.godot/imported/imp_captain_charge.png-ca0f6b738d6b7acf2d7d62bda85c3ee9.s3tc.ctex remapped: res://.godot/imported/imp_captain_charge.png-ca0f6b738d6b7acf2d7d62bda85c3ee9.s3tc.ctex
Completed load for: 'res://assets/opera/worlds/actors/imp_captain_charge.png' remapped 'res://assets/opera/worlds/actors/imp_captain_charge.png' at thread -1
Loading resource: res://assets/opera/worlds/actors/imp_captain_slash.png remapped: res://assets/opera/worlds/actors/imp_captain_slash.png
Loading resource: res://.godot/imported/imp_captain_slash.png-c2f505657f2b06bee95b1e51e1c49129.s3tc.ctex remapped: res://.godot/imported/imp_captain_slash.png-c2f505657f2b06bee95b1e51e1c49129.s3tc.ctex
Completed load for: 'res://assets/opera/worlds/actors/imp_captain_slash.png' remapped 'res://assets/opera/worlds/actors/imp_captain_slash.png' at thread -1
Loading resource: res://assets/opera/worlds/actors/imp_captain_recover.png remapped: res://assets/opera/worlds/actors/imp_captain_recover.png
Loading resource: res://.godot/imported/imp_captain_recover.png-542263c7b6fc37fb29210456149073b0.s3tc.ctex remapped: res://.godot/imported/imp_captain_recover.png-542263c7b6fc37fb29210456149073b0.s3tc.ctex
Completed load for: 'res://assets/opera/worlds/actors/imp_captain_recover.png' remapped 'res://assets/opera/worlds/actors/imp_captain_recover.png' at thread -1
Loading resource: res://assets/opera/worlds/actors/imp_captain_guard.png remapped: res://assets/opera/worlds/actors/imp_captain_guard.png
Loading resource: res://.godot/imported/imp_captain_guard.png-e89585bc394d3dca313907cb2224501f.s3tc.ctex remapped: res://.godot/imported/imp_captain_guard.png-e89585bc394d3dca313907cb2224501f.s3tc.ctex
Completed load for: 'res://assets/opera/worlds/actors/imp_captain_guard.png' remapped 'res://assets/opera/worlds/actors/imp_captain_guard.png' at thread -1
Loading resource: res://assets/opera/worlds/actors/imp_captain_stagger.png remapped: res://assets/opera/worlds/actors/imp_captain_stagger.png
Loading resource: res://.godot/imported/imp_captain_stagger.png-f0d86df4f11e14a3c5b3094eb10f0acb.s3tc.ctex remapped: res://.godot/imported/imp_captain_stagger.png-f0d86df4f11e14a3c5b3094eb10f0acb.s3tc.ctex
Completed load for: 'res://assets/opera/worlds/actors/imp_captain_stagger.png' remapped 'res://assets/opera/worlds/actors/imp_captain_stagger.png' at thread -1
Loading resource: res://assets/opera/worlds/actors/imp_captain_flee.png remapped: res://assets/opera/worlds/actors/imp_captain_flee.png
Loading resource: res://.godot/imported/imp_captain_flee.png-10494cd923c0d79bdd4a59cef42f4027.s3tc.ctex remapped: res://.godot/imported/imp_captain_flee.png-10494cd923c0d79bdd4a59cef42f4027.s3tc.ctex
Completed load for: 'res://assets/opera/worlds/actors/imp_captain_flee.png' remapped 'res://assets/opera/worlds/actors/imp_captain_flee.png' at thread -1
Loading resource: res://assets/opera/worlds/actors/imp_captain_taunt.png remapped: res://assets/opera/worlds/actors/imp_captain_taunt.png
Loading resource: res://.godot/imported/imp_captain_taunt.png-954edfe43d7f3d0d339d9dcee7736514.s3tc.ctex remapped: res://.godot/imported/imp_captain_taunt.png-954edfe43d7f3d0d339d9dcee7736514.s3tc.ctex
Completed load for: 'res://assets/opera/worlds/actors/imp_captain_taunt.png' remapped 'res://assets/opera/worlds/actors/imp_captain_taunt.png' at thread -1
Loading resource: res://assets/opera/worlds/actors/imp_captain_bopped.png remapped: res://assets/opera/worlds/actors/imp_captain_bopped.png
Loading resource: res://.godot/imported/imp_captain_bopped.png-7b18e453603e8a4113fd2cbb62ded9b6.s3tc.ctex remapped: res://.godot/imported/imp_captain_bopped.png-7b18e453603e8a4113fd2cbb62ded9b6.s3tc.ctex
Completed load for: 'res://assets/opera/worlds/actors/imp_captain_bopped.png' remapped 'res://assets/opera/worlds/actors/imp_captain_bopped.png' at thread -1
Loading resource: res://assets/audio/voices/filler_v1/roshan_op_chef_pour_stage.ogg remapped: res://assets/audio/voices/filler_v1/roshan_op_chef_pour_stage.ogg
Loading resource: res://.godot/imported/roshan_op_chef_pour_stage.ogg-cc6ca1215618ea0853e35f5f93a50529.oggvorbisstr remapped: res://.godot/imported/roshan_op_chef_pour_stage.ogg-cc6ca1215618ea0853e35f5f93a50529.oggvorbisstr
Completed load for: 'res://assets/audio/voices/filler_v1/roshan_op_chef_pour_stage.ogg' remapped 'res://assets/audio/voices/filler_v1/roshan_op_chef_pour_stage.ogg' at thread -1
Loading resource: res://assets/opera/worlds/widgets/widget_pour_chef_mover.png remapped: res://assets/opera/worlds/widgets/widget_pour_chef_mover.png
Loading resource: res://.godot/imported/widget_pour_chef_mover.png-93e22fb06eb104e0ace859c262820176.s3tc.ctex remapped: res://.godot/imported/widget_pour_chef_mover.png-93e22fb06eb104e0ace859c262820176.s3tc.ctex
Completed load for: 'res://assets/opera/worlds/widgets/widget_pour_chef_mover.png' remapped 'res://assets/opera/worlds/widgets/widget_pour_chef_mover.png' at thread -1
Loading resource: res://assets/opera/worlds/widgets/widget_pour_chef_fill.png remapped: res://assets/opera/worlds/widgets/widget_pour_chef_fill.png
Loading resource: res://.godot/imported/widget_pour_chef_fill.png-cccded297e5de5e023c76be85758c2dc.ctex remapped: res://.godot/imported/widget_pour_chef_fill.png-cccded297e5de5e023c76be85758c2dc.ctex
Completed load for: 'res://assets/opera/worlds/widgets/widget_pour_chef_fill.png' remapped 'res://assets/opera/worlds/widgets/widget_pour_chef_fill.png' at thread -1
CHAPTER2_FARMER_RESUME|chef owns a valid production-shaped phase callback: OK
Loading resource: res://assets/chapter2/birthday/chapter2_chef_frosted_rainbow_cake.png remapped: res://assets/chapter2/birthday/chapter2_chef_frosted_rainbow_cake.png
Loading resource: res://.godot/imported/chapter2_chef_frosted_rainbow_cake.png-d5814ca36a02fb6a0c95af1574a1bd7f.ctex remapped: res://.godot/imported/chapter2_chef_frosted_rainbow_cake.png-d5814ca36a02fb6a0c95af1574a1bd7f.ctex
Completed load for: 'res://assets/chapter2/birthday/chapter2_chef_frosted_rainbow_cake.png' remapped 'res://assets/chapter2/birthday/chapter2_chef_frosted_rainbow_cake.png' at thread -1
CHAPTER2_FARMER_RESUME|chef persists its final cake mask before closing: OK
CHAPTER2_FARMER_RESUME|chef refreshes the committed cake picture before closing: OK
CHAPTER2_FARMER_RESUME|chef starts a plot-owned result hold before closing: OK
CHAPTER2_FARMER_RESUME|chef keeps the completed cake visible during the result hold: OK
CHAPTER2_FARMER_RESUME|chef closes only after the committed cake has held on screen: OK
Loading resource: res://assets/opera/worlds/ui/magnifier.png remapped: res://assets/opera/worlds/ui/magnifier.png
Loading resource: res://.godot/imported/magnifier.png-def06d7a41c5772f787cbecf1fb0c089.s3tc.ctex remapped: res://.godot/imported/magnifier.png-def06d7a41c5772f787cbecf1fb0c089.s3tc.ctex
Completed load for: 'res://assets/opera/worlds/ui/magnifier.png' remapped 'res://assets/opera/worlds/ui/magnifier.png' at thread -1
Loading resource: res://assets/opera/worlds/backdrops/world_candymaker.png remapped: res://assets/opera/worlds/backdrops/world_candymaker.png
Loading resource: res://.godot/imported/world_candymaker.png-7595ff4edfdee045fd894eb2f1ba9ff3.ctex remapped: res://.godot/imported/world_candymaker.png-7595ff4edfdee045fd894eb2f1ba9ff3.ctex
Completed load for: 'res://assets/opera/worlds/backdrops/world_candymaker.png' remapped 'res://assets/opera/worlds/backdrops/world_candymaker.png' at thread -1
Loading resource: res://assets/opera/worlds/backdrops/world_candymaker_c0r0.png remapped: res://assets/opera/worlds/backdrops/world_candymaker_c0r0.png
Loading resource: res://.godot/imported/world_candymaker_c0r0.png-c275572bc48ff6eb0b2801bcef5f0f70.s3tc.ctex remapped: res://.godot/imported/world_candymaker_c0r0.png-c275572bc48ff6eb0b2801bcef5f0f70.s3tc.ctex
Completed load for: 'res://assets/opera/worlds/backdrops/world_candymaker_c0r0.png' remapped 'res://assets/opera/worlds/backdrops/world_candymaker_c0r0.png' at thread -1
Loading resource: res://assets/opera/worlds/backdrops/world_candymaker_c1r0.png remapped: res://assets/opera/worlds/backdrops/world_candymaker_c1r0.png
Loading resource: res://.godot/imported/world_candymaker_c1r0.png-628e85030054493781bb96fbc93afc32.s3tc.ctex remapped: res://.godot/imported/world_candymaker_c1r0.png-628e85030054493781bb96fbc93afc32.s3tc.ctex
Completed load for: 'res://assets/opera/worlds/backdrops/world_candymaker_c1r0.png' remapped 'res://assets/opera/worlds/backdrops/world_candymaker_c1r0.png' at thread -1
Loading resource: res://assets/opera/worlds/backdrops/world_candymaker_c0r1.png remapped: res://assets/opera/worlds/backdrops/world_candymaker_c0r1.png
Loading resource: res://.godot/imported/world_candymaker_c0r1.png-bea0393cb6cdec6d7ceb6f0ce7ba12b7.s3tc.ctex remapped: res://.godot/imported/world_candymaker_c0r1.png-bea0393cb6cdec6d7ceb6f0ce7ba12b7.s3tc.ctex
Completed load for: 'res://assets/opera/worlds/backdrops/world_candymaker_c0r1.png' remapped 'res://assets/opera/worlds/backdrops/world_candymaker_c0r1.png' at thread -1
Loading resource: res://assets/opera/worlds/backdrops/world_candymaker_c1r1.png remapped: res://assets/opera/worlds/backdrops/world_candymaker_c1r1.png
Loading resource: res://.godot/imported/world_candymaker_c1r1.png-eac625c9d8a96e1a0e6bfac8caffa8f2.s3tc.ctex remapped: res://.godot/imported/world_candymaker_c1r1.png-eac625c9d8a96e1a0e6bfac8caffa8f2.s3tc.ctex
Completed load for: 'res://assets/opera/worlds/backdrops/world_candymaker_c1r1.png' remapped 'res://assets/opera/worlds/backdrops/world_candymaker_c1r1.png' at thread -1
Loading resource: res://assets/opera/worlds/backdrops/stage_candymaker_c0r0.png remapped: res://assets/opera/worlds/backdrops/stage_candymaker_c0r0.png
Loading resource: res://.godot/imported/stage_candymaker_c0r0.png-be4bee052e0b6d8c8995a5a963b0dcba.s3tc.ctex remapped: res://.godot/imported/stage_candymaker_c0r0.png-be4bee052e0b6d8c8995a5a963b0dcba.s3tc.ctex
Completed load for: 'res://assets/opera/worlds/backdrops/stage_candymaker_c0r0.png' remapped 'res://assets/opera/worlds/backdrops/stage_candymaker_c0r0.png' at thread -1
Loading resource: res://assets/opera/worlds/backdrops/stage_candymaker_c1r0.png remapped: res://assets/opera/worlds/backdrops/stage_candymaker_c1r0.png
Loading resource: res://.godot/imported/stage_candymaker_c1r0.png-6a60f12618a2424379c9cc1e67d1ae45.s3tc.ctex remapped: res://.godot/imported/stage_candymaker_c1r0.png-6a60f12618a2424379c9cc1e67d1ae45.s3tc.ctex
Completed load for: 'res://assets/opera/worlds/backdrops/stage_candymaker_c1r0.png' remapped 'res://assets/opera/worlds/backdrops/stage_candymaker_c1r0.png' at thread -1
Loading resource: res://assets/opera/worlds/backdrops/stage_candymaker_c0r1.png remapped: res://assets/opera/worlds/backdrops/stage_candymaker_c0r1.png
Loading resource: res://.godot/imported/stage_candymaker_c0r1.png-dbcf4986e9d1bb806ef7c6521186d363.s3tc.ctex remapped: res://.godot/imported/stage_candymaker_c0r1.png-dbcf4986e9d1bb806ef7c6521186d363.s3tc.ctex
Completed load for: 'res://assets/opera/worlds/backdrops/stage_candymaker_c0r1.png' remapped 'res://assets/opera/worlds/backdrops/stage_candymaker_c0r1.png' at thread -1
Loading resource: res://assets/opera/worlds/backdrops/stage_candymaker_c1r1.png remapped: res://assets/opera/worlds/backdrops/stage_candymaker_c1r1.png
Loading resource: res://.godot/imported/stage_candymaker_c1r1.png-d3517008c49cae40eb475ac05fcf2c73.s3tc.ctex remapped: res://.godot/imported/stage_candymaker_c1r1.png-d3517008c49cae40eb475ac05fcf2c73.s3tc.ctex
Completed load for: 'res://assets/opera/worlds/backdrops/stage_candymaker_c1r1.png' remapped 'res://assets/opera/worlds/backdrops/stage_candymaker_c1r1.png' at thread -1
Loading resource: res://assets/chapter2/birthday/chapter2_candied_strawberries_tray.png remapped: res://assets/chapter2/birthday/chapter2_candied_strawberries_tray.png
Loading resource: res://.godot/imported/chapter2_candied_strawberries_tray.png-7cee3b2fe388c6c630b87c752f1ee7d4.ctex remapped: res://.godot/imported/chapter2_candied_strawberries_tray.png-7cee3b2fe388c6c630b87c752f1ee7d4.ctex
Completed load for: 'res://assets/chapter2/birthday/chapter2_candied_strawberries_tray.png' remapped 'res://assets/chapter2/birthday/chapter2_candied_strawberries_tray.png' at thread -1
Loading resource: res://assets/chapter2/birthday/chapter2_chef_frosted_rainbow_cake.png remapped: res://assets/chapter2/birthday/chapter2_chef_frosted_rainbow_cake.png
Loading resource: res://.godot/imported/chapter2_chef_frosted_rainbow_cake.png-d5814ca36a02fb6a0c95af1574a1bd7f.ctex remapped: res://.godot/imported/chapter2_chef_frosted_rainbow_cake.png-d5814ca36a02fb6a0c95af1574a1bd7f.ctex
Completed load for: 'res://assets/chapter2/birthday/chapter2_chef_frosted_rainbow_cake.png' remapped 'res://assets/chapter2/birthday/chapter2_chef_frosted_rainbow_cake.png' at thread -1
WARNING: Opera phase has no authored room object: candymaker/COAT STRAWBERRIES
   at: push_warning (core/variant/variant_utility.cpp:1033)
   GDScript backtrace (most recent call first):
       [0] _assign_stations (res://scripts/opera_career_world_2d.gd:1910)
       [1] _build_world (res://scripts/opera_career_world_2d.gd:1190)
       [2] setup (res://scripts/opera_career_world_2d.gd:765)
       [3] _run_final_cake_hold_case (res://scripts/probe_chapter2_farmer_resume.gd:239)
       [4] _init (res://scripts/probe_chapter2_farmer_resume.gd:69)
       [5] _run_final_cake_hold_case (res://scripts/probe_chapter2_farmer_resume.gd:306)
WARNING: Opera phase has no authored room object: candymaker/SORT STRAWBERRIES
   at: push_warning (core/variant/variant_utility.cpp:1033)
   GDScript backtrace (most recent call first):
       [0] _assign_stations (res://scripts/opera_career_world_2d.gd:1910)
       [1] _build_world (res://scripts/opera_career_world_2d.gd:1190)
       [2] setup (res://scripts/opera_career_world_2d.gd:765)
       [3] _run_final_cake_hold_case (res://scripts/probe_chapter2_farmer_resume.gd:239)
       [4] _init (res://scripts/probe_chapter2_farmer_resume.gd:69)
       [5] _run_final_cake_hold_case (res://scripts/probe_chapter2_farmer_resume.gd:306)
WARNING: Opera phase has no authored room object: candymaker/GLAZE STRAWBERRIES
   at: push_warning (core/variant/variant_utility.cpp:1033)
   GDScript backtrace (most recent call first):
       [0] _assign_stations (res://scripts/opera_career_world_2d.gd:1910)
       [1] _build_world (res://scripts/opera_career_world_2d.gd:1190)
       [2] setup (res://scripts/opera_career_world_2d.gd:765)
       [3] _run_final_cake_hold_case (res://scripts/probe_chapter2_farmer_resume.gd:239)
       [4] _init (res://scripts/probe_chapter2_farmer_resume.gd:69)
       [5] _run_final_cake_hold_case (res://scripts/probe_chapter2_farmer_resume.gd:306)
WARNING: Opera phase has no authored room object: candymaker/PLACE ON CAKE
   at: push_warning (core/variant/variant_utility.cpp:1033)
   GDScript backtrace (most recent call first):
       [0] _assign_stations (res://scripts/opera_career_world_2d.gd:1910)
       [1] _build_world (res://scripts/opera_career_world_2d.gd:1190)
       [2] setup (res://scripts/opera_career_world_2d.gd:765)
       [3] _run_final_cake_hold_case (res://scripts/probe_chapter2_farmer_resume.gd:239)
       [4] _init (res://scripts/probe_chapter2_farmer_resume.gd:69)
       [5] _run_final_cake_hold_case (res://scripts/probe_chapter2_farmer_resume.gd:306)
Loading resource: res://assets/opera/worlds/actors/roshan_candymaker.png remapped: res://assets/opera/worlds/actors/roshan_candymaker.png
Loading resource: res://.godot/imported/roshan_candymaker.png-e8c18a143a1c853aaced615a7f8fc92c.s3tc.ctex remapped: res://.godot/imported/roshan_candymaker.png-e8c18a143a1c853aaced615a7f8fc92c.s3tc.ctex
Completed load for: 'res://assets/opera/worlds/actors/roshan_candymaker.png' remapped 'res://assets/opera/worlds/actors/roshan_candymaker.png' at thread -1
Loading resource: res://assets/opera/worlds/actors/animation/roshan_candymaker_sheet_a.png remapped: res://assets/opera/worlds/actors/animation/roshan_candymaker_sheet_a.png
Loading resource: res://.godot/imported/roshan_candymaker_sheet_a.png-84cfce7efe2e1cc204ad842af0e82455.ctex remapped: res://.godot/imported/roshan_candymaker_sheet_a.png-84cfce7efe2e1cc204ad842af0e82455.ctex
Completed load for: 'res://assets/opera/worlds/actors/animation/roshan_candymaker_sheet_a.png' remapped 'res://assets/opera/worlds/actors/animation/roshan_candymaker_sheet_a.png' at thread -1
Loading resource: res://assets/opera/worlds/actors/rival_candymaker.png remapped: res://assets/opera/worlds/actors/rival_candymaker.png
Loading resource: res://.godot/imported/rival_candymaker.png-f0ce5c47e0643e89f63cd8696818cbe1.s3tc.ctex remapped: res://.godot/imported/rival_candymaker.png-f0ce5c47e0643e89f63cd8696818cbe1.s3tc.ctex
Completed load for: 'res://assets/opera/worlds/actors/rival_candymaker.png' remapped 'res://assets/opera/worlds/actors/rival_candymaker.png' at thread -1
Loading resource: res://assets/opera/worlds/props/fx_bop_puff.png remapped: res://assets/opera/worlds/props/fx_bop_puff.png
Loading resource: res://.godot/imported/fx_bop_puff.png-44d6a8b8f3875802302bda4fdd154827.s3tc.ctex remapped: res://.godot/imported/fx_bop_puff.png-44d6a8b8f3875802302bda4fdd154827.s3tc.ctex
Completed load for: 'res://assets/opera/worlds/props/fx_bop_puff.png' remapped 'res://assets/opera/worlds/props/fx_bop_puff.png' at thread -1
Loading resource: res://assets/opera/worlds/actors/imp_mischief.png remapped: res://assets/opera/worlds/actors/imp_mischief.png
Loading resource: res://.godot/imported/imp_mischief.png-2aa91762cfa121884fd7c941a480cd75.s3tc.ctex remapped: res://.godot/imported/imp_mischief.png-2aa91762cfa121884fd7c941a480cd75.s3tc.ctex
Completed load for: 'res://assets/opera/worlds/actors/imp_mischief.png' remapped 'res://assets/opera/worlds/actors/imp_mischief.png' at thread -1
Loading resource: res://assets/opera/worlds/actors/imp_mischief_bopped.png remapped: res://assets/opera/worlds/actors/imp_mischief_bopped.png
Loading resource: res://.godot/imported/imp_mischief_bopped.png-276c2d81098a757a1274ef356d58e20d.s3tc.ctex remapped: res://.godot/imported/imp_mischief_bopped.png-276c2d81098a757a1274ef356d58e20d.s3tc.ctex
Completed load for: 'res://assets/opera/worlds/actors/imp_mischief_bopped.png' remapped 'res://assets/opera/worlds/actors/imp_mischief_bopped.png' at thread -1
Loading resource: res://assets/opera/worlds/actors/imp_mischief_bow.png remapped: res://assets/opera/worlds/actors/imp_mischief_bow.png
Loading resource: res://.godot/imported/imp_mischief_bow.png-643f90847c4113e6a65aff5fa7b6c3e8.s3tc.ctex remapped: res://.godot/imported/imp_mischief_bow.png-643f90847c4113e6a65aff5fa7b6c3e8.s3tc.ctex
Completed load for: 'res://assets/opera/worlds/actors/imp_mischief_bow.png' remapped 'res://assets/opera/worlds/actors/imp_mischief_bow.png' at thread -1
Loading resource: res://assets/opera/worlds/actors/imp_captain.png remapped: res://assets/opera/worlds/actors/imp_captain.png
Loading resource: res://.godot/imported/imp_captain.png-e46cb032a0f4e73284cb41534b78dba6.s3tc.ctex remapped: res://.godot/imported/imp_captain.png-e46cb032a0f4e73284cb41534b78dba6.s3tc.ctex
Completed load for: 'res://assets/opera/worlds/actors/imp_captain.png' remapped 'res://assets/opera/worlds/actors/imp_captain.png' at thread -1
Loading resource: res://assets/opera/worlds/actors/imp_captain_bopped.png remapped: res://assets/opera/worlds/actors/imp_captain_bopped.png
Loading resource: res://.godot/imported/imp_captain_bopped.png-7b18e453603e8a4113fd2cbb62ded9b6.s3tc.ctex remapped: res://.godot/imported/imp_captain_bopped.png-7b18e453603e8a4113fd2cbb62ded9b6.s3tc.ctex
Completed load for: 'res://assets/opera/worlds/actors/imp_captain_bopped.png' remapped 'res://assets/opera/worlds/actors/imp_captain_bopped.png' at thread -1
Loading resource: res://assets/opera/worlds/actors/imp_captain_bow.png remapped: res://assets/opera/worlds/actors/imp_captain_bow.png
Loading resource: res://.godot/imported/imp_captain_bow.png-12497944600f3a910cccf5033db21fec.s3tc.ctex remapped: res://.godot/imported/imp_captain_bow.png-12497944600f3a910cccf5033db21fec.s3tc.ctex
Completed load for: 'res://assets/opera/worlds/actors/imp_captain_bow.png' remapped 'res://assets/opera/worlds/actors/imp_captain_bow.png' at thread -1
Loading resource: res://assets/opera/worlds/props/fx_telegraph_ring.png remapped: res://assets/opera/worlds/props/fx_telegraph_ring.png
Loading resource: res://.godot/imported/fx_telegraph_ring.png-a5607cfab59aaf797e0ebc0e0d630b71.s3tc.ctex remapped: res://.godot/imported/fx_telegraph_ring.png-a5607cfab59aaf797e0ebc0e0d630b71.s3tc.ctex
Completed load for: 'res://assets/opera/worlds/props/fx_telegraph_ring.png' remapped 'res://assets/opera/worlds/props/fx_telegraph_ring.png' at thread -1
Loading resource: res://assets/opera/worlds/props/fx_telegraph_bang.png remapped: res://assets/opera/worlds/props/fx_telegraph_bang.png
Loading resource: res://.godot/imported/fx_telegraph_bang.png-5e57510f37f0277a1436815b2f5303f5.s3tc.ctex remapped: res://.godot/imported/fx_telegraph_bang.png-5e57510f37f0277a1436815b2f5303f5.s3tc.ctex
Completed load for: 'res://assets/opera/worlds/props/fx_telegraph_bang.png' remapped 'res://assets/opera/worlds/props/fx_telegraph_bang.png' at thread -1
Loading resource: res://assets/opera/worlds/props/fx_slash_arc.png remapped: res://assets/opera/worlds/props/fx_slash_arc.png
Loading resource: res://.godot/imported/fx_slash_arc.png-06c01e57545f44970f1e9749d78c8c7b.s3tc.ctex remapped: res://.godot/imported/fx_slash_arc.png-06c01e57545f44970f1e9749d78c8c7b.s3tc.ctex
Completed load for: 'res://assets/opera/worlds/props/fx_slash_arc.png' remapped 'res://assets/opera/worlds/props/fx_slash_arc.png' at thread -1
Loading resource: res://assets/opera/worlds/props/fx_dizzy_stars.png remapped: res://assets/opera/worlds/props/fx_dizzy_stars.png
Loading resource: res://.godot/imported/fx_dizzy_stars.png-e249bf547dbb4ae001be7738fcb2de24.s3tc.ctex remapped: res://.godot/imported/fx_dizzy_stars.png-e249bf547dbb4ae001be7738fcb2de24.s3tc.ctex
Completed load for: 'res://assets/opera/worlds/props/fx_dizzy_stars.png' remapped 'res://assets/opera/worlds/props/fx_dizzy_stars.png' at thread -1
Loading resource: res://assets/opera/worlds/actors/rival_candymaker_bopped.png remapped: res://assets/opera/worlds/actors/rival_candymaker_bopped.png
Loading resource: res://.godot/imported/rival_candymaker_bopped.png-e34e5e31d04dd947fd83bb9a182a07d9.s3tc.ctex remapped: res://.godot/imported/rival_candymaker_bopped.png-e34e5e31d04dd947fd83bb9a182a07d9.s3tc.ctex
Completed load for: 'res://assets/opera/worlds/actors/rival_candymaker_bopped.png' remapped 'res://assets/opera/worlds/actors/rival_candymaker_bopped.png' at thread -1
Loading resource: res://assets/opera/worlds/actors/rival_candymaker_windup.png remapped: res://assets/opera/worlds/actors/rival_candymaker_windup.png
Loading resource: res://.godot/imported/rival_candymaker_windup.png-748fb88f4dc4aaadc75b778e686a1496.s3tc.ctex remapped: res://.godot/imported/rival_candymaker_windup.png-748fb88f4dc4aaadc75b778e686a1496.s3tc.ctex
Completed load for: 'res://assets/opera/worlds/actors/rival_candymaker_windup.png' remapped 'res://assets/opera/worlds/actors/rival_candymaker_windup.png' at thread -1
Loading resource: res://assets/opera/worlds/actors/rival_candymaker_charge.png remapped: res://assets/opera/worlds/actors/rival_candymaker_charge.png
Loading resource: res://.godot/imported/rival_candymaker_charge.png-b0ab23220031b26cf57d252aaf2c0e21.s3tc.ctex remapped: res://.godot/imported/rival_candymaker_charge.png-b0ab23220031b26cf57d252aaf2c0e21.s3tc.ctex
Completed load for: 'res://assets/opera/worlds/actors/rival_candymaker_charge.png' remapped 'res://assets/opera/worlds/actors/rival_candymaker_charge.png' at thread -1
Loading resource: res://assets/opera/worlds/actors/rival_candymaker_slash.png remapped: res://assets/opera/worlds/actors/rival_candymaker_slash.png
Loading resource: res://.godot/imported/rival_candymaker_slash.png-db7a19465acde3a7987e227861da8546.s3tc.ctex remapped: res://.godot/imported/rival_candymaker_slash.png-db7a19465acde3a7987e227861da8546.s3tc.ctex
Completed load for: 'res://assets/opera/worlds/actors/rival_candymaker_slash.png' remapped 'res://assets/opera/worlds/actors/rival_candymaker_slash.png' at thread -1
Loading resource: res://assets/opera/worlds/actors/rival_candymaker_recover.png remapped: res://assets/opera/worlds/actors/rival_candymaker_recover.png
Loading resource: res://.godot/imported/rival_candymaker_recover.png-066885e8e957a22e2ac394865f9cbec0.s3tc.ctex remapped: res://.godot/imported/rival_candymaker_recover.png-066885e8e957a22e2ac394865f9cbec0.s3tc.ctex
Completed load for: 'res://assets/opera/worlds/actors/rival_candymaker_recover.png' remapped 'res://assets/opera/worlds/actors/rival_candymaker_recover.png' at thread -1
Loading resource: res://assets/opera/worlds/actors/rival_candymaker_guard.png remapped: res://assets/opera/worlds/actors/rival_candymaker_guard.png
Loading resource: res://.godot/imported/rival_candymaker_guard.png-4529ebf9db5afcf6a2c01d6436d4c9c3.s3tc.ctex remapped: res://.godot/imported/rival_candymaker_guard.png-4529ebf9db5afcf6a2c01d6436d4c9c3.s3tc.ctex
Completed load for: 'res://assets/opera/worlds/actors/rival_candymaker_guard.png' remapped 'res://assets/opera/worlds/actors/rival_candymaker_guard.png' at thread -1
Loading resource: res://assets/opera/worlds/actors/rival_candymaker_stagger.png remapped: res://assets/opera/worlds/actors/rival_candymaker_stagger.png
Loading resource: res://.godot/imported/rival_candymaker_stagger.png-dfa8ba646e7139e80cf44a39d136fb20.s3tc.ctex remapped: res://.godot/imported/rival_candymaker_stagger.png-dfa8ba646e7139e80cf44a39d136fb20.s3tc.ctex
Completed load for: 'res://assets/opera/worlds/actors/rival_candymaker_stagger.png' remapped 'res://assets/opera/worlds/actors/rival_candymaker_stagger.png' at thread -1
Loading resource: res://assets/opera/worlds/actors/rival_candymaker_flee.png remapped: res://assets/opera/worlds/actors/rival_candymaker_flee.png
Loading resource: res://.godot/imported/rival_candymaker_flee.png-d3c135b793047e19d3945d041668cd81.s3tc.ctex remapped: res://.godot/imported/rival_candymaker_flee.png-d3c135b793047e19d3945d041668cd81.s3tc.ctex
Completed load for: 'res://assets/opera/worlds/actors/rival_candymaker_flee.png' remapped 'res://assets/opera/worlds/actors/rival_candymaker_flee.png' at thread -1
Loading resource: res://assets/opera/worlds/actors/rival_candymaker_taunt.png remapped: res://assets/opera/worlds/actors/rival_candymaker_taunt.png
Loading resource: res://.godot/imported/rival_candymaker_taunt.png-65aada8dfda2c4dd049b4dafe158a7c0.s3tc.ctex remapped: res://.godot/imported/rival_candymaker_taunt.png-65aada8dfda2c4dd049b4dafe158a7c0.s3tc.ctex
Completed load for: 'res://assets/opera/worlds/actors/rival_candymaker_taunt.png' remapped 'res://assets/opera/worlds/actors/rival_candymaker_taunt.png' at thread -1
Loading resource: res://assets/opera/worlds/actors/rival_candymaker_hop_a.png remapped: res://assets/opera/worlds/actors/rival_candymaker_hop_a.png
Loading resource: res://.godot/imported/rival_candymaker_hop_a.png-6b2d46e8803ed3e7a397230cf48e4824.s3tc.ctex remapped: res://.godot/imported/rival_candymaker_hop_a.png-6b2d46e8803ed3e7a397230cf48e4824.s3tc.ctex
Completed load for: 'res://assets/opera/worlds/actors/rival_candymaker_hop_a.png' remapped 'res://assets/opera/worlds/actors/rival_candymaker_hop_a.png' at thread -1
Loading resource: res://assets/opera/worlds/actors/rival_candymaker_hop_b.png remapped: res://assets/opera/worlds/actors/rival_candymaker_hop_b.png
Loading resource: res://.godot/imported/rival_candymaker_hop_b.png-075d9eb949dcb55d3b97d1338b55d55e.s3tc.ctex remapped: res://.godot/imported/rival_candymaker_hop_b.png-075d9eb949dcb55d3b97d1338b55d55e.s3tc.ctex
Completed load for: 'res://assets/opera/worlds/actors/rival_candymaker_hop_b.png' remapped 'res://assets/opera/worlds/actors/rival_candymaker_hop_b.png' at thread -1
Loading resource: res://assets/opera/worlds/actors/rival_candymaker_bow.png remapped: res://assets/opera/worlds/actors/rival_candymaker_bow.png
Loading resource: res://.godot/imported/rival_candymaker_bow.png-9b0e2ed55a9a86b447124d2279af60cc.s3tc.ctex remapped: res://.godot/imported/rival_candymaker_bow.png-9b0e2ed55a9a86b447124d2279af60cc.s3tc.ctex
Completed load for: 'res://assets/opera/worlds/actors/rival_candymaker_bow.png' remapped 'res://assets/opera/worlds/actors/rival_candymaker_bow.png' at thread -1
Loading resource: res://assets/opera/worlds/actors/imp_mischief.png remapped: res://assets/opera/worlds/actors/imp_mischief.png
Loading resource: res://.godot/imported/imp_mischief.png-2aa91762cfa121884fd7c941a480cd75.s3tc.ctex remapped: res://.godot/imported/imp_mischief.png-2aa91762cfa121884fd7c941a480cd75.s3tc.ctex
Completed load for: 'res://assets/opera/worlds/actors/imp_mischief.png' remapped 'res://assets/opera/worlds/actors/imp_mischief.png' at thread -1
Loading resource: res://assets/opera/worlds/actors/imp_mischief_windup.png remapped: res://assets/opera/worlds/actors/imp_mischief_windup.png
Loading resource: res://.godot/imported/imp_mischief_windup.png-27644fd709fe5393e0a8caad88b075b6.s3tc.ctex remapped: res://.godot/imported/imp_mischief_windup.png-27644fd709fe5393e0a8caad88b075b6.s3tc.ctex
Completed load for: 'res://assets/opera/worlds/actors/imp_mischief_windup.png' remapped 'res://assets/opera/worlds/actors/imp_mischief_windup.png' at thread -1
Loading resource: res://assets/opera/worlds/actors/imp_mischief_charge.png remapped: res://assets/opera/worlds/actors/imp_mischief_charge.png
Loading resource: res://.godot/imported/imp_mischief_charge.png-7651fd8a67674c1425677cc73b08a982.s3tc.ctex remapped: res://.godot/imported/imp_mischief_charge.png-7651fd8a67674c1425677cc73b08a982.s3tc.ctex
Completed load for: 'res://assets/opera/worlds/actors/imp_mischief_charge.png' remapped 'res://assets/opera/worlds/actors/imp_mischief_charge.png' at thread -1
Loading resource: res://assets/opera/worlds/actors/imp_mischief_slash.png remapped: res://assets/opera/worlds/actors/imp_mischief_slash.png
Loading resource: res://.godot/imported/imp_mischief_slash.png-feef3a7d575df712da4960aea92d00eb.s3tc.ctex remapped: res://.godot/imported/imp_mischief_slash.png-feef3a7d575df712da4960aea92d00eb.s3tc.ctex
Completed load for: 'res://assets/opera/worlds/actors/imp_mischief_slash.png' remapped 'res://assets/opera/worlds/actors/imp_mischief_slash.png' at thread -1
Loading resource: res://assets/opera/worlds/actors/imp_mischief_recover.png remapped: res://assets/opera/worlds/actors/imp_mischief_recover.png
Loading resource: res://.godot/imported/imp_mischief_recover.png-9993ae96041a390c9d56b99855a20323.s3tc.ctex remapped: res://.godot/imported/imp_mischief_recover.png-9993ae96041a390c9d56b99855a20323.s3tc.ctex
Completed load for: 'res://assets/opera/worlds/actors/imp_mischief_recover.png' remapped 'res://assets/opera/worlds/actors/imp_mischief_recover.png' at thread -1
Loading resource: res://assets/opera/worlds/actors/imp_mischief_guard.png remapped: res://assets/opera/worlds/actors/imp_mischief_guard.png
Loading resource: res://.godot/imported/imp_mischief_guard.png-e0b51eb2c2b687acd70ab7e0486431b4.s3tc.ctex remapped: res://.godot/imported/imp_mischief_guard.png-e0b51eb2c2b687acd70ab7e0486431b4.s3tc.ctex
Completed load for: 'res://assets/opera/worlds/actors/imp_mischief_guard.png' remapped 'res://assets/opera/worlds/actors/imp_mischief_guard.png' at thread -1
Loading resource: res://assets/opera/worlds/actors/imp_mischief_stagger.png remapped: res://assets/opera/worlds/actors/imp_mischief_stagger.png
Loading resource: res://.godot/imported/imp_mischief_stagger.png-deb400ff054c7a4631756e74bc75bffe.s3tc.ctex remapped: res://.godot/imported/imp_mischief_stagger.png-deb400ff054c7a4631756e74bc75bffe.s3tc.ctex
Completed load for: 'res://assets/opera/worlds/actors/imp_mischief_stagger.png' remapped 'res://assets/opera/worlds/actors/imp_mischief_stagger.png' at thread -1
Loading resource: res://assets/opera/worlds/actors/imp_mischief_flee.png remapped: res://assets/opera/worlds/actors/imp_mischief_flee.png
Loading resource: res://.godot/imported/imp_mischief_flee.png-75ab59cf13833ac1972e0ab1614b4de8.s3tc.ctex remapped: res://.godot/imported/imp_mischief_flee.png-75ab59cf13833ac1972e0ab1614b4de8.s3tc.ctex
Completed load for: 'res://assets/opera/worlds/actors/imp_mischief_flee.png' remapped 'res://assets/opera/worlds/actors/imp_mischief_flee.png' at thread -1
Loading resource: res://assets/opera/worlds/actors/imp_mischief_taunt.png remapped: res://assets/opera/worlds/actors/imp_mischief_taunt.png
Loading resource: res://.godot/imported/imp_mischief_taunt.png-a891d360a40c9485aea56227a041d6c9.s3tc.ctex remapped: res://.godot/imported/imp_mischief_taunt.png-a891d360a40c9485aea56227a041d6c9.s3tc.ctex
Completed load for: 'res://assets/opera/worlds/actors/imp_mischief_taunt.png' remapped 'res://assets/opera/worlds/actors/imp_mischief_taunt.png' at thread -1
Loading resource: res://assets/opera/worlds/actors/imp_mischief_bopped.png remapped: res://assets/opera/worlds/actors/imp_mischief_bopped.png
Loading resource: res://.godot/imported/imp_mischief_bopped.png-276c2d81098a757a1274ef356d58e20d.s3tc.ctex remapped: res://.godot/imported/imp_mischief_bopped.png-276c2d81098a757a1274ef356d58e20d.s3tc.ctex
Completed load for: 'res://assets/opera/worlds/actors/imp_mischief_bopped.png' remapped 'res://assets/opera/worlds/actors/imp_mischief_bopped.png' at thread -1
Loading resource: res://assets/opera/worlds/actors/imp_captain.png remapped: res://assets/opera/worlds/actors/imp_captain.png
Loading resource: res://.godot/imported/imp_captain.png-e46cb032a0f4e73284cb41534b78dba6.s3tc.ctex remapped: res://.godot/imported/imp_captain.png-e46cb032a0f4e73284cb41534b78dba6.s3tc.ctex
Completed load for: 'res://assets/opera/worlds/actors/imp_captain.png' remapped 'res://assets/opera/worlds/actors/imp_captain.png' at thread -1
Loading resource: res://assets/opera/worlds/actors/imp_captain_windup.png remapped: res://assets/opera/worlds/actors/imp_captain_windup.png
Loading resource: res://.godot/imported/imp_captain_windup.png-8943ae388fceff3a2b93abea186ce701.s3tc.ctex remapped: res://.godot/imported/imp_captain_windup.png-8943ae388fceff3a2b93abea186ce701.s3tc.ctex
Completed load for: 'res://assets/opera/worlds/actors/imp_captain_windup.png' remapped 'res://assets/opera/worlds/actors/imp_captain_windup.png' at thread -1
Loading resource: res://assets/opera/worlds/actors/imp_captain_charge.png remapped: res://assets/opera/worlds/actors/imp_captain_charge.png
Loading resource: res://.godot/imported/imp_captain_charge.png-ca0f6b738d6b7acf2d7d62bda85c3ee9.s3tc.ctex remapped: res://.godot/imported/imp_captain_charge.png-ca0f6b738d6b7acf2d7d62bda85c3ee9.s3tc.ctex
Completed load for: 'res://assets/opera/worlds/actors/imp_captain_charge.png' remapped 'res://assets/opera/worlds/actors/imp_captain_charge.png' at thread -1
Loading resource: res://assets/opera/worlds/actors/imp_captain_slash.png remapped: res://assets/opera/worlds/actors/imp_captain_slash.png
Loading resource: res://.godot/imported/imp_captain_slash.png-c2f505657f2b06bee95b1e51e1c49129.s3tc.ctex remapped: res://.godot/imported/imp_captain_slash.png-c2f505657f2b06bee95b1e51e1c49129.s3tc.ctex
Completed load for: 'res://assets/opera/worlds/actors/imp_captain_slash.png' remapped 'res://assets/opera/worlds/actors/imp_captain_slash.png' at thread -1
Loading resource: res://assets/opera/worlds/actors/imp_captain_recover.png remapped: res://assets/opera/worlds/actors/imp_captain_recover.png
Loading resource: res://.godot/imported/imp_captain_recover.png-542263c7b6fc37fb29210456149073b0.s3tc.ctex remapped: res://.godot/imported/imp_captain_recover.png-542263c7b6fc37fb29210456149073b0.s3tc.ctex
Completed load for: 'res://assets/opera/worlds/actors/imp_captain_recover.png' remapped 'res://assets/opera/worlds/actors/imp_captain_recover.png' at thread -1
Loading resource: res://assets/opera/worlds/actors/imp_captain_guard.png remapped: res://assets/opera/worlds/actors/imp_captain_guard.png
Loading resource: res://.godot/imported/imp_captain_guard.png-e89585bc394d3dca313907cb2224501f.s3tc.ctex remapped: res://.godot/imported/imp_captain_guard.png-e89585bc394d3dca313907cb2224501f.s3tc.ctex
Completed load for: 'res://assets/opera/worlds/actors/imp_captain_guard.png' remapped 'res://assets/opera/worlds/actors/imp_captain_guard.png' at thread -1
Loading resource: res://assets/opera/worlds/actors/imp_captain_stagger.png remapped: res://assets/opera/worlds/actors/imp_captain_stagger.png
Loading resource: res://.godot/imported/imp_captain_stagger.png-f0d86df4f11e14a3c5b3094eb10f0acb.s3tc.ctex remapped: res://.godot/imported/imp_captain_stagger.png-f0d86df4f11e14a3c5b3094eb10f0acb.s3tc.ctex
Completed load for: 'res://assets/opera/worlds/actors/imp_captain_stagger.png' remapped 'res://assets/opera/worlds/actors/imp_captain_stagger.png' at thread -1
Loading resource: res://assets/opera/worlds/actors/imp_captain_flee.png remapped: res://assets/opera/worlds/actors/imp_captain_flee.png
Loading resource: res://.godot/imported/imp_captain_flee.png-10494cd923c0d79bdd4a59cef42f4027.s3tc.ctex remapped: res://.godot/imported/imp_captain_flee.png-10494cd923c0d79bdd4a59cef42f4027.s3tc.ctex
Completed load for: 'res://assets/opera/worlds/actors/imp_captain_flee.png' remapped 'res://assets/opera/worlds/actors/imp_captain_flee.png' at thread -1
Loading resource: res://assets/opera/worlds/actors/imp_captain_taunt.png remapped: res://assets/opera/worlds/actors/imp_captain_taunt.png
Loading resource: res://.godot/imported/imp_captain_taunt.png-954edfe43d7f3d0d339d9dcee7736514.s3tc.ctex remapped: res://.godot/imported/imp_captain_taunt.png-954edfe43d7f3d0d339d9dcee7736514.s3tc.ctex
Completed load for: 'res://assets/opera/worlds/actors/imp_captain_taunt.png' remapped 'res://assets/opera/worlds/actors/imp_captain_taunt.png' at thread -1
Loading resource: res://assets/opera/worlds/actors/imp_captain_bopped.png remapped: res://assets/opera/worlds/actors/imp_captain_bopped.png
Loading resource: res://.godot/imported/imp_captain_bopped.png-7b18e453603e8a4113fd2cbb62ded9b6.s3tc.ctex remapped: res://.godot/imported/imp_captain_bopped.png-7b18e453603e8a4113fd2cbb62ded9b6.s3tc.ctex
Completed load for: 'res://assets/opera/worlds/actors/imp_captain_bopped.png' remapped 'res://assets/opera/worlds/actors/imp_captain_bopped.png' at thread -1
Loading resource: res://assets/audio/voices/filler_v1/roshan_chapter2_candymaker_coat_strawberries.ogg remapped: res://assets/audio/voices/filler_v1/roshan_chapter2_candymaker_coat_strawberries.ogg
Loading resource: res://.godot/imported/roshan_chapter2_candymaker_coat_strawberries.ogg-69ad256cf55f3c51f1e0d87688954bc2.oggvorbisstr remapped: res://.godot/imported/roshan_chapter2_candymaker_coat_strawberries.ogg-69ad256cf55f3c51f1e0d87688954bc2.oggvorbisstr
Completed load for: 'res://assets/audio/voices/filler_v1/roshan_chapter2_candymaker_coat_strawberries.ogg' remapped 'res://assets/audio/voices/filler_v1/roshan_chapter2_candymaker_coat_strawberries.ogg' at thread -1
Loading resource: res://assets/opera/worlds/widgets/widget_pour_candymaker_mover.png remapped: res://assets/opera/worlds/widgets/widget_pour_candymaker_mover.png
Loading resource: res://.godot/imported/widget_pour_candymaker_mover.png-3a443c8a89886b41783ae205f9a49bea.s3tc.ctex remapped: res://.godot/imported/widget_pour_candymaker_mover.png-3a443c8a89886b41783ae205f9a49bea.s3tc.ctex
Completed load for: 'res://assets/opera/worlds/widgets/widget_pour_candymaker_mover.png' remapped 'res://assets/opera/worlds/widgets/widget_pour_candymaker_mover.png' at thread -1
Loading resource: res://assets/opera/worlds/widgets/widget_pour_candymaker_fill.png remapped: res://assets/opera/worlds/widgets/widget_pour_candymaker_fill.png
Loading resource: res://.godot/imported/widget_pour_candymaker_fill.png-db80a292f088ba4e401f8707565618f8.ctex remapped: res://.godot/imported/widget_pour_candymaker_fill.png-db80a292f088ba4e401f8707565618f8.ctex
Completed load for: 'res://assets/opera/worlds/widgets/widget_pour_candymaker_fill.png' remapped 'res://assets/opera/worlds/widgets/widget_pour_candymaker_fill.png' at thread -1
Loading resource: res://assets/opera/worlds/widgets/widget_pour_candymaker.png remapped: res://assets/opera/worlds/widgets/widget_pour_candymaker.png
Loading resource: res://.godot/imported/widget_pour_candymaker.png-baeed3eab0fff66626b44b5ececb8ac9.ctex remapped: res://.godot/imported/widget_pour_candymaker.png-baeed3eab0fff66626b44b5ececb8ac9.ctex
Completed load for: 'res://assets/opera/worlds/widgets/widget_pour_candymaker.png' remapped 'res://assets/opera/worlds/widgets/widget_pour_candymaker.png' at thread -1
Loading resource: res://assets/opera/worlds/widgets/widget_pour_candymaker_mover_empty.png remapped: res://assets/opera/worlds/widgets/widget_pour_candymaker_mover_empty.png
Loading resource: res://.godot/imported/widget_pour_candymaker_mover_empty.png-1a6995723569b651a1b1df20615da9f7.ctex remapped: res://.godot/imported/widget_pour_candymaker_mover_empty.png-1a6995723569b651a1b1df20615da9f7.ctex
Completed load for: 'res://assets/opera/worlds/widgets/widget_pour_candymaker_mover_empty.png' remapped 'res://assets/opera/worlds/widgets/widget_pour_candymaker_mover_empty.png' at thread -1
CHAPTER2_FARMER_RESUME|candymaker owns a valid production-shaped phase callback: OK
CHAPTER2_FARMER_RESUME|Candy Maker preserves the party cake layout: OK
CHAPTER2_FARMER_RESUME|Candy Maker binds the approved single-strawberry art: OK
Loading resource: res://assets/opera/worlds/widgets/widget_pour_candymaker_mover.png remapped: res://assets/opera/worlds/widgets/widget_pour_candymaker_mover.png
Loading resource: res://.godot/imported/widget_pour_candymaker_mover.png-3a443c8a89886b41783ae205f9a49bea.s3tc.ctex remapped: res://.godot/imported/widget_pour_candymaker_mover.png-3a443c8a89886b41783ae205f9a49bea.s3tc.ctex
Completed load for: 'res://assets/opera/worlds/widgets/widget_pour_candymaker_mover.png' remapped 'res://assets/opera/worlds/widgets/widget_pour_candymaker_mover.png' at thread -1
Loading resource: res://assets/opera/worlds/widgets/widget_pour_candymaker_fill.png remapped: res://assets/opera/worlds/widgets/widget_pour_candymaker_fill.png
Loading resource: res://.godot/imported/widget_pour_candymaker_fill.png-db80a292f088ba4e401f8707565618f8.ctex remapped: res://.godot/imported/widget_pour_candymaker_fill.png-db80a292f088ba4e401f8707565618f8.ctex
Completed load for: 'res://assets/opera/worlds/widgets/widget_pour_candymaker_fill.png' remapped 'res://assets/opera/worlds/widgets/widget_pour_candymaker_fill.png' at thread -1
Loading resource: res://assets/opera/worlds/widgets/widget_pour_candymaker.png remapped: res://assets/opera/worlds/widgets/widget_pour_candymaker.png
Loading resource: res://.godot/imported/widget_pour_candymaker.png-baeed3eab0fff66626b44b5ececb8ac9.ctex remapped: res://.godot/imported/widget_pour_candymaker.png-baeed3eab0fff66626b44b5ececb8ac9.ctex
Completed load for: 'res://assets/opera/worlds/widgets/widget_pour_candymaker.png' remapped 'res://assets/opera/worlds/widgets/widget_pour_candymaker.png' at thread -1
Loading resource: res://assets/opera/worlds/widgets/widget_pour_candymaker_mover_empty.png remapped: res://assets/opera/worlds/widgets/widget_pour_candymaker_mover_empty.png
Loading resource: res://.godot/imported/widget_pour_candymaker_mover_empty.png-1a6995723569b651a1b1df20615da9f7.ctex remapped: res://.godot/imported/widget_pour_candymaker_mover_empty.png-1a6995723569b651a1b1df20615da9f7.ctex
Completed load for: 'res://assets/opera/worlds/widgets/widget_pour_candymaker_mover_empty.png' remapped 'res://assets/opera/worlds/widgets/widget_pour_candymaker_mover_empty.png' at thread -1
Loading resource: res://assets/opera/worlds/widgets/widget_pour_candymaker_mover.png remapped: res://assets/opera/worlds/widgets/widget_pour_candymaker_mover.png
Loading resource: res://.godot/imported/widget_pour_candymaker_mover.png-3a443c8a89886b41783ae205f9a49bea.s3tc.ctex remapped: res://.godot/imported/widget_pour_candymaker_mover.png-3a443c8a89886b41783ae205f9a49bea.s3tc.ctex
Completed load for: 'res://assets/opera/worlds/widgets/widget_pour_candymaker_mover.png' remapped 'res://assets/opera/worlds/widgets/widget_pour_candymaker_mover.png' at thread -1
Loading resource: res://assets/opera/worlds/widgets/widget_pour_candymaker_fill.png remapped: res://assets/opera/worlds/widgets/widget_pour_candymaker_fill.png
Loading resource: res://.godot/imported/widget_pour_candymaker_fill.png-db80a292f088ba4e401f8707565618f8.ctex remapped: res://.godot/imported/widget_pour_candymaker_fill.png-db80a292f088ba4e401f8707565618f8.ctex
Completed load for: 'res://assets/opera/worlds/widgets/widget_pour_candymaker_fill.png' remapped 'res://assets/opera/worlds/widgets/widget_pour_candymaker_fill.png' at thread -1
Loading resource: res://assets/opera/worlds/widgets/widget_pour_candymaker.png remapped: res://assets/opera/worlds/widgets/widget_pour_candymaker.png
Loading resource: res://.godot/imported/widget_pour_candymaker.png-baeed3eab0fff66626b44b5ececb8ac9.ctex remapped: res://.godot/imported/widget_pour_candymaker.png-baeed3eab0fff66626b44b5ececb8ac9.ctex
Completed load for: 'res://assets/opera/worlds/widgets/widget_pour_candymaker.png' remapped 'res://assets/opera/worlds/widgets/widget_pour_candymaker.png' at thread -1
Loading resource: res://assets/opera/worlds/widgets/widget_pour_candymaker_mover_empty.png remapped: res://assets/opera/worlds/widgets/widget_pour_candymaker_mover_empty.png
Loading resource: res://.godot/imported/widget_pour_candymaker_mover_empty.png-1a6995723569b651a1b1df20615da9f7.ctex remapped: res://.godot/imported/widget_pour_candymaker_mover_empty.png-1a6995723569b651a1b1df20615da9f7.ctex
Completed load for: 'res://assets/opera/worlds/widgets/widget_pour_candymaker_mover_empty.png' remapped 'res://assets/opera/worlds/widgets/widget_pour_candymaker_mover_empty.png' at thread -1
Loading resource: res://assets/audio/voices/filler_v1/roshan_chapter2_candymaker_sort_strawberries.ogg remapped: res://assets/audio/voices/filler_v1/roshan_chapter2_candymaker_sort_strawberries.ogg
Loading resource: res://.godot/imported/roshan_chapter2_candymaker_sort_strawberries.ogg-e8ecebc6e7093a0a486af42cec45fb11.oggvorbisstr remapped: res://.godot/imported/roshan_chapter2_candymaker_sort_strawberries.ogg-e8ecebc6e7093a0a486af42cec45fb11.oggvorbisstr
Completed load for: 'res://assets/audio/voices/filler_v1/roshan_chapter2_candymaker_sort_strawberries.ogg' remapped 'res://assets/audio/voices/filler_v1/roshan_chapter2_candymaker_sort_strawberries.ogg' at thread -1
Loading resource: res://assets/opera/worlds/widgets/widget_lanes_candymaker_lit.png remapped: res://assets/opera/worlds/widgets/widget_lanes_candymaker_lit.png
Loading resource: res://.godot/imported/widget_lanes_candymaker_lit.png-eeb47438813e7e6949b86b257f3855ab.ctex remapped: res://.godot/imported/widget_lanes_candymaker_lit.png-eeb47438813e7e6949b86b257f3855ab.ctex
Completed load for: 'res://assets/opera/worlds/widgets/widget_lanes_candymaker_lit.png' remapped 'res://assets/opera/worlds/widgets/widget_lanes_candymaker_lit.png' at thread -1
Loading resource: res://assets/opera/worlds/widgets/widget_lanes_shared_pick.png remapped: res://assets/opera/worlds/widgets/widget_lanes_shared_pick.png
Loading resource: res://.godot/imported/widget_lanes_shared_pick.png-f0962d83cc1061a3d5b9c3ee67ea1fcc.s3tc.ctex remapped: res://.godot/imported/widget_lanes_shared_pick.png-f0962d83cc1061a3d5b9c3ee67ea1fcc.s3tc.ctex
Completed load for: 'res://assets/opera/worlds/widgets/widget_lanes_shared_pick.png' remapped 'res://assets/opera/worlds/widgets/widget_lanes_shared_pick.png' at thread -1
Loading resource: res://assets/opera/worlds/widgets/widget_lanes_candymaker_lit.png remapped: res://assets/opera/worlds/widgets/widget_lanes_candymaker_lit.png
Loading resource: res://.godot/imported/widget_lanes_candymaker_lit.png-eeb47438813e7e6949b86b257f3855ab.ctex remapped: res://.godot/imported/widget_lanes_candymaker_lit.png-eeb47438813e7e6949b86b257f3855ab.ctex
Completed load for: 'res://assets/opera/worlds/widgets/widget_lanes_candymaker_lit.png' remapped 'res://assets/opera/worlds/widgets/widget_lanes_candymaker_lit.png' at thread -1
Loading resource: res://assets/opera/worlds/widgets/widget_lanes_shared_pick.png remapped: res://assets/opera/worlds/widgets/widget_lanes_shared_pick.png
Loading resource: res://.godot/imported/widget_lanes_shared_pick.png-f0962d83cc1061a3d5b9c3ee67ea1fcc.s3tc.ctex remapped: res://.godot/imported/widget_lanes_shared_pick.png-f0962d83cc1061a3d5b9c3ee67ea1fcc.s3tc.ctex
Completed load for: 'res://assets/opera/worlds/widgets/widget_lanes_shared_pick.png' remapped 'res://assets/opera/worlds/widgets/widget_lanes_shared_pick.png' at thread -1
Loading resource: res://assets/audio/voices/filler_v1/roshan_chapter2_candymaker_glaze_strawberries.ogg remapped: res://assets/audio/voices/filler_v1/roshan_chapter2_candymaker_glaze_strawberries.ogg
Loading resource: res://.godot/imported/roshan_chapter2_candymaker_glaze_strawberries.ogg-a275a8b6c49ade5bd9ee95b06ab8e60c.oggvorbisstr remapped: res://.godot/imported/roshan_chapter2_candymaker_glaze_strawberries.ogg-a275a8b6c49ade5bd9ee95b06ab8e60c.oggvorbisstr
Completed load for: 'res://assets/audio/voices/filler_v1/roshan_chapter2_candymaker_glaze_strawberries.ogg' remapped 'res://assets/audio/voices/filler_v1/roshan_chapter2_candymaker_glaze_strawberries.ogg' at thread -1
Loading resource: res://assets/opera/worlds/widgets/widget_crank_candymaker_mover.png remapped: res://assets/opera/worlds/widgets/widget_crank_candymaker_mover.png
Loading resource: res://.godot/imported/widget_crank_candymaker_mover.png-36f6141949b231fd0b78a61e12e40b8c.s3tc.ctex remapped: res://.godot/imported/widget_crank_candymaker_mover.png-36f6141949b231fd0b78a61e12e40b8c.s3tc.ctex
Completed load for: 'res://assets/opera/worlds/widgets/widget_crank_candymaker_mover.png' remapped 'res://assets/opera/worlds/widgets/widget_crank_candymaker_mover.png' at thread -1
Loading resource: res://assets/opera/worlds/widgets/widget_crank_candymaker_progress.png remapped: res://assets/opera/worlds/widgets/widget_crank_candymaker_progress.png
Loading resource: res://.godot/imported/widget_crank_candymaker_progress.png-2de3bc13f2179def2a3a468efface66f.ctex remapped: res://.godot/imported/widget_crank_candymaker_progress.png-2de3bc13f2179def2a3a468efface66f.ctex
Completed load for: 'res://assets/opera/worlds/widgets/widget_crank_candymaker_progress.png' remapped 'res://assets/opera/worlds/widgets/widget_crank_candymaker_progress.png' at thread -1
Loading resource: res://assets/opera/worlds/widgets/widget_crank_candymaker_mover.png remapped: res://assets/opera/worlds/widgets/widget_crank_candymaker_mover.png
Loading resource: res://.godot/imported/widget_crank_candymaker_mover.png-36f6141949b231fd0b78a61e12e40b8c.s3tc.ctex remapped: res://.godot/imported/widget_crank_candymaker_mover.png-36f6141949b231fd0b78a61e12e40b8c.s3tc.ctex
Completed load for: 'res://assets/opera/worlds/widgets/widget_crank_candymaker_mover.png' remapped 'res://assets/opera/worlds/widgets/widget_crank_candymaker_mover.png' at thread -1
Loading resource: res://assets/opera/worlds/widgets/widget_crank_candymaker_progress.png remapped: res://assets/opera/worlds/widgets/widget_crank_candymaker_progress.png
Loading resource: res://.godot/imported/widget_crank_candymaker_progress.png-2de3bc13f2179def2a3a468efface66f.ctex remapped: res://.godot/imported/widget_crank_candymaker_progress.png-2de3bc13f2179def2a3a468efface66f.ctex
Completed load for: 'res://assets/opera/worlds/widgets/widget_crank_candymaker_progress.png' remapped 'res://assets/opera/worlds/widgets/widget_crank_candymaker_progress.png' at thread -1
Loading resource: res://assets/audio/voices/filler_v1/roshan_chapter2_candymaker_place_candied_strawberries.ogg remapped: res://assets/audio/voices/filler_v1/roshan_chapter2_candymaker_place_candied_strawberries.ogg
Loading resource: res://.godot/imported/roshan_chapter2_candymaker_place_candied_strawberries.ogg-92bbe76d6a3714196f7c2b772f99c56a.oggvorbisstr remapped: res://.godot/imported/roshan_chapter2_candymaker_place_candied_strawberries.ogg-92bbe76d6a3714196f7c2b772f99c56a.oggvorbisstr
Completed load for: 'res://assets/audio/voices/filler_v1/roshan_chapter2_candymaker_place_candied_strawberries.ogg' remapped 'res://assets/audio/voices/filler_v1/roshan_chapter2_candymaker_place_candied_strawberries.ogg' at thread -1
Loading resource: res://assets/opera/worlds/widgets/widget_target_candymaker_mover.png remapped: res://assets/opera/worlds/widgets/widget_target_candymaker_mover.png
Loading resource: res://.godot/imported/widget_target_candymaker_mover.png-e47fd849a441312d8d71aa6d1366d77e.s3tc.ctex remapped: res://.godot/imported/widget_target_candymaker_mover.png-e47fd849a441312d8d71aa6d1366d77e.s3tc.ctex
Completed load for: 'res://assets/opera/worlds/widgets/widget_target_candymaker_mover.png' remapped 'res://assets/opera/worlds/widgets/widget_target_candymaker_mover.png' at thread -1
Loading resource: res://assets/opera/worlds/widgets/widget_target_candymaker_mark.png remapped: res://assets/opera/worlds/widgets/widget_target_candymaker_mark.png
Loading resource: res://.godot/imported/widget_target_candymaker_mark.png-7e3166b02387c0c713e3efd2452a1619.s3tc.ctex remapped: res://.godot/imported/widget_target_candymaker_mark.png-7e3166b02387c0c713e3efd2452a1619.s3tc.ctex
Completed load for: 'res://assets/opera/worlds/widgets/widget_target_candymaker_mark.png' remapped 'res://assets/opera/worlds/widgets/widget_target_candymaker_mark.png' at thread -1
Loading resource: res://assets/opera/worlds/widgets/widget_target_candymaker_piece_0.png remapped: res://assets/opera/worlds/widgets/widget_target_candymaker_piece_0.png
Loading resource: res://.godot/imported/widget_target_candymaker_piece_0.png-ba45daeab2c460e2b14a0038249825d6.ctex remapped: res://.godot/imported/widget_target_candymaker_piece_0.png-ba45daeab2c460e2b14a0038249825d6.ctex
Completed load for: 'res://assets/opera/worlds/widgets/widget_target_candymaker_piece_0.png' remapped 'res://assets/opera/worlds/widgets/widget_target_candymaker_piece_0.png' at thread -1
Loading resource: res://assets/opera/worlds/widgets/widget_target_candymaker_piece_1.png remapped: res://assets/opera/worlds/widgets/widget_target_candymaker_piece_1.png
Loading resource: res://.godot/imported/widget_target_candymaker_piece_1.png-d6d4d8501ec9834139fca7b90a23aeb5.ctex remapped: res://.godot/imported/widget_target_candymaker_piece_1.png-d6d4d8501ec9834139fca7b90a23aeb5.ctex
Completed load for: 'res://assets/opera/worlds/widgets/widget_target_candymaker_piece_1.png' remapped 'res://assets/opera/worlds/widgets/widget_target_candymaker_piece_1.png' at thread -1
Loading resource: res://assets/opera/worlds/widgets/widget_target_candymaker_piece_2.png remapped: res://assets/opera/worlds/widgets/widget_target_candymaker_piece_2.png
Loading resource: res://.godot/imported/widget_target_candymaker_piece_2.png-58cab02110f6e69b4fc9c695053513f9.ctex remapped: res://.godot/imported/widget_target_candymaker_piece_2.png-58cab02110f6e69b4fc9c695053513f9.ctex
Completed load for: 'res://assets/opera/worlds/widgets/widget_target_candymaker_piece_2.png' remapped 'res://assets/opera/worlds/widgets/widget_target_candymaker_piece_2.png' at thread -1
Loading resource: res://assets/opera/worlds/widgets/widget_target_candymaker_mover.png remapped: res://assets/opera/worlds/widgets/widget_target_candymaker_mover.png
Loading resource: res://.godot/imported/widget_target_candymaker_mover.png-e47fd849a441312d8d71aa6d1366d77e.s3tc.ctex remapped: res://.godot/imported/widget_target_candymaker_mover.png-e47fd849a441312d8d71aa6d1366d77e.s3tc.ctex
Completed load for: 'res://assets/opera/worlds/widgets/widget_target_candymaker_mover.png' remapped 'res://assets/opera/worlds/widgets/widget_target_candymaker_mover.png' at thread -1
Loading resource: res://assets/opera/worlds/widgets/widget_target_candymaker_mark.png remapped: res://assets/opera/worlds/widgets/widget_target_candymaker_mark.png
Loading resource: res://.godot/imported/widget_target_candymaker_mark.png-7e3166b02387c0c713e3efd2452a1619.s3tc.ctex remapped: res://.godot/imported/widget_target_candymaker_mark.png-7e3166b02387c0c713e3efd2452a1619.s3tc.ctex
Completed load for: 'res://assets/opera/worlds/widgets/widget_target_candymaker_mark.png' remapped 'res://assets/opera/worlds/widgets/widget_target_candymaker_mark.png' at thread -1
Loading resource: res://assets/opera/worlds/widgets/widget_target_candymaker_piece_0.png remapped: res://assets/opera/worlds/widgets/widget_target_candymaker_piece_0.png
Loading resource: res://.godot/imported/widget_target_candymaker_piece_0.png-ba45daeab2c460e2b14a0038249825d6.ctex remapped: res://.godot/imported/widget_target_candymaker_piece_0.png-ba45daeab2c460e2b14a0038249825d6.ctex
Completed load for: 'res://assets/opera/worlds/widgets/widget_target_candymaker_piece_0.png' remapped 'res://assets/opera/worlds/widgets/widget_target_candymaker_piece_0.png' at thread -1
Loading resource: res://assets/opera/worlds/widgets/widget_target_candymaker_piece_1.png remapped: res://assets/opera/worlds/widgets/widget_target_candymaker_piece_1.png
Loading resource: res://.godot/imported/widget_target_candymaker_piece_1.png-d6d4d8501ec9834139fca7b90a23aeb5.ctex remapped: res://.godot/imported/widget_target_candymaker_piece_1.png-d6d4d8501ec9834139fca7b90a23aeb5.ctex
Completed load for: 'res://assets/opera/worlds/widgets/widget_target_candymaker_piece_1.png' remapped 'res://assets/opera/worlds/widgets/widget_target_candymaker_piece_1.png' at thread -1
Loading resource: res://assets/opera/worlds/widgets/widget_target_candymaker_piece_2.png remapped: res://assets/opera/worlds/widgets/widget_target_candymaker_piece_2.png
Loading resource: res://.godot/imported/widget_target_candymaker_piece_2.png-58cab02110f6e69b4fc9c695053513f9.ctex remapped: res://.godot/imported/widget_target_candymaker_piece_2.png-58cab02110f6e69b4fc9c695053513f9.ctex
Completed load for: 'res://assets/opera/worlds/widgets/widget_target_candymaker_piece_2.png' remapped 'res://assets/opera/worlds/widgets/widget_target_candymaker_piece_2.png' at thread -1
CHAPTER2_FARMER_RESUME|Candy Maker renders four distinct input-causal berry actions: OK
Loading resource: res://assets/chapter2/birthday/chapter2_grand_five_strawberry_cake.png remapped: res://assets/chapter2/birthday/chapter2_grand_five_strawberry_cake.png
Loading resource: res://.godot/imported/chapter2_grand_five_strawberry_cake.png-15d258e3bfb36bfe1a0dd9e5007fd873.ctex remapped: res://.godot/imported/chapter2_grand_five_strawberry_cake.png-15d258e3bfb36bfe1a0dd9e5007fd873.ctex
Completed load for: 'res://assets/chapter2/birthday/chapter2_grand_five_strawberry_cake.png' remapped 'res://assets/chapter2/birthday/chapter2_grand_five_strawberry_cake.png' at thread -1
CHAPTER2_FARMER_RESUME|candymaker persists its final cake mask before closing: OK
CHAPTER2_FARMER_RESUME|candymaker refreshes the committed cake picture before closing: OK
CHAPTER2_FARMER_RESUME|candymaker starts a plot-owned result hold before closing: OK
CHAPTER2_FARMER_RESUME|candymaker keeps the completed cake visible during the result hold: OK
CHAPTER2_FARMER_RESUME|candymaker closes only after the committed cake has held on screen: OK
Loading resource: res://assets/flats/castle/dream_house/dining_table.png remapped: res://assets/flats/castle/dream_house/dining_table.png
Loading resource: res://.godot/imported/dining_table.png-1adcb52d35ada4eaad348863d3c4ed14.ctex remapped: res://.godot/imported/dining_table.png-1adcb52d35ada4eaad348863d3c4ed14.ctex
Completed load for: 'res://assets/flats/castle/dream_house/dining_table.png' remapped 'res://assets/flats/castle/dream_house/dining_table.png' at thread -1
Loading resource: res://assets/opera/worlds/props/goal_painter.png remapped: res://assets/opera/worlds/props/goal_painter.png
Loading resource: res://.godot/imported/goal_painter.png-4289cb18595fe414f9fac5071aa163de.s3tc.ctex remapped: res://.godot/imported/goal_painter.png-4289cb18595fe414f9fac5071aa163de.s3tc.ctex
Completed load for: 'res://assets/opera/worlds/props/goal_painter.png' remapped 'res://assets/opera/worlds/props/goal_painter.png' at thread -1
Loading resource: res://assets/opera/worlds/props/goal_ballerina.png remapped: res://assets/opera/worlds/props/goal_ballerina.png
Loading resource: res://.godot/imported/goal_ballerina.png-db67e5af6a1fa1e71ecf4379dcef72ff.s3tc.ctex remapped: res://.godot/imported/goal_ballerina.png-db67e5af6a1fa1e71ecf4379dcef72ff.s3tc.ctex
Completed load for: 'res://assets/opera/worlds/props/goal_ballerina.png' remapped 'res://assets/opera/worlds/props/goal_ballerina.png' at thread -1
Loading resource: res://assets/opera/worlds/props/goal_popstar.png remapped: res://assets/opera/worlds/props/goal_popstar.png
Loading resource: res://.godot/imported/goal_popstar.png-31c1f07a899a0040c0e44accf433085d.s3tc.ctex remapped: res://.godot/imported/goal_popstar.png-31c1f07a899a0040c0e44accf433085d.s3tc.ctex
Completed load for: 'res://assets/opera/worlds/props/goal_popstar.png' remapped 'res://assets/opera/worlds/props/goal_popstar.png' at thread -1
Loading resource: res://assets/opera/worlds/props/goal_astronaut.png remapped: res://assets/opera/worlds/props/goal_astronaut.png
Loading resource: res://.godot/imported/goal_astronaut.png-99a883c005e02d50b9d2c0ef7d7f4365.s3tc.ctex remapped: res://.godot/imported/goal_astronaut.png-99a883c005e02d50b9d2c0ef7d7f4365.s3tc.ctex
Completed load for: 'res://assets/opera/worlds/props/goal_astronaut.png' remapped 'res://assets/opera/worlds/props/goal_astronaut.png' at thread -1
Loading resource: res://assets/chapter2/birthday/rainbow_candle_unlit.png remapped: res://assets/chapter2/birthday/rainbow_candle_unlit.png
Loading resource: res://.godot/imported/rainbow_candle_unlit.png-590e1bfc4f9a4572b2b8e253adc40060.ctex remapped: res://.godot/imported/rainbow_candle_unlit.png-590e1bfc4f9a4572b2b8e253adc40060.ctex
Completed load for: 'res://assets/chapter2/birthday/rainbow_candle_unlit.png' remapped 'res://assets/chapter2/birthday/rainbow_candle_unlit.png' at thread -1
Loading resource: res://assets/chapter2/birthday/rainbow_candle_large_flame.png remapped: res://assets/chapter2/birthday/rainbow_candle_large_flame.png
Loading resource: res://.godot/imported/rainbow_candle_large_flame.png-a1a0b3799a2bc1aeef43e25e6bbcd0c6.ctex remapped: res://.godot/imported/rainbow_candle_large_flame.png-a1a0b3799a2bc1aeef43e25e6bbcd0c6.ctex
Completed load for: 'res://assets/chapter2/birthday/rainbow_candle_large_flame.png' remapped 'res://assets/chapter2/birthday/rainbow_candle_large_flame.png' at thread -1
Loading resource: res://assets/chapter2/birthday/chapter2_grand_five_strawberry_cake.png remapped: res://assets/chapter2/birthday/chapter2_grand_five_strawberry_cake.png
Loading resource: res://.godot/imported/chapter2_grand_five_strawberry_cake.png-15d258e3bfb36bfe1a0dd9e5007fd873.ctex remapped: res://.godot/imported/chapter2_grand_five_strawberry_cake.png-15d258e3bfb36bfe1a0dd9e5007fd873.ctex
Completed load for: 'res://assets/chapter2/birthday/chapter2_grand_five_strawberry_cake.png' remapped 'res://assets/chapter2/birthday/chapter2_grand_five_strawberry_cake.png' at thread -1
CHAPTER2_FARMER_RESUME|Main Hall summary suppresses legacy corn, bag, crown and clue cards: OK
CHAPTER2_FARMER_RESUME|Main Hall keeps one persistent cake authority and five berry tokens: OK
CHAPTER2_FARMER_RESUME|RESULT: PASS failures=0
XR: Clearing primary interface
XR: Removed interface "Native mobile"
XR: Removed interface "OpenXR"
