WorkerThreadPool: 12 threads, 3 max low-priority.
Godot Engine v4.7.2.stable.official.ed1daf0bf - https://godotengine.org
TextServer: Added interface "Dummy"
TextServer: Added interface "ICU / HarfBuzz / Graphite (Built-in)"
Using "default" pen tablet driver...

TextServer: Primary interface set to: "ICU / HarfBuzz / Graphite (Built-in)".
Loading resource: res://default_bus_layout.tres remapped: res://default_bus_layout.tres
Completed load for: 'res://default_bus_layout.tres' remapped 'res://default_bus_layout.tres' at thread -1
CORE API HASH: 2004498165
EDITOR API HASH: 1696660745
Loading resource: res://scripts/probe_bathroom_integration.gd remapped: res://scripts/probe_bathroom_integration.gd
Loading resource: res://assets/ui/boot_splash_mermaid_roshan.png remapped: res://assets/ui/boot_splash_mermaid_roshan.png
Loading resource: res://.godot/imported/boot_splash_mermaid_roshan.png-b4f76f82b4095448b9258c74830dd0bf.ctex remapped: res://.godot/imported/boot_splash_mermaid_roshan.png-b4f76f82b4095448b9258c74830dd0bf.ctex
Completed load for: 'res://assets/ui/boot_splash_mermaid_roshan.png' remapped 'res://assets/ui/boot_splash_mermaid_roshan.png' at thread -1
Loading resource: res://shaders/castle_fixture_bloom.gdshader remapped: res://shaders/castle_fixture_bloom.gdshader
Completed load for: 'res://shaders/castle_fixture_bloom.gdshader' remapped 'res://shaders/castle_fixture_bloom.gdshader' at thread -1
Loading resource: res://assets/characters/roshan_25d/roshan_directional.png remapped: res://assets/characters/roshan_25d/roshan_directional.png
Loading resource: res://.godot/imported/roshan_directional.png-d625ae71ef68ca7b79f00f48e0d76cbb.s3tc.ctex remapped: res://.godot/imported/roshan_directional.png-d625ae71ef68ca7b79f00f48e0d76cbb.s3tc.ctex
Completed load for: 'res://assets/characters/roshan_25d/roshan_directional.png' remapped 'res://assets/characters/roshan_25d/roshan_directional.png' at thread -1
Loading resource: res://assets/characters/roshan_25d/roshan_swim_front.png remapped: res://assets/characters/roshan_25d/roshan_swim_front.png
Loading resource: res://.godot/imported/roshan_swim_front.png-42175e9e171cd7007cff3a9ae801e389.s3tc.ctex remapped: res://.godot/imported/roshan_swim_front.png-42175e9e171cd7007cff3a9ae801e389.s3tc.ctex
Completed load for: 'res://assets/characters/roshan_25d/roshan_swim_front.png' remapped 'res://assets/characters/roshan_25d/roshan_swim_front.png' at thread -1
Loading resource: res://assets/characters/roshan_25d/roshan_swim_back.png remapped: res://assets/characters/roshan_25d/roshan_swim_back.png
Loading resource: res://.godot/imported/roshan_swim_back.png-e93afa07bbddede1e856e92c5cdc462a.s3tc.ctex remapped: res://.godot/imported/roshan_swim_back.png-e93afa07bbddede1e856e92c5cdc462a.s3tc.ctex
Completed load for: 'res://assets/characters/roshan_25d/roshan_swim_back.png' remapped 'res://assets/characters/roshan_25d/roshan_swim_back.png' at thread -1
Loading resource: res://assets/flats/castle/rooms/room_actor_shadow.png remapped: res://assets/flats/castle/rooms/room_actor_shadow.png
Loading resource: res://.godot/imported/room_actor_shadow.png-f1d04727dc138f663653a3117bb0a06a.s3tc.ctex remapped: res://.godot/imported/room_actor_shadow.png-f1d04727dc138f663653a3117bb0a06a.s3tc.ctex
Completed load for: 'res://assets/flats/castle/rooms/room_actor_shadow.png' remapped 'res://assets/flats/castle/rooms/room_actor_shadow.png' at thread -1
Loading resource: res://assets/shaders/castle_fixture_water.gdshader remapped: res://assets/shaders/castle_fixture_water.gdshader
Completed load for: 'res://assets/shaders/castle_fixture_water.gdshader' remapped 'res://assets/shaders/castle_fixture_water.gdshader' at thread -1
Loading resource: res://assets/terrain/up_water_nrm.jpg remapped: res://assets/terrain/up_water_nrm.jpg
Loading resource: res://.godot/imported/up_water_nrm.jpg-17f81a1afbb895061d198f7cd6fac5ca.ctex remapped: res://.godot/imported/up_water_nrm.jpg-17f81a1afbb895061d198f7cd6fac5ca.ctex
Completed load for: 'res://assets/terrain/up_water_nrm.jpg' remapped 'res://assets/terrain/up_water_nrm.jpg' at thread -1
Loading resource: res://assets/terrain/caustics.png remapped: res://assets/terrain/caustics.png
Loading resource: res://.godot/imported/caustics.png-3a5cbbf4f913abf47849e57640465f02.s3tc.ctex remapped: res://.godot/imported/caustics.png-3a5cbbf4f913abf47849e57640465f02.s3tc.ctex
Completed load for: 'res://assets/terrain/caustics.png' remapped 'res://assets/terrain/caustics.png' at thread -1
Loading resource: res://assets/sprites/fx_water/fx_water_bubble_burst_atlas.png remapped: res://assets/sprites/fx_water/fx_water_bubble_burst_atlas.png
Loading resource: res://.godot/imported/fx_water_bubble_burst_atlas.png-6756054a8ce0da3a133c2d2926db3fe9.s3tc.ctex remapped: res://.godot/imported/fx_water_bubble_burst_atlas.png-6756054a8ce0da3a133c2d2926db3fe9.s3tc.ctex
Completed load for: 'res://assets/sprites/fx_water/fx_water_bubble_burst_atlas.png' remapped 'res://assets/sprites/fx_water/fx_water_bubble_burst_atlas.png' at thread -1
Loading resource: res://assets/sprites/fx_water/fx_water_splash_medium_atlas.png remapped: res://assets/sprites/fx_water/fx_water_splash_medium_atlas.png
Loading resource: res://.godot/imported/fx_water_splash_medium_atlas.png-e51a9350ed55a41c49ea3d00f22151f4.s3tc.ctex remapped: res://.godot/imported/fx_water_splash_medium_atlas.png-e51a9350ed55a41c49ea3d00f22151f4.s3tc.ctex
Completed load for: 'res://assets/sprites/fx_water/fx_water_splash_medium_atlas.png' remapped 'res://assets/sprites/fx_water/fx_water_splash_medium_atlas.png' at thread -1
Loading resource: res://assets/flats/castle/logo_studio_v2/castle_banner_pink.png remapped: res://assets/flats/castle/logo_studio_v2/castle_banner_pink.png
Loading resource: res://.godot/imported/castle_banner_pink.png-1f07d5f169916030a25ffc843a00a097.ctex remapped: res://.godot/imported/castle_banner_pink.png-1f07d5f169916030a25ffc843a00a097.ctex
Completed load for: 'res://assets/flats/castle/logo_studio_v2/castle_banner_pink.png' remapped 'res://assets/flats/castle/logo_studio_v2/castle_banner_pink.png' at thread -1
Loading resource: res://assets/flats/castle/logo_studio_v2/castle_banner_gold.png remapped: res://assets/flats/castle/logo_studio_v2/castle_banner_gold.png
Loading resource: res://.godot/imported/castle_banner_gold.png-5442446e7bc3ba706d422fcbb4922333.ctex remapped: res://.godot/imported/castle_banner_gold.png-5442446e7bc3ba706d422fcbb4922333.ctex
Completed load for: 'res://assets/flats/castle/logo_studio_v2/castle_banner_gold.png' remapped 'res://assets/flats/castle/logo_studio_v2/castle_banner_gold.png' at thread -1
Loading resource: res://assets/flats/castle/logo_studio_v2/castle_banner_mint.png remapped: res://assets/flats/castle/logo_studio_v2/castle_banner_mint.png
Loading resource: res://.godot/imported/castle_banner_mint.png-1bd0912452535d09563f5821ab572aa1.ctex remapped: res://.godot/imported/castle_banner_mint.png-1bd0912452535d09563f5821ab572aa1.ctex
Completed load for: 'res://assets/flats/castle/logo_studio_v2/castle_banner_mint.png' remapped 'res://assets/flats/castle/logo_studio_v2/castle_banner_mint.png' at thread -1
Loading resource: res://assets/flats/castle/logo_studio_v2/castle_banner_ocean.png remapped: res://assets/flats/castle/logo_studio_v2/castle_banner_ocean.png
Loading resource: res://.godot/imported/castle_banner_ocean.png-b4870497f6aa7ef8fd0fa9b03a7817e1.ctex remapped: res://.godot/imported/castle_banner_ocean.png-b4870497f6aa7ef8fd0fa9b03a7817e1.ctex
Completed load for: 'res://assets/flats/castle/logo_studio_v2/castle_banner_ocean.png' remapped 'res://assets/flats/castle/logo_studio_v2/castle_banner_ocean.png' at thread -1
Loading resource: res://assets/flats/castle/logo_studio_v2/castle_banner_purple.png remapped: res://assets/flats/castle/logo_studio_v2/castle_banner_purple.png
Loading resource: res://.godot/imported/castle_banner_purple.png-a711c2ef7be4134e857e2b0804f886f4.ctex remapped: res://.godot/imported/castle_banner_purple.png-a711c2ef7be4134e857e2b0804f886f4.ctex
Completed load for: 'res://assets/flats/castle/logo_studio_v2/castle_banner_purple.png' remapped 'res://assets/flats/castle/logo_studio_v2/castle_banner_purple.png' at thread -1
Loading resource: res://assets/flats/castle/logo_studio_v2/castle_banner_rainbow.png remapped: res://assets/flats/castle/logo_studio_v2/castle_banner_rainbow.png
Loading resource: res://.godot/imported/castle_banner_rainbow.png-51987bbcab3d63a5e6b8856c39d3e1f5.ctex remapped: res://.godot/imported/castle_banner_rainbow.png-51987bbcab3d63a5e6b8856c39d3e1f5.ctex
Completed load for: 'res://assets/flats/castle/logo_studio_v2/castle_banner_rainbow.png' remapped 'res://assets/flats/castle/logo_studio_v2/castle_banner_rainbow.png' at thread -1
Loading resource: res://assets/flats/castle/logo_studio_v2/castle_banner_motif_rainbow.png remapped: res://assets/flats/castle/logo_studio_v2/castle_banner_motif_rainbow.png
Loading resource: res://.godot/imported/castle_banner_motif_rainbow.png-7d37c39c57d9145c1662a600706a0215.ctex remapped: res://.godot/imported/castle_banner_motif_rainbow.png-7d37c39c57d9145c1662a600706a0215.ctex
Completed load for: 'res://assets/flats/castle/logo_studio_v2/castle_banner_motif_rainbow.png' remapped 'res://assets/flats/castle/logo_studio_v2/castle_banner_motif_rainbow.png' at thread -1
Loading resource: res://assets/flats/castle/logo_studio_v2/castle_banner_motif_shell.png remapped: res://assets/flats/castle/logo_studio_v2/castle_banner_motif_shell.png
Loading resource: res://.godot/imported/castle_banner_motif_shell.png-2ded8f0554ad78cbf31ed04692a2e95a.ctex remapped: res://.godot/imported/castle_banner_motif_shell.png-2ded8f0554ad78cbf31ed04692a2e95a.ctex
Completed load for: 'res://assets/flats/castle/logo_studio_v2/castle_banner_motif_shell.png' remapped 'res://assets/flats/castle/logo_studio_v2/castle_banner_motif_shell.png' at thread -1
Loading resource: res://assets/flats/castle/logo_studio_v2/castle_banner_motif_kitty.png remapped: res://assets/flats/castle/logo_studio_v2/castle_banner_motif_kitty.png
Loading resource: res://.godot/imported/castle_banner_motif_kitty.png-476ecb445ef20b8f0ee562bf74ffc1f3.ctex remapped: res://.godot/imported/castle_banner_motif_kitty.png-476ecb445ef20b8f0ee562bf74ffc1f3.ctex
Completed load for: 'res://assets/flats/castle/logo_studio_v2/castle_banner_motif_kitty.png' remapped 'res://assets/flats/castle/logo_studio_v2/castle_banner_motif_kitty.png' at thread -1
Loading resource: res://assets/flats/castle/logo_studio_v2/castle_banner_motif_dog.png remapped: res://assets/flats/castle/logo_studio_v2/castle_banner_motif_dog.png
Loading resource: res://.godot/imported/castle_banner_motif_dog.png-f60e00a475feefbed7e6b7b03314b4e3.ctex remapped: res://.godot/imported/castle_banner_motif_dog.png-f60e00a475feefbed7e6b7b03314b4e3.ctex
Completed load for: 'res://assets/flats/castle/logo_studio_v2/castle_banner_motif_dog.png' remapped 'res://assets/flats/castle/logo_studio_v2/castle_banner_motif_dog.png' at thread -1
Loading resource: res://assets/flats/castle/logo_studio_v2/castle_banner_motif_star.png remapped: res://assets/flats/castle/logo_studio_v2/castle_banner_motif_star.png
Loading resource: res://.godot/imported/castle_banner_motif_star.png-c2920063905028bbe428c242038dc858.ctex remapped: res://.godot/imported/castle_banner_motif_star.png-c2920063905028bbe428c242038dc858.ctex
Completed load for: 'res://assets/flats/castle/logo_studio_v2/castle_banner_motif_star.png' remapped 'res://assets/flats/castle/logo_studio_v2/castle_banner_motif_star.png' at thread -1
Loading resource: res://assets/flats/castle/logo_studio_v2/castle_banner_motif_heart.png remapped: res://assets/flats/castle/logo_studio_v2/castle_banner_motif_heart.png
Loading resource: res://.godot/imported/castle_banner_motif_heart.png-1e2c41e7d0fee88319aa5e07bebb840c.ctex remapped: res://.godot/imported/castle_banner_motif_heart.png-1e2c41e7d0fee88319aa5e07bebb840c.ctex
Completed load for: 'res://assets/flats/castle/logo_studio_v2/castle_banner_motif_heart.png' remapped 'res://assets/flats/castle/logo_studio_v2/castle_banner_motif_heart.png' at thread -1
Loading resource: res://assets/flats/castle/logo_studio_v2/castle_banner_motif_crown.png remapped: res://assets/flats/castle/logo_studio_v2/castle_banner_motif_crown.png
Loading resource: res://.godot/imported/castle_banner_motif_crown.png-a6e77f1d9ed0122ac2aa4567a6832a08.ctex remapped: res://.godot/imported/castle_banner_motif_crown.png-a6e77f1d9ed0122ac2aa4567a6832a08.ctex
Completed load for: 'res://assets/flats/castle/logo_studio_v2/castle_banner_motif_crown.png' remapped 'res://assets/flats/castle/logo_studio_v2/castle_banner_motif_crown.png' at thread -1
Loading resource: res://assets/flats/castle/logo_studio_v2/castle_banner_motif_butterfly.png remapped: res://assets/flats/castle/logo_studio_v2/castle_banner_motif_butterfly.png
Loading resource: res://.godot/imported/castle_banner_motif_butterfly.png-862a1cf8dacc6daab2058d435ea0ad5f.ctex remapped: res://.godot/imported/castle_banner_motif_butterfly.png-862a1cf8dacc6daab2058d435ea0ad5f.ctex
Completed load for: 'res://assets/flats/castle/logo_studio_v2/castle_banner_motif_butterfly.png' remapped 'res://assets/flats/castle/logo_studio_v2/castle_banner_motif_butterfly.png' at thread -1
Loading resource: res://assets/castle/training/ghost_hand.png remapped: res://assets/castle/training/ghost_hand.png
Loading resource: res://.godot/imported/ghost_hand.png-1de3e3644c9a46e5892c5a8fa86dad01.ctex remapped: res://.godot/imported/ghost_hand.png-1de3e3644c9a46e5892c5a8fa86dad01.ctex
Completed load for: 'res://assets/castle/training/ghost_hand.png' remapped 'res://assets/castle/training/ghost_hand.png' at thread -1
Loading resource: res://assets/castle/day_one_art_studio/magic_cleaning_brush.png remapped: res://assets/castle/day_one_art_studio/magic_cleaning_brush.png
Loading resource: res://.godot/imported/magic_cleaning_brush.png-9aab3d5c1cf900b3b09e19eacb3d842d.ctex remapped: res://.godot/imported/magic_cleaning_brush.png-9aab3d5c1cf900b3b09e19eacb3d842d.ctex
Completed load for: 'res://assets/castle/day_one_art_studio/magic_cleaning_brush.png' remapped 'res://assets/castle/day_one_art_studio/magic_cleaning_brush.png' at thread -1
Loading resource: res://assets/castle/day_one_art_studio/loose_brush_bundle.png remapped: res://assets/castle/day_one_art_studio/loose_brush_bundle.png
Loading resource: res://.godot/imported/loose_brush_bundle.png-864136367585f2d9d14d7d1e8b20b7c8.ctex remapped: res://.godot/imported/loose_brush_bundle.png-864136367585f2d9d14d7d1e8b20b7c8.ctex
Completed load for: 'res://assets/castle/day_one_art_studio/loose_brush_bundle.png' remapped 'res://assets/castle/day_one_art_studio/loose_brush_bundle.png' at thread -1
Loading resource: res://assets/castle/day_one_art_studio/paint_bottle_pink.png remapped: res://assets/castle/day_one_art_studio/paint_bottle_pink.png
Loading resource: res://.godot/imported/paint_bottle_pink.png-c543c4d9f1f567c443e165a9fa714da8.ctex remapped: res://.godot/imported/paint_bottle_pink.png-c543c4d9f1f567c443e165a9fa714da8.ctex
Completed load for: 'res://assets/castle/day_one_art_studio/paint_bottle_pink.png' remapped 'res://assets/castle/day_one_art_studio/paint_bottle_pink.png' at thread -1
Loading resource: res://assets/castle/day_one_art_studio/paint_bottle_blue.png remapped: res://assets/castle/day_one_art_studio/paint_bottle_blue.png
Loading resource: res://.godot/imported/paint_bottle_blue.png-5095790b8453a9b3e2ea954bc927e605.ctex remapped: res://.godot/imported/paint_bottle_blue.png-5095790b8453a9b3e2ea954bc927e605.ctex
Completed load for: 'res://assets/castle/day_one_art_studio/paint_bottle_blue.png' remapped 'res://assets/castle/day_one_art_studio/paint_bottle_blue.png' at thread -1
Loading resource: res://assets/castle/day_one_art_studio/paint_cups.png remapped: res://assets/castle/day_one_art_studio/paint_cups.png
Loading resource: res://.godot/imported/paint_cups.png-100570cd9a806d4462c301ca08769707.ctex remapped: res://.godot/imported/paint_cups.png-100570cd9a806d4462c301ca08769707.ctex
Completed load for: 'res://assets/castle/day_one_art_studio/paint_cups.png' remapped 'res://assets/castle/day_one_art_studio/paint_cups.png' at thread -1
Loading resource: res://assets/castle/day_one_art_studio/grime_left.png remapped: res://assets/castle/day_one_art_studio/grime_left.png
Loading resource: res://.godot/imported/grime_left.png-9b85fce9291a82cc7fa602186defdc14.ctex remapped: res://.godot/imported/grime_left.png-9b85fce9291a82cc7fa602186defdc14.ctex
Completed load for: 'res://assets/castle/day_one_art_studio/grime_left.png' remapped 'res://assets/castle/day_one_art_studio/grime_left.png' at thread -1
Loading resource: res://assets/castle/day_one_art_studio/grime_desk.png remapped: res://assets/castle/day_one_art_studio/grime_desk.png
Loading resource: res://.godot/imported/grime_desk.png-38eed6c08bb917d3198d2d948f230b8b.ctex remapped: res://.godot/imported/grime_desk.png-38eed6c08bb917d3198d2d948f230b8b.ctex
Completed load for: 'res://assets/castle/day_one_art_studio/grime_desk.png' remapped 'res://assets/castle/day_one_art_studio/grime_desk.png' at thread -1
Loading resource: res://assets/castle/day_one_art_studio/grime_right.png remapped: res://assets/castle/day_one_art_studio/grime_right.png
Loading resource: res://.godot/imported/grime_right.png-9c83e9c00c88d0942dc2efe0b144a31b.ctex remapped: res://.godot/imported/grime_right.png-9c83e9c00c88d0942dc2efe0b144a31b.ctex
Completed load for: 'res://assets/castle/day_one_art_studio/grime_right.png' remapped 'res://assets/castle/day_one_art_studio/grime_right.png' at thread -1
Loading resource: res://assets/flats/castle/rooms/room_bubble_bath_dirty_day_one.png remapped: res://assets/flats/castle/rooms/room_bubble_bath_dirty_day_one.png
Loading resource: res://.godot/imported/room_bubble_bath_dirty_day_one.png-9e5525828616e0db5b9a3b8b28435c35.ctex remapped: res://.godot/imported/room_bubble_bath_dirty_day_one.png-9e5525828616e0db5b9a3b8b28435c35.ctex
Completed load for: 'res://assets/flats/castle/rooms/room_bubble_bath_dirty_day_one.png' remapped 'res://assets/flats/castle/rooms/room_bubble_bath_dirty_day_one.png' at thread -1
Loading resource: res://assets/flats/castle/rooms/room_bubble_bath_dirty_drained_day_one.png remapped: res://assets/flats/castle/rooms/room_bubble_bath_dirty_drained_day_one.png
Loading resource: res://.godot/imported/room_bubble_bath_dirty_drained_day_one.png-7e8d3b4c3b9d1f29e91ac035a5fb7262.ctex remapped: res://.godot/imported/room_bubble_bath_dirty_drained_day_one.png-7e8d3b4c3b9d1f29e91ac035a5fb7262.ctex
Completed load for: 'res://assets/flats/castle/rooms/room_bubble_bath_dirty_drained_day_one.png' remapped 'res://assets/flats/castle/rooms/room_bubble_bath_dirty_drained_day_one.png' at thread -1
Loading resource: res://assets/flats/castle/rooms/room_bubble_bath.png remapped: res://assets/flats/castle/rooms/room_bubble_bath.png
Loading resource: res://.godot/imported/room_bubble_bath.png-8ee98b24e8364131dc5cfc2232874cd7.ctex remapped: res://.godot/imported/room_bubble_bath.png-8ee98b24e8364131dc5cfc2232874cd7.ctex
Completed load for: 'res://assets/flats/castle/rooms/room_bubble_bath.png' remapped 'res://assets/flats/castle/rooms/room_bubble_bath.png' at thread -1
Loading resource: res://assets/castle/dirty_cleanup_2d/targets/target_sink_grime_v1.png remapped: res://assets/castle/dirty_cleanup_2d/targets/target_sink_grime_v1.png
Loading resource: res://.godot/imported/target_sink_grime_v1.png-5d01aaca3a2b34c04e93afaef486eb50.ctex remapped: res://.godot/imported/target_sink_grime_v1.png-5d01aaca3a2b34c04e93afaef486eb50.ctex
Completed load for: 'res://assets/castle/dirty_cleanup_2d/targets/target_sink_grime_v1.png' remapped 'res://assets/castle/dirty_cleanup_2d/targets/target_sink_grime_v1.png' at thread -1
Loading resource: res://assets/sprites/sky_lagoon/sky_lagoon_castle_four_tower_v4.png remapped: res://assets/sprites/sky_lagoon/sky_lagoon_castle_four_tower_v4.png
Loading resource: res://.godot/imported/sky_lagoon_castle_four_tower_v4.png-3db3791a13b15911d5b711360be9c503.ctex remapped: res://.godot/imported/sky_lagoon_castle_four_tower_v4.png-3db3791a13b15911d5b711360be9c503.ctex
Completed load for: 'res://assets/sprites/sky_lagoon/sky_lagoon_castle_four_tower_v4.png' remapped 'res://assets/sprites/sky_lagoon/sky_lagoon_castle_four_tower_v4.png' at thread -1
Loading resource: res://assets/sprites/sky_lagoon/sky_lagoon_cloud_family_v7_hd_grade.png remapped: res://assets/sprites/sky_lagoon/sky_lagoon_cloud_family_v7_hd_grade.png
Loading resource: res://.godot/imported/sky_lagoon_cloud_family_v7_hd_grade.png-dc0538f7caa6b853334b469234e73a2d.ctex remapped: res://.godot/imported/sky_lagoon_cloud_family_v7_hd_grade.png-dc0538f7caa6b853334b469234e73a2d.ctex
Completed load for: 'res://assets/sprites/sky_lagoon/sky_lagoon_cloud_family_v7_hd_grade.png' remapped 'res://assets/sprites/sky_lagoon/sky_lagoon_cloud_family_v7_hd_grade.png' at thread -1
Loading resource: res://assets/sprites/sky_lagoon/sky_lagoon_cloud_single_v1.png remapped: res://assets/sprites/sky_lagoon/sky_lagoon_cloud_single_v1.png
Loading resource: res://.godot/imported/sky_lagoon_cloud_single_v1.png-b03683c7f3026927cde33f24d92a67e5.ctex remapped: res://.godot/imported/sky_lagoon_cloud_single_v1.png-b03683c7f3026927cde33f24d92a67e5.ctex
Completed load for: 'res://assets/sprites/sky_lagoon/sky_lagoon_cloud_single_v1.png' remapped 'res://assets/sprites/sky_lagoon/sky_lagoon_cloud_single_v1.png' at thread -1
Loading resource: res://assets/ui/castle_room_buttons_v2/room_opera_hall.png remapped: res://assets/ui/castle_room_buttons_v2/room_opera_hall.png
Loading resource: res://.godot/imported/room_opera_hall.png-4be4ecc3703261914b8a9526019262cc.ctex remapped: res://.godot/imported/room_opera_hall.png-4be4ecc3703261914b8a9526019262cc.ctex
Completed load for: 'res://assets/ui/castle_room_buttons_v2/room_opera_hall.png' remapped 'res://assets/ui/castle_room_buttons_v2/room_opera_hall.png' at thread -1
Loading resource: res://assets/ui/castle_room_buttons_v2/room_craft_room.png remapped: res://assets/ui/castle_room_buttons_v2/room_craft_room.png
Loading resource: res://.godot/imported/room_craft_room.png-7dc4a5c01065ce328e731b6b38053da5.ctex remapped: res://.godot/imported/room_craft_room.png-7dc4a5c01065ce328e731b6b38053da5.ctex
Completed load for: 'res://assets/ui/castle_room_buttons_v2/room_craft_room.png' remapped 'res://assets/ui/castle_room_buttons_v2/room_craft_room.png' at thread -1
Loading resource: res://assets/ui/castle_room_buttons_v2/room_kitchen.png remapped: res://assets/ui/castle_room_buttons_v2/room_kitchen.png
Loading resource: res://.godot/imported/room_kitchen.png-61af0fca52cce833210f295107496cf7.ctex remapped: res://.godot/imported/room_kitchen.png-61af0fca52cce833210f295107496cf7.ctex
Completed load for: 'res://assets/ui/castle_room_buttons_v2/room_kitchen.png' remapped 'res://assets/ui/castle_room_buttons_v2/room_kitchen.png' at thread -1
Loading resource: res://assets/mg/sun.png remapped: res://assets/mg/sun.png
Loading resource: res://.godot/imported/sun.png-c8bf9605370f6e02d9b21d685d405f9b.ctex remapped: res://.godot/imported/sun.png-c8bf9605370f6e02d9b21d685d405f9b.ctex
Completed load for: 'res://assets/mg/sun.png' remapped 'res://assets/mg/sun.png' at thread -1
Loading resource: res://assets/props/story/play_swing_frame.png remapped: res://assets/props/story/play_swing_frame.png
Loading resource: res://.godot/imported/play_swing_frame.png-a81ab1af7d4b95737787aabcf622cdbc.ctex remapped: res://.godot/imported/play_swing_frame.png-a81ab1af7d4b95737787aabcf622cdbc.ctex
Completed load for: 'res://assets/props/story/play_swing_frame.png' remapped 'res://assets/props/story/play_swing_frame.png' at thread -1
Loading resource: res://assets/props/story/play_swing_seat.png remapped: res://assets/props/story/play_swing_seat.png
Loading resource: res://.godot/imported/play_swing_seat.png-fbc2feb15e1e0c3563f38dd6be314f41.ctex remapped: res://.godot/imported/play_swing_seat.png-fbc2feb15e1e0c3563f38dd6be314f41.ctex
Completed load for: 'res://assets/props/story/play_swing_seat.png' remapped 'res://assets/props/story/play_swing_seat.png' at thread -1
Loading resource: res://assets/characters/roshan_25d/roshan_gesture_a.png remapped: res://assets/characters/roshan_25d/roshan_gesture_a.png
Loading resource: res://.godot/imported/roshan_gesture_a.png-18a31aea6ac3722a9397d1f4c4f45867.s3tc.ctex remapped: res://.godot/imported/roshan_gesture_a.png-18a31aea6ac3722a9397d1f4c4f45867.s3tc.ctex
Completed load for: 'res://assets/characters/roshan_25d/roshan_gesture_a.png' remapped 'res://assets/characters/roshan_25d/roshan_gesture_a.png' at thread -1
Loading resource: res://assets/characters/roshan_25d/roshan_gesture_b.png remapped: res://assets/characters/roshan_25d/roshan_gesture_b.png
Loading resource: res://.godot/imported/roshan_gesture_b.png-8cb0fb1a0e3c6a3ff52f66869af29ee3.s3tc.ctex remapped: res://.godot/imported/roshan_gesture_b.png-8cb0fb1a0e3c6a3ff52f66869af29ee3.s3tc.ctex
Completed load for: 'res://assets/characters/roshan_25d/roshan_gesture_b.png' remapped 'res://assets/characters/roshan_25d/roshan_gesture_b.png' at thread -1
Loading resource: res://assets/characters/roshan_25d/roshan_gesture_c.png remapped: res://assets/characters/roshan_25d/roshan_gesture_c.png
Loading resource: res://.godot/imported/roshan_gesture_c.png-938a4e5c63b0fe35548d3f25bd960773.s3tc.ctex remapped: res://.godot/imported/roshan_gesture_c.png-938a4e5c63b0fe35548d3f25bd960773.s3tc.ctex
Completed load for: 'res://assets/characters/roshan_25d/roshan_gesture_c.png' remapped 'res://assets/characters/roshan_25d/roshan_gesture_c.png' at thread -1
Loading resource: res://assets/characters/roshan_25d/roshan_gesture_d.png remapped: res://assets/characters/roshan_25d/roshan_gesture_d.png
Loading resource: res://.godot/imported/roshan_gesture_d.png-08aed87dc09d080eaf1e4104fb084fdc.s3tc.ctex remapped: res://.godot/imported/roshan_gesture_d.png-08aed87dc09d080eaf1e4104fb084fdc.s3tc.ctex
Completed load for: 'res://assets/characters/roshan_25d/roshan_gesture_d.png' remapped 'res://assets/characters/roshan_25d/roshan_gesture_d.png' at thread -1
Loading resource: res://assets/characters/roshan_25d/roshan_play_a.png remapped: res://assets/characters/roshan_25d/roshan_play_a.png
Loading resource: res://.godot/imported/roshan_play_a.png-7836c4193fc7d229ea3c5f1583aa2038.s3tc.ctex remapped: res://.godot/imported/roshan_play_a.png-7836c4193fc7d229ea3c5f1583aa2038.s3tc.ctex
Completed load for: 'res://assets/characters/roshan_25d/roshan_play_a.png' remapped 'res://assets/characters/roshan_25d/roshan_play_a.png' at thread -1
Loading resource: res://assets/characters/roshan_25d/roshan_play_b.png remapped: res://assets/characters/roshan_25d/roshan_play_b.png
Loading resource: res://.godot/imported/roshan_play_b.png-115ffaa3712f999ce1caf531c6fbc9ec.s3tc.ctex remapped: res://.godot/imported/roshan_play_b.png-115ffaa3712f999ce1caf531c6fbc9ec.s3tc.ctex
Completed load for: 'res://assets/characters/roshan_25d/roshan_play_b.png' remapped 'res://assets/characters/roshan_25d/roshan_play_b.png' at thread -1
Loading resource: res://assets/flats/castle/boss/dusty_attic_arena_2048.png remapped: res://assets/flats/castle/boss/dusty_attic_arena_2048.png
Loading resource: res://.godot/imported/dusty_attic_arena_2048.png-d3ca08103aa6a7020e840963166fbe19.ctex remapped: res://.godot/imported/dusty_attic_arena_2048.png-d3ca08103aa6a7020e840963166fbe19.ctex
Completed load for: 'res://assets/flats/castle/boss/dusty_attic_arena_2048.png' remapped 'res://assets/flats/castle/boss/dusty_attic_arena_2048.png' at thread -1
Loading resource: res://assets/opera/worlds/props/fx_stolen_sparkle.png remapped: res://assets/opera/worlds/props/fx_stolen_sparkle.png
Loading resource: res://.godot/imported/fx_stolen_sparkle.png-78d191c055130f9a82753b3c1b5d08ac.s3tc.ctex remapped: res://.godot/imported/fx_stolen_sparkle.png-78d191c055130f9a82753b3c1b5d08ac.s3tc.ctex
Completed load for: 'res://assets/opera/worlds/props/fx_stolen_sparkle.png' remapped 'res://assets/opera/worlds/props/fx_stolen_sparkle.png' at thread -1
Loading resource: res://assets/opera/worlds/props/fx_dust_puff.png remapped: res://assets/opera/worlds/props/fx_dust_puff.png
Loading resource: res://.godot/imported/fx_dust_puff.png-c19e7c817e63296b4a7808774d821915.ctex remapped: res://.godot/imported/fx_dust_puff.png-c19e7c817e63296b4a7808774d821915.ctex
Completed load for: 'res://assets/opera/worlds/props/fx_dust_puff.png' remapped 'res://assets/opera/worlds/props/fx_dust_puff.png' at thread -1
Loading resource: res://assets/effects/grand_puff/purple_vortex_v4.png remapped: res://assets/effects/grand_puff/purple_vortex_v4.png
Loading resource: res://.godot/imported/purple_vortex_v4.png-73637daaea783585b2d9d0dcf967aace.ctex remapped: res://.godot/imported/purple_vortex_v4.png-73637daaea783585b2d9d0dcf967aace.ctex
Completed load for: 'res://assets/effects/grand_puff/purple_vortex_v4.png' remapped 'res://assets/effects/grand_puff/purple_vortex_v4.png' at thread -1
Loading resource: res://assets/castle/dirty_cleanup_2d/effects/fx_soap_bubbles.png remapped: res://assets/castle/dirty_cleanup_2d/effects/fx_soap_bubbles.png
Loading resource: res://.godot/imported/fx_soap_bubbles.png-8f04cce33abb3c3312d7afe57e1021e1.ctex remapped: res://.godot/imported/fx_soap_bubbles.png-8f04cce33abb3c3312d7afe57e1021e1.ctex
Completed load for: 'res://assets/castle/dirty_cleanup_2d/effects/fx_soap_bubbles.png' remapped 'res://assets/castle/dirty_cleanup_2d/effects/fx_soap_bubbles.png' at thread -1
Completed load for: 'res://scripts/probe_bathroom_integration.gd' remapped 'res://scripts/probe_bathroom_integration.gd' at thread -1
SceneTreeFTI: traversal method DEFAULT
Loaded system CA certificates
Loading resource: res://scenes/main.tscn remapped: res://scenes/main.tscn
Completed load for: 'res://scenes/main.tscn' remapped 'res://scenes/main.tscn' at thread -1
Loading resource: res://assets/audio/ambience_reef.ogg remapped: res://assets/audio/ambience_reef.ogg
Loading resource: res://.godot/imported/ambience_reef.ogg-30031e4868dd5f41925c6b3f42f0f9b1.oggvorbisstr remapped: res://.godot/imported/ambience_reef.ogg-30031e4868dd5f41925c6b3f42f0f9b1.oggvorbisstr
Completed load for: 'res://assets/audio/ambience_reef.ogg' remapped 'res://assets/audio/ambience_reef.ogg' at thread -1
Loading resource: res://assets/audio/music/world.ogg remapped: res://assets/audio/music/world.ogg
Loading resource: res://.godot/imported/world.ogg-bfec9819aa7fa229c0057fe76832cfa3.oggvorbisstr remapped: res://.godot/imported/world.ogg-bfec9819aa7fa229c0057fe76832cfa3.oggvorbisstr
Completed load for: 'res://assets/audio/music/world.ogg' remapped 'res://assets/audio/music/world.ogg' at thread -1
Loading resource: res://assets/audio/voices/filler_v1/yay.ogg remapped: res://assets/audio/voices/filler_v1/yay.ogg
Loading resource: res://.godot/imported/yay.ogg-a4cd419929b402130d14f60cd99b5355.oggvorbisstr remapped: res://.godot/imported/yay.ogg-a4cd419929b402130d14f60cd99b5355.oggvorbisstr
Completed load for: 'res://assets/audio/voices/filler_v1/yay.ogg' remapped 'res://assets/audio/voices/filler_v1/yay.ogg' at thread -1
Loading resource: res://assets/audio/chime.ogg remapped: res://assets/audio/chime.ogg
Loading resource: res://.godot/imported/chime.ogg-ccbd9039a16fca2270295f3df3042e4a.oggvorbisstr remapped: res://.godot/imported/chime.ogg-ccbd9039a16fca2270295f3df3042e4a.oggvorbisstr
Completed load for: 'res://assets/audio/chime.ogg' remapped 'res://assets/audio/chime.ogg' at thread -1
Loading resource: res://assets/audio/hop_boing.ogg remapped: res://assets/audio/hop_boing.ogg
Loading resource: res://.godot/imported/hop_boing.ogg-23491bc7346e37a3c3a7e5718a1c6334.oggvorbisstr remapped: res://.godot/imported/hop_boing.ogg-23491bc7346e37a3c3a7e5718a1c6334.oggvorbisstr
Completed load for: 'res://assets/audio/hop_boing.ogg' remapped 'res://assets/audio/hop_boing.ogg' at thread -1
Loading resource: res://assets/audio/penguin_giggle.ogg remapped: res://assets/audio/penguin_giggle.ogg
Loading resource: res://.godot/imported/penguin_giggle.ogg-1caa548251b7585be1b157de4e41c1b8.oggvorbisstr remapped: res://.godot/imported/penguin_giggle.ogg-1caa548251b7585be1b157de4e41c1b8.oggvorbisstr
Completed load for: 'res://assets/audio/penguin_giggle.ogg' remapped 'res://assets/audio/penguin_giggle.ogg' at thread -1
Loading resource: res://assets/audio/buy.ogg remapped: res://assets/audio/buy.ogg
Loading resource: res://.godot/imported/buy.ogg-ccfb5d2b9f2837f43f22621a6d87b91c.oggvorbisstr remapped: res://.godot/imported/buy.ogg-ccfb5d2b9f2837f43f22621a6d87b91c.oggvorbisstr
Completed load for: 'res://assets/audio/buy.ogg' remapped 'res://assets/audio/buy.ogg' at thread -1
Loading resource: res://assets/audio/music/banjo.ogg remapped: res://assets/audio/music/banjo.ogg
Loading resource: res://.godot/imported/banjo.ogg-6ace2633ccde608d168cb04a28077650.oggvorbisstr remapped: res://.godot/imported/banjo.ogg-6ace2633ccde608d168cb04a28077650.oggvorbisstr
Completed load for: 'res://assets/audio/music/banjo.ogg' remapped 'res://assets/audio/music/banjo.ogg' at thread -1
Loading resource: res://assets/audio/voices/filler_v1/roshan_intro1.ogg remapped: res://assets/audio/voices/filler_v1/roshan_intro1.ogg
Loading resource: res://.godot/imported/roshan_intro1.ogg-f820084970fc77bf53c9fa3fc87e9d14.oggvorbisstr remapped: res://.godot/imported/roshan_intro1.ogg-f820084970fc77bf53c9fa3fc87e9d14.oggvorbisstr
Completed load for: 'res://assets/audio/voices/filler_v1/roshan_intro1.ogg' remapped 'res://assets/audio/voices/filler_v1/roshan_intro1.ogg' at thread -1
Loading resource: res://assets/characters/friends/huluu.png remapped: res://assets/characters/friends/huluu.png
Loading resource: res://.godot/imported/huluu.png-6fee73331b3d0600210812844b67ef58.ctex remapped: res://.godot/imported/huluu.png-6fee73331b3d0600210812844b67ef58.ctex
Completed load for: 'res://assets/characters/friends/huluu.png' remapped 'res://assets/characters/friends/huluu.png' at thread -1
Loading resource: res://assets/audio/ambience_lagoon.ogg remapped: res://assets/audio/ambience_lagoon.ogg
Loading resource: res://.godot/imported/ambience_lagoon.ogg-ae488c5c49780dd6b99e4d26aa81385b.oggvorbisstr remapped: res://.godot/imported/ambience_lagoon.ogg-ae488c5c49780dd6b99e4d26aa81385b.oggvorbisstr
Completed load for: 'res://assets/audio/ambience_lagoon.ogg' remapped 'res://assets/audio/ambience_lagoon.ogg' at thread -1
Loading resource: res://assets/audio/music/level2.ogg remapped: res://assets/audio/music/level2.ogg
Loading resource: res://.godot/imported/level2.ogg-b8046f808a9b0bfedb2cfe8030063143.oggvorbisstr remapped: res://.godot/imported/level2.ogg-b8046f808a9b0bfedb2cfe8030063143.oggvorbisstr
Completed load for: 'res://assets/audio/music/level2.ogg' remapped 'res://assets/audio/music/level2.ogg' at thread -1
Loading resource: res://assets/flats/sky_lagoon/main/flat_sky_lagoon_main_panorama_v5_tile_r0_c0.png remapped: res://assets/flats/sky_lagoon/main/flat_sky_lagoon_main_panorama_v5_tile_r0_c0.png
Loading resource: res://.godot/imported/flat_sky_lagoon_main_panorama_v5_tile_r0_c0.png-7319183c8376a5d32c3f8a9496db5c0c.s3tc.ctex remapped: res://.godot/imported/flat_sky_lagoon_main_panorama_v5_tile_r0_c0.png-7319183c8376a5d32c3f8a9496db5c0c.s3tc.ctex
Completed load for: 'res://assets/flats/sky_lagoon/main/flat_sky_lagoon_main_panorama_v5_tile_r0_c0.png' remapped 'res://assets/flats/sky_lagoon/main/flat_sky_lagoon_main_panorama_v5_tile_r0_c0.png' at thread -1
Loading resource: res://assets/flats/sky_lagoon/main/flat_sky_lagoon_main_panorama_v5_tile_r0_c1.png remapped: res://assets/flats/sky_lagoon/main/flat_sky_lagoon_main_panorama_v5_tile_r0_c1.png
Loading resource: res://.godot/imported/flat_sky_lagoon_main_panorama_v5_tile_r0_c1.png-a6c1a5c5b9d6882304056bf6376f961f.s3tc.ctex remapped: res://.godot/imported/flat_sky_lagoon_main_panorama_v5_tile_r0_c1.png-a6c1a5c5b9d6882304056bf6376f961f.s3tc.ctex
Completed load for: 'res://assets/flats/sky_lagoon/main/flat_sky_lagoon_main_panorama_v5_tile_r0_c1.png' remapped 'res://assets/flats/sky_lagoon/main/flat_sky_lagoon_main_panorama_v5_tile_r0_c1.png' at thread -1
Loading resource: res://assets/flats/sky_lagoon/main/flat_sky_lagoon_main_panorama_v5_tile_r0_c2.png remapped: res://assets/flats/sky_lagoon/main/flat_sky_lagoon_main_panorama_v5_tile_r0_c2.png
Loading resource: res://.godot/imported/flat_sky_lagoon_main_panorama_v5_tile_r0_c2.png-707b7c1249db60c277ba18a5a90d2606.s3tc.ctex remapped: res://.godot/imported/flat_sky_lagoon_main_panorama_v5_tile_r0_c2.png-707b7c1249db60c277ba18a5a90d2606.s3tc.ctex
Completed load for: 'res://assets/flats/sky_lagoon/main/flat_sky_lagoon_main_panorama_v5_tile_r0_c2.png' remapped 'res://assets/flats/sky_lagoon/main/flat_sky_lagoon_main_panorama_v5_tile_r0_c2.png' at thread -1
Loading resource: res://assets/flats/sky_lagoon/main/flat_sky_lagoon_main_panorama_v5_tile_r0_c3.png remapped: res://assets/flats/sky_lagoon/main/flat_sky_lagoon_main_panorama_v5_tile_r0_c3.png
Loading resource: res://.godot/imported/flat_sky_lagoon_main_panorama_v5_tile_r0_c3.png-f5a0de2cacbf855b5537bfa011fb414f.s3tc.ctex remapped: res://.godot/imported/flat_sky_lagoon_main_panorama_v5_tile_r0_c3.png-f5a0de2cacbf855b5537bfa011fb414f.s3tc.ctex
Completed load for: 'res://assets/flats/sky_lagoon/main/flat_sky_lagoon_main_panorama_v5_tile_r0_c3.png' remapped 'res://assets/flats/sky_lagoon/main/flat_sky_lagoon_main_panorama_v5_tile_r0_c3.png' at thread -1
Loading resource: res://assets/flats/sky_lagoon/main/flat_sky_lagoon_main_panorama_v5_tile_r0_c4.png remapped: res://assets/flats/sky_lagoon/main/flat_sky_lagoon_main_panorama_v5_tile_r0_c4.png
Loading resource: res://.godot/imported/flat_sky_lagoon_main_panorama_v5_tile_r0_c4.png-6999927701c9b5b3f31c766b824f236f.s3tc.ctex remapped: res://.godot/imported/flat_sky_lagoon_main_panorama_v5_tile_r0_c4.png-6999927701c9b5b3f31c766b824f236f.s3tc.ctex
Completed load for: 'res://assets/flats/sky_lagoon/main/flat_sky_lagoon_main_panorama_v5_tile_r0_c4.png' remapped 'res://assets/flats/sky_lagoon/main/flat_sky_lagoon_main_panorama_v5_tile_r0_c4.png' at thread -1
Loading resource: res://assets/flats/sky_lagoon/main/flat_sky_lagoon_main_panorama_v5_tile_r0_c5.png remapped: res://assets/flats/sky_lagoon/main/flat_sky_lagoon_main_panorama_v5_tile_r0_c5.png
Loading resource: res://.godot/imported/flat_sky_lagoon_main_panorama_v5_tile_r0_c5.png-b9e6854ab45a6d7567258f9511f51de7.s3tc.ctex remapped: res://.godot/imported/flat_sky_lagoon_main_panorama_v5_tile_r0_c5.png-b9e6854ab45a6d7567258f9511f51de7.s3tc.ctex
Completed load for: 'res://assets/flats/sky_lagoon/main/flat_sky_lagoon_main_panorama_v5_tile_r0_c5.png' remapped 'res://assets/flats/sky_lagoon/main/flat_sky_lagoon_main_panorama_v5_tile_r0_c5.png' at thread -1
Loading resource: res://assets/flats/sky_lagoon/main/flat_sky_lagoon_main_panorama_v5_tile_r1_c0.png remapped: res://assets/flats/sky_lagoon/main/flat_sky_lagoon_main_panorama_v5_tile_r1_c0.png
Loading resource: res://.godot/imported/flat_sky_lagoon_main_panorama_v5_tile_r1_c0.png-f213172c1a85fc3d9cd1cb8a62b11e61.s3tc.ctex remapped: res://.godot/imported/flat_sky_lagoon_main_panorama_v5_tile_r1_c0.png-f213172c1a85fc3d9cd1cb8a62b11e61.s3tc.ctex
Completed load for: 'res://assets/flats/sky_lagoon/main/flat_sky_lagoon_main_panorama_v5_tile_r1_c0.png' remapped 'res://assets/flats/sky_lagoon/main/flat_sky_lagoon_main_panorama_v5_tile_r1_c0.png' at thread -1
Loading resource: res://assets/flats/sky_lagoon/main/flat_sky_lagoon_main_panorama_v5_tile_r1_c1.png remapped: res://assets/flats/sky_lagoon/main/flat_sky_lagoon_main_panorama_v5_tile_r1_c1.png
Loading resource: res://.godot/imported/flat_sky_lagoon_main_panorama_v5_tile_r1_c1.png-e3959803f8dda52d94b3b458d159f503.s3tc.ctex remapped: res://.godot/imported/flat_sky_lagoon_main_panorama_v5_tile_r1_c1.png-e3959803f8dda52d94b3b458d159f503.s3tc.ctex
Completed load for: 'res://assets/flats/sky_lagoon/main/flat_sky_lagoon_main_panorama_v5_tile_r1_c1.png' remapped 'res://assets/flats/sky_lagoon/main/flat_sky_lagoon_main_panorama_v5_tile_r1_c1.png' at thread -1
Loading resource: res://assets/flats/sky_lagoon/main/flat_sky_lagoon_main_panorama_v5_tile_r1_c2.png remapped: res://assets/flats/sky_lagoon/main/flat_sky_lagoon_main_panorama_v5_tile_r1_c2.png
Loading resource: res://.godot/imported/flat_sky_lagoon_main_panorama_v5_tile_r1_c2.png-0c556d40124fed4dea38c25d4997f920.s3tc.ctex remapped: res://.godot/imported/flat_sky_lagoon_main_panorama_v5_tile_r1_c2.png-0c556d40124fed4dea38c25d4997f920.s3tc.ctex
Completed load for: 'res://assets/flats/sky_lagoon/main/flat_sky_lagoon_main_panorama_v5_tile_r1_c2.png' remapped 'res://assets/flats/sky_lagoon/main/flat_sky_lagoon_main_panorama_v5_tile_r1_c2.png' at thread -1
Loading resource: res://assets/flats/sky_lagoon/main/flat_sky_lagoon_main_panorama_v5_tile_r1_c3.png remapped: res://assets/flats/sky_lagoon/main/flat_sky_lagoon_main_panorama_v5_tile_r1_c3.png
Loading resource: res://.godot/imported/flat_sky_lagoon_main_panorama_v5_tile_r1_c3.png-f8ce0e5f490964960eec056604b88fb0.s3tc.ctex remapped: res://.godot/imported/flat_sky_lagoon_main_panorama_v5_tile_r1_c3.png-f8ce0e5f490964960eec056604b88fb0.s3tc.ctex
Completed load for: 'res://assets/flats/sky_lagoon/main/flat_sky_lagoon_main_panorama_v5_tile_r1_c3.png' remapped 'res://assets/flats/sky_lagoon/main/flat_sky_lagoon_main_panorama_v5_tile_r1_c3.png' at thread -1
Loading resource: res://assets/flats/sky_lagoon/main/flat_sky_lagoon_main_panorama_v5_tile_r1_c4.png remapped: res://assets/flats/sky_lagoon/main/flat_sky_lagoon_main_panorama_v5_tile_r1_c4.png
Loading resource: res://.godot/imported/flat_sky_lagoon_main_panorama_v5_tile_r1_c4.png-7797a4393fb38901583f2658ad8ab140.s3tc.ctex remapped: res://.godot/imported/flat_sky_lagoon_main_panorama_v5_tile_r1_c4.png-7797a4393fb38901583f2658ad8ab140.s3tc.ctex
Completed load for: 'res://assets/flats/sky_lagoon/main/flat_sky_lagoon_main_panorama_v5_tile_r1_c4.png' remapped 'res://assets/flats/sky_lagoon/main/flat_sky_lagoon_main_panorama_v5_tile_r1_c4.png' at thread -1
Loading resource: res://assets/flats/sky_lagoon/main/flat_sky_lagoon_main_panorama_v5_tile_r1_c5.png remapped: res://assets/flats/sky_lagoon/main/flat_sky_lagoon_main_panorama_v5_tile_r1_c5.png
Loading resource: res://.godot/imported/flat_sky_lagoon_main_panorama_v5_tile_r1_c5.png-8c97f92f934f9637c71efb000f19c0ba.s3tc.ctex remapped: res://.godot/imported/flat_sky_lagoon_main_panorama_v5_tile_r1_c5.png-8c97f92f934f9637c71efb000f19c0ba.s3tc.ctex
Completed load for: 'res://assets/flats/sky_lagoon/main/flat_sky_lagoon_main_panorama_v5_tile_r1_c5.png' remapped 'res://assets/flats/sky_lagoon/main/flat_sky_lagoon_main_panorama_v5_tile_r1_c5.png' at thread -1
Loading resource: res://assets/sprites/sky_lagoon/sky_lagoon_smoke_wisp_v2.png remapped: res://assets/sprites/sky_lagoon/sky_lagoon_smoke_wisp_v2.png
Loading resource: res://.godot/imported/sky_lagoon_smoke_wisp_v2.png-0ce85fbfadefcb57be3728144f8353d9.ctex remapped: res://.godot/imported/sky_lagoon_smoke_wisp_v2.png-0ce85fbfadefcb57be3728144f8353d9.ctex
Completed load for: 'res://assets/sprites/sky_lagoon/sky_lagoon_smoke_wisp_v2.png' remapped 'res://assets/sprites/sky_lagoon/sky_lagoon_smoke_wisp_v2.png' at thread -1
Loading resource: res://assets/sprites/sky_lagoon/sky_lagoon_tree_sticker_slender_v1.png remapped: res://assets/sprites/sky_lagoon/sky_lagoon_tree_sticker_slender_v1.png
Loading resource: res://.godot/imported/sky_lagoon_tree_sticker_slender_v1.png-a4ec95b33d54b21f816c4be0231544dc.ctex remapped: res://.godot/imported/sky_lagoon_tree_sticker_slender_v1.png-a4ec95b33d54b21f816c4be0231544dc.ctex
Completed load for: 'res://assets/sprites/sky_lagoon/sky_lagoon_tree_sticker_slender_v1.png' remapped 'res://assets/sprites/sky_lagoon/sky_lagoon_tree_sticker_slender_v1.png' at thread -1
Loading resource: res://assets/sprites/sky_lagoon/sky_lagoon_plane_v5_hd_grade.png remapped: res://assets/sprites/sky_lagoon/sky_lagoon_plane_v5_hd_grade.png
Loading resource: res://.godot/imported/sky_lagoon_plane_v5_hd_grade.png-f5eca59469450d715dd2655bcca07838.ctex remapped: res://.godot/imported/sky_lagoon_plane_v5_hd_grade.png-f5eca59469450d715dd2655bcca07838.ctex
Completed load for: 'res://assets/sprites/sky_lagoon/sky_lagoon_plane_v5_hd_grade.png' remapped 'res://assets/sprites/sky_lagoon/sky_lagoon_plane_v5_hd_grade.png' at thread -1
Loading resource: res://assets/sprites/sky_lagoon/sky_lagoon_slide_v3_compact.png remapped: res://assets/sprites/sky_lagoon/sky_lagoon_slide_v3_compact.png
Loading resource: res://.godot/imported/sky_lagoon_slide_v3_compact.png-f6d8acb2ed44659ff9330d247dbe2f4a.ctex remapped: res://.godot/imported/sky_lagoon_slide_v3_compact.png-f6d8acb2ed44659ff9330d247dbe2f4a.ctex
Completed load for: 'res://assets/sprites/sky_lagoon/sky_lagoon_slide_v3_compact.png' remapped 'res://assets/sprites/sky_lagoon/sky_lagoon_slide_v3_compact.png' at thread -1
Loading resource: res://assets/sprites/sky_lagoon/sky_lagoon_seesaw_v5_fitted.png remapped: res://assets/sprites/sky_lagoon/sky_lagoon_seesaw_v5_fitted.png
Loading resource: res://.godot/imported/sky_lagoon_seesaw_v5_fitted.png-05e6419057f04aacb784c637164d80db.ctex remapped: res://.godot/imported/sky_lagoon_seesaw_v5_fitted.png-05e6419057f04aacb784c637164d80db.ctex
Completed load for: 'res://assets/sprites/sky_lagoon/sky_lagoon_seesaw_v5_fitted.png' remapped 'res://assets/sprites/sky_lagoon/sky_lagoon_seesaw_v5_fitted.png' at thread -1
Loading resource: res://assets/sprites/sky_lagoon/sky_lagoon_contact_shadow.png remapped: res://assets/sprites/sky_lagoon/sky_lagoon_contact_shadow.png
Loading resource: res://.godot/imported/sky_lagoon_contact_shadow.png-5822a958a724d638078d258beb4b6c09.s3tc.ctex remapped: res://.godot/imported/sky_lagoon_contact_shadow.png-5822a958a724d638078d258beb4b6c09.s3tc.ctex
Completed load for: 'res://assets/sprites/sky_lagoon/sky_lagoon_contact_shadow.png' remapped 'res://assets/sprites/sky_lagoon/sky_lagoon_contact_shadow.png' at thread -1
Loading resource: res://assets/sprites/sky_lagoon/sky_lagoon_castle_door_focus_v1.png remapped: res://assets/sprites/sky_lagoon/sky_lagoon_castle_door_focus_v1.png
Loading resource: res://.godot/imported/sky_lagoon_castle_door_focus_v1.png-2701a9f7f47dfc7727deae7894179758.ctex remapped: res://.godot/imported/sky_lagoon_castle_door_focus_v1.png-2701a9f7f47dfc7727deae7894179758.ctex
Completed load for: 'res://assets/sprites/sky_lagoon/sky_lagoon_castle_door_focus_v1.png' remapped 'res://assets/sprites/sky_lagoon/sky_lagoon_castle_door_focus_v1.png' at thread -1
Loading resource: res://assets/audio/ambience_hall.ogg remapped: res://assets/audio/ambience_hall.ogg
Loading resource: res://.godot/imported/ambience_hall.ogg-958f5fd047de8cff36f0acb97f3db4e3.oggvorbisstr remapped: res://.godot/imported/ambience_hall.ogg-958f5fd047de8cff36f0acb97f3db4e3.oggvorbisstr
Completed load for: 'res://assets/audio/ambience_hall.ogg' remapped 'res://assets/audio/ambience_hall.ogg' at thread -1
Loading resource: res://assets/audio/music/hall.ogg remapped: res://assets/audio/music/hall.ogg
Loading resource: res://.godot/imported/hall.ogg-d0ad1f2afcbc691e10abe64ac5a14fbd.oggvorbisstr remapped: res://.godot/imported/hall.ogg-d0ad1f2afcbc691e10abe64ac5a14fbd.oggvorbisstr
Completed load for: 'res://assets/audio/music/hall.ogg' remapped 'res://assets/audio/music/hall.ogg' at thread -1
Loading resource: res://assets/flats/castle/rooms/room_main_hall_background_v2.png remapped: res://assets/flats/castle/rooms/room_main_hall_background_v2.png
Loading resource: res://.godot/imported/room_main_hall_background_v2.png-fb6704cd3000af370518b5425df32076.ctex remapped: res://.godot/imported/room_main_hall_background_v2.png-fb6704cd3000af370518b5425df32076.ctex
Completed load for: 'res://assets/flats/castle/rooms/room_main_hall_background_v2.png' remapped 'res://assets/flats/castle/rooms/room_main_hall_background_v2.png' at thread -1
Loading resource: res://assets/flats/castle/main_hall_redraw_2026-08-03/tiles/main_hall_room_led_r0_c0.png remapped: res://assets/flats/castle/main_hall_redraw_2026-08-03/tiles/main_hall_room_led_r0_c0.png
Loading resource: res://.godot/imported/main_hall_room_led_r0_c0.png-8b2d2212cdd84a7b68099988bec5495f.ctex remapped: res://.godot/imported/main_hall_room_led_r0_c0.png-8b2d2212cdd84a7b68099988bec5495f.ctex
Completed load for: 'res://assets/flats/castle/main_hall_redraw_2026-08-03/tiles/main_hall_room_led_r0_c0.png' remapped 'res://assets/flats/castle/main_hall_redraw_2026-08-03/tiles/main_hall_room_led_r0_c0.png' at thread -1
Loading resource: res://assets/flats/castle/main_hall_redraw_2026-08-03/tiles/main_hall_room_led_r0_c1.png remapped: res://assets/flats/castle/main_hall_redraw_2026-08-03/tiles/main_hall_room_led_r0_c1.png
Loading resource: res://.godot/imported/main_hall_room_led_r0_c1.png-48cb63a29f809b266d05ff0a5df0f387.ctex remapped: res://.godot/imported/main_hall_room_led_r0_c1.png-48cb63a29f809b266d05ff0a5df0f387.ctex
Completed load for: 'res://assets/flats/castle/main_hall_redraw_2026-08-03/tiles/main_hall_room_led_r0_c1.png' remapped 'res://assets/flats/castle/main_hall_redraw_2026-08-03/tiles/main_hall_room_led_r0_c1.png' at thread -1
Loading resource: res://assets/flats/castle/main_hall_redraw_2026-08-03/tiles/main_hall_room_led_r0_c2.png remapped: res://assets/flats/castle/main_hall_redraw_2026-08-03/tiles/main_hall_room_led_r0_c2.png
Loading resource: res://.godot/imported/main_hall_room_led_r0_c2.png-5ebffa2796af5ef11b48efb1e3fce11f.ctex remapped: res://.godot/imported/main_hall_room_led_r0_c2.png-5ebffa2796af5ef11b48efb1e3fce11f.ctex
Completed load for: 'res://assets/flats/castle/main_hall_redraw_2026-08-03/tiles/main_hall_room_led_r0_c2.png' remapped 'res://assets/flats/castle/main_hall_redraw_2026-08-03/tiles/main_hall_room_led_r0_c2.png' at thread -1
Loading resource: res://assets/flats/castle/main_hall_redraw_2026-08-03/tiles/main_hall_room_led_r0_c3.png remapped: res://assets/flats/castle/main_hall_redraw_2026-08-03/tiles/main_hall_room_led_r0_c3.png
Loading resource: res://.godot/imported/main_hall_room_led_r0_c3.png-69138b405f095066991ef4485dc8844c.ctex remapped: res://.godot/imported/main_hall_room_led_r0_c3.png-69138b405f095066991ef4485dc8844c.ctex
Completed load for: 'res://assets/flats/castle/main_hall_redraw_2026-08-03/tiles/main_hall_room_led_r0_c3.png' remapped 'res://assets/flats/castle/main_hall_redraw_2026-08-03/tiles/main_hall_room_led_r0_c3.png' at thread -1
Loading resource: res://assets/flats/castle/main_hall_redraw_2026-08-03/tiles/main_hall_room_led_r0_c4.png remapped: res://assets/flats/castle/main_hall_redraw_2026-08-03/tiles/main_hall_room_led_r0_c4.png
Loading resource: res://.godot/imported/main_hall_room_led_r0_c4.png-583e82dc689f2a12c93bc107e69ff470.ctex remapped: res://.godot/imported/main_hall_room_led_r0_c4.png-583e82dc689f2a12c93bc107e69ff470.ctex
Completed load for: 'res://assets/flats/castle/main_hall_redraw_2026-08-03/tiles/main_hall_room_led_r0_c4.png' remapped 'res://assets/flats/castle/main_hall_redraw_2026-08-03/tiles/main_hall_room_led_r0_c4.png' at thread -1
Loading resource: res://assets/flats/castle/main_hall_redraw_2026-08-03/tiles/main_hall_room_led_r0_c5.png remapped: res://assets/flats/castle/main_hall_redraw_2026-08-03/tiles/main_hall_room_led_r0_c5.png
Loading resource: res://.godot/imported/main_hall_room_led_r0_c5.png-d12bd29d83a85e05a3c459700e802694.ctex remapped: res://.godot/imported/main_hall_room_led_r0_c5.png-d12bd29d83a85e05a3c459700e802694.ctex
Completed load for: 'res://assets/flats/castle/main_hall_redraw_2026-08-03/tiles/main_hall_room_led_r0_c5.png' remapped 'res://assets/flats/castle/main_hall_redraw_2026-08-03/tiles/main_hall_room_led_r0_c5.png' at thread -1
Loading resource: res://assets/flats/castle/main_hall_redraw_2026-08-03/tiles/main_hall_room_led_r0_c6.png remapped: res://assets/flats/castle/main_hall_redraw_2026-08-03/tiles/main_hall_room_led_r0_c6.png
Loading resource: res://.godot/imported/main_hall_room_led_r0_c6.png-2d8f00901d9c09402d59661823f09978.ctex remapped: res://.godot/imported/main_hall_room_led_r0_c6.png-2d8f00901d9c09402d59661823f09978.ctex
Completed load for: 'res://assets/flats/castle/main_hall_redraw_2026-08-03/tiles/main_hall_room_led_r0_c6.png' remapped 'res://assets/flats/castle/main_hall_redraw_2026-08-03/tiles/main_hall_room_led_r0_c6.png' at thread -1
Loading resource: res://assets/flats/castle/main_hall_redraw_2026-08-03/tiles/main_hall_room_led_r0_c7.png remapped: res://assets/flats/castle/main_hall_redraw_2026-08-03/tiles/main_hall_room_led_r0_c7.png
Loading resource: res://.godot/imported/main_hall_room_led_r0_c7.png-b44ab2c1b214a3d1de9d0e773859cfdd.ctex remapped: res://.godot/imported/main_hall_room_led_r0_c7.png-b44ab2c1b214a3d1de9d0e773859cfdd.ctex
Completed load for: 'res://assets/flats/castle/main_hall_redraw_2026-08-03/tiles/main_hall_room_led_r0_c7.png' remapped 'res://assets/flats/castle/main_hall_redraw_2026-08-03/tiles/main_hall_room_led_r0_c7.png' at thread -1
Loading resource: res://assets/flats/castle/main_hall_redraw_2026-08-03/tiles/main_hall_room_led_r1_c0.png remapped: res://assets/flats/castle/main_hall_redraw_2026-08-03/tiles/main_hall_room_led_r1_c0.png
Loading resource: res://.godot/imported/main_hall_room_led_r1_c0.png-f59a94d2248936d119739bb83c978098.ctex remapped: res://.godot/imported/main_hall_room_led_r1_c0.png-f59a94d2248936d119739bb83c978098.ctex
Completed load for: 'res://assets/flats/castle/main_hall_redraw_2026-08-03/tiles/main_hall_room_led_r1_c0.png' remapped 'res://assets/flats/castle/main_hall_redraw_2026-08-03/tiles/main_hall_room_led_r1_c0.png' at thread -1
Loading resource: res://assets/flats/castle/main_hall_redraw_2026-08-03/tiles/main_hall_room_led_r1_c1.png remapped: res://assets/flats/castle/main_hall_redraw_2026-08-03/tiles/main_hall_room_led_r1_c1.png
Loading resource: res://.godot/imported/main_hall_room_led_r1_c1.png-e18149d98c1f1557b234a82706a08aa6.ctex remapped: res://.godot/imported/main_hall_room_led_r1_c1.png-e18149d98c1f1557b234a82706a08aa6.ctex
Completed load for: 'res://assets/flats/castle/main_hall_redraw_2026-08-03/tiles/main_hall_room_led_r1_c1.png' remapped 'res://assets/flats/castle/main_hall_redraw_2026-08-03/tiles/main_hall_room_led_r1_c1.png' at thread -1
Loading resource: res://assets/flats/castle/main_hall_redraw_2026-08-03/tiles/main_hall_room_led_r1_c2.png remapped: res://assets/flats/castle/main_hall_redraw_2026-08-03/tiles/main_hall_room_led_r1_c2.png
Loading resource: res://.godot/imported/main_hall_room_led_r1_c2.png-e9bd024a7579d2a3f1f426c46f1d4cb9.ctex remapped: res://.godot/imported/main_hall_room_led_r1_c2.png-e9bd024a7579d2a3f1f426c46f1d4cb9.ctex
Completed load for: 'res://assets/flats/castle/main_hall_redraw_2026-08-03/tiles/main_hall_room_led_r1_c2.png' remapped 'res://assets/flats/castle/main_hall_redraw_2026-08-03/tiles/main_hall_room_led_r1_c2.png' at thread -1
Loading resource: res://assets/flats/castle/main_hall_redraw_2026-08-03/tiles/main_hall_room_led_r1_c3.png remapped: res://assets/flats/castle/main_hall_redraw_2026-08-03/tiles/main_hall_room_led_r1_c3.png
Loading resource: res://.godot/imported/main_hall_room_led_r1_c3.png-5a3f36826a8ed6a0a19636d2d72e5782.ctex remapped: res://.godot/imported/main_hall_room_led_r1_c3.png-5a3f36826a8ed6a0a19636d2d72e5782.ctex
Completed load for: 'res://assets/flats/castle/main_hall_redraw_2026-08-03/tiles/main_hall_room_led_r1_c3.png' remapped 'res://assets/flats/castle/main_hall_redraw_2026-08-03/tiles/main_hall_room_led_r1_c3.png' at thread -1
Loading resource: res://assets/flats/castle/main_hall_redraw_2026-08-03/tiles/main_hall_room_led_r1_c4.png remapped: res://assets/flats/castle/main_hall_redraw_2026-08-03/tiles/main_hall_room_led_r1_c4.png
Loading resource: res://.godot/imported/main_hall_room_led_r1_c4.png-a750d6f462e71b0c7ace0abe84034868.ctex remapped: res://.godot/imported/main_hall_room_led_r1_c4.png-a750d6f462e71b0c7ace0abe84034868.ctex
Completed load for: 'res://assets/flats/castle/main_hall_redraw_2026-08-03/tiles/main_hall_room_led_r1_c4.png' remapped 'res://assets/flats/castle/main_hall_redraw_2026-08-03/tiles/main_hall_room_led_r1_c4.png' at thread -1
Loading resource: res://assets/flats/castle/main_hall_redraw_2026-08-03/tiles/main_hall_room_led_r1_c5.png remapped: res://assets/flats/castle/main_hall_redraw_2026-08-03/tiles/main_hall_room_led_r1_c5.png
Loading resource: res://.godot/imported/main_hall_room_led_r1_c5.png-11e16f17aeca2e453efebc53e23dbd38.ctex remapped: res://.godot/imported/main_hall_room_led_r1_c5.png-11e16f17aeca2e453efebc53e23dbd38.ctex
Completed load for: 'res://assets/flats/castle/main_hall_redraw_2026-08-03/tiles/main_hall_room_led_r1_c5.png' remapped 'res://assets/flats/castle/main_hall_redraw_2026-08-03/tiles/main_hall_room_led_r1_c5.png' at thread -1
Loading resource: res://assets/flats/castle/main_hall_redraw_2026-08-03/tiles/main_hall_room_led_r1_c6.png remapped: res://assets/flats/castle/main_hall_redraw_2026-08-03/tiles/main_hall_room_led_r1_c6.png
Loading resource: res://.godot/imported/main_hall_room_led_r1_c6.png-0b00ba36ad39fa9cdefff723ec7d3149.ctex remapped: res://.godot/imported/main_hall_room_led_r1_c6.png-0b00ba36ad39fa9cdefff723ec7d3149.ctex
Completed load for: 'res://assets/flats/castle/main_hall_redraw_2026-08-03/tiles/main_hall_room_led_r1_c6.png' remapped 'res://assets/flats/castle/main_hall_redraw_2026-08-03/tiles/main_hall_room_led_r1_c6.png' at thread -1
Loading resource: res://assets/flats/castle/main_hall_redraw_2026-08-03/tiles/main_hall_room_led_r1_c7.png remapped: res://assets/flats/castle/main_hall_redraw_2026-08-03/tiles/main_hall_room_led_r1_c7.png
Loading resource: res://.godot/imported/main_hall_room_led_r1_c7.png-e72820c7a47b7fe7345bb2c83134e30f.ctex remapped: res://.godot/imported/main_hall_room_led_r1_c7.png-e72820c7a47b7fe7345bb2c83134e30f.ctex
Completed load for: 'res://assets/flats/castle/main_hall_redraw_2026-08-03/tiles/main_hall_room_led_r1_c7.png' remapped 'res://assets/flats/castle/main_hall_redraw_2026-08-03/tiles/main_hall_room_led_r1_c7.png' at thread -1
Loading resource: res://assets/characters/roshan_25d/roshan_base.png remapped: res://assets/characters/roshan_25d/roshan_base.png
Loading resource: res://.godot/imported/roshan_base.png-9c456388e4a5ef13b9331f23ea18de99.s3tc.ctex remapped: res://.godot/imported/roshan_base.png-9c456388e4a5ef13b9331f23ea18de99.s3tc.ctex
Completed load for: 'res://assets/characters/roshan_25d/roshan_base.png' remapped 'res://assets/characters/roshan_25d/roshan_base.png' at thread -1
Loading resource: res://assets/flats/castle/main_hall_redraw_2026-08-03/signs/sign_family_gallery.png remapped: res://assets/flats/castle/main_hall_redraw_2026-08-03/signs/sign_family_gallery.png
Loading resource: res://.godot/imported/sign_family_gallery.png-e7ee500339f674adaf7a73d1dae24a69.s3tc.ctex remapped: res://.godot/imported/sign_family_gallery.png-e7ee500339f674adaf7a73d1dae24a69.s3tc.ctex
Completed load for: 'res://assets/flats/castle/main_hall_redraw_2026-08-03/signs/sign_family_gallery.png' remapped 'res://assets/flats/castle/main_hall_redraw_2026-08-03/signs/sign_family_gallery.png' at thread -1
Loading resource: res://assets/flats/castle/main_hall_redraw_2026-08-03/signs/sign_opera_hall.png remapped: res://assets/flats/castle/main_hall_redraw_2026-08-03/signs/sign_opera_hall.png
Loading resource: res://.godot/imported/sign_opera_hall.png-a4b287106d9bd0679eb397578c16ff29.s3tc.ctex remapped: res://.godot/imported/sign_opera_hall.png-a4b287106d9bd0679eb397578c16ff29.s3tc.ctex
Completed load for: 'res://assets/flats/castle/main_hall_redraw_2026-08-03/signs/sign_opera_hall.png' remapped 'res://assets/flats/castle/main_hall_redraw_2026-08-03/signs/sign_opera_hall.png' at thread -1
Loading resource: res://assets/flats/castle/main_hall_redraw_2026-08-03/signs/sign_library.png remapped: res://assets/flats/castle/main_hall_redraw_2026-08-03/signs/sign_library.png
Loading resource: res://.godot/imported/sign_library.png-a27c007a8259e3e833168f7709cc48f8.s3tc.ctex remapped: res://.godot/imported/sign_library.png-a27c007a8259e3e833168f7709cc48f8.s3tc.ctex
Completed load for: 'res://assets/flats/castle/main_hall_redraw_2026-08-03/signs/sign_library.png' remapped 'res://assets/flats/castle/main_hall_redraw_2026-08-03/signs/sign_library.png' at thread -1
Loading resource: res://assets/flats/castle/main_hall_redraw_2026-08-03/signs/sign_kitchen.png remapped: res://assets/flats/castle/main_hall_redraw_2026-08-03/signs/sign_kitchen.png
Loading resource: res://.godot/imported/sign_kitchen.png-42721814c95cebd078a073496a7c0960.s3tc.ctex remapped: res://.godot/imported/sign_kitchen.png-42721814c95cebd078a073496a7c0960.s3tc.ctex
Completed load for: 'res://assets/flats/castle/main_hall_redraw_2026-08-03/signs/sign_kitchen.png' remapped 'res://assets/flats/castle/main_hall_redraw_2026-08-03/signs/sign_kitchen.png' at thread -1
Loading resource: res://assets/flats/castle/main_hall_redraw_2026-08-03/signs/sign_playroom.png remapped: res://assets/flats/castle/main_hall_redraw_2026-08-03/signs/sign_playroom.png
Loading resource: res://.godot/imported/sign_playroom.png-da81a9060503bb8755c98fae858b558d.s3tc.ctex remapped: res://.godot/imported/sign_playroom.png-da81a9060503bb8755c98fae858b558d.s3tc.ctex
Completed load for: 'res://assets/flats/castle/main_hall_redraw_2026-08-03/signs/sign_playroom.png' remapped 'res://assets/flats/castle/main_hall_redraw_2026-08-03/signs/sign_playroom.png' at thread -1
Loading resource: res://assets/flats/castle/main_hall_redraw_2026-08-03/signs/sign_craft_room.png remapped: res://assets/flats/castle/main_hall_redraw_2026-08-03/signs/sign_craft_room.png
Loading resource: res://.godot/imported/sign_craft_room.png-ea35ee0f9839d711e795b67a670f4dc4.s3tc.ctex remapped: res://.godot/imported/sign_craft_room.png-ea35ee0f9839d711e795b67a670f4dc4.s3tc.ctex
Completed load for: 'res://assets/flats/castle/main_hall_redraw_2026-08-03/signs/sign_craft_room.png' remapped 'res://assets/flats/castle/main_hall_redraw_2026-08-03/signs/sign_craft_room.png' at thread -1
Loading resource: res://assets/flats/castle/main_hall_redraw_2026-08-03/signs/sign_mermaid_pool.png remapped: res://assets/flats/castle/main_hall_redraw_2026-08-03/signs/sign_mermaid_pool.png
Loading resource: res://.godot/imported/sign_mermaid_pool.png-3542c1dfbd6833a9b64c11081cc2b40f.s3tc.ctex remapped: res://.godot/imported/sign_mermaid_pool.png-3542c1dfbd6833a9b64c11081cc2b40f.s3tc.ctex
Completed load for: 'res://assets/flats/castle/main_hall_redraw_2026-08-03/signs/sign_mermaid_pool.png' remapped 'res://assets/flats/castle/main_hall_redraw_2026-08-03/signs/sign_mermaid_pool.png' at thread -1
Loading resource: res://assets/flats/castle/main_hall_redraw_2026-08-03/signs/sign_bubble_bath.png remapped: res://assets/flats/castle/main_hall_redraw_2026-08-03/signs/sign_bubble_bath.png
Loading resource: res://.godot/imported/sign_bubble_bath.png-0d02ff54824c10bb2df5319842fa0270.s3tc.ctex remapped: res://.godot/imported/sign_bubble_bath.png-0d02ff54824c10bb2df5319842fa0270.s3tc.ctex
Completed load for: 'res://assets/flats/castle/main_hall_redraw_2026-08-03/signs/sign_bubble_bath.png' remapped 'res://assets/flats/castle/main_hall_redraw_2026-08-03/signs/sign_bubble_bath.png' at thread -1
Loading resource: res://assets/sprites/sky_lagoon/sky_lagoon_smoke_wisp_v2.png remapped: res://assets/sprites/sky_lagoon/sky_lagoon_smoke_wisp_v2.png
Loading resource: res://.godot/imported/sky_lagoon_smoke_wisp_v2.png-0ce85fbfadefcb57be3728144f8353d9.ctex remapped: res://.godot/imported/sky_lagoon_smoke_wisp_v2.png-0ce85fbfadefcb57be3728144f8353d9.ctex
Completed load for: 'res://assets/sprites/sky_lagoon/sky_lagoon_smoke_wisp_v2.png' remapped 'res://assets/sprites/sky_lagoon/sky_lagoon_smoke_wisp_v2.png' at thread -1
Loading resource: res://assets/castle/dirty_cleanup_2d/critters/dust_bunnies/dust_bunny_sleepy.png remapped: res://assets/castle/dirty_cleanup_2d/critters/dust_bunnies/dust_bunny_sleepy.png
Loading resource: res://.godot/imported/dust_bunny_sleepy.png-0cd0f1f8e30ffc9e816c5586f9943347.ctex remapped: res://.godot/imported/dust_bunny_sleepy.png-0cd0f1f8e30ffc9e816c5586f9943347.ctex
Completed load for: 'res://assets/castle/dirty_cleanup_2d/critters/dust_bunnies/dust_bunny_sleepy.png' remapped 'res://assets/castle/dirty_cleanup_2d/critters/dust_bunnies/dust_bunny_sleepy.png' at thread -1
Loading resource: res://assets/castle/dirty_cleanup_2d/critters/dust_bunnies/dust_bunny_shell_hide.png remapped: res://assets/castle/dirty_cleanup_2d/critters/dust_bunnies/dust_bunny_shell_hide.png
Loading resource: res://.godot/imported/dust_bunny_shell_hide.png-587fcac704c7b1a79d58a8298254b5e2.ctex remapped: res://.godot/imported/dust_bunny_shell_hide.png-587fcac704c7b1a79d58a8298254b5e2.ctex
Completed load for: 'res://assets/castle/dirty_cleanup_2d/critters/dust_bunnies/dust_bunny_shell_hide.png' remapped 'res://assets/castle/dirty_cleanup_2d/critters/dust_bunnies/dust_bunny_shell_hide.png' at thread -1
Loading resource: res://assets/castle/dirty_cleanup_2d/critters/dust_bunnies/dust_bunny_hop.png remapped: res://assets/castle/dirty_cleanup_2d/critters/dust_bunnies/dust_bunny_hop.png
Loading resource: res://.godot/imported/dust_bunny_hop.png-d26671e85672800c1f0ef151b6c2eb80.ctex remapped: res://.godot/imported/dust_bunny_hop.png-d26671e85672800c1f0ef151b6c2eb80.ctex
Completed load for: 'res://assets/castle/dirty_cleanup_2d/critters/dust_bunnies/dust_bunny_hop.png' remapped 'res://assets/castle/dirty_cleanup_2d/critters/dust_bunnies/dust_bunny_hop.png' at thread -1
Loading resource: res://assets/castle/dirty_cleanup_2d/critters/dust_bunnies/dust_bunny_curl_ears.png remapped: res://assets/castle/dirty_cleanup_2d/critters/dust_bunnies/dust_bunny_curl_ears.png
Loading resource: res://.godot/imported/dust_bunny_curl_ears.png-062f1a2a5fcc942de8a0ff74d61a25a7.ctex remapped: res://.godot/imported/dust_bunny_curl_ears.png-062f1a2a5fcc942de8a0ff74d61a25a7.ctex
Completed load for: 'res://assets/castle/dirty_cleanup_2d/critters/dust_bunnies/dust_bunny_curl_ears.png' remapped 'res://assets/castle/dirty_cleanup_2d/critters/dust_bunnies/dust_bunny_curl_ears.png' at thread -1
Loading resource: res://assets/audio/voices/filler_v1/roshan_day1_dirty_castle_discovery.ogg remapped: res://assets/audio/voices/filler_v1/roshan_day1_dirty_castle_discovery.ogg
Loading resource: res://.godot/imported/roshan_day1_dirty_castle_discovery.ogg-c7d1ea58938db59f50b88653122a477a.oggvorbisstr remapped: res://.godot/imported/roshan_day1_dirty_castle_discovery.ogg-c7d1ea58938db59f50b88653122a477a.oggvorbisstr
Completed load for: 'res://assets/audio/voices/filler_v1/roshan_day1_dirty_castle_discovery.ogg' remapped 'res://assets/audio/voices/filler_v1/roshan_day1_dirty_castle_discovery.ogg' at thread -1
Loading resource: res://assets/audio/voices/filler_v1/roshan_day_one_rescue_bunnies.ogg remapped: res://assets/audio/voices/filler_v1/roshan_day_one_rescue_bunnies.ogg
Loading resource: res://.godot/imported/roshan_day_one_rescue_bunnies.ogg-1adc5c0a6c36fe7b13b6d94e2ae5520b.oggvorbisstr remapped: res://.godot/imported/roshan_day_one_rescue_bunnies.ogg-1adc5c0a6c36fe7b13b6d94e2ae5520b.oggvorbisstr
Completed load for: 'res://assets/audio/voices/filler_v1/roshan_day_one_rescue_bunnies.ogg' remapped 'res://assets/audio/voices/filler_v1/roshan_day_one_rescue_bunnies.ogg' at thread -1
Loading resource: res://assets/audio/voices/filler_v1/roshan_day1_arrival_castle.ogg remapped: res://assets/audio/voices/filler_v1/roshan_day1_arrival_castle.ogg
Loading resource: res://.godot/imported/roshan_day1_arrival_castle.ogg-5d9422601564cfbaea474115323ae6ea.oggvorbisstr remapped: res://.godot/imported/roshan_day1_arrival_castle.ogg-5d9422601564cfbaea474115323ae6ea.oggvorbisstr
Completed load for: 'res://assets/audio/voices/filler_v1/roshan_day1_arrival_castle.ogg' remapped 'res://assets/audio/voices/filler_v1/roshan_day1_arrival_castle.ogg' at thread -1
Loading resource: res://assets/flats/castle/rooms/room_bubble_bath_background.png remapped: res://assets/flats/castle/rooms/room_bubble_bath_background.png
Loading resource: res://.godot/imported/room_bubble_bath_background.png-31df36a601e1eb3d4ca35434bca8a607.ctex remapped: res://.godot/imported/room_bubble_bath_background.png-31df36a601e1eb3d4ca35434bca8a607.ctex
Completed load for: 'res://assets/flats/castle/rooms/room_bubble_bath_background.png' remapped 'res://assets/flats/castle/rooms/room_bubble_bath_background.png' at thread -1
Loading resource: res://assets/flats/castle/interactions_v4/background_tiles/room_bubble_bath_background_r0_c0.png remapped: res://assets/flats/castle/interactions_v4/background_tiles/room_bubble_bath_background_r0_c0.png
Loading resource: res://.godot/imported/room_bubble_bath_background_r0_c0.png-606158421ffd54f19cfab0232c680d80.ctex remapped: res://.godot/imported/room_bubble_bath_background_r0_c0.png-606158421ffd54f19cfab0232c680d80.ctex
Completed load for: 'res://assets/flats/castle/interactions_v4/background_tiles/room_bubble_bath_background_r0_c0.png' remapped 'res://assets/flats/castle/interactions_v4/background_tiles/room_bubble_bath_background_r0_c0.png' at thread -1
Loading resource: res://assets/flats/castle/interactions_v4/background_tiles/room_bubble_bath_background_r0_c1.png remapped: res://assets/flats/castle/interactions_v4/background_tiles/room_bubble_bath_background_r0_c1.png
Loading resource: res://.godot/imported/room_bubble_bath_background_r0_c1.png-917c7bbda33fc8a0d835355a7be45181.ctex remapped: res://.godot/imported/room_bubble_bath_background_r0_c1.png-917c7bbda33fc8a0d835355a7be45181.ctex
Completed load for: 'res://assets/flats/castle/interactions_v4/background_tiles/room_bubble_bath_background_r0_c1.png' remapped 'res://assets/flats/castle/interactions_v4/background_tiles/room_bubble_bath_background_r0_c1.png' at thread -1
Loading resource: res://assets/flats/castle/interactions_v4/background_tiles/room_bubble_bath_background_r0_c2.png remapped: res://assets/flats/castle/interactions_v4/background_tiles/room_bubble_bath_background_r0_c2.png
Loading resource: res://.godot/imported/room_bubble_bath_background_r0_c2.png-fa546ead54ac7c089915bec2670bb3c6.ctex remapped: res://.godot/imported/room_bubble_bath_background_r0_c2.png-fa546ead54ac7c089915bec2670bb3c6.ctex
Completed load for: 'res://assets/flats/castle/interactions_v4/background_tiles/room_bubble_bath_background_r0_c2.png' remapped 'res://assets/flats/castle/interactions_v4/background_tiles/room_bubble_bath_background_r0_c2.png' at thread -1
Loading resource: res://assets/flats/castle/interactions_v4/background_tiles/room_bubble_bath_background_r0_c3.png remapped: res://assets/flats/castle/interactions_v4/background_tiles/room_bubble_bath_background_r0_c3.png
Loading resource: res://.godot/imported/room_bubble_bath_background_r0_c3.png-1dbf2115af3ac22af6915cb4f0f7125d.ctex remapped: res://.godot/imported/room_bubble_bath_background_r0_c3.png-1dbf2115af3ac22af6915cb4f0f7125d.ctex
Completed load for: 'res://assets/flats/castle/interactions_v4/background_tiles/room_bubble_bath_background_r0_c3.png' remapped 'res://assets/flats/castle/interactions_v4/background_tiles/room_bubble_bath_background_r0_c3.png' at thread -1
Loading resource: res://assets/flats/castle/interactions_v4/background_tiles/room_bubble_bath_background_r1_c0.png remapped: res://assets/flats/castle/interactions_v4/background_tiles/room_bubble_bath_background_r1_c0.png
Loading resource: res://.godot/imported/room_bubble_bath_background_r1_c0.png-350415aef9059fa23fa09cf933db6770.ctex remapped: res://.godot/imported/room_bubble_bath_background_r1_c0.png-350415aef9059fa23fa09cf933db6770.ctex
Completed load for: 'res://assets/flats/castle/interactions_v4/background_tiles/room_bubble_bath_background_r1_c0.png' remapped 'res://assets/flats/castle/interactions_v4/background_tiles/room_bubble_bath_background_r1_c0.png' at thread -1
Loading resource: res://assets/flats/castle/interactions_v4/background_tiles/room_bubble_bath_background_r1_c1.png remapped: res://assets/flats/castle/interactions_v4/background_tiles/room_bubble_bath_background_r1_c1.png
Loading resource: res://.godot/imported/room_bubble_bath_background_r1_c1.png-aeeb1ee03b5eff9c8195054306fddcb5.ctex remapped: res://.godot/imported/room_bubble_bath_background_r1_c1.png-aeeb1ee03b5eff9c8195054306fddcb5.ctex
Completed load for: 'res://assets/flats/castle/interactions_v4/background_tiles/room_bubble_bath_background_r1_c1.png' remapped 'res://assets/flats/castle/interactions_v4/background_tiles/room_bubble_bath_background_r1_c1.png' at thread -1
Loading resource: res://assets/flats/castle/interactions_v4/background_tiles/room_bubble_bath_background_r1_c2.png remapped: res://assets/flats/castle/interactions_v4/background_tiles/room_bubble_bath_background_r1_c2.png
Loading resource: res://.godot/imported/room_bubble_bath_background_r1_c2.png-ced99734ecd010ffd4f7c4e5b1a83b4f.ctex remapped: res://.godot/imported/room_bubble_bath_background_r1_c2.png-ced99734ecd010ffd4f7c4e5b1a83b4f.ctex
Completed load for: 'res://assets/flats/castle/interactions_v4/background_tiles/room_bubble_bath_background_r1_c2.png' remapped 'res://assets/flats/castle/interactions_v4/background_tiles/room_bubble_bath_background_r1_c2.png' at thread -1
Loading resource: res://assets/flats/castle/interactions_v4/background_tiles/room_bubble_bath_background_r1_c3.png remapped: res://assets/flats/castle/interactions_v4/background_tiles/room_bubble_bath_background_r1_c3.png
Loading resource: res://.godot/imported/room_bubble_bath_background_r1_c3.png-902e3e5eb114e677016074cf20b048ed.ctex remapped: res://.godot/imported/room_bubble_bath_background_r1_c3.png-902e3e5eb114e677016074cf20b048ed.ctex
Completed load for: 'res://assets/flats/castle/interactions_v4/background_tiles/room_bubble_bath_background_r1_c3.png' remapped 'res://assets/flats/castle/interactions_v4/background_tiles/room_bubble_bath_background_r1_c3.png' at thread -1
Loading resource: res://assets/flats/castle/interactions_v2/bubble_bath_bathtub_sheet.png remapped: res://assets/flats/castle/interactions_v2/bubble_bath_bathtub_sheet.png
Loading resource: res://.godot/imported/bubble_bath_bathtub_sheet.png-5721e93f91285cf0fd5d31cc73c4835e.ctex remapped: res://.godot/imported/bubble_bath_bathtub_sheet.png-5721e93f91285cf0fd5d31cc73c4835e.ctex
Completed load for: 'res://assets/flats/castle/interactions_v2/bubble_bath_bathtub_sheet.png' remapped 'res://assets/flats/castle/interactions_v2/bubble_bath_bathtub_sheet.png' at thread -1
Loading resource: res://assets/flats/castle/interactions_v2/bubble_bath_sink_sheet.png remapped: res://assets/flats/castle/interactions_v2/bubble_bath_sink_sheet.png
Loading resource: res://.godot/imported/bubble_bath_sink_sheet.png-4dc6ec7b1b514f3fe78a7c7bb9bc570b.ctex remapped: res://.godot/imported/bubble_bath_sink_sheet.png-4dc6ec7b1b514f3fe78a7c7bb9bc570b.ctex
Completed load for: 'res://assets/flats/castle/interactions_v2/bubble_bath_sink_sheet.png' remapped 'res://assets/flats/castle/interactions_v2/bubble_bath_sink_sheet.png' at thread -1
Loading resource: res://assets/flats/castle/interactions_v2/bubble_bath_toilet_sheet.png remapped: res://assets/flats/castle/interactions_v2/bubble_bath_toilet_sheet.png
Loading resource: res://.godot/imported/bubble_bath_toilet_sheet.png-675e432ecef359686ea6357173531ed9.ctex remapped: res://.godot/imported/bubble_bath_toilet_sheet.png-675e432ecef359686ea6357173531ed9.ctex
Completed load for: 'res://assets/flats/castle/interactions_v2/bubble_bath_toilet_sheet.png' remapped 'res://assets/flats/castle/interactions_v2/bubble_bath_toilet_sheet.png' at thread -1
Loading resource: res://assets/flats/castle/interactions_v2/bubble_bath_rubber_duck_sheet.png remapped: res://assets/flats/castle/interactions_v2/bubble_bath_rubber_duck_sheet.png
Loading resource: res://.godot/imported/bubble_bath_rubber_duck_sheet.png-ecdd475c96cce173bf17389428dd501d.ctex remapped: res://.godot/imported/bubble_bath_rubber_duck_sheet.png-ecdd475c96cce173bf17389428dd501d.ctex
Completed load for: 'res://assets/flats/castle/interactions_v2/bubble_bath_rubber_duck_sheet.png' remapped 'res://assets/flats/castle/interactions_v2/bubble_bath_rubber_duck_sheet.png' at thread -1
Loading resource: res://assets/flats/castle/interactions_v4/sheets/bubble_bath_vanity_mirror_sheet.png remapped: res://assets/flats/castle/interactions_v4/sheets/bubble_bath_vanity_mirror_sheet.png
Loading resource: res://.godot/imported/bubble_bath_vanity_mirror_sheet.png-791db285a2cee798eafcd108e1cfa8aa.ctex remapped: res://.godot/imported/bubble_bath_vanity_mirror_sheet.png-791db285a2cee798eafcd108e1cfa8aa.ctex
Completed load for: 'res://assets/flats/castle/interactions_v4/sheets/bubble_bath_vanity_mirror_sheet.png' remapped 'res://assets/flats/castle/interactions_v4/sheets/bubble_bath_vanity_mirror_sheet.png' at thread -1
BATHROOM_WORLD|empty Day One bathtub has no swimmer or fill water: OK
BATHROOM_WORLD|sprite stage open: OK
BATHROOM_WORLD|direct canvas has no camera: OK
BATHROOM_WORLD|retired modeled bathroom absent: OK
BATHROOM_WORLD|one child-readable bathtub silhouette: OK false_foreground_left=false false_foreground_right=false real_bathtub=true
BATHROOM_WORLD|audited V4 bathroom registry: OK
BATHROOM_WORLD|source-owned bath touch props: OK expected=5 runtime=5 hotspots=5
BATHROOM_WORLD|zero V3 additions or duplicate props: OK
BATHROOM_WORLD|native bath props own pixels over complete full-frame clean tiles: OK expected_native=true runtime_native=true
Loading resource: res://assets/audio/castle/bubble_water.ogg remapped: res://assets/audio/castle/bubble_water.ogg
Loading resource: res://.godot/imported/bubble_water.ogg-ee3f4eef880d6b30ffffadb787eb4f44.oggvorbisstr remapped: res://.godot/imported/bubble_water.ogg-ee3f4eef880d6b30ffffadb787eb4f44.oggvorbisstr
Completed load for: 'res://assets/audio/castle/bubble_water.ogg' remapped 'res://assets/audio/castle/bubble_water.ogg' at thread -1
Loading resource: res://assets/castle/dirty_cleanup_2d/critters/dust_bunnies/dust_bunny_swimming.png remapped: res://assets/castle/dirty_cleanup_2d/critters/dust_bunnies/dust_bunny_swimming.png
Loading resource: res://.godot/imported/dust_bunny_swimming.png-1df90387154781e2f6b6b1e09378aaea.ctex remapped: res://.godot/imported/dust_bunny_swimming.png-1df90387154781e2f6b6b1e09378aaea.ctex
Completed load for: 'res://assets/castle/dirty_cleanup_2d/critters/dust_bunnies/dust_bunny_swimming.png' remapped 'res://assets/castle/dirty_cleanup_2d/critters/dust_bunnies/dust_bunny_swimming.png' at thread -1
Loading resource: res://assets/audio/castle/faucet_water.ogg remapped: res://assets/audio/castle/faucet_water.ogg
Loading resource: res://.godot/imported/faucet_water.ogg-374c8b1b33713cb45cdf9e9a77b5d42c.oggvorbisstr remapped: res://.godot/imported/faucet_water.ogg-374c8b1b33713cb45cdf9e9a77b5d42c.oggvorbisstr
Completed load for: 'res://assets/audio/castle/faucet_water.ogg' remapped 'res://assets/audio/castle/faucet_water.ogg' at thread -1
Loading resource: res://assets/audio/castle/toilet_flush.ogg remapped: res://assets/audio/castle/toilet_flush.ogg
Loading resource: res://.godot/imported/toilet_flush.ogg-a915fbc360daa7fc174c768e93312f18.oggvorbisstr remapped: res://.godot/imported/toilet_flush.ogg-a915fbc360daa7fc174c768e93312f18.oggvorbisstr
Completed load for: 'res://assets/audio/castle/toilet_flush.ogg' remapped 'res://assets/audio/castle/toilet_flush.ogg' at thread -1
Loading resource: res://assets/audio/castle/duck_squeak.ogg remapped: res://assets/audio/castle/duck_squeak.ogg
Loading resource: res://.godot/imported/duck_squeak.ogg-d40b6fc4e732c2cd078eb4fd302adc75.oggvorbisstr remapped: res://.godot/imported/duck_squeak.ogg-d40b6fc4e732c2cd078eb4fd302adc75.oggvorbisstr
Completed load for: 'res://assets/audio/castle/duck_squeak.ogg' remapped 'res://assets/audio/castle/duck_squeak.ogg' at thread -1
Loading resource: res://assets/audio/castle/faucet_water.ogg remapped: res://assets/audio/castle/faucet_water.ogg
Loading resource: res://.godot/imported/faucet_water.ogg-374c8b1b33713cb45cdf9e9a77b5d42c.oggvorbisstr remapped: res://.godot/imported/faucet_water.ogg-374c8b1b33713cb45cdf9e9a77b5d42c.oggvorbisstr
Completed load for: 'res://assets/audio/castle/faucet_water.ogg' remapped 'res://assets/audio/castle/faucet_water.ogg' at thread -1
BATHROOM_WORLD|unshaded Sprite2D fixtures: OK
BATHROOM_WORLD|fixtures occupy real depth: OK
BATHROOM_WORLD|semantic atlas sequences follow audited timelines and reset: OK
BATHROOM_WORLD|Canvas fixtures add 3x temporal samples and sleep at one idle draw: OK
BATHROOM_WORLD|semantic fixture actions stay bounded and restore roots: OK
BATHROOM_WORLD|fixture actions play exact castle audio: OK
BATHROOM_WORLD|fixture animations reject repeat taps while busy: OK
BATHROOM_WORLD|toilet vortex stays inside the animated bowl cavity: OK spec={ "role": "vortex", "shape": "ellipse", "center": [0.51, 0.615], "radius": [0.12, 0.028], "z_offset": 0.003, "flow_start": 0.08, "render_priority": 1.0, "active_frames": [2.0, 3.0, 4.0], "contact_role": "inside_bowl_cavity", "cavity_bounds_normalized": [0.365, 0.57, 0.29, 0.09], "occlusion_contract": "front_surface_confined_to_inner_bowl_waterline", "deep": [0.3, 0.7, 0.82, 1.0], "shallow": [0.74, 0.95, 0.98, 1.0], "alpha_base": 0.56, "turbulence": 0.52, "edge_foam": 0.18, "flow_speed": 1.25 } bounds=[P: (0.39, 0.587), S: (0.24, 0.056)] cavity=[P: (0.365, 0.57), S: (0.29, 0.09)] water_z=100 sprite_z=100
BATHROOM_WORLD|bathtub water is a soft contained basin layer: OK roles=["fill"] alpha=0.240
BATHROOM_WORLD|filled Day One bathtub reuses the true-swimming bunny: OK
BATHROOM_WORLD|no bathtub-like foreground occluders: OK
BATHROOM_WORLD|free-roaming controls disabled: OK
BATHROOM_WORLD|bubble_bath authored lanes stay in stage and clear fixture bodies: OK
BATHROOM_WORLD|bubble_bath item approaches resolve onto authored lanes: OK
BATHROOM_WORLD|bubble_bath navigation snapshot carries atlas source geometry: OK
BATHROOM_WORLD|live bathtub hotspot starts an approach: OK
BATHROOM_WORLD|bathtub action waits while Roshan approaches: OK
Loading resource: res://assets/audio/castle/bubble_water.ogg remapped: res://assets/audio/castle/bubble_water.ogg
Loading resource: res://.godot/imported/bubble_water.ogg-ee3f4eef880d6b30ffffadb787eb4f44.oggvorbisstr remapped: res://.godot/imported/bubble_water.ogg-ee3f4eef880d6b30ffffadb787eb4f44.oggvorbisstr
Completed load for: 'res://assets/audio/castle/bubble_water.ogg' remapped 'res://assets/audio/castle/bubble_water.ogg' at thread -1
BATHROOM_WORLD|every bathtub interpolation sample stays on clear authored floor: OK
BATHROOM_WORLD|bathtub action begins only at its approach socket: OK
BATHROOM_WORLD|a new real floor tap cancels the queued bathtub action: OK
BATHROOM_WORLD|touch drag release over bathtub requests its shared approach: OK
Loading resource: res://assets/audio/castle/bubble_water.ogg remapped: res://assets/audio/castle/bubble_water.ogg
Loading resource: res://.godot/imported/bubble_water.ogg-ee3f4eef880d6b30ffffadb787eb4f44.oggvorbisstr remapped: res://.godot/imported/bubble_water.ogg-ee3f4eef880d6b30ffffadb787eb4f44.oggvorbisstr
Completed load for: 'res://assets/audio/castle/bubble_water.ogg' remapped 'res://assets/audio/castle/bubble_water.ogg' at thread -1
BATHROOM_WORLD|dragged bathtub action waits for clear path arrival: OK
Loading resource: res://assets/flats/castle/rooms/room_library_background.png remapped: res://assets/flats/castle/rooms/room_library_background.png
Loading resource: res://.godot/imported/room_library_background.png-8339b468ab0bedc26e45d79fa6ece9c6.ctex remapped: res://.godot/imported/room_library_background.png-8339b468ab0bedc26e45d79fa6ece9c6.ctex
Completed load for: 'res://assets/flats/castle/rooms/room_library_background.png' remapped 'res://assets/flats/castle/rooms/room_library_background.png' at thread -1
Loading resource: res://assets/flats/castle/interactions_v4/background_tiles/room_library_background_r0_c0.png remapped: res://assets/flats/castle/interactions_v4/background_tiles/room_library_background_r0_c0.png
Loading resource: res://.godot/imported/room_library_background_r0_c0.png-43fa43bee9c98dd50bc985582d0ea844.ctex remapped: res://.godot/imported/room_library_background_r0_c0.png-43fa43bee9c98dd50bc985582d0ea844.ctex
Completed load for: 'res://assets/flats/castle/interactions_v4/background_tiles/room_library_background_r0_c0.png' remapped 'res://assets/flats/castle/interactions_v4/background_tiles/room_library_background_r0_c0.png' at thread -1
Loading resource: res://assets/flats/castle/interactions_v4/background_tiles/room_library_background_r0_c1.png remapped: res://assets/flats/castle/interactions_v4/background_tiles/room_library_background_r0_c1.png
Loading resource: res://.godot/imported/room_library_background_r0_c1.png-91bc42e02b8f98055d0fd056e387cf79.ctex remapped: res://.godot/imported/room_library_background_r0_c1.png-91bc42e02b8f98055d0fd056e387cf79.ctex
Completed load for: 'res://assets/flats/castle/interactions_v4/background_tiles/room_library_background_r0_c1.png' remapped 'res://assets/flats/castle/interactions_v4/background_tiles/room_library_background_r0_c1.png' at thread -1
Loading resource: res://assets/flats/castle/interactions_v4/background_tiles/room_library_background_r0_c2.png remapped: res://assets/flats/castle/interactions_v4/background_tiles/room_library_background_r0_c2.png
Loading resource: res://.godot/imported/room_library_background_r0_c2.png-1f6b2d7e6fcf331c65bfcf830648a188.ctex remapped: res://.godot/imported/room_library_background_r0_c2.png-1f6b2d7e6fcf331c65bfcf830648a188.ctex
Completed load for: 'res://assets/flats/castle/interactions_v4/background_tiles/room_library_background_r0_c2.png' remapped 'res://assets/flats/castle/interactions_v4/background_tiles/room_library_background_r0_c2.png' at thread -1
Loading resource: res://assets/flats/castle/interactions_v4/background_tiles/room_library_background_r0_c3.png remapped: res://assets/flats/castle/interactions_v4/background_tiles/room_library_background_r0_c3.png
Loading resource: res://.godot/imported/room_library_background_r0_c3.png-4247edc3eeef21dd5dee4e73e8796dc6.ctex remapped: res://.godot/imported/room_library_background_r0_c3.png-4247edc3eeef21dd5dee4e73e8796dc6.ctex
Completed load for: 'res://assets/flats/castle/interactions_v4/background_tiles/room_library_background_r0_c3.png' remapped 'res://assets/flats/castle/interactions_v4/background_tiles/room_library_background_r0_c3.png' at thread -1
Loading resource: res://assets/flats/castle/interactions_v4/background_tiles/room_library_background_r1_c0.png remapped: res://assets/flats/castle/interactions_v4/background_tiles/room_library_background_r1_c0.png
Loading resource: res://.godot/imported/room_library_background_r1_c0.png-e5e1d00e5c6167a373277e9c757374a3.ctex remapped: res://.godot/imported/room_library_background_r1_c0.png-e5e1d00e5c6167a373277e9c757374a3.ctex
Completed load for: 'res://assets/flats/castle/interactions_v4/background_tiles/room_library_background_r1_c0.png' remapped 'res://assets/flats/castle/interactions_v4/background_tiles/room_library_background_r1_c0.png' at thread -1
Loading resource: res://assets/flats/castle/interactions_v4/background_tiles/room_library_background_r1_c1.png remapped: res://assets/flats/castle/interactions_v4/background_tiles/room_library_background_r1_c1.png
Loading resource: res://.godot/imported/room_library_background_r1_c1.png-9bbef8476ff0e7b255cbc3af6a6b1e7f.ctex remapped: res://.godot/imported/room_library_background_r1_c1.png-9bbef8476ff0e7b255cbc3af6a6b1e7f.ctex
Completed load for: 'res://assets/flats/castle/interactions_v4/background_tiles/room_library_background_r1_c1.png' remapped 'res://assets/flats/castle/interactions_v4/background_tiles/room_library_background_r1_c1.png' at thread -1
Loading resource: res://assets/flats/castle/interactions_v4/background_tiles/room_library_background_r1_c2.png remapped: res://assets/flats/castle/interactions_v4/background_tiles/room_library_background_r1_c2.png
Loading resource: res://.godot/imported/room_library_background_r1_c2.png-49b8adc34df2d156d18708e5e13386ba.ctex remapped: res://.godot/imported/room_library_background_r1_c2.png-49b8adc34df2d156d18708e5e13386ba.ctex
Completed load for: 'res://assets/flats/castle/interactions_v4/background_tiles/room_library_background_r1_c2.png' remapped 'res://assets/flats/castle/interactions_v4/background_tiles/room_library_background_r1_c2.png' at thread -1
Loading resource: res://assets/flats/castle/interactions_v4/background_tiles/room_library_background_r1_c3.png remapped: res://assets/flats/castle/interactions_v4/background_tiles/room_library_background_r1_c3.png
Loading resource: res://.godot/imported/room_library_background_r1_c3.png-c720d11d11f8d7689bd873ce60b963eb.ctex remapped: res://.godot/imported/room_library_background_r1_c3.png-c720d11d11f8d7689bd873ce60b963eb.ctex
Completed load for: 'res://assets/flats/castle/interactions_v4/background_tiles/room_library_background_r1_c3.png' remapped 'res://assets/flats/castle/interactions_v4/background_tiles/room_library_background_r1_c3.png' at thread -1
Loading resource: res://assets/flats/castle/rooms/room_library_front_left.png remapped: res://assets/flats/castle/rooms/room_library_front_left.png
Loading resource: res://.godot/imported/room_library_front_left.png-6d5604ff517149ce3dc4d566ddd17cda.ctex remapped: res://.godot/imported/room_library_front_left.png-6d5604ff517149ce3dc4d566ddd17cda.ctex
Completed load for: 'res://assets/flats/castle/rooms/room_library_front_left.png' remapped 'res://assets/flats/castle/rooms/room_library_front_left.png' at thread -1
Loading resource: res://assets/flats/castle/rooms/room_library_front_right.png remapped: res://assets/flats/castle/rooms/room_library_front_right.png
Loading resource: res://.godot/imported/room_library_front_right.png-b48495bf83d8a9fda257afee98811ee2.ctex remapped: res://.godot/imported/room_library_front_right.png-b48495bf83d8a9fda257afee98811ee2.ctex
Completed load for: 'res://assets/flats/castle/rooms/room_library_front_right.png' remapped 'res://assets/flats/castle/rooms/room_library_front_right.png' at thread -1
Loading resource: res://assets/flats/castle/interactions_v2/library_magic_book_sheet.png remapped: res://assets/flats/castle/interactions_v2/library_magic_book_sheet.png
Loading resource: res://.godot/imported/library_magic_book_sheet.png-2ac02cd1c0d8ad251725ea465a21b3f0.ctex remapped: res://.godot/imported/library_magic_book_sheet.png-2ac02cd1c0d8ad251725ea465a21b3f0.ctex
Completed load for: 'res://assets/flats/castle/interactions_v2/library_magic_book_sheet.png' remapped 'res://assets/flats/castle/interactions_v2/library_magic_book_sheet.png' at thread -1
Loading resource: res://assets/flats/castle/interactions_v2/library_pearl_table_sheet.png remapped: res://assets/flats/castle/interactions_v2/library_pearl_table_sheet.png
Loading resource: res://.godot/imported/library_pearl_table_sheet.png-8e5667785f769e9be7541bddad7cde36.ctex remapped: res://.godot/imported/library_pearl_table_sheet.png-8e5667785f769e9be7541bddad7cde36.ctex
Completed load for: 'res://assets/flats/castle/interactions_v2/library_pearl_table_sheet.png' remapped 'res://assets/flats/castle/interactions_v2/library_pearl_table_sheet.png' at thread -1
Loading resource: res://assets/flats/castle/interactions_v2/library_pearl_lamp_sheet.png remapped: res://assets/flats/castle/interactions_v2/library_pearl_lamp_sheet.png
Loading resource: res://.godot/imported/library_pearl_lamp_sheet.png-b2b81fffed3ad5e7976d4a38497e4bb3.ctex remapped: res://.godot/imported/library_pearl_lamp_sheet.png-b2b81fffed3ad5e7976d4a38497e4bb3.ctex
Completed load for: 'res://assets/flats/castle/interactions_v2/library_pearl_lamp_sheet.png' remapped 'res://assets/flats/castle/interactions_v2/library_pearl_lamp_sheet.png' at thread -1
Loading resource: res://assets/flats/castle/interactions_v2/library_book_stack_sheet.png remapped: res://assets/flats/castle/interactions_v2/library_book_stack_sheet.png
Loading resource: res://.godot/imported/library_book_stack_sheet.png-239e7c1293989d0cec7d213c598800d5.ctex remapped: res://.godot/imported/library_book_stack_sheet.png-239e7c1293989d0cec7d213c598800d5.ctex
Completed load for: 'res://assets/flats/castle/interactions_v2/library_book_stack_sheet.png' remapped 'res://assets/flats/castle/interactions_v2/library_book_stack_sheet.png' at thread -1
Loading resource: res://assets/flats/castle/interactions_v4/sheets/library_pearl_lamp_right_sheet.png remapped: res://assets/flats/castle/interactions_v4/sheets/library_pearl_lamp_right_sheet.png
Loading resource: res://.godot/imported/library_pearl_lamp_right_sheet.png-5b3d8d2ce12657ff5741a45ff78e4c27.ctex remapped: res://.godot/imported/library_pearl_lamp_right_sheet.png-5b3d8d2ce12657ff5741a45ff78e4c27.ctex
Completed load for: 'res://assets/flats/castle/interactions_v4/sheets/library_pearl_lamp_right_sheet.png' remapped 'res://assets/flats/castle/interactions_v4/sheets/library_pearl_lamp_right_sheet.png' at thread -1
Loading resource: res://assets/flats/castle/interactions_v4/sheets/library_ceiling_chandelier_sheet.png remapped: res://assets/flats/castle/interactions_v4/sheets/library_ceiling_chandelier_sheet.png
Loading resource: res://.godot/imported/library_ceiling_chandelier_sheet.png-ac554b6e6531a2b472b4c676d386d9e5.ctex remapped: res://.godot/imported/library_ceiling_chandelier_sheet.png-ac554b6e6531a2b472b4c676d386d9e5.ctex
Completed load for: 'res://assets/flats/castle/interactions_v4/sheets/library_ceiling_chandelier_sheet.png' remapped 'res://assets/flats/castle/interactions_v4/sheets/library_ceiling_chandelier_sheet.png' at thread -1
BATHROOM_WORLD|library authored lanes stay in stage and clear fixture bodies: OK
BATHROOM_WORLD|library item approaches resolve onto authored lanes: OK
BATHROOM_WORLD|library navigation snapshot carries atlas source geometry: OK
Loading resource: res://assets/flats/castle/rooms/room_playroom_background.png remapped: res://assets/flats/castle/rooms/room_playroom_background.png
Loading resource: res://.godot/imported/room_playroom_background.png-b586153f1a03a101c3278eb73156c759.ctex remapped: res://.godot/imported/room_playroom_background.png-b586153f1a03a101c3278eb73156c759.ctex
Completed load for: 'res://assets/flats/castle/rooms/room_playroom_background.png' remapped 'res://assets/flats/castle/rooms/room_playroom_background.png' at thread -1
Loading resource: res://assets/flats/castle/interactions_v4/background_tiles/room_playroom_background_r0_c0.png remapped: res://assets/flats/castle/interactions_v4/background_tiles/room_playroom_background_r0_c0.png
Loading resource: res://.godot/imported/room_playroom_background_r0_c0.png-c35fd600686cc10b365dde30a5f6830f.ctex remapped: res://.godot/imported/room_playroom_background_r0_c0.png-c35fd600686cc10b365dde30a5f6830f.ctex
Completed load for: 'res://assets/flats/castle/interactions_v4/background_tiles/room_playroom_background_r0_c0.png' remapped 'res://assets/flats/castle/interactions_v4/background_tiles/room_playroom_background_r0_c0.png' at thread -1
Loading resource: res://assets/flats/castle/interactions_v4/background_tiles/room_playroom_background_r0_c1.png remapped: res://assets/flats/castle/interactions_v4/background_tiles/room_playroom_background_r0_c1.png
Loading resource: res://.godot/imported/room_playroom_background_r0_c1.png-ed64170724eb6a9d48d574358aba8763.ctex remapped: res://.godot/imported/room_playroom_background_r0_c1.png-ed64170724eb6a9d48d574358aba8763.ctex
Completed load for: 'res://assets/flats/castle/interactions_v4/background_tiles/room_playroom_background_r0_c1.png' remapped 'res://assets/flats/castle/interactions_v4/background_tiles/room_playroom_background_r0_c1.png' at thread -1
Loading resource: res://assets/flats/castle/interactions_v4/background_tiles/room_playroom_background_r0_c2.png remapped: res://assets/flats/castle/interactions_v4/background_tiles/room_playroom_background_r0_c2.png
Loading resource: res://.godot/imported/room_playroom_background_r0_c2.png-1f7389a3b48aedfd5908a861a77c36d7.ctex remapped: res://.godot/imported/room_playroom_background_r0_c2.png-1f7389a3b48aedfd5908a861a77c36d7.ctex
Completed load for: 'res://assets/flats/castle/interactions_v4/background_tiles/room_playroom_background_r0_c2.png' remapped 'res://assets/flats/castle/interactions_v4/background_tiles/room_playroom_background_r0_c2.png' at thread -1
Loading resource: res://assets/flats/castle/interactions_v4/background_tiles/room_playroom_background_r0_c3.png remapped: res://assets/flats/castle/interactions_v4/background_tiles/room_playroom_background_r0_c3.png
Loading resource: res://.godot/imported/room_playroom_background_r0_c3.png-55f85b433354fe39a84ca307ca269446.ctex remapped: res://.godot/imported/room_playroom_background_r0_c3.png-55f85b433354fe39a84ca307ca269446.ctex
Completed load for: 'res://assets/flats/castle/interactions_v4/background_tiles/room_playroom_background_r0_c3.png' remapped 'res://assets/flats/castle/interactions_v4/background_tiles/room_playroom_background_r0_c3.png' at thread -1
Loading resource: res://assets/flats/castle/interactions_v4/background_tiles/room_playroom_background_r1_c0.png remapped: res://assets/flats/castle/interactions_v4/background_tiles/room_playroom_background_r1_c0.png
Loading resource: res://.godot/imported/room_playroom_background_r1_c0.png-596892c72ca4d7d72639af98417906ef.ctex remapped: res://.godot/imported/room_playroom_background_r1_c0.png-596892c72ca4d7d72639af98417906ef.ctex
Completed load for: 'res://assets/flats/castle/interactions_v4/background_tiles/room_playroom_background_r1_c0.png' remapped 'res://assets/flats/castle/interactions_v4/background_tiles/room_playroom_background_r1_c0.png' at thread -1
Loading resource: res://assets/flats/castle/interactions_v4/background_tiles/room_playroom_background_r1_c1.png remapped: res://assets/flats/castle/interactions_v4/background_tiles/room_playroom_background_r1_c1.png
Loading resource: res://.godot/imported/room_playroom_background_r1_c1.png-ba17d03d3f819565ecc328e7b0d29bad.ctex remapped: res://.godot/imported/room_playroom_background_r1_c1.png-ba17d03d3f819565ecc328e7b0d29bad.ctex
Completed load for: 'res://assets/flats/castle/interactions_v4/background_tiles/room_playroom_background_r1_c1.png' remapped 'res://assets/flats/castle/interactions_v4/background_tiles/room_playroom_background_r1_c1.png' at thread -1
Loading resource: res://assets/flats/castle/interactions_v4/background_tiles/room_playroom_background_r1_c2.png remapped: res://assets/flats/castle/interactions_v4/background_tiles/room_playroom_background_r1_c2.png
Loading resource: res://.godot/imported/room_playroom_background_r1_c2.png-2b40e389e3ca289a3053b0312956327e.ctex remapped: res://.godot/imported/room_playroom_background_r1_c2.png-2b40e389e3ca289a3053b0312956327e.ctex
Completed load for: 'res://assets/flats/castle/interactions_v4/background_tiles/room_playroom_background_r1_c2.png' remapped 'res://assets/flats/castle/interactions_v4/background_tiles/room_playroom_background_r1_c2.png' at thread -1
Loading resource: res://assets/flats/castle/interactions_v4/background_tiles/room_playroom_background_r1_c3.png remapped: res://assets/flats/castle/interactions_v4/background_tiles/room_playroom_background_r1_c3.png
Loading resource: res://.godot/imported/room_playroom_background_r1_c3.png-646e4373f283f469c5cd0fd45d404ef9.ctex remapped: res://.godot/imported/room_playroom_background_r1_c3.png-646e4373f283f469c5cd0fd45d404ef9.ctex
Completed load for: 'res://assets/flats/castle/interactions_v4/background_tiles/room_playroom_background_r1_c3.png' remapped 'res://assets/flats/castle/interactions_v4/background_tiles/room_playroom_background_r1_c3.png' at thread -1
Loading resource: res://assets/flats/castle/rooms/room_playroom_front_left.png remapped: res://assets/flats/castle/rooms/room_playroom_front_left.png
Loading resource: res://.godot/imported/room_playroom_front_left.png-491d4ce0f1bef961916912b23cc9bbc9.ctex remapped: res://.godot/imported/room_playroom_front_left.png-491d4ce0f1bef961916912b23cc9bbc9.ctex
Completed load for: 'res://assets/flats/castle/rooms/room_playroom_front_left.png' remapped 'res://assets/flats/castle/rooms/room_playroom_front_left.png' at thread -1
Loading resource: res://assets/flats/castle/rooms/room_playroom_front_right.png remapped: res://assets/flats/castle/rooms/room_playroom_front_right.png
Loading resource: res://.godot/imported/room_playroom_front_right.png-bcb20fdd5a41d23dbbea93aa5217c8a4.ctex remapped: res://.godot/imported/room_playroom_front_right.png-bcb20fdd5a41d23dbbea93aa5217c8a4.ctex
Completed load for: 'res://assets/flats/castle/rooms/room_playroom_front_right.png' remapped 'res://assets/flats/castle/rooms/room_playroom_front_right.png' at thread -1
Loading resource: res://assets/flats/castle/interactions_v2/playroom_stuffie_nook_sheet.png remapped: res://assets/flats/castle/interactions_v2/playroom_stuffie_nook_sheet.png
Loading resource: res://.godot/imported/playroom_stuffie_nook_sheet.png-f0bd19e07574e7ca0a5d6903b44654f2.ctex remapped: res://.godot/imported/playroom_stuffie_nook_sheet.png-f0bd19e07574e7ca0a5d6903b44654f2.ctex
Completed load for: 'res://assets/flats/castle/interactions_v2/playroom_stuffie_nook_sheet.png' remapped 'res://assets/flats/castle/interactions_v2/playroom_stuffie_nook_sheet.png' at thread -1
Loading resource: res://assets/flats/castle/interactions_v2/playroom_stacking_toy_sheet.png remapped: res://assets/flats/castle/interactions_v2/playroom_stacking_toy_sheet.png
Loading resource: res://.godot/imported/playroom_stacking_toy_sheet.png-c656e9cd8ddd007b51ff11c502f1333c.ctex remapped: res://.godot/imported/playroom_stacking_toy_sheet.png-c656e9cd8ddd007b51ff11c502f1333c.ctex
Completed load for: 'res://assets/flats/castle/interactions_v2/playroom_stacking_toy_sheet.png' remapped 'res://assets/flats/castle/interactions_v2/playroom_stacking_toy_sheet.png' at thread -1
Loading resource: res://assets/flats/castle/interactions_v2/playroom_blocks_sheet.png remapped: res://assets/flats/castle/interactions_v2/playroom_blocks_sheet.png
Loading resource: res://.godot/imported/playroom_blocks_sheet.png-aa5d633a0f61d03e74c6c55cb505f607.ctex remapped: res://.godot/imported/playroom_blocks_sheet.png-aa5d633a0f61d03e74c6c55cb505f607.ctex
Completed load for: 'res://assets/flats/castle/interactions_v2/playroom_blocks_sheet.png' remapped 'res://assets/flats/castle/interactions_v2/playroom_blocks_sheet.png' at thread -1
Loading resource: res://assets/flats/castle/interactions_v2/playroom_play_tent_sheet.png remapped: res://assets/flats/castle/interactions_v2/playroom_play_tent_sheet.png
Loading resource: res://.godot/imported/playroom_play_tent_sheet.png-8ca7a3a7730ff8860a338fb94f3c25b6.ctex remapped: res://.godot/imported/playroom_play_tent_sheet.png-8ca7a3a7730ff8860a338fb94f3c25b6.ctex
Completed load for: 'res://assets/flats/castle/interactions_v2/playroom_play_tent_sheet.png' remapped 'res://assets/flats/castle/interactions_v2/playroom_play_tent_sheet.png' at thread -1
Loading resource: res://assets/characters/companions/baby_eagle.png remapped: res://assets/characters/companions/baby_eagle.png
Loading resource: res://.godot/imported/baby_eagle.png-69b231a455bd50c92dac4162828ca74e.ctex remapped: res://.godot/imported/baby_eagle.png-69b231a455bd50c92dac4162828ca74e.ctex
Completed load for: 'res://assets/characters/companions/baby_eagle.png' remapped 'res://assets/characters/companions/baby_eagle.png' at thread -1
Loading resource: res://assets/mg/star.png remapped: res://assets/mg/star.png
Loading resource: res://.godot/imported/star.png-1ace39e5e78163d69a00f99178f71a70.ctex remapped: res://.godot/imported/star.png-1ace39e5e78163d69a00f99178f71a70.ctex
Completed load for: 'res://assets/mg/star.png' remapped 'res://assets/mg/star.png' at thread -1
Loading resource: res://assets/castle/dirty_cleanup_2d/critters/dust_bunnies/dust_bunny_hop.png remapped: res://assets/castle/dirty_cleanup_2d/critters/dust_bunnies/dust_bunny_hop.png
Loading resource: res://.godot/imported/dust_bunny_hop.png-d26671e85672800c1f0ef151b6c2eb80.ctex remapped: res://.godot/imported/dust_bunny_hop.png-d26671e85672800c1f0ef151b6c2eb80.ctex
Completed load for: 'res://assets/castle/dirty_cleanup_2d/critters/dust_bunnies/dust_bunny_hop.png' remapped 'res://assets/castle/dirty_cleanup_2d/critters/dust_bunnies/dust_bunny_hop.png' at thread -1
Loading resource: res://assets/flats/castle/interactions_v4/sheets/playroom_shelf_sailboat_sheet.png remapped: res://assets/flats/castle/interactions_v4/sheets/playroom_shelf_sailboat_sheet.png
Loading resource: res://.godot/imported/playroom_shelf_sailboat_sheet.png-9ddc78e8303d411c19a40d2c0ad88373.ctex remapped: res://.godot/imported/playroom_shelf_sailboat_sheet.png-9ddc78e8303d411c19a40d2c0ad88373.ctex
Completed load for: 'res://assets/flats/castle/interactions_v4/sheets/playroom_shelf_sailboat_sheet.png' remapped 'res://assets/flats/castle/interactions_v4/sheets/playroom_shelf_sailboat_sheet.png' at thread -1
BATHROOM_WORLD|playroom authored lanes stay in stage and clear fixture bodies: OK
BATHROOM_WORLD|playroom item approaches resolve onto authored lanes: OK
BATHROOM_WORLD|playroom navigation snapshot carries atlas source geometry: OK
Loading resource: res://assets/flats/castle/rooms/room_family_gallery_background.png remapped: res://assets/flats/castle/rooms/room_family_gallery_background.png
Loading resource: res://.godot/imported/room_family_gallery_background.png-6e77f86c9f194aaa1b0e04fc0f5d1fb9.ctex remapped: res://.godot/imported/room_family_gallery_background.png-6e77f86c9f194aaa1b0e04fc0f5d1fb9.ctex
Completed load for: 'res://assets/flats/castle/rooms/room_family_gallery_background.png' remapped 'res://assets/flats/castle/rooms/room_family_gallery_background.png' at thread -1
Loading resource: res://assets/flats/castle/rooms/background_tiles/room_family_gallery_background_r0_c0.png remapped: res://assets/flats/castle/rooms/background_tiles/room_family_gallery_background_r0_c0.png
Loading resource: res://.godot/imported/room_family_gallery_background_r0_c0.png-a1615e946639a366463cd74927b03cdb.ctex remapped: res://.godot/imported/room_family_gallery_background_r0_c0.png-a1615e946639a366463cd74927b03cdb.ctex
Completed load for: 'res://assets/flats/castle/rooms/background_tiles/room_family_gallery_background_r0_c0.png' remapped 'res://assets/flats/castle/rooms/background_tiles/room_family_gallery_background_r0_c0.png' at thread -1
Loading resource: res://assets/flats/castle/rooms/background_tiles/room_family_gallery_background_r0_c1.png remapped: res://assets/flats/castle/rooms/background_tiles/room_family_gallery_background_r0_c1.png
Loading resource: res://.godot/imported/room_family_gallery_background_r0_c1.png-6019a46d8eeff4bdbcad18892214f837.ctex remapped: res://.godot/imported/room_family_gallery_background_r0_c1.png-6019a46d8eeff4bdbcad18892214f837.ctex
Completed load for: 'res://assets/flats/castle/rooms/background_tiles/room_family_gallery_background_r0_c1.png' remapped 'res://assets/flats/castle/rooms/background_tiles/room_family_gallery_background_r0_c1.png' at thread -1
Loading resource: res://assets/flats/castle/rooms/background_tiles/room_family_gallery_background_r1_c0.png remapped: res://assets/flats/castle/rooms/background_tiles/room_family_gallery_background_r1_c0.png
Loading resource: res://.godot/imported/room_family_gallery_background_r1_c0.png-c74f707e7f7e7d2bdce3cbd7af4b6138.ctex remapped: res://.godot/imported/room_family_gallery_background_r1_c0.png-c74f707e7f7e7d2bdce3cbd7af4b6138.ctex
Completed load for: 'res://assets/flats/castle/rooms/background_tiles/room_family_gallery_background_r1_c0.png' remapped 'res://assets/flats/castle/rooms/background_tiles/room_family_gallery_background_r1_c0.png' at thread -1
Loading resource: res://assets/flats/castle/rooms/background_tiles/room_family_gallery_background_r1_c1.png remapped: res://assets/flats/castle/rooms/background_tiles/room_family_gallery_background_r1_c1.png
Loading resource: res://.godot/imported/room_family_gallery_background_r1_c1.png-429542eb6dc3c341a598b90916230024.ctex remapped: res://.godot/imported/room_family_gallery_background_r1_c1.png-429542eb6dc3c341a598b90916230024.ctex
Completed load for: 'res://assets/flats/castle/rooms/background_tiles/room_family_gallery_background_r1_c1.png' remapped 'res://assets/flats/castle/rooms/background_tiles/room_family_gallery_background_r1_c1.png' at thread -1
Loading resource: res://assets/flats/castle/dream_house/family_portal_dining.png remapped: res://assets/flats/castle/dream_house/family_portal_dining.png
Loading resource: res://.godot/imported/family_portal_dining.png-b38a3e89e4555cdb8f67e6b5c6f1819f.ctex remapped: res://.godot/imported/family_portal_dining.png-b38a3e89e4555cdb8f67e6b5c6f1819f.ctex
Completed load for: 'res://assets/flats/castle/dream_house/family_portal_dining.png' remapped 'res://assets/flats/castle/dream_house/family_portal_dining.png' at thread -1
Loading resource: res://assets/flats/castle/dream_house/family_portal_royal_bedroom.png remapped: res://assets/flats/castle/dream_house/family_portal_royal_bedroom.png
Loading resource: res://.godot/imported/family_portal_royal_bedroom.png-58fb92f4a537c2d7bf49c21343e9b783.ctex remapped: res://.godot/imported/family_portal_royal_bedroom.png-58fb92f4a537c2d7bf49c21343e9b783.ctex
Completed load for: 'res://assets/flats/castle/dream_house/family_portal_royal_bedroom.png' remapped 'res://assets/flats/castle/dream_house/family_portal_royal_bedroom.png' at thread -1
Loading resource: res://assets/flats/castle/dream_house/family_portal_sleepover_bedroom.png remapped: res://assets/flats/castle/dream_house/family_portal_sleepover_bedroom.png
Loading resource: res://.godot/imported/family_portal_sleepover_bedroom.png-9ef9bd04bc9ae47098d6275ead5590e9.ctex remapped: res://.godot/imported/family_portal_sleepover_bedroom.png-9ef9bd04bc9ae47098d6275ead5590e9.ctex
Completed load for: 'res://assets/flats/castle/dream_house/family_portal_sleepover_bedroom.png' remapped 'res://assets/flats/castle/dream_house/family_portal_sleepover_bedroom.png' at thread -1
Loading resource: res://assets/flats/castle/dream_house/family_portal_movie_lounge.png remapped: res://assets/flats/castle/dream_house/family_portal_movie_lounge.png
Loading resource: res://.godot/imported/family_portal_movie_lounge.png-db3acdb4877a979ad5f2984574be635c.ctex remapped: res://.godot/imported/family_portal_movie_lounge.png-db3acdb4877a979ad5f2984574be635c.ctex
Completed load for: 'res://assets/flats/castle/dream_house/family_portal_movie_lounge.png' remapped 'res://assets/flats/castle/dream_house/family_portal_movie_lounge.png' at thread -1
BATHROOM_WORLD|drag release over an in-room physical door waits for arrival: OK
Loading resource: res://assets/audio/castle/curtain_swish.ogg remapped: res://assets/audio/castle/curtain_swish.ogg
Loading resource: res://.godot/imported/curtain_swish.ogg-7d183376a2c358ec7c1d9f2be3fbe8ee.oggvorbisstr remapped: res://.godot/imported/curtain_swish.ogg-7d183376a2c358ec7c1d9f2be3fbe8ee.oggvorbisstr
Completed load for: 'res://assets/audio/castle/curtain_swish.ogg' remapped 'res://assets/audio/castle/curtain_swish.ogg' at thread -1
Loading resource: res://assets/mg/star.png remapped: res://assets/mg/star.png
Loading resource: res://.godot/imported/star.png-1ace39e5e78163d69a00f99178f71a70.ctex remapped: res://.godot/imported/star.png-1ace39e5e78163d69a00f99178f71a70.ctex
Completed load for: 'res://assets/mg/star.png' remapped 'res://assets/mg/star.png' at thread -1
Loading resource: res://assets/flats/castle/rooms/room_dining_room_background.png remapped: res://assets/flats/castle/rooms/room_dining_room_background.png
Loading resource: res://.godot/imported/room_dining_room_background.png-edb8e9ed883526ad1c9ad174ba720dbc.ctex remapped: res://.godot/imported/room_dining_room_background.png-edb8e9ed883526ad1c9ad174ba720dbc.ctex
Completed load for: 'res://assets/flats/castle/rooms/room_dining_room_background.png' remapped 'res://assets/flats/castle/rooms/room_dining_room_background.png' at thread -1
Loading resource: res://assets/flats/castle/rooms/background_tiles/room_dining_room_background_r0_c0.png remapped: res://assets/flats/castle/rooms/background_tiles/room_dining_room_background_r0_c0.png
Loading resource: res://.godot/imported/room_dining_room_background_r0_c0.png-dbc4cdb8b9d284604705f72b9ae9004e.ctex remapped: res://.godot/imported/room_dining_room_background_r0_c0.png-dbc4cdb8b9d284604705f72b9ae9004e.ctex
Completed load for: 'res://assets/flats/castle/rooms/background_tiles/room_dining_room_background_r0_c0.png' remapped 'res://assets/flats/castle/rooms/background_tiles/room_dining_room_background_r0_c0.png' at thread -1
Loading resource: res://assets/flats/castle/rooms/background_tiles/room_dining_room_background_r0_c1.png remapped: res://assets/flats/castle/rooms/background_tiles/room_dining_room_background_r0_c1.png
Loading resource: res://.godot/imported/room_dining_room_background_r0_c1.png-84cc468cd678b8e3bebedd6278f2be3f.ctex remapped: res://.godot/imported/room_dining_room_background_r0_c1.png-84cc468cd678b8e3bebedd6278f2be3f.ctex
Completed load for: 'res://assets/flats/castle/rooms/background_tiles/room_dining_room_background_r0_c1.png' remapped 'res://assets/flats/castle/rooms/background_tiles/room_dining_room_background_r0_c1.png' at thread -1
Loading resource: res://assets/flats/castle/rooms/background_tiles/room_dining_room_background_r1_c0.png remapped: res://assets/flats/castle/rooms/background_tiles/room_dining_room_background_r1_c0.png
Loading resource: res://.godot/imported/room_dining_room_background_r1_c0.png-20580598e1d214b22c8316b0bc930d62.ctex remapped: res://.godot/imported/room_dining_room_background_r1_c0.png-20580598e1d214b22c8316b0bc930d62.ctex
Completed load for: 'res://assets/flats/castle/rooms/background_tiles/room_dining_room_background_r1_c0.png' remapped 'res://assets/flats/castle/rooms/background_tiles/room_dining_room_background_r1_c0.png' at thread -1
Loading resource: res://assets/flats/castle/rooms/background_tiles/room_dining_room_background_r1_c1.png remapped: res://assets/flats/castle/rooms/background_tiles/room_dining_room_background_r1_c1.png
Loading resource: res://.godot/imported/room_dining_room_background_r1_c1.png-ae566e69267c33c826f2f7de3d3707e5.ctex remapped: res://.godot/imported/room_dining_room_background_r1_c1.png-ae566e69267c33c826f2f7de3d3707e5.ctex
Completed load for: 'res://assets/flats/castle/rooms/background_tiles/room_dining_room_background_r1_c1.png' remapped 'res://assets/flats/castle/rooms/background_tiles/room_dining_room_background_r1_c1.png' at thread -1
Loading resource: res://assets/flats/castle/dream_house/dining_table.png remapped: res://assets/flats/castle/dream_house/dining_table.png
Loading resource: res://.godot/imported/dining_table.png-1adcb52d35ada4eaad348863d3c4ed14.ctex remapped: res://.godot/imported/dining_table.png-1adcb52d35ada4eaad348863d3c4ed14.ctex
Completed load for: 'res://assets/flats/castle/dream_house/dining_table.png' remapped 'res://assets/flats/castle/dream_house/dining_table.png' at thread -1
Loading resource: res://assets/flats/castle/dream_house/provisions_hutch.png remapped: res://assets/flats/castle/dream_house/provisions_hutch.png
Loading resource: res://.godot/imported/provisions_hutch.png-3e2d29da6a80a7224f54da527f4e1319.ctex remapped: res://.godot/imported/provisions_hutch.png-3e2d29da6a80a7224f54da527f4e1319.ctex
Completed load for: 'res://assets/flats/castle/dream_house/provisions_hutch.png' remapped 'res://assets/flats/castle/dream_house/provisions_hutch.png' at thread -1
Loading resource: res://assets/flats/castle/dream_house/dining_seat.png remapped: res://assets/flats/castle/dream_house/dining_seat.png
Loading resource: res://.godot/imported/dining_seat.png-47ca0bab5491f4296df1f2e4ed35438c.ctex remapped: res://.godot/imported/dining_seat.png-47ca0bab5491f4296df1f2e4ed35438c.ctex
Completed load for: 'res://assets/flats/castle/dream_house/dining_seat.png' remapped 'res://assets/flats/castle/dream_house/dining_seat.png' at thread -1
Loading resource: res://assets/flats/castle/dream_house/shell_chandelier.png remapped: res://assets/flats/castle/dream_house/shell_chandelier.png
Loading resource: res://.godot/imported/shell_chandelier.png-5160f8e895294f244dcdf4a88f604e3d.ctex remapped: res://.godot/imported/shell_chandelier.png-5160f8e895294f244dcdf4a88f604e3d.ctex
Completed load for: 'res://assets/flats/castle/dream_house/shell_chandelier.png' remapped 'res://assets/flats/castle/dream_house/shell_chandelier.png' at thread -1
Loading resource: res://assets/flats/castle/dream_house/meal_plate.png remapped: res://assets/flats/castle/dream_house/meal_plate.png
Loading resource: res://.godot/imported/meal_plate.png-2e4fe857c7a7fcf88cb60488e4c3c534.ctex remapped: res://.godot/imported/meal_plate.png-2e4fe857c7a7fcf88cb60488e4c3c534.ctex
Completed load for: 'res://assets/flats/castle/dream_house/meal_plate.png' remapped 'res://assets/flats/castle/dream_house/meal_plate.png' at thread -1
Loading resource: res://assets/audio/ui_tap.ogg remapped: res://assets/audio/ui_tap.ogg
Loading resource: res://.godot/imported/ui_tap.ogg-69c2ac5ecadd43b76c4c4a8a3018f9bd.oggvorbisstr remapped: res://.godot/imported/ui_tap.ogg-69c2ac5ecadd43b76c4c4a8a3018f9bd.oggvorbisstr
Completed load for: 'res://assets/audio/ui_tap.ogg' remapped 'res://assets/audio/ui_tap.ogg' at thread -1
Loading resource: res://assets/audio/voices/filler_v1/roshan_castle_dining_enter.ogg remapped: res://assets/audio/voices/filler_v1/roshan_castle_dining_enter.ogg
Loading resource: res://.godot/imported/roshan_castle_dining_enter.ogg-431de9499b64ac2d146b2c76bd20eeec.oggvorbisstr remapped: res://.godot/imported/roshan_castle_dining_enter.ogg-431de9499b64ac2d146b2c76bd20eeec.oggvorbisstr
Completed load for: 'res://assets/audio/voices/filler_v1/roshan_castle_dining_enter.ogg' remapped 'res://assets/audio/voices/filler_v1/roshan_castle_dining_enter.ogg' at thread -1
BATHROOM_WORLD|dragged in-room door follows its lane before changing rooms: OK
Loading resource: res://assets/flats/castle/main_hall_redraw_2026-08-03/signs/sign_family_gallery.png remapped: res://assets/flats/castle/main_hall_redraw_2026-08-03/signs/sign_family_gallery.png
Loading resource: res://.godot/imported/sign_family_gallery.png-e7ee500339f674adaf7a73d1dae24a69.s3tc.ctex remapped: res://.godot/imported/sign_family_gallery.png-e7ee500339f674adaf7a73d1dae24a69.s3tc.ctex
Completed load for: 'res://assets/flats/castle/main_hall_redraw_2026-08-03/signs/sign_family_gallery.png' remapped 'res://assets/flats/castle/main_hall_redraw_2026-08-03/signs/sign_family_gallery.png' at thread -1
Loading resource: res://assets/flats/castle/main_hall_redraw_2026-08-03/signs/sign_opera_hall.png remapped: res://assets/flats/castle/main_hall_redraw_2026-08-03/signs/sign_opera_hall.png
Loading resource: res://.godot/imported/sign_opera_hall.png-a4b287106d9bd0679eb397578c16ff29.s3tc.ctex remapped: res://.godot/imported/sign_opera_hall.png-a4b287106d9bd0679eb397578c16ff29.s3tc.ctex
Completed load for: 'res://assets/flats/castle/main_hall_redraw_2026-08-03/signs/sign_opera_hall.png' remapped 'res://assets/flats/castle/main_hall_redraw_2026-08-03/signs/sign_opera_hall.png' at thread -1
Loading resource: res://assets/flats/castle/main_hall_redraw_2026-08-03/signs/sign_library.png remapped: res://assets/flats/castle/main_hall_redraw_2026-08-03/signs/sign_library.png
Loading resource: res://.godot/imported/sign_library.png-a27c007a8259e3e833168f7709cc48f8.s3tc.ctex remapped: res://.godot/imported/sign_library.png-a27c007a8259e3e833168f7709cc48f8.s3tc.ctex
Completed load for: 'res://assets/flats/castle/main_hall_redraw_2026-08-03/signs/sign_library.png' remapped 'res://assets/flats/castle/main_hall_redraw_2026-08-03/signs/sign_library.png' at thread -1
Loading resource: res://assets/flats/castle/main_hall_redraw_2026-08-03/signs/sign_kitchen.png remapped: res://assets/flats/castle/main_hall_redraw_2026-08-03/signs/sign_kitchen.png
Loading resource: res://.godot/imported/sign_kitchen.png-42721814c95cebd078a073496a7c0960.s3tc.ctex remapped: res://.godot/imported/sign_kitchen.png-42721814c95cebd078a073496a7c0960.s3tc.ctex
Completed load for: 'res://assets/flats/castle/main_hall_redraw_2026-08-03/signs/sign_kitchen.png' remapped 'res://assets/flats/castle/main_hall_redraw_2026-08-03/signs/sign_kitchen.png' at thread -1
Loading resource: res://assets/flats/castle/main_hall_redraw_2026-08-03/signs/sign_playroom.png remapped: res://assets/flats/castle/main_hall_redraw_2026-08-03/signs/sign_playroom.png
Loading resource: res://.godot/imported/sign_playroom.png-da81a9060503bb8755c98fae858b558d.s3tc.ctex remapped: res://.godot/imported/sign_playroom.png-da81a9060503bb8755c98fae858b558d.s3tc.ctex
Completed load for: 'res://assets/flats/castle/main_hall_redraw_2026-08-03/signs/sign_playroom.png' remapped 'res://assets/flats/castle/main_hall_redraw_2026-08-03/signs/sign_playroom.png' at thread -1
Loading resource: res://assets/flats/castle/main_hall_redraw_2026-08-03/signs/sign_craft_room.png remapped: res://assets/flats/castle/main_hall_redraw_2026-08-03/signs/sign_craft_room.png
Loading resource: res://.godot/imported/sign_craft_room.png-ea35ee0f9839d711e795b67a670f4dc4.s3tc.ctex remapped: res://.godot/imported/sign_craft_room.png-ea35ee0f9839d711e795b67a670f4dc4.s3tc.ctex
Completed load for: 'res://assets/flats/castle/main_hall_redraw_2026-08-03/signs/sign_craft_room.png' remapped 'res://assets/flats/castle/main_hall_redraw_2026-08-03/signs/sign_craft_room.png' at thread -1
Loading resource: res://assets/flats/castle/main_hall_redraw_2026-08-03/signs/sign_mermaid_pool.png remapped: res://assets/flats/castle/main_hall_redraw_2026-08-03/signs/sign_mermaid_pool.png
Loading resource: res://.godot/imported/sign_mermaid_pool.png-3542c1dfbd6833a9b64c11081cc2b40f.s3tc.ctex remapped: res://.godot/imported/sign_mermaid_pool.png-3542c1dfbd6833a9b64c11081cc2b40f.s3tc.ctex
Completed load for: 'res://assets/flats/castle/main_hall_redraw_2026-08-03/signs/sign_mermaid_pool.png' remapped 'res://assets/flats/castle/main_hall_redraw_2026-08-03/signs/sign_mermaid_pool.png' at thread -1
Loading resource: res://assets/flats/castle/main_hall_redraw_2026-08-03/signs/sign_bubble_bath.png remapped: res://assets/flats/castle/main_hall_redraw_2026-08-03/signs/sign_bubble_bath.png
Loading resource: res://.godot/imported/sign_bubble_bath.png-0d02ff54824c10bb2df5319842fa0270.s3tc.ctex remapped: res://.godot/imported/sign_bubble_bath.png-0d02ff54824c10bb2df5319842fa0270.s3tc.ctex
Completed load for: 'res://assets/flats/castle/main_hall_redraw_2026-08-03/signs/sign_bubble_bath.png' remapped 'res://assets/flats/castle/main_hall_redraw_2026-08-03/signs/sign_bubble_bath.png' at thread -1
Loading resource: res://assets/sprites/sky_lagoon/sky_lagoon_smoke_wisp_v2.png remapped: res://assets/sprites/sky_lagoon/sky_lagoon_smoke_wisp_v2.png
Loading resource: res://.godot/imported/sky_lagoon_smoke_wisp_v2.png-0ce85fbfadefcb57be3728144f8353d9.ctex remapped: res://.godot/imported/sky_lagoon_smoke_wisp_v2.png-0ce85fbfadefcb57be3728144f8353d9.ctex
Completed load for: 'res://assets/sprites/sky_lagoon/sky_lagoon_smoke_wisp_v2.png' remapped 'res://assets/sprites/sky_lagoon/sky_lagoon_smoke_wisp_v2.png' at thread -1
Loading resource: res://assets/castle/dirty_cleanup_2d/critters/dust_bunnies/dust_bunny_sleepy.png remapped: res://assets/castle/dirty_cleanup_2d/critters/dust_bunnies/dust_bunny_sleepy.png
Loading resource: res://.godot/imported/dust_bunny_sleepy.png-0cd0f1f8e30ffc9e816c5586f9943347.ctex remapped: res://.godot/imported/dust_bunny_sleepy.png-0cd0f1f8e30ffc9e816c5586f9943347.ctex
Completed load for: 'res://assets/castle/dirty_cleanup_2d/critters/dust_bunnies/dust_bunny_sleepy.png' remapped 'res://assets/castle/dirty_cleanup_2d/critters/dust_bunnies/dust_bunny_sleepy.png' at thread -1
Loading resource: res://assets/castle/dirty_cleanup_2d/critters/dust_bunnies/dust_bunny_hop.png remapped: res://assets/castle/dirty_cleanup_2d/critters/dust_bunnies/dust_bunny_hop.png
Loading resource: res://.godot/imported/dust_bunny_hop.png-d26671e85672800c1f0ef151b6c2eb80.ctex remapped: res://.godot/imported/dust_bunny_hop.png-d26671e85672800c1f0ef151b6c2eb80.ctex
Completed load for: 'res://assets/castle/dirty_cleanup_2d/critters/dust_bunnies/dust_bunny_hop.png' remapped 'res://assets/castle/dirty_cleanup_2d/critters/dust_bunnies/dust_bunny_hop.png' at thread -1
BATHROOM_WORLD|press held over a hall door cannot arm or enter it: OK
BATHROOM_WORLD|a foreign touch release cannot steal the owned castle drag: OK
BATHROOM_WORLD|a canceled touch drag clears movement and door intent: OK
BATHROOM_WORLD|drag release on a physical door waits for arrival: OK
Loading resource: res://assets/flats/castle/rooms/room_library_background.png remapped: res://assets/flats/castle/rooms/room_library_background.png
Loading resource: res://.godot/imported/room_library_background.png-8339b468ab0bedc26e45d79fa6ece9c6.ctex remapped: res://.godot/imported/room_library_background.png-8339b468ab0bedc26e45d79fa6ece9c6.ctex
Completed load for: 'res://assets/flats/castle/rooms/room_library_background.png' remapped 'res://assets/flats/castle/rooms/room_library_background.png' at thread -1
Loading resource: res://assets/flats/castle/interactions_v4/background_tiles/room_library_background_r0_c0.png remapped: res://assets/flats/castle/interactions_v4/background_tiles/room_library_background_r0_c0.png
Loading resource: res://.godot/imported/room_library_background_r0_c0.png-43fa43bee9c98dd50bc985582d0ea844.ctex remapped: res://.godot/imported/room_library_background_r0_c0.png-43fa43bee9c98dd50bc985582d0ea844.ctex
Completed load for: 'res://assets/flats/castle/interactions_v4/background_tiles/room_library_background_r0_c0.png' remapped 'res://assets/flats/castle/interactions_v4/background_tiles/room_library_background_r0_c0.png' at thread -1
Loading resource: res://assets/flats/castle/interactions_v4/background_tiles/room_library_background_r0_c1.png remapped: res://assets/flats/castle/interactions_v4/background_tiles/room_library_background_r0_c1.png
Loading resource: res://.godot/imported/room_library_background_r0_c1.png-91bc42e02b8f98055d0fd056e387cf79.ctex remapped: res://.godot/imported/room_library_background_r0_c1.png-91bc42e02b8f98055d0fd056e387cf79.ctex
Completed load for: 'res://assets/flats/castle/interactions_v4/background_tiles/room_library_background_r0_c1.png' remapped 'res://assets/flats/castle/interactions_v4/background_tiles/room_library_background_r0_c1.png' at thread -1
Loading resource: res://assets/flats/castle/interactions_v4/background_tiles/room_library_background_r0_c2.png remapped: res://assets/flats/castle/interactions_v4/background_tiles/room_library_background_r0_c2.png
Loading resource: res://.godot/imported/room_library_background_r0_c2.png-1f6b2d7e6fcf331c65bfcf830648a188.ctex remapped: res://.godot/imported/room_library_background_r0_c2.png-1f6b2d7e6fcf331c65bfcf830648a188.ctex
Completed load for: 'res://assets/flats/castle/interactions_v4/background_tiles/room_library_background_r0_c2.png' remapped 'res://assets/flats/castle/interactions_v4/background_tiles/room_library_background_r0_c2.png' at thread -1
Loading resource: res://assets/flats/castle/interactions_v4/background_tiles/room_library_background_r0_c3.png remapped: res://assets/flats/castle/interactions_v4/background_tiles/room_library_background_r0_c3.png
Loading resource: res://.godot/imported/room_library_background_r0_c3.png-4247edc3eeef21dd5dee4e73e8796dc6.ctex remapped: res://.godot/imported/room_library_background_r0_c3.png-4247edc3eeef21dd5dee4e73e8796dc6.ctex
Completed load for: 'res://assets/flats/castle/interactions_v4/background_tiles/room_library_background_r0_c3.png' remapped 'res://assets/flats/castle/interactions_v4/background_tiles/room_library_background_r0_c3.png' at thread -1
Loading resource: res://assets/flats/castle/interactions_v4/background_tiles/room_library_background_r1_c0.png remapped: res://assets/flats/castle/interactions_v4/background_tiles/room_library_background_r1_c0.png
Loading resource: res://.godot/imported/room_library_background_r1_c0.png-e5e1d00e5c6167a373277e9c757374a3.ctex remapped: res://.godot/imported/room_library_background_r1_c0.png-e5e1d00e5c6167a373277e9c757374a3.ctex
Completed load for: 'res://assets/flats/castle/interactions_v4/background_tiles/room_library_background_r1_c0.png' remapped 'res://assets/flats/castle/interactions_v4/background_tiles/room_library_background_r1_c0.png' at thread -1
Loading resource: res://assets/flats/castle/interactions_v4/background_tiles/room_library_background_r1_c1.png remapped: res://assets/flats/castle/interactions_v4/background_tiles/room_library_background_r1_c1.png
Loading resource: res://.godot/imported/room_library_background_r1_c1.png-9bbef8476ff0e7b255cbc3af6a6b1e7f.ctex remapped: res://.godot/imported/room_library_background_r1_c1.png-9bbef8476ff0e7b255cbc3af6a6b1e7f.ctex
Completed load for: 'res://assets/flats/castle/interactions_v4/background_tiles/room_library_background_r1_c1.png' remapped 'res://assets/flats/castle/interactions_v4/background_tiles/room_library_background_r1_c1.png' at thread -1
Loading resource: res://assets/flats/castle/interactions_v4/background_tiles/room_library_background_r1_c2.png remapped: res://assets/flats/castle/interactions_v4/background_tiles/room_library_background_r1_c2.png
Loading resource: res://.godot/imported/room_library_background_r1_c2.png-49b8adc34df2d156d18708e5e13386ba.ctex remapped: res://.godot/imported/room_library_background_r1_c2.png-49b8adc34df2d156d18708e5e13386ba.ctex
Completed load for: 'res://assets/flats/castle/interactions_v4/background_tiles/room_library_background_r1_c2.png' remapped 'res://assets/flats/castle/interactions_v4/background_tiles/room_library_background_r1_c2.png' at thread -1
Loading resource: res://assets/flats/castle/interactions_v4/background_tiles/room_library_background_r1_c3.png remapped: res://assets/flats/castle/interactions_v4/background_tiles/room_library_background_r1_c3.png
Loading resource: res://.godot/imported/room_library_background_r1_c3.png-c720d11d11f8d7689bd873ce60b963eb.ctex remapped: res://.godot/imported/room_library_background_r1_c3.png-c720d11d11f8d7689bd873ce60b963eb.ctex
Completed load for: 'res://assets/flats/castle/interactions_v4/background_tiles/room_library_background_r1_c3.png' remapped 'res://assets/flats/castle/interactions_v4/background_tiles/room_library_background_r1_c3.png' at thread -1
Loading resource: res://assets/flats/castle/rooms/room_library_front_left.png remapped: res://assets/flats/castle/rooms/room_library_front_left.png
Loading resource: res://.godot/imported/room_library_front_left.png-6d5604ff517149ce3dc4d566ddd17cda.ctex remapped: res://.godot/imported/room_library_front_left.png-6d5604ff517149ce3dc4d566ddd17cda.ctex
Completed load for: 'res://assets/flats/castle/rooms/room_library_front_left.png' remapped 'res://assets/flats/castle/rooms/room_library_front_left.png' at thread -1
Loading resource: res://assets/flats/castle/rooms/room_library_front_right.png remapped: res://assets/flats/castle/rooms/room_library_front_right.png
Loading resource: res://.godot/imported/room_library_front_right.png-b48495bf83d8a9fda257afee98811ee2.ctex remapped: res://.godot/imported/room_library_front_right.png-b48495bf83d8a9fda257afee98811ee2.ctex
Completed load for: 'res://assets/flats/castle/rooms/room_library_front_right.png' remapped 'res://assets/flats/castle/rooms/room_library_front_right.png' at thread -1
Loading resource: res://assets/flats/castle/interactions_v2/library_magic_book_sheet.png remapped: res://assets/flats/castle/interactions_v2/library_magic_book_sheet.png
Loading resource: res://.godot/imported/library_magic_book_sheet.png-2ac02cd1c0d8ad251725ea465a21b3f0.ctex remapped: res://.godot/imported/library_magic_book_sheet.png-2ac02cd1c0d8ad251725ea465a21b3f0.ctex
Completed load for: 'res://assets/flats/castle/interactions_v2/library_magic_book_sheet.png' remapped 'res://assets/flats/castle/interactions_v2/library_magic_book_sheet.png' at thread -1
Loading resource: res://assets/flats/castle/interactions_v2/library_pearl_table_sheet.png remapped: res://assets/flats/castle/interactions_v2/library_pearl_table_sheet.png
Loading resource: res://.godot/imported/library_pearl_table_sheet.png-8e5667785f769e9be7541bddad7cde36.ctex remapped: res://.godot/imported/library_pearl_table_sheet.png-8e5667785f769e9be7541bddad7cde36.ctex
Completed load for: 'res://assets/flats/castle/interactions_v2/library_pearl_table_sheet.png' remapped 'res://assets/flats/castle/interactions_v2/library_pearl_table_sheet.png' at thread -1
Loading resource: res://assets/flats/castle/interactions_v2/library_pearl_lamp_sheet.png remapped: res://assets/flats/castle/interactions_v2/library_pearl_lamp_sheet.png
Loading resource: res://.godot/imported/library_pearl_lamp_sheet.png-b2b81fffed3ad5e7976d4a38497e4bb3.ctex remapped: res://.godot/imported/library_pearl_lamp_sheet.png-b2b81fffed3ad5e7976d4a38497e4bb3.ctex
Completed load for: 'res://assets/flats/castle/interactions_v2/library_pearl_lamp_sheet.png' remapped 'res://assets/flats/castle/interactions_v2/library_pearl_lamp_sheet.png' at thread -1
Loading resource: res://assets/flats/castle/interactions_v2/library_book_stack_sheet.png remapped: res://assets/flats/castle/interactions_v2/library_book_stack_sheet.png
Loading resource: res://.godot/imported/library_book_stack_sheet.png-239e7c1293989d0cec7d213c598800d5.ctex remapped: res://.godot/imported/library_book_stack_sheet.png-239e7c1293989d0cec7d213c598800d5.ctex
Completed load for: 'res://assets/flats/castle/interactions_v2/library_book_stack_sheet.png' remapped 'res://assets/flats/castle/interactions_v2/library_book_stack_sheet.png' at thread -1
Loading resource: res://assets/flats/castle/interactions_v4/sheets/library_pearl_lamp_right_sheet.png remapped: res://assets/flats/castle/interactions_v4/sheets/library_pearl_lamp_right_sheet.png
Loading resource: res://.godot/imported/library_pearl_lamp_right_sheet.png-5b3d8d2ce12657ff5741a45ff78e4c27.ctex remapped: res://.godot/imported/library_pearl_lamp_right_sheet.png-5b3d8d2ce12657ff5741a45ff78e4c27.ctex
Completed load for: 'res://assets/flats/castle/interactions_v4/sheets/library_pearl_lamp_right_sheet.png' remapped 'res://assets/flats/castle/interactions_v4/sheets/library_pearl_lamp_right_sheet.png' at thread -1
Loading resource: res://assets/flats/castle/interactions_v4/sheets/library_ceiling_chandelier_sheet.png remapped: res://assets/flats/castle/interactions_v4/sheets/library_ceiling_chandelier_sheet.png
Loading resource: res://.godot/imported/library_ceiling_chandelier_sheet.png-ac554b6e6531a2b472b4c676d386d9e5.ctex remapped: res://.godot/imported/library_ceiling_chandelier_sheet.png-ac554b6e6531a2b472b4c676d386d9e5.ctex
Completed load for: 'res://assets/flats/castle/interactions_v4/sheets/library_ceiling_chandelier_sheet.png' remapped 'res://assets/flats/castle/interactions_v4/sheets/library_ceiling_chandelier_sheet.png' at thread -1
Loading resource: res://assets/audio/voices/filler_v1/roshan_castle_library_enter.ogg remapped: res://assets/audio/voices/filler_v1/roshan_castle_library_enter.ogg
Loading resource: res://.godot/imported/roshan_castle_library_enter.ogg-c4f83df8bdf042cd5db16101fba882e3.oggvorbisstr remapped: res://.godot/imported/roshan_castle_library_enter.ogg-c4f83df8bdf042cd5db16101fba882e3.oggvorbisstr
Completed load for: 'res://assets/audio/voices/filler_v1/roshan_castle_library_enter.ogg' remapped 'res://assets/audio/voices/filler_v1/roshan_castle_library_enter.ogg' at thread -1
BATHROOM_WORLD|dragged door route samples stay on the hall network: OK
BATHROOM_WORLD|drag release enters the door after Roshan arrives: OK
BATHROOM_WORLD|RESULT: 0 OK
XR: Clearing primary interface
XR: Removed interface "Native mobile"
XR: Removed interface "OpenXR"
