WorkerThreadPool: 12 threads, 3 max low-priority.
Godot Engine v4.7.2.stable.official.ed1daf0bf - https://godotengine.org
TextServer: Added interface "Dummy"
TextServer: Added interface "ICU / HarfBuzz / Graphite (Built-in)"
Using "default" pen tablet driver...

TextServer: Primary interface set to: "ICU / HarfBuzz / Graphite (Built-in)".
Loading resource: res://default_bus_layout.tres remapped: res://default_bus_layout.tres
Completed load for: 'res://default_bus_layout.tres' remapped 'res://default_bus_layout.tres' at thread -1
CORE API HASH: 2004498165
EDITOR API HASH: 1696660745
Loading resource: res://scripts/probe_opera_gesture_quality.gd remapped: res://scripts/probe_opera_gesture_quality.gd
Completed load for: 'res://scripts/probe_opera_gesture_quality.gd' remapped 'res://scripts/probe_opera_gesture_quality.gd' at thread -1
SceneTreeFTI: traversal method DEFAULT
Loading resource: res://assets/opera/worlds/actors/animation/roshan_ballerina_sheet_a.png remapped: res://assets/opera/worlds/actors/animation/roshan_ballerina_sheet_a.png
Loading resource: res://.godot/imported/roshan_ballerina_sheet_a.png-b0d87f40a2b0891d22ccdc910cda3458.ctex remapped: res://.godot/imported/roshan_ballerina_sheet_a.png-b0d87f40a2b0891d22ccdc910cda3458.ctex
Completed load for: 'res://assets/opera/worlds/actors/animation/roshan_ballerina_sheet_a.png' remapped 'res://assets/opera/worlds/actors/animation/roshan_ballerina_sheet_a.png' at thread -1
Loading resource: res://assets/opera/worlds/props/goal_ballerina.png remapped: res://assets/opera/worlds/props/goal_ballerina.png
Loading resource: res://.godot/imported/goal_ballerina.png-db67e5af6a1fa1e71ecf4379dcef72ff.s3tc.ctex remapped: res://.godot/imported/goal_ballerina.png-db67e5af6a1fa1e71ecf4379dcef72ff.s3tc.ctex
Completed load for: 'res://assets/opera/worlds/props/goal_ballerina.png' remapped 'res://assets/opera/worlds/props/goal_ballerina.png' at thread -1
Loading resource: res://assets/audio/voices/roshan_op_ballerina_watch.ogg remapped: res://assets/audio/voices/roshan_op_ballerina_watch.ogg
Loading resource: res://.godot/imported/roshan_op_ballerina_watch.ogg-1509892773a81517032cc28d62b738ef.oggvorbisstr remapped: res://.godot/imported/roshan_op_ballerina_watch.ogg-1509892773a81517032cc28d62b738ef.oggvorbisstr
Completed load for: 'res://assets/audio/voices/roshan_op_ballerina_watch.ogg' remapped 'res://assets/audio/voices/roshan_op_ballerina_watch.ogg' at thread -1
Loading resource: res://assets/opera/worlds/widgets/widget_pour_candymaker_mover.png remapped: res://assets/opera/worlds/widgets/widget_pour_candymaker_mover.png
Loading resource: res://.godot/imported/widget_pour_candymaker_mover.png-3a443c8a89886b41783ae205f9a49bea.s3tc.ctex remapped: res://.godot/imported/widget_pour_candymaker_mover.png-3a443c8a89886b41783ae205f9a49bea.s3tc.ctex
Completed load for: 'res://assets/opera/worlds/widgets/widget_pour_candymaker_mover.png' remapped 'res://assets/opera/worlds/widgets/widget_pour_candymaker_mover.png' at thread -1
Loading resource: res://assets/opera/worlds/widgets/widget_pour_candymaker_fill.png remapped: res://assets/opera/worlds/widgets/widget_pour_candymaker_fill.png
Loading resource: res://.godot/imported/widget_pour_candymaker_fill.png-db80a292f088ba4e401f8707565618f8.ctex remapped: res://.godot/imported/widget_pour_candymaker_fill.png-db80a292f088ba4e401f8707565618f8.ctex
Completed load for: 'res://assets/opera/worlds/widgets/widget_pour_candymaker_fill.png' remapped 'res://assets/opera/worlds/widgets/widget_pour_candymaker_fill.png' at thread -1
Loading resource: res://assets/opera/worlds/widgets/widget_pour_candymaker.png remapped: res://assets/opera/worlds/widgets/widget_pour_candymaker.png
Loading resource: res://.godot/imported/widget_pour_candymaker.png-baeed3eab0fff66626b44b5ececb8ac9.ctex remapped: res://.godot/imported/widget_pour_candymaker.png-baeed3eab0fff66626b44b5ececb8ac9.ctex
Completed load for: 'res://assets/opera/worlds/widgets/widget_pour_candymaker.png' remapped 'res://assets/opera/worlds/widgets/widget_pour_candymaker.png' at thread -1
Loading resource: res://assets/opera/worlds/widgets/widget_pour_candymaker_mover_empty.png remapped: res://assets/opera/worlds/widgets/widget_pour_candymaker_mover_empty.png
Loading resource: res://.godot/imported/widget_pour_candymaker_mover_empty.png-1a6995723569b651a1b1df20615da9f7.ctex remapped: res://.godot/imported/widget_pour_candymaker_mover_empty.png-1a6995723569b651a1b1df20615da9f7.ctex
Completed load for: 'res://assets/opera/worlds/widgets/widget_pour_candymaker_mover_empty.png' remapped 'res://assets/opera/worlds/widgets/widget_pour_candymaker_mover_empty.png' at thread -1
Loading resource: res://assets/castle/training/ghost_hand.png remapped: res://assets/castle/training/ghost_hand.png
Loading resource: res://.godot/imported/ghost_hand.png-1de3e3644c9a46e5892c5a8fa86dad01.ctex remapped: res://.godot/imported/ghost_hand.png-1de3e3644c9a46e5892c5a8fa86dad01.ctex
Completed load for: 'res://assets/castle/training/ghost_hand.png' remapped 'res://assets/castle/training/ghost_hand.png' at thread -1
bcdec: Decompression of a 512x256 DXT5 RGBA8 image with 0 mipmaps took 1 ms.
Loading resource: res://assets/opera/worlds/widgets/widget_pour_candymaker_mover.png remapped: res://assets/opera/worlds/widgets/widget_pour_candymaker_mover.png
Loading resource: res://.godot/imported/widget_pour_candymaker_mover.png-3a443c8a89886b41783ae205f9a49bea.s3tc.ctex remapped: res://.godot/imported/widget_pour_candymaker_mover.png-3a443c8a89886b41783ae205f9a49bea.s3tc.ctex
Completed load for: 'res://assets/opera/worlds/widgets/widget_pour_candymaker_mover.png' remapped 'res://assets/opera/worlds/widgets/widget_pour_candymaker_mover.png' at thread -1
Loading resource: res://assets/opera/worlds/widgets/widget_pour_candymaker_fill.png remapped: res://assets/opera/worlds/widgets/widget_pour_candymaker_fill.png
Loading resource: res://.godot/imported/widget_pour_candymaker_fill.png-db80a292f088ba4e401f8707565618f8.ctex remapped: res://.godot/imported/widget_pour_candymaker_fill.png-db80a292f088ba4e401f8707565618f8.ctex
Completed load for: 'res://assets/opera/worlds/widgets/widget_pour_candymaker_fill.png' remapped 'res://assets/opera/worlds/widgets/widget_pour_candymaker_fill.png' at thread -1
Loading resource: res://assets/opera/worlds/widgets/widget_pour_candymaker.png remapped: res://assets/opera/worlds/widgets/widget_pour_candymaker.png
Loading resource: res://.godot/imported/widget_pour_candymaker.png-baeed3eab0fff66626b44b5ececb8ac9.ctex remapped: res://.godot/imported/widget_pour_candymaker.png-baeed3eab0fff66626b44b5ececb8ac9.ctex
Completed load for: 'res://assets/opera/worlds/widgets/widget_pour_candymaker.png' remapped 'res://assets/opera/worlds/widgets/widget_pour_candymaker.png' at thread -1
Loading resource: res://assets/opera/worlds/widgets/widget_pour_candymaker_mover_empty.png remapped: res://assets/opera/worlds/widgets/widget_pour_candymaker_mover_empty.png
Loading resource: res://.godot/imported/widget_pour_candymaker_mover_empty.png-1a6995723569b651a1b1df20615da9f7.ctex remapped: res://.godot/imported/widget_pour_candymaker_mover_empty.png-1a6995723569b651a1b1df20615da9f7.ctex
Completed load for: 'res://assets/opera/worlds/widgets/widget_pour_candymaker_mover_empty.png' remapped 'res://assets/opera/worlds/widgets/widget_pour_candymaker_mover_empty.png' at thread -1
Loading resource: res://assets/castle/training/ghost_hand.png remapped: res://assets/castle/training/ghost_hand.png
Loading resource: res://.godot/imported/ghost_hand.png-1de3e3644c9a46e5892c5a8fa86dad01.ctex remapped: res://.godot/imported/ghost_hand.png-1de3e3644c9a46e5892c5a8fa86dad01.ctex
Completed load for: 'res://assets/castle/training/ghost_hand.png' remapped 'res://assets/castle/training/ghost_hand.png' at thread -1
bcdec: Decompression of a 512x256 DXT5 RGBA8 image with 0 mipmaps took 1 ms.
Loading resource: res://assets/opera/worlds/widgets/widget_target_doctor_mover.png remapped: res://assets/opera/worlds/widgets/widget_target_doctor_mover.png
Loading resource: res://.godot/imported/widget_target_doctor_mover.png-669501519cd6247e362cf48e8532da9e.s3tc.ctex remapped: res://.godot/imported/widget_target_doctor_mover.png-669501519cd6247e362cf48e8532da9e.s3tc.ctex
Completed load for: 'res://assets/opera/worlds/widgets/widget_target_doctor_mover.png' remapped 'res://assets/opera/worlds/widgets/widget_target_doctor_mover.png' at thread -1
Loading resource: res://assets/opera/worlds/widgets/widget_target_doctor_mark.png remapped: res://assets/opera/worlds/widgets/widget_target_doctor_mark.png
Loading resource: res://.godot/imported/widget_target_doctor_mark.png-eab867b8c2ab4e06c3976c604be5fb8a.s3tc.ctex remapped: res://.godot/imported/widget_target_doctor_mark.png-eab867b8c2ab4e06c3976c604be5fb8a.s3tc.ctex
Completed load for: 'res://assets/opera/worlds/widgets/widget_target_doctor_mark.png' remapped 'res://assets/opera/worlds/widgets/widget_target_doctor_mark.png' at thread -1
Loading resource: res://assets/opera/worlds/widgets/widget_push_farmer_mover.png remapped: res://assets/opera/worlds/widgets/widget_push_farmer_mover.png
Loading resource: res://.godot/imported/widget_push_farmer_mover.png-9bd61aa2b473c9e7337a51bbc40f6ef3.s3tc.ctex remapped: res://.godot/imported/widget_push_farmer_mover.png-9bd61aa2b473c9e7337a51bbc40f6ef3.s3tc.ctex
Completed load for: 'res://assets/opera/worlds/widgets/widget_push_farmer_mover.png' remapped 'res://assets/opera/worlds/widgets/widget_push_farmer_mover.png' at thread -1
Loading resource: res://assets/opera/worlds/widgets/widget_push_shared_arrow_lr.png remapped: res://assets/opera/worlds/widgets/widget_push_shared_arrow_lr.png
Loading resource: res://.godot/imported/widget_push_shared_arrow_lr.png-6727a45eb0fc3f10b7ef94cc7500192d.s3tc.ctex remapped: res://.godot/imported/widget_push_shared_arrow_lr.png-6727a45eb0fc3f10b7ef94cc7500192d.s3tc.ctex
Completed load for: 'res://assets/opera/worlds/widgets/widget_push_shared_arrow_lr.png' remapped 'res://assets/opera/worlds/widgets/widget_push_shared_arrow_lr.png' at thread -1
Loading resource: res://assets/opera/worlds/widgets/widget_push_farmer_mover.png remapped: res://assets/opera/worlds/widgets/widget_push_farmer_mover.png
Loading resource: res://.godot/imported/widget_push_farmer_mover.png-9bd61aa2b473c9e7337a51bbc40f6ef3.s3tc.ctex remapped: res://.godot/imported/widget_push_farmer_mover.png-9bd61aa2b473c9e7337a51bbc40f6ef3.s3tc.ctex
Completed load for: 'res://assets/opera/worlds/widgets/widget_push_farmer_mover.png' remapped 'res://assets/opera/worlds/widgets/widget_push_farmer_mover.png' at thread -1
Loading resource: res://assets/opera/worlds/widgets/widget_push_shared_arrow_lr.png remapped: res://assets/opera/worlds/widgets/widget_push_shared_arrow_lr.png
Loading resource: res://.godot/imported/widget_push_shared_arrow_lr.png-6727a45eb0fc3f10b7ef94cc7500192d.s3tc.ctex remapped: res://.godot/imported/widget_push_shared_arrow_lr.png-6727a45eb0fc3f10b7ef94cc7500192d.s3tc.ctex
Completed load for: 'res://assets/opera/worlds/widgets/widget_push_shared_arrow_lr.png' remapped 'res://assets/opera/worlds/widgets/widget_push_shared_arrow_lr.png' at thread -1
Loading resource: res://assets/opera/worlds/widgets/widget_push_racer_mover.png remapped: res://assets/opera/worlds/widgets/widget_push_racer_mover.png
Loading resource: res://.godot/imported/widget_push_racer_mover.png-4c550e094519c2ddc9e00b9555521c7e.s3tc.ctex remapped: res://.godot/imported/widget_push_racer_mover.png-4c550e094519c2ddc9e00b9555521c7e.s3tc.ctex
Completed load for: 'res://assets/opera/worlds/widgets/widget_push_racer_mover.png' remapped 'res://assets/opera/worlds/widgets/widget_push_racer_mover.png' at thread -1
Loading resource: res://assets/opera/worlds/widgets/widget_push_shared_arrow_lr.png remapped: res://assets/opera/worlds/widgets/widget_push_shared_arrow_lr.png
Loading resource: res://.godot/imported/widget_push_shared_arrow_lr.png-6727a45eb0fc3f10b7ef94cc7500192d.s3tc.ctex remapped: res://.godot/imported/widget_push_shared_arrow_lr.png-6727a45eb0fc3f10b7ef94cc7500192d.s3tc.ctex
Completed load for: 'res://assets/opera/worlds/widgets/widget_push_shared_arrow_lr.png' remapped 'res://assets/opera/worlds/widgets/widget_push_shared_arrow_lr.png' at thread -1
Loading resource: res://assets/opera/worlds/widgets/widget_push_racer_mover.png remapped: res://assets/opera/worlds/widgets/widget_push_racer_mover.png
Loading resource: res://.godot/imported/widget_push_racer_mover.png-4c550e094519c2ddc9e00b9555521c7e.s3tc.ctex remapped: res://.godot/imported/widget_push_racer_mover.png-4c550e094519c2ddc9e00b9555521c7e.s3tc.ctex
Completed load for: 'res://assets/opera/worlds/widgets/widget_push_racer_mover.png' remapped 'res://assets/opera/worlds/widgets/widget_push_racer_mover.png' at thread -1
Loading resource: res://assets/opera/worlds/widgets/widget_push_shared_arrow_lr.png remapped: res://assets/opera/worlds/widgets/widget_push_shared_arrow_lr.png
Loading resource: res://.godot/imported/widget_push_shared_arrow_lr.png-6727a45eb0fc3f10b7ef94cc7500192d.s3tc.ctex remapped: res://.godot/imported/widget_push_shared_arrow_lr.png-6727a45eb0fc3f10b7ef94cc7500192d.s3tc.ctex
Completed load for: 'res://assets/opera/worlds/widgets/widget_push_shared_arrow_lr.png' remapped 'res://assets/opera/worlds/widgets/widget_push_shared_arrow_lr.png' at thread -1
Loading resource: res://assets/opera/worlds/widgets/widget_trace_chef_lit.png remapped: res://assets/opera/worlds/widgets/widget_trace_chef_lit.png
Loading resource: res://.godot/imported/widget_trace_chef_lit.png-50b50bcc8d40459ad2b2a505f5bcbb1e.ctex remapped: res://.godot/imported/widget_trace_chef_lit.png-50b50bcc8d40459ad2b2a505f5bcbb1e.ctex
Completed load for: 'res://assets/opera/worlds/widgets/widget_trace_chef_lit.png' remapped 'res://assets/opera/worlds/widgets/widget_trace_chef_lit.png' at thread -1
Loading resource: res://assets/opera/worlds/widgets/widget_trace_chef_lit.png remapped: res://assets/opera/worlds/widgets/widget_trace_chef_lit.png
Loading resource: res://.godot/imported/widget_trace_chef_lit.png-50b50bcc8d40459ad2b2a505f5bcbb1e.ctex remapped: res://.godot/imported/widget_trace_chef_lit.png-50b50bcc8d40459ad2b2a505f5bcbb1e.ctex
Completed load for: 'res://assets/opera/worlds/widgets/widget_trace_chef_lit.png' remapped 'res://assets/opera/worlds/widgets/widget_trace_chef_lit.png' at thread -1
Loading resource: res://assets/opera/worlds/widgets/widget_trace_doctor_lit.png remapped: res://assets/opera/worlds/widgets/widget_trace_doctor_lit.png
Loading resource: res://.godot/imported/widget_trace_doctor_lit.png-a855e8498cd8ea32939d47d65b5fe17a.ctex remapped: res://.godot/imported/widget_trace_doctor_lit.png-a855e8498cd8ea32939d47d65b5fe17a.ctex
Completed load for: 'res://assets/opera/worlds/widgets/widget_trace_doctor_lit.png' remapped 'res://assets/opera/worlds/widgets/widget_trace_doctor_lit.png' at thread -1
Loading resource: res://assets/opera/worlds/widgets/widget_trace_doctor_lit.png remapped: res://assets/opera/worlds/widgets/widget_trace_doctor_lit.png
Loading resource: res://.godot/imported/widget_trace_doctor_lit.png-a855e8498cd8ea32939d47d65b5fe17a.ctex remapped: res://.godot/imported/widget_trace_doctor_lit.png-a855e8498cd8ea32939d47d65b5fe17a.ctex
Completed load for: 'res://assets/opera/worlds/widgets/widget_trace_doctor_lit.png' remapped 'res://assets/opera/worlds/widgets/widget_trace_doctor_lit.png' at thread -1
Loading resource: res://assets/opera/worlds/widgets/widget_trace_magician_lit.png remapped: res://assets/opera/worlds/widgets/widget_trace_magician_lit.png
Loading resource: res://.godot/imported/widget_trace_magician_lit.png-e35e7ac73d2ac52a6f22c0ccf125200e.ctex remapped: res://.godot/imported/widget_trace_magician_lit.png-e35e7ac73d2ac52a6f22c0ccf125200e.ctex
Completed load for: 'res://assets/opera/worlds/widgets/widget_trace_magician_lit.png' remapped 'res://assets/opera/worlds/widgets/widget_trace_magician_lit.png' at thread -1
Loading resource: res://assets/opera/worlds/widgets/widget_trace_magician_lit.png remapped: res://assets/opera/worlds/widgets/widget_trace_magician_lit.png
Loading resource: res://.godot/imported/widget_trace_magician_lit.png-e35e7ac73d2ac52a6f22c0ccf125200e.ctex remapped: res://.godot/imported/widget_trace_magician_lit.png-e35e7ac73d2ac52a6f22c0ccf125200e.ctex
Completed load for: 'res://assets/opera/worlds/widgets/widget_trace_magician_lit.png' remapped 'res://assets/opera/worlds/widgets/widget_trace_magician_lit.png' at thread -1
Loading resource: res://assets/opera/worlds/widgets/widget_crank_magician_mover.png remapped: res://assets/opera/worlds/widgets/widget_crank_magician_mover.png
Loading resource: res://.godot/imported/widget_crank_magician_mover.png-075eac6ba52cd987580c1cc2ee609680.s3tc.ctex remapped: res://.godot/imported/widget_crank_magician_mover.png-075eac6ba52cd987580c1cc2ee609680.s3tc.ctex
Completed load for: 'res://assets/opera/worlds/widgets/widget_crank_magician_mover.png' remapped 'res://assets/opera/worlds/widgets/widget_crank_magician_mover.png' at thread -1
Loading resource: res://assets/opera/worlds/widgets/widget_crank_magician_progress.png remapped: res://assets/opera/worlds/widgets/widget_crank_magician_progress.png
Loading resource: res://.godot/imported/widget_crank_magician_progress.png-01cceaa034e347851ce1868af9133725.ctex remapped: res://.godot/imported/widget_crank_magician_progress.png-01cceaa034e347851ce1868af9133725.ctex
Completed load for: 'res://assets/opera/worlds/widgets/widget_crank_magician_progress.png' remapped 'res://assets/opera/worlds/widgets/widget_crank_magician_progress.png' at thread -1
Loading resource: res://assets/opera/worlds/widgets/widget_portal_magician_mover.png remapped: res://assets/opera/worlds/widgets/widget_portal_magician_mover.png
Loading resource: res://.godot/imported/widget_portal_magician_mover.png-dc641e5d5032f27499cbae255f5e56a5.ctex remapped: res://.godot/imported/widget_portal_magician_mover.png-dc641e5d5032f27499cbae255f5e56a5.ctex
Completed load for: 'res://assets/opera/worlds/widgets/widget_portal_magician_mover.png' remapped 'res://assets/opera/worlds/widgets/widget_portal_magician_mover.png' at thread -1
Loading resource: res://assets/opera/worlds/widgets/widget_crank_racer_mover.png remapped: res://assets/opera/worlds/widgets/widget_crank_racer_mover.png
Loading resource: res://.godot/imported/widget_crank_racer_mover.png-a3f54ff40d971409f2d6bfc5ccef3c91.s3tc.ctex remapped: res://.godot/imported/widget_crank_racer_mover.png-a3f54ff40d971409f2d6bfc5ccef3c91.s3tc.ctex
Completed load for: 'res://assets/opera/worlds/widgets/widget_crank_racer_mover.png' remapped 'res://assets/opera/worlds/widgets/widget_crank_racer_mover.png' at thread -1
Loading resource: res://assets/opera/worlds/widgets/widget_crank_racer_progress.png remapped: res://assets/opera/worlds/widgets/widget_crank_racer_progress.png
Loading resource: res://.godot/imported/widget_crank_racer_progress.png-82dc8b5728d31c9098d41e8bd0ae4eda.ctex remapped: res://.godot/imported/widget_crank_racer_progress.png-82dc8b5728d31c9098d41e8bd0ae4eda.ctex
Completed load for: 'res://assets/opera/worlds/widgets/widget_crank_racer_progress.png' remapped 'res://assets/opera/worlds/widgets/widget_crank_racer_progress.png' at thread -1
Loading resource: res://assets/opera/worlds/widgets/widget_crank_racer_wheel.png remapped: res://assets/opera/worlds/widgets/widget_crank_racer_wheel.png
Loading resource: res://.godot/imported/widget_crank_racer_wheel.png-074c48f17949a4f64091c6e4655cbcd7.ctex remapped: res://.godot/imported/widget_crank_racer_wheel.png-074c48f17949a4f64091c6e4655cbcd7.ctex
Completed load for: 'res://assets/opera/worlds/widgets/widget_crank_racer_wheel.png' remapped 'res://assets/opera/worlds/widgets/widget_crank_racer_wheel.png' at thread -1
Loading resource: res://assets/opera/worlds/widgets/widget_crank_racer_kart.png remapped: res://assets/opera/worlds/widgets/widget_crank_racer_kart.png
Loading resource: res://.godot/imported/widget_crank_racer_kart.png-d97decfdf16b10ac52cf575ca698f848.ctex remapped: res://.godot/imported/widget_crank_racer_kart.png-d97decfdf16b10ac52cf575ca698f848.ctex
Completed load for: 'res://assets/opera/worlds/widgets/widget_crank_racer_kart.png' remapped 'res://assets/opera/worlds/widgets/widget_crank_racer_kart.png' at thread -1
Loading resource: res://assets/opera/worlds/widgets/widget_crank_astronaut_mover.png remapped: res://assets/opera/worlds/widgets/widget_crank_astronaut_mover.png
Loading resource: res://.godot/imported/widget_crank_astronaut_mover.png-16da6ab66d3b4338bb51daf855fa5948.s3tc.ctex remapped: res://.godot/imported/widget_crank_astronaut_mover.png-16da6ab66d3b4338bb51daf855fa5948.s3tc.ctex
Completed load for: 'res://assets/opera/worlds/widgets/widget_crank_astronaut_mover.png' remapped 'res://assets/opera/worlds/widgets/widget_crank_astronaut_mover.png' at thread -1
Loading resource: res://assets/opera/worlds/widgets/widget_crank_astronaut_progress.png remapped: res://assets/opera/worlds/widgets/widget_crank_astronaut_progress.png
Loading resource: res://.godot/imported/widget_crank_astronaut_progress.png-3665a9109478d5cc1b7380f045cf9f66.ctex remapped: res://.godot/imported/widget_crank_astronaut_progress.png-3665a9109478d5cc1b7380f045cf9f66.ctex
Completed load for: 'res://assets/opera/worlds/widgets/widget_crank_astronaut_progress.png' remapped 'res://assets/opera/worlds/widgets/widget_crank_astronaut_progress.png' at thread -1
Loading resource: res://assets/opera/worlds/widgets/widget_charge_astronaut_glow.png remapped: res://assets/opera/worlds/widgets/widget_charge_astronaut_glow.png
Loading resource: res://.godot/imported/widget_charge_astronaut_glow.png-6a3367ce2deed42de02d5de2b8babbda.s3tc.ctex remapped: res://.godot/imported/widget_charge_astronaut_glow.png-6a3367ce2deed42de02d5de2b8babbda.s3tc.ctex
Completed load for: 'res://assets/opera/worlds/widgets/widget_charge_astronaut_glow.png' remapped 'res://assets/opera/worlds/widgets/widget_charge_astronaut_glow.png' at thread -1
Loading resource: res://assets/opera/worlds/widgets/widget_charge_astronaut_full.png remapped: res://assets/opera/worlds/widgets/widget_charge_astronaut_full.png
Loading resource: res://.godot/imported/widget_charge_astronaut_full.png-4852e022e2becc56ad5ca6633c0f50ac.ctex remapped: res://.godot/imported/widget_charge_astronaut_full.png-4852e022e2becc56ad5ca6633c0f50ac.ctex
Completed load for: 'res://assets/opera/worlds/widgets/widget_charge_astronaut_full.png' remapped 'res://assets/opera/worlds/widgets/widget_charge_astronaut_full.png' at thread -1
Loading resource: res://assets/opera/worlds/props/goal_astronaut.png remapped: res://assets/opera/worlds/props/goal_astronaut.png
Loading resource: res://.godot/imported/goal_astronaut.png-99a883c005e02d50b9d2c0ef7d7f4365.s3tc.ctex remapped: res://.godot/imported/goal_astronaut.png-99a883c005e02d50b9d2c0ef7d7f4365.s3tc.ctex
Completed load for: 'res://assets/opera/worlds/props/goal_astronaut.png' remapped 'res://assets/opera/worlds/props/goal_astronaut.png' at thread -1
Loading resource: res://assets/opera/worlds/widgets/widget_charge_popstar_glow.png remapped: res://assets/opera/worlds/widgets/widget_charge_popstar_glow.png
Loading resource: res://.godot/imported/widget_charge_popstar_glow.png-da60bcc672b74c898c4ae7459a6ae68b.s3tc.ctex remapped: res://.godot/imported/widget_charge_popstar_glow.png-da60bcc672b74c898c4ae7459a6ae68b.s3tc.ctex
Completed load for: 'res://assets/opera/worlds/widgets/widget_charge_popstar_glow.png' remapped 'res://assets/opera/worlds/widgets/widget_charge_popstar_glow.png' at thread -1
Loading resource: res://assets/opera/worlds/widgets/widget_charge_popstar_full.png remapped: res://assets/opera/worlds/widgets/widget_charge_popstar_full.png
Loading resource: res://.godot/imported/widget_charge_popstar_full.png-a7fd162b5cb8192493e431dea73d51e3.ctex remapped: res://.godot/imported/widget_charge_popstar_full.png-a7fd162b5cb8192493e431dea73d51e3.ctex
Completed load for: 'res://assets/opera/worlds/widgets/widget_charge_popstar_full.png' remapped 'res://assets/opera/worlds/widgets/widget_charge_popstar_full.png' at thread -1
Loading resource: res://assets/opera/worlds/props/goal_popstar.png remapped: res://assets/opera/worlds/props/goal_popstar.png
Loading resource: res://.godot/imported/goal_popstar.png-31c1f07a899a0040c0e44accf433085d.s3tc.ctex remapped: res://.godot/imported/goal_popstar.png-31c1f07a899a0040c0e44accf433085d.s3tc.ctex
Completed load for: 'res://assets/opera/worlds/props/goal_popstar.png' remapped 'res://assets/opera/worlds/props/goal_popstar.png' at thread -1
Loading resource: res://assets/opera/worlds/widgets/widget_charge_astronaut_glow.png remapped: res://assets/opera/worlds/widgets/widget_charge_astronaut_glow.png
Loading resource: res://.godot/imported/widget_charge_astronaut_glow.png-6a3367ce2deed42de02d5de2b8babbda.s3tc.ctex remapped: res://.godot/imported/widget_charge_astronaut_glow.png-6a3367ce2deed42de02d5de2b8babbda.s3tc.ctex
Completed load for: 'res://assets/opera/worlds/widgets/widget_charge_astronaut_glow.png' remapped 'res://assets/opera/worlds/widgets/widget_charge_astronaut_glow.png' at thread -1
Loading resource: res://assets/opera/worlds/widgets/widget_charge_astronaut_full.png remapped: res://assets/opera/worlds/widgets/widget_charge_astronaut_full.png
Loading resource: res://.godot/imported/widget_charge_astronaut_full.png-4852e022e2becc56ad5ca6633c0f50ac.ctex remapped: res://.godot/imported/widget_charge_astronaut_full.png-4852e022e2becc56ad5ca6633c0f50ac.ctex
Completed load for: 'res://assets/opera/worlds/widgets/widget_charge_astronaut_full.png' remapped 'res://assets/opera/worlds/widgets/widget_charge_astronaut_full.png' at thread -1
Loading resource: res://assets/opera/worlds/props/goal_astronaut.png remapped: res://assets/opera/worlds/props/goal_astronaut.png
Loading resource: res://.godot/imported/goal_astronaut.png-99a883c005e02d50b9d2c0ef7d7f4365.s3tc.ctex remapped: res://.godot/imported/goal_astronaut.png-99a883c005e02d50b9d2c0ef7d7f4365.s3tc.ctex
Completed load for: 'res://assets/opera/worlds/props/goal_astronaut.png' remapped 'res://assets/opera/worlds/props/goal_astronaut.png' at thread -1
Loading resource: res://assets/opera/worlds/widgets/widget_charge_popstar_glow.png remapped: res://assets/opera/worlds/widgets/widget_charge_popstar_glow.png
Loading resource: res://.godot/imported/widget_charge_popstar_glow.png-da60bcc672b74c898c4ae7459a6ae68b.s3tc.ctex remapped: res://.godot/imported/widget_charge_popstar_glow.png-da60bcc672b74c898c4ae7459a6ae68b.s3tc.ctex
Completed load for: 'res://assets/opera/worlds/widgets/widget_charge_popstar_glow.png' remapped 'res://assets/opera/worlds/widgets/widget_charge_popstar_glow.png' at thread -1
Loading resource: res://assets/opera/worlds/widgets/widget_charge_popstar_full.png remapped: res://assets/opera/worlds/widgets/widget_charge_popstar_full.png
Loading resource: res://.godot/imported/widget_charge_popstar_full.png-a7fd162b5cb8192493e431dea73d51e3.ctex remapped: res://.godot/imported/widget_charge_popstar_full.png-a7fd162b5cb8192493e431dea73d51e3.ctex
Completed load for: 'res://assets/opera/worlds/widgets/widget_charge_popstar_full.png' remapped 'res://assets/opera/worlds/widgets/widget_charge_popstar_full.png' at thread -1
Loading resource: res://assets/opera/worlds/props/goal_popstar.png remapped: res://assets/opera/worlds/props/goal_popstar.png
Loading resource: res://.godot/imported/goal_popstar.png-31c1f07a899a0040c0e44accf433085d.s3tc.ctex remapped: res://.godot/imported/goal_popstar.png-31c1f07a899a0040c0e44accf433085d.s3tc.ctex
Completed load for: 'res://assets/opera/worlds/props/goal_popstar.png' remapped 'res://assets/opera/worlds/props/goal_popstar.png' at thread -1
Loading resource: res://assets/opera/worlds/widgets/widget_crank_chef_mover.png remapped: res://assets/opera/worlds/widgets/widget_crank_chef_mover.png
Loading resource: res://.godot/imported/widget_crank_chef_mover.png-e306d1d96afb59a4ce6fa49dea3d73be.s3tc.ctex remapped: res://.godot/imported/widget_crank_chef_mover.png-e306d1d96afb59a4ce6fa49dea3d73be.s3tc.ctex
Completed load for: 'res://assets/opera/worlds/widgets/widget_crank_chef_mover.png' remapped 'res://assets/opera/worlds/widgets/widget_crank_chef_mover.png' at thread -1
Loading resource: res://assets/opera/worlds/widgets/widget_crank_chef_progress.png remapped: res://assets/opera/worlds/widgets/widget_crank_chef_progress.png
Loading resource: res://.godot/imported/widget_crank_chef_progress.png-9086911e6c8dd3a05aca48b63eb6042d.ctex remapped: res://.godot/imported/widget_crank_chef_progress.png-9086911e6c8dd3a05aca48b63eb6042d.ctex
Completed load for: 'res://assets/opera/worlds/widgets/widget_crank_chef_progress.png' remapped 'res://assets/opera/worlds/widgets/widget_crank_chef_progress.png' at thread -1
Loading resource: res://assets/opera/worlds/widgets/widget_crank_candymaker_mover.png remapped: res://assets/opera/worlds/widgets/widget_crank_candymaker_mover.png
Loading resource: res://.godot/imported/widget_crank_candymaker_mover.png-36f6141949b231fd0b78a61e12e40b8c.s3tc.ctex remapped: res://.godot/imported/widget_crank_candymaker_mover.png-36f6141949b231fd0b78a61e12e40b8c.s3tc.ctex
Completed load for: 'res://assets/opera/worlds/widgets/widget_crank_candymaker_mover.png' remapped 'res://assets/opera/worlds/widgets/widget_crank_candymaker_mover.png' at thread -1
Loading resource: res://assets/opera/worlds/widgets/widget_crank_candymaker_progress.png remapped: res://assets/opera/worlds/widgets/widget_crank_candymaker_progress.png
Loading resource: res://.godot/imported/widget_crank_candymaker_progress.png-2de3bc13f2179def2a3a468efface66f.ctex remapped: res://.godot/imported/widget_crank_candymaker_progress.png-2de3bc13f2179def2a3a468efface66f.ctex
Completed load for: 'res://assets/opera/worlds/widgets/widget_crank_candymaker_progress.png' remapped 'res://assets/opera/worlds/widgets/widget_crank_candymaker_progress.png' at thread -1
Loading resource: res://assets/opera/worlds/widgets/widget_crank_doctor_mover.png remapped: res://assets/opera/worlds/widgets/widget_crank_doctor_mover.png
Loading resource: res://.godot/imported/widget_crank_doctor_mover.png-7f19a6d1acc0a75ccc9cbd0e5681d42c.s3tc.ctex remapped: res://.godot/imported/widget_crank_doctor_mover.png-7f19a6d1acc0a75ccc9cbd0e5681d42c.s3tc.ctex
Completed load for: 'res://assets/opera/worlds/widgets/widget_crank_doctor_mover.png' remapped 'res://assets/opera/worlds/widgets/widget_crank_doctor_mover.png' at thread -1
Loading resource: res://assets/opera/worlds/widgets/widget_crank_doctor_progress.png remapped: res://assets/opera/worlds/widgets/widget_crank_doctor_progress.png
Loading resource: res://.godot/imported/widget_crank_doctor_progress.png-29a6e25f36619d0a40b5ce9a755aee25.ctex remapped: res://.godot/imported/widget_crank_doctor_progress.png-29a6e25f36619d0a40b5ce9a755aee25.ctex
Completed load for: 'res://assets/opera/worlds/widgets/widget_crank_doctor_progress.png' remapped 'res://assets/opera/worlds/widgets/widget_crank_doctor_progress.png' at thread -1
Loading resource: res://assets/opera/worlds/widgets/widget_crank_doctor_patient.png remapped: res://assets/opera/worlds/widgets/widget_crank_doctor_patient.png
Loading resource: res://.godot/imported/widget_crank_doctor_patient.png-1670297c0cf53df097356d4828b80c22.ctex remapped: res://.godot/imported/widget_crank_doctor_patient.png-1670297c0cf53df097356d4828b80c22.ctex
Completed load for: 'res://assets/opera/worlds/widgets/widget_crank_doctor_patient.png' remapped 'res://assets/opera/worlds/widgets/widget_crank_doctor_patient.png' at thread -1
Loading resource: res://assets/opera/worlds/widgets/widget_crank_astronaut_mover.png remapped: res://assets/opera/worlds/widgets/widget_crank_astronaut_mover.png
Loading resource: res://.godot/imported/widget_crank_astronaut_mover.png-16da6ab66d3b4338bb51daf855fa5948.s3tc.ctex remapped: res://.godot/imported/widget_crank_astronaut_mover.png-16da6ab66d3b4338bb51daf855fa5948.s3tc.ctex
Completed load for: 'res://assets/opera/worlds/widgets/widget_crank_astronaut_mover.png' remapped 'res://assets/opera/worlds/widgets/widget_crank_astronaut_mover.png' at thread -1
Loading resource: res://assets/opera/worlds/widgets/widget_crank_astronaut_progress.png remapped: res://assets/opera/worlds/widgets/widget_crank_astronaut_progress.png
Loading resource: res://.godot/imported/widget_crank_astronaut_progress.png-3665a9109478d5cc1b7380f045cf9f66.ctex remapped: res://.godot/imported/widget_crank_astronaut_progress.png-3665a9109478d5cc1b7380f045cf9f66.ctex
Completed load for: 'res://assets/opera/worlds/widgets/widget_crank_astronaut_progress.png' remapped 'res://assets/opera/worlds/widgets/widget_crank_astronaut_progress.png' at thread -1
Loading resource: res://assets/opera/worlds/widgets/widget_crank_popstar_mover.png remapped: res://assets/opera/worlds/widgets/widget_crank_popstar_mover.png
Loading resource: res://.godot/imported/widget_crank_popstar_mover.png-8f56bdfb399dc8507a9858951638c5bf.s3tc.ctex remapped: res://.godot/imported/widget_crank_popstar_mover.png-8f56bdfb399dc8507a9858951638c5bf.s3tc.ctex
Completed load for: 'res://assets/opera/worlds/widgets/widget_crank_popstar_mover.png' remapped 'res://assets/opera/worlds/widgets/widget_crank_popstar_mover.png' at thread -1
Loading resource: res://assets/opera/worlds/widgets/widget_crank_popstar_progress.png remapped: res://assets/opera/worlds/widgets/widget_crank_popstar_progress.png
Loading resource: res://.godot/imported/widget_crank_popstar_progress.png-0a0dcf9de22fe7e7b94777d1ea5a657a.ctex remapped: res://.godot/imported/widget_crank_popstar_progress.png-0a0dcf9de22fe7e7b94777d1ea5a657a.ctex
Completed load for: 'res://assets/opera/worlds/widgets/widget_crank_popstar_progress.png' remapped 'res://assets/opera/worlds/widgets/widget_crank_popstar_progress.png' at thread -1
Loading resource: res://assets/opera/worlds/widgets/widget_clue_board_empty.png remapped: res://assets/opera/worlds/widgets/widget_clue_board_empty.png
Loading resource: res://.godot/imported/widget_clue_board_empty.png-f3800a96db63ae11ab69a3c034a1fe71.ctex remapped: res://.godot/imported/widget_clue_board_empty.png-f3800a96db63ae11ab69a3c034a1fe71.ctex
Completed load for: 'res://assets/opera/worlds/widgets/widget_clue_board_empty.png' remapped 'res://assets/opera/worlds/widgets/widget_clue_board_empty.png' at thread -1
Loading resource: res://assets/opera/worlds/widgets/widget_clue_board_complete.png remapped: res://assets/opera/worlds/widgets/widget_clue_board_complete.png
Loading resource: res://.godot/imported/widget_clue_board_complete.png-395172d032ec755ae920dbae10839c7f.ctex remapped: res://.godot/imported/widget_clue_board_complete.png-395172d032ec755ae920dbae10839c7f.ctex
Completed load for: 'res://assets/opera/worlds/widgets/widget_clue_board_complete.png' remapped 'res://assets/opera/worlds/widgets/widget_clue_board_complete.png' at thread -1
Loading resource: res://assets/opera/worlds/widgets/widget_clue_board_tokens.png remapped: res://assets/opera/worlds/widgets/widget_clue_board_tokens.png
Loading resource: res://.godot/imported/widget_clue_board_tokens.png-e3351d2f7ab6216e4674ef392873eb70.ctex remapped: res://.godot/imported/widget_clue_board_tokens.png-e3351d2f7ab6216e4674ef392873eb70.ctex
Completed load for: 'res://assets/opera/worlds/widgets/widget_clue_board_tokens.png' remapped 'res://assets/opera/worlds/widgets/widget_clue_board_tokens.png' at thread -1
Loading resource: res://assets/opera/worlds/widgets/widget_crown_chest_closed.png remapped: res://assets/opera/worlds/widgets/widget_crown_chest_closed.png
Loading resource: res://.godot/imported/widget_crown_chest_closed.png-9f5e6ae50137672cc6745b175b73e2bd.ctex remapped: res://.godot/imported/widget_crown_chest_closed.png-9f5e6ae50137672cc6745b175b73e2bd.ctex
Completed load for: 'res://assets/opera/worlds/widgets/widget_crown_chest_closed.png' remapped 'res://assets/opera/worlds/widgets/widget_crown_chest_closed.png' at thread -1
Loading resource: res://assets/opera/worlds/widgets/widget_crown_chest_open.png remapped: res://assets/opera/worlds/widgets/widget_crown_chest_open.png
Loading resource: res://.godot/imported/widget_crown_chest_open.png-53bf11c83c2acaf92dd3ea2fc693adfb.ctex remapped: res://.godot/imported/widget_crown_chest_open.png-53bf11c83c2acaf92dd3ea2fc693adfb.ctex
Completed load for: 'res://assets/opera/worlds/widgets/widget_crown_chest_open.png' remapped 'res://assets/opera/worlds/widgets/widget_crown_chest_open.png' at thread -1
Loading resource: res://assets/mg/seed.png remapped: res://assets/mg/seed.png
Loading resource: res://.godot/imported/seed.png-5a72e466719384605d0cd9a0fb90a3fe.ctex remapped: res://.godot/imported/seed.png-5a72e466719384605d0cd9a0fb90a3fe.ctex
Completed load for: 'res://assets/mg/seed.png' remapped 'res://assets/mg/seed.png' at thread -1
Loading resource: res://assets/opera/worlds/widgets/widget_magic_cabinet_closed.png remapped: res://assets/opera/worlds/widgets/widget_magic_cabinet_closed.png
Loading resource: res://.godot/imported/widget_magic_cabinet_closed.png-a0c1bbd3e8d6e233bb7876f9c75f0910.ctex remapped: res://.godot/imported/widget_magic_cabinet_closed.png-a0c1bbd3e8d6e233bb7876f9c75f0910.ctex
Completed load for: 'res://assets/opera/worlds/widgets/widget_magic_cabinet_closed.png' remapped 'res://assets/opera/worlds/widgets/widget_magic_cabinet_closed.png' at thread -1
Loading resource: res://assets/opera/worlds/widgets/widget_magic_cabinet_reveal.png remapped: res://assets/opera/worlds/widgets/widget_magic_cabinet_reveal.png
Loading resource: res://.godot/imported/widget_magic_cabinet_reveal.png-38264846771665c26e4bf89d0576430a.ctex remapped: res://.godot/imported/widget_magic_cabinet_reveal.png-38264846771665c26e4bf89d0576430a.ctex
Completed load for: 'res://assets/opera/worlds/widgets/widget_magic_cabinet_reveal.png' remapped 'res://assets/opera/worlds/widgets/widget_magic_cabinet_reveal.png' at thread -1
Loading resource: res://assets/opera/worlds/widgets/widget_target_chef_mover.png remapped: res://assets/opera/worlds/widgets/widget_target_chef_mover.png
Loading resource: res://.godot/imported/widget_target_chef_mover.png-0348ec37217a0be19b7dc33b08e18a48.s3tc.ctex remapped: res://.godot/imported/widget_target_chef_mover.png-0348ec37217a0be19b7dc33b08e18a48.s3tc.ctex
Completed load for: 'res://assets/opera/worlds/widgets/widget_target_chef_mover.png' remapped 'res://assets/opera/worlds/widgets/widget_target_chef_mover.png' at thread -1
Loading resource: res://assets/opera/worlds/widgets/widget_target_chef_mark.png remapped: res://assets/opera/worlds/widgets/widget_target_chef_mark.png
Loading resource: res://.godot/imported/widget_target_chef_mark.png-1f6ea57fa3448d1cb262638df0e61308.s3tc.ctex remapped: res://.godot/imported/widget_target_chef_mark.png-1f6ea57fa3448d1cb262638df0e61308.s3tc.ctex
Completed load for: 'res://assets/opera/worlds/widgets/widget_target_chef_mark.png' remapped 'res://assets/opera/worlds/widgets/widget_target_chef_mark.png' at thread -1
Loading resource: res://assets/opera/worlds/widgets/widget_target_chef_piece_0.png remapped: res://assets/opera/worlds/widgets/widget_target_chef_piece_0.png
Loading resource: res://.godot/imported/widget_target_chef_piece_0.png-90cab77ee27c1359ea583e25118d5fbf.ctex remapped: res://.godot/imported/widget_target_chef_piece_0.png-90cab77ee27c1359ea583e25118d5fbf.ctex
Completed load for: 'res://assets/opera/worlds/widgets/widget_target_chef_piece_0.png' remapped 'res://assets/opera/worlds/widgets/widget_target_chef_piece_0.png' at thread -1
Loading resource: res://assets/opera/worlds/widgets/widget_target_chef_piece_1.png remapped: res://assets/opera/worlds/widgets/widget_target_chef_piece_1.png
Loading resource: res://.godot/imported/widget_target_chef_piece_1.png-4397cec0afcbc7e2b301310a1d89ecbb.ctex remapped: res://.godot/imported/widget_target_chef_piece_1.png-4397cec0afcbc7e2b301310a1d89ecbb.ctex
Completed load for: 'res://assets/opera/worlds/widgets/widget_target_chef_piece_1.png' remapped 'res://assets/opera/worlds/widgets/widget_target_chef_piece_1.png' at thread -1
Loading resource: res://assets/opera/worlds/widgets/widget_target_chef_piece_2.png remapped: res://assets/opera/worlds/widgets/widget_target_chef_piece_2.png
Loading resource: res://.godot/imported/widget_target_chef_piece_2.png-1e58ee19107a90c8ac620be72966e6d3.ctex remapped: res://.godot/imported/widget_target_chef_piece_2.png-1e58ee19107a90c8ac620be72966e6d3.ctex
Completed load for: 'res://assets/opera/worlds/widgets/widget_target_chef_piece_2.png' remapped 'res://assets/opera/worlds/widgets/widget_target_chef_piece_2.png' at thread -1
Loading resource: res://assets/opera/worlds/widgets/widget_target_candymaker_mover.png remapped: res://assets/opera/worlds/widgets/widget_target_candymaker_mover.png
Loading resource: res://.godot/imported/widget_target_candymaker_mover.png-e47fd849a441312d8d71aa6d1366d77e.s3tc.ctex remapped: res://.godot/imported/widget_target_candymaker_mover.png-e47fd849a441312d8d71aa6d1366d77e.s3tc.ctex
Completed load for: 'res://assets/opera/worlds/widgets/widget_target_candymaker_mover.png' remapped 'res://assets/opera/worlds/widgets/widget_target_candymaker_mover.png' at thread -1
Loading resource: res://assets/opera/worlds/widgets/widget_target_candymaker_mark.png remapped: res://assets/opera/worlds/widgets/widget_target_candymaker_mark.png
Loading resource: res://.godot/imported/widget_target_candymaker_mark.png-7e3166b02387c0c713e3efd2452a1619.s3tc.ctex remapped: res://.godot/imported/widget_target_candymaker_mark.png-7e3166b02387c0c713e3efd2452a1619.s3tc.ctex
Completed load for: 'res://assets/opera/worlds/widgets/widget_target_candymaker_mark.png' remapped 'res://assets/opera/worlds/widgets/widget_target_candymaker_mark.png' at thread -1
Loading resource: res://assets/opera/worlds/widgets/widget_target_candymaker_piece_0.png remapped: res://assets/opera/worlds/widgets/widget_target_candymaker_piece_0.png
Loading resource: res://.godot/imported/widget_target_candymaker_piece_0.png-ba45daeab2c460e2b14a0038249825d6.ctex remapped: res://.godot/imported/widget_target_candymaker_piece_0.png-ba45daeab2c460e2b14a0038249825d6.ctex
Completed load for: 'res://assets/opera/worlds/widgets/widget_target_candymaker_piece_0.png' remapped 'res://assets/opera/worlds/widgets/widget_target_candymaker_piece_0.png' at thread -1
Loading resource: res://assets/opera/worlds/widgets/widget_target_candymaker_piece_1.png remapped: res://assets/opera/worlds/widgets/widget_target_candymaker_piece_1.png
Loading resource: res://.godot/imported/widget_target_candymaker_piece_1.png-d6d4d8501ec9834139fca7b90a23aeb5.ctex remapped: res://.godot/imported/widget_target_candymaker_piece_1.png-d6d4d8501ec9834139fca7b90a23aeb5.ctex
Completed load for: 'res://assets/opera/worlds/widgets/widget_target_candymaker_piece_1.png' remapped 'res://assets/opera/worlds/widgets/widget_target_candymaker_piece_1.png' at thread -1
Loading resource: res://assets/opera/worlds/widgets/widget_target_candymaker_piece_2.png remapped: res://assets/opera/worlds/widgets/widget_target_candymaker_piece_2.png
Loading resource: res://.godot/imported/widget_target_candymaker_piece_2.png-58cab02110f6e69b4fc9c695053513f9.ctex remapped: res://.godot/imported/widget_target_candymaker_piece_2.png-58cab02110f6e69b4fc9c695053513f9.ctex
Completed load for: 'res://assets/opera/worlds/widgets/widget_target_candymaker_piece_2.png' remapped 'res://assets/opera/worlds/widgets/widget_target_candymaker_piece_2.png' at thread -1
Loading resource: res://assets/opera/worlds/widgets/widget_target_farmer_mover.png remapped: res://assets/opera/worlds/widgets/widget_target_farmer_mover.png
Loading resource: res://.godot/imported/widget_target_farmer_mover.png-86855a96a45f32a6911737868ab865a3.s3tc.ctex remapped: res://.godot/imported/widget_target_farmer_mover.png-86855a96a45f32a6911737868ab865a3.s3tc.ctex
Completed load for: 'res://assets/opera/worlds/widgets/widget_target_farmer_mover.png' remapped 'res://assets/opera/worlds/widgets/widget_target_farmer_mover.png' at thread -1
Loading resource: res://assets/opera/worlds/widgets/widget_target_farmer_mark.png remapped: res://assets/opera/worlds/widgets/widget_target_farmer_mark.png
Loading resource: res://.godot/imported/widget_target_farmer_mark.png-566acbbf549dba39e8a93cd65b891b27.s3tc.ctex remapped: res://.godot/imported/widget_target_farmer_mark.png-566acbbf549dba39e8a93cd65b891b27.s3tc.ctex
Completed load for: 'res://assets/opera/worlds/widgets/widget_target_farmer_mark.png' remapped 'res://assets/opera/worlds/widgets/widget_target_farmer_mark.png' at thread -1
Loading resource: res://assets/opera/worlds/widgets/widget_target_farmer_piece_0.png remapped: res://assets/opera/worlds/widgets/widget_target_farmer_piece_0.png
Loading resource: res://.godot/imported/widget_target_farmer_piece_0.png-ec64c1e0e8e971261fa45d14a5899c66.ctex remapped: res://.godot/imported/widget_target_farmer_piece_0.png-ec64c1e0e8e971261fa45d14a5899c66.ctex
Completed load for: 'res://assets/opera/worlds/widgets/widget_target_farmer_piece_0.png' remapped 'res://assets/opera/worlds/widgets/widget_target_farmer_piece_0.png' at thread -1
Loading resource: res://assets/opera/worlds/widgets/widget_target_farmer_piece_1.png remapped: res://assets/opera/worlds/widgets/widget_target_farmer_piece_1.png
Loading resource: res://.godot/imported/widget_target_farmer_piece_1.png-a540a18966f7286499744f9c14d2a8b1.ctex remapped: res://.godot/imported/widget_target_farmer_piece_1.png-a540a18966f7286499744f9c14d2a8b1.ctex
Completed load for: 'res://assets/opera/worlds/widgets/widget_target_farmer_piece_1.png' remapped 'res://assets/opera/worlds/widgets/widget_target_farmer_piece_1.png' at thread -1
Loading resource: res://assets/opera/worlds/widgets/widget_target_farmer_piece_2.png remapped: res://assets/opera/worlds/widgets/widget_target_farmer_piece_2.png
Loading resource: res://.godot/imported/widget_target_farmer_piece_2.png-0ee41cbe97a1bad59d358afd93ca7eda.ctex remapped: res://.godot/imported/widget_target_farmer_piece_2.png-0ee41cbe97a1bad59d358afd93ca7eda.ctex
Completed load for: 'res://assets/opera/worlds/widgets/widget_target_farmer_piece_2.png' remapped 'res://assets/opera/worlds/widgets/widget_target_farmer_piece_2.png' at thread -1
Loading resource: res://assets/opera/worlds/widgets/widget_target_astronaut_mover.png remapped: res://assets/opera/worlds/widgets/widget_target_astronaut_mover.png
Loading resource: res://.godot/imported/widget_target_astronaut_mover.png-8e24e7cdbbbdbb899fe267d227bc022a.s3tc.ctex remapped: res://.godot/imported/widget_target_astronaut_mover.png-8e24e7cdbbbdbb899fe267d227bc022a.s3tc.ctex
Completed load for: 'res://assets/opera/worlds/widgets/widget_target_astronaut_mover.png' remapped 'res://assets/opera/worlds/widgets/widget_target_astronaut_mover.png' at thread -1
Loading resource: res://assets/opera/worlds/widgets/widget_target_astronaut_mark.png remapped: res://assets/opera/worlds/widgets/widget_target_astronaut_mark.png
Loading resource: res://.godot/imported/widget_target_astronaut_mark.png-85831ac745dd99d2689873fa699b7814.s3tc.ctex remapped: res://.godot/imported/widget_target_astronaut_mark.png-85831ac745dd99d2689873fa699b7814.s3tc.ctex
Completed load for: 'res://assets/opera/worlds/widgets/widget_target_astronaut_mark.png' remapped 'res://assets/opera/worlds/widgets/widget_target_astronaut_mark.png' at thread -1
Loading resource: res://assets/opera/worlds/widgets/widget_target_astronaut_piece_0.png remapped: res://assets/opera/worlds/widgets/widget_target_astronaut_piece_0.png
Loading resource: res://.godot/imported/widget_target_astronaut_piece_0.png-d1879a92588ec11c1824acbe255eeee9.ctex remapped: res://.godot/imported/widget_target_astronaut_piece_0.png-d1879a92588ec11c1824acbe255eeee9.ctex
Completed load for: 'res://assets/opera/worlds/widgets/widget_target_astronaut_piece_0.png' remapped 'res://assets/opera/worlds/widgets/widget_target_astronaut_piece_0.png' at thread -1
Loading resource: res://assets/opera/worlds/widgets/widget_target_astronaut_piece_1.png remapped: res://assets/opera/worlds/widgets/widget_target_astronaut_piece_1.png
Loading resource: res://.godot/imported/widget_target_astronaut_piece_1.png-b7e95a5fec7ddaccce7257363f58b886.ctex remapped: res://.godot/imported/widget_target_astronaut_piece_1.png-b7e95a5fec7ddaccce7257363f58b886.ctex
Completed load for: 'res://assets/opera/worlds/widgets/widget_target_astronaut_piece_1.png' remapped 'res://assets/opera/worlds/widgets/widget_target_astronaut_piece_1.png' at thread -1
Loading resource: res://assets/opera/worlds/widgets/widget_target_astronaut_piece_2.png remapped: res://assets/opera/worlds/widgets/widget_target_astronaut_piece_2.png
Loading resource: res://.godot/imported/widget_target_astronaut_piece_2.png-abdfceb03b42aac120dd7c20035fadf6.ctex remapped: res://.godot/imported/widget_target_astronaut_piece_2.png-abdfceb03b42aac120dd7c20035fadf6.ctex
Completed load for: 'res://assets/opera/worlds/widgets/widget_target_astronaut_piece_2.png' remapped 'res://assets/opera/worlds/widgets/widget_target_astronaut_piece_2.png' at thread -1
Loading resource: res://assets/opera/worlds/widgets/widget_target_candymaker_mover.png remapped: res://assets/opera/worlds/widgets/widget_target_candymaker_mover.png
Loading resource: res://.godot/imported/widget_target_candymaker_mover.png-e47fd849a441312d8d71aa6d1366d77e.s3tc.ctex remapped: res://.godot/imported/widget_target_candymaker_mover.png-e47fd849a441312d8d71aa6d1366d77e.s3tc.ctex
Completed load for: 'res://assets/opera/worlds/widgets/widget_target_candymaker_mover.png' remapped 'res://assets/opera/worlds/widgets/widget_target_candymaker_mover.png' at thread -1
Loading resource: res://assets/opera/worlds/widgets/widget_target_candymaker_mark.png remapped: res://assets/opera/worlds/widgets/widget_target_candymaker_mark.png
Loading resource: res://.godot/imported/widget_target_candymaker_mark.png-7e3166b02387c0c713e3efd2452a1619.s3tc.ctex remapped: res://.godot/imported/widget_target_candymaker_mark.png-7e3166b02387c0c713e3efd2452a1619.s3tc.ctex
Completed load for: 'res://assets/opera/worlds/widgets/widget_target_candymaker_mark.png' remapped 'res://assets/opera/worlds/widgets/widget_target_candymaker_mark.png' at thread -1
Loading resource: res://assets/opera/worlds/widgets/widget_target_candymaker_piece_0.png remapped: res://assets/opera/worlds/widgets/widget_target_candymaker_piece_0.png
Loading resource: res://.godot/imported/widget_target_candymaker_piece_0.png-ba45daeab2c460e2b14a0038249825d6.ctex remapped: res://.godot/imported/widget_target_candymaker_piece_0.png-ba45daeab2c460e2b14a0038249825d6.ctex
Completed load for: 'res://assets/opera/worlds/widgets/widget_target_candymaker_piece_0.png' remapped 'res://assets/opera/worlds/widgets/widget_target_candymaker_piece_0.png' at thread -1
Loading resource: res://assets/opera/worlds/widgets/widget_target_candymaker_piece_1.png remapped: res://assets/opera/worlds/widgets/widget_target_candymaker_piece_1.png
Loading resource: res://.godot/imported/widget_target_candymaker_piece_1.png-d6d4d8501ec9834139fca7b90a23aeb5.ctex remapped: res://.godot/imported/widget_target_candymaker_piece_1.png-d6d4d8501ec9834139fca7b90a23aeb5.ctex
Completed load for: 'res://assets/opera/worlds/widgets/widget_target_candymaker_piece_1.png' remapped 'res://assets/opera/worlds/widgets/widget_target_candymaker_piece_1.png' at thread -1
Loading resource: res://assets/opera/worlds/widgets/widget_target_candymaker_piece_2.png remapped: res://assets/opera/worlds/widgets/widget_target_candymaker_piece_2.png
Loading resource: res://.godot/imported/widget_target_candymaker_piece_2.png-58cab02110f6e69b4fc9c695053513f9.ctex remapped: res://.godot/imported/widget_target_candymaker_piece_2.png-58cab02110f6e69b4fc9c695053513f9.ctex
Completed load for: 'res://assets/opera/worlds/widgets/widget_target_candymaker_piece_2.png' remapped 'res://assets/opera/worlds/widgets/widget_target_candymaker_piece_2.png' at thread -1
Loading resource: res://assets/opera/worlds/widgets/widget_target_farmer_mover.png remapped: res://assets/opera/worlds/widgets/widget_target_farmer_mover.png
Loading resource: res://.godot/imported/widget_target_farmer_mover.png-86855a96a45f32a6911737868ab865a3.s3tc.ctex remapped: res://.godot/imported/widget_target_farmer_mover.png-86855a96a45f32a6911737868ab865a3.s3tc.ctex
Completed load for: 'res://assets/opera/worlds/widgets/widget_target_farmer_mover.png' remapped 'res://assets/opera/worlds/widgets/widget_target_farmer_mover.png' at thread -1
Loading resource: res://assets/opera/worlds/widgets/widget_target_farmer_mark.png remapped: res://assets/opera/worlds/widgets/widget_target_farmer_mark.png
Loading resource: res://.godot/imported/widget_target_farmer_mark.png-566acbbf549dba39e8a93cd65b891b27.s3tc.ctex remapped: res://.godot/imported/widget_target_farmer_mark.png-566acbbf549dba39e8a93cd65b891b27.s3tc.ctex
Completed load for: 'res://assets/opera/worlds/widgets/widget_target_farmer_mark.png' remapped 'res://assets/opera/worlds/widgets/widget_target_farmer_mark.png' at thread -1
Loading resource: res://assets/opera/worlds/widgets/widget_target_farmer_piece_0.png remapped: res://assets/opera/worlds/widgets/widget_target_farmer_piece_0.png
Loading resource: res://.godot/imported/widget_target_farmer_piece_0.png-ec64c1e0e8e971261fa45d14a5899c66.ctex remapped: res://.godot/imported/widget_target_farmer_piece_0.png-ec64c1e0e8e971261fa45d14a5899c66.ctex
Completed load for: 'res://assets/opera/worlds/widgets/widget_target_farmer_piece_0.png' remapped 'res://assets/opera/worlds/widgets/widget_target_farmer_piece_0.png' at thread -1
Loading resource: res://assets/opera/worlds/widgets/widget_target_farmer_piece_1.png remapped: res://assets/opera/worlds/widgets/widget_target_farmer_piece_1.png
Loading resource: res://.godot/imported/widget_target_farmer_piece_1.png-a540a18966f7286499744f9c14d2a8b1.ctex remapped: res://.godot/imported/widget_target_farmer_piece_1.png-a540a18966f7286499744f9c14d2a8b1.ctex
Completed load for: 'res://assets/opera/worlds/widgets/widget_target_farmer_piece_1.png' remapped 'res://assets/opera/worlds/widgets/widget_target_farmer_piece_1.png' at thread -1
Loading resource: res://assets/opera/worlds/widgets/widget_target_farmer_piece_2.png remapped: res://assets/opera/worlds/widgets/widget_target_farmer_piece_2.png
Loading resource: res://.godot/imported/widget_target_farmer_piece_2.png-0ee41cbe97a1bad59d358afd93ca7eda.ctex remapped: res://.godot/imported/widget_target_farmer_piece_2.png-0ee41cbe97a1bad59d358afd93ca7eda.ctex
Completed load for: 'res://assets/opera/worlds/widgets/widget_target_farmer_piece_2.png' remapped 'res://assets/opera/worlds/widgets/widget_target_farmer_piece_2.png' at thread -1
Loading resource: res://assets/opera/worlds/nursery/baby_0.png remapped: res://assets/opera/worlds/nursery/baby_0.png
Loading resource: res://.godot/imported/baby_0.png-25213d123b95a3f527bbdfc4c38420dc.ctex remapped: res://.godot/imported/baby_0.png-25213d123b95a3f527bbdfc4c38420dc.ctex
Completed load for: 'res://assets/opera/worlds/nursery/baby_0.png' remapped 'res://assets/opera/worlds/nursery/baby_0.png' at thread -1
Loading resource: res://assets/opera/worlds/nursery/baby_1.png remapped: res://assets/opera/worlds/nursery/baby_1.png
Loading resource: res://.godot/imported/baby_1.png-42b11293ca1c6c5d05534e43d655691b.ctex remapped: res://.godot/imported/baby_1.png-42b11293ca1c6c5d05534e43d655691b.ctex
Completed load for: 'res://assets/opera/worlds/nursery/baby_1.png' remapped 'res://assets/opera/worlds/nursery/baby_1.png' at thread -1
Loading resource: res://assets/opera/worlds/nursery/baby_2.png remapped: res://assets/opera/worlds/nursery/baby_2.png
Loading resource: res://.godot/imported/baby_2.png-139e826bcc74e5e4a78f81062773a690.ctex remapped: res://.godot/imported/baby_2.png-139e826bcc74e5e4a78f81062773a690.ctex
Completed load for: 'res://assets/opera/worlds/nursery/baby_2.png' remapped 'res://assets/opera/worlds/nursery/baby_2.png' at thread -1
Loading resource: res://assets/opera/worlds/widgets/widget_pour_nursery_mover.png remapped: res://assets/opera/worlds/widgets/widget_pour_nursery_mover.png
Loading resource: res://.godot/imported/widget_pour_nursery_mover.png-554a482aafd44de8fd6d88a810db96d4.s3tc.ctex remapped: res://.godot/imported/widget_pour_nursery_mover.png-554a482aafd44de8fd6d88a810db96d4.s3tc.ctex
Completed load for: 'res://assets/opera/worlds/widgets/widget_pour_nursery_mover.png' remapped 'res://assets/opera/worlds/widgets/widget_pour_nursery_mover.png' at thread -1
Loading resource: res://assets/opera/worlds/widgets/widget_magic_vanish_hat.png remapped: res://assets/opera/worlds/widgets/widget_magic_vanish_hat.png
Loading resource: res://.godot/imported/widget_magic_vanish_hat.png-d175694cbfc2e9429563a7e27d2c7e4c.ctex remapped: res://.godot/imported/widget_magic_vanish_hat.png-d175694cbfc2e9429563a7e27d2c7e4c.ctex
Completed load for: 'res://assets/opera/worlds/widgets/widget_magic_vanish_hat.png' remapped 'res://assets/opera/worlds/widgets/widget_magic_vanish_hat.png' at thread -1
Loading resource: res://assets/opera/worlds/widgets/widget_magic_vanish_wand.png remapped: res://assets/opera/worlds/widgets/widget_magic_vanish_wand.png
Loading resource: res://.godot/imported/widget_magic_vanish_wand.png-cedcdb52015df6298fe99028efb28d53.ctex remapped: res://.godot/imported/widget_magic_vanish_wand.png-cedcdb52015df6298fe99028efb28d53.ctex
Completed load for: 'res://assets/opera/worlds/widgets/widget_magic_vanish_wand.png' remapped 'res://assets/opera/worlds/widgets/widget_magic_vanish_wand.png' at thread -1
Loading resource: res://assets/minigames/seek/lamma_animation.png remapped: res://assets/minigames/seek/lamma_animation.png
Loading resource: res://.godot/imported/lamma_animation.png-95f58db08898025018ed628b593cf64d.ctex remapped: res://.godot/imported/lamma_animation.png-95f58db08898025018ed628b593cf64d.ctex
Completed load for: 'res://assets/minigames/seek/lamma_animation.png' remapped 'res://assets/minigames/seek/lamma_animation.png' at thread -1
Loading resource: res://assets/opera/worlds/widgets/widget_target_chef_mover.png remapped: res://assets/opera/worlds/widgets/widget_target_chef_mover.png
Loading resource: res://.godot/imported/widget_target_chef_mover.png-0348ec37217a0be19b7dc33b08e18a48.s3tc.ctex remapped: res://.godot/imported/widget_target_chef_mover.png-0348ec37217a0be19b7dc33b08e18a48.s3tc.ctex
Completed load for: 'res://assets/opera/worlds/widgets/widget_target_chef_mover.png' remapped 'res://assets/opera/worlds/widgets/widget_target_chef_mover.png' at thread -1
Loading resource: res://assets/opera/worlds/widgets/widget_target_chef_mark.png remapped: res://assets/opera/worlds/widgets/widget_target_chef_mark.png
Loading resource: res://.godot/imported/widget_target_chef_mark.png-1f6ea57fa3448d1cb262638df0e61308.s3tc.ctex remapped: res://.godot/imported/widget_target_chef_mark.png-1f6ea57fa3448d1cb262638df0e61308.s3tc.ctex
Completed load for: 'res://assets/opera/worlds/widgets/widget_target_chef_mark.png' remapped 'res://assets/opera/worlds/widgets/widget_target_chef_mark.png' at thread -1
Loading resource: res://assets/opera/worlds/widgets/widget_target_chef_piece_0.png remapped: res://assets/opera/worlds/widgets/widget_target_chef_piece_0.png
Loading resource: res://.godot/imported/widget_target_chef_piece_0.png-90cab77ee27c1359ea583e25118d5fbf.ctex remapped: res://.godot/imported/widget_target_chef_piece_0.png-90cab77ee27c1359ea583e25118d5fbf.ctex
Completed load for: 'res://assets/opera/worlds/widgets/widget_target_chef_piece_0.png' remapped 'res://assets/opera/worlds/widgets/widget_target_chef_piece_0.png' at thread -1
Loading resource: res://assets/opera/worlds/widgets/widget_target_chef_piece_1.png remapped: res://assets/opera/worlds/widgets/widget_target_chef_piece_1.png
Loading resource: res://.godot/imported/widget_target_chef_piece_1.png-4397cec0afcbc7e2b301310a1d89ecbb.ctex remapped: res://.godot/imported/widget_target_chef_piece_1.png-4397cec0afcbc7e2b301310a1d89ecbb.ctex
Completed load for: 'res://assets/opera/worlds/widgets/widget_target_chef_piece_1.png' remapped 'res://assets/opera/worlds/widgets/widget_target_chef_piece_1.png' at thread -1
Loading resource: res://assets/opera/worlds/widgets/widget_target_chef_piece_2.png remapped: res://assets/opera/worlds/widgets/widget_target_chef_piece_2.png
Loading resource: res://.godot/imported/widget_target_chef_piece_2.png-1e58ee19107a90c8ac620be72966e6d3.ctex remapped: res://.godot/imported/widget_target_chef_piece_2.png-1e58ee19107a90c8ac620be72966e6d3.ctex
Completed load for: 'res://assets/opera/worlds/widgets/widget_target_chef_piece_2.png' remapped 'res://assets/opera/worlds/widgets/widget_target_chef_piece_2.png' at thread -1
Loading resource: res://assets/opera/worlds/widgets/widget_target_candymaker_mover.png remapped: res://assets/opera/worlds/widgets/widget_target_candymaker_mover.png
Loading resource: res://.godot/imported/widget_target_candymaker_mover.png-e47fd849a441312d8d71aa6d1366d77e.s3tc.ctex remapped: res://.godot/imported/widget_target_candymaker_mover.png-e47fd849a441312d8d71aa6d1366d77e.s3tc.ctex
Completed load for: 'res://assets/opera/worlds/widgets/widget_target_candymaker_mover.png' remapped 'res://assets/opera/worlds/widgets/widget_target_candymaker_mover.png' at thread -1
Loading resource: res://assets/opera/worlds/widgets/widget_target_candymaker_mark.png remapped: res://assets/opera/worlds/widgets/widget_target_candymaker_mark.png
Loading resource: res://.godot/imported/widget_target_candymaker_mark.png-7e3166b02387c0c713e3efd2452a1619.s3tc.ctex remapped: res://.godot/imported/widget_target_candymaker_mark.png-7e3166b02387c0c713e3efd2452a1619.s3tc.ctex
Completed load for: 'res://assets/opera/worlds/widgets/widget_target_candymaker_mark.png' remapped 'res://assets/opera/worlds/widgets/widget_target_candymaker_mark.png' at thread -1
Loading resource: res://assets/opera/worlds/widgets/widget_target_candymaker_piece_0.png remapped: res://assets/opera/worlds/widgets/widget_target_candymaker_piece_0.png
Loading resource: res://.godot/imported/widget_target_candymaker_piece_0.png-ba45daeab2c460e2b14a0038249825d6.ctex remapped: res://.godot/imported/widget_target_candymaker_piece_0.png-ba45daeab2c460e2b14a0038249825d6.ctex
Completed load for: 'res://assets/opera/worlds/widgets/widget_target_candymaker_piece_0.png' remapped 'res://assets/opera/worlds/widgets/widget_target_candymaker_piece_0.png' at thread -1
Loading resource: res://assets/opera/worlds/widgets/widget_target_candymaker_piece_1.png remapped: res://assets/opera/worlds/widgets/widget_target_candymaker_piece_1.png
Loading resource: res://.godot/imported/widget_target_candymaker_piece_1.png-d6d4d8501ec9834139fca7b90a23aeb5.ctex remapped: res://.godot/imported/widget_target_candymaker_piece_1.png-d6d4d8501ec9834139fca7b90a23aeb5.ctex
Completed load for: 'res://assets/opera/worlds/widgets/widget_target_candymaker_piece_1.png' remapped 'res://assets/opera/worlds/widgets/widget_target_candymaker_piece_1.png' at thread -1
Loading resource: res://assets/opera/worlds/widgets/widget_target_candymaker_piece_2.png remapped: res://assets/opera/worlds/widgets/widget_target_candymaker_piece_2.png
Loading resource: res://.godot/imported/widget_target_candymaker_piece_2.png-58cab02110f6e69b4fc9c695053513f9.ctex remapped: res://.godot/imported/widget_target_candymaker_piece_2.png-58cab02110f6e69b4fc9c695053513f9.ctex
Completed load for: 'res://assets/opera/worlds/widgets/widget_target_candymaker_piece_2.png' remapped 'res://assets/opera/worlds/widgets/widget_target_candymaker_piece_2.png' at thread -1
Loading resource: res://assets/opera/worlds/widgets/widget_target_farmer_mover.png remapped: res://assets/opera/worlds/widgets/widget_target_farmer_mover.png
Loading resource: res://.godot/imported/widget_target_farmer_mover.png-86855a96a45f32a6911737868ab865a3.s3tc.ctex remapped: res://.godot/imported/widget_target_farmer_mover.png-86855a96a45f32a6911737868ab865a3.s3tc.ctex
Completed load for: 'res://assets/opera/worlds/widgets/widget_target_farmer_mover.png' remapped 'res://assets/opera/worlds/widgets/widget_target_farmer_mover.png' at thread -1
Loading resource: res://assets/opera/worlds/widgets/widget_target_farmer_mark.png remapped: res://assets/opera/worlds/widgets/widget_target_farmer_mark.png
Loading resource: res://.godot/imported/widget_target_farmer_mark.png-566acbbf549dba39e8a93cd65b891b27.s3tc.ctex remapped: res://.godot/imported/widget_target_farmer_mark.png-566acbbf549dba39e8a93cd65b891b27.s3tc.ctex
Completed load for: 'res://assets/opera/worlds/widgets/widget_target_farmer_mark.png' remapped 'res://assets/opera/worlds/widgets/widget_target_farmer_mark.png' at thread -1
Loading resource: res://assets/opera/worlds/widgets/widget_target_farmer_piece_0.png remapped: res://assets/opera/worlds/widgets/widget_target_farmer_piece_0.png
Loading resource: res://.godot/imported/widget_target_farmer_piece_0.png-ec64c1e0e8e971261fa45d14a5899c66.ctex remapped: res://.godot/imported/widget_target_farmer_piece_0.png-ec64c1e0e8e971261fa45d14a5899c66.ctex
Completed load for: 'res://assets/opera/worlds/widgets/widget_target_farmer_piece_0.png' remapped 'res://assets/opera/worlds/widgets/widget_target_farmer_piece_0.png' at thread -1
Loading resource: res://assets/opera/worlds/widgets/widget_target_farmer_piece_1.png remapped: res://assets/opera/worlds/widgets/widget_target_farmer_piece_1.png
Loading resource: res://.godot/imported/widget_target_farmer_piece_1.png-a540a18966f7286499744f9c14d2a8b1.ctex remapped: res://.godot/imported/widget_target_farmer_piece_1.png-a540a18966f7286499744f9c14d2a8b1.ctex
Completed load for: 'res://assets/opera/worlds/widgets/widget_target_farmer_piece_1.png' remapped 'res://assets/opera/worlds/widgets/widget_target_farmer_piece_1.png' at thread -1
Loading resource: res://assets/opera/worlds/widgets/widget_target_farmer_piece_2.png remapped: res://assets/opera/worlds/widgets/widget_target_farmer_piece_2.png
Loading resource: res://.godot/imported/widget_target_farmer_piece_2.png-0ee41cbe97a1bad59d358afd93ca7eda.ctex remapped: res://.godot/imported/widget_target_farmer_piece_2.png-0ee41cbe97a1bad59d358afd93ca7eda.ctex
Completed load for: 'res://assets/opera/worlds/widgets/widget_target_farmer_piece_2.png' remapped 'res://assets/opera/worlds/widgets/widget_target_farmer_piece_2.png' at thread -1
Loading resource: res://assets/opera/worlds/widgets/widget_target_astronaut_mover.png remapped: res://assets/opera/worlds/widgets/widget_target_astronaut_mover.png
Loading resource: res://.godot/imported/widget_target_astronaut_mover.png-8e24e7cdbbbdbb899fe267d227bc022a.s3tc.ctex remapped: res://.godot/imported/widget_target_astronaut_mover.png-8e24e7cdbbbdbb899fe267d227bc022a.s3tc.ctex
Completed load for: 'res://assets/opera/worlds/widgets/widget_target_astronaut_mover.png' remapped 'res://assets/opera/worlds/widgets/widget_target_astronaut_mover.png' at thread -1
Loading resource: res://assets/opera/worlds/widgets/widget_target_astronaut_mark.png remapped: res://assets/opera/worlds/widgets/widget_target_astronaut_mark.png
Loading resource: res://.godot/imported/widget_target_astronaut_mark.png-85831ac745dd99d2689873fa699b7814.s3tc.ctex remapped: res://.godot/imported/widget_target_astronaut_mark.png-85831ac745dd99d2689873fa699b7814.s3tc.ctex
Completed load for: 'res://assets/opera/worlds/widgets/widget_target_astronaut_mark.png' remapped 'res://assets/opera/worlds/widgets/widget_target_astronaut_mark.png' at thread -1
Loading resource: res://assets/opera/worlds/widgets/widget_target_astronaut_piece_0.png remapped: res://assets/opera/worlds/widgets/widget_target_astronaut_piece_0.png
Loading resource: res://.godot/imported/widget_target_astronaut_piece_0.png-d1879a92588ec11c1824acbe255eeee9.ctex remapped: res://.godot/imported/widget_target_astronaut_piece_0.png-d1879a92588ec11c1824acbe255eeee9.ctex
Completed load for: 'res://assets/opera/worlds/widgets/widget_target_astronaut_piece_0.png' remapped 'res://assets/opera/worlds/widgets/widget_target_astronaut_piece_0.png' at thread -1
Loading resource: res://assets/opera/worlds/widgets/widget_target_astronaut_piece_1.png remapped: res://assets/opera/worlds/widgets/widget_target_astronaut_piece_1.png
Loading resource: res://.godot/imported/widget_target_astronaut_piece_1.png-b7e95a5fec7ddaccce7257363f58b886.ctex remapped: res://.godot/imported/widget_target_astronaut_piece_1.png-b7e95a5fec7ddaccce7257363f58b886.ctex
Completed load for: 'res://assets/opera/worlds/widgets/widget_target_astronaut_piece_1.png' remapped 'res://assets/opera/worlds/widgets/widget_target_astronaut_piece_1.png' at thread -1
Loading resource: res://assets/opera/worlds/widgets/widget_target_astronaut_piece_2.png remapped: res://assets/opera/worlds/widgets/widget_target_astronaut_piece_2.png
Loading resource: res://.godot/imported/widget_target_astronaut_piece_2.png-abdfceb03b42aac120dd7c20035fadf6.ctex remapped: res://.godot/imported/widget_target_astronaut_piece_2.png-abdfceb03b42aac120dd7c20035fadf6.ctex
Completed load for: 'res://assets/opera/worlds/widgets/widget_target_astronaut_piece_2.png' remapped 'res://assets/opera/worlds/widgets/widget_target_astronaut_piece_2.png' at thread -1
Loading resource: res://assets/opera/worlds/widgets/widget_target_painter_mover.png remapped: res://assets/opera/worlds/widgets/widget_target_painter_mover.png
Loading resource: res://.godot/imported/widget_target_painter_mover.png-e9442127e19daab460ce0b82d56db0e8.s3tc.ctex remapped: res://.godot/imported/widget_target_painter_mover.png-e9442127e19daab460ce0b82d56db0e8.s3tc.ctex
Completed load for: 'res://assets/opera/worlds/widgets/widget_target_painter_mover.png' remapped 'res://assets/opera/worlds/widgets/widget_target_painter_mover.png' at thread -1
Loading resource: res://assets/opera/worlds/widgets/widget_target_painter_mark.png remapped: res://assets/opera/worlds/widgets/widget_target_painter_mark.png
Loading resource: res://.godot/imported/widget_target_painter_mark.png-0a21cbf96060301aaa8f8ab8dc9821f6.s3tc.ctex remapped: res://.godot/imported/widget_target_painter_mark.png-0a21cbf96060301aaa8f8ab8dc9821f6.s3tc.ctex
Completed load for: 'res://assets/opera/worlds/widgets/widget_target_painter_mark.png' remapped 'res://assets/opera/worlds/widgets/widget_target_painter_mark.png' at thread -1
Loading resource: res://assets/opera/worlds/widgets/widget_pour_nursery_mover.png remapped: res://assets/opera/worlds/widgets/widget_pour_nursery_mover.png
Loading resource: res://.godot/imported/widget_pour_nursery_mover.png-554a482aafd44de8fd6d88a810db96d4.s3tc.ctex remapped: res://.godot/imported/widget_pour_nursery_mover.png-554a482aafd44de8fd6d88a810db96d4.s3tc.ctex
Completed load for: 'res://assets/opera/worlds/widgets/widget_pour_nursery_mover.png' remapped 'res://assets/opera/worlds/widgets/widget_pour_nursery_mover.png' at thread -1
Loading resource: res://assets/opera/worlds/widgets/widget_magic_vanish_hat.png remapped: res://assets/opera/worlds/widgets/widget_magic_vanish_hat.png
Loading resource: res://.godot/imported/widget_magic_vanish_hat.png-d175694cbfc2e9429563a7e27d2c7e4c.ctex remapped: res://.godot/imported/widget_magic_vanish_hat.png-d175694cbfc2e9429563a7e27d2c7e4c.ctex
Completed load for: 'res://assets/opera/worlds/widgets/widget_magic_vanish_hat.png' remapped 'res://assets/opera/worlds/widgets/widget_magic_vanish_hat.png' at thread -1
Loading resource: res://assets/opera/worlds/widgets/widget_magic_vanish_wand.png remapped: res://assets/opera/worlds/widgets/widget_magic_vanish_wand.png
Loading resource: res://.godot/imported/widget_magic_vanish_wand.png-cedcdb52015df6298fe99028efb28d53.ctex remapped: res://.godot/imported/widget_magic_vanish_wand.png-cedcdb52015df6298fe99028efb28d53.ctex
Completed load for: 'res://assets/opera/worlds/widgets/widget_magic_vanish_wand.png' remapped 'res://assets/opera/worlds/widgets/widget_magic_vanish_wand.png' at thread -1
Loading resource: res://assets/minigames/seek/lamma_animation.png remapped: res://assets/minigames/seek/lamma_animation.png
Loading resource: res://.godot/imported/lamma_animation.png-95f58db08898025018ed628b593cf64d.ctex remapped: res://.godot/imported/lamma_animation.png-95f58db08898025018ed628b593cf64d.ctex
Completed load for: 'res://assets/minigames/seek/lamma_animation.png' remapped 'res://assets/minigames/seek/lamma_animation.png' at thread -1
Loading resource: res://assets/opera/worlds/widgets/widget_lanes_candymaker_lit.png remapped: res://assets/opera/worlds/widgets/widget_lanes_candymaker_lit.png
Loading resource: res://.godot/imported/widget_lanes_candymaker_lit.png-eeb47438813e7e6949b86b257f3855ab.ctex remapped: res://.godot/imported/widget_lanes_candymaker_lit.png-eeb47438813e7e6949b86b257f3855ab.ctex
Completed load for: 'res://assets/opera/worlds/widgets/widget_lanes_candymaker_lit.png' remapped 'res://assets/opera/worlds/widgets/widget_lanes_candymaker_lit.png' at thread -1
Loading resource: res://assets/opera/worlds/widgets/widget_lanes_shared_pick.png remapped: res://assets/opera/worlds/widgets/widget_lanes_shared_pick.png
Loading resource: res://.godot/imported/widget_lanes_shared_pick.png-f0962d83cc1061a3d5b9c3ee67ea1fcc.s3tc.ctex remapped: res://.godot/imported/widget_lanes_shared_pick.png-f0962d83cc1061a3d5b9c3ee67ea1fcc.s3tc.ctex
Completed load for: 'res://assets/opera/worlds/widgets/widget_lanes_shared_pick.png' remapped 'res://assets/opera/worlds/widgets/widget_lanes_shared_pick.png' at thread -1
Loading resource: res://assets/opera/worlds/widgets/widget_trace_painter_lit.png remapped: res://assets/opera/worlds/widgets/widget_trace_painter_lit.png
Loading resource: res://.godot/imported/widget_trace_painter_lit.png-38856e71258649eb95ea143930f4fafd.ctex remapped: res://.godot/imported/widget_trace_painter_lit.png-38856e71258649eb95ea143930f4fafd.ctex
Completed load for: 'res://assets/opera/worlds/widgets/widget_trace_painter_lit.png' remapped 'res://assets/opera/worlds/widgets/widget_trace_painter_lit.png' at thread -1
Loading resource: res://assets/opera/worlds/props/goal_painter.png remapped: res://assets/opera/worlds/props/goal_painter.png
Loading resource: res://.godot/imported/goal_painter.png-4289cb18595fe414f9fac5071aa163de.s3tc.ctex remapped: res://.godot/imported/goal_painter.png-4289cb18595fe414f9fac5071aa163de.s3tc.ctex
Completed load for: 'res://assets/opera/worlds/props/goal_painter.png' remapped 'res://assets/opera/worlds/props/goal_painter.png' at thread -1
Loading resource: res://assets/opera/worlds/widgets/widget_target_farmer_mover.png remapped: res://assets/opera/worlds/widgets/widget_target_farmer_mover.png
Loading resource: res://.godot/imported/widget_target_farmer_mover.png-86855a96a45f32a6911737868ab865a3.s3tc.ctex remapped: res://.godot/imported/widget_target_farmer_mover.png-86855a96a45f32a6911737868ab865a3.s3tc.ctex
Completed load for: 'res://assets/opera/worlds/widgets/widget_target_farmer_mover.png' remapped 'res://assets/opera/worlds/widgets/widget_target_farmer_mover.png' at thread -1
Loading resource: res://assets/opera/worlds/widgets/widget_target_farmer_mark.png remapped: res://assets/opera/worlds/widgets/widget_target_farmer_mark.png
Loading resource: res://.godot/imported/widget_target_farmer_mark.png-566acbbf549dba39e8a93cd65b891b27.s3tc.ctex remapped: res://.godot/imported/widget_target_farmer_mark.png-566acbbf549dba39e8a93cd65b891b27.s3tc.ctex
Completed load for: 'res://assets/opera/worlds/widgets/widget_target_farmer_mark.png' remapped 'res://assets/opera/worlds/widgets/widget_target_farmer_mark.png' at thread -1
Loading resource: res://assets/opera/worlds/widgets/widget_target_farmer_piece_0.png remapped: res://assets/opera/worlds/widgets/widget_target_farmer_piece_0.png
Loading resource: res://.godot/imported/widget_target_farmer_piece_0.png-ec64c1e0e8e971261fa45d14a5899c66.ctex remapped: res://.godot/imported/widget_target_farmer_piece_0.png-ec64c1e0e8e971261fa45d14a5899c66.ctex
Completed load for: 'res://assets/opera/worlds/widgets/widget_target_farmer_piece_0.png' remapped 'res://assets/opera/worlds/widgets/widget_target_farmer_piece_0.png' at thread -1
Loading resource: res://assets/opera/worlds/widgets/widget_target_farmer_piece_1.png remapped: res://assets/opera/worlds/widgets/widget_target_farmer_piece_1.png
Loading resource: res://.godot/imported/widget_target_farmer_piece_1.png-a540a18966f7286499744f9c14d2a8b1.ctex remapped: res://.godot/imported/widget_target_farmer_piece_1.png-a540a18966f7286499744f9c14d2a8b1.ctex
Completed load for: 'res://assets/opera/worlds/widgets/widget_target_farmer_piece_1.png' remapped 'res://assets/opera/worlds/widgets/widget_target_farmer_piece_1.png' at thread -1
Loading resource: res://assets/opera/worlds/widgets/widget_target_farmer_piece_2.png remapped: res://assets/opera/worlds/widgets/widget_target_farmer_piece_2.png
Loading resource: res://.godot/imported/widget_target_farmer_piece_2.png-0ee41cbe97a1bad59d358afd93ca7eda.ctex remapped: res://.godot/imported/widget_target_farmer_piece_2.png-0ee41cbe97a1bad59d358afd93ca7eda.ctex
Completed load for: 'res://assets/opera/worlds/widgets/widget_target_farmer_piece_2.png' remapped 'res://assets/opera/worlds/widgets/widget_target_farmer_piece_2.png' at thread -1
Loading resource: res://assets/opera/worlds/props/goal_farmer.png remapped: res://assets/opera/worlds/props/goal_farmer.png
Loading resource: res://.godot/imported/goal_farmer.png-27dfc92b7f2a3a83a2af09cd9c7603a0.s3tc.ctex remapped: res://.godot/imported/goal_farmer.png-27dfc92b7f2a3a83a2af09cd9c7603a0.s3tc.ctex
Completed load for: 'res://assets/opera/worlds/props/goal_farmer.png' remapped 'res://assets/opera/worlds/props/goal_farmer.png' at thread -1
Loading resource: res://assets/opera/worlds/widgets/widget_track_boxer_mover.png remapped: res://assets/opera/worlds/widgets/widget_track_boxer_mover.png
Loading resource: res://.godot/imported/widget_track_boxer_mover.png-6e32f9882abca6409192d6c39b5fe26c.s3tc.ctex remapped: res://.godot/imported/widget_track_boxer_mover.png-6e32f9882abca6409192d6c39b5fe26c.s3tc.ctex
Completed load for: 'res://assets/opera/worlds/widgets/widget_track_boxer_mover.png' remapped 'res://assets/opera/worlds/widgets/widget_track_boxer_mover.png' at thread -1
Loading resource: res://assets/opera/worlds/widgets/widget_target_boxer_mark.png remapped: res://assets/opera/worlds/widgets/widget_target_boxer_mark.png
Loading resource: res://.godot/imported/widget_target_boxer_mark.png-61d696e74b4a5d6465ee8e9146cb6339.s3tc.ctex remapped: res://.godot/imported/widget_target_boxer_mark.png-61d696e74b4a5d6465ee8e9146cb6339.s3tc.ctex
Completed load for: 'res://assets/opera/worlds/widgets/widget_target_boxer_mark.png' remapped 'res://assets/opera/worlds/widgets/widget_target_boxer_mark.png' at thread -1
Loading resource: res://assets/opera/worlds/props/goal_boxer.png remapped: res://assets/opera/worlds/props/goal_boxer.png
Loading resource: res://.godot/imported/goal_boxer.png-2af1a04ab6ca53e5baf1b422029d5cec.s3tc.ctex remapped: res://.godot/imported/goal_boxer.png-2af1a04ab6ca53e5baf1b422029d5cec.s3tc.ctex
Completed load for: 'res://assets/opera/worlds/props/goal_boxer.png' remapped 'res://assets/opera/worlds/props/goal_boxer.png' at thread -1
Loading resource: res://assets/opera/worlds/props/fx_bop_puff.png remapped: res://assets/opera/worlds/props/fx_bop_puff.png
Loading resource: res://.godot/imported/fx_bop_puff.png-44d6a8b8f3875802302bda4fdd154827.s3tc.ctex remapped: res://.godot/imported/fx_bop_puff.png-44d6a8b8f3875802302bda4fdd154827.s3tc.ctex
Completed load for: 'res://assets/opera/worlds/props/fx_bop_puff.png' remapped 'res://assets/opera/worlds/props/fx_bop_puff.png' at thread -1
Loading resource: res://assets/opera/worlds/props/fx_telegraph_ring.png remapped: res://assets/opera/worlds/props/fx_telegraph_ring.png
Loading resource: res://.godot/imported/fx_telegraph_ring.png-a5607cfab59aaf797e0ebc0e0d630b71.s3tc.ctex remapped: res://.godot/imported/fx_telegraph_ring.png-a5607cfab59aaf797e0ebc0e0d630b71.s3tc.ctex
Completed load for: 'res://assets/opera/worlds/props/fx_telegraph_ring.png' remapped 'res://assets/opera/worlds/props/fx_telegraph_ring.png' at thread -1
Loading resource: res://assets/opera/worlds/actors/rival_boxer.png remapped: res://assets/opera/worlds/actors/rival_boxer.png
Loading resource: res://.godot/imported/rival_boxer.png-4a4d9a14f1b112c86c2a6b4327b4ff5d.s3tc.ctex remapped: res://.godot/imported/rival_boxer.png-4a4d9a14f1b112c86c2a6b4327b4ff5d.s3tc.ctex
Completed load for: 'res://assets/opera/worlds/actors/rival_boxer.png' remapped 'res://assets/opera/worlds/actors/rival_boxer.png' at thread -1
Loading resource: res://assets/opera/worlds/actors/rival_boxer_windup.png remapped: res://assets/opera/worlds/actors/rival_boxer_windup.png
Loading resource: res://.godot/imported/rival_boxer_windup.png-1a109b0e07685d9742bbdb3c9db9390e.s3tc.ctex remapped: res://.godot/imported/rival_boxer_windup.png-1a109b0e07685d9742bbdb3c9db9390e.s3tc.ctex
Completed load for: 'res://assets/opera/worlds/actors/rival_boxer_windup.png' remapped 'res://assets/opera/worlds/actors/rival_boxer_windup.png' at thread -1
Loading resource: res://assets/opera/worlds/actors/rival_boxer_charge.png remapped: res://assets/opera/worlds/actors/rival_boxer_charge.png
Loading resource: res://.godot/imported/rival_boxer_charge.png-1861b56615903d66c8fe9e1996983790.s3tc.ctex remapped: res://.godot/imported/rival_boxer_charge.png-1861b56615903d66c8fe9e1996983790.s3tc.ctex
Completed load for: 'res://assets/opera/worlds/actors/rival_boxer_charge.png' remapped 'res://assets/opera/worlds/actors/rival_boxer_charge.png' at thread -1
Loading resource: res://assets/opera/worlds/actors/rival_boxer_recover.png remapped: res://assets/opera/worlds/actors/rival_boxer_recover.png
Loading resource: res://.godot/imported/rival_boxer_recover.png-72bbb093046acf8664aa1fde9a1ddf76.s3tc.ctex remapped: res://.godot/imported/rival_boxer_recover.png-72bbb093046acf8664aa1fde9a1ddf76.s3tc.ctex
Completed load for: 'res://assets/opera/worlds/actors/rival_boxer_recover.png' remapped 'res://assets/opera/worlds/actors/rival_boxer_recover.png' at thread -1
Loading resource: res://assets/opera/worlds/actors/rival_boxer_guard.png remapped: res://assets/opera/worlds/actors/rival_boxer_guard.png
Loading resource: res://.godot/imported/rival_boxer_guard.png-53a82c3e79e0dcaa2c2a1c4655c480db.s3tc.ctex remapped: res://.godot/imported/rival_boxer_guard.png-53a82c3e79e0dcaa2c2a1c4655c480db.s3tc.ctex
Completed load for: 'res://assets/opera/worlds/actors/rival_boxer_guard.png' remapped 'res://assets/opera/worlds/actors/rival_boxer_guard.png' at thread -1
Loading resource: res://assets/opera/worlds/actors/rival_boxer_stagger.png remapped: res://assets/opera/worlds/actors/rival_boxer_stagger.png
Loading resource: res://.godot/imported/rival_boxer_stagger.png-6e93554f72dd69ea68049b3155c0f720.s3tc.ctex remapped: res://.godot/imported/rival_boxer_stagger.png-6e93554f72dd69ea68049b3155c0f720.s3tc.ctex
Completed load for: 'res://assets/opera/worlds/actors/rival_boxer_stagger.png' remapped 'res://assets/opera/worlds/actors/rival_boxer_stagger.png' at thread -1
Loading resource: res://assets/opera/worlds/actors/rival_boxer_taunt.png remapped: res://assets/opera/worlds/actors/rival_boxer_taunt.png
Loading resource: res://.godot/imported/rival_boxer_taunt.png-9688915c4372e4e600bf67571dd1db32.s3tc.ctex remapped: res://.godot/imported/rival_boxer_taunt.png-9688915c4372e4e600bf67571dd1db32.s3tc.ctex
Completed load for: 'res://assets/opera/worlds/actors/rival_boxer_taunt.png' remapped 'res://assets/opera/worlds/actors/rival_boxer_taunt.png' at thread -1
Loading resource: res://assets/opera/worlds/actors/rival_boxer_bopped.png remapped: res://assets/opera/worlds/actors/rival_boxer_bopped.png
Loading resource: res://.godot/imported/rival_boxer_bopped.png-0769e4059cd6ae1833f8ab2463bde96d.s3tc.ctex remapped: res://.godot/imported/rival_boxer_bopped.png-0769e4059cd6ae1833f8ab2463bde96d.s3tc.ctex
Completed load for: 'res://assets/opera/worlds/actors/rival_boxer_bopped.png' remapped 'res://assets/opera/worlds/actors/rival_boxer_bopped.png' at thread -1
Loading resource: res://assets/opera/worlds/actors/rival_boxer_bow.png remapped: res://assets/opera/worlds/actors/rival_boxer_bow.png
Loading resource: res://.godot/imported/rival_boxer_bow.png-7ef5806cd5d0d145d18393dd69281e1a.s3tc.ctex remapped: res://.godot/imported/rival_boxer_bow.png-7ef5806cd5d0d145d18393dd69281e1a.s3tc.ctex
Completed load for: 'res://assets/opera/worlds/actors/rival_boxer_bow.png' remapped 'res://assets/opera/worlds/actors/rival_boxer_bow.png' at thread -1
Loading resource: res://assets/audio/sfx/combat_pop.wav remapped: res://assets/audio/sfx/combat_pop.wav
Loading resource: res://.godot/imported/combat_pop.wav-983cacca1a488f0fcdf84cd6214798c6.sample remapped: res://.godot/imported/combat_pop.wav-983cacca1a488f0fcdf84cd6214798c6.sample
Completed load for: 'res://assets/audio/sfx/combat_pop.wav' remapped 'res://assets/audio/sfx/combat_pop.wav' at thread -1
Loading resource: res://assets/audio/sfx/combat_bonk.wav remapped: res://assets/audio/sfx/combat_bonk.wav
Loading resource: res://.godot/imported/combat_bonk.wav-adc5bbacd32e7c0ce5938bd690b44a28.sample remapped: res://.godot/imported/combat_bonk.wav-adc5bbacd32e7c0ce5938bd690b44a28.sample
Completed load for: 'res://assets/audio/sfx/combat_bonk.wav' remapped 'res://assets/audio/sfx/combat_bonk.wav' at thread -1
Loading resource: res://assets/audio/sfx/combat_charge_ring.wav remapped: res://assets/audio/sfx/combat_charge_ring.wav
Loading resource: res://.godot/imported/combat_charge_ring.wav-4eb8d1b8a19a725ee52708e018795c9b.sample remapped: res://.godot/imported/combat_charge_ring.wav-4eb8d1b8a19a725ee52708e018795c9b.sample
Completed load for: 'res://assets/audio/sfx/combat_charge_ring.wav' remapped 'res://assets/audio/sfx/combat_charge_ring.wav' at thread -1
Loading resource: res://assets/audio/chime.ogg remapped: res://assets/audio/chime.ogg
Loading resource: res://.godot/imported/chime.ogg-ccbd9039a16fca2270295f3df3042e4a.oggvorbisstr remapped: res://.godot/imported/chime.ogg-ccbd9039a16fca2270295f3df3042e4a.oggvorbisstr
Completed load for: 'res://assets/audio/chime.ogg' remapped 'res://assets/audio/chime.ogg' at thread -1
Loaded system CA certificates
Loading resource: res://assets/opera/worlds/widgets/widget_target_doctor_mover.png remapped: res://assets/opera/worlds/widgets/widget_target_doctor_mover.png
Loading resource: res://.godot/imported/widget_target_doctor_mover.png-669501519cd6247e362cf48e8532da9e.s3tc.ctex remapped: res://.godot/imported/widget_target_doctor_mover.png-669501519cd6247e362cf48e8532da9e.s3tc.ctex
Completed load for: 'res://assets/opera/worlds/widgets/widget_target_doctor_mover.png' remapped 'res://assets/opera/worlds/widgets/widget_target_doctor_mover.png' at thread -1
Loading resource: res://assets/opera/worlds/widgets/widget_target_doctor_mark.png remapped: res://assets/opera/worlds/widgets/widget_target_doctor_mark.png
Loading resource: res://.godot/imported/widget_target_doctor_mark.png-eab867b8c2ab4e06c3976c604be5fb8a.s3tc.ctex remapped: res://.godot/imported/widget_target_doctor_mark.png-eab867b8c2ab4e06c3976c604be5fb8a.s3tc.ctex
Completed load for: 'res://assets/opera/worlds/widgets/widget_target_doctor_mark.png' remapped 'res://assets/opera/worlds/widgets/widget_target_doctor_mark.png' at thread -1
Loading resource: res://assets/opera/worlds/widgets/widget_lanes_candymaker_lit.png remapped: res://assets/opera/worlds/widgets/widget_lanes_candymaker_lit.png
Loading resource: res://.godot/imported/widget_lanes_candymaker_lit.png-eeb47438813e7e6949b86b257f3855ab.ctex remapped: res://.godot/imported/widget_lanes_candymaker_lit.png-eeb47438813e7e6949b86b257f3855ab.ctex
Completed load for: 'res://assets/opera/worlds/widgets/widget_lanes_candymaker_lit.png' remapped 'res://assets/opera/worlds/widgets/widget_lanes_candymaker_lit.png' at thread -1
Loading resource: res://assets/opera/worlds/widgets/widget_lanes_shared_pick.png remapped: res://assets/opera/worlds/widgets/widget_lanes_shared_pick.png
Loading resource: res://.godot/imported/widget_lanes_shared_pick.png-f0962d83cc1061a3d5b9c3ee67ea1fcc.s3tc.ctex remapped: res://.godot/imported/widget_lanes_shared_pick.png-f0962d83cc1061a3d5b9c3ee67ea1fcc.s3tc.ctex
Completed load for: 'res://assets/opera/worlds/widgets/widget_lanes_shared_pick.png' remapped 'res://assets/opera/worlds/widgets/widget_lanes_shared_pick.png' at thread -1
Loading resource: res://assets/opera/worlds/widgets/widget_trace_painter_lit.png remapped: res://assets/opera/worlds/widgets/widget_trace_painter_lit.png
Loading resource: res://.godot/imported/widget_trace_painter_lit.png-38856e71258649eb95ea143930f4fafd.ctex remapped: res://.godot/imported/widget_trace_painter_lit.png-38856e71258649eb95ea143930f4fafd.ctex
Completed load for: 'res://assets/opera/worlds/widgets/widget_trace_painter_lit.png' remapped 'res://assets/opera/worlds/widgets/widget_trace_painter_lit.png' at thread -1
Loading resource: res://assets/opera/worlds/widgets/widget_target_farmer_mover.png remapped: res://assets/opera/worlds/widgets/widget_target_farmer_mover.png
Loading resource: res://.godot/imported/widget_target_farmer_mover.png-86855a96a45f32a6911737868ab865a3.s3tc.ctex remapped: res://.godot/imported/widget_target_farmer_mover.png-86855a96a45f32a6911737868ab865a3.s3tc.ctex
Completed load for: 'res://assets/opera/worlds/widgets/widget_target_farmer_mover.png' remapped 'res://assets/opera/worlds/widgets/widget_target_farmer_mover.png' at thread -1
Loading resource: res://assets/opera/worlds/widgets/widget_target_farmer_mark.png remapped: res://assets/opera/worlds/widgets/widget_target_farmer_mark.png
Loading resource: res://.godot/imported/widget_target_farmer_mark.png-566acbbf549dba39e8a93cd65b891b27.s3tc.ctex remapped: res://.godot/imported/widget_target_farmer_mark.png-566acbbf549dba39e8a93cd65b891b27.s3tc.ctex
Completed load for: 'res://assets/opera/worlds/widgets/widget_target_farmer_mark.png' remapped 'res://assets/opera/worlds/widgets/widget_target_farmer_mark.png' at thread -1
Loading resource: res://assets/opera/worlds/widgets/widget_target_farmer_piece_0.png remapped: res://assets/opera/worlds/widgets/widget_target_farmer_piece_0.png
Loading resource: res://.godot/imported/widget_target_farmer_piece_0.png-ec64c1e0e8e971261fa45d14a5899c66.ctex remapped: res://.godot/imported/widget_target_farmer_piece_0.png-ec64c1e0e8e971261fa45d14a5899c66.ctex
Completed load for: 'res://assets/opera/worlds/widgets/widget_target_farmer_piece_0.png' remapped 'res://assets/opera/worlds/widgets/widget_target_farmer_piece_0.png' at thread -1
Loading resource: res://assets/opera/worlds/widgets/widget_target_farmer_piece_1.png remapped: res://assets/opera/worlds/widgets/widget_target_farmer_piece_1.png
Loading resource: res://.godot/imported/widget_target_farmer_piece_1.png-a540a18966f7286499744f9c14d2a8b1.ctex remapped: res://.godot/imported/widget_target_farmer_piece_1.png-a540a18966f7286499744f9c14d2a8b1.ctex
Completed load for: 'res://assets/opera/worlds/widgets/widget_target_farmer_piece_1.png' remapped 'res://assets/opera/worlds/widgets/widget_target_farmer_piece_1.png' at thread -1
Loading resource: res://assets/opera/worlds/widgets/widget_target_farmer_piece_2.png remapped: res://assets/opera/worlds/widgets/widget_target_farmer_piece_2.png
Loading resource: res://.godot/imported/widget_target_farmer_piece_2.png-0ee41cbe97a1bad59d358afd93ca7eda.ctex remapped: res://.godot/imported/widget_target_farmer_piece_2.png-0ee41cbe97a1bad59d358afd93ca7eda.ctex
Completed load for: 'res://assets/opera/worlds/widgets/widget_target_farmer_piece_2.png' remapped 'res://assets/opera/worlds/widgets/widget_target_farmer_piece_2.png' at thread -1
Loading resource: res://assets/opera/worlds/widgets/widget_basin_doctor_bubbles.png remapped: res://assets/opera/worlds/widgets/widget_basin_doctor_bubbles.png
Loading resource: res://.godot/imported/widget_basin_doctor_bubbles.png-df13596953aab8a382189a1efc376ad7.ctex remapped: res://.godot/imported/widget_basin_doctor_bubbles.png-df13596953aab8a382189a1efc376ad7.ctex
Completed load for: 'res://assets/opera/worlds/widgets/widget_basin_doctor_bubbles.png' remapped 'res://assets/opera/worlds/widgets/widget_basin_doctor_bubbles.png' at thread -1
Loading resource: res://assets/opera/worlds/widgets/widget_basin_shared_shine.png remapped: res://assets/opera/worlds/widgets/widget_basin_shared_shine.png
Loading resource: res://.godot/imported/widget_basin_shared_shine.png-b1289dbd5dbd76c859934db98db0f9e6.s3tc.ctex remapped: res://.godot/imported/widget_basin_shared_shine.png-b1289dbd5dbd76c859934db98db0f9e6.s3tc.ctex
Completed load for: 'res://assets/opera/worlds/widgets/widget_basin_shared_shine.png' remapped 'res://assets/opera/worlds/widgets/widget_basin_shared_shine.png' at thread -1
Loading resource: res://assets/opera/worlds/widgets/widget_pour_nursery_mover.png remapped: res://assets/opera/worlds/widgets/widget_pour_nursery_mover.png
Loading resource: res://.godot/imported/widget_pour_nursery_mover.png-554a482aafd44de8fd6d88a810db96d4.s3tc.ctex remapped: res://.godot/imported/widget_pour_nursery_mover.png-554a482aafd44de8fd6d88a810db96d4.s3tc.ctex
Completed load for: 'res://assets/opera/worlds/widgets/widget_pour_nursery_mover.png' remapped 'res://assets/opera/worlds/widgets/widget_pour_nursery_mover.png' at thread -1
Loading resource: res://assets/opera/worlds/widgets/widget_magic_vanish_hat.png remapped: res://assets/opera/worlds/widgets/widget_magic_vanish_hat.png
Loading resource: res://.godot/imported/widget_magic_vanish_hat.png-d175694cbfc2e9429563a7e27d2c7e4c.ctex remapped: res://.godot/imported/widget_magic_vanish_hat.png-d175694cbfc2e9429563a7e27d2c7e4c.ctex
Completed load for: 'res://assets/opera/worlds/widgets/widget_magic_vanish_hat.png' remapped 'res://assets/opera/worlds/widgets/widget_magic_vanish_hat.png' at thread -1
Loading resource: res://assets/opera/worlds/widgets/widget_magic_vanish_wand.png remapped: res://assets/opera/worlds/widgets/widget_magic_vanish_wand.png
Loading resource: res://.godot/imported/widget_magic_vanish_wand.png-cedcdb52015df6298fe99028efb28d53.ctex remapped: res://.godot/imported/widget_magic_vanish_wand.png-cedcdb52015df6298fe99028efb28d53.ctex
Completed load for: 'res://assets/opera/worlds/widgets/widget_magic_vanish_wand.png' remapped 'res://assets/opera/worlds/widgets/widget_magic_vanish_wand.png' at thread -1
Loading resource: res://assets/minigames/seek/lamma_animation.png remapped: res://assets/minigames/seek/lamma_animation.png
Loading resource: res://.godot/imported/lamma_animation.png-95f58db08898025018ed628b593cf64d.ctex remapped: res://.godot/imported/lamma_animation.png-95f58db08898025018ed628b593cf64d.ctex
Completed load for: 'res://assets/minigames/seek/lamma_animation.png' remapped 'res://assets/minigames/seek/lamma_animation.png' at thread -1
Loading resource: res://assets/opera/worlds/widgets/widget_charge_astronaut_glow.png remapped: res://assets/opera/worlds/widgets/widget_charge_astronaut_glow.png
Loading resource: res://.godot/imported/widget_charge_astronaut_glow.png-6a3367ce2deed42de02d5de2b8babbda.s3tc.ctex remapped: res://.godot/imported/widget_charge_astronaut_glow.png-6a3367ce2deed42de02d5de2b8babbda.s3tc.ctex
Completed load for: 'res://assets/opera/worlds/widgets/widget_charge_astronaut_glow.png' remapped 'res://assets/opera/worlds/widgets/widget_charge_astronaut_glow.png' at thread -1
Loading resource: res://assets/opera/worlds/widgets/widget_charge_astronaut_full.png remapped: res://assets/opera/worlds/widgets/widget_charge_astronaut_full.png
Loading resource: res://.godot/imported/widget_charge_astronaut_full.png-4852e022e2becc56ad5ca6633c0f50ac.ctex remapped: res://.godot/imported/widget_charge_astronaut_full.png-4852e022e2becc56ad5ca6633c0f50ac.ctex
Completed load for: 'res://assets/opera/worlds/widgets/widget_charge_astronaut_full.png' remapped 'res://assets/opera/worlds/widgets/widget_charge_astronaut_full.png' at thread -1
Loading resource: res://assets/opera/worlds/props/goal_astronaut.png remapped: res://assets/opera/worlds/props/goal_astronaut.png
Loading resource: res://.godot/imported/goal_astronaut.png-99a883c005e02d50b9d2c0ef7d7f4365.s3tc.ctex remapped: res://.godot/imported/goal_astronaut.png-99a883c005e02d50b9d2c0ef7d7f4365.s3tc.ctex
Completed load for: 'res://assets/opera/worlds/props/goal_astronaut.png' remapped 'res://assets/opera/worlds/props/goal_astronaut.png' at thread -1
Loading resource: res://assets/opera/worlds/widgets/widget_charge_popstar_glow.png remapped: res://assets/opera/worlds/widgets/widget_charge_popstar_glow.png
Loading resource: res://.godot/imported/widget_charge_popstar_glow.png-da60bcc672b74c898c4ae7459a6ae68b.s3tc.ctex remapped: res://.godot/imported/widget_charge_popstar_glow.png-da60bcc672b74c898c4ae7459a6ae68b.s3tc.ctex
Completed load for: 'res://assets/opera/worlds/widgets/widget_charge_popstar_glow.png' remapped 'res://assets/opera/worlds/widgets/widget_charge_popstar_glow.png' at thread -1
Loading resource: res://assets/opera/worlds/widgets/widget_charge_popstar_full.png remapped: res://assets/opera/worlds/widgets/widget_charge_popstar_full.png
Loading resource: res://.godot/imported/widget_charge_popstar_full.png-a7fd162b5cb8192493e431dea73d51e3.ctex remapped: res://.godot/imported/widget_charge_popstar_full.png-a7fd162b5cb8192493e431dea73d51e3.ctex
Completed load for: 'res://assets/opera/worlds/widgets/widget_charge_popstar_full.png' remapped 'res://assets/opera/worlds/widgets/widget_charge_popstar_full.png' at thread -1
Loading resource: res://assets/opera/worlds/props/goal_popstar.png remapped: res://assets/opera/worlds/props/goal_popstar.png
Loading resource: res://.godot/imported/goal_popstar.png-31c1f07a899a0040c0e44accf433085d.s3tc.ctex remapped: res://.godot/imported/goal_popstar.png-31c1f07a899a0040c0e44accf433085d.s3tc.ctex
Completed load for: 'res://assets/opera/worlds/props/goal_popstar.png' remapped 'res://assets/opera/worlds/props/goal_popstar.png' at thread -1
Loading resource: res://assets/opera/worlds/widgets/widget_crank_chef_mover.png remapped: res://assets/opera/worlds/widgets/widget_crank_chef_mover.png
Loading resource: res://.godot/imported/widget_crank_chef_mover.png-e306d1d96afb59a4ce6fa49dea3d73be.s3tc.ctex remapped: res://.godot/imported/widget_crank_chef_mover.png-e306d1d96afb59a4ce6fa49dea3d73be.s3tc.ctex
Completed load for: 'res://assets/opera/worlds/widgets/widget_crank_chef_mover.png' remapped 'res://assets/opera/worlds/widgets/widget_crank_chef_mover.png' at thread -1
Loading resource: res://assets/opera/worlds/widgets/widget_crank_chef_progress.png remapped: res://assets/opera/worlds/widgets/widget_crank_chef_progress.png
Loading resource: res://.godot/imported/widget_crank_chef_progress.png-9086911e6c8dd3a05aca48b63eb6042d.ctex remapped: res://.godot/imported/widget_crank_chef_progress.png-9086911e6c8dd3a05aca48b63eb6042d.ctex
Completed load for: 'res://assets/opera/worlds/widgets/widget_crank_chef_progress.png' remapped 'res://assets/opera/worlds/widgets/widget_crank_chef_progress.png' at thread -1
Loading resource: res://assets/opera/worlds/widgets/widget_crank_candymaker_mover.png remapped: res://assets/opera/worlds/widgets/widget_crank_candymaker_mover.png
Loading resource: res://.godot/imported/widget_crank_candymaker_mover.png-36f6141949b231fd0b78a61e12e40b8c.s3tc.ctex remapped: res://.godot/imported/widget_crank_candymaker_mover.png-36f6141949b231fd0b78a61e12e40b8c.s3tc.ctex
Completed load for: 'res://assets/opera/worlds/widgets/widget_crank_candymaker_mover.png' remapped 'res://assets/opera/worlds/widgets/widget_crank_candymaker_mover.png' at thread -1
Loading resource: res://assets/opera/worlds/widgets/widget_crank_candymaker_progress.png remapped: res://assets/opera/worlds/widgets/widget_crank_candymaker_progress.png
Loading resource: res://.godot/imported/widget_crank_candymaker_progress.png-2de3bc13f2179def2a3a468efface66f.ctex remapped: res://.godot/imported/widget_crank_candymaker_progress.png-2de3bc13f2179def2a3a468efface66f.ctex
Completed load for: 'res://assets/opera/worlds/widgets/widget_crank_candymaker_progress.png' remapped 'res://assets/opera/worlds/widgets/widget_crank_candymaker_progress.png' at thread -1
Loading resource: res://assets/opera/worlds/widgets/widget_crank_doctor_mover.png remapped: res://assets/opera/worlds/widgets/widget_crank_doctor_mover.png
Loading resource: res://.godot/imported/widget_crank_doctor_mover.png-7f19a6d1acc0a75ccc9cbd0e5681d42c.s3tc.ctex remapped: res://.godot/imported/widget_crank_doctor_mover.png-7f19a6d1acc0a75ccc9cbd0e5681d42c.s3tc.ctex
Completed load for: 'res://assets/opera/worlds/widgets/widget_crank_doctor_mover.png' remapped 'res://assets/opera/worlds/widgets/widget_crank_doctor_mover.png' at thread -1
Loading resource: res://assets/opera/worlds/widgets/widget_crank_doctor_progress.png remapped: res://assets/opera/worlds/widgets/widget_crank_doctor_progress.png
Loading resource: res://.godot/imported/widget_crank_doctor_progress.png-29a6e25f36619d0a40b5ce9a755aee25.ctex remapped: res://.godot/imported/widget_crank_doctor_progress.png-29a6e25f36619d0a40b5ce9a755aee25.ctex
Completed load for: 'res://assets/opera/worlds/widgets/widget_crank_doctor_progress.png' remapped 'res://assets/opera/worlds/widgets/widget_crank_doctor_progress.png' at thread -1
Loading resource: res://assets/opera/worlds/widgets/widget_crank_doctor_patient.png remapped: res://assets/opera/worlds/widgets/widget_crank_doctor_patient.png
Loading resource: res://.godot/imported/widget_crank_doctor_patient.png-1670297c0cf53df097356d4828b80c22.ctex remapped: res://.godot/imported/widget_crank_doctor_patient.png-1670297c0cf53df097356d4828b80c22.ctex
Completed load for: 'res://assets/opera/worlds/widgets/widget_crank_doctor_patient.png' remapped 'res://assets/opera/worlds/widgets/widget_crank_doctor_patient.png' at thread -1
Loading resource: res://assets/opera/worlds/widgets/widget_crank_astronaut_mover.png remapped: res://assets/opera/worlds/widgets/widget_crank_astronaut_mover.png
Loading resource: res://.godot/imported/widget_crank_astronaut_mover.png-16da6ab66d3b4338bb51daf855fa5948.s3tc.ctex remapped: res://.godot/imported/widget_crank_astronaut_mover.png-16da6ab66d3b4338bb51daf855fa5948.s3tc.ctex
Completed load for: 'res://assets/opera/worlds/widgets/widget_crank_astronaut_mover.png' remapped 'res://assets/opera/worlds/widgets/widget_crank_astronaut_mover.png' at thread -1
Loading resource: res://assets/opera/worlds/widgets/widget_crank_astronaut_progress.png remapped: res://assets/opera/worlds/widgets/widget_crank_astronaut_progress.png
Loading resource: res://.godot/imported/widget_crank_astronaut_progress.png-3665a9109478d5cc1b7380f045cf9f66.ctex remapped: res://.godot/imported/widget_crank_astronaut_progress.png-3665a9109478d5cc1b7380f045cf9f66.ctex
Completed load for: 'res://assets/opera/worlds/widgets/widget_crank_astronaut_progress.png' remapped 'res://assets/opera/worlds/widgets/widget_crank_astronaut_progress.png' at thread -1
Loading resource: res://assets/opera/worlds/widgets/widget_crank_popstar_mover.png remapped: res://assets/opera/worlds/widgets/widget_crank_popstar_mover.png
Loading resource: res://.godot/imported/widget_crank_popstar_mover.png-8f56bdfb399dc8507a9858951638c5bf.s3tc.ctex remapped: res://.godot/imported/widget_crank_popstar_mover.png-8f56bdfb399dc8507a9858951638c5bf.s3tc.ctex
Completed load for: 'res://assets/opera/worlds/widgets/widget_crank_popstar_mover.png' remapped 'res://assets/opera/worlds/widgets/widget_crank_popstar_mover.png' at thread -1
Loading resource: res://assets/opera/worlds/widgets/widget_crank_popstar_progress.png remapped: res://assets/opera/worlds/widgets/widget_crank_popstar_progress.png
Loading resource: res://.godot/imported/widget_crank_popstar_progress.png-0a0dcf9de22fe7e7b94777d1ea5a657a.ctex remapped: res://.godot/imported/widget_crank_popstar_progress.png-0a0dcf9de22fe7e7b94777d1ea5a657a.ctex
Completed load for: 'res://assets/opera/worlds/widgets/widget_crank_popstar_progress.png' remapped 'res://assets/opera/worlds/widgets/widget_crank_popstar_progress.png' at thread -1
Loading resource: res://assets/opera/worlds/widgets/widget_trace_chef_lit.png remapped: res://assets/opera/worlds/widgets/widget_trace_chef_lit.png
Loading resource: res://.godot/imported/widget_trace_chef_lit.png-50b50bcc8d40459ad2b2a505f5bcbb1e.ctex remapped: res://.godot/imported/widget_trace_chef_lit.png-50b50bcc8d40459ad2b2a505f5bcbb1e.ctex
Completed load for: 'res://assets/opera/worlds/widgets/widget_trace_chef_lit.png' remapped 'res://assets/opera/worlds/widgets/widget_trace_chef_lit.png' at thread -1
Loading resource: res://assets/opera/worlds/widgets/widget_trace_doctor_lit.png remapped: res://assets/opera/worlds/widgets/widget_trace_doctor_lit.png
Loading resource: res://.godot/imported/widget_trace_doctor_lit.png-a855e8498cd8ea32939d47d65b5fe17a.ctex remapped: res://.godot/imported/widget_trace_doctor_lit.png-a855e8498cd8ea32939d47d65b5fe17a.ctex
Completed load for: 'res://assets/opera/worlds/widgets/widget_trace_doctor_lit.png' remapped 'res://assets/opera/worlds/widgets/widget_trace_doctor_lit.png' at thread -1
Loading resource: res://assets/opera/worlds/widgets/widget_trace_magician_lit.png remapped: res://assets/opera/worlds/widgets/widget_trace_magician_lit.png
Loading resource: res://.godot/imported/widget_trace_magician_lit.png-e35e7ac73d2ac52a6f22c0ccf125200e.ctex remapped: res://.godot/imported/widget_trace_magician_lit.png-e35e7ac73d2ac52a6f22c0ccf125200e.ctex
Completed load for: 'res://assets/opera/worlds/widgets/widget_trace_magician_lit.png' remapped 'res://assets/opera/worlds/widgets/widget_trace_magician_lit.png' at thread -1
Loading resource: res://assets/opera/worlds/widgets/widget_target_chef_mover.png remapped: res://assets/opera/worlds/widgets/widget_target_chef_mover.png
Loading resource: res://.godot/imported/widget_target_chef_mover.png-0348ec37217a0be19b7dc33b08e18a48.s3tc.ctex remapped: res://.godot/imported/widget_target_chef_mover.png-0348ec37217a0be19b7dc33b08e18a48.s3tc.ctex
Completed load for: 'res://assets/opera/worlds/widgets/widget_target_chef_mover.png' remapped 'res://assets/opera/worlds/widgets/widget_target_chef_mover.png' at thread -1
Loading resource: res://assets/opera/worlds/widgets/widget_target_chef_mark.png remapped: res://assets/opera/worlds/widgets/widget_target_chef_mark.png
Loading resource: res://.godot/imported/widget_target_chef_mark.png-1f6ea57fa3448d1cb262638df0e61308.s3tc.ctex remapped: res://.godot/imported/widget_target_chef_mark.png-1f6ea57fa3448d1cb262638df0e61308.s3tc.ctex
Completed load for: 'res://assets/opera/worlds/widgets/widget_target_chef_mark.png' remapped 'res://assets/opera/worlds/widgets/widget_target_chef_mark.png' at thread -1
Loading resource: res://assets/opera/worlds/widgets/widget_target_chef_piece_0.png remapped: res://assets/opera/worlds/widgets/widget_target_chef_piece_0.png
Loading resource: res://.godot/imported/widget_target_chef_piece_0.png-90cab77ee27c1359ea583e25118d5fbf.ctex remapped: res://.godot/imported/widget_target_chef_piece_0.png-90cab77ee27c1359ea583e25118d5fbf.ctex
Completed load for: 'res://assets/opera/worlds/widgets/widget_target_chef_piece_0.png' remapped 'res://assets/opera/worlds/widgets/widget_target_chef_piece_0.png' at thread -1
Loading resource: res://assets/opera/worlds/widgets/widget_target_chef_piece_1.png remapped: res://assets/opera/worlds/widgets/widget_target_chef_piece_1.png
Loading resource: res://.godot/imported/widget_target_chef_piece_1.png-4397cec0afcbc7e2b301310a1d89ecbb.ctex remapped: res://.godot/imported/widget_target_chef_piece_1.png-4397cec0afcbc7e2b301310a1d89ecbb.ctex
Completed load for: 'res://assets/opera/worlds/widgets/widget_target_chef_piece_1.png' remapped 'res://assets/opera/worlds/widgets/widget_target_chef_piece_1.png' at thread -1
Loading resource: res://assets/opera/worlds/widgets/widget_target_chef_piece_2.png remapped: res://assets/opera/worlds/widgets/widget_target_chef_piece_2.png
Loading resource: res://.godot/imported/widget_target_chef_piece_2.png-1e58ee19107a90c8ac620be72966e6d3.ctex remapped: res://.godot/imported/widget_target_chef_piece_2.png-1e58ee19107a90c8ac620be72966e6d3.ctex
Completed load for: 'res://assets/opera/worlds/widgets/widget_target_chef_piece_2.png' remapped 'res://assets/opera/worlds/widgets/widget_target_chef_piece_2.png' at thread -1
Loading resource: res://assets/opera/worlds/widgets/widget_target_candymaker_mover.png remapped: res://assets/opera/worlds/widgets/widget_target_candymaker_mover.png
Loading resource: res://.godot/imported/widget_target_candymaker_mover.png-e47fd849a441312d8d71aa6d1366d77e.s3tc.ctex remapped: res://.godot/imported/widget_target_candymaker_mover.png-e47fd849a441312d8d71aa6d1366d77e.s3tc.ctex
Completed load for: 'res://assets/opera/worlds/widgets/widget_target_candymaker_mover.png' remapped 'res://assets/opera/worlds/widgets/widget_target_candymaker_mover.png' at thread -1
Loading resource: res://assets/opera/worlds/widgets/widget_target_candymaker_mark.png remapped: res://assets/opera/worlds/widgets/widget_target_candymaker_mark.png
Loading resource: res://.godot/imported/widget_target_candymaker_mark.png-7e3166b02387c0c713e3efd2452a1619.s3tc.ctex remapped: res://.godot/imported/widget_target_candymaker_mark.png-7e3166b02387c0c713e3efd2452a1619.s3tc.ctex
Completed load for: 'res://assets/opera/worlds/widgets/widget_target_candymaker_mark.png' remapped 'res://assets/opera/worlds/widgets/widget_target_candymaker_mark.png' at thread -1
Loading resource: res://assets/opera/worlds/widgets/widget_target_candymaker_piece_0.png remapped: res://assets/opera/worlds/widgets/widget_target_candymaker_piece_0.png
Loading resource: res://.godot/imported/widget_target_candymaker_piece_0.png-ba45daeab2c460e2b14a0038249825d6.ctex remapped: res://.godot/imported/widget_target_candymaker_piece_0.png-ba45daeab2c460e2b14a0038249825d6.ctex
Completed load for: 'res://assets/opera/worlds/widgets/widget_target_candymaker_piece_0.png' remapped 'res://assets/opera/worlds/widgets/widget_target_candymaker_piece_0.png' at thread -1
Loading resource: res://assets/opera/worlds/widgets/widget_target_candymaker_piece_1.png remapped: res://assets/opera/worlds/widgets/widget_target_candymaker_piece_1.png
Loading resource: res://.godot/imported/widget_target_candymaker_piece_1.png-d6d4d8501ec9834139fca7b90a23aeb5.ctex remapped: res://.godot/imported/widget_target_candymaker_piece_1.png-d6d4d8501ec9834139fca7b90a23aeb5.ctex
Completed load for: 'res://assets/opera/worlds/widgets/widget_target_candymaker_piece_1.png' remapped 'res://assets/opera/worlds/widgets/widget_target_candymaker_piece_1.png' at thread -1
Loading resource: res://assets/opera/worlds/widgets/widget_target_candymaker_piece_2.png remapped: res://assets/opera/worlds/widgets/widget_target_candymaker_piece_2.png
Loading resource: res://.godot/imported/widget_target_candymaker_piece_2.png-58cab02110f6e69b4fc9c695053513f9.ctex remapped: res://.godot/imported/widget_target_candymaker_piece_2.png-58cab02110f6e69b4fc9c695053513f9.ctex
Completed load for: 'res://assets/opera/worlds/widgets/widget_target_candymaker_piece_2.png' remapped 'res://assets/opera/worlds/widgets/widget_target_candymaker_piece_2.png' at thread -1
Loading resource: res://assets/opera/worlds/widgets/widget_target_farmer_mover.png remapped: res://assets/opera/worlds/widgets/widget_target_farmer_mover.png
Loading resource: res://.godot/imported/widget_target_farmer_mover.png-86855a96a45f32a6911737868ab865a3.s3tc.ctex remapped: res://.godot/imported/widget_target_farmer_mover.png-86855a96a45f32a6911737868ab865a3.s3tc.ctex
Completed load for: 'res://assets/opera/worlds/widgets/widget_target_farmer_mover.png' remapped 'res://assets/opera/worlds/widgets/widget_target_farmer_mover.png' at thread -1
Loading resource: res://assets/opera/worlds/widgets/widget_target_farmer_mark.png remapped: res://assets/opera/worlds/widgets/widget_target_farmer_mark.png
Loading resource: res://.godot/imported/widget_target_farmer_mark.png-566acbbf549dba39e8a93cd65b891b27.s3tc.ctex remapped: res://.godot/imported/widget_target_farmer_mark.png-566acbbf549dba39e8a93cd65b891b27.s3tc.ctex
Completed load for: 'res://assets/opera/worlds/widgets/widget_target_farmer_mark.png' remapped 'res://assets/opera/worlds/widgets/widget_target_farmer_mark.png' at thread -1
Loading resource: res://assets/opera/worlds/widgets/widget_target_astronaut_mover.png remapped: res://assets/opera/worlds/widgets/widget_target_astronaut_mover.png
Loading resource: res://.godot/imported/widget_target_astronaut_mover.png-8e24e7cdbbbdbb899fe267d227bc022a.s3tc.ctex remapped: res://.godot/imported/widget_target_astronaut_mover.png-8e24e7cdbbbdbb899fe267d227bc022a.s3tc.ctex
Completed load for: 'res://assets/opera/worlds/widgets/widget_target_astronaut_mover.png' remapped 'res://assets/opera/worlds/widgets/widget_target_astronaut_mover.png' at thread -1
Loading resource: res://assets/opera/worlds/widgets/widget_target_astronaut_mark.png remapped: res://assets/opera/worlds/widgets/widget_target_astronaut_mark.png
Loading resource: res://.godot/imported/widget_target_astronaut_mark.png-85831ac745dd99d2689873fa699b7814.s3tc.ctex remapped: res://.godot/imported/widget_target_astronaut_mark.png-85831ac745dd99d2689873fa699b7814.s3tc.ctex
Completed load for: 'res://assets/opera/worlds/widgets/widget_target_astronaut_mark.png' remapped 'res://assets/opera/worlds/widgets/widget_target_astronaut_mark.png' at thread -1
Loading resource: res://assets/opera/worlds/widgets/widget_target_astronaut_piece_0.png remapped: res://assets/opera/worlds/widgets/widget_target_astronaut_piece_0.png
Loading resource: res://.godot/imported/widget_target_astronaut_piece_0.png-d1879a92588ec11c1824acbe255eeee9.ctex remapped: res://.godot/imported/widget_target_astronaut_piece_0.png-d1879a92588ec11c1824acbe255eeee9.ctex
Completed load for: 'res://assets/opera/worlds/widgets/widget_target_astronaut_piece_0.png' remapped 'res://assets/opera/worlds/widgets/widget_target_astronaut_piece_0.png' at thread -1
Loading resource: res://assets/opera/worlds/widgets/widget_target_astronaut_piece_1.png remapped: res://assets/opera/worlds/widgets/widget_target_astronaut_piece_1.png
Loading resource: res://.godot/imported/widget_target_astronaut_piece_1.png-b7e95a5fec7ddaccce7257363f58b886.ctex remapped: res://.godot/imported/widget_target_astronaut_piece_1.png-b7e95a5fec7ddaccce7257363f58b886.ctex
Completed load for: 'res://assets/opera/worlds/widgets/widget_target_astronaut_piece_1.png' remapped 'res://assets/opera/worlds/widgets/widget_target_astronaut_piece_1.png' at thread -1
Loading resource: res://assets/opera/worlds/widgets/widget_target_astronaut_piece_2.png remapped: res://assets/opera/worlds/widgets/widget_target_astronaut_piece_2.png
Loading resource: res://.godot/imported/widget_target_astronaut_piece_2.png-abdfceb03b42aac120dd7c20035fadf6.ctex remapped: res://.godot/imported/widget_target_astronaut_piece_2.png-abdfceb03b42aac120dd7c20035fadf6.ctex
Completed load for: 'res://assets/opera/worlds/widgets/widget_target_astronaut_piece_2.png' remapped 'res://assets/opera/worlds/widgets/widget_target_astronaut_piece_2.png' at thread -1
Loading resource: res://assets/opera/worlds/widgets/widget_target_painter_mover.png remapped: res://assets/opera/worlds/widgets/widget_target_painter_mover.png
Loading resource: res://.godot/imported/widget_target_painter_mover.png-e9442127e19daab460ce0b82d56db0e8.s3tc.ctex remapped: res://.godot/imported/widget_target_painter_mover.png-e9442127e19daab460ce0b82d56db0e8.s3tc.ctex
Completed load for: 'res://assets/opera/worlds/widgets/widget_target_painter_mover.png' remapped 'res://assets/opera/worlds/widgets/widget_target_painter_mover.png' at thread -1
Loading resource: res://assets/opera/worlds/widgets/widget_target_painter_mark.png remapped: res://assets/opera/worlds/widgets/widget_target_painter_mark.png
Loading resource: res://.godot/imported/widget_target_painter_mark.png-0a21cbf96060301aaa8f8ab8dc9821f6.s3tc.ctex remapped: res://.godot/imported/widget_target_painter_mark.png-0a21cbf96060301aaa8f8ab8dc9821f6.s3tc.ctex
Completed load for: 'res://assets/opera/worlds/widgets/widget_target_painter_mark.png' remapped 'res://assets/opera/worlds/widgets/widget_target_painter_mark.png' at thread -1
Loading resource: res://assets/opera/worlds/widgets/widget_push_farmer_mover.png remapped: res://assets/opera/worlds/widgets/widget_push_farmer_mover.png
Loading resource: res://.godot/imported/widget_push_farmer_mover.png-9bd61aa2b473c9e7337a51bbc40f6ef3.s3tc.ctex remapped: res://.godot/imported/widget_push_farmer_mover.png-9bd61aa2b473c9e7337a51bbc40f6ef3.s3tc.ctex
Completed load for: 'res://assets/opera/worlds/widgets/widget_push_farmer_mover.png' remapped 'res://assets/opera/worlds/widgets/widget_push_farmer_mover.png' at thread -1
Loading resource: res://assets/opera/worlds/widgets/widget_push_shared_arrow_lr.png remapped: res://assets/opera/worlds/widgets/widget_push_shared_arrow_lr.png
Loading resource: res://.godot/imported/widget_push_shared_arrow_lr.png-6727a45eb0fc3f10b7ef94cc7500192d.s3tc.ctex remapped: res://.godot/imported/widget_push_shared_arrow_lr.png-6727a45eb0fc3f10b7ef94cc7500192d.s3tc.ctex
Completed load for: 'res://assets/opera/worlds/widgets/widget_push_shared_arrow_lr.png' remapped 'res://assets/opera/worlds/widgets/widget_push_shared_arrow_lr.png' at thread -1
Loading resource: res://assets/opera/worlds/widgets/widget_push_racer_mover.png remapped: res://assets/opera/worlds/widgets/widget_push_racer_mover.png
Loading resource: res://.godot/imported/widget_push_racer_mover.png-4c550e094519c2ddc9e00b9555521c7e.s3tc.ctex remapped: res://.godot/imported/widget_push_racer_mover.png-4c550e094519c2ddc9e00b9555521c7e.s3tc.ctex
Completed load for: 'res://assets/opera/worlds/widgets/widget_push_racer_mover.png' remapped 'res://assets/opera/worlds/widgets/widget_push_racer_mover.png' at thread -1
Loading resource: res://assets/opera/worlds/widgets/widget_push_shared_arrow_lr.png remapped: res://assets/opera/worlds/widgets/widget_push_shared_arrow_lr.png
Loading resource: res://.godot/imported/widget_push_shared_arrow_lr.png-6727a45eb0fc3f10b7ef94cc7500192d.s3tc.ctex remapped: res://.godot/imported/widget_push_shared_arrow_lr.png-6727a45eb0fc3f10b7ef94cc7500192d.s3tc.ctex
Completed load for: 'res://assets/opera/worlds/widgets/widget_push_shared_arrow_lr.png' remapped 'res://assets/opera/worlds/widgets/widget_push_shared_arrow_lr.png' at thread -1
Loading resource: res://assets/opera/worlds/widgets/widget_crank_magician_mover.png remapped: res://assets/opera/worlds/widgets/widget_crank_magician_mover.png
Loading resource: res://.godot/imported/widget_crank_magician_mover.png-075eac6ba52cd987580c1cc2ee609680.s3tc.ctex remapped: res://.godot/imported/widget_crank_magician_mover.png-075eac6ba52cd987580c1cc2ee609680.s3tc.ctex
Completed load for: 'res://assets/opera/worlds/widgets/widget_crank_magician_mover.png' remapped 'res://assets/opera/worlds/widgets/widget_crank_magician_mover.png' at thread -1
Loading resource: res://assets/opera/worlds/widgets/widget_crank_magician_progress.png remapped: res://assets/opera/worlds/widgets/widget_crank_magician_progress.png
Loading resource: res://.godot/imported/widget_crank_magician_progress.png-01cceaa034e347851ce1868af9133725.ctex remapped: res://.godot/imported/widget_crank_magician_progress.png-01cceaa034e347851ce1868af9133725.ctex
Completed load for: 'res://assets/opera/worlds/widgets/widget_crank_magician_progress.png' remapped 'res://assets/opera/worlds/widgets/widget_crank_magician_progress.png' at thread -1
Loading resource: res://assets/opera/worlds/widgets/widget_portal_magician_mover.png remapped: res://assets/opera/worlds/widgets/widget_portal_magician_mover.png
Loading resource: res://.godot/imported/widget_portal_magician_mover.png-dc641e5d5032f27499cbae255f5e56a5.ctex remapped: res://.godot/imported/widget_portal_magician_mover.png-dc641e5d5032f27499cbae255f5e56a5.ctex
Completed load for: 'res://assets/opera/worlds/widgets/widget_portal_magician_mover.png' remapped 'res://assets/opera/worlds/widgets/widget_portal_magician_mover.png' at thread -1
Loading resource: res://assets/opera/worlds/widgets/widget_crank_racer_mover.png remapped: res://assets/opera/worlds/widgets/widget_crank_racer_mover.png
Loading resource: res://.godot/imported/widget_crank_racer_mover.png-a3f54ff40d971409f2d6bfc5ccef3c91.s3tc.ctex remapped: res://.godot/imported/widget_crank_racer_mover.png-a3f54ff40d971409f2d6bfc5ccef3c91.s3tc.ctex
Completed load for: 'res://assets/opera/worlds/widgets/widget_crank_racer_mover.png' remapped 'res://assets/opera/worlds/widgets/widget_crank_racer_mover.png' at thread -1
Loading resource: res://assets/opera/worlds/widgets/widget_crank_racer_progress.png remapped: res://assets/opera/worlds/widgets/widget_crank_racer_progress.png
Loading resource: res://.godot/imported/widget_crank_racer_progress.png-82dc8b5728d31c9098d41e8bd0ae4eda.ctex remapped: res://.godot/imported/widget_crank_racer_progress.png-82dc8b5728d31c9098d41e8bd0ae4eda.ctex
Completed load for: 'res://assets/opera/worlds/widgets/widget_crank_racer_progress.png' remapped 'res://assets/opera/worlds/widgets/widget_crank_racer_progress.png' at thread -1
Loading resource: res://assets/opera/worlds/widgets/widget_crank_racer_wheel.png remapped: res://assets/opera/worlds/widgets/widget_crank_racer_wheel.png
Loading resource: res://.godot/imported/widget_crank_racer_wheel.png-074c48f17949a4f64091c6e4655cbcd7.ctex remapped: res://.godot/imported/widget_crank_racer_wheel.png-074c48f17949a4f64091c6e4655cbcd7.ctex
Completed load for: 'res://assets/opera/worlds/widgets/widget_crank_racer_wheel.png' remapped 'res://assets/opera/worlds/widgets/widget_crank_racer_wheel.png' at thread -1
Loading resource: res://assets/opera/worlds/widgets/widget_crank_racer_kart.png remapped: res://assets/opera/worlds/widgets/widget_crank_racer_kart.png
Loading resource: res://.godot/imported/widget_crank_racer_kart.png-d97decfdf16b10ac52cf575ca698f848.ctex remapped: res://.godot/imported/widget_crank_racer_kart.png-d97decfdf16b10ac52cf575ca698f848.ctex
Completed load for: 'res://assets/opera/worlds/widgets/widget_crank_racer_kart.png' remapped 'res://assets/opera/worlds/widgets/widget_crank_racer_kart.png' at thread -1
Loading resource: res://assets/opera/worlds/actors/animation/roshan_ballerina_sheet_a.png remapped: res://assets/opera/worlds/actors/animation/roshan_ballerina_sheet_a.png
Loading resource: res://.godot/imported/roshan_ballerina_sheet_a.png-b0d87f40a2b0891d22ccdc910cda3458.ctex remapped: res://.godot/imported/roshan_ballerina_sheet_a.png-b0d87f40a2b0891d22ccdc910cda3458.ctex
Completed load for: 'res://assets/opera/worlds/actors/animation/roshan_ballerina_sheet_a.png' remapped 'res://assets/opera/worlds/actors/animation/roshan_ballerina_sheet_a.png' at thread -1
Loading resource: res://assets/opera/worlds/props/goal_ballerina.png remapped: res://assets/opera/worlds/props/goal_ballerina.png
Loading resource: res://.godot/imported/goal_ballerina.png-db67e5af6a1fa1e71ecf4379dcef72ff.s3tc.ctex remapped: res://.godot/imported/goal_ballerina.png-db67e5af6a1fa1e71ecf4379dcef72ff.s3tc.ctex
Completed load for: 'res://assets/opera/worlds/props/goal_ballerina.png' remapped 'res://assets/opera/worlds/props/goal_ballerina.png' at thread -1
GESTURE_QUALITY|result: ALL OK (274 checks)
XR: Clearing primary interface
XR: Removed interface "Native mobile"
XR: Removed interface "OpenXR"
