WorkerThreadPool: 12 threads, 3 max low-priority.
Godot Engine v4.7.2.stable.official.ed1daf0bf - https://godotengine.org
TextServer: Added interface "Dummy"
TextServer: Added interface "ICU / HarfBuzz / Graphite (Built-in)"
Using "default" pen tablet driver...

TextServer: Primary interface set to: "ICU / HarfBuzz / Graphite (Built-in)".
Loading resource: res://default_bus_layout.tres remapped: res://default_bus_layout.tres
Completed load for: 'res://default_bus_layout.tres' remapped 'res://default_bus_layout.tres' at thread -1
CORE API HASH: 2004498165
EDITOR API HASH: 1696660745
Loading resource: res://scripts/probe_l2.gd remapped: res://scripts/probe_l2.gd
Loading resource: res://shaders/castle_fixture_bloom.gdshader remapped: res://shaders/castle_fixture_bloom.gdshader
Completed load for: 'res://shaders/castle_fixture_bloom.gdshader' remapped 'res://shaders/castle_fixture_bloom.gdshader' at thread -1
Loading resource: res://assets/characters/roshan_25d/roshan_directional.png remapped: res://assets/characters/roshan_25d/roshan_directional.png
Loading resource: res://.godot/imported/roshan_directional.png-d625ae71ef68ca7b79f00f48e0d76cbb.s3tc.ctex remapped: res://.godot/imported/roshan_directional.png-d625ae71ef68ca7b79f00f48e0d76cbb.s3tc.ctex
Completed load for: 'res://assets/characters/roshan_25d/roshan_directional.png' remapped 'res://assets/characters/roshan_25d/roshan_directional.png' at thread -1
Loading resource: res://assets/characters/roshan_25d/roshan_swim_front.png remapped: res://assets/characters/roshan_25d/roshan_swim_front.png
Loading resource: res://.godot/imported/roshan_swim_front.png-42175e9e171cd7007cff3a9ae801e389.s3tc.ctex remapped: res://.godot/imported/roshan_swim_front.png-42175e9e171cd7007cff3a9ae801e389.s3tc.ctex
Completed load for: 'res://assets/characters/roshan_25d/roshan_swim_front.png' remapped 'res://assets/characters/roshan_25d/roshan_swim_front.png' at thread -1
Loading resource: res://assets/characters/roshan_25d/roshan_swim_back.png remapped: res://assets/characters/roshan_25d/roshan_swim_back.png
Loading resource: res://.godot/imported/roshan_swim_back.png-e93afa07bbddede1e856e92c5cdc462a.s3tc.ctex remapped: res://.godot/imported/roshan_swim_back.png-e93afa07bbddede1e856e92c5cdc462a.s3tc.ctex
Completed load for: 'res://assets/characters/roshan_25d/roshan_swim_back.png' remapped 'res://assets/characters/roshan_25d/roshan_swim_back.png' at thread -1
Loading resource: res://assets/flats/castle/rooms/room_actor_shadow.png remapped: res://assets/flats/castle/rooms/room_actor_shadow.png
Loading resource: res://.godot/imported/room_actor_shadow.png-f1d04727dc138f663653a3117bb0a06a.s3tc.ctex remapped: res://.godot/imported/room_actor_shadow.png-f1d04727dc138f663653a3117bb0a06a.s3tc.ctex
Completed load for: 'res://assets/flats/castle/rooms/room_actor_shadow.png' remapped 'res://assets/flats/castle/rooms/room_actor_shadow.png' at thread -1
Loading resource: res://assets/castle/dirty_cleanup_2d/effects/fx_soap_bubbles.png remapped: res://assets/castle/dirty_cleanup_2d/effects/fx_soap_bubbles.png
Loading resource: res://.godot/imported/fx_soap_bubbles.png-8f04cce33abb3c3312d7afe57e1021e1.ctex remapped: res://.godot/imported/fx_soap_bubbles.png-8f04cce33abb3c3312d7afe57e1021e1.ctex
Completed load for: 'res://assets/castle/dirty_cleanup_2d/effects/fx_soap_bubbles.png' remapped 'res://assets/castle/dirty_cleanup_2d/effects/fx_soap_bubbles.png' at thread -1
Loading resource: res://assets/shaders/castle_fixture_water.gdshader remapped: res://assets/shaders/castle_fixture_water.gdshader
Completed load for: 'res://assets/shaders/castle_fixture_water.gdshader' remapped 'res://assets/shaders/castle_fixture_water.gdshader' at thread -1
Loading resource: res://assets/terrain/up_water_nrm.jpg remapped: res://assets/terrain/up_water_nrm.jpg
Loading resource: res://.godot/imported/up_water_nrm.jpg-17f81a1afbb895061d198f7cd6fac5ca.ctex remapped: res://.godot/imported/up_water_nrm.jpg-17f81a1afbb895061d198f7cd6fac5ca.ctex
Completed load for: 'res://assets/terrain/up_water_nrm.jpg' remapped 'res://assets/terrain/up_water_nrm.jpg' at thread -1
Loading resource: res://assets/terrain/caustics.png remapped: res://assets/terrain/caustics.png
Loading resource: res://.godot/imported/caustics.png-3a5cbbf4f913abf47849e57640465f02.s3tc.ctex remapped: res://.godot/imported/caustics.png-3a5cbbf4f913abf47849e57640465f02.s3tc.ctex
Completed load for: 'res://assets/terrain/caustics.png' remapped 'res://assets/terrain/caustics.png' at thread -1
Loading resource: res://assets/sprites/fx_water/fx_water_bubble_burst_atlas.png remapped: res://assets/sprites/fx_water/fx_water_bubble_burst_atlas.png
Loading resource: res://.godot/imported/fx_water_bubble_burst_atlas.png-6756054a8ce0da3a133c2d2926db3fe9.s3tc.ctex remapped: res://.godot/imported/fx_water_bubble_burst_atlas.png-6756054a8ce0da3a133c2d2926db3fe9.s3tc.ctex
Completed load for: 'res://assets/sprites/fx_water/fx_water_bubble_burst_atlas.png' remapped 'res://assets/sprites/fx_water/fx_water_bubble_burst_atlas.png' at thread -1
Loading resource: res://assets/sprites/fx_water/fx_water_splash_medium_atlas.png remapped: res://assets/sprites/fx_water/fx_water_splash_medium_atlas.png
Loading resource: res://.godot/imported/fx_water_splash_medium_atlas.png-e51a9350ed55a41c49ea3d00f22151f4.s3tc.ctex remapped: res://.godot/imported/fx_water_splash_medium_atlas.png-e51a9350ed55a41c49ea3d00f22151f4.s3tc.ctex
Completed load for: 'res://assets/sprites/fx_water/fx_water_splash_medium_atlas.png' remapped 'res://assets/sprites/fx_water/fx_water_splash_medium_atlas.png' at thread -1
Loading resource: res://assets/flats/castle/logo_studio_v2/castle_banner_pink.png remapped: res://assets/flats/castle/logo_studio_v2/castle_banner_pink.png
Loading resource: res://.godot/imported/castle_banner_pink.png-1f07d5f169916030a25ffc843a00a097.ctex remapped: res://.godot/imported/castle_banner_pink.png-1f07d5f169916030a25ffc843a00a097.ctex
Completed load for: 'res://assets/flats/castle/logo_studio_v2/castle_banner_pink.png' remapped 'res://assets/flats/castle/logo_studio_v2/castle_banner_pink.png' at thread -1
Loading resource: res://assets/flats/castle/logo_studio_v2/castle_banner_gold.png remapped: res://assets/flats/castle/logo_studio_v2/castle_banner_gold.png
Loading resource: res://.godot/imported/castle_banner_gold.png-5442446e7bc3ba706d422fcbb4922333.ctex remapped: res://.godot/imported/castle_banner_gold.png-5442446e7bc3ba706d422fcbb4922333.ctex
Completed load for: 'res://assets/flats/castle/logo_studio_v2/castle_banner_gold.png' remapped 'res://assets/flats/castle/logo_studio_v2/castle_banner_gold.png' at thread -1
Loading resource: res://assets/flats/castle/logo_studio_v2/castle_banner_mint.png remapped: res://assets/flats/castle/logo_studio_v2/castle_banner_mint.png
Loading resource: res://.godot/imported/castle_banner_mint.png-1bd0912452535d09563f5821ab572aa1.ctex remapped: res://.godot/imported/castle_banner_mint.png-1bd0912452535d09563f5821ab572aa1.ctex
Completed load for: 'res://assets/flats/castle/logo_studio_v2/castle_banner_mint.png' remapped 'res://assets/flats/castle/logo_studio_v2/castle_banner_mint.png' at thread -1
Loading resource: res://assets/flats/castle/logo_studio_v2/castle_banner_ocean.png remapped: res://assets/flats/castle/logo_studio_v2/castle_banner_ocean.png
Loading resource: res://.godot/imported/castle_banner_ocean.png-b4870497f6aa7ef8fd0fa9b03a7817e1.ctex remapped: res://.godot/imported/castle_banner_ocean.png-b4870497f6aa7ef8fd0fa9b03a7817e1.ctex
Completed load for: 'res://assets/flats/castle/logo_studio_v2/castle_banner_ocean.png' remapped 'res://assets/flats/castle/logo_studio_v2/castle_banner_ocean.png' at thread -1
Loading resource: res://assets/flats/castle/logo_studio_v2/castle_banner_purple.png remapped: res://assets/flats/castle/logo_studio_v2/castle_banner_purple.png
Loading resource: res://.godot/imported/castle_banner_purple.png-a711c2ef7be4134e857e2b0804f886f4.ctex remapped: res://.godot/imported/castle_banner_purple.png-a711c2ef7be4134e857e2b0804f886f4.ctex
Completed load for: 'res://assets/flats/castle/logo_studio_v2/castle_banner_purple.png' remapped 'res://assets/flats/castle/logo_studio_v2/castle_banner_purple.png' at thread -1
Loading resource: res://assets/flats/castle/logo_studio_v2/castle_banner_rainbow.png remapped: res://assets/flats/castle/logo_studio_v2/castle_banner_rainbow.png
Loading resource: res://.godot/imported/castle_banner_rainbow.png-51987bbcab3d63a5e6b8856c39d3e1f5.ctex remapped: res://.godot/imported/castle_banner_rainbow.png-51987bbcab3d63a5e6b8856c39d3e1f5.ctex
Completed load for: 'res://assets/flats/castle/logo_studio_v2/castle_banner_rainbow.png' remapped 'res://assets/flats/castle/logo_studio_v2/castle_banner_rainbow.png' at thread -1
Loading resource: res://assets/flats/castle/logo_studio_v2/castle_banner_motif_rainbow.png remapped: res://assets/flats/castle/logo_studio_v2/castle_banner_motif_rainbow.png
Loading resource: res://.godot/imported/castle_banner_motif_rainbow.png-7d37c39c57d9145c1662a600706a0215.ctex remapped: res://.godot/imported/castle_banner_motif_rainbow.png-7d37c39c57d9145c1662a600706a0215.ctex
Completed load for: 'res://assets/flats/castle/logo_studio_v2/castle_banner_motif_rainbow.png' remapped 'res://assets/flats/castle/logo_studio_v2/castle_banner_motif_rainbow.png' at thread -1
Loading resource: res://assets/flats/castle/logo_studio_v2/castle_banner_motif_shell.png remapped: res://assets/flats/castle/logo_studio_v2/castle_banner_motif_shell.png
Loading resource: res://.godot/imported/castle_banner_motif_shell.png-2ded8f0554ad78cbf31ed04692a2e95a.ctex remapped: res://.godot/imported/castle_banner_motif_shell.png-2ded8f0554ad78cbf31ed04692a2e95a.ctex
Completed load for: 'res://assets/flats/castle/logo_studio_v2/castle_banner_motif_shell.png' remapped 'res://assets/flats/castle/logo_studio_v2/castle_banner_motif_shell.png' at thread -1
Loading resource: res://assets/flats/castle/logo_studio_v2/castle_banner_motif_kitty.png remapped: res://assets/flats/castle/logo_studio_v2/castle_banner_motif_kitty.png
Loading resource: res://.godot/imported/castle_banner_motif_kitty.png-476ecb445ef20b8f0ee562bf74ffc1f3.ctex remapped: res://.godot/imported/castle_banner_motif_kitty.png-476ecb445ef20b8f0ee562bf74ffc1f3.ctex
Completed load for: 'res://assets/flats/castle/logo_studio_v2/castle_banner_motif_kitty.png' remapped 'res://assets/flats/castle/logo_studio_v2/castle_banner_motif_kitty.png' at thread -1
Loading resource: res://assets/flats/castle/logo_studio_v2/castle_banner_motif_dog.png remapped: res://assets/flats/castle/logo_studio_v2/castle_banner_motif_dog.png
Loading resource: res://.godot/imported/castle_banner_motif_dog.png-f60e00a475feefbed7e6b7b03314b4e3.ctex remapped: res://.godot/imported/castle_banner_motif_dog.png-f60e00a475feefbed7e6b7b03314b4e3.ctex
Completed load for: 'res://assets/flats/castle/logo_studio_v2/castle_banner_motif_dog.png' remapped 'res://assets/flats/castle/logo_studio_v2/castle_banner_motif_dog.png' at thread -1
Loading resource: res://assets/flats/castle/logo_studio_v2/castle_banner_motif_star.png remapped: res://assets/flats/castle/logo_studio_v2/castle_banner_motif_star.png
Loading resource: res://.godot/imported/castle_banner_motif_star.png-c2920063905028bbe428c242038dc858.ctex remapped: res://.godot/imported/castle_banner_motif_star.png-c2920063905028bbe428c242038dc858.ctex
Completed load for: 'res://assets/flats/castle/logo_studio_v2/castle_banner_motif_star.png' remapped 'res://assets/flats/castle/logo_studio_v2/castle_banner_motif_star.png' at thread -1
Loading resource: res://assets/flats/castle/logo_studio_v2/castle_banner_motif_heart.png remapped: res://assets/flats/castle/logo_studio_v2/castle_banner_motif_heart.png
Loading resource: res://.godot/imported/castle_banner_motif_heart.png-1e2c41e7d0fee88319aa5e07bebb840c.ctex remapped: res://.godot/imported/castle_banner_motif_heart.png-1e2c41e7d0fee88319aa5e07bebb840c.ctex
Completed load for: 'res://assets/flats/castle/logo_studio_v2/castle_banner_motif_heart.png' remapped 'res://assets/flats/castle/logo_studio_v2/castle_banner_motif_heart.png' at thread -1
Loading resource: res://assets/flats/castle/logo_studio_v2/castle_banner_motif_crown.png remapped: res://assets/flats/castle/logo_studio_v2/castle_banner_motif_crown.png
Loading resource: res://.godot/imported/castle_banner_motif_crown.png-a6e77f1d9ed0122ac2aa4567a6832a08.ctex remapped: res://.godot/imported/castle_banner_motif_crown.png-a6e77f1d9ed0122ac2aa4567a6832a08.ctex
Completed load for: 'res://assets/flats/castle/logo_studio_v2/castle_banner_motif_crown.png' remapped 'res://assets/flats/castle/logo_studio_v2/castle_banner_motif_crown.png' at thread -1
Loading resource: res://assets/flats/castle/logo_studio_v2/castle_banner_motif_butterfly.png remapped: res://assets/flats/castle/logo_studio_v2/castle_banner_motif_butterfly.png
Loading resource: res://.godot/imported/castle_banner_motif_butterfly.png-862a1cf8dacc6daab2058d435ea0ad5f.ctex remapped: res://.godot/imported/castle_banner_motif_butterfly.png-862a1cf8dacc6daab2058d435ea0ad5f.ctex
Completed load for: 'res://assets/flats/castle/logo_studio_v2/castle_banner_motif_butterfly.png' remapped 'res://assets/flats/castle/logo_studio_v2/castle_banner_motif_butterfly.png' at thread -1
Loading resource: res://assets/castle/training/ghost_hand.png remapped: res://assets/castle/training/ghost_hand.png
Loading resource: res://.godot/imported/ghost_hand.png-1de3e3644c9a46e5892c5a8fa86dad01.ctex remapped: res://.godot/imported/ghost_hand.png-1de3e3644c9a46e5892c5a8fa86dad01.ctex
Completed load for: 'res://assets/castle/training/ghost_hand.png' remapped 'res://assets/castle/training/ghost_hand.png' at thread -1
Loading resource: res://assets/ui/boot_splash_mermaid_roshan.png remapped: res://assets/ui/boot_splash_mermaid_roshan.png
Loading resource: res://.godot/imported/boot_splash_mermaid_roshan.png-b4f76f82b4095448b9258c74830dd0bf.ctex remapped: res://.godot/imported/boot_splash_mermaid_roshan.png-b4f76f82b4095448b9258c74830dd0bf.ctex
Completed load for: 'res://assets/ui/boot_splash_mermaid_roshan.png' remapped 'res://assets/ui/boot_splash_mermaid_roshan.png' at thread -1
Loading resource: res://assets/castle/day_one_art_studio/magic_cleaning_brush.png remapped: res://assets/castle/day_one_art_studio/magic_cleaning_brush.png
Loading resource: res://.godot/imported/magic_cleaning_brush.png-9aab3d5c1cf900b3b09e19eacb3d842d.ctex remapped: res://.godot/imported/magic_cleaning_brush.png-9aab3d5c1cf900b3b09e19eacb3d842d.ctex
Completed load for: 'res://assets/castle/day_one_art_studio/magic_cleaning_brush.png' remapped 'res://assets/castle/day_one_art_studio/magic_cleaning_brush.png' at thread -1
Loading resource: res://assets/castle/day_one_art_studio/loose_brush_bundle.png remapped: res://assets/castle/day_one_art_studio/loose_brush_bundle.png
Loading resource: res://.godot/imported/loose_brush_bundle.png-864136367585f2d9d14d7d1e8b20b7c8.ctex remapped: res://.godot/imported/loose_brush_bundle.png-864136367585f2d9d14d7d1e8b20b7c8.ctex
Completed load for: 'res://assets/castle/day_one_art_studio/loose_brush_bundle.png' remapped 'res://assets/castle/day_one_art_studio/loose_brush_bundle.png' at thread -1
Loading resource: res://assets/castle/day_one_art_studio/paint_bottle_pink.png remapped: res://assets/castle/day_one_art_studio/paint_bottle_pink.png
Loading resource: res://.godot/imported/paint_bottle_pink.png-c543c4d9f1f567c443e165a9fa714da8.ctex remapped: res://.godot/imported/paint_bottle_pink.png-c543c4d9f1f567c443e165a9fa714da8.ctex
Completed load for: 'res://assets/castle/day_one_art_studio/paint_bottle_pink.png' remapped 'res://assets/castle/day_one_art_studio/paint_bottle_pink.png' at thread -1
Loading resource: res://assets/castle/day_one_art_studio/paint_bottle_blue.png remapped: res://assets/castle/day_one_art_studio/paint_bottle_blue.png
Loading resource: res://.godot/imported/paint_bottle_blue.png-5095790b8453a9b3e2ea954bc927e605.ctex remapped: res://.godot/imported/paint_bottle_blue.png-5095790b8453a9b3e2ea954bc927e605.ctex
Completed load for: 'res://assets/castle/day_one_art_studio/paint_bottle_blue.png' remapped 'res://assets/castle/day_one_art_studio/paint_bottle_blue.png' at thread -1
Loading resource: res://assets/castle/day_one_art_studio/paint_cups.png remapped: res://assets/castle/day_one_art_studio/paint_cups.png
Loading resource: res://.godot/imported/paint_cups.png-100570cd9a806d4462c301ca08769707.ctex remapped: res://.godot/imported/paint_cups.png-100570cd9a806d4462c301ca08769707.ctex
Completed load for: 'res://assets/castle/day_one_art_studio/paint_cups.png' remapped 'res://assets/castle/day_one_art_studio/paint_cups.png' at thread -1
Loading resource: res://assets/castle/day_one_art_studio/grime_left.png remapped: res://assets/castle/day_one_art_studio/grime_left.png
Loading resource: res://.godot/imported/grime_left.png-9b85fce9291a82cc7fa602186defdc14.ctex remapped: res://.godot/imported/grime_left.png-9b85fce9291a82cc7fa602186defdc14.ctex
Completed load for: 'res://assets/castle/day_one_art_studio/grime_left.png' remapped 'res://assets/castle/day_one_art_studio/grime_left.png' at thread -1
Loading resource: res://assets/castle/day_one_art_studio/grime_desk.png remapped: res://assets/castle/day_one_art_studio/grime_desk.png
Loading resource: res://.godot/imported/grime_desk.png-38eed6c08bb917d3198d2d948f230b8b.ctex remapped: res://.godot/imported/grime_desk.png-38eed6c08bb917d3198d2d948f230b8b.ctex
Completed load for: 'res://assets/castle/day_one_art_studio/grime_desk.png' remapped 'res://assets/castle/day_one_art_studio/grime_desk.png' at thread -1
Loading resource: res://assets/castle/day_one_art_studio/grime_right.png remapped: res://assets/castle/day_one_art_studio/grime_right.png
Loading resource: res://.godot/imported/grime_right.png-9c83e9c00c88d0942dc2efe0b144a31b.ctex remapped: res://.godot/imported/grime_right.png-9c83e9c00c88d0942dc2efe0b144a31b.ctex
Completed load for: 'res://assets/castle/day_one_art_studio/grime_right.png' remapped 'res://assets/castle/day_one_art_studio/grime_right.png' at thread -1
Loading resource: res://assets/flats/castle/rooms/room_bubble_bath_dirty_day_one.png remapped: res://assets/flats/castle/rooms/room_bubble_bath_dirty_day_one.png
Loading resource: res://.godot/imported/room_bubble_bath_dirty_day_one.png-9e5525828616e0db5b9a3b8b28435c35.ctex remapped: res://.godot/imported/room_bubble_bath_dirty_day_one.png-9e5525828616e0db5b9a3b8b28435c35.ctex
Completed load for: 'res://assets/flats/castle/rooms/room_bubble_bath_dirty_day_one.png' remapped 'res://assets/flats/castle/rooms/room_bubble_bath_dirty_day_one.png' at thread -1
Loading resource: res://assets/flats/castle/rooms/room_bubble_bath_dirty_drained_day_one.png remapped: res://assets/flats/castle/rooms/room_bubble_bath_dirty_drained_day_one.png
Loading resource: res://.godot/imported/room_bubble_bath_dirty_drained_day_one.png-7e8d3b4c3b9d1f29e91ac035a5fb7262.ctex remapped: res://.godot/imported/room_bubble_bath_dirty_drained_day_one.png-7e8d3b4c3b9d1f29e91ac035a5fb7262.ctex
Completed load for: 'res://assets/flats/castle/rooms/room_bubble_bath_dirty_drained_day_one.png' remapped 'res://assets/flats/castle/rooms/room_bubble_bath_dirty_drained_day_one.png' at thread -1
Loading resource: res://assets/flats/castle/rooms/room_bubble_bath.png remapped: res://assets/flats/castle/rooms/room_bubble_bath.png
Loading resource: res://.godot/imported/room_bubble_bath.png-8ee98b24e8364131dc5cfc2232874cd7.ctex remapped: res://.godot/imported/room_bubble_bath.png-8ee98b24e8364131dc5cfc2232874cd7.ctex
Completed load for: 'res://assets/flats/castle/rooms/room_bubble_bath.png' remapped 'res://assets/flats/castle/rooms/room_bubble_bath.png' at thread -1
Loading resource: res://assets/castle/dirty_cleanup_2d/targets/target_sink_grime_v1.png remapped: res://assets/castle/dirty_cleanup_2d/targets/target_sink_grime_v1.png
Loading resource: res://.godot/imported/target_sink_grime_v1.png-5d01aaca3a2b34c04e93afaef486eb50.ctex remapped: res://.godot/imported/target_sink_grime_v1.png-5d01aaca3a2b34c04e93afaef486eb50.ctex
Completed load for: 'res://assets/castle/dirty_cleanup_2d/targets/target_sink_grime_v1.png' remapped 'res://assets/castle/dirty_cleanup_2d/targets/target_sink_grime_v1.png' at thread -1
Loading resource: res://assets/sprites/sky_lagoon/sky_lagoon_castle_four_tower_v4.png remapped: res://assets/sprites/sky_lagoon/sky_lagoon_castle_four_tower_v4.png
Loading resource: res://.godot/imported/sky_lagoon_castle_four_tower_v4.png-3db3791a13b15911d5b711360be9c503.ctex remapped: res://.godot/imported/sky_lagoon_castle_four_tower_v4.png-3db3791a13b15911d5b711360be9c503.ctex
Completed load for: 'res://assets/sprites/sky_lagoon/sky_lagoon_castle_four_tower_v4.png' remapped 'res://assets/sprites/sky_lagoon/sky_lagoon_castle_four_tower_v4.png' at thread -1
Loading resource: res://assets/sprites/sky_lagoon/sky_lagoon_cloud_family_v7_hd_grade.png remapped: res://assets/sprites/sky_lagoon/sky_lagoon_cloud_family_v7_hd_grade.png
Loading resource: res://.godot/imported/sky_lagoon_cloud_family_v7_hd_grade.png-dc0538f7caa6b853334b469234e73a2d.ctex remapped: res://.godot/imported/sky_lagoon_cloud_family_v7_hd_grade.png-dc0538f7caa6b853334b469234e73a2d.ctex
Completed load for: 'res://assets/sprites/sky_lagoon/sky_lagoon_cloud_family_v7_hd_grade.png' remapped 'res://assets/sprites/sky_lagoon/sky_lagoon_cloud_family_v7_hd_grade.png' at thread -1
Loading resource: res://assets/sprites/sky_lagoon/sky_lagoon_cloud_single_v1.png remapped: res://assets/sprites/sky_lagoon/sky_lagoon_cloud_single_v1.png
Loading resource: res://.godot/imported/sky_lagoon_cloud_single_v1.png-b03683c7f3026927cde33f24d92a67e5.ctex remapped: res://.godot/imported/sky_lagoon_cloud_single_v1.png-b03683c7f3026927cde33f24d92a67e5.ctex
Completed load for: 'res://assets/sprites/sky_lagoon/sky_lagoon_cloud_single_v1.png' remapped 'res://assets/sprites/sky_lagoon/sky_lagoon_cloud_single_v1.png' at thread -1
Loading resource: res://assets/ui/castle_room_buttons_v2/room_opera_hall.png remapped: res://assets/ui/castle_room_buttons_v2/room_opera_hall.png
Loading resource: res://.godot/imported/room_opera_hall.png-4be4ecc3703261914b8a9526019262cc.ctex remapped: res://.godot/imported/room_opera_hall.png-4be4ecc3703261914b8a9526019262cc.ctex
Completed load for: 'res://assets/ui/castle_room_buttons_v2/room_opera_hall.png' remapped 'res://assets/ui/castle_room_buttons_v2/room_opera_hall.png' at thread -1
Loading resource: res://assets/ui/castle_room_buttons_v2/room_craft_room.png remapped: res://assets/ui/castle_room_buttons_v2/room_craft_room.png
Loading resource: res://.godot/imported/room_craft_room.png-7dc4a5c01065ce328e731b6b38053da5.ctex remapped: res://.godot/imported/room_craft_room.png-7dc4a5c01065ce328e731b6b38053da5.ctex
Completed load for: 'res://assets/ui/castle_room_buttons_v2/room_craft_room.png' remapped 'res://assets/ui/castle_room_buttons_v2/room_craft_room.png' at thread -1
Loading resource: res://assets/ui/castle_room_buttons_v2/room_kitchen.png remapped: res://assets/ui/castle_room_buttons_v2/room_kitchen.png
Loading resource: res://.godot/imported/room_kitchen.png-61af0fca52cce833210f295107496cf7.ctex remapped: res://.godot/imported/room_kitchen.png-61af0fca52cce833210f295107496cf7.ctex
Completed load for: 'res://assets/ui/castle_room_buttons_v2/room_kitchen.png' remapped 'res://assets/ui/castle_room_buttons_v2/room_kitchen.png' at thread -1
Loading resource: res://assets/mg/sun.png remapped: res://assets/mg/sun.png
Loading resource: res://.godot/imported/sun.png-c8bf9605370f6e02d9b21d685d405f9b.ctex remapped: res://.godot/imported/sun.png-c8bf9605370f6e02d9b21d685d405f9b.ctex
Completed load for: 'res://assets/mg/sun.png' remapped 'res://assets/mg/sun.png' at thread -1
Loading resource: res://assets/props/story/play_swing_frame.png remapped: res://assets/props/story/play_swing_frame.png
Loading resource: res://.godot/imported/play_swing_frame.png-a81ab1af7d4b95737787aabcf622cdbc.ctex remapped: res://.godot/imported/play_swing_frame.png-a81ab1af7d4b95737787aabcf622cdbc.ctex
Completed load for: 'res://assets/props/story/play_swing_frame.png' remapped 'res://assets/props/story/play_swing_frame.png' at thread -1
Loading resource: res://assets/props/story/play_swing_seat.png remapped: res://assets/props/story/play_swing_seat.png
Loading resource: res://.godot/imported/play_swing_seat.png-fbc2feb15e1e0c3563f38dd6be314f41.ctex remapped: res://.godot/imported/play_swing_seat.png-fbc2feb15e1e0c3563f38dd6be314f41.ctex
Completed load for: 'res://assets/props/story/play_swing_seat.png' remapped 'res://assets/props/story/play_swing_seat.png' at thread -1
Loading resource: res://assets/characters/roshan_25d/roshan_gesture_a.png remapped: res://assets/characters/roshan_25d/roshan_gesture_a.png
Loading resource: res://.godot/imported/roshan_gesture_a.png-18a31aea6ac3722a9397d1f4c4f45867.s3tc.ctex remapped: res://.godot/imported/roshan_gesture_a.png-18a31aea6ac3722a9397d1f4c4f45867.s3tc.ctex
Completed load for: 'res://assets/characters/roshan_25d/roshan_gesture_a.png' remapped 'res://assets/characters/roshan_25d/roshan_gesture_a.png' at thread -1
Loading resource: res://assets/characters/roshan_25d/roshan_gesture_b.png remapped: res://assets/characters/roshan_25d/roshan_gesture_b.png
Loading resource: res://.godot/imported/roshan_gesture_b.png-8cb0fb1a0e3c6a3ff52f66869af29ee3.s3tc.ctex remapped: res://.godot/imported/roshan_gesture_b.png-8cb0fb1a0e3c6a3ff52f66869af29ee3.s3tc.ctex
Completed load for: 'res://assets/characters/roshan_25d/roshan_gesture_b.png' remapped 'res://assets/characters/roshan_25d/roshan_gesture_b.png' at thread -1
Loading resource: res://assets/characters/roshan_25d/roshan_gesture_c.png remapped: res://assets/characters/roshan_25d/roshan_gesture_c.png
Loading resource: res://.godot/imported/roshan_gesture_c.png-938a4e5c63b0fe35548d3f25bd960773.s3tc.ctex remapped: res://.godot/imported/roshan_gesture_c.png-938a4e5c63b0fe35548d3f25bd960773.s3tc.ctex
Completed load for: 'res://assets/characters/roshan_25d/roshan_gesture_c.png' remapped 'res://assets/characters/roshan_25d/roshan_gesture_c.png' at thread -1
Loading resource: res://assets/characters/roshan_25d/roshan_gesture_d.png remapped: res://assets/characters/roshan_25d/roshan_gesture_d.png
Loading resource: res://.godot/imported/roshan_gesture_d.png-08aed87dc09d080eaf1e4104fb084fdc.s3tc.ctex remapped: res://.godot/imported/roshan_gesture_d.png-08aed87dc09d080eaf1e4104fb084fdc.s3tc.ctex
Completed load for: 'res://assets/characters/roshan_25d/roshan_gesture_d.png' remapped 'res://assets/characters/roshan_25d/roshan_gesture_d.png' at thread -1
Loading resource: res://assets/characters/roshan_25d/roshan_play_a.png remapped: res://assets/characters/roshan_25d/roshan_play_a.png
Loading resource: res://.godot/imported/roshan_play_a.png-7836c4193fc7d229ea3c5f1583aa2038.s3tc.ctex remapped: res://.godot/imported/roshan_play_a.png-7836c4193fc7d229ea3c5f1583aa2038.s3tc.ctex
Completed load for: 'res://assets/characters/roshan_25d/roshan_play_a.png' remapped 'res://assets/characters/roshan_25d/roshan_play_a.png' at thread -1
Loading resource: res://assets/characters/roshan_25d/roshan_play_b.png remapped: res://assets/characters/roshan_25d/roshan_play_b.png
Loading resource: res://.godot/imported/roshan_play_b.png-115ffaa3712f999ce1caf531c6fbc9ec.s3tc.ctex remapped: res://.godot/imported/roshan_play_b.png-115ffaa3712f999ce1caf531c6fbc9ec.s3tc.ctex
Completed load for: 'res://assets/characters/roshan_25d/roshan_play_b.png' remapped 'res://assets/characters/roshan_25d/roshan_play_b.png' at thread -1
Loading resource: res://assets/flats/castle/boss/dusty_attic_arena_2048.png remapped: res://assets/flats/castle/boss/dusty_attic_arena_2048.png
Loading resource: res://.godot/imported/dusty_attic_arena_2048.png-d3ca08103aa6a7020e840963166fbe19.ctex remapped: res://.godot/imported/dusty_attic_arena_2048.png-d3ca08103aa6a7020e840963166fbe19.ctex
Completed load for: 'res://assets/flats/castle/boss/dusty_attic_arena_2048.png' remapped 'res://assets/flats/castle/boss/dusty_attic_arena_2048.png' at thread -1
Loading resource: res://assets/opera/worlds/props/fx_stolen_sparkle.png remapped: res://assets/opera/worlds/props/fx_stolen_sparkle.png
Loading resource: res://.godot/imported/fx_stolen_sparkle.png-78d191c055130f9a82753b3c1b5d08ac.s3tc.ctex remapped: res://.godot/imported/fx_stolen_sparkle.png-78d191c055130f9a82753b3c1b5d08ac.s3tc.ctex
Completed load for: 'res://assets/opera/worlds/props/fx_stolen_sparkle.png' remapped 'res://assets/opera/worlds/props/fx_stolen_sparkle.png' at thread -1
Loading resource: res://assets/opera/worlds/props/fx_dust_puff.png remapped: res://assets/opera/worlds/props/fx_dust_puff.png
Loading resource: res://.godot/imported/fx_dust_puff.png-c19e7c817e63296b4a7808774d821915.ctex remapped: res://.godot/imported/fx_dust_puff.png-c19e7c817e63296b4a7808774d821915.ctex
Completed load for: 'res://assets/opera/worlds/props/fx_dust_puff.png' remapped 'res://assets/opera/worlds/props/fx_dust_puff.png' at thread -1
Loading resource: res://assets/effects/grand_puff/purple_vortex_v4.png remapped: res://assets/effects/grand_puff/purple_vortex_v4.png
Loading resource: res://.godot/imported/purple_vortex_v4.png-73637daaea783585b2d9d0dcf967aace.ctex remapped: res://.godot/imported/purple_vortex_v4.png-73637daaea783585b2d9d0dcf967aace.ctex
Completed load for: 'res://assets/effects/grand_puff/purple_vortex_v4.png' remapped 'res://assets/effects/grand_puff/purple_vortex_v4.png' at thread -1
Completed load for: 'res://scripts/probe_l2.gd' remapped 'res://scripts/probe_l2.gd' at thread -1
SceneTreeFTI: traversal method DEFAULT
LAGOONCANVAS|canonical_layout_manifest_loads|OK
Loading resource: res://scenes/main.tscn remapped: res://scenes/main.tscn
Completed load for: 'res://scenes/main.tscn' remapped 'res://scenes/main.tscn' at thread -1
Loaded system CA certificates
Loading resource: res://assets/audio/ambience_reef.ogg remapped: res://assets/audio/ambience_reef.ogg
Loading resource: res://.godot/imported/ambience_reef.ogg-30031e4868dd5f41925c6b3f42f0f9b1.oggvorbisstr remapped: res://.godot/imported/ambience_reef.ogg-30031e4868dd5f41925c6b3f42f0f9b1.oggvorbisstr
Completed load for: 'res://assets/audio/ambience_reef.ogg' remapped 'res://assets/audio/ambience_reef.ogg' at thread -1
Loading resource: res://assets/audio/music/world.ogg remapped: res://assets/audio/music/world.ogg
Loading resource: res://.godot/imported/world.ogg-bfec9819aa7fa229c0057fe76832cfa3.oggvorbisstr remapped: res://.godot/imported/world.ogg-bfec9819aa7fa229c0057fe76832cfa3.oggvorbisstr
Completed load for: 'res://assets/audio/music/world.ogg' remapped 'res://assets/audio/music/world.ogg' at thread -1
Loading resource: res://assets/audio/voices/filler_v1/yay.ogg remapped: res://assets/audio/voices/filler_v1/yay.ogg
Loading resource: res://.godot/imported/yay.ogg-a4cd419929b402130d14f60cd99b5355.oggvorbisstr remapped: res://.godot/imported/yay.ogg-a4cd419929b402130d14f60cd99b5355.oggvorbisstr
Completed load for: 'res://assets/audio/voices/filler_v1/yay.ogg' remapped 'res://assets/audio/voices/filler_v1/yay.ogg' at thread -1
Loading resource: res://assets/audio/chime.ogg remapped: res://assets/audio/chime.ogg
Loading resource: res://.godot/imported/chime.ogg-ccbd9039a16fca2270295f3df3042e4a.oggvorbisstr remapped: res://.godot/imported/chime.ogg-ccbd9039a16fca2270295f3df3042e4a.oggvorbisstr
Completed load for: 'res://assets/audio/chime.ogg' remapped 'res://assets/audio/chime.ogg' at thread -1
Loading resource: res://assets/audio/hop_boing.ogg remapped: res://assets/audio/hop_boing.ogg
Loading resource: res://.godot/imported/hop_boing.ogg-23491bc7346e37a3c3a7e5718a1c6334.oggvorbisstr remapped: res://.godot/imported/hop_boing.ogg-23491bc7346e37a3c3a7e5718a1c6334.oggvorbisstr
Completed load for: 'res://assets/audio/hop_boing.ogg' remapped 'res://assets/audio/hop_boing.ogg' at thread -1
Loading resource: res://assets/audio/penguin_giggle.ogg remapped: res://assets/audio/penguin_giggle.ogg
Loading resource: res://.godot/imported/penguin_giggle.ogg-1caa548251b7585be1b157de4e41c1b8.oggvorbisstr remapped: res://.godot/imported/penguin_giggle.ogg-1caa548251b7585be1b157de4e41c1b8.oggvorbisstr
Completed load for: 'res://assets/audio/penguin_giggle.ogg' remapped 'res://assets/audio/penguin_giggle.ogg' at thread -1
Loading resource: res://assets/audio/buy.ogg remapped: res://assets/audio/buy.ogg
Loading resource: res://.godot/imported/buy.ogg-ccfb5d2b9f2837f43f22621a6d87b91c.oggvorbisstr remapped: res://.godot/imported/buy.ogg-ccfb5d2b9f2837f43f22621a6d87b91c.oggvorbisstr
Completed load for: 'res://assets/audio/buy.ogg' remapped 'res://assets/audio/buy.ogg' at thread -1
Loading resource: res://assets/audio/music/banjo.ogg remapped: res://assets/audio/music/banjo.ogg
Loading resource: res://.godot/imported/banjo.ogg-6ace2633ccde608d168cb04a28077650.oggvorbisstr remapped: res://.godot/imported/banjo.ogg-6ace2633ccde608d168cb04a28077650.oggvorbisstr
Completed load for: 'res://assets/audio/music/banjo.ogg' remapped 'res://assets/audio/music/banjo.ogg' at thread -1
Loading resource: res://assets/audio/voices/filler_v1/roshan_intro1.ogg remapped: res://assets/audio/voices/filler_v1/roshan_intro1.ogg
Loading resource: res://.godot/imported/roshan_intro1.ogg-f820084970fc77bf53c9fa3fc87e9d14.oggvorbisstr remapped: res://.godot/imported/roshan_intro1.ogg-f820084970fc77bf53c9fa3fc87e9d14.oggvorbisstr
Completed load for: 'res://assets/audio/voices/filler_v1/roshan_intro1.ogg' remapped 'res://assets/audio/voices/filler_v1/roshan_intro1.ogg' at thread -1
Loading resource: res://assets/characters/friends/huluu.png remapped: res://assets/characters/friends/huluu.png
Loading resource: res://.godot/imported/huluu.png-6fee73331b3d0600210812844b67ef58.ctex remapped: res://.godot/imported/huluu.png-6fee73331b3d0600210812844b67ef58.ctex
Completed load for: 'res://assets/characters/friends/huluu.png' remapped 'res://assets/characters/friends/huluu.png' at thread -1
Loading resource: res://assets/audio/ambience_lagoon.ogg remapped: res://assets/audio/ambience_lagoon.ogg
Loading resource: res://.godot/imported/ambience_lagoon.ogg-ae488c5c49780dd6b99e4d26aa81385b.oggvorbisstr remapped: res://.godot/imported/ambience_lagoon.ogg-ae488c5c49780dd6b99e4d26aa81385b.oggvorbisstr
Completed load for: 'res://assets/audio/ambience_lagoon.ogg' remapped 'res://assets/audio/ambience_lagoon.ogg' at thread -1
Loading resource: res://assets/audio/music/level2.ogg remapped: res://assets/audio/music/level2.ogg
Loading resource: res://.godot/imported/level2.ogg-b8046f808a9b0bfedb2cfe8030063143.oggvorbisstr remapped: res://.godot/imported/level2.ogg-b8046f808a9b0bfedb2cfe8030063143.oggvorbisstr
Completed load for: 'res://assets/audio/music/level2.ogg' remapped 'res://assets/audio/music/level2.ogg' at thread -1
Loading resource: res://assets/flats/sky_lagoon/main/flat_sky_lagoon_main_panorama_v5_tile_r0_c0.png remapped: res://assets/flats/sky_lagoon/main/flat_sky_lagoon_main_panorama_v5_tile_r0_c0.png
Loading resource: res://.godot/imported/flat_sky_lagoon_main_panorama_v5_tile_r0_c0.png-7319183c8376a5d32c3f8a9496db5c0c.s3tc.ctex remapped: res://.godot/imported/flat_sky_lagoon_main_panorama_v5_tile_r0_c0.png-7319183c8376a5d32c3f8a9496db5c0c.s3tc.ctex
Completed load for: 'res://assets/flats/sky_lagoon/main/flat_sky_lagoon_main_panorama_v5_tile_r0_c0.png' remapped 'res://assets/flats/sky_lagoon/main/flat_sky_lagoon_main_panorama_v5_tile_r0_c0.png' at thread -1
Loading resource: res://assets/flats/sky_lagoon/main/flat_sky_lagoon_main_panorama_v5_tile_r0_c1.png remapped: res://assets/flats/sky_lagoon/main/flat_sky_lagoon_main_panorama_v5_tile_r0_c1.png
Loading resource: res://.godot/imported/flat_sky_lagoon_main_panorama_v5_tile_r0_c1.png-a6c1a5c5b9d6882304056bf6376f961f.s3tc.ctex remapped: res://.godot/imported/flat_sky_lagoon_main_panorama_v5_tile_r0_c1.png-a6c1a5c5b9d6882304056bf6376f961f.s3tc.ctex
Completed load for: 'res://assets/flats/sky_lagoon/main/flat_sky_lagoon_main_panorama_v5_tile_r0_c1.png' remapped 'res://assets/flats/sky_lagoon/main/flat_sky_lagoon_main_panorama_v5_tile_r0_c1.png' at thread -1
Loading resource: res://assets/flats/sky_lagoon/main/flat_sky_lagoon_main_panorama_v5_tile_r0_c2.png remapped: res://assets/flats/sky_lagoon/main/flat_sky_lagoon_main_panorama_v5_tile_r0_c2.png
Loading resource: res://.godot/imported/flat_sky_lagoon_main_panorama_v5_tile_r0_c2.png-707b7c1249db60c277ba18a5a90d2606.s3tc.ctex remapped: res://.godot/imported/flat_sky_lagoon_main_panorama_v5_tile_r0_c2.png-707b7c1249db60c277ba18a5a90d2606.s3tc.ctex
Completed load for: 'res://assets/flats/sky_lagoon/main/flat_sky_lagoon_main_panorama_v5_tile_r0_c2.png' remapped 'res://assets/flats/sky_lagoon/main/flat_sky_lagoon_main_panorama_v5_tile_r0_c2.png' at thread -1
Loading resource: res://assets/flats/sky_lagoon/main/flat_sky_lagoon_main_panorama_v5_tile_r0_c3.png remapped: res://assets/flats/sky_lagoon/main/flat_sky_lagoon_main_panorama_v5_tile_r0_c3.png
Loading resource: res://.godot/imported/flat_sky_lagoon_main_panorama_v5_tile_r0_c3.png-f5a0de2cacbf855b5537bfa011fb414f.s3tc.ctex remapped: res://.godot/imported/flat_sky_lagoon_main_panorama_v5_tile_r0_c3.png-f5a0de2cacbf855b5537bfa011fb414f.s3tc.ctex
Completed load for: 'res://assets/flats/sky_lagoon/main/flat_sky_lagoon_main_panorama_v5_tile_r0_c3.png' remapped 'res://assets/flats/sky_lagoon/main/flat_sky_lagoon_main_panorama_v5_tile_r0_c3.png' at thread -1
Loading resource: res://assets/flats/sky_lagoon/main/flat_sky_lagoon_main_panorama_v5_tile_r0_c4.png remapped: res://assets/flats/sky_lagoon/main/flat_sky_lagoon_main_panorama_v5_tile_r0_c4.png
Loading resource: res://.godot/imported/flat_sky_lagoon_main_panorama_v5_tile_r0_c4.png-6999927701c9b5b3f31c766b824f236f.s3tc.ctex remapped: res://.godot/imported/flat_sky_lagoon_main_panorama_v5_tile_r0_c4.png-6999927701c9b5b3f31c766b824f236f.s3tc.ctex
Completed load for: 'res://assets/flats/sky_lagoon/main/flat_sky_lagoon_main_panorama_v5_tile_r0_c4.png' remapped 'res://assets/flats/sky_lagoon/main/flat_sky_lagoon_main_panorama_v5_tile_r0_c4.png' at thread -1
Loading resource: res://assets/flats/sky_lagoon/main/flat_sky_lagoon_main_panorama_v5_tile_r0_c5.png remapped: res://assets/flats/sky_lagoon/main/flat_sky_lagoon_main_panorama_v5_tile_r0_c5.png
Loading resource: res://.godot/imported/flat_sky_lagoon_main_panorama_v5_tile_r0_c5.png-b9e6854ab45a6d7567258f9511f51de7.s3tc.ctex remapped: res://.godot/imported/flat_sky_lagoon_main_panorama_v5_tile_r0_c5.png-b9e6854ab45a6d7567258f9511f51de7.s3tc.ctex
Completed load for: 'res://assets/flats/sky_lagoon/main/flat_sky_lagoon_main_panorama_v5_tile_r0_c5.png' remapped 'res://assets/flats/sky_lagoon/main/flat_sky_lagoon_main_panorama_v5_tile_r0_c5.png' at thread -1
Loading resource: res://assets/flats/sky_lagoon/main/flat_sky_lagoon_main_panorama_v5_tile_r1_c0.png remapped: res://assets/flats/sky_lagoon/main/flat_sky_lagoon_main_panorama_v5_tile_r1_c0.png
Loading resource: res://.godot/imported/flat_sky_lagoon_main_panorama_v5_tile_r1_c0.png-f213172c1a85fc3d9cd1cb8a62b11e61.s3tc.ctex remapped: res://.godot/imported/flat_sky_lagoon_main_panorama_v5_tile_r1_c0.png-f213172c1a85fc3d9cd1cb8a62b11e61.s3tc.ctex
Completed load for: 'res://assets/flats/sky_lagoon/main/flat_sky_lagoon_main_panorama_v5_tile_r1_c0.png' remapped 'res://assets/flats/sky_lagoon/main/flat_sky_lagoon_main_panorama_v5_tile_r1_c0.png' at thread -1
Loading resource: res://assets/flats/sky_lagoon/main/flat_sky_lagoon_main_panorama_v5_tile_r1_c1.png remapped: res://assets/flats/sky_lagoon/main/flat_sky_lagoon_main_panorama_v5_tile_r1_c1.png
Loading resource: res://.godot/imported/flat_sky_lagoon_main_panorama_v5_tile_r1_c1.png-e3959803f8dda52d94b3b458d159f503.s3tc.ctex remapped: res://.godot/imported/flat_sky_lagoon_main_panorama_v5_tile_r1_c1.png-e3959803f8dda52d94b3b458d159f503.s3tc.ctex
Completed load for: 'res://assets/flats/sky_lagoon/main/flat_sky_lagoon_main_panorama_v5_tile_r1_c1.png' remapped 'res://assets/flats/sky_lagoon/main/flat_sky_lagoon_main_panorama_v5_tile_r1_c1.png' at thread -1
Loading resource: res://assets/flats/sky_lagoon/main/flat_sky_lagoon_main_panorama_v5_tile_r1_c2.png remapped: res://assets/flats/sky_lagoon/main/flat_sky_lagoon_main_panorama_v5_tile_r1_c2.png
Loading resource: res://.godot/imported/flat_sky_lagoon_main_panorama_v5_tile_r1_c2.png-0c556d40124fed4dea38c25d4997f920.s3tc.ctex remapped: res://.godot/imported/flat_sky_lagoon_main_panorama_v5_tile_r1_c2.png-0c556d40124fed4dea38c25d4997f920.s3tc.ctex
Completed load for: 'res://assets/flats/sky_lagoon/main/flat_sky_lagoon_main_panorama_v5_tile_r1_c2.png' remapped 'res://assets/flats/sky_lagoon/main/flat_sky_lagoon_main_panorama_v5_tile_r1_c2.png' at thread -1
Loading resource: res://assets/flats/sky_lagoon/main/flat_sky_lagoon_main_panorama_v5_tile_r1_c3.png remapped: res://assets/flats/sky_lagoon/main/flat_sky_lagoon_main_panorama_v5_tile_r1_c3.png
Loading resource: res://.godot/imported/flat_sky_lagoon_main_panorama_v5_tile_r1_c3.png-f8ce0e5f490964960eec056604b88fb0.s3tc.ctex remapped: res://.godot/imported/flat_sky_lagoon_main_panorama_v5_tile_r1_c3.png-f8ce0e5f490964960eec056604b88fb0.s3tc.ctex
Completed load for: 'res://assets/flats/sky_lagoon/main/flat_sky_lagoon_main_panorama_v5_tile_r1_c3.png' remapped 'res://assets/flats/sky_lagoon/main/flat_sky_lagoon_main_panorama_v5_tile_r1_c3.png' at thread -1
Loading resource: res://assets/flats/sky_lagoon/main/flat_sky_lagoon_main_panorama_v5_tile_r1_c4.png remapped: res://assets/flats/sky_lagoon/main/flat_sky_lagoon_main_panorama_v5_tile_r1_c4.png
Loading resource: res://.godot/imported/flat_sky_lagoon_main_panorama_v5_tile_r1_c4.png-7797a4393fb38901583f2658ad8ab140.s3tc.ctex remapped: res://.godot/imported/flat_sky_lagoon_main_panorama_v5_tile_r1_c4.png-7797a4393fb38901583f2658ad8ab140.s3tc.ctex
Completed load for: 'res://assets/flats/sky_lagoon/main/flat_sky_lagoon_main_panorama_v5_tile_r1_c4.png' remapped 'res://assets/flats/sky_lagoon/main/flat_sky_lagoon_main_panorama_v5_tile_r1_c4.png' at thread -1
Loading resource: res://assets/flats/sky_lagoon/main/flat_sky_lagoon_main_panorama_v5_tile_r1_c5.png remapped: res://assets/flats/sky_lagoon/main/flat_sky_lagoon_main_panorama_v5_tile_r1_c5.png
Loading resource: res://.godot/imported/flat_sky_lagoon_main_panorama_v5_tile_r1_c5.png-8c97f92f934f9637c71efb000f19c0ba.s3tc.ctex remapped: res://.godot/imported/flat_sky_lagoon_main_panorama_v5_tile_r1_c5.png-8c97f92f934f9637c71efb000f19c0ba.s3tc.ctex
Completed load for: 'res://assets/flats/sky_lagoon/main/flat_sky_lagoon_main_panorama_v5_tile_r1_c5.png' remapped 'res://assets/flats/sky_lagoon/main/flat_sky_lagoon_main_panorama_v5_tile_r1_c5.png' at thread -1
Loading resource: res://assets/sprites/sky_lagoon/sky_lagoon_smoke_wisp_v2.png remapped: res://assets/sprites/sky_lagoon/sky_lagoon_smoke_wisp_v2.png
Loading resource: res://.godot/imported/sky_lagoon_smoke_wisp_v2.png-0ce85fbfadefcb57be3728144f8353d9.ctex remapped: res://.godot/imported/sky_lagoon_smoke_wisp_v2.png-0ce85fbfadefcb57be3728144f8353d9.ctex
Completed load for: 'res://assets/sprites/sky_lagoon/sky_lagoon_smoke_wisp_v2.png' remapped 'res://assets/sprites/sky_lagoon/sky_lagoon_smoke_wisp_v2.png' at thread -1
Loading resource: res://assets/sprites/sky_lagoon/sky_lagoon_tree_sticker_slender_v1.png remapped: res://assets/sprites/sky_lagoon/sky_lagoon_tree_sticker_slender_v1.png
Loading resource: res://.godot/imported/sky_lagoon_tree_sticker_slender_v1.png-a4ec95b33d54b21f816c4be0231544dc.ctex remapped: res://.godot/imported/sky_lagoon_tree_sticker_slender_v1.png-a4ec95b33d54b21f816c4be0231544dc.ctex
Completed load for: 'res://assets/sprites/sky_lagoon/sky_lagoon_tree_sticker_slender_v1.png' remapped 'res://assets/sprites/sky_lagoon/sky_lagoon_tree_sticker_slender_v1.png' at thread -1
Loading resource: res://assets/sprites/sky_lagoon/sky_lagoon_plane_v5_hd_grade.png remapped: res://assets/sprites/sky_lagoon/sky_lagoon_plane_v5_hd_grade.png
Loading resource: res://.godot/imported/sky_lagoon_plane_v5_hd_grade.png-f5eca59469450d715dd2655bcca07838.ctex remapped: res://.godot/imported/sky_lagoon_plane_v5_hd_grade.png-f5eca59469450d715dd2655bcca07838.ctex
Completed load for: 'res://assets/sprites/sky_lagoon/sky_lagoon_plane_v5_hd_grade.png' remapped 'res://assets/sprites/sky_lagoon/sky_lagoon_plane_v5_hd_grade.png' at thread -1
Loading resource: res://assets/sprites/sky_lagoon/sky_lagoon_slide_v3_compact.png remapped: res://assets/sprites/sky_lagoon/sky_lagoon_slide_v3_compact.png
Loading resource: res://.godot/imported/sky_lagoon_slide_v3_compact.png-f6d8acb2ed44659ff9330d247dbe2f4a.ctex remapped: res://.godot/imported/sky_lagoon_slide_v3_compact.png-f6d8acb2ed44659ff9330d247dbe2f4a.ctex
Completed load for: 'res://assets/sprites/sky_lagoon/sky_lagoon_slide_v3_compact.png' remapped 'res://assets/sprites/sky_lagoon/sky_lagoon_slide_v3_compact.png' at thread -1
Loading resource: res://assets/sprites/sky_lagoon/sky_lagoon_seesaw_v5_fitted.png remapped: res://assets/sprites/sky_lagoon/sky_lagoon_seesaw_v5_fitted.png
Loading resource: res://.godot/imported/sky_lagoon_seesaw_v5_fitted.png-05e6419057f04aacb784c637164d80db.ctex remapped: res://.godot/imported/sky_lagoon_seesaw_v5_fitted.png-05e6419057f04aacb784c637164d80db.ctex
Completed load for: 'res://assets/sprites/sky_lagoon/sky_lagoon_seesaw_v5_fitted.png' remapped 'res://assets/sprites/sky_lagoon/sky_lagoon_seesaw_v5_fitted.png' at thread -1
Loading resource: res://assets/sprites/sky_lagoon/sky_lagoon_contact_shadow.png remapped: res://assets/sprites/sky_lagoon/sky_lagoon_contact_shadow.png
Loading resource: res://.godot/imported/sky_lagoon_contact_shadow.png-5822a958a724d638078d258beb4b6c09.s3tc.ctex remapped: res://.godot/imported/sky_lagoon_contact_shadow.png-5822a958a724d638078d258beb4b6c09.s3tc.ctex
Completed load for: 'res://assets/sprites/sky_lagoon/sky_lagoon_contact_shadow.png' remapped 'res://assets/sprites/sky_lagoon/sky_lagoon_contact_shadow.png' at thread -1
Loading resource: res://assets/sprites/sky_lagoon/sky_lagoon_castle_door_focus_v1.png remapped: res://assets/sprites/sky_lagoon/sky_lagoon_castle_door_focus_v1.png
Loading resource: res://.godot/imported/sky_lagoon_castle_door_focus_v1.png-2701a9f7f47dfc7727deae7894179758.ctex remapped: res://.godot/imported/sky_lagoon_castle_door_focus_v1.png-2701a9f7f47dfc7727deae7894179758.ctex
Completed load for: 'res://assets/sprites/sky_lagoon/sky_lagoon_castle_door_focus_v1.png' remapped 'res://assets/sprites/sky_lagoon/sky_lagoon_castle_door_focus_v1.png' at thread -1
LAGOONCANVAS|promenade_phase|OK
LAGOONCANVAS|canvas_stage_authority|OK
LAGOONCANVAS|lagoon_root_has_zero_spatial_descendants|OK|count=0
LAGOONCANVAS|exact_canvas_holder_contract|OK
Loading resource: res://assets/characters/roshan_25d/roshan_base.png remapped: res://assets/characters/roshan_25d/roshan_base.png
Loading resource: res://.godot/imported/roshan_base.png-9c456388e4a5ef13b9331f23ea18de99.s3tc.ctex remapped: res://.godot/imported/roshan_base.png-9c456388e4a5ef13b9331f23ea18de99.s3tc.ctex
Completed load for: 'res://assets/characters/roshan_25d/roshan_base.png' remapped 'res://assets/characters/roshan_25d/roshan_base.png' at thread -1
LAGOONCANVAS|full_layer_order_-1_0_6_8_9_12_29_30|OK
LAGOONCANVAS|approved_source_assets_resolve|OK
LAGOONCANVAS|native_master_is_6144x2048|OK
LAGOONCANVAS|layout_manifest_binds_exact_v5_plate|OK
LAGOONCANVAS|twelve_native_seamless_canvas_tiles|OK|tiles=12 positions=12
LAGOONCANVAS|castle_authored_pixels_stay_inside_master_frame|OK|bounds=[P: (4676.584, 362.0073), S: (1190.53, 1197.638)]
LAGOONCANVAS|castle_bridge_tip_anchors_to_foreground_stone_landing|OK|actual=(5091.196, 1559.645) expected=(5091.197, 1559.645)
LAGOONCANVAS|castle_bridge_support_edge_bears_on_foreground_stone_landing|OK|samples=6 span=115.103 inside=true
LAGOONCANVAS|castle_facade_rejects_procedural_mesh_grime|OK|landmark_primitive_count=0
LAGOONCANVAS|eight_canvas_holders_have_exact_order_and_audit_ids|OK|ids=["base", "rear_geography", "rear_atmosphere", "landmarks", "interactive", "actors", "foreground_geography", "foreground_lighting"] z=[-500, -400, -400, -300, 0, 100, 300, 300] relative_z=[(0, 0), (0, 0), (0, 0), (0, 0), (-1, 4), (-1, 0), (0, 0), (0, 0)]
LAGOONCANVAS|playground_actor_castle_share_locked_mural_socket|OK|before=[(0.0, 0.0), (0.0, 0.0), (0.0, 0.0), (0.0, 0.0), (0.0, 0.0), (0.0, 0.0)] after=[(0.0, 0.0), (0.0, 0.0), (0.0, 0.0), (0.0, 0.0), (0.0, 0.0), (0.0, 0.0)]
LAGOONCANVAS|unsupported_path_tree_is_absent_and_dressing_is_truthful|OK|rear={ "count": 0, "bounds": [P: (0.0, 0.0), S: (0.0, 0.0)] } rejected={ "enabled": false, "path": "res://assets/sprites/sky_lagoon/sky_lagoon_tree_sticker_tall_v1.png", "sha256": "6c5ea2b3a6ba843e191d88b7a96b81f9cb203813d09f456e1adfa86e5664a98a", "role": "unsupported_new_dressing", "rejection_reason": "No source-object socket exists in the v5 plate; both legacy transforms occlude the scenic mountain path." } foreground={ "count": 1, "bounds": [P: (2240.265, 724.5591), S: (146.9692, 219.6317)] }/res://assets/sprites/sky_lagoon/sky_lagoon_tree_sticker_slender_v1.png/(5750.0, 1335.0)
LAGOONCANVAS|atmosphere_and_sprite2d_lighting_keep_independent_owners|OK|rear=["SkyLagoonRearCloud"] foreground=[]
LAGOONCANVAS|two_real_parallax_motion_classes|OK|rear=184.320/1 foreground=-61.440/0
LAGOONCANVAS|master_screen_roundtrip_uses_production_camera2d|OK
LAGOONCANVAS|mural_transform_covers_each_phone_screen|OK|1024=1.000/[P: (0.0, 0.0), S: (3840.0, 1280.0)];3072=1.000/[P: (-1280.0, 0.0), S: (3840.0, 1280.0)];5120=1.000/[P: (-2560.0, 0.0), S: (3840.0, 1280.0)]
LAGOONCANVAS|exact_five_target_roster|OK
LAGOONCANVAS|target_canvas_metadata_and_touch_budget|OK
LAGOONCANVAS|target_affordance_categories|OK
LAGOONCANVAS|production_canvas_target_resolver|OK
LAGOONCANVAS|target_actual_display_footprints|OK
LAGOONCANVAS|selected_focus_cues_are_readable_attached_and_contrasting|OK|castle_gate=145.1x166.3 center=0.00 a=0.91;seesaw=134.4x156.8 tip=0.00 center=78.40 a=0.91;slide=132.0x154.0 tip=0.00 center=77.00 a=0.91;swing=132.0x154.0 tip=0.00 center=77.00 a=0.91
LAGOONCANVAS|idle_focus_cues_are_subtle_not_ghost_objects|OK
LAGOONCANVAS|unique_focus_assets_do_not_clone_target_pixels|OK
Loading resource: res://assets/sprites/sky_lagoon/roshan_playground/roshan_swing_0.png remapped: res://assets/sprites/sky_lagoon/roshan_playground/roshan_swing_0.png
Loading resource: res://.godot/imported/roshan_swing_0.png-ebd44ee592ca33d85b0b890529b79943.s3tc.ctex remapped: res://.godot/imported/roshan_swing_0.png-ebd44ee592ca33d85b0b890529b79943.s3tc.ctex
Completed load for: 'res://assets/sprites/sky_lagoon/roshan_playground/roshan_swing_0.png' remapped 'res://assets/sprites/sky_lagoon/roshan_playground/roshan_swing_0.png' at thread -1
Loading resource: res://assets/sprites/sky_lagoon/roshan_playground/roshan_swing_1.png remapped: res://assets/sprites/sky_lagoon/roshan_playground/roshan_swing_1.png
Loading resource: res://.godot/imported/roshan_swing_1.png-726cd1fba70897ebb5441c77b09058aa.s3tc.ctex remapped: res://.godot/imported/roshan_swing_1.png-726cd1fba70897ebb5441c77b09058aa.s3tc.ctex
Completed load for: 'res://assets/sprites/sky_lagoon/roshan_playground/roshan_swing_1.png' remapped 'res://assets/sprites/sky_lagoon/roshan_playground/roshan_swing_1.png' at thread -1
Loading resource: res://assets/sprites/sky_lagoon/roshan_playground/roshan_swing_2_v2.png remapped: res://assets/sprites/sky_lagoon/roshan_playground/roshan_swing_2_v2.png
Loading resource: res://.godot/imported/roshan_swing_2_v2.png-794443d82e8fc30743750e6e3088c558.s3tc.ctex remapped: res://.godot/imported/roshan_swing_2_v2.png-794443d82e8fc30743750e6e3088c558.s3tc.ctex
Completed load for: 'res://assets/sprites/sky_lagoon/roshan_playground/roshan_swing_2_v2.png' remapped 'res://assets/sprites/sky_lagoon/roshan_playground/roshan_swing_2_v2.png' at thread -1
Loading resource: res://assets/sprites/sky_lagoon/roshan_playground/roshan_swing_3_v2.png remapped: res://assets/sprites/sky_lagoon/roshan_playground/roshan_swing_3_v2.png
Loading resource: res://.godot/imported/roshan_swing_3_v2.png-b56af259b3dd3ed22964f7e9cf2e5f23.s3tc.ctex remapped: res://.godot/imported/roshan_swing_3_v2.png-b56af259b3dd3ed22964f7e9cf2e5f23.s3tc.ctex
Completed load for: 'res://assets/sprites/sky_lagoon/roshan_playground/roshan_swing_3_v2.png' remapped 'res://assets/sprites/sky_lagoon/roshan_playground/roshan_swing_3_v2.png' at thread -1
LAGOONCANVAS|toy_first_touch_focus_second_touch_play|OK
Loading resource: res://assets/sprites/sky_lagoon/animals/hare_idle_atlas.png remapped: res://assets/sprites/sky_lagoon/animals/hare_idle_atlas.png
Loading resource: res://.godot/imported/hare_idle_atlas.png-2459f00acf33b397c1bbf9f9a4f1fb8b.s3tc.ctex remapped: res://.godot/imported/hare_idle_atlas.png-2459f00acf33b397c1bbf9f9a4f1fb8b.s3tc.ctex
Completed load for: 'res://assets/sprites/sky_lagoon/animals/hare_idle_atlas.png' remapped 'res://assets/sprites/sky_lagoon/animals/hare_idle_atlas.png' at thread -1
LAGOONCANVAS|route_motion_uses_land_frames_in_both_directions|OK
LAGOONCANVAS|route_contact_anchor_stays_on_painted_ground|OK|max_error=0.0000
LAGOONCANVAS|route_shadow_tracks_semantic_contact_anchor|OK|max_error=0.0000
Loading resource: res://assets/sprites/sky_lagoon/roshan_playground/roshan_slide_0.png remapped: res://assets/sprites/sky_lagoon/roshan_playground/roshan_slide_0.png
Loading resource: res://.godot/imported/roshan_slide_0.png-4c33d7c5db38379bfa19541935fed2d8.s3tc.ctex remapped: res://.godot/imported/roshan_slide_0.png-4c33d7c5db38379bfa19541935fed2d8.s3tc.ctex
Completed load for: 'res://assets/sprites/sky_lagoon/roshan_playground/roshan_slide_0.png' remapped 'res://assets/sprites/sky_lagoon/roshan_playground/roshan_slide_0.png' at thread -1
Loading resource: res://assets/sprites/sky_lagoon/roshan_playground/roshan_slide_1.png remapped: res://assets/sprites/sky_lagoon/roshan_playground/roshan_slide_1.png
Loading resource: res://.godot/imported/roshan_slide_1.png-24146d3e420933d8bc184c28f22a0303.s3tc.ctex remapped: res://.godot/imported/roshan_slide_1.png-24146d3e420933d8bc184c28f22a0303.s3tc.ctex
Completed load for: 'res://assets/sprites/sky_lagoon/roshan_playground/roshan_slide_1.png' remapped 'res://assets/sprites/sky_lagoon/roshan_playground/roshan_slide_1.png' at thread -1
Loading resource: res://assets/sprites/sky_lagoon/roshan_playground/roshan_slide_2_v2.png remapped: res://assets/sprites/sky_lagoon/roshan_playground/roshan_slide_2_v2.png
Loading resource: res://.godot/imported/roshan_slide_2_v2.png-303e5de067c2ffb2f0720056c82e9f01.s3tc.ctex remapped: res://.godot/imported/roshan_slide_2_v2.png-303e5de067c2ffb2f0720056c82e9f01.s3tc.ctex
Completed load for: 'res://assets/sprites/sky_lagoon/roshan_playground/roshan_slide_2_v2.png' remapped 'res://assets/sprites/sky_lagoon/roshan_playground/roshan_slide_2_v2.png' at thread -1
Loading resource: res://assets/sprites/sky_lagoon/roshan_playground/roshan_slide_3_v2.png remapped: res://assets/sprites/sky_lagoon/roshan_playground/roshan_slide_3_v2.png
Loading resource: res://.godot/imported/roshan_slide_3_v2.png-ae5e369b0dd7fe91d29fe93b21b63da1.s3tc.ctex remapped: res://.godot/imported/roshan_slide_3_v2.png-ae5e369b0dd7fe91d29fe93b21b63da1.s3tc.ctex
Completed load for: 'res://assets/sprites/sky_lagoon/roshan_playground/roshan_slide_3_v2.png' remapped 'res://assets/sprites/sky_lagoon/roshan_playground/roshan_slide_3_v2.png' at thread -1
bcdec: Decompression of a 512x512 DXT5 RGBA8 image with 0 mipmaps took 1 ms.
Loading resource: res://assets/sprites/sky_lagoon/roshan_playground/roshan_swing_0.png remapped: res://assets/sprites/sky_lagoon/roshan_playground/roshan_swing_0.png
Loading resource: res://.godot/imported/roshan_swing_0.png-ebd44ee592ca33d85b0b890529b79943.s3tc.ctex remapped: res://.godot/imported/roshan_swing_0.png-ebd44ee592ca33d85b0b890529b79943.s3tc.ctex
Completed load for: 'res://assets/sprites/sky_lagoon/roshan_playground/roshan_swing_0.png' remapped 'res://assets/sprites/sky_lagoon/roshan_playground/roshan_swing_0.png' at thread -1
Loading resource: res://assets/sprites/sky_lagoon/roshan_playground/roshan_swing_1.png remapped: res://assets/sprites/sky_lagoon/roshan_playground/roshan_swing_1.png
Loading resource: res://.godot/imported/roshan_swing_1.png-726cd1fba70897ebb5441c77b09058aa.s3tc.ctex remapped: res://.godot/imported/roshan_swing_1.png-726cd1fba70897ebb5441c77b09058aa.s3tc.ctex
Completed load for: 'res://assets/sprites/sky_lagoon/roshan_playground/roshan_swing_1.png' remapped 'res://assets/sprites/sky_lagoon/roshan_playground/roshan_swing_1.png' at thread -1
Loading resource: res://assets/sprites/sky_lagoon/roshan_playground/roshan_swing_2_v2.png remapped: res://assets/sprites/sky_lagoon/roshan_playground/roshan_swing_2_v2.png
Loading resource: res://.godot/imported/roshan_swing_2_v2.png-794443d82e8fc30743750e6e3088c558.s3tc.ctex remapped: res://.godot/imported/roshan_swing_2_v2.png-794443d82e8fc30743750e6e3088c558.s3tc.ctex
Completed load for: 'res://assets/sprites/sky_lagoon/roshan_playground/roshan_swing_2_v2.png' remapped 'res://assets/sprites/sky_lagoon/roshan_playground/roshan_swing_2_v2.png' at thread -1
Loading resource: res://assets/sprites/sky_lagoon/roshan_playground/roshan_swing_3_v2.png remapped: res://assets/sprites/sky_lagoon/roshan_playground/roshan_swing_3_v2.png
Loading resource: res://.godot/imported/roshan_swing_3_v2.png-b56af259b3dd3ed22964f7e9cf2e5f23.s3tc.ctex remapped: res://.godot/imported/roshan_swing_3_v2.png-b56af259b3dd3ed22964f7e9cf2e5f23.s3tc.ctex
Completed load for: 'res://assets/sprites/sky_lagoon/roshan_playground/roshan_swing_3_v2.png' remapped 'res://assets/sprites/sky_lagoon/roshan_playground/roshan_swing_3_v2.png' at thread -1
bcdec: Decompression of a 512x512 DXT5 RGBA8 image with 0 mipmaps took 0 ms.
Loading resource: res://assets/sprites/sky_lagoon/roshan_playground/roshan_seesaw_0.png remapped: res://assets/sprites/sky_lagoon/roshan_playground/roshan_seesaw_0.png
Loading resource: res://.godot/imported/roshan_seesaw_0.png-c425713a778cb9d0e54fdedd5f60b51b.s3tc.ctex remapped: res://.godot/imported/roshan_seesaw_0.png-c425713a778cb9d0e54fdedd5f60b51b.s3tc.ctex
Completed load for: 'res://assets/sprites/sky_lagoon/roshan_playground/roshan_seesaw_0.png' remapped 'res://assets/sprites/sky_lagoon/roshan_playground/roshan_seesaw_0.png' at thread -1
Loading resource: res://assets/sprites/sky_lagoon/roshan_playground/roshan_seesaw_1.png remapped: res://assets/sprites/sky_lagoon/roshan_playground/roshan_seesaw_1.png
Loading resource: res://.godot/imported/roshan_seesaw_1.png-1938d50e23799f66789a274d8bec4e2e.s3tc.ctex remapped: res://.godot/imported/roshan_seesaw_1.png-1938d50e23799f66789a274d8bec4e2e.s3tc.ctex
Completed load for: 'res://assets/sprites/sky_lagoon/roshan_playground/roshan_seesaw_1.png' remapped 'res://assets/sprites/sky_lagoon/roshan_playground/roshan_seesaw_1.png' at thread -1
Loading resource: res://assets/sprites/sky_lagoon/roshan_playground/roshan_seesaw_2.png remapped: res://assets/sprites/sky_lagoon/roshan_playground/roshan_seesaw_2.png
Loading resource: res://.godot/imported/roshan_seesaw_2.png-003ffa3ffdd59c8d1882cf5f770458cd.s3tc.ctex remapped: res://.godot/imported/roshan_seesaw_2.png-003ffa3ffdd59c8d1882cf5f770458cd.s3tc.ctex
Completed load for: 'res://assets/sprites/sky_lagoon/roshan_playground/roshan_seesaw_2.png' remapped 'res://assets/sprites/sky_lagoon/roshan_playground/roshan_seesaw_2.png' at thread -1
Loading resource: res://assets/sprites/sky_lagoon/roshan_playground/roshan_seesaw_3.png remapped: res://assets/sprites/sky_lagoon/roshan_playground/roshan_seesaw_3.png
Loading resource: res://.godot/imported/roshan_seesaw_3.png-e1e6623db168bf413487d74594510828.s3tc.ctex remapped: res://.godot/imported/roshan_seesaw_3.png-e1e6623db168bf413487d74594510828.s3tc.ctex
Completed load for: 'res://assets/sprites/sky_lagoon/roshan_playground/roshan_seesaw_3.png' remapped 'res://assets/sprites/sky_lagoon/roshan_playground/roshan_seesaw_3.png' at thread -1
bcdec: Decompression of a 512x512 DXT5 RGBA8 image with 0 mipmaps took 1 ms.
LAGOONCANVAS|play_actions_verify_visible_actor_equipment_contact|OK|slide=steps163 frames4 contacttrue rot0.000 anchor0.000 step13.672 cleanuptrue,swing=steps169 frames4 contacttrue rot0.200 anchor0.000 step0.000 cleanuptrue,seesaw=steps175 frames4 contacttrue rot0.105 anchor0.000 step0.000 cleanuptrue
LAGOONCANVAS|play_actions_preserve_authored_contact_anchors|OK|slide=steps163 frames4 contacttrue rot0.000 anchor0.000 step13.672 cleanuptrue,swing=steps169 frames4 contacttrue rot0.200 anchor0.000 step0.000 cleanuptrue,seesaw=steps175 frames4 contacttrue rot0.105 anchor0.000 step0.000 cleanuptrue
LAGOONCANVAS|slide_ride_uses_downhill_canvas_rotation|OK
LAGOONCANVAS|slide_phases_preserve_position_continuity|OK|slide=steps163 frames4 contacttrue rot0.000 anchor0.000 step13.672 cleanuptrue,swing=steps169 frames4 contacttrue rot0.200 anchor0.000 step0.000 cleanuptrue,seesaw=steps175 frames4 contacttrue rot0.105 anchor0.000 step0.000 cleanuptrue
LAGOONCANVAS|play_actions_reset_inherited_route_facing|OK
LAGOONCANVAS|play_actions_hide_ground_shadow_immediately_on_start|OK
LAGOONCANVAS|play_actions_hide_false_ground_shadow_and_restore_contact|OK
LAGOONCANVAS|play_actions_run_full_temporal_cycle|OK|slide=steps163 frames4 contacttrue rot0.000 anchor0.000 step13.672 cleanuptrue,swing=steps169 frames4 contacttrue rot0.200 anchor0.000 step0.000 cleanuptrue,seesaw=steps175 frames4 contacttrue rot0.105 anchor0.000 step0.000 cleanuptrue
LAGOONCANVAS|play_actions_naturally_settle_and_restore|OK
LAGOONCANVAS|speedy_play_tick_median_under_1ms|OK|samples_usec=[66.7942857142857, 74.2544378698225, 120.60736196319]
LAGOONCANVAS|play_cleanup_restores_single_canvas_actor|OK
Loading resource: res://assets/sprites/sky_lagoon/roshan_playground/roshan_slide_0.png remapped: res://assets/sprites/sky_lagoon/roshan_playground/roshan_slide_0.png
Loading resource: res://.godot/imported/roshan_slide_0.png-4c33d7c5db38379bfa19541935fed2d8.s3tc.ctex remapped: res://.godot/imported/roshan_slide_0.png-4c33d7c5db38379bfa19541935fed2d8.s3tc.ctex
Completed load for: 'res://assets/sprites/sky_lagoon/roshan_playground/roshan_slide_0.png' remapped 'res://assets/sprites/sky_lagoon/roshan_playground/roshan_slide_0.png' at thread -1
Loading resource: res://assets/sprites/sky_lagoon/roshan_playground/roshan_slide_1.png remapped: res://assets/sprites/sky_lagoon/roshan_playground/roshan_slide_1.png
Loading resource: res://.godot/imported/roshan_slide_1.png-24146d3e420933d8bc184c28f22a0303.s3tc.ctex remapped: res://.godot/imported/roshan_slide_1.png-24146d3e420933d8bc184c28f22a0303.s3tc.ctex
Completed load for: 'res://assets/sprites/sky_lagoon/roshan_playground/roshan_slide_1.png' remapped 'res://assets/sprites/sky_lagoon/roshan_playground/roshan_slide_1.png' at thread -1
Loading resource: res://assets/sprites/sky_lagoon/roshan_playground/roshan_slide_2_v2.png remapped: res://assets/sprites/sky_lagoon/roshan_playground/roshan_slide_2_v2.png
Loading resource: res://.godot/imported/roshan_slide_2_v2.png-303e5de067c2ffb2f0720056c82e9f01.s3tc.ctex remapped: res://.godot/imported/roshan_slide_2_v2.png-303e5de067c2ffb2f0720056c82e9f01.s3tc.ctex
Completed load for: 'res://assets/sprites/sky_lagoon/roshan_playground/roshan_slide_2_v2.png' remapped 'res://assets/sprites/sky_lagoon/roshan_playground/roshan_slide_2_v2.png' at thread -1
Loading resource: res://assets/sprites/sky_lagoon/roshan_playground/roshan_slide_3_v2.png remapped: res://assets/sprites/sky_lagoon/roshan_playground/roshan_slide_3_v2.png
Loading resource: res://.godot/imported/roshan_slide_3_v2.png-ae5e369b0dd7fe91d29fe93b21b63da1.s3tc.ctex remapped: res://.godot/imported/roshan_slide_3_v2.png-ae5e369b0dd7fe91d29fe93b21b63da1.s3tc.ctex
Completed load for: 'res://assets/sprites/sky_lagoon/roshan_playground/roshan_slide_3_v2.png' remapped 'res://assets/sprites/sky_lagoon/roshan_playground/roshan_slide_3_v2.png' at thread -1
LAGOONCANVAS|invalid_play_equipment_recovers_without_stranding_input|OK
LAGOONCANVAS|unfocused_action_remains_visible_canvas_jump|OK
LAGOONCANVAS|canvas_clip_cannot_crop_phone_frame|OK
LAGOONCANVAS|rendered_mural_fills_phone_frame|OK
Loading resource: res://assets/flats/sky_lagoon/main/flat_sky_lagoon_main_panorama_v5_tile_r0_c0.png remapped: res://assets/flats/sky_lagoon/main/flat_sky_lagoon_main_panorama_v5_tile_r0_c0.png
Loading resource: res://.godot/imported/flat_sky_lagoon_main_panorama_v5_tile_r0_c0.png-7319183c8376a5d32c3f8a9496db5c0c.s3tc.ctex remapped: res://.godot/imported/flat_sky_lagoon_main_panorama_v5_tile_r0_c0.png-7319183c8376a5d32c3f8a9496db5c0c.s3tc.ctex
Completed load for: 'res://assets/flats/sky_lagoon/main/flat_sky_lagoon_main_panorama_v5_tile_r0_c0.png' remapped 'res://assets/flats/sky_lagoon/main/flat_sky_lagoon_main_panorama_v5_tile_r0_c0.png' at thread -1
Loading resource: res://assets/flats/sky_lagoon/main/flat_sky_lagoon_main_panorama_v5_tile_r0_c1.png remapped: res://assets/flats/sky_lagoon/main/flat_sky_lagoon_main_panorama_v5_tile_r0_c1.png
Loading resource: res://.godot/imported/flat_sky_lagoon_main_panorama_v5_tile_r0_c1.png-a6c1a5c5b9d6882304056bf6376f961f.s3tc.ctex remapped: res://.godot/imported/flat_sky_lagoon_main_panorama_v5_tile_r0_c1.png-a6c1a5c5b9d6882304056bf6376f961f.s3tc.ctex
Completed load for: 'res://assets/flats/sky_lagoon/main/flat_sky_lagoon_main_panorama_v5_tile_r0_c1.png' remapped 'res://assets/flats/sky_lagoon/main/flat_sky_lagoon_main_panorama_v5_tile_r0_c1.png' at thread -1
Loading resource: res://assets/flats/sky_lagoon/main/flat_sky_lagoon_main_panorama_v5_tile_r0_c2.png remapped: res://assets/flats/sky_lagoon/main/flat_sky_lagoon_main_panorama_v5_tile_r0_c2.png
Loading resource: res://.godot/imported/flat_sky_lagoon_main_panorama_v5_tile_r0_c2.png-707b7c1249db60c277ba18a5a90d2606.s3tc.ctex remapped: res://.godot/imported/flat_sky_lagoon_main_panorama_v5_tile_r0_c2.png-707b7c1249db60c277ba18a5a90d2606.s3tc.ctex
Completed load for: 'res://assets/flats/sky_lagoon/main/flat_sky_lagoon_main_panorama_v5_tile_r0_c2.png' remapped 'res://assets/flats/sky_lagoon/main/flat_sky_lagoon_main_panorama_v5_tile_r0_c2.png' at thread -1
Loading resource: res://assets/flats/sky_lagoon/main/flat_sky_lagoon_main_panorama_v5_tile_r0_c3.png remapped: res://assets/flats/sky_lagoon/main/flat_sky_lagoon_main_panorama_v5_tile_r0_c3.png
Loading resource: res://.godot/imported/flat_sky_lagoon_main_panorama_v5_tile_r0_c3.png-f5a0de2cacbf855b5537bfa011fb414f.s3tc.ctex remapped: res://.godot/imported/flat_sky_lagoon_main_panorama_v5_tile_r0_c3.png-f5a0de2cacbf855b5537bfa011fb414f.s3tc.ctex
Completed load for: 'res://assets/flats/sky_lagoon/main/flat_sky_lagoon_main_panorama_v5_tile_r0_c3.png' remapped 'res://assets/flats/sky_lagoon/main/flat_sky_lagoon_main_panorama_v5_tile_r0_c3.png' at thread -1
Loading resource: res://assets/flats/sky_lagoon/main/flat_sky_lagoon_main_panorama_v5_tile_r0_c4.png remapped: res://assets/flats/sky_lagoon/main/flat_sky_lagoon_main_panorama_v5_tile_r0_c4.png
Loading resource: res://.godot/imported/flat_sky_lagoon_main_panorama_v5_tile_r0_c4.png-6999927701c9b5b3f31c766b824f236f.s3tc.ctex remapped: res://.godot/imported/flat_sky_lagoon_main_panorama_v5_tile_r0_c4.png-6999927701c9b5b3f31c766b824f236f.s3tc.ctex
Completed load for: 'res://assets/flats/sky_lagoon/main/flat_sky_lagoon_main_panorama_v5_tile_r0_c4.png' remapped 'res://assets/flats/sky_lagoon/main/flat_sky_lagoon_main_panorama_v5_tile_r0_c4.png' at thread -1
Loading resource: res://assets/flats/sky_lagoon/main/flat_sky_lagoon_main_panorama_v5_tile_r0_c5.png remapped: res://assets/flats/sky_lagoon/main/flat_sky_lagoon_main_panorama_v5_tile_r0_c5.png
Loading resource: res://.godot/imported/flat_sky_lagoon_main_panorama_v5_tile_r0_c5.png-b9e6854ab45a6d7567258f9511f51de7.s3tc.ctex remapped: res://.godot/imported/flat_sky_lagoon_main_panorama_v5_tile_r0_c5.png-b9e6854ab45a6d7567258f9511f51de7.s3tc.ctex
Completed load for: 'res://assets/flats/sky_lagoon/main/flat_sky_lagoon_main_panorama_v5_tile_r0_c5.png' remapped 'res://assets/flats/sky_lagoon/main/flat_sky_lagoon_main_panorama_v5_tile_r0_c5.png' at thread -1
Loading resource: res://assets/flats/sky_lagoon/main/flat_sky_lagoon_main_panorama_v5_tile_r1_c0.png remapped: res://assets/flats/sky_lagoon/main/flat_sky_lagoon_main_panorama_v5_tile_r1_c0.png
Loading resource: res://.godot/imported/flat_sky_lagoon_main_panorama_v5_tile_r1_c0.png-f213172c1a85fc3d9cd1cb8a62b11e61.s3tc.ctex remapped: res://.godot/imported/flat_sky_lagoon_main_panorama_v5_tile_r1_c0.png-f213172c1a85fc3d9cd1cb8a62b11e61.s3tc.ctex
Completed load for: 'res://assets/flats/sky_lagoon/main/flat_sky_lagoon_main_panorama_v5_tile_r1_c0.png' remapped 'res://assets/flats/sky_lagoon/main/flat_sky_lagoon_main_panorama_v5_tile_r1_c0.png' at thread -1
Loading resource: res://assets/flats/sky_lagoon/main/flat_sky_lagoon_main_panorama_v5_tile_r1_c1.png remapped: res://assets/flats/sky_lagoon/main/flat_sky_lagoon_main_panorama_v5_tile_r1_c1.png
Loading resource: res://.godot/imported/flat_sky_lagoon_main_panorama_v5_tile_r1_c1.png-e3959803f8dda52d94b3b458d159f503.s3tc.ctex remapped: res://.godot/imported/flat_sky_lagoon_main_panorama_v5_tile_r1_c1.png-e3959803f8dda52d94b3b458d159f503.s3tc.ctex
Completed load for: 'res://assets/flats/sky_lagoon/main/flat_sky_lagoon_main_panorama_v5_tile_r1_c1.png' remapped 'res://assets/flats/sky_lagoon/main/flat_sky_lagoon_main_panorama_v5_tile_r1_c1.png' at thread -1
Loading resource: res://assets/flats/sky_lagoon/main/flat_sky_lagoon_main_panorama_v5_tile_r1_c2.png remapped: res://assets/flats/sky_lagoon/main/flat_sky_lagoon_main_panorama_v5_tile_r1_c2.png
Loading resource: res://.godot/imported/flat_sky_lagoon_main_panorama_v5_tile_r1_c2.png-0c556d40124fed4dea38c25d4997f920.s3tc.ctex remapped: res://.godot/imported/flat_sky_lagoon_main_panorama_v5_tile_r1_c2.png-0c556d40124fed4dea38c25d4997f920.s3tc.ctex
Completed load for: 'res://assets/flats/sky_lagoon/main/flat_sky_lagoon_main_panorama_v5_tile_r1_c2.png' remapped 'res://assets/flats/sky_lagoon/main/flat_sky_lagoon_main_panorama_v5_tile_r1_c2.png' at thread -1
Loading resource: res://assets/flats/sky_lagoon/main/flat_sky_lagoon_main_panorama_v5_tile_r1_c3.png remapped: res://assets/flats/sky_lagoon/main/flat_sky_lagoon_main_panorama_v5_tile_r1_c3.png
Loading resource: res://.godot/imported/flat_sky_lagoon_main_panorama_v5_tile_r1_c3.png-f8ce0e5f490964960eec056604b88fb0.s3tc.ctex remapped: res://.godot/imported/flat_sky_lagoon_main_panorama_v5_tile_r1_c3.png-f8ce0e5f490964960eec056604b88fb0.s3tc.ctex
Completed load for: 'res://assets/flats/sky_lagoon/main/flat_sky_lagoon_main_panorama_v5_tile_r1_c3.png' remapped 'res://assets/flats/sky_lagoon/main/flat_sky_lagoon_main_panorama_v5_tile_r1_c3.png' at thread -1
Loading resource: res://assets/flats/sky_lagoon/main/flat_sky_lagoon_main_panorama_v5_tile_r1_c4.png remapped: res://assets/flats/sky_lagoon/main/flat_sky_lagoon_main_panorama_v5_tile_r1_c4.png
Loading resource: res://.godot/imported/flat_sky_lagoon_main_panorama_v5_tile_r1_c4.png-7797a4393fb38901583f2658ad8ab140.s3tc.ctex remapped: res://.godot/imported/flat_sky_lagoon_main_panorama_v5_tile_r1_c4.png-7797a4393fb38901583f2658ad8ab140.s3tc.ctex
Completed load for: 'res://assets/flats/sky_lagoon/main/flat_sky_lagoon_main_panorama_v5_tile_r1_c4.png' remapped 'res://assets/flats/sky_lagoon/main/flat_sky_lagoon_main_panorama_v5_tile_r1_c4.png' at thread -1
Loading resource: res://assets/flats/sky_lagoon/main/flat_sky_lagoon_main_panorama_v5_tile_r1_c5.png remapped: res://assets/flats/sky_lagoon/main/flat_sky_lagoon_main_panorama_v5_tile_r1_c5.png
Loading resource: res://.godot/imported/flat_sky_lagoon_main_panorama_v5_tile_r1_c5.png-8c97f92f934f9637c71efb000f19c0ba.s3tc.ctex remapped: res://.godot/imported/flat_sky_lagoon_main_panorama_v5_tile_r1_c5.png-8c97f92f934f9637c71efb000f19c0ba.s3tc.ctex
Completed load for: 'res://assets/flats/sky_lagoon/main/flat_sky_lagoon_main_panorama_v5_tile_r1_c5.png' remapped 'res://assets/flats/sky_lagoon/main/flat_sky_lagoon_main_panorama_v5_tile_r1_c5.png' at thread -1
Loading resource: res://assets/sprites/sky_lagoon/sky_lagoon_smoke_wisp_v2.png remapped: res://assets/sprites/sky_lagoon/sky_lagoon_smoke_wisp_v2.png
Loading resource: res://.godot/imported/sky_lagoon_smoke_wisp_v2.png-0ce85fbfadefcb57be3728144f8353d9.ctex remapped: res://.godot/imported/sky_lagoon_smoke_wisp_v2.png-0ce85fbfadefcb57be3728144f8353d9.ctex
Completed load for: 'res://assets/sprites/sky_lagoon/sky_lagoon_smoke_wisp_v2.png' remapped 'res://assets/sprites/sky_lagoon/sky_lagoon_smoke_wisp_v2.png' at thread -1
Loading resource: res://assets/sprites/sky_lagoon/sky_lagoon_tree_sticker_slender_v1.png remapped: res://assets/sprites/sky_lagoon/sky_lagoon_tree_sticker_slender_v1.png
Loading resource: res://.godot/imported/sky_lagoon_tree_sticker_slender_v1.png-a4ec95b33d54b21f816c4be0231544dc.ctex remapped: res://.godot/imported/sky_lagoon_tree_sticker_slender_v1.png-a4ec95b33d54b21f816c4be0231544dc.ctex
Completed load for: 'res://assets/sprites/sky_lagoon/sky_lagoon_tree_sticker_slender_v1.png' remapped 'res://assets/sprites/sky_lagoon/sky_lagoon_tree_sticker_slender_v1.png' at thread -1
Loading resource: res://assets/sprites/sky_lagoon/sky_lagoon_plane_v5_hd_grade.png remapped: res://assets/sprites/sky_lagoon/sky_lagoon_plane_v5_hd_grade.png
Loading resource: res://.godot/imported/sky_lagoon_plane_v5_hd_grade.png-f5eca59469450d715dd2655bcca07838.ctex remapped: res://.godot/imported/sky_lagoon_plane_v5_hd_grade.png-f5eca59469450d715dd2655bcca07838.ctex
Completed load for: 'res://assets/sprites/sky_lagoon/sky_lagoon_plane_v5_hd_grade.png' remapped 'res://assets/sprites/sky_lagoon/sky_lagoon_plane_v5_hd_grade.png' at thread -1
Loading resource: res://assets/sprites/sky_lagoon/sky_lagoon_slide_v3_compact.png remapped: res://assets/sprites/sky_lagoon/sky_lagoon_slide_v3_compact.png
Loading resource: res://.godot/imported/sky_lagoon_slide_v3_compact.png-f6d8acb2ed44659ff9330d247dbe2f4a.ctex remapped: res://.godot/imported/sky_lagoon_slide_v3_compact.png-f6d8acb2ed44659ff9330d247dbe2f4a.ctex
Completed load for: 'res://assets/sprites/sky_lagoon/sky_lagoon_slide_v3_compact.png' remapped 'res://assets/sprites/sky_lagoon/sky_lagoon_slide_v3_compact.png' at thread -1
Loading resource: res://assets/sprites/sky_lagoon/sky_lagoon_seesaw_v5_fitted.png remapped: res://assets/sprites/sky_lagoon/sky_lagoon_seesaw_v5_fitted.png
Loading resource: res://.godot/imported/sky_lagoon_seesaw_v5_fitted.png-05e6419057f04aacb784c637164d80db.ctex remapped: res://.godot/imported/sky_lagoon_seesaw_v5_fitted.png-05e6419057f04aacb784c637164d80db.ctex
Completed load for: 'res://assets/sprites/sky_lagoon/sky_lagoon_seesaw_v5_fitted.png' remapped 'res://assets/sprites/sky_lagoon/sky_lagoon_seesaw_v5_fitted.png' at thread -1
Loading resource: res://assets/sprites/sky_lagoon/sky_lagoon_contact_shadow.png remapped: res://assets/sprites/sky_lagoon/sky_lagoon_contact_shadow.png
Loading resource: res://.godot/imported/sky_lagoon_contact_shadow.png-5822a958a724d638078d258beb4b6c09.s3tc.ctex remapped: res://.godot/imported/sky_lagoon_contact_shadow.png-5822a958a724d638078d258beb4b6c09.s3tc.ctex
Completed load for: 'res://assets/sprites/sky_lagoon/sky_lagoon_contact_shadow.png' remapped 'res://assets/sprites/sky_lagoon/sky_lagoon_contact_shadow.png' at thread -1
Loading resource: res://assets/sprites/sky_lagoon/sky_lagoon_castle_door_focus_v1.png remapped: res://assets/sprites/sky_lagoon/sky_lagoon_castle_door_focus_v1.png
Loading resource: res://.godot/imported/sky_lagoon_castle_door_focus_v1.png-2701a9f7f47dfc7727deae7894179758.ctex remapped: res://.godot/imported/sky_lagoon_castle_door_focus_v1.png-2701a9f7f47dfc7727deae7894179758.ctex
Completed load for: 'res://assets/sprites/sky_lagoon/sky_lagoon_castle_door_focus_v1.png' remapped 'res://assets/sprites/sky_lagoon/sky_lagoon_castle_door_focus_v1.png' at thread -1
Loading resource: res://assets/sprites/sky_lagoon/sky_lagoon_plane_v5_hd_grade.png remapped: res://assets/sprites/sky_lagoon/sky_lagoon_plane_v5_hd_grade.png
Loading resource: res://.godot/imported/sky_lagoon_plane_v5_hd_grade.png-f5eca59469450d715dd2655bcca07838.ctex remapped: res://.godot/imported/sky_lagoon_plane_v5_hd_grade.png-f5eca59469450d715dd2655bcca07838.ctex
Completed load for: 'res://assets/sprites/sky_lagoon/sky_lagoon_plane_v5_hd_grade.png' remapped 'res://assets/sprites/sky_lagoon/sky_lagoon_plane_v5_hd_grade.png' at thread -1
Loading resource: res://assets/sprites/sky_lagoon/animals/otter_idle_atlas.png remapped: res://assets/sprites/sky_lagoon/animals/otter_idle_atlas.png
Loading resource: res://.godot/imported/otter_idle_atlas.png-28bc7cda3b6a8d7fa22aa59abf85d21a.s3tc.ctex remapped: res://.godot/imported/otter_idle_atlas.png-28bc7cda3b6a8d7fa22aa59abf85d21a.s3tc.ctex
Completed load for: 'res://assets/sprites/sky_lagoon/animals/otter_idle_atlas.png' remapped 'res://assets/sprites/sky_lagoon/animals/otter_idle_atlas.png' at thread -1
LAGOONCANVAS|arrival_plane_save_preserves_noninteractive_scenery|OK
LAGOONCANVAS|teardown_is_synchronous_complete_and_idempotent|OK
Loading resource: res://assets/flats/sky_lagoon/main/flat_sky_lagoon_main_panorama_v5_tile_r0_c0.png remapped: res://assets/flats/sky_lagoon/main/flat_sky_lagoon_main_panorama_v5_tile_r0_c0.png
Loading resource: res://.godot/imported/flat_sky_lagoon_main_panorama_v5_tile_r0_c0.png-7319183c8376a5d32c3f8a9496db5c0c.s3tc.ctex remapped: res://.godot/imported/flat_sky_lagoon_main_panorama_v5_tile_r0_c0.png-7319183c8376a5d32c3f8a9496db5c0c.s3tc.ctex
Completed load for: 'res://assets/flats/sky_lagoon/main/flat_sky_lagoon_main_panorama_v5_tile_r0_c0.png' remapped 'res://assets/flats/sky_lagoon/main/flat_sky_lagoon_main_panorama_v5_tile_r0_c0.png' at thread -1
Loading resource: res://assets/flats/sky_lagoon/main/flat_sky_lagoon_main_panorama_v5_tile_r0_c1.png remapped: res://assets/flats/sky_lagoon/main/flat_sky_lagoon_main_panorama_v5_tile_r0_c1.png
Loading resource: res://.godot/imported/flat_sky_lagoon_main_panorama_v5_tile_r0_c1.png-a6c1a5c5b9d6882304056bf6376f961f.s3tc.ctex remapped: res://.godot/imported/flat_sky_lagoon_main_panorama_v5_tile_r0_c1.png-a6c1a5c5b9d6882304056bf6376f961f.s3tc.ctex
Completed load for: 'res://assets/flats/sky_lagoon/main/flat_sky_lagoon_main_panorama_v5_tile_r0_c1.png' remapped 'res://assets/flats/sky_lagoon/main/flat_sky_lagoon_main_panorama_v5_tile_r0_c1.png' at thread -1
Loading resource: res://assets/flats/sky_lagoon/main/flat_sky_lagoon_main_panorama_v5_tile_r0_c2.png remapped: res://assets/flats/sky_lagoon/main/flat_sky_lagoon_main_panorama_v5_tile_r0_c2.png
Loading resource: res://.godot/imported/flat_sky_lagoon_main_panorama_v5_tile_r0_c2.png-707b7c1249db60c277ba18a5a90d2606.s3tc.ctex remapped: res://.godot/imported/flat_sky_lagoon_main_panorama_v5_tile_r0_c2.png-707b7c1249db60c277ba18a5a90d2606.s3tc.ctex
Completed load for: 'res://assets/flats/sky_lagoon/main/flat_sky_lagoon_main_panorama_v5_tile_r0_c2.png' remapped 'res://assets/flats/sky_lagoon/main/flat_sky_lagoon_main_panorama_v5_tile_r0_c2.png' at thread -1
Loading resource: res://assets/flats/sky_lagoon/main/flat_sky_lagoon_main_panorama_v5_tile_r0_c3.png remapped: res://assets/flats/sky_lagoon/main/flat_sky_lagoon_main_panorama_v5_tile_r0_c3.png
Loading resource: res://.godot/imported/flat_sky_lagoon_main_panorama_v5_tile_r0_c3.png-f5a0de2cacbf855b5537bfa011fb414f.s3tc.ctex remapped: res://.godot/imported/flat_sky_lagoon_main_panorama_v5_tile_r0_c3.png-f5a0de2cacbf855b5537bfa011fb414f.s3tc.ctex
Completed load for: 'res://assets/flats/sky_lagoon/main/flat_sky_lagoon_main_panorama_v5_tile_r0_c3.png' remapped 'res://assets/flats/sky_lagoon/main/flat_sky_lagoon_main_panorama_v5_tile_r0_c3.png' at thread -1
Loading resource: res://assets/flats/sky_lagoon/main/flat_sky_lagoon_main_panorama_v5_tile_r0_c4.png remapped: res://assets/flats/sky_lagoon/main/flat_sky_lagoon_main_panorama_v5_tile_r0_c4.png
Loading resource: res://.godot/imported/flat_sky_lagoon_main_panorama_v5_tile_r0_c4.png-6999927701c9b5b3f31c766b824f236f.s3tc.ctex remapped: res://.godot/imported/flat_sky_lagoon_main_panorama_v5_tile_r0_c4.png-6999927701c9b5b3f31c766b824f236f.s3tc.ctex
Completed load for: 'res://assets/flats/sky_lagoon/main/flat_sky_lagoon_main_panorama_v5_tile_r0_c4.png' remapped 'res://assets/flats/sky_lagoon/main/flat_sky_lagoon_main_panorama_v5_tile_r0_c4.png' at thread -1
Loading resource: res://assets/flats/sky_lagoon/main/flat_sky_lagoon_main_panorama_v5_tile_r0_c5.png remapped: res://assets/flats/sky_lagoon/main/flat_sky_lagoon_main_panorama_v5_tile_r0_c5.png
Loading resource: res://.godot/imported/flat_sky_lagoon_main_panorama_v5_tile_r0_c5.png-b9e6854ab45a6d7567258f9511f51de7.s3tc.ctex remapped: res://.godot/imported/flat_sky_lagoon_main_panorama_v5_tile_r0_c5.png-b9e6854ab45a6d7567258f9511f51de7.s3tc.ctex
Completed load for: 'res://assets/flats/sky_lagoon/main/flat_sky_lagoon_main_panorama_v5_tile_r0_c5.png' remapped 'res://assets/flats/sky_lagoon/main/flat_sky_lagoon_main_panorama_v5_tile_r0_c5.png' at thread -1
Loading resource: res://assets/flats/sky_lagoon/main/flat_sky_lagoon_main_panorama_v5_tile_r1_c0.png remapped: res://assets/flats/sky_lagoon/main/flat_sky_lagoon_main_panorama_v5_tile_r1_c0.png
Loading resource: res://.godot/imported/flat_sky_lagoon_main_panorama_v5_tile_r1_c0.png-f213172c1a85fc3d9cd1cb8a62b11e61.s3tc.ctex remapped: res://.godot/imported/flat_sky_lagoon_main_panorama_v5_tile_r1_c0.png-f213172c1a85fc3d9cd1cb8a62b11e61.s3tc.ctex
Completed load for: 'res://assets/flats/sky_lagoon/main/flat_sky_lagoon_main_panorama_v5_tile_r1_c0.png' remapped 'res://assets/flats/sky_lagoon/main/flat_sky_lagoon_main_panorama_v5_tile_r1_c0.png' at thread -1
Loading resource: res://assets/flats/sky_lagoon/main/flat_sky_lagoon_main_panorama_v5_tile_r1_c1.png remapped: res://assets/flats/sky_lagoon/main/flat_sky_lagoon_main_panorama_v5_tile_r1_c1.png
Loading resource: res://.godot/imported/flat_sky_lagoon_main_panorama_v5_tile_r1_c1.png-e3959803f8dda52d94b3b458d159f503.s3tc.ctex remapped: res://.godot/imported/flat_sky_lagoon_main_panorama_v5_tile_r1_c1.png-e3959803f8dda52d94b3b458d159f503.s3tc.ctex
Completed load for: 'res://assets/flats/sky_lagoon/main/flat_sky_lagoon_main_panorama_v5_tile_r1_c1.png' remapped 'res://assets/flats/sky_lagoon/main/flat_sky_lagoon_main_panorama_v5_tile_r1_c1.png' at thread -1
Loading resource: res://assets/flats/sky_lagoon/main/flat_sky_lagoon_main_panorama_v5_tile_r1_c2.png remapped: res://assets/flats/sky_lagoon/main/flat_sky_lagoon_main_panorama_v5_tile_r1_c2.png
Loading resource: res://.godot/imported/flat_sky_lagoon_main_panorama_v5_tile_r1_c2.png-0c556d40124fed4dea38c25d4997f920.s3tc.ctex remapped: res://.godot/imported/flat_sky_lagoon_main_panorama_v5_tile_r1_c2.png-0c556d40124fed4dea38c25d4997f920.s3tc.ctex
Completed load for: 'res://assets/flats/sky_lagoon/main/flat_sky_lagoon_main_panorama_v5_tile_r1_c2.png' remapped 'res://assets/flats/sky_lagoon/main/flat_sky_lagoon_main_panorama_v5_tile_r1_c2.png' at thread -1
Loading resource: res://assets/flats/sky_lagoon/main/flat_sky_lagoon_main_panorama_v5_tile_r1_c3.png remapped: res://assets/flats/sky_lagoon/main/flat_sky_lagoon_main_panorama_v5_tile_r1_c3.png
Loading resource: res://.godot/imported/flat_sky_lagoon_main_panorama_v5_tile_r1_c3.png-f8ce0e5f490964960eec056604b88fb0.s3tc.ctex remapped: res://.godot/imported/flat_sky_lagoon_main_panorama_v5_tile_r1_c3.png-f8ce0e5f490964960eec056604b88fb0.s3tc.ctex
Completed load for: 'res://assets/flats/sky_lagoon/main/flat_sky_lagoon_main_panorama_v5_tile_r1_c3.png' remapped 'res://assets/flats/sky_lagoon/main/flat_sky_lagoon_main_panorama_v5_tile_r1_c3.png' at thread -1
Loading resource: res://assets/flats/sky_lagoon/main/flat_sky_lagoon_main_panorama_v5_tile_r1_c4.png remapped: res://assets/flats/sky_lagoon/main/flat_sky_lagoon_main_panorama_v5_tile_r1_c4.png
Loading resource: res://.godot/imported/flat_sky_lagoon_main_panorama_v5_tile_r1_c4.png-7797a4393fb38901583f2658ad8ab140.s3tc.ctex remapped: res://.godot/imported/flat_sky_lagoon_main_panorama_v5_tile_r1_c4.png-7797a4393fb38901583f2658ad8ab140.s3tc.ctex
Completed load for: 'res://assets/flats/sky_lagoon/main/flat_sky_lagoon_main_panorama_v5_tile_r1_c4.png' remapped 'res://assets/flats/sky_lagoon/main/flat_sky_lagoon_main_panorama_v5_tile_r1_c4.png' at thread -1
Loading resource: res://assets/flats/sky_lagoon/main/flat_sky_lagoon_main_panorama_v5_tile_r1_c5.png remapped: res://assets/flats/sky_lagoon/main/flat_sky_lagoon_main_panorama_v5_tile_r1_c5.png
Loading resource: res://.godot/imported/flat_sky_lagoon_main_panorama_v5_tile_r1_c5.png-8c97f92f934f9637c71efb000f19c0ba.s3tc.ctex remapped: res://.godot/imported/flat_sky_lagoon_main_panorama_v5_tile_r1_c5.png-8c97f92f934f9637c71efb000f19c0ba.s3tc.ctex
Completed load for: 'res://assets/flats/sky_lagoon/main/flat_sky_lagoon_main_panorama_v5_tile_r1_c5.png' remapped 'res://assets/flats/sky_lagoon/main/flat_sky_lagoon_main_panorama_v5_tile_r1_c5.png' at thread -1
Loading resource: res://assets/sprites/sky_lagoon/sky_lagoon_smoke_wisp_v2.png remapped: res://assets/sprites/sky_lagoon/sky_lagoon_smoke_wisp_v2.png
Loading resource: res://.godot/imported/sky_lagoon_smoke_wisp_v2.png-0ce85fbfadefcb57be3728144f8353d9.ctex remapped: res://.godot/imported/sky_lagoon_smoke_wisp_v2.png-0ce85fbfadefcb57be3728144f8353d9.ctex
Completed load for: 'res://assets/sprites/sky_lagoon/sky_lagoon_smoke_wisp_v2.png' remapped 'res://assets/sprites/sky_lagoon/sky_lagoon_smoke_wisp_v2.png' at thread -1
Loading resource: res://assets/sprites/sky_lagoon/sky_lagoon_tree_sticker_slender_v1.png remapped: res://assets/sprites/sky_lagoon/sky_lagoon_tree_sticker_slender_v1.png
Loading resource: res://.godot/imported/sky_lagoon_tree_sticker_slender_v1.png-a4ec95b33d54b21f816c4be0231544dc.ctex remapped: res://.godot/imported/sky_lagoon_tree_sticker_slender_v1.png-a4ec95b33d54b21f816c4be0231544dc.ctex
Completed load for: 'res://assets/sprites/sky_lagoon/sky_lagoon_tree_sticker_slender_v1.png' remapped 'res://assets/sprites/sky_lagoon/sky_lagoon_tree_sticker_slender_v1.png' at thread -1
Loading resource: res://assets/sprites/sky_lagoon/sky_lagoon_plane_v5_hd_grade.png remapped: res://assets/sprites/sky_lagoon/sky_lagoon_plane_v5_hd_grade.png
Loading resource: res://.godot/imported/sky_lagoon_plane_v5_hd_grade.png-f5eca59469450d715dd2655bcca07838.ctex remapped: res://.godot/imported/sky_lagoon_plane_v5_hd_grade.png-f5eca59469450d715dd2655bcca07838.ctex
Completed load for: 'res://assets/sprites/sky_lagoon/sky_lagoon_plane_v5_hd_grade.png' remapped 'res://assets/sprites/sky_lagoon/sky_lagoon_plane_v5_hd_grade.png' at thread -1
Loading resource: res://assets/sprites/sky_lagoon/sky_lagoon_slide_v3_compact.png remapped: res://assets/sprites/sky_lagoon/sky_lagoon_slide_v3_compact.png
Loading resource: res://.godot/imported/sky_lagoon_slide_v3_compact.png-f6d8acb2ed44659ff9330d247dbe2f4a.ctex remapped: res://.godot/imported/sky_lagoon_slide_v3_compact.png-f6d8acb2ed44659ff9330d247dbe2f4a.ctex
Completed load for: 'res://assets/sprites/sky_lagoon/sky_lagoon_slide_v3_compact.png' remapped 'res://assets/sprites/sky_lagoon/sky_lagoon_slide_v3_compact.png' at thread -1
Loading resource: res://assets/sprites/sky_lagoon/sky_lagoon_seesaw_v5_fitted.png remapped: res://assets/sprites/sky_lagoon/sky_lagoon_seesaw_v5_fitted.png
Loading resource: res://.godot/imported/sky_lagoon_seesaw_v5_fitted.png-05e6419057f04aacb784c637164d80db.ctex remapped: res://.godot/imported/sky_lagoon_seesaw_v5_fitted.png-05e6419057f04aacb784c637164d80db.ctex
Completed load for: 'res://assets/sprites/sky_lagoon/sky_lagoon_seesaw_v5_fitted.png' remapped 'res://assets/sprites/sky_lagoon/sky_lagoon_seesaw_v5_fitted.png' at thread -1
Loading resource: res://assets/sprites/sky_lagoon/sky_lagoon_contact_shadow.png remapped: res://assets/sprites/sky_lagoon/sky_lagoon_contact_shadow.png
Loading resource: res://.godot/imported/sky_lagoon_contact_shadow.png-5822a958a724d638078d258beb4b6c09.s3tc.ctex remapped: res://.godot/imported/sky_lagoon_contact_shadow.png-5822a958a724d638078d258beb4b6c09.s3tc.ctex
Completed load for: 'res://assets/sprites/sky_lagoon/sky_lagoon_contact_shadow.png' remapped 'res://assets/sprites/sky_lagoon/sky_lagoon_contact_shadow.png' at thread -1
Loading resource: res://assets/sprites/sky_lagoon/sky_lagoon_castle_door_focus_v1.png remapped: res://assets/sprites/sky_lagoon/sky_lagoon_castle_door_focus_v1.png
Loading resource: res://.godot/imported/sky_lagoon_castle_door_focus_v1.png-2701a9f7f47dfc7727deae7894179758.ctex remapped: res://.godot/imported/sky_lagoon_castle_door_focus_v1.png-2701a9f7f47dfc7727deae7894179758.ctex
Completed load for: 'res://assets/sprites/sky_lagoon/sky_lagoon_castle_door_focus_v1.png' remapped 'res://assets/sprites/sky_lagoon/sky_lagoon_castle_door_focus_v1.png' at thread -1
Loading resource: res://assets/audio/voices/filler_v1/roshan_talk.ogg remapped: res://assets/audio/voices/filler_v1/roshan_talk.ogg
Loading resource: res://.godot/imported/roshan_talk.ogg-e1f4421496ec72637dc0f4ccd398592a.oggvorbisstr remapped: res://.godot/imported/roshan_talk.ogg-e1f4421496ec72637dc0f4ccd398592a.oggvorbisstr
Completed load for: 'res://assets/audio/voices/filler_v1/roshan_talk.ogg' remapped 'res://assets/audio/voices/filler_v1/roshan_talk.ogg' at thread -1
LAGOONCANVAS|rebuild_after_teardown_has_one_canvas_stage|OK
Loading resource: res://assets/audio/ambience_hall.ogg remapped: res://assets/audio/ambience_hall.ogg
Loading resource: res://.godot/imported/ambience_hall.ogg-958f5fd047de8cff36f0acb97f3db4e3.oggvorbisstr remapped: res://.godot/imported/ambience_hall.ogg-958f5fd047de8cff36f0acb97f3db4e3.oggvorbisstr
Completed load for: 'res://assets/audio/ambience_hall.ogg' remapped 'res://assets/audio/ambience_hall.ogg' at thread -1
Loading resource: res://assets/audio/music/hall.ogg remapped: res://assets/audio/music/hall.ogg
Loading resource: res://.godot/imported/hall.ogg-d0ad1f2afcbc691e10abe64ac5a14fbd.oggvorbisstr remapped: res://.godot/imported/hall.ogg-d0ad1f2afcbc691e10abe64ac5a14fbd.oggvorbisstr
Completed load for: 'res://assets/audio/music/hall.ogg' remapped 'res://assets/audio/music/hall.ogg' at thread -1
Loading resource: res://assets/flats/castle/rooms/room_main_hall_background_v2.png remapped: res://assets/flats/castle/rooms/room_main_hall_background_v2.png
Loading resource: res://.godot/imported/room_main_hall_background_v2.png-fb6704cd3000af370518b5425df32076.ctex remapped: res://.godot/imported/room_main_hall_background_v2.png-fb6704cd3000af370518b5425df32076.ctex
Completed load for: 'res://assets/flats/castle/rooms/room_main_hall_background_v2.png' remapped 'res://assets/flats/castle/rooms/room_main_hall_background_v2.png' at thread -1
Loading resource: res://assets/flats/castle/main_hall_redraw_2026-08-03/tiles/main_hall_room_led_r0_c0.png remapped: res://assets/flats/castle/main_hall_redraw_2026-08-03/tiles/main_hall_room_led_r0_c0.png
Loading resource: res://.godot/imported/main_hall_room_led_r0_c0.png-8b2d2212cdd84a7b68099988bec5495f.ctex remapped: res://.godot/imported/main_hall_room_led_r0_c0.png-8b2d2212cdd84a7b68099988bec5495f.ctex
Completed load for: 'res://assets/flats/castle/main_hall_redraw_2026-08-03/tiles/main_hall_room_led_r0_c0.png' remapped 'res://assets/flats/castle/main_hall_redraw_2026-08-03/tiles/main_hall_room_led_r0_c0.png' at thread -1
Loading resource: res://assets/flats/castle/main_hall_redraw_2026-08-03/tiles/main_hall_room_led_r0_c1.png remapped: res://assets/flats/castle/main_hall_redraw_2026-08-03/tiles/main_hall_room_led_r0_c1.png
Loading resource: res://.godot/imported/main_hall_room_led_r0_c1.png-48cb63a29f809b266d05ff0a5df0f387.ctex remapped: res://.godot/imported/main_hall_room_led_r0_c1.png-48cb63a29f809b266d05ff0a5df0f387.ctex
Completed load for: 'res://assets/flats/castle/main_hall_redraw_2026-08-03/tiles/main_hall_room_led_r0_c1.png' remapped 'res://assets/flats/castle/main_hall_redraw_2026-08-03/tiles/main_hall_room_led_r0_c1.png' at thread -1
Loading resource: res://assets/flats/castle/main_hall_redraw_2026-08-03/tiles/main_hall_room_led_r0_c2.png remapped: res://assets/flats/castle/main_hall_redraw_2026-08-03/tiles/main_hall_room_led_r0_c2.png
Loading resource: res://.godot/imported/main_hall_room_led_r0_c2.png-5ebffa2796af5ef11b48efb1e3fce11f.ctex remapped: res://.godot/imported/main_hall_room_led_r0_c2.png-5ebffa2796af5ef11b48efb1e3fce11f.ctex
Completed load for: 'res://assets/flats/castle/main_hall_redraw_2026-08-03/tiles/main_hall_room_led_r0_c2.png' remapped 'res://assets/flats/castle/main_hall_redraw_2026-08-03/tiles/main_hall_room_led_r0_c2.png' at thread -1
Loading resource: res://assets/flats/castle/main_hall_redraw_2026-08-03/tiles/main_hall_room_led_r0_c3.png remapped: res://assets/flats/castle/main_hall_redraw_2026-08-03/tiles/main_hall_room_led_r0_c3.png
Loading resource: res://.godot/imported/main_hall_room_led_r0_c3.png-69138b405f095066991ef4485dc8844c.ctex remapped: res://.godot/imported/main_hall_room_led_r0_c3.png-69138b405f095066991ef4485dc8844c.ctex
Completed load for: 'res://assets/flats/castle/main_hall_redraw_2026-08-03/tiles/main_hall_room_led_r0_c3.png' remapped 'res://assets/flats/castle/main_hall_redraw_2026-08-03/tiles/main_hall_room_led_r0_c3.png' at thread -1
Loading resource: res://assets/flats/castle/main_hall_redraw_2026-08-03/tiles/main_hall_room_led_r0_c4.png remapped: res://assets/flats/castle/main_hall_redraw_2026-08-03/tiles/main_hall_room_led_r0_c4.png
Loading resource: res://.godot/imported/main_hall_room_led_r0_c4.png-583e82dc689f2a12c93bc107e69ff470.ctex remapped: res://.godot/imported/main_hall_room_led_r0_c4.png-583e82dc689f2a12c93bc107e69ff470.ctex
Completed load for: 'res://assets/flats/castle/main_hall_redraw_2026-08-03/tiles/main_hall_room_led_r0_c4.png' remapped 'res://assets/flats/castle/main_hall_redraw_2026-08-03/tiles/main_hall_room_led_r0_c4.png' at thread -1
Loading resource: res://assets/flats/castle/main_hall_redraw_2026-08-03/tiles/main_hall_room_led_r0_c5.png remapped: res://assets/flats/castle/main_hall_redraw_2026-08-03/tiles/main_hall_room_led_r0_c5.png
Loading resource: res://.godot/imported/main_hall_room_led_r0_c5.png-d12bd29d83a85e05a3c459700e802694.ctex remapped: res://.godot/imported/main_hall_room_led_r0_c5.png-d12bd29d83a85e05a3c459700e802694.ctex
Completed load for: 'res://assets/flats/castle/main_hall_redraw_2026-08-03/tiles/main_hall_room_led_r0_c5.png' remapped 'res://assets/flats/castle/main_hall_redraw_2026-08-03/tiles/main_hall_room_led_r0_c5.png' at thread -1
Loading resource: res://assets/flats/castle/main_hall_redraw_2026-08-03/tiles/main_hall_room_led_r0_c6.png remapped: res://assets/flats/castle/main_hall_redraw_2026-08-03/tiles/main_hall_room_led_r0_c6.png
Loading resource: res://.godot/imported/main_hall_room_led_r0_c6.png-2d8f00901d9c09402d59661823f09978.ctex remapped: res://.godot/imported/main_hall_room_led_r0_c6.png-2d8f00901d9c09402d59661823f09978.ctex
Completed load for: 'res://assets/flats/castle/main_hall_redraw_2026-08-03/tiles/main_hall_room_led_r0_c6.png' remapped 'res://assets/flats/castle/main_hall_redraw_2026-08-03/tiles/main_hall_room_led_r0_c6.png' at thread -1
Loading resource: res://assets/flats/castle/main_hall_redraw_2026-08-03/tiles/main_hall_room_led_r0_c7.png remapped: res://assets/flats/castle/main_hall_redraw_2026-08-03/tiles/main_hall_room_led_r0_c7.png
Loading resource: res://.godot/imported/main_hall_room_led_r0_c7.png-b44ab2c1b214a3d1de9d0e773859cfdd.ctex remapped: res://.godot/imported/main_hall_room_led_r0_c7.png-b44ab2c1b214a3d1de9d0e773859cfdd.ctex
Completed load for: 'res://assets/flats/castle/main_hall_redraw_2026-08-03/tiles/main_hall_room_led_r0_c7.png' remapped 'res://assets/flats/castle/main_hall_redraw_2026-08-03/tiles/main_hall_room_led_r0_c7.png' at thread -1
Loading resource: res://assets/flats/castle/main_hall_redraw_2026-08-03/tiles/main_hall_room_led_r1_c0.png remapped: res://assets/flats/castle/main_hall_redraw_2026-08-03/tiles/main_hall_room_led_r1_c0.png
Loading resource: res://.godot/imported/main_hall_room_led_r1_c0.png-f59a94d2248936d119739bb83c978098.ctex remapped: res://.godot/imported/main_hall_room_led_r1_c0.png-f59a94d2248936d119739bb83c978098.ctex
Completed load for: 'res://assets/flats/castle/main_hall_redraw_2026-08-03/tiles/main_hall_room_led_r1_c0.png' remapped 'res://assets/flats/castle/main_hall_redraw_2026-08-03/tiles/main_hall_room_led_r1_c0.png' at thread -1
Loading resource: res://assets/flats/castle/main_hall_redraw_2026-08-03/tiles/main_hall_room_led_r1_c1.png remapped: res://assets/flats/castle/main_hall_redraw_2026-08-03/tiles/main_hall_room_led_r1_c1.png
Loading resource: res://.godot/imported/main_hall_room_led_r1_c1.png-e18149d98c1f1557b234a82706a08aa6.ctex remapped: res://.godot/imported/main_hall_room_led_r1_c1.png-e18149d98c1f1557b234a82706a08aa6.ctex
Completed load for: 'res://assets/flats/castle/main_hall_redraw_2026-08-03/tiles/main_hall_room_led_r1_c1.png' remapped 'res://assets/flats/castle/main_hall_redraw_2026-08-03/tiles/main_hall_room_led_r1_c1.png' at thread -1
Loading resource: res://assets/flats/castle/main_hall_redraw_2026-08-03/tiles/main_hall_room_led_r1_c2.png remapped: res://assets/flats/castle/main_hall_redraw_2026-08-03/tiles/main_hall_room_led_r1_c2.png
Loading resource: res://.godot/imported/main_hall_room_led_r1_c2.png-e9bd024a7579d2a3f1f426c46f1d4cb9.ctex remapped: res://.godot/imported/main_hall_room_led_r1_c2.png-e9bd024a7579d2a3f1f426c46f1d4cb9.ctex
Completed load for: 'res://assets/flats/castle/main_hall_redraw_2026-08-03/tiles/main_hall_room_led_r1_c2.png' remapped 'res://assets/flats/castle/main_hall_redraw_2026-08-03/tiles/main_hall_room_led_r1_c2.png' at thread -1
Loading resource: res://assets/flats/castle/main_hall_redraw_2026-08-03/tiles/main_hall_room_led_r1_c3.png remapped: res://assets/flats/castle/main_hall_redraw_2026-08-03/tiles/main_hall_room_led_r1_c3.png
Loading resource: res://.godot/imported/main_hall_room_led_r1_c3.png-5a3f36826a8ed6a0a19636d2d72e5782.ctex remapped: res://.godot/imported/main_hall_room_led_r1_c3.png-5a3f36826a8ed6a0a19636d2d72e5782.ctex
Completed load for: 'res://assets/flats/castle/main_hall_redraw_2026-08-03/tiles/main_hall_room_led_r1_c3.png' remapped 'res://assets/flats/castle/main_hall_redraw_2026-08-03/tiles/main_hall_room_led_r1_c3.png' at thread -1
Loading resource: res://assets/flats/castle/main_hall_redraw_2026-08-03/tiles/main_hall_room_led_r1_c4.png remapped: res://assets/flats/castle/main_hall_redraw_2026-08-03/tiles/main_hall_room_led_r1_c4.png
Loading resource: res://.godot/imported/main_hall_room_led_r1_c4.png-a750d6f462e71b0c7ace0abe84034868.ctex remapped: res://.godot/imported/main_hall_room_led_r1_c4.png-a750d6f462e71b0c7ace0abe84034868.ctex
Completed load for: 'res://assets/flats/castle/main_hall_redraw_2026-08-03/tiles/main_hall_room_led_r1_c4.png' remapped 'res://assets/flats/castle/main_hall_redraw_2026-08-03/tiles/main_hall_room_led_r1_c4.png' at thread -1
Loading resource: res://assets/flats/castle/main_hall_redraw_2026-08-03/tiles/main_hall_room_led_r1_c5.png remapped: res://assets/flats/castle/main_hall_redraw_2026-08-03/tiles/main_hall_room_led_r1_c5.png
Loading resource: res://.godot/imported/main_hall_room_led_r1_c5.png-11e16f17aeca2e453efebc53e23dbd38.ctex remapped: res://.godot/imported/main_hall_room_led_r1_c5.png-11e16f17aeca2e453efebc53e23dbd38.ctex
Completed load for: 'res://assets/flats/castle/main_hall_redraw_2026-08-03/tiles/main_hall_room_led_r1_c5.png' remapped 'res://assets/flats/castle/main_hall_redraw_2026-08-03/tiles/main_hall_room_led_r1_c5.png' at thread -1
Loading resource: res://assets/flats/castle/main_hall_redraw_2026-08-03/tiles/main_hall_room_led_r1_c6.png remapped: res://assets/flats/castle/main_hall_redraw_2026-08-03/tiles/main_hall_room_led_r1_c6.png
Loading resource: res://.godot/imported/main_hall_room_led_r1_c6.png-0b00ba36ad39fa9cdefff723ec7d3149.ctex remapped: res://.godot/imported/main_hall_room_led_r1_c6.png-0b00ba36ad39fa9cdefff723ec7d3149.ctex
Completed load for: 'res://assets/flats/castle/main_hall_redraw_2026-08-03/tiles/main_hall_room_led_r1_c6.png' remapped 'res://assets/flats/castle/main_hall_redraw_2026-08-03/tiles/main_hall_room_led_r1_c6.png' at thread -1
Loading resource: res://assets/flats/castle/main_hall_redraw_2026-08-03/tiles/main_hall_room_led_r1_c7.png remapped: res://assets/flats/castle/main_hall_redraw_2026-08-03/tiles/main_hall_room_led_r1_c7.png
Loading resource: res://.godot/imported/main_hall_room_led_r1_c7.png-e72820c7a47b7fe7345bb2c83134e30f.ctex remapped: res://.godot/imported/main_hall_room_led_r1_c7.png-e72820c7a47b7fe7345bb2c83134e30f.ctex
Completed load for: 'res://assets/flats/castle/main_hall_redraw_2026-08-03/tiles/main_hall_room_led_r1_c7.png' remapped 'res://assets/flats/castle/main_hall_redraw_2026-08-03/tiles/main_hall_room_led_r1_c7.png' at thread -1
Loading resource: res://assets/flats/castle/main_hall_redraw_2026-08-03/signs/sign_family_gallery.png remapped: res://assets/flats/castle/main_hall_redraw_2026-08-03/signs/sign_family_gallery.png
Loading resource: res://.godot/imported/sign_family_gallery.png-e7ee500339f674adaf7a73d1dae24a69.s3tc.ctex remapped: res://.godot/imported/sign_family_gallery.png-e7ee500339f674adaf7a73d1dae24a69.s3tc.ctex
Completed load for: 'res://assets/flats/castle/main_hall_redraw_2026-08-03/signs/sign_family_gallery.png' remapped 'res://assets/flats/castle/main_hall_redraw_2026-08-03/signs/sign_family_gallery.png' at thread -1
Loading resource: res://assets/flats/castle/main_hall_redraw_2026-08-03/signs/sign_opera_hall.png remapped: res://assets/flats/castle/main_hall_redraw_2026-08-03/signs/sign_opera_hall.png
Loading resource: res://.godot/imported/sign_opera_hall.png-a4b287106d9bd0679eb397578c16ff29.s3tc.ctex remapped: res://.godot/imported/sign_opera_hall.png-a4b287106d9bd0679eb397578c16ff29.s3tc.ctex
Completed load for: 'res://assets/flats/castle/main_hall_redraw_2026-08-03/signs/sign_opera_hall.png' remapped 'res://assets/flats/castle/main_hall_redraw_2026-08-03/signs/sign_opera_hall.png' at thread -1
Loading resource: res://assets/flats/castle/main_hall_redraw_2026-08-03/signs/sign_library.png remapped: res://assets/flats/castle/main_hall_redraw_2026-08-03/signs/sign_library.png
Loading resource: res://.godot/imported/sign_library.png-a27c007a8259e3e833168f7709cc48f8.s3tc.ctex remapped: res://.godot/imported/sign_library.png-a27c007a8259e3e833168f7709cc48f8.s3tc.ctex
Completed load for: 'res://assets/flats/castle/main_hall_redraw_2026-08-03/signs/sign_library.png' remapped 'res://assets/flats/castle/main_hall_redraw_2026-08-03/signs/sign_library.png' at thread -1
Loading resource: res://assets/flats/castle/main_hall_redraw_2026-08-03/signs/sign_kitchen.png remapped: res://assets/flats/castle/main_hall_redraw_2026-08-03/signs/sign_kitchen.png
Loading resource: res://.godot/imported/sign_kitchen.png-42721814c95cebd078a073496a7c0960.s3tc.ctex remapped: res://.godot/imported/sign_kitchen.png-42721814c95cebd078a073496a7c0960.s3tc.ctex
Completed load for: 'res://assets/flats/castle/main_hall_redraw_2026-08-03/signs/sign_kitchen.png' remapped 'res://assets/flats/castle/main_hall_redraw_2026-08-03/signs/sign_kitchen.png' at thread -1
Loading resource: res://assets/flats/castle/main_hall_redraw_2026-08-03/signs/sign_playroom.png remapped: res://assets/flats/castle/main_hall_redraw_2026-08-03/signs/sign_playroom.png
Loading resource: res://.godot/imported/sign_playroom.png-da81a9060503bb8755c98fae858b558d.s3tc.ctex remapped: res://.godot/imported/sign_playroom.png-da81a9060503bb8755c98fae858b558d.s3tc.ctex
Completed load for: 'res://assets/flats/castle/main_hall_redraw_2026-08-03/signs/sign_playroom.png' remapped 'res://assets/flats/castle/main_hall_redraw_2026-08-03/signs/sign_playroom.png' at thread -1
Loading resource: res://assets/flats/castle/main_hall_redraw_2026-08-03/signs/sign_craft_room.png remapped: res://assets/flats/castle/main_hall_redraw_2026-08-03/signs/sign_craft_room.png
Loading resource: res://.godot/imported/sign_craft_room.png-ea35ee0f9839d711e795b67a670f4dc4.s3tc.ctex remapped: res://.godot/imported/sign_craft_room.png-ea35ee0f9839d711e795b67a670f4dc4.s3tc.ctex
Completed load for: 'res://assets/flats/castle/main_hall_redraw_2026-08-03/signs/sign_craft_room.png' remapped 'res://assets/flats/castle/main_hall_redraw_2026-08-03/signs/sign_craft_room.png' at thread -1
Loading resource: res://assets/flats/castle/main_hall_redraw_2026-08-03/signs/sign_mermaid_pool.png remapped: res://assets/flats/castle/main_hall_redraw_2026-08-03/signs/sign_mermaid_pool.png
Loading resource: res://.godot/imported/sign_mermaid_pool.png-3542c1dfbd6833a9b64c11081cc2b40f.s3tc.ctex remapped: res://.godot/imported/sign_mermaid_pool.png-3542c1dfbd6833a9b64c11081cc2b40f.s3tc.ctex
Completed load for: 'res://assets/flats/castle/main_hall_redraw_2026-08-03/signs/sign_mermaid_pool.png' remapped 'res://assets/flats/castle/main_hall_redraw_2026-08-03/signs/sign_mermaid_pool.png' at thread -1
Loading resource: res://assets/flats/castle/main_hall_redraw_2026-08-03/signs/sign_bubble_bath.png remapped: res://assets/flats/castle/main_hall_redraw_2026-08-03/signs/sign_bubble_bath.png
Loading resource: res://.godot/imported/sign_bubble_bath.png-0d02ff54824c10bb2df5319842fa0270.s3tc.ctex remapped: res://.godot/imported/sign_bubble_bath.png-0d02ff54824c10bb2df5319842fa0270.s3tc.ctex
Completed load for: 'res://assets/flats/castle/main_hall_redraw_2026-08-03/signs/sign_bubble_bath.png' remapped 'res://assets/flats/castle/main_hall_redraw_2026-08-03/signs/sign_bubble_bath.png' at thread -1
Loading resource: res://assets/sprites/sky_lagoon/sky_lagoon_smoke_wisp_v2.png remapped: res://assets/sprites/sky_lagoon/sky_lagoon_smoke_wisp_v2.png
Loading resource: res://.godot/imported/sky_lagoon_smoke_wisp_v2.png-0ce85fbfadefcb57be3728144f8353d9.ctex remapped: res://.godot/imported/sky_lagoon_smoke_wisp_v2.png-0ce85fbfadefcb57be3728144f8353d9.ctex
Completed load for: 'res://assets/sprites/sky_lagoon/sky_lagoon_smoke_wisp_v2.png' remapped 'res://assets/sprites/sky_lagoon/sky_lagoon_smoke_wisp_v2.png' at thread -1
Loading resource: res://assets/castle/dirty_cleanup_2d/critters/dust_bunnies/dust_bunny_sleepy.png remapped: res://assets/castle/dirty_cleanup_2d/critters/dust_bunnies/dust_bunny_sleepy.png
Loading resource: res://.godot/imported/dust_bunny_sleepy.png-0cd0f1f8e30ffc9e816c5586f9943347.ctex remapped: res://.godot/imported/dust_bunny_sleepy.png-0cd0f1f8e30ffc9e816c5586f9943347.ctex
Completed load for: 'res://assets/castle/dirty_cleanup_2d/critters/dust_bunnies/dust_bunny_sleepy.png' remapped 'res://assets/castle/dirty_cleanup_2d/critters/dust_bunnies/dust_bunny_sleepy.png' at thread -1
Loading resource: res://assets/castle/dirty_cleanup_2d/critters/dust_bunnies/dust_bunny_shell_hide.png remapped: res://assets/castle/dirty_cleanup_2d/critters/dust_bunnies/dust_bunny_shell_hide.png
Loading resource: res://.godot/imported/dust_bunny_shell_hide.png-587fcac704c7b1a79d58a8298254b5e2.ctex remapped: res://.godot/imported/dust_bunny_shell_hide.png-587fcac704c7b1a79d58a8298254b5e2.ctex
Completed load for: 'res://assets/castle/dirty_cleanup_2d/critters/dust_bunnies/dust_bunny_shell_hide.png' remapped 'res://assets/castle/dirty_cleanup_2d/critters/dust_bunnies/dust_bunny_shell_hide.png' at thread -1
Loading resource: res://assets/castle/dirty_cleanup_2d/critters/dust_bunnies/dust_bunny_hop.png remapped: res://assets/castle/dirty_cleanup_2d/critters/dust_bunnies/dust_bunny_hop.png
Loading resource: res://.godot/imported/dust_bunny_hop.png-d26671e85672800c1f0ef151b6c2eb80.ctex remapped: res://.godot/imported/dust_bunny_hop.png-d26671e85672800c1f0ef151b6c2eb80.ctex
Completed load for: 'res://assets/castle/dirty_cleanup_2d/critters/dust_bunnies/dust_bunny_hop.png' remapped 'res://assets/castle/dirty_cleanup_2d/critters/dust_bunnies/dust_bunny_hop.png' at thread -1
Loading resource: res://assets/audio/voices/filler_v1/roshan_castle_home.ogg remapped: res://assets/audio/voices/filler_v1/roshan_castle_home.ogg
Loading resource: res://.godot/imported/roshan_castle_home.ogg-c9a150338a9d9dafa45639f9ff2e9821.oggvorbisstr remapped: res://.godot/imported/roshan_castle_home.ogg-c9a150338a9d9dafa45639f9ff2e9821.oggvorbisstr
Completed load for: 'res://assets/audio/voices/filler_v1/roshan_castle_home.ogg' remapped 'res://assets/audio/voices/filler_v1/roshan_castle_home.ogg' at thread -1
Loading resource: res://assets/flats/castle/fairy_conservatory/moonflower_door_closed.png remapped: res://assets/flats/castle/fairy_conservatory/moonflower_door_closed.png
Loading resource: res://.godot/imported/moonflower_door_closed.png-d930042e2b13df7e86830c7095204812.ctex remapped: res://.godot/imported/moonflower_door_closed.png-d930042e2b13df7e86830c7095204812.ctex
Completed load for: 'res://assets/flats/castle/fairy_conservatory/moonflower_door_closed.png' remapped 'res://assets/flats/castle/fairy_conservatory/moonflower_door_closed.png' at thread -1
LAGOONCANVAS|castle_canvas_target_enters_existing_hall|OK
Loading resource: res://assets/audio/ambience_lagoon.ogg remapped: res://assets/audio/ambience_lagoon.ogg
Loading resource: res://.godot/imported/ambience_lagoon.ogg-ae488c5c49780dd6b99e4d26aa81385b.oggvorbisstr remapped: res://.godot/imported/ambience_lagoon.ogg-ae488c5c49780dd6b99e4d26aa81385b.oggvorbisstr
Completed load for: 'res://assets/audio/ambience_lagoon.ogg' remapped 'res://assets/audio/ambience_lagoon.ogg' at thread -1
Loading resource: res://assets/audio/music/level2.ogg remapped: res://assets/audio/music/level2.ogg
Loading resource: res://.godot/imported/level2.ogg-b8046f808a9b0bfedb2cfe8030063143.oggvorbisstr remapped: res://.godot/imported/level2.ogg-b8046f808a9b0bfedb2cfe8030063143.oggvorbisstr
Completed load for: 'res://assets/audio/music/level2.ogg' remapped 'res://assets/audio/music/level2.ogg' at thread -1
Loading resource: res://assets/flats/sky_lagoon/main/flat_sky_lagoon_main_panorama_v5_tile_r0_c0.png remapped: res://assets/flats/sky_lagoon/main/flat_sky_lagoon_main_panorama_v5_tile_r0_c0.png
Loading resource: res://.godot/imported/flat_sky_lagoon_main_panorama_v5_tile_r0_c0.png-7319183c8376a5d32c3f8a9496db5c0c.s3tc.ctex remapped: res://.godot/imported/flat_sky_lagoon_main_panorama_v5_tile_r0_c0.png-7319183c8376a5d32c3f8a9496db5c0c.s3tc.ctex
Completed load for: 'res://assets/flats/sky_lagoon/main/flat_sky_lagoon_main_panorama_v5_tile_r0_c0.png' remapped 'res://assets/flats/sky_lagoon/main/flat_sky_lagoon_main_panorama_v5_tile_r0_c0.png' at thread -1
Loading resource: res://assets/flats/sky_lagoon/main/flat_sky_lagoon_main_panorama_v5_tile_r0_c1.png remapped: res://assets/flats/sky_lagoon/main/flat_sky_lagoon_main_panorama_v5_tile_r0_c1.png
Loading resource: res://.godot/imported/flat_sky_lagoon_main_panorama_v5_tile_r0_c1.png-a6c1a5c5b9d6882304056bf6376f961f.s3tc.ctex remapped: res://.godot/imported/flat_sky_lagoon_main_panorama_v5_tile_r0_c1.png-a6c1a5c5b9d6882304056bf6376f961f.s3tc.ctex
Completed load for: 'res://assets/flats/sky_lagoon/main/flat_sky_lagoon_main_panorama_v5_tile_r0_c1.png' remapped 'res://assets/flats/sky_lagoon/main/flat_sky_lagoon_main_panorama_v5_tile_r0_c1.png' at thread -1
Loading resource: res://assets/flats/sky_lagoon/main/flat_sky_lagoon_main_panorama_v5_tile_r0_c2.png remapped: res://assets/flats/sky_lagoon/main/flat_sky_lagoon_main_panorama_v5_tile_r0_c2.png
Loading resource: res://.godot/imported/flat_sky_lagoon_main_panorama_v5_tile_r0_c2.png-707b7c1249db60c277ba18a5a90d2606.s3tc.ctex remapped: res://.godot/imported/flat_sky_lagoon_main_panorama_v5_tile_r0_c2.png-707b7c1249db60c277ba18a5a90d2606.s3tc.ctex
Completed load for: 'res://assets/flats/sky_lagoon/main/flat_sky_lagoon_main_panorama_v5_tile_r0_c2.png' remapped 'res://assets/flats/sky_lagoon/main/flat_sky_lagoon_main_panorama_v5_tile_r0_c2.png' at thread -1
Loading resource: res://assets/flats/sky_lagoon/main/flat_sky_lagoon_main_panorama_v5_tile_r0_c3.png remapped: res://assets/flats/sky_lagoon/main/flat_sky_lagoon_main_panorama_v5_tile_r0_c3.png
Loading resource: res://.godot/imported/flat_sky_lagoon_main_panorama_v5_tile_r0_c3.png-f5a0de2cacbf855b5537bfa011fb414f.s3tc.ctex remapped: res://.godot/imported/flat_sky_lagoon_main_panorama_v5_tile_r0_c3.png-f5a0de2cacbf855b5537bfa011fb414f.s3tc.ctex
Completed load for: 'res://assets/flats/sky_lagoon/main/flat_sky_lagoon_main_panorama_v5_tile_r0_c3.png' remapped 'res://assets/flats/sky_lagoon/main/flat_sky_lagoon_main_panorama_v5_tile_r0_c3.png' at thread -1
Loading resource: res://assets/flats/sky_lagoon/main/flat_sky_lagoon_main_panorama_v5_tile_r0_c4.png remapped: res://assets/flats/sky_lagoon/main/flat_sky_lagoon_main_panorama_v5_tile_r0_c4.png
Loading resource: res://.godot/imported/flat_sky_lagoon_main_panorama_v5_tile_r0_c4.png-6999927701c9b5b3f31c766b824f236f.s3tc.ctex remapped: res://.godot/imported/flat_sky_lagoon_main_panorama_v5_tile_r0_c4.png-6999927701c9b5b3f31c766b824f236f.s3tc.ctex
Completed load for: 'res://assets/flats/sky_lagoon/main/flat_sky_lagoon_main_panorama_v5_tile_r0_c4.png' remapped 'res://assets/flats/sky_lagoon/main/flat_sky_lagoon_main_panorama_v5_tile_r0_c4.png' at thread -1
Loading resource: res://assets/flats/sky_lagoon/main/flat_sky_lagoon_main_panorama_v5_tile_r0_c5.png remapped: res://assets/flats/sky_lagoon/main/flat_sky_lagoon_main_panorama_v5_tile_r0_c5.png
Loading resource: res://.godot/imported/flat_sky_lagoon_main_panorama_v5_tile_r0_c5.png-b9e6854ab45a6d7567258f9511f51de7.s3tc.ctex remapped: res://.godot/imported/flat_sky_lagoon_main_panorama_v5_tile_r0_c5.png-b9e6854ab45a6d7567258f9511f51de7.s3tc.ctex
Completed load for: 'res://assets/flats/sky_lagoon/main/flat_sky_lagoon_main_panorama_v5_tile_r0_c5.png' remapped 'res://assets/flats/sky_lagoon/main/flat_sky_lagoon_main_panorama_v5_tile_r0_c5.png' at thread -1
Loading resource: res://assets/flats/sky_lagoon/main/flat_sky_lagoon_main_panorama_v5_tile_r1_c0.png remapped: res://assets/flats/sky_lagoon/main/flat_sky_lagoon_main_panorama_v5_tile_r1_c0.png
Loading resource: res://.godot/imported/flat_sky_lagoon_main_panorama_v5_tile_r1_c0.png-f213172c1a85fc3d9cd1cb8a62b11e61.s3tc.ctex remapped: res://.godot/imported/flat_sky_lagoon_main_panorama_v5_tile_r1_c0.png-f213172c1a85fc3d9cd1cb8a62b11e61.s3tc.ctex
Completed load for: 'res://assets/flats/sky_lagoon/main/flat_sky_lagoon_main_panorama_v5_tile_r1_c0.png' remapped 'res://assets/flats/sky_lagoon/main/flat_sky_lagoon_main_panorama_v5_tile_r1_c0.png' at thread -1
Loading resource: res://assets/flats/sky_lagoon/main/flat_sky_lagoon_main_panorama_v5_tile_r1_c1.png remapped: res://assets/flats/sky_lagoon/main/flat_sky_lagoon_main_panorama_v5_tile_r1_c1.png
Loading resource: res://.godot/imported/flat_sky_lagoon_main_panorama_v5_tile_r1_c1.png-e3959803f8dda52d94b3b458d159f503.s3tc.ctex remapped: res://.godot/imported/flat_sky_lagoon_main_panorama_v5_tile_r1_c1.png-e3959803f8dda52d94b3b458d159f503.s3tc.ctex
Completed load for: 'res://assets/flats/sky_lagoon/main/flat_sky_lagoon_main_panorama_v5_tile_r1_c1.png' remapped 'res://assets/flats/sky_lagoon/main/flat_sky_lagoon_main_panorama_v5_tile_r1_c1.png' at thread -1
Loading resource: res://assets/flats/sky_lagoon/main/flat_sky_lagoon_main_panorama_v5_tile_r1_c2.png remapped: res://assets/flats/sky_lagoon/main/flat_sky_lagoon_main_panorama_v5_tile_r1_c2.png
Loading resource: res://.godot/imported/flat_sky_lagoon_main_panorama_v5_tile_r1_c2.png-0c556d40124fed4dea38c25d4997f920.s3tc.ctex remapped: res://.godot/imported/flat_sky_lagoon_main_panorama_v5_tile_r1_c2.png-0c556d40124fed4dea38c25d4997f920.s3tc.ctex
Completed load for: 'res://assets/flats/sky_lagoon/main/flat_sky_lagoon_main_panorama_v5_tile_r1_c2.png' remapped 'res://assets/flats/sky_lagoon/main/flat_sky_lagoon_main_panorama_v5_tile_r1_c2.png' at thread -1
Loading resource: res://assets/flats/sky_lagoon/main/flat_sky_lagoon_main_panorama_v5_tile_r1_c3.png remapped: res://assets/flats/sky_lagoon/main/flat_sky_lagoon_main_panorama_v5_tile_r1_c3.png
Loading resource: res://.godot/imported/flat_sky_lagoon_main_panorama_v5_tile_r1_c3.png-f8ce0e5f490964960eec056604b88fb0.s3tc.ctex remapped: res://.godot/imported/flat_sky_lagoon_main_panorama_v5_tile_r1_c3.png-f8ce0e5f490964960eec056604b88fb0.s3tc.ctex
Completed load for: 'res://assets/flats/sky_lagoon/main/flat_sky_lagoon_main_panorama_v5_tile_r1_c3.png' remapped 'res://assets/flats/sky_lagoon/main/flat_sky_lagoon_main_panorama_v5_tile_r1_c3.png' at thread -1
Loading resource: res://assets/flats/sky_lagoon/main/flat_sky_lagoon_main_panorama_v5_tile_r1_c4.png remapped: res://assets/flats/sky_lagoon/main/flat_sky_lagoon_main_panorama_v5_tile_r1_c4.png
Loading resource: res://.godot/imported/flat_sky_lagoon_main_panorama_v5_tile_r1_c4.png-7797a4393fb38901583f2658ad8ab140.s3tc.ctex remapped: res://.godot/imported/flat_sky_lagoon_main_panorama_v5_tile_r1_c4.png-7797a4393fb38901583f2658ad8ab140.s3tc.ctex
Completed load for: 'res://assets/flats/sky_lagoon/main/flat_sky_lagoon_main_panorama_v5_tile_r1_c4.png' remapped 'res://assets/flats/sky_lagoon/main/flat_sky_lagoon_main_panorama_v5_tile_r1_c4.png' at thread -1
Loading resource: res://assets/flats/sky_lagoon/main/flat_sky_lagoon_main_panorama_v5_tile_r1_c5.png remapped: res://assets/flats/sky_lagoon/main/flat_sky_lagoon_main_panorama_v5_tile_r1_c5.png
Loading resource: res://.godot/imported/flat_sky_lagoon_main_panorama_v5_tile_r1_c5.png-8c97f92f934f9637c71efb000f19c0ba.s3tc.ctex remapped: res://.godot/imported/flat_sky_lagoon_main_panorama_v5_tile_r1_c5.png-8c97f92f934f9637c71efb000f19c0ba.s3tc.ctex
Completed load for: 'res://assets/flats/sky_lagoon/main/flat_sky_lagoon_main_panorama_v5_tile_r1_c5.png' remapped 'res://assets/flats/sky_lagoon/main/flat_sky_lagoon_main_panorama_v5_tile_r1_c5.png' at thread -1
Loading resource: res://assets/sprites/sky_lagoon/sky_lagoon_tree_sticker_slender_v1.png remapped: res://assets/sprites/sky_lagoon/sky_lagoon_tree_sticker_slender_v1.png
Loading resource: res://.godot/imported/sky_lagoon_tree_sticker_slender_v1.png-a4ec95b33d54b21f816c4be0231544dc.ctex remapped: res://.godot/imported/sky_lagoon_tree_sticker_slender_v1.png-a4ec95b33d54b21f816c4be0231544dc.ctex
Completed load for: 'res://assets/sprites/sky_lagoon/sky_lagoon_tree_sticker_slender_v1.png' remapped 'res://assets/sprites/sky_lagoon/sky_lagoon_tree_sticker_slender_v1.png' at thread -1
Loading resource: res://assets/sprites/sky_lagoon/sky_lagoon_plane_v5_hd_grade.png remapped: res://assets/sprites/sky_lagoon/sky_lagoon_plane_v5_hd_grade.png
Loading resource: res://.godot/imported/sky_lagoon_plane_v5_hd_grade.png-f5eca59469450d715dd2655bcca07838.ctex remapped: res://.godot/imported/sky_lagoon_plane_v5_hd_grade.png-f5eca59469450d715dd2655bcca07838.ctex
Completed load for: 'res://assets/sprites/sky_lagoon/sky_lagoon_plane_v5_hd_grade.png' remapped 'res://assets/sprites/sky_lagoon/sky_lagoon_plane_v5_hd_grade.png' at thread -1
Loading resource: res://assets/sprites/sky_lagoon/sky_lagoon_slide_v3_compact.png remapped: res://assets/sprites/sky_lagoon/sky_lagoon_slide_v3_compact.png
Loading resource: res://.godot/imported/sky_lagoon_slide_v3_compact.png-f6d8acb2ed44659ff9330d247dbe2f4a.ctex remapped: res://.godot/imported/sky_lagoon_slide_v3_compact.png-f6d8acb2ed44659ff9330d247dbe2f4a.ctex
Completed load for: 'res://assets/sprites/sky_lagoon/sky_lagoon_slide_v3_compact.png' remapped 'res://assets/sprites/sky_lagoon/sky_lagoon_slide_v3_compact.png' at thread -1
Loading resource: res://assets/sprites/sky_lagoon/sky_lagoon_seesaw_v5_fitted.png remapped: res://assets/sprites/sky_lagoon/sky_lagoon_seesaw_v5_fitted.png
Loading resource: res://.godot/imported/sky_lagoon_seesaw_v5_fitted.png-05e6419057f04aacb784c637164d80db.ctex remapped: res://.godot/imported/sky_lagoon_seesaw_v5_fitted.png-05e6419057f04aacb784c637164d80db.ctex
Completed load for: 'res://assets/sprites/sky_lagoon/sky_lagoon_seesaw_v5_fitted.png' remapped 'res://assets/sprites/sky_lagoon/sky_lagoon_seesaw_v5_fitted.png' at thread -1
Loading resource: res://assets/sprites/sky_lagoon/sky_lagoon_contact_shadow.png remapped: res://assets/sprites/sky_lagoon/sky_lagoon_contact_shadow.png
Loading resource: res://.godot/imported/sky_lagoon_contact_shadow.png-5822a958a724d638078d258beb4b6c09.s3tc.ctex remapped: res://.godot/imported/sky_lagoon_contact_shadow.png-5822a958a724d638078d258beb4b6c09.s3tc.ctex
Completed load for: 'res://assets/sprites/sky_lagoon/sky_lagoon_contact_shadow.png' remapped 'res://assets/sprites/sky_lagoon/sky_lagoon_contact_shadow.png' at thread -1
Loading resource: res://assets/sprites/sky_lagoon/sky_lagoon_castle_door_focus_v1.png remapped: res://assets/sprites/sky_lagoon/sky_lagoon_castle_door_focus_v1.png
Loading resource: res://.godot/imported/sky_lagoon_castle_door_focus_v1.png-2701a9f7f47dfc7727deae7894179758.ctex remapped: res://.godot/imported/sky_lagoon_castle_door_focus_v1.png-2701a9f7f47dfc7727deae7894179758.ctex
Completed load for: 'res://assets/sprites/sky_lagoon/sky_lagoon_castle_door_focus_v1.png' remapped 'res://assets/sprites/sky_lagoon/sky_lagoon_castle_door_focus_v1.png' at thread -1
Loading resource: res://assets/audio/voices/filler_v1/roshan_talk.ogg remapped: res://assets/audio/voices/filler_v1/roshan_talk.ogg
Loading resource: res://.godot/imported/roshan_talk.ogg-e1f4421496ec72637dc0f4ccd398592a.oggvorbisstr remapped: res://.godot/imported/roshan_talk.ogg-e1f4421496ec72637dc0f4ccd398592a.oggvorbisstr
Completed load for: 'res://assets/audio/voices/filler_v1/roshan_talk.ogg' remapped 'res://assets/audio/voices/filler_v1/roshan_talk.ogg' at thread -1
LAGOONCANVAS|retired_reef_has_no_canvas_target|OK
Loading resource: res://assets/flats/sky_lagoon/main/flat_sky_lagoon_main_panorama_v5_tile_r0_c0.png remapped: res://assets/flats/sky_lagoon/main/flat_sky_lagoon_main_panorama_v5_tile_r0_c0.png
Loading resource: res://.godot/imported/flat_sky_lagoon_main_panorama_v5_tile_r0_c0.png-7319183c8376a5d32c3f8a9496db5c0c.s3tc.ctex remapped: res://.godot/imported/flat_sky_lagoon_main_panorama_v5_tile_r0_c0.png-7319183c8376a5d32c3f8a9496db5c0c.s3tc.ctex
Completed load for: 'res://assets/flats/sky_lagoon/main/flat_sky_lagoon_main_panorama_v5_tile_r0_c0.png' remapped 'res://assets/flats/sky_lagoon/main/flat_sky_lagoon_main_panorama_v5_tile_r0_c0.png' at thread -1
Loading resource: res://assets/flats/sky_lagoon/main/flat_sky_lagoon_main_panorama_v5_tile_r0_c1.png remapped: res://assets/flats/sky_lagoon/main/flat_sky_lagoon_main_panorama_v5_tile_r0_c1.png
Loading resource: res://.godot/imported/flat_sky_lagoon_main_panorama_v5_tile_r0_c1.png-a6c1a5c5b9d6882304056bf6376f961f.s3tc.ctex remapped: res://.godot/imported/flat_sky_lagoon_main_panorama_v5_tile_r0_c1.png-a6c1a5c5b9d6882304056bf6376f961f.s3tc.ctex
Completed load for: 'res://assets/flats/sky_lagoon/main/flat_sky_lagoon_main_panorama_v5_tile_r0_c1.png' remapped 'res://assets/flats/sky_lagoon/main/flat_sky_lagoon_main_panorama_v5_tile_r0_c1.png' at thread -1
Loading resource: res://assets/flats/sky_lagoon/main/flat_sky_lagoon_main_panorama_v5_tile_r0_c2.png remapped: res://assets/flats/sky_lagoon/main/flat_sky_lagoon_main_panorama_v5_tile_r0_c2.png
Loading resource: res://.godot/imported/flat_sky_lagoon_main_panorama_v5_tile_r0_c2.png-707b7c1249db60c277ba18a5a90d2606.s3tc.ctex remapped: res://.godot/imported/flat_sky_lagoon_main_panorama_v5_tile_r0_c2.png-707b7c1249db60c277ba18a5a90d2606.s3tc.ctex
Completed load for: 'res://assets/flats/sky_lagoon/main/flat_sky_lagoon_main_panorama_v5_tile_r0_c2.png' remapped 'res://assets/flats/sky_lagoon/main/flat_sky_lagoon_main_panorama_v5_tile_r0_c2.png' at thread -1
Loading resource: res://assets/flats/sky_lagoon/main/flat_sky_lagoon_main_panorama_v5_tile_r0_c3.png remapped: res://assets/flats/sky_lagoon/main/flat_sky_lagoon_main_panorama_v5_tile_r0_c3.png
Loading resource: res://.godot/imported/flat_sky_lagoon_main_panorama_v5_tile_r0_c3.png-f5a0de2cacbf855b5537bfa011fb414f.s3tc.ctex remapped: res://.godot/imported/flat_sky_lagoon_main_panorama_v5_tile_r0_c3.png-f5a0de2cacbf855b5537bfa011fb414f.s3tc.ctex
Completed load for: 'res://assets/flats/sky_lagoon/main/flat_sky_lagoon_main_panorama_v5_tile_r0_c3.png' remapped 'res://assets/flats/sky_lagoon/main/flat_sky_lagoon_main_panorama_v5_tile_r0_c3.png' at thread -1
Loading resource: res://assets/flats/sky_lagoon/main/flat_sky_lagoon_main_panorama_v5_tile_r0_c4.png remapped: res://assets/flats/sky_lagoon/main/flat_sky_lagoon_main_panorama_v5_tile_r0_c4.png
Loading resource: res://.godot/imported/flat_sky_lagoon_main_panorama_v5_tile_r0_c4.png-6999927701c9b5b3f31c766b824f236f.s3tc.ctex remapped: res://.godot/imported/flat_sky_lagoon_main_panorama_v5_tile_r0_c4.png-6999927701c9b5b3f31c766b824f236f.s3tc.ctex
Completed load for: 'res://assets/flats/sky_lagoon/main/flat_sky_lagoon_main_panorama_v5_tile_r0_c4.png' remapped 'res://assets/flats/sky_lagoon/main/flat_sky_lagoon_main_panorama_v5_tile_r0_c4.png' at thread -1
Loading resource: res://assets/flats/sky_lagoon/main/flat_sky_lagoon_main_panorama_v5_tile_r0_c5.png remapped: res://assets/flats/sky_lagoon/main/flat_sky_lagoon_main_panorama_v5_tile_r0_c5.png
Loading resource: res://.godot/imported/flat_sky_lagoon_main_panorama_v5_tile_r0_c5.png-b9e6854ab45a6d7567258f9511f51de7.s3tc.ctex remapped: res://.godot/imported/flat_sky_lagoon_main_panorama_v5_tile_r0_c5.png-b9e6854ab45a6d7567258f9511f51de7.s3tc.ctex
Completed load for: 'res://assets/flats/sky_lagoon/main/flat_sky_lagoon_main_panorama_v5_tile_r0_c5.png' remapped 'res://assets/flats/sky_lagoon/main/flat_sky_lagoon_main_panorama_v5_tile_r0_c5.png' at thread -1
Loading resource: res://assets/flats/sky_lagoon/main/flat_sky_lagoon_main_panorama_v5_tile_r1_c0.png remapped: res://assets/flats/sky_lagoon/main/flat_sky_lagoon_main_panorama_v5_tile_r1_c0.png
Loading resource: res://.godot/imported/flat_sky_lagoon_main_panorama_v5_tile_r1_c0.png-f213172c1a85fc3d9cd1cb8a62b11e61.s3tc.ctex remapped: res://.godot/imported/flat_sky_lagoon_main_panorama_v5_tile_r1_c0.png-f213172c1a85fc3d9cd1cb8a62b11e61.s3tc.ctex
Completed load for: 'res://assets/flats/sky_lagoon/main/flat_sky_lagoon_main_panorama_v5_tile_r1_c0.png' remapped 'res://assets/flats/sky_lagoon/main/flat_sky_lagoon_main_panorama_v5_tile_r1_c0.png' at thread -1
Loading resource: res://assets/flats/sky_lagoon/main/flat_sky_lagoon_main_panorama_v5_tile_r1_c1.png remapped: res://assets/flats/sky_lagoon/main/flat_sky_lagoon_main_panorama_v5_tile_r1_c1.png
Loading resource: res://.godot/imported/flat_sky_lagoon_main_panorama_v5_tile_r1_c1.png-e3959803f8dda52d94b3b458d159f503.s3tc.ctex remapped: res://.godot/imported/flat_sky_lagoon_main_panorama_v5_tile_r1_c1.png-e3959803f8dda52d94b3b458d159f503.s3tc.ctex
Completed load for: 'res://assets/flats/sky_lagoon/main/flat_sky_lagoon_main_panorama_v5_tile_r1_c1.png' remapped 'res://assets/flats/sky_lagoon/main/flat_sky_lagoon_main_panorama_v5_tile_r1_c1.png' at thread -1
Loading resource: res://assets/flats/sky_lagoon/main/flat_sky_lagoon_main_panorama_v5_tile_r1_c2.png remapped: res://assets/flats/sky_lagoon/main/flat_sky_lagoon_main_panorama_v5_tile_r1_c2.png
Loading resource: res://.godot/imported/flat_sky_lagoon_main_panorama_v5_tile_r1_c2.png-0c556d40124fed4dea38c25d4997f920.s3tc.ctex remapped: res://.godot/imported/flat_sky_lagoon_main_panorama_v5_tile_r1_c2.png-0c556d40124fed4dea38c25d4997f920.s3tc.ctex
Completed load for: 'res://assets/flats/sky_lagoon/main/flat_sky_lagoon_main_panorama_v5_tile_r1_c2.png' remapped 'res://assets/flats/sky_lagoon/main/flat_sky_lagoon_main_panorama_v5_tile_r1_c2.png' at thread -1
Loading resource: res://assets/flats/sky_lagoon/main/flat_sky_lagoon_main_panorama_v5_tile_r1_c3.png remapped: res://assets/flats/sky_lagoon/main/flat_sky_lagoon_main_panorama_v5_tile_r1_c3.png
Loading resource: res://.godot/imported/flat_sky_lagoon_main_panorama_v5_tile_r1_c3.png-f8ce0e5f490964960eec056604b88fb0.s3tc.ctex remapped: res://.godot/imported/flat_sky_lagoon_main_panorama_v5_tile_r1_c3.png-f8ce0e5f490964960eec056604b88fb0.s3tc.ctex
Completed load for: 'res://assets/flats/sky_lagoon/main/flat_sky_lagoon_main_panorama_v5_tile_r1_c3.png' remapped 'res://assets/flats/sky_lagoon/main/flat_sky_lagoon_main_panorama_v5_tile_r1_c3.png' at thread -1
Loading resource: res://assets/flats/sky_lagoon/main/flat_sky_lagoon_main_panorama_v5_tile_r1_c4.png remapped: res://assets/flats/sky_lagoon/main/flat_sky_lagoon_main_panorama_v5_tile_r1_c4.png
Loading resource: res://.godot/imported/flat_sky_lagoon_main_panorama_v5_tile_r1_c4.png-7797a4393fb38901583f2658ad8ab140.s3tc.ctex remapped: res://.godot/imported/flat_sky_lagoon_main_panorama_v5_tile_r1_c4.png-7797a4393fb38901583f2658ad8ab140.s3tc.ctex
Completed load for: 'res://assets/flats/sky_lagoon/main/flat_sky_lagoon_main_panorama_v5_tile_r1_c4.png' remapped 'res://assets/flats/sky_lagoon/main/flat_sky_lagoon_main_panorama_v5_tile_r1_c4.png' at thread -1
Loading resource: res://assets/flats/sky_lagoon/main/flat_sky_lagoon_main_panorama_v5_tile_r1_c5.png remapped: res://assets/flats/sky_lagoon/main/flat_sky_lagoon_main_panorama_v5_tile_r1_c5.png
Loading resource: res://.godot/imported/flat_sky_lagoon_main_panorama_v5_tile_r1_c5.png-8c97f92f934f9637c71efb000f19c0ba.s3tc.ctex remapped: res://.godot/imported/flat_sky_lagoon_main_panorama_v5_tile_r1_c5.png-8c97f92f934f9637c71efb000f19c0ba.s3tc.ctex
Completed load for: 'res://assets/flats/sky_lagoon/main/flat_sky_lagoon_main_panorama_v5_tile_r1_c5.png' remapped 'res://assets/flats/sky_lagoon/main/flat_sky_lagoon_main_panorama_v5_tile_r1_c5.png' at thread -1
Loading resource: res://assets/sprites/sky_lagoon/sky_lagoon_tree_sticker_slender_v1.png remapped: res://assets/sprites/sky_lagoon/sky_lagoon_tree_sticker_slender_v1.png
Loading resource: res://.godot/imported/sky_lagoon_tree_sticker_slender_v1.png-a4ec95b33d54b21f816c4be0231544dc.ctex remapped: res://.godot/imported/sky_lagoon_tree_sticker_slender_v1.png-a4ec95b33d54b21f816c4be0231544dc.ctex
Completed load for: 'res://assets/sprites/sky_lagoon/sky_lagoon_tree_sticker_slender_v1.png' remapped 'res://assets/sprites/sky_lagoon/sky_lagoon_tree_sticker_slender_v1.png' at thread -1
Loading resource: res://assets/sprites/sky_lagoon/sky_lagoon_plane_v5_hd_grade.png remapped: res://assets/sprites/sky_lagoon/sky_lagoon_plane_v5_hd_grade.png
Loading resource: res://.godot/imported/sky_lagoon_plane_v5_hd_grade.png-f5eca59469450d715dd2655bcca07838.ctex remapped: res://.godot/imported/sky_lagoon_plane_v5_hd_grade.png-f5eca59469450d715dd2655bcca07838.ctex
Completed load for: 'res://assets/sprites/sky_lagoon/sky_lagoon_plane_v5_hd_grade.png' remapped 'res://assets/sprites/sky_lagoon/sky_lagoon_plane_v5_hd_grade.png' at thread -1
Loading resource: res://assets/sprites/sky_lagoon/sky_lagoon_slide_v3_compact.png remapped: res://assets/sprites/sky_lagoon/sky_lagoon_slide_v3_compact.png
Loading resource: res://.godot/imported/sky_lagoon_slide_v3_compact.png-f6d8acb2ed44659ff9330d247dbe2f4a.ctex remapped: res://.godot/imported/sky_lagoon_slide_v3_compact.png-f6d8acb2ed44659ff9330d247dbe2f4a.ctex
Completed load for: 'res://assets/sprites/sky_lagoon/sky_lagoon_slide_v3_compact.png' remapped 'res://assets/sprites/sky_lagoon/sky_lagoon_slide_v3_compact.png' at thread -1
Loading resource: res://assets/sprites/sky_lagoon/sky_lagoon_seesaw_v5_fitted.png remapped: res://assets/sprites/sky_lagoon/sky_lagoon_seesaw_v5_fitted.png
Loading resource: res://.godot/imported/sky_lagoon_seesaw_v5_fitted.png-05e6419057f04aacb784c637164d80db.ctex remapped: res://.godot/imported/sky_lagoon_seesaw_v5_fitted.png-05e6419057f04aacb784c637164d80db.ctex
Completed load for: 'res://assets/sprites/sky_lagoon/sky_lagoon_seesaw_v5_fitted.png' remapped 'res://assets/sprites/sky_lagoon/sky_lagoon_seesaw_v5_fitted.png' at thread -1
Loading resource: res://assets/sprites/sky_lagoon/sky_lagoon_contact_shadow.png remapped: res://assets/sprites/sky_lagoon/sky_lagoon_contact_shadow.png
Loading resource: res://.godot/imported/sky_lagoon_contact_shadow.png-5822a958a724d638078d258beb4b6c09.s3tc.ctex remapped: res://.godot/imported/sky_lagoon_contact_shadow.png-5822a958a724d638078d258beb4b6c09.s3tc.ctex
Completed load for: 'res://assets/sprites/sky_lagoon/sky_lagoon_contact_shadow.png' remapped 'res://assets/sprites/sky_lagoon/sky_lagoon_contact_shadow.png' at thread -1
Loading resource: res://assets/sprites/sky_lagoon/sky_lagoon_castle_door_focus_v1.png remapped: res://assets/sprites/sky_lagoon/sky_lagoon_castle_door_focus_v1.png
Loading resource: res://.godot/imported/sky_lagoon_castle_door_focus_v1.png-2701a9f7f47dfc7727deae7894179758.ctex remapped: res://.godot/imported/sky_lagoon_castle_door_focus_v1.png-2701a9f7f47dfc7727deae7894179758.ctex
Completed load for: 'res://assets/sprites/sky_lagoon/sky_lagoon_castle_door_focus_v1.png' remapped 'res://assets/sprites/sky_lagoon/sky_lagoon_castle_door_focus_v1.png' at thread -1
LAGOONCANVAS|legacy_exit_returns_to_live_canvas|OK
LAGOONCANVAS|ALL OK
XR: Clearing primary interface
XR: Removed interface "Native mobile"
XR: Removed interface "OpenXR"
