WorkerThreadPool: 12 threads, 3 max low-priority.
Godot Engine v4.7.2.stable.official.ed1daf0bf - https://godotengine.org
TextServer: Added interface "Dummy"
TextServer: Added interface "ICU / HarfBuzz / Graphite (Built-in)"
Using "default" pen tablet driver...

TextServer: Primary interface set to: "ICU / HarfBuzz / Graphite (Built-in)".
Loading resource: res://default_bus_layout.tres remapped: res://default_bus_layout.tres
Completed load for: 'res://default_bus_layout.tres' remapped 'res://default_bus_layout.tres' at thread -1
CORE API HASH: 2004498165
EDITOR API HASH: 1696660745
Loading resource: res://scripts/probe_ember.gd remapped: res://scripts/probe_ember.gd
Loading resource: res://assets/characters/roshan_25d/roshan_directional.png remapped: res://assets/characters/roshan_25d/roshan_directional.png
Loading resource: res://.godot/imported/roshan_directional.png-d625ae71ef68ca7b79f00f48e0d76cbb.s3tc.ctex remapped: res://.godot/imported/roshan_directional.png-d625ae71ef68ca7b79f00f48e0d76cbb.s3tc.ctex
Completed load for: 'res://assets/characters/roshan_25d/roshan_directional.png' remapped 'res://assets/characters/roshan_25d/roshan_directional.png' at thread -1
Loading resource: res://assets/characters/roshan_25d/roshan_swim_front.png remapped: res://assets/characters/roshan_25d/roshan_swim_front.png
Loading resource: res://.godot/imported/roshan_swim_front.png-42175e9e171cd7007cff3a9ae801e389.s3tc.ctex remapped: res://.godot/imported/roshan_swim_front.png-42175e9e171cd7007cff3a9ae801e389.s3tc.ctex
Completed load for: 'res://assets/characters/roshan_25d/roshan_swim_front.png' remapped 'res://assets/characters/roshan_25d/roshan_swim_front.png' at thread -1
Loading resource: res://assets/characters/roshan_25d/roshan_swim_back.png remapped: res://assets/characters/roshan_25d/roshan_swim_back.png
Loading resource: res://.godot/imported/roshan_swim_back.png-e93afa07bbddede1e856e92c5cdc462a.s3tc.ctex remapped: res://.godot/imported/roshan_swim_back.png-e93afa07bbddede1e856e92c5cdc462a.s3tc.ctex
Completed load for: 'res://assets/characters/roshan_25d/roshan_swim_back.png' remapped 'res://assets/characters/roshan_25d/roshan_swim_back.png' at thread -1
Loading resource: res://assets/sprites/fx_water/fx_water_bubble_burst_atlas.png remapped: res://assets/sprites/fx_water/fx_water_bubble_burst_atlas.png
Loading resource: res://.godot/imported/fx_water_bubble_burst_atlas.png-6756054a8ce0da3a133c2d2926db3fe9.s3tc.ctex remapped: res://.godot/imported/fx_water_bubble_burst_atlas.png-6756054a8ce0da3a133c2d2926db3fe9.s3tc.ctex
Completed load for: 'res://assets/sprites/fx_water/fx_water_bubble_burst_atlas.png' remapped 'res://assets/sprites/fx_water/fx_water_bubble_burst_atlas.png' at thread -1
Loading resource: res://assets/sprites/fx_water/fx_water_splash_medium_atlas.png remapped: res://assets/sprites/fx_water/fx_water_splash_medium_atlas.png
Loading resource: res://.godot/imported/fx_water_splash_medium_atlas.png-e51a9350ed55a41c49ea3d00f22151f4.s3tc.ctex remapped: res://.godot/imported/fx_water_splash_medium_atlas.png-e51a9350ed55a41c49ea3d00f22151f4.s3tc.ctex
Completed load for: 'res://assets/sprites/fx_water/fx_water_splash_medium_atlas.png' remapped 'res://assets/sprites/fx_water/fx_water_splash_medium_atlas.png' at thread -1
Loading resource: res://assets/castle/training/ghost_hand.png remapped: res://assets/castle/training/ghost_hand.png
Loading resource: res://.godot/imported/ghost_hand.png-1de3e3644c9a46e5892c5a8fa86dad01.ctex remapped: res://.godot/imported/ghost_hand.png-1de3e3644c9a46e5892c5a8fa86dad01.ctex
Completed load for: 'res://assets/castle/training/ghost_hand.png' remapped 'res://assets/castle/training/ghost_hand.png' at thread -1
Loading resource: res://shaders/castle_fixture_bloom.gdshader remapped: res://shaders/castle_fixture_bloom.gdshader
Completed load for: 'res://shaders/castle_fixture_bloom.gdshader' remapped 'res://shaders/castle_fixture_bloom.gdshader' at thread -1
Loading resource: res://assets/flats/castle/rooms/room_actor_shadow.png remapped: res://assets/flats/castle/rooms/room_actor_shadow.png
Loading resource: res://.godot/imported/room_actor_shadow.png-f1d04727dc138f663653a3117bb0a06a.s3tc.ctex remapped: res://.godot/imported/room_actor_shadow.png-f1d04727dc138f663653a3117bb0a06a.s3tc.ctex
Completed load for: 'res://assets/flats/castle/rooms/room_actor_shadow.png' remapped 'res://assets/flats/castle/rooms/room_actor_shadow.png' at thread -1
Loading resource: res://assets/castle/dirty_cleanup_2d/effects/fx_soap_bubbles.png remapped: res://assets/castle/dirty_cleanup_2d/effects/fx_soap_bubbles.png
Loading resource: res://.godot/imported/fx_soap_bubbles.png-8f04cce33abb3c3312d7afe57e1021e1.ctex remapped: res://.godot/imported/fx_soap_bubbles.png-8f04cce33abb3c3312d7afe57e1021e1.ctex
Completed load for: 'res://assets/castle/dirty_cleanup_2d/effects/fx_soap_bubbles.png' remapped 'res://assets/castle/dirty_cleanup_2d/effects/fx_soap_bubbles.png' at thread -1
Loading resource: res://assets/shaders/castle_fixture_water.gdshader remapped: res://assets/shaders/castle_fixture_water.gdshader
Completed load for: 'res://assets/shaders/castle_fixture_water.gdshader' remapped 'res://assets/shaders/castle_fixture_water.gdshader' at thread -1
Loading resource: res://assets/terrain/up_water_nrm.jpg remapped: res://assets/terrain/up_water_nrm.jpg
Loading resource: res://.godot/imported/up_water_nrm.jpg-17f81a1afbb895061d198f7cd6fac5ca.ctex remapped: res://.godot/imported/up_water_nrm.jpg-17f81a1afbb895061d198f7cd6fac5ca.ctex
Completed load for: 'res://assets/terrain/up_water_nrm.jpg' remapped 'res://assets/terrain/up_water_nrm.jpg' at thread -1
Loading resource: res://assets/terrain/caustics.png remapped: res://assets/terrain/caustics.png
Loading resource: res://.godot/imported/caustics.png-3a5cbbf4f913abf47849e57640465f02.s3tc.ctex remapped: res://.godot/imported/caustics.png-3a5cbbf4f913abf47849e57640465f02.s3tc.ctex
Completed load for: 'res://assets/terrain/caustics.png' remapped 'res://assets/terrain/caustics.png' at thread -1
Loading resource: res://assets/flats/castle/logo_studio_v2/castle_banner_pink.png remapped: res://assets/flats/castle/logo_studio_v2/castle_banner_pink.png
Loading resource: res://.godot/imported/castle_banner_pink.png-1f07d5f169916030a25ffc843a00a097.ctex remapped: res://.godot/imported/castle_banner_pink.png-1f07d5f169916030a25ffc843a00a097.ctex
Completed load for: 'res://assets/flats/castle/logo_studio_v2/castle_banner_pink.png' remapped 'res://assets/flats/castle/logo_studio_v2/castle_banner_pink.png' at thread -1
Loading resource: res://assets/flats/castle/logo_studio_v2/castle_banner_gold.png remapped: res://assets/flats/castle/logo_studio_v2/castle_banner_gold.png
Loading resource: res://.godot/imported/castle_banner_gold.png-5442446e7bc3ba706d422fcbb4922333.ctex remapped: res://.godot/imported/castle_banner_gold.png-5442446e7bc3ba706d422fcbb4922333.ctex
Completed load for: 'res://assets/flats/castle/logo_studio_v2/castle_banner_gold.png' remapped 'res://assets/flats/castle/logo_studio_v2/castle_banner_gold.png' at thread -1
Loading resource: res://assets/flats/castle/logo_studio_v2/castle_banner_mint.png remapped: res://assets/flats/castle/logo_studio_v2/castle_banner_mint.png
Loading resource: res://.godot/imported/castle_banner_mint.png-1bd0912452535d09563f5821ab572aa1.ctex remapped: res://.godot/imported/castle_banner_mint.png-1bd0912452535d09563f5821ab572aa1.ctex
Completed load for: 'res://assets/flats/castle/logo_studio_v2/castle_banner_mint.png' remapped 'res://assets/flats/castle/logo_studio_v2/castle_banner_mint.png' at thread -1
Loading resource: res://assets/flats/castle/logo_studio_v2/castle_banner_ocean.png remapped: res://assets/flats/castle/logo_studio_v2/castle_banner_ocean.png
Loading resource: res://.godot/imported/castle_banner_ocean.png-b4870497f6aa7ef8fd0fa9b03a7817e1.ctex remapped: res://.godot/imported/castle_banner_ocean.png-b4870497f6aa7ef8fd0fa9b03a7817e1.ctex
Completed load for: 'res://assets/flats/castle/logo_studio_v2/castle_banner_ocean.png' remapped 'res://assets/flats/castle/logo_studio_v2/castle_banner_ocean.png' at thread -1
Loading resource: res://assets/flats/castle/logo_studio_v2/castle_banner_purple.png remapped: res://assets/flats/castle/logo_studio_v2/castle_banner_purple.png
Loading resource: res://.godot/imported/castle_banner_purple.png-a711c2ef7be4134e857e2b0804f886f4.ctex remapped: res://.godot/imported/castle_banner_purple.png-a711c2ef7be4134e857e2b0804f886f4.ctex
Completed load for: 'res://assets/flats/castle/logo_studio_v2/castle_banner_purple.png' remapped 'res://assets/flats/castle/logo_studio_v2/castle_banner_purple.png' at thread -1
Loading resource: res://assets/flats/castle/logo_studio_v2/castle_banner_rainbow.png remapped: res://assets/flats/castle/logo_studio_v2/castle_banner_rainbow.png
Loading resource: res://.godot/imported/castle_banner_rainbow.png-51987bbcab3d63a5e6b8856c39d3e1f5.ctex remapped: res://.godot/imported/castle_banner_rainbow.png-51987bbcab3d63a5e6b8856c39d3e1f5.ctex
Completed load for: 'res://assets/flats/castle/logo_studio_v2/castle_banner_rainbow.png' remapped 'res://assets/flats/castle/logo_studio_v2/castle_banner_rainbow.png' at thread -1
Loading resource: res://assets/flats/castle/logo_studio_v2/castle_banner_motif_rainbow.png remapped: res://assets/flats/castle/logo_studio_v2/castle_banner_motif_rainbow.png
Loading resource: res://.godot/imported/castle_banner_motif_rainbow.png-7d37c39c57d9145c1662a600706a0215.ctex remapped: res://.godot/imported/castle_banner_motif_rainbow.png-7d37c39c57d9145c1662a600706a0215.ctex
Completed load for: 'res://assets/flats/castle/logo_studio_v2/castle_banner_motif_rainbow.png' remapped 'res://assets/flats/castle/logo_studio_v2/castle_banner_motif_rainbow.png' at thread -1
Loading resource: res://assets/flats/castle/logo_studio_v2/castle_banner_motif_shell.png remapped: res://assets/flats/castle/logo_studio_v2/castle_banner_motif_shell.png
Loading resource: res://.godot/imported/castle_banner_motif_shell.png-2ded8f0554ad78cbf31ed04692a2e95a.ctex remapped: res://.godot/imported/castle_banner_motif_shell.png-2ded8f0554ad78cbf31ed04692a2e95a.ctex
Completed load for: 'res://assets/flats/castle/logo_studio_v2/castle_banner_motif_shell.png' remapped 'res://assets/flats/castle/logo_studio_v2/castle_banner_motif_shell.png' at thread -1
Loading resource: res://assets/flats/castle/logo_studio_v2/castle_banner_motif_kitty.png remapped: res://assets/flats/castle/logo_studio_v2/castle_banner_motif_kitty.png
Loading resource: res://.godot/imported/castle_banner_motif_kitty.png-476ecb445ef20b8f0ee562bf74ffc1f3.ctex remapped: res://.godot/imported/castle_banner_motif_kitty.png-476ecb445ef20b8f0ee562bf74ffc1f3.ctex
Completed load for: 'res://assets/flats/castle/logo_studio_v2/castle_banner_motif_kitty.png' remapped 'res://assets/flats/castle/logo_studio_v2/castle_banner_motif_kitty.png' at thread -1
Loading resource: res://assets/flats/castle/logo_studio_v2/castle_banner_motif_dog.png remapped: res://assets/flats/castle/logo_studio_v2/castle_banner_motif_dog.png
Loading resource: res://.godot/imported/castle_banner_motif_dog.png-f60e00a475feefbed7e6b7b03314b4e3.ctex remapped: res://.godot/imported/castle_banner_motif_dog.png-f60e00a475feefbed7e6b7b03314b4e3.ctex
Completed load for: 'res://assets/flats/castle/logo_studio_v2/castle_banner_motif_dog.png' remapped 'res://assets/flats/castle/logo_studio_v2/castle_banner_motif_dog.png' at thread -1
Loading resource: res://assets/flats/castle/logo_studio_v2/castle_banner_motif_star.png remapped: res://assets/flats/castle/logo_studio_v2/castle_banner_motif_star.png
Loading resource: res://.godot/imported/castle_banner_motif_star.png-c2920063905028bbe428c242038dc858.ctex remapped: res://.godot/imported/castle_banner_motif_star.png-c2920063905028bbe428c242038dc858.ctex
Completed load for: 'res://assets/flats/castle/logo_studio_v2/castle_banner_motif_star.png' remapped 'res://assets/flats/castle/logo_studio_v2/castle_banner_motif_star.png' at thread -1
Loading resource: res://assets/flats/castle/logo_studio_v2/castle_banner_motif_heart.png remapped: res://assets/flats/castle/logo_studio_v2/castle_banner_motif_heart.png
Loading resource: res://.godot/imported/castle_banner_motif_heart.png-1e2c41e7d0fee88319aa5e07bebb840c.ctex remapped: res://.godot/imported/castle_banner_motif_heart.png-1e2c41e7d0fee88319aa5e07bebb840c.ctex
Completed load for: 'res://assets/flats/castle/logo_studio_v2/castle_banner_motif_heart.png' remapped 'res://assets/flats/castle/logo_studio_v2/castle_banner_motif_heart.png' at thread -1
Loading resource: res://assets/flats/castle/logo_studio_v2/castle_banner_motif_crown.png remapped: res://assets/flats/castle/logo_studio_v2/castle_banner_motif_crown.png
Loading resource: res://.godot/imported/castle_banner_motif_crown.png-a6e77f1d9ed0122ac2aa4567a6832a08.ctex remapped: res://.godot/imported/castle_banner_motif_crown.png-a6e77f1d9ed0122ac2aa4567a6832a08.ctex
Completed load for: 'res://assets/flats/castle/logo_studio_v2/castle_banner_motif_crown.png' remapped 'res://assets/flats/castle/logo_studio_v2/castle_banner_motif_crown.png' at thread -1
Loading resource: res://assets/flats/castle/logo_studio_v2/castle_banner_motif_butterfly.png remapped: res://assets/flats/castle/logo_studio_v2/castle_banner_motif_butterfly.png
Loading resource: res://.godot/imported/castle_banner_motif_butterfly.png-862a1cf8dacc6daab2058d435ea0ad5f.ctex remapped: res://.godot/imported/castle_banner_motif_butterfly.png-862a1cf8dacc6daab2058d435ea0ad5f.ctex
Completed load for: 'res://assets/flats/castle/logo_studio_v2/castle_banner_motif_butterfly.png' remapped 'res://assets/flats/castle/logo_studio_v2/castle_banner_motif_butterfly.png' at thread -1
Loading resource: res://assets/ui/boot_splash_mermaid_roshan.png remapped: res://assets/ui/boot_splash_mermaid_roshan.png
Loading resource: res://.godot/imported/boot_splash_mermaid_roshan.png-b4f76f82b4095448b9258c74830dd0bf.ctex remapped: res://.godot/imported/boot_splash_mermaid_roshan.png-b4f76f82b4095448b9258c74830dd0bf.ctex
Completed load for: 'res://assets/ui/boot_splash_mermaid_roshan.png' remapped 'res://assets/ui/boot_splash_mermaid_roshan.png' at thread -1
Loading resource: res://assets/castle/day_one_art_studio/magic_cleaning_brush.png remapped: res://assets/castle/day_one_art_studio/magic_cleaning_brush.png
Loading resource: res://.godot/imported/magic_cleaning_brush.png-9aab3d5c1cf900b3b09e19eacb3d842d.ctex remapped: res://.godot/imported/magic_cleaning_brush.png-9aab3d5c1cf900b3b09e19eacb3d842d.ctex
Completed load for: 'res://assets/castle/day_one_art_studio/magic_cleaning_brush.png' remapped 'res://assets/castle/day_one_art_studio/magic_cleaning_brush.png' at thread -1
Loading resource: res://assets/castle/day_one_art_studio/loose_brush_bundle.png remapped: res://assets/castle/day_one_art_studio/loose_brush_bundle.png
Loading resource: res://.godot/imported/loose_brush_bundle.png-864136367585f2d9d14d7d1e8b20b7c8.ctex remapped: res://.godot/imported/loose_brush_bundle.png-864136367585f2d9d14d7d1e8b20b7c8.ctex
Completed load for: 'res://assets/castle/day_one_art_studio/loose_brush_bundle.png' remapped 'res://assets/castle/day_one_art_studio/loose_brush_bundle.png' at thread -1
Loading resource: res://assets/castle/day_one_art_studio/paint_bottle_pink.png remapped: res://assets/castle/day_one_art_studio/paint_bottle_pink.png
Loading resource: res://.godot/imported/paint_bottle_pink.png-c543c4d9f1f567c443e165a9fa714da8.ctex remapped: res://.godot/imported/paint_bottle_pink.png-c543c4d9f1f567c443e165a9fa714da8.ctex
Completed load for: 'res://assets/castle/day_one_art_studio/paint_bottle_pink.png' remapped 'res://assets/castle/day_one_art_studio/paint_bottle_pink.png' at thread -1
Loading resource: res://assets/castle/day_one_art_studio/paint_bottle_blue.png remapped: res://assets/castle/day_one_art_studio/paint_bottle_blue.png
Loading resource: res://.godot/imported/paint_bottle_blue.png-5095790b8453a9b3e2ea954bc927e605.ctex remapped: res://.godot/imported/paint_bottle_blue.png-5095790b8453a9b3e2ea954bc927e605.ctex
Completed load for: 'res://assets/castle/day_one_art_studio/paint_bottle_blue.png' remapped 'res://assets/castle/day_one_art_studio/paint_bottle_blue.png' at thread -1
Loading resource: res://assets/castle/day_one_art_studio/paint_cups.png remapped: res://assets/castle/day_one_art_studio/paint_cups.png
Loading resource: res://.godot/imported/paint_cups.png-100570cd9a806d4462c301ca08769707.ctex remapped: res://.godot/imported/paint_cups.png-100570cd9a806d4462c301ca08769707.ctex
Completed load for: 'res://assets/castle/day_one_art_studio/paint_cups.png' remapped 'res://assets/castle/day_one_art_studio/paint_cups.png' at thread -1
Loading resource: res://assets/castle/day_one_art_studio/grime_left.png remapped: res://assets/castle/day_one_art_studio/grime_left.png
Loading resource: res://.godot/imported/grime_left.png-9b85fce9291a82cc7fa602186defdc14.ctex remapped: res://.godot/imported/grime_left.png-9b85fce9291a82cc7fa602186defdc14.ctex
Completed load for: 'res://assets/castle/day_one_art_studio/grime_left.png' remapped 'res://assets/castle/day_one_art_studio/grime_left.png' at thread -1
Loading resource: res://assets/castle/day_one_art_studio/grime_desk.png remapped: res://assets/castle/day_one_art_studio/grime_desk.png
Loading resource: res://.godot/imported/grime_desk.png-38eed6c08bb917d3198d2d948f230b8b.ctex remapped: res://.godot/imported/grime_desk.png-38eed6c08bb917d3198d2d948f230b8b.ctex
Completed load for: 'res://assets/castle/day_one_art_studio/grime_desk.png' remapped 'res://assets/castle/day_one_art_studio/grime_desk.png' at thread -1
Loading resource: res://assets/castle/day_one_art_studio/grime_right.png remapped: res://assets/castle/day_one_art_studio/grime_right.png
Loading resource: res://.godot/imported/grime_right.png-9c83e9c00c88d0942dc2efe0b144a31b.ctex remapped: res://.godot/imported/grime_right.png-9c83e9c00c88d0942dc2efe0b144a31b.ctex
Completed load for: 'res://assets/castle/day_one_art_studio/grime_right.png' remapped 'res://assets/castle/day_one_art_studio/grime_right.png' at thread -1
Loading resource: res://assets/flats/castle/rooms/room_bubble_bath_dirty_day_one.png remapped: res://assets/flats/castle/rooms/room_bubble_bath_dirty_day_one.png
Loading resource: res://.godot/imported/room_bubble_bath_dirty_day_one.png-9e5525828616e0db5b9a3b8b28435c35.ctex remapped: res://.godot/imported/room_bubble_bath_dirty_day_one.png-9e5525828616e0db5b9a3b8b28435c35.ctex
Completed load for: 'res://assets/flats/castle/rooms/room_bubble_bath_dirty_day_one.png' remapped 'res://assets/flats/castle/rooms/room_bubble_bath_dirty_day_one.png' at thread -1
Loading resource: res://assets/flats/castle/rooms/room_bubble_bath_dirty_drained_day_one.png remapped: res://assets/flats/castle/rooms/room_bubble_bath_dirty_drained_day_one.png
Loading resource: res://.godot/imported/room_bubble_bath_dirty_drained_day_one.png-7e8d3b4c3b9d1f29e91ac035a5fb7262.ctex remapped: res://.godot/imported/room_bubble_bath_dirty_drained_day_one.png-7e8d3b4c3b9d1f29e91ac035a5fb7262.ctex
Completed load for: 'res://assets/flats/castle/rooms/room_bubble_bath_dirty_drained_day_one.png' remapped 'res://assets/flats/castle/rooms/room_bubble_bath_dirty_drained_day_one.png' at thread -1
Loading resource: res://assets/flats/castle/rooms/room_bubble_bath.png remapped: res://assets/flats/castle/rooms/room_bubble_bath.png
Loading resource: res://.godot/imported/room_bubble_bath.png-8ee98b24e8364131dc5cfc2232874cd7.ctex remapped: res://.godot/imported/room_bubble_bath.png-8ee98b24e8364131dc5cfc2232874cd7.ctex
Completed load for: 'res://assets/flats/castle/rooms/room_bubble_bath.png' remapped 'res://assets/flats/castle/rooms/room_bubble_bath.png' at thread -1
Loading resource: res://assets/castle/dirty_cleanup_2d/targets/target_sink_grime_v1.png remapped: res://assets/castle/dirty_cleanup_2d/targets/target_sink_grime_v1.png
Loading resource: res://.godot/imported/target_sink_grime_v1.png-5d01aaca3a2b34c04e93afaef486eb50.ctex remapped: res://.godot/imported/target_sink_grime_v1.png-5d01aaca3a2b34c04e93afaef486eb50.ctex
Completed load for: 'res://assets/castle/dirty_cleanup_2d/targets/target_sink_grime_v1.png' remapped 'res://assets/castle/dirty_cleanup_2d/targets/target_sink_grime_v1.png' at thread -1
Loading resource: res://assets/sprites/sky_lagoon/sky_lagoon_castle_four_tower_v4.png remapped: res://assets/sprites/sky_lagoon/sky_lagoon_castle_four_tower_v4.png
Loading resource: res://.godot/imported/sky_lagoon_castle_four_tower_v4.png-3db3791a13b15911d5b711360be9c503.ctex remapped: res://.godot/imported/sky_lagoon_castle_four_tower_v4.png-3db3791a13b15911d5b711360be9c503.ctex
Completed load for: 'res://assets/sprites/sky_lagoon/sky_lagoon_castle_four_tower_v4.png' remapped 'res://assets/sprites/sky_lagoon/sky_lagoon_castle_four_tower_v4.png' at thread -1
Loading resource: res://assets/sprites/sky_lagoon/sky_lagoon_cloud_family_v7_hd_grade.png remapped: res://assets/sprites/sky_lagoon/sky_lagoon_cloud_family_v7_hd_grade.png
Loading resource: res://.godot/imported/sky_lagoon_cloud_family_v7_hd_grade.png-dc0538f7caa6b853334b469234e73a2d.ctex remapped: res://.godot/imported/sky_lagoon_cloud_family_v7_hd_grade.png-dc0538f7caa6b853334b469234e73a2d.ctex
Completed load for: 'res://assets/sprites/sky_lagoon/sky_lagoon_cloud_family_v7_hd_grade.png' remapped 'res://assets/sprites/sky_lagoon/sky_lagoon_cloud_family_v7_hd_grade.png' at thread -1
Loading resource: res://assets/sprites/sky_lagoon/sky_lagoon_cloud_single_v1.png remapped: res://assets/sprites/sky_lagoon/sky_lagoon_cloud_single_v1.png
Loading resource: res://.godot/imported/sky_lagoon_cloud_single_v1.png-b03683c7f3026927cde33f24d92a67e5.ctex remapped: res://.godot/imported/sky_lagoon_cloud_single_v1.png-b03683c7f3026927cde33f24d92a67e5.ctex
Completed load for: 'res://assets/sprites/sky_lagoon/sky_lagoon_cloud_single_v1.png' remapped 'res://assets/sprites/sky_lagoon/sky_lagoon_cloud_single_v1.png' at thread -1
Loading resource: res://assets/ui/castle_room_buttons_v2/room_opera_hall.png remapped: res://assets/ui/castle_room_buttons_v2/room_opera_hall.png
Loading resource: res://.godot/imported/room_opera_hall.png-4be4ecc3703261914b8a9526019262cc.ctex remapped: res://.godot/imported/room_opera_hall.png-4be4ecc3703261914b8a9526019262cc.ctex
Completed load for: 'res://assets/ui/castle_room_buttons_v2/room_opera_hall.png' remapped 'res://assets/ui/castle_room_buttons_v2/room_opera_hall.png' at thread -1
Loading resource: res://assets/ui/castle_room_buttons_v2/room_craft_room.png remapped: res://assets/ui/castle_room_buttons_v2/room_craft_room.png
Loading resource: res://.godot/imported/room_craft_room.png-7dc4a5c01065ce328e731b6b38053da5.ctex remapped: res://.godot/imported/room_craft_room.png-7dc4a5c01065ce328e731b6b38053da5.ctex
Completed load for: 'res://assets/ui/castle_room_buttons_v2/room_craft_room.png' remapped 'res://assets/ui/castle_room_buttons_v2/room_craft_room.png' at thread -1
Loading resource: res://assets/ui/castle_room_buttons_v2/room_kitchen.png remapped: res://assets/ui/castle_room_buttons_v2/room_kitchen.png
Loading resource: res://.godot/imported/room_kitchen.png-61af0fca52cce833210f295107496cf7.ctex remapped: res://.godot/imported/room_kitchen.png-61af0fca52cce833210f295107496cf7.ctex
Completed load for: 'res://assets/ui/castle_room_buttons_v2/room_kitchen.png' remapped 'res://assets/ui/castle_room_buttons_v2/room_kitchen.png' at thread -1
Loading resource: res://assets/mg/sun.png remapped: res://assets/mg/sun.png
Loading resource: res://.godot/imported/sun.png-c8bf9605370f6e02d9b21d685d405f9b.ctex remapped: res://.godot/imported/sun.png-c8bf9605370f6e02d9b21d685d405f9b.ctex
Completed load for: 'res://assets/mg/sun.png' remapped 'res://assets/mg/sun.png' at thread -1
Loading resource: res://assets/props/story/play_swing_frame.png remapped: res://assets/props/story/play_swing_frame.png
Loading resource: res://.godot/imported/play_swing_frame.png-a81ab1af7d4b95737787aabcf622cdbc.ctex remapped: res://.godot/imported/play_swing_frame.png-a81ab1af7d4b95737787aabcf622cdbc.ctex
Completed load for: 'res://assets/props/story/play_swing_frame.png' remapped 'res://assets/props/story/play_swing_frame.png' at thread -1
Loading resource: res://assets/props/story/play_swing_seat.png remapped: res://assets/props/story/play_swing_seat.png
Loading resource: res://.godot/imported/play_swing_seat.png-fbc2feb15e1e0c3563f38dd6be314f41.ctex remapped: res://.godot/imported/play_swing_seat.png-fbc2feb15e1e0c3563f38dd6be314f41.ctex
Completed load for: 'res://assets/props/story/play_swing_seat.png' remapped 'res://assets/props/story/play_swing_seat.png' at thread -1
Loading resource: res://assets/characters/roshan_25d/roshan_gesture_a.png remapped: res://assets/characters/roshan_25d/roshan_gesture_a.png
Loading resource: res://.godot/imported/roshan_gesture_a.png-18a31aea6ac3722a9397d1f4c4f45867.s3tc.ctex remapped: res://.godot/imported/roshan_gesture_a.png-18a31aea6ac3722a9397d1f4c4f45867.s3tc.ctex
Completed load for: 'res://assets/characters/roshan_25d/roshan_gesture_a.png' remapped 'res://assets/characters/roshan_25d/roshan_gesture_a.png' at thread -1
Loading resource: res://assets/characters/roshan_25d/roshan_gesture_b.png remapped: res://assets/characters/roshan_25d/roshan_gesture_b.png
Loading resource: res://.godot/imported/roshan_gesture_b.png-8cb0fb1a0e3c6a3ff52f66869af29ee3.s3tc.ctex remapped: res://.godot/imported/roshan_gesture_b.png-8cb0fb1a0e3c6a3ff52f66869af29ee3.s3tc.ctex
Completed load for: 'res://assets/characters/roshan_25d/roshan_gesture_b.png' remapped 'res://assets/characters/roshan_25d/roshan_gesture_b.png' at thread -1
Loading resource: res://assets/characters/roshan_25d/roshan_gesture_c.png remapped: res://assets/characters/roshan_25d/roshan_gesture_c.png
Loading resource: res://.godot/imported/roshan_gesture_c.png-938a4e5c63b0fe35548d3f25bd960773.s3tc.ctex remapped: res://.godot/imported/roshan_gesture_c.png-938a4e5c63b0fe35548d3f25bd960773.s3tc.ctex
Completed load for: 'res://assets/characters/roshan_25d/roshan_gesture_c.png' remapped 'res://assets/characters/roshan_25d/roshan_gesture_c.png' at thread -1
Loading resource: res://assets/characters/roshan_25d/roshan_gesture_d.png remapped: res://assets/characters/roshan_25d/roshan_gesture_d.png
Loading resource: res://.godot/imported/roshan_gesture_d.png-08aed87dc09d080eaf1e4104fb084fdc.s3tc.ctex remapped: res://.godot/imported/roshan_gesture_d.png-08aed87dc09d080eaf1e4104fb084fdc.s3tc.ctex
Completed load for: 'res://assets/characters/roshan_25d/roshan_gesture_d.png' remapped 'res://assets/characters/roshan_25d/roshan_gesture_d.png' at thread -1
Loading resource: res://assets/characters/roshan_25d/roshan_play_a.png remapped: res://assets/characters/roshan_25d/roshan_play_a.png
Loading resource: res://.godot/imported/roshan_play_a.png-7836c4193fc7d229ea3c5f1583aa2038.s3tc.ctex remapped: res://.godot/imported/roshan_play_a.png-7836c4193fc7d229ea3c5f1583aa2038.s3tc.ctex
Completed load for: 'res://assets/characters/roshan_25d/roshan_play_a.png' remapped 'res://assets/characters/roshan_25d/roshan_play_a.png' at thread -1
Loading resource: res://assets/characters/roshan_25d/roshan_play_b.png remapped: res://assets/characters/roshan_25d/roshan_play_b.png
Loading resource: res://.godot/imported/roshan_play_b.png-115ffaa3712f999ce1caf531c6fbc9ec.s3tc.ctex remapped: res://.godot/imported/roshan_play_b.png-115ffaa3712f999ce1caf531c6fbc9ec.s3tc.ctex
Completed load for: 'res://assets/characters/roshan_25d/roshan_play_b.png' remapped 'res://assets/characters/roshan_25d/roshan_play_b.png' at thread -1
Loading resource: res://assets/flats/castle/boss/dusty_attic_arena_2048.png remapped: res://assets/flats/castle/boss/dusty_attic_arena_2048.png
Loading resource: res://.godot/imported/dusty_attic_arena_2048.png-d3ca08103aa6a7020e840963166fbe19.ctex remapped: res://.godot/imported/dusty_attic_arena_2048.png-d3ca08103aa6a7020e840963166fbe19.ctex
Completed load for: 'res://assets/flats/castle/boss/dusty_attic_arena_2048.png' remapped 'res://assets/flats/castle/boss/dusty_attic_arena_2048.png' at thread -1
Loading resource: res://assets/opera/worlds/props/fx_stolen_sparkle.png remapped: res://assets/opera/worlds/props/fx_stolen_sparkle.png
Loading resource: res://.godot/imported/fx_stolen_sparkle.png-78d191c055130f9a82753b3c1b5d08ac.s3tc.ctex remapped: res://.godot/imported/fx_stolen_sparkle.png-78d191c055130f9a82753b3c1b5d08ac.s3tc.ctex
Completed load for: 'res://assets/opera/worlds/props/fx_stolen_sparkle.png' remapped 'res://assets/opera/worlds/props/fx_stolen_sparkle.png' at thread -1
Loading resource: res://assets/opera/worlds/props/fx_dust_puff.png remapped: res://assets/opera/worlds/props/fx_dust_puff.png
Loading resource: res://.godot/imported/fx_dust_puff.png-c19e7c817e63296b4a7808774d821915.ctex remapped: res://.godot/imported/fx_dust_puff.png-c19e7c817e63296b4a7808774d821915.ctex
Completed load for: 'res://assets/opera/worlds/props/fx_dust_puff.png' remapped 'res://assets/opera/worlds/props/fx_dust_puff.png' at thread -1
Loading resource: res://assets/effects/grand_puff/purple_vortex_v4.png remapped: res://assets/effects/grand_puff/purple_vortex_v4.png
Loading resource: res://.godot/imported/purple_vortex_v4.png-73637daaea783585b2d9d0dcf967aace.ctex remapped: res://.godot/imported/purple_vortex_v4.png-73637daaea783585b2d9d0dcf967aace.ctex
Completed load for: 'res://assets/effects/grand_puff/purple_vortex_v4.png' remapped 'res://assets/effects/grand_puff/purple_vortex_v4.png' at thread -1
Completed load for: 'res://scripts/probe_ember.gd' remapped 'res://scripts/probe_ember.gd' at thread -1
SceneTreeFTI: traversal method DEFAULT
Loading resource: res://scenes/main.tscn remapped: res://scenes/main.tscn
Completed load for: 'res://scenes/main.tscn' remapped 'res://scenes/main.tscn' at thread -1
Loaded system CA certificates
Loading resource: res://assets/audio/ambience_reef.ogg remapped: res://assets/audio/ambience_reef.ogg
Loading resource: res://.godot/imported/ambience_reef.ogg-30031e4868dd5f41925c6b3f42f0f9b1.oggvorbisstr remapped: res://.godot/imported/ambience_reef.ogg-30031e4868dd5f41925c6b3f42f0f9b1.oggvorbisstr
Completed load for: 'res://assets/audio/ambience_reef.ogg' remapped 'res://assets/audio/ambience_reef.ogg' at thread -1
Loading resource: res://assets/audio/music/world.ogg remapped: res://assets/audio/music/world.ogg
Loading resource: res://.godot/imported/world.ogg-bfec9819aa7fa229c0057fe76832cfa3.oggvorbisstr remapped: res://.godot/imported/world.ogg-bfec9819aa7fa229c0057fe76832cfa3.oggvorbisstr
Completed load for: 'res://assets/audio/music/world.ogg' remapped 'res://assets/audio/music/world.ogg' at thread -1
Loading resource: res://assets/audio/voices/filler_v1/yay.ogg remapped: res://assets/audio/voices/filler_v1/yay.ogg
Loading resource: res://.godot/imported/yay.ogg-a4cd419929b402130d14f60cd99b5355.oggvorbisstr remapped: res://.godot/imported/yay.ogg-a4cd419929b402130d14f60cd99b5355.oggvorbisstr
Completed load for: 'res://assets/audio/voices/filler_v1/yay.ogg' remapped 'res://assets/audio/voices/filler_v1/yay.ogg' at thread -1
Loading resource: res://assets/audio/chime.ogg remapped: res://assets/audio/chime.ogg
Loading resource: res://.godot/imported/chime.ogg-ccbd9039a16fca2270295f3df3042e4a.oggvorbisstr remapped: res://.godot/imported/chime.ogg-ccbd9039a16fca2270295f3df3042e4a.oggvorbisstr
Completed load for: 'res://assets/audio/chime.ogg' remapped 'res://assets/audio/chime.ogg' at thread -1
Loading resource: res://assets/audio/hop_boing.ogg remapped: res://assets/audio/hop_boing.ogg
Loading resource: res://.godot/imported/hop_boing.ogg-23491bc7346e37a3c3a7e5718a1c6334.oggvorbisstr remapped: res://.godot/imported/hop_boing.ogg-23491bc7346e37a3c3a7e5718a1c6334.oggvorbisstr
Completed load for: 'res://assets/audio/hop_boing.ogg' remapped 'res://assets/audio/hop_boing.ogg' at thread -1
Loading resource: res://assets/audio/penguin_giggle.ogg remapped: res://assets/audio/penguin_giggle.ogg
Loading resource: res://.godot/imported/penguin_giggle.ogg-1caa548251b7585be1b157de4e41c1b8.oggvorbisstr remapped: res://.godot/imported/penguin_giggle.ogg-1caa548251b7585be1b157de4e41c1b8.oggvorbisstr
Completed load for: 'res://assets/audio/penguin_giggle.ogg' remapped 'res://assets/audio/penguin_giggle.ogg' at thread -1
Loading resource: res://assets/audio/buy.ogg remapped: res://assets/audio/buy.ogg
Loading resource: res://.godot/imported/buy.ogg-ccfb5d2b9f2837f43f22621a6d87b91c.oggvorbisstr remapped: res://.godot/imported/buy.ogg-ccfb5d2b9f2837f43f22621a6d87b91c.oggvorbisstr
Completed load for: 'res://assets/audio/buy.ogg' remapped 'res://assets/audio/buy.ogg' at thread -1
Loading resource: res://assets/audio/music/banjo.ogg remapped: res://assets/audio/music/banjo.ogg
Loading resource: res://.godot/imported/banjo.ogg-6ace2633ccde608d168cb04a28077650.oggvorbisstr remapped: res://.godot/imported/banjo.ogg-6ace2633ccde608d168cb04a28077650.oggvorbisstr
Completed load for: 'res://assets/audio/music/banjo.ogg' remapped 'res://assets/audio/music/banjo.ogg' at thread -1
Loading resource: res://assets/audio/voices/filler_v1/roshan_intro1.ogg remapped: res://assets/audio/voices/filler_v1/roshan_intro1.ogg
Loading resource: res://.godot/imported/roshan_intro1.ogg-f820084970fc77bf53c9fa3fc87e9d14.oggvorbisstr remapped: res://.godot/imported/roshan_intro1.ogg-f820084970fc77bf53c9fa3fc87e9d14.oggvorbisstr
Completed load for: 'res://assets/audio/voices/filler_v1/roshan_intro1.ogg' remapped 'res://assets/audio/voices/filler_v1/roshan_intro1.ogg' at thread -1
Loading resource: res://assets/characters/friends/huluu.png remapped: res://assets/characters/friends/huluu.png
Loading resource: res://.godot/imported/huluu.png-6fee73331b3d0600210812844b67ef58.ctex remapped: res://.godot/imported/huluu.png-6fee73331b3d0600210812844b67ef58.ctex
Completed load for: 'res://assets/characters/friends/huluu.png' remapped 'res://assets/characters/friends/huluu.png' at thread -1
EMBER|fresh save keeps the fortress hidden in normal play: OK
EMBER|saving the Butterfly World reveals the fortress: OK
EMBER|a visited fortress stays discovered: OK
EMBER|dev mode keeps the fortress open: OK
Loading resource: res://assets/audio/ambience_lagoon.ogg remapped: res://assets/audio/ambience_lagoon.ogg
Loading resource: res://.godot/imported/ambience_lagoon.ogg-ae488c5c49780dd6b99e4d26aa81385b.oggvorbisstr remapped: res://.godot/imported/ambience_lagoon.ogg-ae488c5c49780dd6b99e4d26aa81385b.oggvorbisstr
Completed load for: 'res://assets/audio/ambience_lagoon.ogg' remapped 'res://assets/audio/ambience_lagoon.ogg' at thread -1
Loading resource: res://assets/audio/music/level2.ogg remapped: res://assets/audio/music/level2.ogg
Loading resource: res://.godot/imported/level2.ogg-b8046f808a9b0bfedb2cfe8030063143.oggvorbisstr remapped: res://.godot/imported/level2.ogg-b8046f808a9b0bfedb2cfe8030063143.oggvorbisstr
Completed load for: 'res://assets/audio/music/level2.ogg' remapped 'res://assets/audio/music/level2.ogg' at thread -1
Loading resource: res://assets/flats/sky_lagoon/main/flat_sky_lagoon_main_panorama_v5_tile_r0_c0.png remapped: res://assets/flats/sky_lagoon/main/flat_sky_lagoon_main_panorama_v5_tile_r0_c0.png
Loading resource: res://.godot/imported/flat_sky_lagoon_main_panorama_v5_tile_r0_c0.png-7319183c8376a5d32c3f8a9496db5c0c.s3tc.ctex remapped: res://.godot/imported/flat_sky_lagoon_main_panorama_v5_tile_r0_c0.png-7319183c8376a5d32c3f8a9496db5c0c.s3tc.ctex
Completed load for: 'res://assets/flats/sky_lagoon/main/flat_sky_lagoon_main_panorama_v5_tile_r0_c0.png' remapped 'res://assets/flats/sky_lagoon/main/flat_sky_lagoon_main_panorama_v5_tile_r0_c0.png' at thread -1
Loading resource: res://assets/flats/sky_lagoon/main/flat_sky_lagoon_main_panorama_v5_tile_r0_c1.png remapped: res://assets/flats/sky_lagoon/main/flat_sky_lagoon_main_panorama_v5_tile_r0_c1.png
Loading resource: res://.godot/imported/flat_sky_lagoon_main_panorama_v5_tile_r0_c1.png-a6c1a5c5b9d6882304056bf6376f961f.s3tc.ctex remapped: res://.godot/imported/flat_sky_lagoon_main_panorama_v5_tile_r0_c1.png-a6c1a5c5b9d6882304056bf6376f961f.s3tc.ctex
Completed load for: 'res://assets/flats/sky_lagoon/main/flat_sky_lagoon_main_panorama_v5_tile_r0_c1.png' remapped 'res://assets/flats/sky_lagoon/main/flat_sky_lagoon_main_panorama_v5_tile_r0_c1.png' at thread -1
Loading resource: res://assets/flats/sky_lagoon/main/flat_sky_lagoon_main_panorama_v5_tile_r0_c2.png remapped: res://assets/flats/sky_lagoon/main/flat_sky_lagoon_main_panorama_v5_tile_r0_c2.png
Loading resource: res://.godot/imported/flat_sky_lagoon_main_panorama_v5_tile_r0_c2.png-707b7c1249db60c277ba18a5a90d2606.s3tc.ctex remapped: res://.godot/imported/flat_sky_lagoon_main_panorama_v5_tile_r0_c2.png-707b7c1249db60c277ba18a5a90d2606.s3tc.ctex
Completed load for: 'res://assets/flats/sky_lagoon/main/flat_sky_lagoon_main_panorama_v5_tile_r0_c2.png' remapped 'res://assets/flats/sky_lagoon/main/flat_sky_lagoon_main_panorama_v5_tile_r0_c2.png' at thread -1
Loading resource: res://assets/flats/sky_lagoon/main/flat_sky_lagoon_main_panorama_v5_tile_r0_c3.png remapped: res://assets/flats/sky_lagoon/main/flat_sky_lagoon_main_panorama_v5_tile_r0_c3.png
Loading resource: res://.godot/imported/flat_sky_lagoon_main_panorama_v5_tile_r0_c3.png-f5a0de2cacbf855b5537bfa011fb414f.s3tc.ctex remapped: res://.godot/imported/flat_sky_lagoon_main_panorama_v5_tile_r0_c3.png-f5a0de2cacbf855b5537bfa011fb414f.s3tc.ctex
Completed load for: 'res://assets/flats/sky_lagoon/main/flat_sky_lagoon_main_panorama_v5_tile_r0_c3.png' remapped 'res://assets/flats/sky_lagoon/main/flat_sky_lagoon_main_panorama_v5_tile_r0_c3.png' at thread -1
Loading resource: res://assets/flats/sky_lagoon/main/flat_sky_lagoon_main_panorama_v5_tile_r0_c4.png remapped: res://assets/flats/sky_lagoon/main/flat_sky_lagoon_main_panorama_v5_tile_r0_c4.png
Loading resource: res://.godot/imported/flat_sky_lagoon_main_panorama_v5_tile_r0_c4.png-6999927701c9b5b3f31c766b824f236f.s3tc.ctex remapped: res://.godot/imported/flat_sky_lagoon_main_panorama_v5_tile_r0_c4.png-6999927701c9b5b3f31c766b824f236f.s3tc.ctex
Completed load for: 'res://assets/flats/sky_lagoon/main/flat_sky_lagoon_main_panorama_v5_tile_r0_c4.png' remapped 'res://assets/flats/sky_lagoon/main/flat_sky_lagoon_main_panorama_v5_tile_r0_c4.png' at thread -1
Loading resource: res://assets/flats/sky_lagoon/main/flat_sky_lagoon_main_panorama_v5_tile_r0_c5.png remapped: res://assets/flats/sky_lagoon/main/flat_sky_lagoon_main_panorama_v5_tile_r0_c5.png
Loading resource: res://.godot/imported/flat_sky_lagoon_main_panorama_v5_tile_r0_c5.png-b9e6854ab45a6d7567258f9511f51de7.s3tc.ctex remapped: res://.godot/imported/flat_sky_lagoon_main_panorama_v5_tile_r0_c5.png-b9e6854ab45a6d7567258f9511f51de7.s3tc.ctex
Completed load for: 'res://assets/flats/sky_lagoon/main/flat_sky_lagoon_main_panorama_v5_tile_r0_c5.png' remapped 'res://assets/flats/sky_lagoon/main/flat_sky_lagoon_main_panorama_v5_tile_r0_c5.png' at thread -1
Loading resource: res://assets/flats/sky_lagoon/main/flat_sky_lagoon_main_panorama_v5_tile_r1_c0.png remapped: res://assets/flats/sky_lagoon/main/flat_sky_lagoon_main_panorama_v5_tile_r1_c0.png
Loading resource: res://.godot/imported/flat_sky_lagoon_main_panorama_v5_tile_r1_c0.png-f213172c1a85fc3d9cd1cb8a62b11e61.s3tc.ctex remapped: res://.godot/imported/flat_sky_lagoon_main_panorama_v5_tile_r1_c0.png-f213172c1a85fc3d9cd1cb8a62b11e61.s3tc.ctex
Completed load for: 'res://assets/flats/sky_lagoon/main/flat_sky_lagoon_main_panorama_v5_tile_r1_c0.png' remapped 'res://assets/flats/sky_lagoon/main/flat_sky_lagoon_main_panorama_v5_tile_r1_c0.png' at thread -1
Loading resource: res://assets/flats/sky_lagoon/main/flat_sky_lagoon_main_panorama_v5_tile_r1_c1.png remapped: res://assets/flats/sky_lagoon/main/flat_sky_lagoon_main_panorama_v5_tile_r1_c1.png
Loading resource: res://.godot/imported/flat_sky_lagoon_main_panorama_v5_tile_r1_c1.png-e3959803f8dda52d94b3b458d159f503.s3tc.ctex remapped: res://.godot/imported/flat_sky_lagoon_main_panorama_v5_tile_r1_c1.png-e3959803f8dda52d94b3b458d159f503.s3tc.ctex
Completed load for: 'res://assets/flats/sky_lagoon/main/flat_sky_lagoon_main_panorama_v5_tile_r1_c1.png' remapped 'res://assets/flats/sky_lagoon/main/flat_sky_lagoon_main_panorama_v5_tile_r1_c1.png' at thread -1
Loading resource: res://assets/flats/sky_lagoon/main/flat_sky_lagoon_main_panorama_v5_tile_r1_c2.png remapped: res://assets/flats/sky_lagoon/main/flat_sky_lagoon_main_panorama_v5_tile_r1_c2.png
Loading resource: res://.godot/imported/flat_sky_lagoon_main_panorama_v5_tile_r1_c2.png-0c556d40124fed4dea38c25d4997f920.s3tc.ctex remapped: res://.godot/imported/flat_sky_lagoon_main_panorama_v5_tile_r1_c2.png-0c556d40124fed4dea38c25d4997f920.s3tc.ctex
Completed load for: 'res://assets/flats/sky_lagoon/main/flat_sky_lagoon_main_panorama_v5_tile_r1_c2.png' remapped 'res://assets/flats/sky_lagoon/main/flat_sky_lagoon_main_panorama_v5_tile_r1_c2.png' at thread -1
Loading resource: res://assets/flats/sky_lagoon/main/flat_sky_lagoon_main_panorama_v5_tile_r1_c3.png remapped: res://assets/flats/sky_lagoon/main/flat_sky_lagoon_main_panorama_v5_tile_r1_c3.png
Loading resource: res://.godot/imported/flat_sky_lagoon_main_panorama_v5_tile_r1_c3.png-f8ce0e5f490964960eec056604b88fb0.s3tc.ctex remapped: res://.godot/imported/flat_sky_lagoon_main_panorama_v5_tile_r1_c3.png-f8ce0e5f490964960eec056604b88fb0.s3tc.ctex
Completed load for: 'res://assets/flats/sky_lagoon/main/flat_sky_lagoon_main_panorama_v5_tile_r1_c3.png' remapped 'res://assets/flats/sky_lagoon/main/flat_sky_lagoon_main_panorama_v5_tile_r1_c3.png' at thread -1
Loading resource: res://assets/flats/sky_lagoon/main/flat_sky_lagoon_main_panorama_v5_tile_r1_c4.png remapped: res://assets/flats/sky_lagoon/main/flat_sky_lagoon_main_panorama_v5_tile_r1_c4.png
Loading resource: res://.godot/imported/flat_sky_lagoon_main_panorama_v5_tile_r1_c4.png-7797a4393fb38901583f2658ad8ab140.s3tc.ctex remapped: res://.godot/imported/flat_sky_lagoon_main_panorama_v5_tile_r1_c4.png-7797a4393fb38901583f2658ad8ab140.s3tc.ctex
Completed load for: 'res://assets/flats/sky_lagoon/main/flat_sky_lagoon_main_panorama_v5_tile_r1_c4.png' remapped 'res://assets/flats/sky_lagoon/main/flat_sky_lagoon_main_panorama_v5_tile_r1_c4.png' at thread -1
Loading resource: res://assets/flats/sky_lagoon/main/flat_sky_lagoon_main_panorama_v5_tile_r1_c5.png remapped: res://assets/flats/sky_lagoon/main/flat_sky_lagoon_main_panorama_v5_tile_r1_c5.png
Loading resource: res://.godot/imported/flat_sky_lagoon_main_panorama_v5_tile_r1_c5.png-8c97f92f934f9637c71efb000f19c0ba.s3tc.ctex remapped: res://.godot/imported/flat_sky_lagoon_main_panorama_v5_tile_r1_c5.png-8c97f92f934f9637c71efb000f19c0ba.s3tc.ctex
Completed load for: 'res://assets/flats/sky_lagoon/main/flat_sky_lagoon_main_panorama_v5_tile_r1_c5.png' remapped 'res://assets/flats/sky_lagoon/main/flat_sky_lagoon_main_panorama_v5_tile_r1_c5.png' at thread -1
Loading resource: res://assets/sprites/sky_lagoon/sky_lagoon_smoke_wisp_v2.png remapped: res://assets/sprites/sky_lagoon/sky_lagoon_smoke_wisp_v2.png
Loading resource: res://.godot/imported/sky_lagoon_smoke_wisp_v2.png-0ce85fbfadefcb57be3728144f8353d9.ctex remapped: res://.godot/imported/sky_lagoon_smoke_wisp_v2.png-0ce85fbfadefcb57be3728144f8353d9.ctex
Completed load for: 'res://assets/sprites/sky_lagoon/sky_lagoon_smoke_wisp_v2.png' remapped 'res://assets/sprites/sky_lagoon/sky_lagoon_smoke_wisp_v2.png' at thread -1
Loading resource: res://assets/sprites/sky_lagoon/sky_lagoon_tree_sticker_slender_v1.png remapped: res://assets/sprites/sky_lagoon/sky_lagoon_tree_sticker_slender_v1.png
Loading resource: res://.godot/imported/sky_lagoon_tree_sticker_slender_v1.png-a4ec95b33d54b21f816c4be0231544dc.ctex remapped: res://.godot/imported/sky_lagoon_tree_sticker_slender_v1.png-a4ec95b33d54b21f816c4be0231544dc.ctex
Completed load for: 'res://assets/sprites/sky_lagoon/sky_lagoon_tree_sticker_slender_v1.png' remapped 'res://assets/sprites/sky_lagoon/sky_lagoon_tree_sticker_slender_v1.png' at thread -1
Loading resource: res://assets/sprites/sky_lagoon/sky_lagoon_plane_v5_hd_grade.png remapped: res://assets/sprites/sky_lagoon/sky_lagoon_plane_v5_hd_grade.png
Loading resource: res://.godot/imported/sky_lagoon_plane_v5_hd_grade.png-f5eca59469450d715dd2655bcca07838.ctex remapped: res://.godot/imported/sky_lagoon_plane_v5_hd_grade.png-f5eca59469450d715dd2655bcca07838.ctex
Completed load for: 'res://assets/sprites/sky_lagoon/sky_lagoon_plane_v5_hd_grade.png' remapped 'res://assets/sprites/sky_lagoon/sky_lagoon_plane_v5_hd_grade.png' at thread -1
Loading resource: res://assets/sprites/sky_lagoon/sky_lagoon_slide_v3_compact.png remapped: res://assets/sprites/sky_lagoon/sky_lagoon_slide_v3_compact.png
Loading resource: res://.godot/imported/sky_lagoon_slide_v3_compact.png-f6d8acb2ed44659ff9330d247dbe2f4a.ctex remapped: res://.godot/imported/sky_lagoon_slide_v3_compact.png-f6d8acb2ed44659ff9330d247dbe2f4a.ctex
Completed load for: 'res://assets/sprites/sky_lagoon/sky_lagoon_slide_v3_compact.png' remapped 'res://assets/sprites/sky_lagoon/sky_lagoon_slide_v3_compact.png' at thread -1
Loading resource: res://assets/sprites/sky_lagoon/sky_lagoon_seesaw_v5_fitted.png remapped: res://assets/sprites/sky_lagoon/sky_lagoon_seesaw_v5_fitted.png
Loading resource: res://.godot/imported/sky_lagoon_seesaw_v5_fitted.png-05e6419057f04aacb784c637164d80db.ctex remapped: res://.godot/imported/sky_lagoon_seesaw_v5_fitted.png-05e6419057f04aacb784c637164d80db.ctex
Completed load for: 'res://assets/sprites/sky_lagoon/sky_lagoon_seesaw_v5_fitted.png' remapped 'res://assets/sprites/sky_lagoon/sky_lagoon_seesaw_v5_fitted.png' at thread -1
Loading resource: res://assets/sprites/sky_lagoon/sky_lagoon_contact_shadow.png remapped: res://assets/sprites/sky_lagoon/sky_lagoon_contact_shadow.png
Loading resource: res://.godot/imported/sky_lagoon_contact_shadow.png-5822a958a724d638078d258beb4b6c09.s3tc.ctex remapped: res://.godot/imported/sky_lagoon_contact_shadow.png-5822a958a724d638078d258beb4b6c09.s3tc.ctex
Completed load for: 'res://assets/sprites/sky_lagoon/sky_lagoon_contact_shadow.png' remapped 'res://assets/sprites/sky_lagoon/sky_lagoon_contact_shadow.png' at thread -1
Loading resource: res://assets/sprites/sky_lagoon/sky_lagoon_castle_door_focus_v1.png remapped: res://assets/sprites/sky_lagoon/sky_lagoon_castle_door_focus_v1.png
Loading resource: res://.godot/imported/sky_lagoon_castle_door_focus_v1.png-2701a9f7f47dfc7727deae7894179758.ctex remapped: res://.godot/imported/sky_lagoon_castle_door_focus_v1.png-2701a9f7f47dfc7727deae7894179758.ctex
Completed load for: 'res://assets/sprites/sky_lagoon/sky_lagoon_castle_door_focus_v1.png' remapped 'res://assets/sprites/sky_lagoon/sky_lagoon_castle_door_focus_v1.png' at thread -1
EMBER|hidden fortress builds no junction gate: OK
Loading resource: res://assets/flats/sky_lagoon/main/flat_sky_lagoon_main_panorama_v5_tile_r0_c0.png remapped: res://assets/flats/sky_lagoon/main/flat_sky_lagoon_main_panorama_v5_tile_r0_c0.png
Loading resource: res://.godot/imported/flat_sky_lagoon_main_panorama_v5_tile_r0_c0.png-7319183c8376a5d32c3f8a9496db5c0c.s3tc.ctex remapped: res://.godot/imported/flat_sky_lagoon_main_panorama_v5_tile_r0_c0.png-7319183c8376a5d32c3f8a9496db5c0c.s3tc.ctex
Completed load for: 'res://assets/flats/sky_lagoon/main/flat_sky_lagoon_main_panorama_v5_tile_r0_c0.png' remapped 'res://assets/flats/sky_lagoon/main/flat_sky_lagoon_main_panorama_v5_tile_r0_c0.png' at thread -1
Loading resource: res://assets/flats/sky_lagoon/main/flat_sky_lagoon_main_panorama_v5_tile_r0_c1.png remapped: res://assets/flats/sky_lagoon/main/flat_sky_lagoon_main_panorama_v5_tile_r0_c1.png
Loading resource: res://.godot/imported/flat_sky_lagoon_main_panorama_v5_tile_r0_c1.png-a6c1a5c5b9d6882304056bf6376f961f.s3tc.ctex remapped: res://.godot/imported/flat_sky_lagoon_main_panorama_v5_tile_r0_c1.png-a6c1a5c5b9d6882304056bf6376f961f.s3tc.ctex
Completed load for: 'res://assets/flats/sky_lagoon/main/flat_sky_lagoon_main_panorama_v5_tile_r0_c1.png' remapped 'res://assets/flats/sky_lagoon/main/flat_sky_lagoon_main_panorama_v5_tile_r0_c1.png' at thread -1
Loading resource: res://assets/flats/sky_lagoon/main/flat_sky_lagoon_main_panorama_v5_tile_r0_c2.png remapped: res://assets/flats/sky_lagoon/main/flat_sky_lagoon_main_panorama_v5_tile_r0_c2.png
Loading resource: res://.godot/imported/flat_sky_lagoon_main_panorama_v5_tile_r0_c2.png-707b7c1249db60c277ba18a5a90d2606.s3tc.ctex remapped: res://.godot/imported/flat_sky_lagoon_main_panorama_v5_tile_r0_c2.png-707b7c1249db60c277ba18a5a90d2606.s3tc.ctex
Completed load for: 'res://assets/flats/sky_lagoon/main/flat_sky_lagoon_main_panorama_v5_tile_r0_c2.png' remapped 'res://assets/flats/sky_lagoon/main/flat_sky_lagoon_main_panorama_v5_tile_r0_c2.png' at thread -1
Loading resource: res://assets/flats/sky_lagoon/main/flat_sky_lagoon_main_panorama_v5_tile_r0_c3.png remapped: res://assets/flats/sky_lagoon/main/flat_sky_lagoon_main_panorama_v5_tile_r0_c3.png
Loading resource: res://.godot/imported/flat_sky_lagoon_main_panorama_v5_tile_r0_c3.png-f5a0de2cacbf855b5537bfa011fb414f.s3tc.ctex remapped: res://.godot/imported/flat_sky_lagoon_main_panorama_v5_tile_r0_c3.png-f5a0de2cacbf855b5537bfa011fb414f.s3tc.ctex
Completed load for: 'res://assets/flats/sky_lagoon/main/flat_sky_lagoon_main_panorama_v5_tile_r0_c3.png' remapped 'res://assets/flats/sky_lagoon/main/flat_sky_lagoon_main_panorama_v5_tile_r0_c3.png' at thread -1
Loading resource: res://assets/flats/sky_lagoon/main/flat_sky_lagoon_main_panorama_v5_tile_r0_c4.png remapped: res://assets/flats/sky_lagoon/main/flat_sky_lagoon_main_panorama_v5_tile_r0_c4.png
Loading resource: res://.godot/imported/flat_sky_lagoon_main_panorama_v5_tile_r0_c4.png-6999927701c9b5b3f31c766b824f236f.s3tc.ctex remapped: res://.godot/imported/flat_sky_lagoon_main_panorama_v5_tile_r0_c4.png-6999927701c9b5b3f31c766b824f236f.s3tc.ctex
Completed load for: 'res://assets/flats/sky_lagoon/main/flat_sky_lagoon_main_panorama_v5_tile_r0_c4.png' remapped 'res://assets/flats/sky_lagoon/main/flat_sky_lagoon_main_panorama_v5_tile_r0_c4.png' at thread -1
Loading resource: res://assets/flats/sky_lagoon/main/flat_sky_lagoon_main_panorama_v5_tile_r0_c5.png remapped: res://assets/flats/sky_lagoon/main/flat_sky_lagoon_main_panorama_v5_tile_r0_c5.png
Loading resource: res://.godot/imported/flat_sky_lagoon_main_panorama_v5_tile_r0_c5.png-b9e6854ab45a6d7567258f9511f51de7.s3tc.ctex remapped: res://.godot/imported/flat_sky_lagoon_main_panorama_v5_tile_r0_c5.png-b9e6854ab45a6d7567258f9511f51de7.s3tc.ctex
Completed load for: 'res://assets/flats/sky_lagoon/main/flat_sky_lagoon_main_panorama_v5_tile_r0_c5.png' remapped 'res://assets/flats/sky_lagoon/main/flat_sky_lagoon_main_panorama_v5_tile_r0_c5.png' at thread -1
Loading resource: res://assets/flats/sky_lagoon/main/flat_sky_lagoon_main_panorama_v5_tile_r1_c0.png remapped: res://assets/flats/sky_lagoon/main/flat_sky_lagoon_main_panorama_v5_tile_r1_c0.png
Loading resource: res://.godot/imported/flat_sky_lagoon_main_panorama_v5_tile_r1_c0.png-f213172c1a85fc3d9cd1cb8a62b11e61.s3tc.ctex remapped: res://.godot/imported/flat_sky_lagoon_main_panorama_v5_tile_r1_c0.png-f213172c1a85fc3d9cd1cb8a62b11e61.s3tc.ctex
Completed load for: 'res://assets/flats/sky_lagoon/main/flat_sky_lagoon_main_panorama_v5_tile_r1_c0.png' remapped 'res://assets/flats/sky_lagoon/main/flat_sky_lagoon_main_panorama_v5_tile_r1_c0.png' at thread -1
Loading resource: res://assets/flats/sky_lagoon/main/flat_sky_lagoon_main_panorama_v5_tile_r1_c1.png remapped: res://assets/flats/sky_lagoon/main/flat_sky_lagoon_main_panorama_v5_tile_r1_c1.png
Loading resource: res://.godot/imported/flat_sky_lagoon_main_panorama_v5_tile_r1_c1.png-e3959803f8dda52d94b3b458d159f503.s3tc.ctex remapped: res://.godot/imported/flat_sky_lagoon_main_panorama_v5_tile_r1_c1.png-e3959803f8dda52d94b3b458d159f503.s3tc.ctex
Completed load for: 'res://assets/flats/sky_lagoon/main/flat_sky_lagoon_main_panorama_v5_tile_r1_c1.png' remapped 'res://assets/flats/sky_lagoon/main/flat_sky_lagoon_main_panorama_v5_tile_r1_c1.png' at thread -1
Loading resource: res://assets/flats/sky_lagoon/main/flat_sky_lagoon_main_panorama_v5_tile_r1_c2.png remapped: res://assets/flats/sky_lagoon/main/flat_sky_lagoon_main_panorama_v5_tile_r1_c2.png
Loading resource: res://.godot/imported/flat_sky_lagoon_main_panorama_v5_tile_r1_c2.png-0c556d40124fed4dea38c25d4997f920.s3tc.ctex remapped: res://.godot/imported/flat_sky_lagoon_main_panorama_v5_tile_r1_c2.png-0c556d40124fed4dea38c25d4997f920.s3tc.ctex
Completed load for: 'res://assets/flats/sky_lagoon/main/flat_sky_lagoon_main_panorama_v5_tile_r1_c2.png' remapped 'res://assets/flats/sky_lagoon/main/flat_sky_lagoon_main_panorama_v5_tile_r1_c2.png' at thread -1
Loading resource: res://assets/flats/sky_lagoon/main/flat_sky_lagoon_main_panorama_v5_tile_r1_c3.png remapped: res://assets/flats/sky_lagoon/main/flat_sky_lagoon_main_panorama_v5_tile_r1_c3.png
Loading resource: res://.godot/imported/flat_sky_lagoon_main_panorama_v5_tile_r1_c3.png-f8ce0e5f490964960eec056604b88fb0.s3tc.ctex remapped: res://.godot/imported/flat_sky_lagoon_main_panorama_v5_tile_r1_c3.png-f8ce0e5f490964960eec056604b88fb0.s3tc.ctex
Completed load for: 'res://assets/flats/sky_lagoon/main/flat_sky_lagoon_main_panorama_v5_tile_r1_c3.png' remapped 'res://assets/flats/sky_lagoon/main/flat_sky_lagoon_main_panorama_v5_tile_r1_c3.png' at thread -1
Loading resource: res://assets/flats/sky_lagoon/main/flat_sky_lagoon_main_panorama_v5_tile_r1_c4.png remapped: res://assets/flats/sky_lagoon/main/flat_sky_lagoon_main_panorama_v5_tile_r1_c4.png
Loading resource: res://.godot/imported/flat_sky_lagoon_main_panorama_v5_tile_r1_c4.png-7797a4393fb38901583f2658ad8ab140.s3tc.ctex remapped: res://.godot/imported/flat_sky_lagoon_main_panorama_v5_tile_r1_c4.png-7797a4393fb38901583f2658ad8ab140.s3tc.ctex
Completed load for: 'res://assets/flats/sky_lagoon/main/flat_sky_lagoon_main_panorama_v5_tile_r1_c4.png' remapped 'res://assets/flats/sky_lagoon/main/flat_sky_lagoon_main_panorama_v5_tile_r1_c4.png' at thread -1
Loading resource: res://assets/flats/sky_lagoon/main/flat_sky_lagoon_main_panorama_v5_tile_r1_c5.png remapped: res://assets/flats/sky_lagoon/main/flat_sky_lagoon_main_panorama_v5_tile_r1_c5.png
Loading resource: res://.godot/imported/flat_sky_lagoon_main_panorama_v5_tile_r1_c5.png-8c97f92f934f9637c71efb000f19c0ba.s3tc.ctex remapped: res://.godot/imported/flat_sky_lagoon_main_panorama_v5_tile_r1_c5.png-8c97f92f934f9637c71efb000f19c0ba.s3tc.ctex
Completed load for: 'res://assets/flats/sky_lagoon/main/flat_sky_lagoon_main_panorama_v5_tile_r1_c5.png' remapped 'res://assets/flats/sky_lagoon/main/flat_sky_lagoon_main_panorama_v5_tile_r1_c5.png' at thread -1
Loading resource: res://assets/sprites/sky_lagoon/sky_lagoon_smoke_wisp_v2.png remapped: res://assets/sprites/sky_lagoon/sky_lagoon_smoke_wisp_v2.png
Loading resource: res://.godot/imported/sky_lagoon_smoke_wisp_v2.png-0ce85fbfadefcb57be3728144f8353d9.ctex remapped: res://.godot/imported/sky_lagoon_smoke_wisp_v2.png-0ce85fbfadefcb57be3728144f8353d9.ctex
Completed load for: 'res://assets/sprites/sky_lagoon/sky_lagoon_smoke_wisp_v2.png' remapped 'res://assets/sprites/sky_lagoon/sky_lagoon_smoke_wisp_v2.png' at thread -1
Loading resource: res://assets/sprites/sky_lagoon/sky_lagoon_tree_sticker_slender_v1.png remapped: res://assets/sprites/sky_lagoon/sky_lagoon_tree_sticker_slender_v1.png
Loading resource: res://.godot/imported/sky_lagoon_tree_sticker_slender_v1.png-a4ec95b33d54b21f816c4be0231544dc.ctex remapped: res://.godot/imported/sky_lagoon_tree_sticker_slender_v1.png-a4ec95b33d54b21f816c4be0231544dc.ctex
Completed load for: 'res://assets/sprites/sky_lagoon/sky_lagoon_tree_sticker_slender_v1.png' remapped 'res://assets/sprites/sky_lagoon/sky_lagoon_tree_sticker_slender_v1.png' at thread -1
Loading resource: res://assets/sprites/sky_lagoon/sky_lagoon_plane_v5_hd_grade.png remapped: res://assets/sprites/sky_lagoon/sky_lagoon_plane_v5_hd_grade.png
Loading resource: res://.godot/imported/sky_lagoon_plane_v5_hd_grade.png-f5eca59469450d715dd2655bcca07838.ctex remapped: res://.godot/imported/sky_lagoon_plane_v5_hd_grade.png-f5eca59469450d715dd2655bcca07838.ctex
Completed load for: 'res://assets/sprites/sky_lagoon/sky_lagoon_plane_v5_hd_grade.png' remapped 'res://assets/sprites/sky_lagoon/sky_lagoon_plane_v5_hd_grade.png' at thread -1
Loading resource: res://assets/sprites/sky_lagoon/sky_lagoon_slide_v3_compact.png remapped: res://assets/sprites/sky_lagoon/sky_lagoon_slide_v3_compact.png
Loading resource: res://.godot/imported/sky_lagoon_slide_v3_compact.png-f6d8acb2ed44659ff9330d247dbe2f4a.ctex remapped: res://.godot/imported/sky_lagoon_slide_v3_compact.png-f6d8acb2ed44659ff9330d247dbe2f4a.ctex
Completed load for: 'res://assets/sprites/sky_lagoon/sky_lagoon_slide_v3_compact.png' remapped 'res://assets/sprites/sky_lagoon/sky_lagoon_slide_v3_compact.png' at thread -1
Loading resource: res://assets/sprites/sky_lagoon/sky_lagoon_seesaw_v5_fitted.png remapped: res://assets/sprites/sky_lagoon/sky_lagoon_seesaw_v5_fitted.png
Loading resource: res://.godot/imported/sky_lagoon_seesaw_v5_fitted.png-05e6419057f04aacb784c637164d80db.ctex remapped: res://.godot/imported/sky_lagoon_seesaw_v5_fitted.png-05e6419057f04aacb784c637164d80db.ctex
Completed load for: 'res://assets/sprites/sky_lagoon/sky_lagoon_seesaw_v5_fitted.png' remapped 'res://assets/sprites/sky_lagoon/sky_lagoon_seesaw_v5_fitted.png' at thread -1
Loading resource: res://assets/sprites/sky_lagoon/sky_lagoon_contact_shadow.png remapped: res://assets/sprites/sky_lagoon/sky_lagoon_contact_shadow.png
Loading resource: res://.godot/imported/sky_lagoon_contact_shadow.png-5822a958a724d638078d258beb4b6c09.s3tc.ctex remapped: res://.godot/imported/sky_lagoon_contact_shadow.png-5822a958a724d638078d258beb4b6c09.s3tc.ctex
Completed load for: 'res://assets/sprites/sky_lagoon/sky_lagoon_contact_shadow.png' remapped 'res://assets/sprites/sky_lagoon/sky_lagoon_contact_shadow.png' at thread -1
Loading resource: res://assets/sprites/sky_lagoon/sky_lagoon_castle_door_focus_v1.png remapped: res://assets/sprites/sky_lagoon/sky_lagoon_castle_door_focus_v1.png
Loading resource: res://.godot/imported/sky_lagoon_castle_door_focus_v1.png-2701a9f7f47dfc7727deae7894179758.ctex remapped: res://.godot/imported/sky_lagoon_castle_door_focus_v1.png-2701a9f7f47dfc7727deae7894179758.ctex
Completed load for: 'res://assets/sprites/sky_lagoon/sky_lagoon_castle_door_focus_v1.png' remapped 'res://assets/sprites/sky_lagoon/sky_lagoon_castle_door_focus_v1.png' at thread -1
Loading resource: res://assets/sprites/sky_lagoon/animals/raccoon_idle_atlas.png remapped: res://assets/sprites/sky_lagoon/animals/raccoon_idle_atlas.png
Loading resource: res://.godot/imported/raccoon_idle_atlas.png-964762d72f005c56eb7719e777deea16.s3tc.ctex remapped: res://.godot/imported/raccoon_idle_atlas.png-964762d72f005c56eb7719e777deea16.s3tc.ctex
Completed load for: 'res://assets/sprites/sky_lagoon/animals/raccoon_idle_atlas.png' remapped 'res://assets/sprites/sky_lagoon/animals/raccoon_idle_atlas.png' at thread -1
EMBER|promenade retires the 3D junction gate: OK
Loading resource: res://assets/audio/voices/filler_v1/roshan_win.ogg remapped: res://assets/audio/voices/filler_v1/roshan_win.ogg
Loading resource: res://.godot/imported/roshan_win.ogg-79c28198cd5b762bc412de4609bf2f1d.oggvorbisstr remapped: res://.godot/imported/roshan_win.ogg-79c28198cd5b762bc412de4609bf2f1d.oggvorbisstr
Completed load for: 'res://assets/audio/voices/filler_v1/roshan_win.ogg' remapped 'res://assets/audio/voices/filler_v1/roshan_win.ogg' at thread -1
Loading resource: res://assets/audio/voices/filler_v1/roshan_talk.ogg remapped: res://assets/audio/voices/filler_v1/roshan_talk.ogg
Loading resource: res://.godot/imported/roshan_talk.ogg-e1f4421496ec72637dc0f4ccd398592a.oggvorbisstr remapped: res://.godot/imported/roshan_talk.ogg-e1f4421496ec72637dc0f4ccd398592a.oggvorbisstr
Completed load for: 'res://assets/audio/voices/filler_v1/roshan_talk.ogg' remapped 'res://assets/audio/voices/filler_v1/roshan_talk.ogg' at thread -1
Loading resource: res://assets/audio/music/ember.ogg remapped: res://assets/audio/music/ember.ogg
Loading resource: res://.godot/imported/ember.ogg-4534fc618a8c6f5914424ecc9ba3afcc.oggvorbisstr remapped: res://.godot/imported/ember.ogg-4534fc618a8c6f5914424ecc9ba3afcc.oggvorbisstr
Completed load for: 'res://assets/audio/music/ember.ogg' remapped 'res://assets/audio/music/ember.ogg' at thread -1
WARNING: Ember planet kit missing; using the procedural safety fallback
   at: push_warning (core/variant/variant_utility.cpp:1033)
   GDScript backtrace (most recent call first):
       [0] _build_planet (res://scripts/ember_fortress.gd:310)
       [1] start (res://scripts/ember_fortress.gd:193)
       [2] _start_ember (res://scripts/main.gd:2583)
Loading resource: res://assets/terrain/up_cliff_col.jpg remapped: res://assets/terrain/up_cliff_col.jpg
Loading resource: res://.godot/imported/up_cliff_col.jpg-9cb5863af13b3f4bb3e41cc85a7d97e7.ctex remapped: res://.godot/imported/up_cliff_col.jpg-9cb5863af13b3f4bb3e41cc85a7d97e7.ctex
Completed load for: 'res://assets/terrain/up_cliff_col.jpg' remapped 'res://assets/terrain/up_cliff_col.jpg' at thread -1
Loading resource: res://assets/terrain/up_cobble_col.jpg remapped: res://assets/terrain/up_cobble_col.jpg
Loading resource: res://.godot/imported/up_cobble_col.jpg-3b1834826c8101cdeb02846efa14afdb.s3tc.ctex remapped: res://.godot/imported/up_cobble_col.jpg-3b1834826c8101cdeb02846efa14afdb.s3tc.ctex
Completed load for: 'res://assets/terrain/up_cobble_col.jpg' remapped 'res://assets/terrain/up_cobble_col.jpg' at thread -1
Loading resource: res://assets/art35/cards/mg/k_pine_k_pine.png remapped: res://assets/art35/cards/mg/k_pine_k_pine.png
Loading resource: res://.godot/imported/k_pine_k_pine.png-840092360962dd97a14eb83a0155fab8.s3tc.ctex remapped: res://.godot/imported/k_pine_k_pine.png-840092360962dd97a14eb83a0155fab8.s3tc.ctex
Completed load for: 'res://assets/art35/cards/mg/k_pine_k_pine.png' remapped 'res://assets/art35/cards/mg/k_pine_k_pine.png' at thread -1
Loading resource: res://assets/props/story/leaf_spear.png remapped: res://assets/props/story/leaf_spear.png
Loading resource: res://.godot/imported/leaf_spear.png-a09efa7ae8ed963e4a2756fd2655b7b3.ctex remapped: res://.godot/imported/leaf_spear.png-a09efa7ae8ed963e4a2756fd2655b7b3.ctex
Completed load for: 'res://assets/props/story/leaf_spear.png' remapped 'res://assets/props/story/leaf_spear.png' at thread -1
Loading resource: res://assets/props/gen2/rock2_Image_0_flat.png remapped: res://assets/props/gen2/rock2_Image_0_flat.png
Loading resource: res://.godot/imported/rock2_Image_0_flat.png-37c83a371b23bd1686c04132a76197e7.s3tc.ctex remapped: res://.godot/imported/rock2_Image_0_flat.png-37c83a371b23bd1686c04132a76197e7.s3tc.ctex
Completed load for: 'res://assets/props/gen2/rock2_Image_0_flat.png' remapped 'res://assets/props/gen2/rock2_Image_0_flat.png' at thread -1
Loading resource: res://assets/props/gen2/fanshell_Image_0_flat.png remapped: res://assets/props/gen2/fanshell_Image_0_flat.png
Loading resource: res://.godot/imported/fanshell_Image_0_flat.png-ba00e02deca84854c5bb4c6bc187b029.s3tc.ctex remapped: res://.godot/imported/fanshell_Image_0_flat.png-ba00e02deca84854c5bb4c6bc187b029.s3tc.ctex
Completed load for: 'res://assets/props/gen2/fanshell_Image_0_flat.png' remapped 'res://assets/props/gen2/fanshell_Image_0_flat.png' at thread -1
Loading resource: res://assets/art35/cards/mg/sun_sun.png remapped: res://assets/art35/cards/mg/sun_sun.png
Loading resource: res://.godot/imported/sun_sun.png-c1b0e6359ce3786337f1eeb16701bad2.s3tc.ctex remapped: res://.godot/imported/sun_sun.png-c1b0e6359ce3786337f1eeb16701bad2.s3tc.ctex
Completed load for: 'res://assets/art35/cards/mg/sun_sun.png' remapped 'res://assets/art35/cards/mg/sun_sun.png' at thread -1
Loading resource: res://assets/props/gen2/turtle_Image_0.jpg remapped: res://assets/props/gen2/turtle_Image_0.jpg
Loading resource: res://.godot/imported/turtle_Image_0.jpg-b2b2f8df61ab2c691e4f3457d0e984c1.s3tc.ctex remapped: res://.godot/imported/turtle_Image_0.jpg-b2b2f8df61ab2c691e4f3457d0e984c1.s3tc.ctex
Completed load for: 'res://assets/props/gen2/turtle_Image_0.jpg' remapped 'res://assets/props/gen2/turtle_Image_0.jpg' at thread -1
Loading resource: res://assets/props/gen2/sponge_tubes_Image_0_flat.png remapped: res://assets/props/gen2/sponge_tubes_Image_0_flat.png
Loading resource: res://.godot/imported/sponge_tubes_Image_0_flat.png-64b1f0e8bca07d473e8e380ebd4098f9.s3tc.ctex remapped: res://.godot/imported/sponge_tubes_Image_0_flat.png-64b1f0e8bca07d473e8e380ebd4098f9.s3tc.ctex
Completed load for: 'res://assets/props/gen2/sponge_tubes_Image_0_flat.png' remapped 'res://assets/props/gen2/sponge_tubes_Image_0_flat.png' at thread -1
Loading resource: res://assets/props/story/flower_coral.png remapped: res://assets/props/story/flower_coral.png
Loading resource: res://.godot/imported/flower_coral.png-6863bb7e5564318279c171169fa3a7f1.ctex remapped: res://.godot/imported/flower_coral.png-6863bb7e5564318279c171169fa3a7f1.ctex
Completed load for: 'res://assets/props/story/flower_coral.png' remapped 'res://assets/props/story/flower_coral.png' at thread -1
Loading resource: res://assets/art35/cards/mg/star_star.png remapped: res://assets/art35/cards/mg/star_star.png
Loading resource: res://.godot/imported/star_star.png-2c065703fc95d3e880ac5fed9c17ac92.s3tc.ctex remapped: res://.godot/imported/star_star.png-2c065703fc95d3e880ac5fed9c17ac92.s3tc.ctex
Completed load for: 'res://assets/art35/cards/mg/star_star.png' remapped 'res://assets/art35/cards/mg/star_star.png' at thread -1
Loading resource: res://assets/props/story/flower_coral.png remapped: res://assets/props/story/flower_coral.png
Loading resource: res://.godot/imported/flower_coral.png-6863bb7e5564318279c171169fa3a7f1.ctex remapped: res://.godot/imported/flower_coral.png-6863bb7e5564318279c171169fa3a7f1.ctex
Completed load for: 'res://assets/props/story/flower_coral.png' remapped 'res://assets/props/story/flower_coral.png' at thread -1
Loading resource: res://assets/props/story/flower_coral.png remapped: res://assets/props/story/flower_coral.png
Loading resource: res://.godot/imported/flower_coral.png-6863bb7e5564318279c171169fa3a7f1.ctex remapped: res://.godot/imported/flower_coral.png-6863bb7e5564318279c171169fa3a7f1.ctex
Completed load for: 'res://assets/props/story/flower_coral.png' remapped 'res://assets/props/story/flower_coral.png' at thread -1
Loading resource: res://assets/props/story/flower_coral.png remapped: res://assets/props/story/flower_coral.png
Loading resource: res://.godot/imported/flower_coral.png-6863bb7e5564318279c171169fa3a7f1.ctex remapped: res://.godot/imported/flower_coral.png-6863bb7e5564318279c171169fa3a7f1.ctex
Completed load for: 'res://assets/props/story/flower_coral.png' remapped 'res://assets/props/story/flower_coral.png' at thread -1
Loading resource: res://assets/props/story/flower_coral.png remapped: res://assets/props/story/flower_coral.png
Loading resource: res://.godot/imported/flower_coral.png-6863bb7e5564318279c171169fa3a7f1.ctex remapped: res://.godot/imported/flower_coral.png-6863bb7e5564318279c171169fa3a7f1.ctex
Completed load for: 'res://assets/props/story/flower_coral.png' remapped 'res://assets/props/story/flower_coral.png' at thread -1
Loading resource: res://assets/props/gen2/rock_largea_Image_0_flat.png remapped: res://assets/props/gen2/rock_largea_Image_0_flat.png
Loading resource: res://.godot/imported/rock_largea_Image_0_flat.png-08652c8d4b8c51b25bdbcb393accec04.s3tc.ctex remapped: res://.godot/imported/rock_largea_Image_0_flat.png-08652c8d4b8c51b25bdbcb393accec04.s3tc.ctex
Completed load for: 'res://assets/props/gen2/rock_largea_Image_0_flat.png' remapped 'res://assets/props/gen2/rock_largea_Image_0_flat.png' at thread -1
Loading resource: res://assets/art35/cards/style3/crystal_facet_crystal_facet.png remapped: res://assets/art35/cards/style3/crystal_facet_crystal_facet.png
Loading resource: res://.godot/imported/crystal_facet_crystal_facet.png-f5230cd70d779cf3c2e1db41ca81525a.s3tc.ctex remapped: res://.godot/imported/crystal_facet_crystal_facet.png-f5230cd70d779cf3c2e1db41ca81525a.s3tc.ctex
Completed load for: 'res://assets/art35/cards/style3/crystal_facet_crystal_facet.png' remapped 'res://assets/art35/cards/style3/crystal_facet_crystal_facet.png' at thread -1
Loading resource: res://assets/props/gen2/sanddollar_Image_0_flat.png remapped: res://assets/props/gen2/sanddollar_Image_0_flat.png
Loading resource: res://.godot/imported/sanddollar_Image_0_flat.png-cb297b24d49a017fda33ef414b131e46.s3tc.ctex remapped: res://.godot/imported/sanddollar_Image_0_flat.png-cb297b24d49a017fda33ef414b131e46.s3tc.ctex
Completed load for: 'res://assets/props/gen2/sanddollar_Image_0_flat.png' remapped 'res://assets/props/gen2/sanddollar_Image_0_flat.png' at thread -1
Loading resource: res://assets/art35/cards/mg/rainbow_swatch_rainbow_swatch.png remapped: res://assets/art35/cards/mg/rainbow_swatch_rainbow_swatch.png
Loading resource: res://.godot/imported/rainbow_swatch_rainbow_swatch.png-b30847191c9d1d28eeb22253e3ac87c8.s3tc.ctex remapped: res://.godot/imported/rainbow_swatch_rainbow_swatch.png-b30847191c9d1d28eeb22253e3ac87c8.s3tc.ctex
Completed load for: 'res://assets/art35/cards/mg/rainbow_swatch_rainbow_swatch.png' remapped 'res://assets/art35/cards/mg/rainbow_swatch_rainbow_swatch.png' at thread -1
EMBER|finished ember-bound float race lands in the fortress: OK
EMBER|junction destination resets after landing: OK
EMBER|first landing marks the fortress discovered: OK
EMBER|fortress wears its own dark scene grade: OK
EMBER|ambient stays capped for the dark look: OK
EMBER|five ember lanterns await: OK
EMBER|the Great Gate starts shut: OK
EMBER|planet uses the dedicated Ember shell: OK
EMBER|lanterns retain their visible card and light fallback: OK
EMBER|ash moon uses the visible card fallback: OK
EMBER|geyser route keeps three animated card vents: OK
EMBER|overworld uses dedicated Ember fallback art: OK
Loading resource: res://assets/sprites/dust_bunnies/dust_bunny_idle.png remapped: res://assets/sprites/dust_bunnies/dust_bunny_idle.png
Loading resource: res://.godot/imported/dust_bunny_idle.png-2882eed6037a7432104494fa1c84a5f2.ctex remapped: res://.godot/imported/dust_bunny_idle.png-2882eed6037a7432104494fa1c84a5f2.ctex
Completed load for: 'res://assets/sprites/dust_bunnies/dust_bunny_idle.png' remapped 'res://assets/sprites/dust_bunnies/dust_bunny_idle.png' at thread -1
Loading resource: res://assets/props/gen2/spiralshell_Image_0_flat.png remapped: res://assets/props/gen2/spiralshell_Image_0_flat.png
Loading resource: res://.godot/imported/spiralshell_Image_0_flat.png-ab836eade8c2d513cc758fcb5b199dd0.s3tc.ctex remapped: res://.godot/imported/spiralshell_Image_0_flat.png-ab836eade8c2d513cc758fcb5b199dd0.s3tc.ctex
Completed load for: 'res://assets/props/gen2/spiralshell_Image_0_flat.png' remapped 'res://assets/props/gen2/spiralshell_Image_0_flat.png' at thread -1
Loading resource: res://assets/props/gen2/sponge_barrel_Image_0_flat.png remapped: res://assets/props/gen2/sponge_barrel_Image_0_flat.png
Loading resource: res://.godot/imported/sponge_barrel_Image_0_flat.png-81fc2b53bbe87a12aa25705bcb1bb641.s3tc.ctex remapped: res://.godot/imported/sponge_barrel_Image_0_flat.png-81fc2b53bbe87a12aa25705bcb1bb641.s3tc.ctex
Completed load for: 'res://assets/props/gen2/sponge_barrel_Image_0_flat.png' remapped 'res://assets/props/gen2/sponge_barrel_Image_0_flat.png' at thread -1
Loading resource: res://assets/props/story/flower_coral.png remapped: res://assets/props/story/flower_coral.png
Loading resource: res://.godot/imported/flower_coral.png-6863bb7e5564318279c171169fa3a7f1.ctex remapped: res://.godot/imported/flower_coral.png-6863bb7e5564318279c171169fa3a7f1.ctex
Completed load for: 'res://assets/props/story/flower_coral.png' remapped 'res://assets/props/story/flower_coral.png' at thread -1
Loading resource: res://assets/props/gen2/rock3_Image_0_flat.png remapped: res://assets/props/gen2/rock3_Image_0_flat.png
Loading resource: res://.godot/imported/rock3_Image_0_flat.png-1d09c207916d6877ea86620823d7e4ef.s3tc.ctex remapped: res://.godot/imported/rock3_Image_0_flat.png-1d09c207916d6877ea86620823d7e4ef.s3tc.ctex
Completed load for: 'res://assets/props/gen2/rock3_Image_0_flat.png' remapped 'res://assets/props/gen2/rock3_Image_0_flat.png' at thread -1
Loading resource: res://assets/art35/cards/mg/snowman_snowman.png remapped: res://assets/art35/cards/mg/snowman_snowman.png
Loading resource: res://.godot/imported/snowman_snowman.png-1cef753f4581ce79ec9cfa3a3e4d44c5.s3tc.ctex remapped: res://.godot/imported/snowman_snowman.png-1cef753f4581ce79ec9cfa3a3e4d44c5.s3tc.ctex
Completed load for: 'res://assets/art35/cards/mg/snowman_snowman.png' remapped 'res://assets/art35/cards/mg/snowman_snowman.png' at thread -1
Loading resource: res://assets/props/gen2/smallfanshell_Image_0_flat.png remapped: res://assets/props/gen2/smallfanshell_Image_0_flat.png
Loading resource: res://.godot/imported/smallfanshell_Image_0_flat.png-62abb8804c373dd276aa38c633ca3f52.s3tc.ctex remapped: res://.godot/imported/smallfanshell_Image_0_flat.png-62abb8804c373dd276aa38c633ca3f52.s3tc.ctex
Completed load for: 'res://assets/props/gen2/smallfanshell_Image_0_flat.png' remapped 'res://assets/props/gen2/smallfanshell_Image_0_flat.png' at thread -1
Loading resource: res://assets/props/gen2/starfish_decal.png remapped: res://assets/props/gen2/starfish_decal.png
Loading resource: res://.godot/imported/starfish_decal.png-5db15fc6116eda353ed8bd7562c43e2c.s3tc.ctex remapped: res://.godot/imported/starfish_decal.png-5db15fc6116eda353ed8bd7562c43e2c.s3tc.ctex
Completed load for: 'res://assets/props/gen2/starfish_decal.png' remapped 'res://assets/props/gen2/starfish_decal.png' at thread -1
Loading resource: res://assets/art35/cards/mg/sprout_sprout.png remapped: res://assets/art35/cards/mg/sprout_sprout.png
Loading resource: res://.godot/imported/sprout_sprout.png-97993a28abaaccd9eeafe17e68982c41.s3tc.ctex remapped: res://.godot/imported/sprout_sprout.png-97993a28abaaccd9eeafe17e68982c41.s3tc.ctex
Completed load for: 'res://assets/art35/cards/mg/sprout_sprout.png' remapped 'res://assets/art35/cards/mg/sprout_sprout.png' at thread -1
Loading resource: res://assets/props/story/leaf_fern.png remapped: res://assets/props/story/leaf_fern.png
Loading resource: res://.godot/imported/leaf_fern.png-a8dea4f5b46c2a585fb0444ae6c9d98f.ctex remapped: res://.godot/imported/leaf_fern.png-a8dea4f5b46c2a585fb0444ae6c9d98f.ctex
Completed load for: 'res://assets/props/story/leaf_fern.png' remapped 'res://assets/props/story/leaf_fern.png' at thread -1
Loading resource: res://assets/props/story/leaf_broad.png remapped: res://assets/props/story/leaf_broad.png
Loading resource: res://.godot/imported/leaf_broad.png-d86ecf7113faae42f9ba3e84818383b8.ctex remapped: res://.godot/imported/leaf_broad.png-d86ecf7113faae42f9ba3e84818383b8.ctex
Completed load for: 'res://assets/props/story/leaf_broad.png' remapped 'res://assets/props/story/leaf_broad.png' at thread -1
Loading resource: res://assets/props/story/fruit_apple.png remapped: res://assets/props/story/fruit_apple.png
Loading resource: res://.godot/imported/fruit_apple.png-46091d771c1aa8cdaaba23b91d87aec7.ctex remapped: res://.godot/imported/fruit_apple.png-46091d771c1aa8cdaaba23b91d87aec7.ctex
Completed load for: 'res://assets/props/story/fruit_apple.png' remapped 'res://assets/props/story/fruit_apple.png' at thread -1
Loading resource: res://assets/art35/cards/mg/carrot_carrot.png remapped: res://assets/art35/cards/mg/carrot_carrot.png
Loading resource: res://.godot/imported/carrot_carrot.png-e926ec661dd0857d364e52820b03065e.s3tc.ctex remapped: res://.godot/imported/carrot_carrot.png-e926ec661dd0857d364e52820b03065e.s3tc.ctex
Completed load for: 'res://assets/art35/cards/mg/carrot_carrot.png' remapped 'res://assets/art35/cards/mg/carrot_carrot.png' at thread -1
EMBER|every Ember dungeon art role resolves through fallback: OK
EMBER|Speedy disables the King and avatar detail lights: OK
EMBER|no lantern lights without Roshan: OK
Loading resource: res://assets/audio/voices/filler_v1/roshan_talk.ogg remapped: res://assets/audio/voices/filler_v1/roshan_talk.ogg
Loading resource: res://.godot/imported/roshan_talk.ogg-e1f4421496ec72637dc0f4ccd398592a.oggvorbisstr remapped: res://.godot/imported/roshan_talk.ogg-e1f4421496ec72637dc0f4ccd398592a.oggvorbisstr
Completed load for: 'res://assets/audio/voices/filler_v1/roshan_talk.ogg' remapped 'res://assets/audio/voices/filler_v1/roshan_talk.ogg' at thread -1
EMBER|all five lanterns burn: OK
EMBER|Speedy shows at most the nearest lantern light: OK
EMBER|lantern checkpoints persist as hidden sticker keys: OK
EMBER|five lanterns open the Great Gate: OK
EMBER|fortress dungeon defines six rooms: OK
EMBER|fortress mixes three battles with three puzzles: OK
Loading resource: res://assets/audio/music/dungeon_ember.ogg remapped: res://assets/audio/music/dungeon_ember.ogg
Loading resource: res://.godot/imported/dungeon_ember.ogg-31c308ea41fb0b73b2e3f45b8b58f7bd.oggvorbisstr remapped: res://.godot/imported/dungeon_ember.ogg-31c308ea41fb0b73b2e3f45b8b58f7bd.oggvorbisstr
Completed load for: 'res://assets/audio/music/dungeon_ember.ogg' remapped 'res://assets/audio/music/dungeon_ember.ogg' at thread -1
EMBER|open gate admits the dungeon: OK
EMBER|fortress level pauses underneath: OK
Loading resource: res://assets/sprites/dust_bunnies/dust_bunny_idle.png remapped: res://assets/sprites/dust_bunnies/dust_bunny_idle.png
Loading resource: res://.godot/imported/dust_bunny_idle.png-2882eed6037a7432104494fa1c84a5f2.ctex remapped: res://.godot/imported/dust_bunny_idle.png-2882eed6037a7432104494fa1c84a5f2.ctex
Completed load for: 'res://assets/sprites/dust_bunnies/dust_bunny_idle.png' remapped 'res://assets/sprites/dust_bunnies/dust_bunny_idle.png' at thread -1
Loading resource: res://assets/audio/voices/filler_v1/roshan_combat_ice_start.ogg remapped: res://assets/audio/voices/filler_v1/roshan_combat_ice_start.ogg
Loading resource: res://.godot/imported/roshan_combat_ice_start.ogg-48c045e1930e3b2184dc6fb8c2784acd.oggvorbisstr remapped: res://.godot/imported/roshan_combat_ice_start.ogg-48c045e1930e3b2184dc6fb8c2784acd.oggvorbisstr
Completed load for: 'res://assets/audio/voices/filler_v1/roshan_combat_ice_start.ogg' remapped 'res://assets/audio/voices/filler_v1/roshan_combat_ice_start.ogg' at thread -1
Loading resource: res://assets/audio/voices/filler_v1/roshan_dungeon_room_enter.ogg remapped: res://assets/audio/voices/filler_v1/roshan_dungeon_room_enter.ogg
Loading resource: res://.godot/imported/roshan_dungeon_room_enter.ogg-6e85f18acb4b400d47dfe748f5630f60.oggvorbisstr remapped: res://.godot/imported/roshan_dungeon_room_enter.ogg-6e85f18acb4b400d47dfe748f5630f60.oggvorbisstr
Completed load for: 'res://assets/audio/voices/filler_v1/roshan_dungeon_room_enter.ogg' remapped 'res://assets/audio/voices/filler_v1/roshan_dungeon_room_enter.ogg' at thread -1
EMBER|sequencer runs the fortress room table: OK
EMBER|fortress rooms receive the Ember-only art theme: OK
Loading resource: res://assets/props/story/flower_coral.png remapped: res://assets/props/story/flower_coral.png
Loading resource: res://.godot/imported/flower_coral.png-6863bb7e5564318279c171169fa3a7f1.ctex remapped: res://.godot/imported/flower_coral.png-6863bb7e5564318279c171169fa3a7f1.ctex
Completed load for: 'res://assets/props/story/flower_coral.png' remapped 'res://assets/props/story/flower_coral.png' at thread -1
Loading resource: res://assets/audio/voices/filler_v1/roshan_combat_shield_bounce.ogg remapped: res://assets/audio/voices/filler_v1/roshan_combat_shield_bounce.ogg
Loading resource: res://.godot/imported/roshan_combat_shield_bounce.ogg-de35811a73f1f9ece1471e2ba609e6fb.oggvorbisstr remapped: res://.godot/imported/roshan_combat_shield_bounce.ogg-de35811a73f1f9ece1471e2ba609e6fb.oggvorbisstr
Completed load for: 'res://assets/audio/voices/filler_v1/roshan_combat_shield_bounce.ogg' remapped 'res://assets/audio/voices/filler_v1/roshan_combat_shield_bounce.ogg' at thread -1
EMBER|fortress combat cannot win passively: OK
Loading resource: res://assets/audio/voices/filler_v1/roshan_combat_ice_done.ogg remapped: res://assets/audio/voices/filler_v1/roshan_combat_ice_done.ogg
Loading resource: res://.godot/imported/roshan_combat_ice_done.ogg-3554a48527929b5aadbb0e2c71daf522.oggvorbisstr remapped: res://.godot/imported/roshan_combat_ice_done.ogg-3554a48527929b5aadbb0e2c71daf522.oggvorbisstr
Completed load for: 'res://assets/audio/voices/filler_v1/roshan_combat_ice_done.ogg' remapped 'res://assets/audio/voices/filler_v1/roshan_combat_ice_done.ogg' at thread -1
Loading resource: res://assets/props/gen2/rock3_Image_0_flat.png remapped: res://assets/props/gen2/rock3_Image_0_flat.png
Loading resource: res://.godot/imported/rock3_Image_0_flat.png-1d09c207916d6877ea86620823d7e4ef.s3tc.ctex remapped: res://.godot/imported/rock3_Image_0_flat.png-1d09c207916d6877ea86620823d7e4ef.s3tc.ctex
Completed load for: 'res://assets/props/gen2/rock3_Image_0_flat.png' remapped 'res://assets/props/gen2/rock3_Image_0_flat.png' at thread -1
Loading resource: res://assets/art35/cards/mg/snowman_snowman.png remapped: res://assets/art35/cards/mg/snowman_snowman.png
Loading resource: res://.godot/imported/snowman_snowman.png-1cef753f4581ce79ec9cfa3a3e4d44c5.s3tc.ctex remapped: res://.godot/imported/snowman_snowman.png-1cef753f4581ce79ec9cfa3a3e4d44c5.s3tc.ctex
Completed load for: 'res://assets/art35/cards/mg/snowman_snowman.png' remapped 'res://assets/art35/cards/mg/snowman_snowman.png' at thread -1
Loading resource: res://assets/props/gen2/smallfanshell_Image_0_flat.png remapped: res://assets/props/gen2/smallfanshell_Image_0_flat.png
Loading resource: res://.godot/imported/smallfanshell_Image_0_flat.png-62abb8804c373dd276aa38c633ca3f52.s3tc.ctex remapped: res://.godot/imported/smallfanshell_Image_0_flat.png-62abb8804c373dd276aa38c633ca3f52.s3tc.ctex
Completed load for: 'res://assets/props/gen2/smallfanshell_Image_0_flat.png' remapped 'res://assets/props/gen2/smallfanshell_Image_0_flat.png' at thread -1
Loading resource: res://assets/props/gen2/starfish_decal.png remapped: res://assets/props/gen2/starfish_decal.png
Loading resource: res://.godot/imported/starfish_decal.png-5db15fc6116eda353ed8bd7562c43e2c.s3tc.ctex remapped: res://.godot/imported/starfish_decal.png-5db15fc6116eda353ed8bd7562c43e2c.s3tc.ctex
Completed load for: 'res://assets/props/gen2/starfish_decal.png' remapped 'res://assets/props/gen2/starfish_decal.png' at thread -1
Loading resource: res://assets/art35/cards/mg/sprout_sprout.png remapped: res://assets/art35/cards/mg/sprout_sprout.png
Loading resource: res://.godot/imported/sprout_sprout.png-97993a28abaaccd9eeafe17e68982c41.s3tc.ctex remapped: res://.godot/imported/sprout_sprout.png-97993a28abaaccd9eeafe17e68982c41.s3tc.ctex
Completed load for: 'res://assets/art35/cards/mg/sprout_sprout.png' remapped 'res://assets/art35/cards/mg/sprout_sprout.png' at thread -1
Loading resource: res://assets/props/story/leaf_fern.png remapped: res://assets/props/story/leaf_fern.png
Loading resource: res://.godot/imported/leaf_fern.png-a8dea4f5b46c2a585fb0444ae6c9d98f.ctex remapped: res://.godot/imported/leaf_fern.png-a8dea4f5b46c2a585fb0444ae6c9d98f.ctex
Completed load for: 'res://assets/props/story/leaf_fern.png' remapped 'res://assets/props/story/leaf_fern.png' at thread -1
Loading resource: res://assets/props/story/leaf_broad.png remapped: res://assets/props/story/leaf_broad.png
Loading resource: res://.godot/imported/leaf_broad.png-d86ecf7113faae42f9ba3e84818383b8.ctex remapped: res://.godot/imported/leaf_broad.png-d86ecf7113faae42f9ba3e84818383b8.ctex
Completed load for: 'res://assets/props/story/leaf_broad.png' remapped 'res://assets/props/story/leaf_broad.png' at thread -1
Loading resource: res://assets/props/story/fruit_apple.png remapped: res://assets/props/story/fruit_apple.png
Loading resource: res://.godot/imported/fruit_apple.png-46091d771c1aa8cdaaba23b91d87aec7.ctex remapped: res://.godot/imported/fruit_apple.png-46091d771c1aa8cdaaba23b91d87aec7.ctex
Completed load for: 'res://assets/props/story/fruit_apple.png' remapped 'res://assets/props/story/fruit_apple.png' at thread -1
Loading resource: res://assets/art35/cards/mg/snowman_snowman.png remapped: res://assets/art35/cards/mg/snowman_snowman.png
Loading resource: res://.godot/imported/snowman_snowman.png-1cef753f4581ce79ec9cfa3a3e4d44c5.s3tc.ctex remapped: res://.godot/imported/snowman_snowman.png-1cef753f4581ce79ec9cfa3a3e4d44c5.s3tc.ctex
Completed load for: 'res://assets/art35/cards/mg/snowman_snowman.png' remapped 'res://assets/art35/cards/mg/snowman_snowman.png' at thread -1
Loading resource: res://assets/props/gen2/smallfanshell_Image_0_flat.png remapped: res://assets/props/gen2/smallfanshell_Image_0_flat.png
Loading resource: res://.godot/imported/smallfanshell_Image_0_flat.png-62abb8804c373dd276aa38c633ca3f52.s3tc.ctex remapped: res://.godot/imported/smallfanshell_Image_0_flat.png-62abb8804c373dd276aa38c633ca3f52.s3tc.ctex
Completed load for: 'res://assets/props/gen2/smallfanshell_Image_0_flat.png' remapped 'res://assets/props/gen2/smallfanshell_Image_0_flat.png' at thread -1
Loading resource: res://assets/props/gen2/starfish_decal.png remapped: res://assets/props/gen2/starfish_decal.png
Loading resource: res://.godot/imported/starfish_decal.png-5db15fc6116eda353ed8bd7562c43e2c.s3tc.ctex remapped: res://.godot/imported/starfish_decal.png-5db15fc6116eda353ed8bd7562c43e2c.s3tc.ctex
Completed load for: 'res://assets/props/gen2/starfish_decal.png' remapped 'res://assets/props/gen2/starfish_decal.png' at thread -1
Loading resource: res://assets/art35/cards/mg/sprout_sprout.png remapped: res://assets/art35/cards/mg/sprout_sprout.png
Loading resource: res://.godot/imported/sprout_sprout.png-97993a28abaaccd9eeafe17e68982c41.s3tc.ctex remapped: res://.godot/imported/sprout_sprout.png-97993a28abaaccd9eeafe17e68982c41.s3tc.ctex
Completed load for: 'res://assets/art35/cards/mg/sprout_sprout.png' remapped 'res://assets/art35/cards/mg/sprout_sprout.png' at thread -1
Loading resource: res://assets/props/story/leaf_broad.png remapped: res://assets/props/story/leaf_broad.png
Loading resource: res://.godot/imported/leaf_broad.png-d86ecf7113faae42f9ba3e84818383b8.ctex remapped: res://.godot/imported/leaf_broad.png-d86ecf7113faae42f9ba3e84818383b8.ctex
Completed load for: 'res://assets/props/story/leaf_broad.png' remapped 'res://assets/props/story/leaf_broad.png' at thread -1
Loading resource: res://assets/props/story/fruit_apple.png remapped: res://assets/props/story/fruit_apple.png
Loading resource: res://.godot/imported/fruit_apple.png-46091d771c1aa8cdaaba23b91d87aec7.ctex remapped: res://.godot/imported/fruit_apple.png-46091d771c1aa8cdaaba23b91d87aec7.ctex
Completed load for: 'res://assets/props/story/fruit_apple.png' remapped 'res://assets/props/story/fruit_apple.png' at thread -1
Loading resource: res://assets/audio/voices/filler_v1/roshan_dungeon_door_open.ogg remapped: res://assets/audio/voices/filler_v1/roshan_dungeon_door_open.ogg
Loading resource: res://.godot/imported/roshan_dungeon_door_open.ogg-2fa0f4842074fe07d89428588f231a04.oggvorbisstr remapped: res://.godot/imported/roshan_dungeon_door_open.ogg-2fa0f4842074fe07d89428588f231a04.oggvorbisstr
Completed load for: 'res://assets/audio/voices/filler_v1/roshan_dungeon_door_open.ogg' remapped 'res://assets/audio/voices/filler_v1/roshan_dungeon_door_open.ogg' at thread -1
EMBER|puzzle solution physically opens door: OK
Loading resource: res://assets/art35/cards/mg/snowman_snowman.png remapped: res://assets/art35/cards/mg/snowman_snowman.png
Loading resource: res://.godot/imported/snowman_snowman.png-1cef753f4581ce79ec9cfa3a3e4d44c5.s3tc.ctex remapped: res://.godot/imported/snowman_snowman.png-1cef753f4581ce79ec9cfa3a3e4d44c5.s3tc.ctex
Completed load for: 'res://assets/art35/cards/mg/snowman_snowman.png' remapped 'res://assets/art35/cards/mg/snowman_snowman.png' at thread -1
Loading resource: res://assets/props/gen2/smallfanshell_Image_0_flat.png remapped: res://assets/props/gen2/smallfanshell_Image_0_flat.png
Loading resource: res://.godot/imported/smallfanshell_Image_0_flat.png-62abb8804c373dd276aa38c633ca3f52.s3tc.ctex remapped: res://.godot/imported/smallfanshell_Image_0_flat.png-62abb8804c373dd276aa38c633ca3f52.s3tc.ctex
Completed load for: 'res://assets/props/gen2/smallfanshell_Image_0_flat.png' remapped 'res://assets/props/gen2/smallfanshell_Image_0_flat.png' at thread -1
Loading resource: res://assets/props/gen2/starfish_decal.png remapped: res://assets/props/gen2/starfish_decal.png
Loading resource: res://.godot/imported/starfish_decal.png-5db15fc6116eda353ed8bd7562c43e2c.s3tc.ctex remapped: res://.godot/imported/starfish_decal.png-5db15fc6116eda353ed8bd7562c43e2c.s3tc.ctex
Completed load for: 'res://assets/props/gen2/starfish_decal.png' remapped 'res://assets/props/gen2/starfish_decal.png' at thread -1
Loading resource: res://assets/art35/cards/mg/sprout_sprout.png remapped: res://assets/art35/cards/mg/sprout_sprout.png
Loading resource: res://.godot/imported/sprout_sprout.png-97993a28abaaccd9eeafe17e68982c41.s3tc.ctex remapped: res://.godot/imported/sprout_sprout.png-97993a28abaaccd9eeafe17e68982c41.s3tc.ctex
Completed load for: 'res://assets/art35/cards/mg/sprout_sprout.png' remapped 'res://assets/art35/cards/mg/sprout_sprout.png' at thread -1
Loading resource: res://assets/props/story/fruit_apple.png remapped: res://assets/props/story/fruit_apple.png
Loading resource: res://.godot/imported/fruit_apple.png-46091d771c1aa8cdaaba23b91d87aec7.ctex remapped: res://.godot/imported/fruit_apple.png-46091d771c1aa8cdaaba23b91d87aec7.ctex
Completed load for: 'res://assets/props/story/fruit_apple.png' remapped 'res://assets/props/story/fruit_apple.png' at thread -1
Loading resource: res://assets/art35/cards/mg/snowman_snowman.png remapped: res://assets/art35/cards/mg/snowman_snowman.png
Loading resource: res://.godot/imported/snowman_snowman.png-1cef753f4581ce79ec9cfa3a3e4d44c5.s3tc.ctex remapped: res://.godot/imported/snowman_snowman.png-1cef753f4581ce79ec9cfa3a3e4d44c5.s3tc.ctex
Completed load for: 'res://assets/art35/cards/mg/snowman_snowman.png' remapped 'res://assets/art35/cards/mg/snowman_snowman.png' at thread -1
Loading resource: res://assets/props/gen2/smallfanshell_Image_0_flat.png remapped: res://assets/props/gen2/smallfanshell_Image_0_flat.png
Loading resource: res://.godot/imported/smallfanshell_Image_0_flat.png-62abb8804c373dd276aa38c633ca3f52.s3tc.ctex remapped: res://.godot/imported/smallfanshell_Image_0_flat.png-62abb8804c373dd276aa38c633ca3f52.s3tc.ctex
Completed load for: 'res://assets/props/gen2/smallfanshell_Image_0_flat.png' remapped 'res://assets/props/gen2/smallfanshell_Image_0_flat.png' at thread -1
Loading resource: res://assets/props/gen2/starfish_decal.png remapped: res://assets/props/gen2/starfish_decal.png
Loading resource: res://.godot/imported/starfish_decal.png-5db15fc6116eda353ed8bd7562c43e2c.s3tc.ctex remapped: res://.godot/imported/starfish_decal.png-5db15fc6116eda353ed8bd7562c43e2c.s3tc.ctex
Completed load for: 'res://assets/props/gen2/starfish_decal.png' remapped 'res://assets/props/gen2/starfish_decal.png' at thread -1
Loading resource: res://assets/art35/cards/mg/sprout_sprout.png remapped: res://assets/art35/cards/mg/sprout_sprout.png
Loading resource: res://.godot/imported/sprout_sprout.png-97993a28abaaccd9eeafe17e68982c41.s3tc.ctex remapped: res://.godot/imported/sprout_sprout.png-97993a28abaaccd9eeafe17e68982c41.s3tc.ctex
Completed load for: 'res://assets/art35/cards/mg/sprout_sprout.png' remapped 'res://assets/art35/cards/mg/sprout_sprout.png' at thread -1
Loading resource: res://assets/props/story/fruit_apple.png remapped: res://assets/props/story/fruit_apple.png
Loading resource: res://.godot/imported/fruit_apple.png-46091d771c1aa8cdaaba23b91d87aec7.ctex remapped: res://.godot/imported/fruit_apple.png-46091d771c1aa8cdaaba23b91d87aec7.ctex
Completed load for: 'res://assets/props/story/fruit_apple.png' remapped 'res://assets/props/story/fruit_apple.png' at thread -1
Loading resource: res://assets/art35/cards/mg/snowman_snowman.png remapped: res://assets/art35/cards/mg/snowman_snowman.png
Loading resource: res://.godot/imported/snowman_snowman.png-1cef753f4581ce79ec9cfa3a3e4d44c5.s3tc.ctex remapped: res://.godot/imported/snowman_snowman.png-1cef753f4581ce79ec9cfa3a3e4d44c5.s3tc.ctex
Completed load for: 'res://assets/art35/cards/mg/snowman_snowman.png' remapped 'res://assets/art35/cards/mg/snowman_snowman.png' at thread -1
Loading resource: res://assets/props/gen2/smallfanshell_Image_0_flat.png remapped: res://assets/props/gen2/smallfanshell_Image_0_flat.png
Loading resource: res://.godot/imported/smallfanshell_Image_0_flat.png-62abb8804c373dd276aa38c633ca3f52.s3tc.ctex remapped: res://.godot/imported/smallfanshell_Image_0_flat.png-62abb8804c373dd276aa38c633ca3f52.s3tc.ctex
Completed load for: 'res://assets/props/gen2/smallfanshell_Image_0_flat.png' remapped 'res://assets/props/gen2/smallfanshell_Image_0_flat.png' at thread -1
Loading resource: res://assets/props/gen2/starfish_decal.png remapped: res://assets/props/gen2/starfish_decal.png
Loading resource: res://.godot/imported/starfish_decal.png-5db15fc6116eda353ed8bd7562c43e2c.s3tc.ctex remapped: res://.godot/imported/starfish_decal.png-5db15fc6116eda353ed8bd7562c43e2c.s3tc.ctex
Completed load for: 'res://assets/props/gen2/starfish_decal.png' remapped 'res://assets/props/gen2/starfish_decal.png' at thread -1
Loading resource: res://assets/art35/cards/mg/sprout_sprout.png remapped: res://assets/art35/cards/mg/sprout_sprout.png
Loading resource: res://.godot/imported/sprout_sprout.png-97993a28abaaccd9eeafe17e68982c41.s3tc.ctex remapped: res://.godot/imported/sprout_sprout.png-97993a28abaaccd9eeafe17e68982c41.s3tc.ctex
Completed load for: 'res://assets/art35/cards/mg/sprout_sprout.png' remapped 'res://assets/art35/cards/mg/sprout_sprout.png' at thread -1
Loading resource: res://assets/props/story/fruit_apple.png remapped: res://assets/props/story/fruit_apple.png
Loading resource: res://.godot/imported/fruit_apple.png-46091d771c1aa8cdaaba23b91d87aec7.ctex remapped: res://.godot/imported/fruit_apple.png-46091d771c1aa8cdaaba23b91d87aec7.ctex
Completed load for: 'res://assets/props/story/fruit_apple.png' remapped 'res://assets/props/story/fruit_apple.png' at thread -1
Loading resource: res://assets/art35/cards/mg/snowman_snowman.png remapped: res://assets/art35/cards/mg/snowman_snowman.png
Loading resource: res://.godot/imported/snowman_snowman.png-1cef753f4581ce79ec9cfa3a3e4d44c5.s3tc.ctex remapped: res://.godot/imported/snowman_snowman.png-1cef753f4581ce79ec9cfa3a3e4d44c5.s3tc.ctex
Completed load for: 'res://assets/art35/cards/mg/snowman_snowman.png' remapped 'res://assets/art35/cards/mg/snowman_snowman.png' at thread -1
Loading resource: res://assets/props/gen2/smallfanshell_Image_0_flat.png remapped: res://assets/props/gen2/smallfanshell_Image_0_flat.png
Loading resource: res://.godot/imported/smallfanshell_Image_0_flat.png-62abb8804c373dd276aa38c633ca3f52.s3tc.ctex remapped: res://.godot/imported/smallfanshell_Image_0_flat.png-62abb8804c373dd276aa38c633ca3f52.s3tc.ctex
Completed load for: 'res://assets/props/gen2/smallfanshell_Image_0_flat.png' remapped 'res://assets/props/gen2/smallfanshell_Image_0_flat.png' at thread -1
Loading resource: res://assets/props/gen2/starfish_decal.png remapped: res://assets/props/gen2/starfish_decal.png
Loading resource: res://.godot/imported/starfish_decal.png-5db15fc6116eda353ed8bd7562c43e2c.s3tc.ctex remapped: res://.godot/imported/starfish_decal.png-5db15fc6116eda353ed8bd7562c43e2c.s3tc.ctex
Completed load for: 'res://assets/props/gen2/starfish_decal.png' remapped 'res://assets/props/gen2/starfish_decal.png' at thread -1
Loading resource: res://assets/art35/cards/mg/sprout_sprout.png remapped: res://assets/art35/cards/mg/sprout_sprout.png
Loading resource: res://.godot/imported/sprout_sprout.png-97993a28abaaccd9eeafe17e68982c41.s3tc.ctex remapped: res://.godot/imported/sprout_sprout.png-97993a28abaaccd9eeafe17e68982c41.s3tc.ctex
Completed load for: 'res://assets/art35/cards/mg/sprout_sprout.png' remapped 'res://assets/art35/cards/mg/sprout_sprout.png' at thread -1
Loading resource: res://assets/props/story/fruit_apple.png remapped: res://assets/props/story/fruit_apple.png
Loading resource: res://.godot/imported/fruit_apple.png-46091d771c1aa8cdaaba23b91d87aec7.ctex remapped: res://.godot/imported/fruit_apple.png-46091d771c1aa8cdaaba23b91d87aec7.ctex
Completed load for: 'res://assets/props/story/fruit_apple.png' remapped 'res://assets/props/story/fruit_apple.png' at thread -1
Loading resource: res://assets/art35/cards/mg/snowman_snowman.png remapped: res://assets/art35/cards/mg/snowman_snowman.png
Loading resource: res://.godot/imported/snowman_snowman.png-1cef753f4581ce79ec9cfa3a3e4d44c5.s3tc.ctex remapped: res://.godot/imported/snowman_snowman.png-1cef753f4581ce79ec9cfa3a3e4d44c5.s3tc.ctex
Completed load for: 'res://assets/art35/cards/mg/snowman_snowman.png' remapped 'res://assets/art35/cards/mg/snowman_snowman.png' at thread -1
Loading resource: res://assets/props/gen2/smallfanshell_Image_0_flat.png remapped: res://assets/props/gen2/smallfanshell_Image_0_flat.png
Loading resource: res://.godot/imported/smallfanshell_Image_0_flat.png-62abb8804c373dd276aa38c633ca3f52.s3tc.ctex remapped: res://.godot/imported/smallfanshell_Image_0_flat.png-62abb8804c373dd276aa38c633ca3f52.s3tc.ctex
Completed load for: 'res://assets/props/gen2/smallfanshell_Image_0_flat.png' remapped 'res://assets/props/gen2/smallfanshell_Image_0_flat.png' at thread -1
Loading resource: res://assets/props/gen2/starfish_decal.png remapped: res://assets/props/gen2/starfish_decal.png
Loading resource: res://.godot/imported/starfish_decal.png-5db15fc6116eda353ed8bd7562c43e2c.s3tc.ctex remapped: res://.godot/imported/starfish_decal.png-5db15fc6116eda353ed8bd7562c43e2c.s3tc.ctex
Completed load for: 'res://assets/props/gen2/starfish_decal.png' remapped 'res://assets/props/gen2/starfish_decal.png' at thread -1
Loading resource: res://assets/art35/cards/mg/sprout_sprout.png remapped: res://assets/art35/cards/mg/sprout_sprout.png
Loading resource: res://.godot/imported/sprout_sprout.png-97993a28abaaccd9eeafe17e68982c41.s3tc.ctex remapped: res://.godot/imported/sprout_sprout.png-97993a28abaaccd9eeafe17e68982c41.s3tc.ctex
Completed load for: 'res://assets/art35/cards/mg/sprout_sprout.png' remapped 'res://assets/art35/cards/mg/sprout_sprout.png' at thread -1
Loading resource: res://assets/props/story/fruit_apple.png remapped: res://assets/props/story/fruit_apple.png
Loading resource: res://.godot/imported/fruit_apple.png-46091d771c1aa8cdaaba23b91d87aec7.ctex remapped: res://.godot/imported/fruit_apple.png-46091d771c1aa8cdaaba23b91d87aec7.ctex
Completed load for: 'res://assets/props/story/fruit_apple.png' remapped 'res://assets/props/story/fruit_apple.png' at thread -1
Loading resource: res://assets/art35/cards/mg/snowman_snowman.png remapped: res://assets/art35/cards/mg/snowman_snowman.png
Loading resource: res://.godot/imported/snowman_snowman.png-1cef753f4581ce79ec9cfa3a3e4d44c5.s3tc.ctex remapped: res://.godot/imported/snowman_snowman.png-1cef753f4581ce79ec9cfa3a3e4d44c5.s3tc.ctex
Completed load for: 'res://assets/art35/cards/mg/snowman_snowman.png' remapped 'res://assets/art35/cards/mg/snowman_snowman.png' at thread -1
Loading resource: res://assets/props/gen2/smallfanshell_Image_0_flat.png remapped: res://assets/props/gen2/smallfanshell_Image_0_flat.png
Loading resource: res://.godot/imported/smallfanshell_Image_0_flat.png-62abb8804c373dd276aa38c633ca3f52.s3tc.ctex remapped: res://.godot/imported/smallfanshell_Image_0_flat.png-62abb8804c373dd276aa38c633ca3f52.s3tc.ctex
Completed load for: 'res://assets/props/gen2/smallfanshell_Image_0_flat.png' remapped 'res://assets/props/gen2/smallfanshell_Image_0_flat.png' at thread -1
Loading resource: res://assets/props/gen2/starfish_decal.png remapped: res://assets/props/gen2/starfish_decal.png
Loading resource: res://.godot/imported/starfish_decal.png-5db15fc6116eda353ed8bd7562c43e2c.s3tc.ctex remapped: res://.godot/imported/starfish_decal.png-5db15fc6116eda353ed8bd7562c43e2c.s3tc.ctex
Completed load for: 'res://assets/props/gen2/starfish_decal.png' remapped 'res://assets/props/gen2/starfish_decal.png' at thread -1
Loading resource: res://assets/art35/cards/mg/sprout_sprout.png remapped: res://assets/art35/cards/mg/sprout_sprout.png
Loading resource: res://.godot/imported/sprout_sprout.png-97993a28abaaccd9eeafe17e68982c41.s3tc.ctex remapped: res://.godot/imported/sprout_sprout.png-97993a28abaaccd9eeafe17e68982c41.s3tc.ctex
Completed load for: 'res://assets/art35/cards/mg/sprout_sprout.png' remapped 'res://assets/art35/cards/mg/sprout_sprout.png' at thread -1
Loading resource: res://assets/props/story/fruit_apple.png remapped: res://assets/props/story/fruit_apple.png
Loading resource: res://.godot/imported/fruit_apple.png-46091d771c1aa8cdaaba23b91d87aec7.ctex remapped: res://.godot/imported/fruit_apple.png-46091d771c1aa8cdaaba23b91d87aec7.ctex
Completed load for: 'res://assets/props/story/fruit_apple.png' remapped 'res://assets/props/story/fruit_apple.png' at thread -1
Loading resource: res://assets/audio/voices/filler_v1/roshan_dungeon_room_enter.ogg remapped: res://assets/audio/voices/filler_v1/roshan_dungeon_room_enter.ogg
Loading resource: res://.godot/imported/roshan_dungeon_room_enter.ogg-6e85f18acb4b400d47dfe748f5630f60.oggvorbisstr remapped: res://.godot/imported/roshan_dungeon_room_enter.ogg-6e85f18acb4b400d47dfe748f5630f60.oggvorbisstr
Completed load for: 'res://assets/audio/voices/filler_v1/roshan_dungeon_room_enter.ogg' remapped 'res://assets/audio/voices/filler_v1/roshan_dungeon_room_enter.ogg' at thread -1
EMBER|fortress checkpoints land in ember_progress: OK
EMBER|castle dungeon progress stays untouched: OK
Loading resource: res://assets/audio/music/ember.ogg remapped: res://assets/audio/music/ember.ogg
Loading resource: res://.godot/imported/ember.ogg-4534fc618a8c6f5914424ecc9ba3afcc.oggvorbisstr remapped: res://.godot/imported/ember.ogg-4534fc618a8c6f5914424ecc9ba3afcc.oggvorbisstr
Completed load for: 'res://assets/audio/music/ember.ogg' remapped 'res://assets/audio/music/ember.ogg' at thread -1
EMBER|home icon returns to the fortress planet: OK
Loading resource: res://assets/art35/cards/mg/snowman_snowman.png remapped: res://assets/art35/cards/mg/snowman_snowman.png
Loading resource: res://.godot/imported/snowman_snowman.png-1cef753f4581ce79ec9cfa3a3e4d44c5.s3tc.ctex remapped: res://.godot/imported/snowman_snowman.png-1cef753f4581ce79ec9cfa3a3e4d44c5.s3tc.ctex
Completed load for: 'res://assets/art35/cards/mg/snowman_snowman.png' remapped 'res://assets/art35/cards/mg/snowman_snowman.png' at thread -1
Loading resource: res://assets/props/gen2/smallfanshell_Image_0_flat.png remapped: res://assets/props/gen2/smallfanshell_Image_0_flat.png
Loading resource: res://.godot/imported/smallfanshell_Image_0_flat.png-62abb8804c373dd276aa38c633ca3f52.s3tc.ctex remapped: res://.godot/imported/smallfanshell_Image_0_flat.png-62abb8804c373dd276aa38c633ca3f52.s3tc.ctex
Completed load for: 'res://assets/props/gen2/smallfanshell_Image_0_flat.png' remapped 'res://assets/props/gen2/smallfanshell_Image_0_flat.png' at thread -1
Loading resource: res://assets/props/gen2/starfish_decal.png remapped: res://assets/props/gen2/starfish_decal.png
Loading resource: res://.godot/imported/starfish_decal.png-5db15fc6116eda353ed8bd7562c43e2c.s3tc.ctex remapped: res://.godot/imported/starfish_decal.png-5db15fc6116eda353ed8bd7562c43e2c.s3tc.ctex
Completed load for: 'res://assets/props/gen2/starfish_decal.png' remapped 'res://assets/props/gen2/starfish_decal.png' at thread -1
Loading resource: res://assets/art35/cards/mg/sprout_sprout.png remapped: res://assets/art35/cards/mg/sprout_sprout.png
Loading resource: res://.godot/imported/sprout_sprout.png-97993a28abaaccd9eeafe17e68982c41.s3tc.ctex remapped: res://.godot/imported/sprout_sprout.png-97993a28abaaccd9eeafe17e68982c41.s3tc.ctex
Completed load for: 'res://assets/art35/cards/mg/sprout_sprout.png' remapped 'res://assets/art35/cards/mg/sprout_sprout.png' at thread -1
Loading resource: res://assets/props/story/leaf_fern.png remapped: res://assets/props/story/leaf_fern.png
Loading resource: res://.godot/imported/leaf_fern.png-a8dea4f5b46c2a585fb0444ae6c9d98f.ctex remapped: res://.godot/imported/leaf_fern.png-a8dea4f5b46c2a585fb0444ae6c9d98f.ctex
Completed load for: 'res://assets/props/story/leaf_fern.png' remapped 'res://assets/props/story/leaf_fern.png' at thread -1
Loading resource: res://assets/props/story/leaf_broad.png remapped: res://assets/props/story/leaf_broad.png
Loading resource: res://.godot/imported/leaf_broad.png-d86ecf7113faae42f9ba3e84818383b8.ctex remapped: res://.godot/imported/leaf_broad.png-d86ecf7113faae42f9ba3e84818383b8.ctex
Completed load for: 'res://assets/props/story/leaf_broad.png' remapped 'res://assets/props/story/leaf_broad.png' at thread -1
Loading resource: res://assets/props/story/fruit_apple.png remapped: res://assets/props/story/fruit_apple.png
Loading resource: res://.godot/imported/fruit_apple.png-46091d771c1aa8cdaaba23b91d87aec7.ctex remapped: res://.godot/imported/fruit_apple.png-46091d771c1aa8cdaaba23b91d87aec7.ctex
Completed load for: 'res://assets/props/story/fruit_apple.png' remapped 'res://assets/props/story/fruit_apple.png' at thread -1
Loading resource: res://assets/art35/cards/mg/snowman_snowman.png remapped: res://assets/art35/cards/mg/snowman_snowman.png
Loading resource: res://.godot/imported/snowman_snowman.png-1cef753f4581ce79ec9cfa3a3e4d44c5.s3tc.ctex remapped: res://.godot/imported/snowman_snowman.png-1cef753f4581ce79ec9cfa3a3e4d44c5.s3tc.ctex
Completed load for: 'res://assets/art35/cards/mg/snowman_snowman.png' remapped 'res://assets/art35/cards/mg/snowman_snowman.png' at thread -1
Loading resource: res://assets/props/gen2/smallfanshell_Image_0_flat.png remapped: res://assets/props/gen2/smallfanshell_Image_0_flat.png
Loading resource: res://.godot/imported/smallfanshell_Image_0_flat.png-62abb8804c373dd276aa38c633ca3f52.s3tc.ctex remapped: res://.godot/imported/smallfanshell_Image_0_flat.png-62abb8804c373dd276aa38c633ca3f52.s3tc.ctex
Completed load for: 'res://assets/props/gen2/smallfanshell_Image_0_flat.png' remapped 'res://assets/props/gen2/smallfanshell_Image_0_flat.png' at thread -1
Loading resource: res://assets/props/gen2/starfish_decal.png remapped: res://assets/props/gen2/starfish_decal.png
Loading resource: res://.godot/imported/starfish_decal.png-5db15fc6116eda353ed8bd7562c43e2c.s3tc.ctex remapped: res://.godot/imported/starfish_decal.png-5db15fc6116eda353ed8bd7562c43e2c.s3tc.ctex
Completed load for: 'res://assets/props/gen2/starfish_decal.png' remapped 'res://assets/props/gen2/starfish_decal.png' at thread -1
Loading resource: res://assets/art35/cards/mg/sprout_sprout.png remapped: res://assets/art35/cards/mg/sprout_sprout.png
Loading resource: res://.godot/imported/sprout_sprout.png-97993a28abaaccd9eeafe17e68982c41.s3tc.ctex remapped: res://.godot/imported/sprout_sprout.png-97993a28abaaccd9eeafe17e68982c41.s3tc.ctex
Completed load for: 'res://assets/art35/cards/mg/sprout_sprout.png' remapped 'res://assets/art35/cards/mg/sprout_sprout.png' at thread -1
Loading resource: res://assets/props/story/leaf_fern.png remapped: res://assets/props/story/leaf_fern.png
Loading resource: res://.godot/imported/leaf_fern.png-a8dea4f5b46c2a585fb0444ae6c9d98f.ctex remapped: res://.godot/imported/leaf_fern.png-a8dea4f5b46c2a585fb0444ae6c9d98f.ctex
Completed load for: 'res://assets/props/story/leaf_fern.png' remapped 'res://assets/props/story/leaf_fern.png' at thread -1
Loading resource: res://assets/props/story/leaf_broad.png remapped: res://assets/props/story/leaf_broad.png
Loading resource: res://.godot/imported/leaf_broad.png-d86ecf7113faae42f9ba3e84818383b8.ctex remapped: res://.godot/imported/leaf_broad.png-d86ecf7113faae42f9ba3e84818383b8.ctex
Completed load for: 'res://assets/props/story/leaf_broad.png' remapped 'res://assets/props/story/leaf_broad.png' at thread -1
Loading resource: res://assets/props/story/fruit_apple.png remapped: res://assets/props/story/fruit_apple.png
Loading resource: res://.godot/imported/fruit_apple.png-46091d771c1aa8cdaaba23b91d87aec7.ctex remapped: res://.godot/imported/fruit_apple.png-46091d771c1aa8cdaaba23b91d87aec7.ctex
Completed load for: 'res://assets/props/story/fruit_apple.png' remapped 'res://assets/props/story/fruit_apple.png' at thread -1
Loading resource: res://assets/art35/cards/mg/snowman_snowman.png remapped: res://assets/art35/cards/mg/snowman_snowman.png
Loading resource: res://.godot/imported/snowman_snowman.png-1cef753f4581ce79ec9cfa3a3e4d44c5.s3tc.ctex remapped: res://.godot/imported/snowman_snowman.png-1cef753f4581ce79ec9cfa3a3e4d44c5.s3tc.ctex
Completed load for: 'res://assets/art35/cards/mg/snowman_snowman.png' remapped 'res://assets/art35/cards/mg/snowman_snowman.png' at thread -1
Loading resource: res://assets/props/gen2/smallfanshell_Image_0_flat.png remapped: res://assets/props/gen2/smallfanshell_Image_0_flat.png
Loading resource: res://.godot/imported/smallfanshell_Image_0_flat.png-62abb8804c373dd276aa38c633ca3f52.s3tc.ctex remapped: res://.godot/imported/smallfanshell_Image_0_flat.png-62abb8804c373dd276aa38c633ca3f52.s3tc.ctex
Completed load for: 'res://assets/props/gen2/smallfanshell_Image_0_flat.png' remapped 'res://assets/props/gen2/smallfanshell_Image_0_flat.png' at thread -1
Loading resource: res://assets/props/gen2/starfish_decal.png remapped: res://assets/props/gen2/starfish_decal.png
Loading resource: res://.godot/imported/starfish_decal.png-5db15fc6116eda353ed8bd7562c43e2c.s3tc.ctex remapped: res://.godot/imported/starfish_decal.png-5db15fc6116eda353ed8bd7562c43e2c.s3tc.ctex
Completed load for: 'res://assets/props/gen2/starfish_decal.png' remapped 'res://assets/props/gen2/starfish_decal.png' at thread -1
Loading resource: res://assets/art35/cards/mg/sprout_sprout.png remapped: res://assets/art35/cards/mg/sprout_sprout.png
Loading resource: res://.godot/imported/sprout_sprout.png-97993a28abaaccd9eeafe17e68982c41.s3tc.ctex remapped: res://.godot/imported/sprout_sprout.png-97993a28abaaccd9eeafe17e68982c41.s3tc.ctex
Completed load for: 'res://assets/art35/cards/mg/sprout_sprout.png' remapped 'res://assets/art35/cards/mg/sprout_sprout.png' at thread -1
Loading resource: res://assets/props/story/leaf_fern.png remapped: res://assets/props/story/leaf_fern.png
Loading resource: res://.godot/imported/leaf_fern.png-a8dea4f5b46c2a585fb0444ae6c9d98f.ctex remapped: res://.godot/imported/leaf_fern.png-a8dea4f5b46c2a585fb0444ae6c9d98f.ctex
Completed load for: 'res://assets/props/story/leaf_fern.png' remapped 'res://assets/props/story/leaf_fern.png' at thread -1
Loading resource: res://assets/props/story/leaf_broad.png remapped: res://assets/props/story/leaf_broad.png
Loading resource: res://.godot/imported/leaf_broad.png-d86ecf7113faae42f9ba3e84818383b8.ctex remapped: res://.godot/imported/leaf_broad.png-d86ecf7113faae42f9ba3e84818383b8.ctex
Completed load for: 'res://assets/props/story/leaf_broad.png' remapped 'res://assets/props/story/leaf_broad.png' at thread -1
Loading resource: res://assets/props/story/fruit_apple.png remapped: res://assets/props/story/fruit_apple.png
Loading resource: res://.godot/imported/fruit_apple.png-46091d771c1aa8cdaaba23b91d87aec7.ctex remapped: res://.godot/imported/fruit_apple.png-46091d771c1aa8cdaaba23b91d87aec7.ctex
Completed load for: 'res://assets/props/story/fruit_apple.png' remapped 'res://assets/props/story/fruit_apple.png' at thread -1
Loading resource: res://assets/art35/cards/mg/snowman_snowman.png remapped: res://assets/art35/cards/mg/snowman_snowman.png
Loading resource: res://.godot/imported/snowman_snowman.png-1cef753f4581ce79ec9cfa3a3e4d44c5.s3tc.ctex remapped: res://.godot/imported/snowman_snowman.png-1cef753f4581ce79ec9cfa3a3e4d44c5.s3tc.ctex
Completed load for: 'res://assets/art35/cards/mg/snowman_snowman.png' remapped 'res://assets/art35/cards/mg/snowman_snowman.png' at thread -1
Loading resource: res://assets/props/gen2/smallfanshell_Image_0_flat.png remapped: res://assets/props/gen2/smallfanshell_Image_0_flat.png
Loading resource: res://.godot/imported/smallfanshell_Image_0_flat.png-62abb8804c373dd276aa38c633ca3f52.s3tc.ctex remapped: res://.godot/imported/smallfanshell_Image_0_flat.png-62abb8804c373dd276aa38c633ca3f52.s3tc.ctex
Completed load for: 'res://assets/props/gen2/smallfanshell_Image_0_flat.png' remapped 'res://assets/props/gen2/smallfanshell_Image_0_flat.png' at thread -1
Loading resource: res://assets/props/gen2/starfish_decal.png remapped: res://assets/props/gen2/starfish_decal.png
Loading resource: res://.godot/imported/starfish_decal.png-5db15fc6116eda353ed8bd7562c43e2c.s3tc.ctex remapped: res://.godot/imported/starfish_decal.png-5db15fc6116eda353ed8bd7562c43e2c.s3tc.ctex
Completed load for: 'res://assets/props/gen2/starfish_decal.png' remapped 'res://assets/props/gen2/starfish_decal.png' at thread -1
Loading resource: res://assets/art35/cards/mg/sprout_sprout.png remapped: res://assets/art35/cards/mg/sprout_sprout.png
Loading resource: res://.godot/imported/sprout_sprout.png-97993a28abaaccd9eeafe17e68982c41.s3tc.ctex remapped: res://.godot/imported/sprout_sprout.png-97993a28abaaccd9eeafe17e68982c41.s3tc.ctex
Completed load for: 'res://assets/art35/cards/mg/sprout_sprout.png' remapped 'res://assets/art35/cards/mg/sprout_sprout.png' at thread -1
Loading resource: res://assets/props/story/leaf_fern.png remapped: res://assets/props/story/leaf_fern.png
Loading resource: res://.godot/imported/leaf_fern.png-a8dea4f5b46c2a585fb0444ae6c9d98f.ctex remapped: res://.godot/imported/leaf_fern.png-a8dea4f5b46c2a585fb0444ae6c9d98f.ctex
Completed load for: 'res://assets/props/story/leaf_fern.png' remapped 'res://assets/props/story/leaf_fern.png' at thread -1
Loading resource: res://assets/props/story/leaf_broad.png remapped: res://assets/props/story/leaf_broad.png
Loading resource: res://.godot/imported/leaf_broad.png-d86ecf7113faae42f9ba3e84818383b8.ctex remapped: res://.godot/imported/leaf_broad.png-d86ecf7113faae42f9ba3e84818383b8.ctex
Completed load for: 'res://assets/props/story/leaf_broad.png' remapped 'res://assets/props/story/leaf_broad.png' at thread -1
Loading resource: res://assets/props/story/fruit_apple.png remapped: res://assets/props/story/fruit_apple.png
Loading resource: res://.godot/imported/fruit_apple.png-46091d771c1aa8cdaaba23b91d87aec7.ctex remapped: res://.godot/imported/fruit_apple.png-46091d771c1aa8cdaaba23b91d87aec7.ctex
Completed load for: 'res://assets/props/story/fruit_apple.png' remapped 'res://assets/props/story/fruit_apple.png' at thread -1
Loading resource: res://assets/art35/cards/mg/snowman_snowman.png remapped: res://assets/art35/cards/mg/snowman_snowman.png
Loading resource: res://.godot/imported/snowman_snowman.png-1cef753f4581ce79ec9cfa3a3e4d44c5.s3tc.ctex remapped: res://.godot/imported/snowman_snowman.png-1cef753f4581ce79ec9cfa3a3e4d44c5.s3tc.ctex
Completed load for: 'res://assets/art35/cards/mg/snowman_snowman.png' remapped 'res://assets/art35/cards/mg/snowman_snowman.png' at thread -1
Loading resource: res://assets/props/gen2/smallfanshell_Image_0_flat.png remapped: res://assets/props/gen2/smallfanshell_Image_0_flat.png
Loading resource: res://.godot/imported/smallfanshell_Image_0_flat.png-62abb8804c373dd276aa38c633ca3f52.s3tc.ctex remapped: res://.godot/imported/smallfanshell_Image_0_flat.png-62abb8804c373dd276aa38c633ca3f52.s3tc.ctex
Completed load for: 'res://assets/props/gen2/smallfanshell_Image_0_flat.png' remapped 'res://assets/props/gen2/smallfanshell_Image_0_flat.png' at thread -1
Loading resource: res://assets/props/gen2/starfish_decal.png remapped: res://assets/props/gen2/starfish_decal.png
Loading resource: res://.godot/imported/starfish_decal.png-5db15fc6116eda353ed8bd7562c43e2c.s3tc.ctex remapped: res://.godot/imported/starfish_decal.png-5db15fc6116eda353ed8bd7562c43e2c.s3tc.ctex
Completed load for: 'res://assets/props/gen2/starfish_decal.png' remapped 'res://assets/props/gen2/starfish_decal.png' at thread -1
Loading resource: res://assets/art35/cards/mg/sprout_sprout.png remapped: res://assets/art35/cards/mg/sprout_sprout.png
Loading resource: res://.godot/imported/sprout_sprout.png-97993a28abaaccd9eeafe17e68982c41.s3tc.ctex remapped: res://.godot/imported/sprout_sprout.png-97993a28abaaccd9eeafe17e68982c41.s3tc.ctex
Completed load for: 'res://assets/art35/cards/mg/sprout_sprout.png' remapped 'res://assets/art35/cards/mg/sprout_sprout.png' at thread -1
Loading resource: res://assets/props/story/leaf_fern.png remapped: res://assets/props/story/leaf_fern.png
Loading resource: res://.godot/imported/leaf_fern.png-a8dea4f5b46c2a585fb0444ae6c9d98f.ctex remapped: res://.godot/imported/leaf_fern.png-a8dea4f5b46c2a585fb0444ae6c9d98f.ctex
Completed load for: 'res://assets/props/story/leaf_fern.png' remapped 'res://assets/props/story/leaf_fern.png' at thread -1
Loading resource: res://assets/props/story/leaf_broad.png remapped: res://assets/props/story/leaf_broad.png
Loading resource: res://.godot/imported/leaf_broad.png-d86ecf7113faae42f9ba3e84818383b8.ctex remapped: res://.godot/imported/leaf_broad.png-d86ecf7113faae42f9ba3e84818383b8.ctex
Completed load for: 'res://assets/props/story/leaf_broad.png' remapped 'res://assets/props/story/leaf_broad.png' at thread -1
Loading resource: res://assets/props/story/fruit_apple.png remapped: res://assets/props/story/fruit_apple.png
Loading resource: res://.godot/imported/fruit_apple.png-46091d771c1aa8cdaaba23b91d87aec7.ctex remapped: res://.godot/imported/fruit_apple.png-46091d771c1aa8cdaaba23b91d87aec7.ctex
Completed load for: 'res://assets/props/story/fruit_apple.png' remapped 'res://assets/props/story/fruit_apple.png' at thread -1
Loading resource: res://assets/art35/cards/mg/snowman_snowman.png remapped: res://assets/art35/cards/mg/snowman_snowman.png
Loading resource: res://.godot/imported/snowman_snowman.png-1cef753f4581ce79ec9cfa3a3e4d44c5.s3tc.ctex remapped: res://.godot/imported/snowman_snowman.png-1cef753f4581ce79ec9cfa3a3e4d44c5.s3tc.ctex
Completed load for: 'res://assets/art35/cards/mg/snowman_snowman.png' remapped 'res://assets/art35/cards/mg/snowman_snowman.png' at thread -1
Loading resource: res://assets/props/gen2/smallfanshell_Image_0_flat.png remapped: res://assets/props/gen2/smallfanshell_Image_0_flat.png
Loading resource: res://.godot/imported/smallfanshell_Image_0_flat.png-62abb8804c373dd276aa38c633ca3f52.s3tc.ctex remapped: res://.godot/imported/smallfanshell_Image_0_flat.png-62abb8804c373dd276aa38c633ca3f52.s3tc.ctex
Completed load for: 'res://assets/props/gen2/smallfanshell_Image_0_flat.png' remapped 'res://assets/props/gen2/smallfanshell_Image_0_flat.png' at thread -1
Loading resource: res://assets/props/gen2/starfish_decal.png remapped: res://assets/props/gen2/starfish_decal.png
Loading resource: res://.godot/imported/starfish_decal.png-5db15fc6116eda353ed8bd7562c43e2c.s3tc.ctex remapped: res://.godot/imported/starfish_decal.png-5db15fc6116eda353ed8bd7562c43e2c.s3tc.ctex
Completed load for: 'res://assets/props/gen2/starfish_decal.png' remapped 'res://assets/props/gen2/starfish_decal.png' at thread -1
Loading resource: res://assets/art35/cards/mg/sprout_sprout.png remapped: res://assets/art35/cards/mg/sprout_sprout.png
Loading resource: res://.godot/imported/sprout_sprout.png-97993a28abaaccd9eeafe17e68982c41.s3tc.ctex remapped: res://.godot/imported/sprout_sprout.png-97993a28abaaccd9eeafe17e68982c41.s3tc.ctex
Completed load for: 'res://assets/art35/cards/mg/sprout_sprout.png' remapped 'res://assets/art35/cards/mg/sprout_sprout.png' at thread -1
Loading resource: res://assets/props/story/leaf_fern.png remapped: res://assets/props/story/leaf_fern.png
Loading resource: res://.godot/imported/leaf_fern.png-a8dea4f5b46c2a585fb0444ae6c9d98f.ctex remapped: res://.godot/imported/leaf_fern.png-a8dea4f5b46c2a585fb0444ae6c9d98f.ctex
Completed load for: 'res://assets/props/story/leaf_fern.png' remapped 'res://assets/props/story/leaf_fern.png' at thread -1
Loading resource: res://assets/props/story/leaf_broad.png remapped: res://assets/props/story/leaf_broad.png
Loading resource: res://.godot/imported/leaf_broad.png-d86ecf7113faae42f9ba3e84818383b8.ctex remapped: res://.godot/imported/leaf_broad.png-d86ecf7113faae42f9ba3e84818383b8.ctex
Completed load for: 'res://assets/props/story/leaf_broad.png' remapped 'res://assets/props/story/leaf_broad.png' at thread -1
Loading resource: res://assets/props/story/fruit_apple.png remapped: res://assets/props/story/fruit_apple.png
Loading resource: res://.godot/imported/fruit_apple.png-46091d771c1aa8cdaaba23b91d87aec7.ctex remapped: res://.godot/imported/fruit_apple.png-46091d771c1aa8cdaaba23b91d87aec7.ctex
Completed load for: 'res://assets/props/story/fruit_apple.png' remapped 'res://assets/props/story/fruit_apple.png' at thread -1
EMBER|next visit resumes at fortress room three: OK
EMBER|fortress room 3 uses puzzle engine: OK
Loading resource: res://assets/audio/voices/filler_v1/roshan_dungeon_door_open.ogg remapped: res://assets/audio/voices/filler_v1/roshan_dungeon_door_open.ogg
Loading resource: res://.godot/imported/roshan_dungeon_door_open.ogg-2fa0f4842074fe07d89428588f231a04.oggvorbisstr remapped: res://.godot/imported/roshan_dungeon_door_open.ogg-2fa0f4842074fe07d89428588f231a04.oggvorbisstr
Completed load for: 'res://assets/audio/voices/filler_v1/roshan_dungeon_door_open.ogg' remapped 'res://assets/audio/voices/filler_v1/roshan_dungeon_door_open.ogg' at thread -1
EMBER|puzzle solution physically opens door: OK
Loading resource: res://assets/sprites/dust_bunnies/dust_bunny_idle.png remapped: res://assets/sprites/dust_bunnies/dust_bunny_idle.png
Loading resource: res://.godot/imported/dust_bunny_idle.png-2882eed6037a7432104494fa1c84a5f2.ctex remapped: res://.godot/imported/dust_bunny_idle.png-2882eed6037a7432104494fa1c84a5f2.ctex
Completed load for: 'res://assets/sprites/dust_bunnies/dust_bunny_idle.png' remapped 'res://assets/sprites/dust_bunnies/dust_bunny_idle.png' at thread -1
Loading resource: res://assets/audio/voices/filler_v1/roshan_combat_ice_start.ogg remapped: res://assets/audio/voices/filler_v1/roshan_combat_ice_start.ogg
Loading resource: res://.godot/imported/roshan_combat_ice_start.ogg-48c045e1930e3b2184dc6fb8c2784acd.oggvorbisstr remapped: res://.godot/imported/roshan_combat_ice_start.ogg-48c045e1930e3b2184dc6fb8c2784acd.oggvorbisstr
Completed load for: 'res://assets/audio/voices/filler_v1/roshan_combat_ice_start.ogg' remapped 'res://assets/audio/voices/filler_v1/roshan_combat_ice_start.ogg' at thread -1
Loading resource: res://assets/audio/voices/filler_v1/roshan_dungeon_room_enter.ogg remapped: res://assets/audio/voices/filler_v1/roshan_dungeon_room_enter.ogg
Loading resource: res://.godot/imported/roshan_dungeon_room_enter.ogg-6e85f18acb4b400d47dfe748f5630f60.oggvorbisstr remapped: res://.godot/imported/roshan_dungeon_room_enter.ogg-6e85f18acb4b400d47dfe748f5630f60.oggvorbisstr
Completed load for: 'res://assets/audio/voices/filler_v1/roshan_dungeon_room_enter.ogg' remapped 'res://assets/audio/voices/filler_v1/roshan_dungeon_room_enter.ogg' at thread -1
EMBER|fortress room 4 uses combat engine: OK
Loading resource: res://assets/audio/voices/filler_v1/roshan_combat_ice_done.ogg remapped: res://assets/audio/voices/filler_v1/roshan_combat_ice_done.ogg
Loading resource: res://.godot/imported/roshan_combat_ice_done.ogg-3554a48527929b5aadbb0e2c71daf522.oggvorbisstr remapped: res://.godot/imported/roshan_combat_ice_done.ogg-3554a48527929b5aadbb0e2c71daf522.oggvorbisstr
Completed load for: 'res://assets/audio/voices/filler_v1/roshan_combat_ice_done.ogg' remapped 'res://assets/audio/voices/filler_v1/roshan_combat_ice_done.ogg' at thread -1
Loading resource: res://assets/art35/cards/mg/snowman_snowman.png remapped: res://assets/art35/cards/mg/snowman_snowman.png
Loading resource: res://.godot/imported/snowman_snowman.png-1cef753f4581ce79ec9cfa3a3e4d44c5.s3tc.ctex remapped: res://.godot/imported/snowman_snowman.png-1cef753f4581ce79ec9cfa3a3e4d44c5.s3tc.ctex
Completed load for: 'res://assets/art35/cards/mg/snowman_snowman.png' remapped 'res://assets/art35/cards/mg/snowman_snowman.png' at thread -1
Loading resource: res://assets/props/gen2/smallfanshell_Image_0_flat.png remapped: res://assets/props/gen2/smallfanshell_Image_0_flat.png
Loading resource: res://.godot/imported/smallfanshell_Image_0_flat.png-62abb8804c373dd276aa38c633ca3f52.s3tc.ctex remapped: res://.godot/imported/smallfanshell_Image_0_flat.png-62abb8804c373dd276aa38c633ca3f52.s3tc.ctex
Completed load for: 'res://assets/props/gen2/smallfanshell_Image_0_flat.png' remapped 'res://assets/props/gen2/smallfanshell_Image_0_flat.png' at thread -1
Loading resource: res://assets/props/gen2/starfish_decal.png remapped: res://assets/props/gen2/starfish_decal.png
Loading resource: res://.godot/imported/starfish_decal.png-5db15fc6116eda353ed8bd7562c43e2c.s3tc.ctex remapped: res://.godot/imported/starfish_decal.png-5db15fc6116eda353ed8bd7562c43e2c.s3tc.ctex
Completed load for: 'res://assets/props/gen2/starfish_decal.png' remapped 'res://assets/props/gen2/starfish_decal.png' at thread -1
Loading resource: res://assets/art35/cards/mg/sprout_sprout.png remapped: res://assets/art35/cards/mg/sprout_sprout.png
Loading resource: res://.godot/imported/sprout_sprout.png-97993a28abaaccd9eeafe17e68982c41.s3tc.ctex remapped: res://.godot/imported/sprout_sprout.png-97993a28abaaccd9eeafe17e68982c41.s3tc.ctex
Completed load for: 'res://assets/art35/cards/mg/sprout_sprout.png' remapped 'res://assets/art35/cards/mg/sprout_sprout.png' at thread -1
Loading resource: res://assets/props/story/leaf_fern.png remapped: res://assets/props/story/leaf_fern.png
Loading resource: res://.godot/imported/leaf_fern.png-a8dea4f5b46c2a585fb0444ae6c9d98f.ctex remapped: res://.godot/imported/leaf_fern.png-a8dea4f5b46c2a585fb0444ae6c9d98f.ctex
Completed load for: 'res://assets/props/story/leaf_fern.png' remapped 'res://assets/props/story/leaf_fern.png' at thread -1
Loading resource: res://assets/props/story/leaf_broad.png remapped: res://assets/props/story/leaf_broad.png
Loading resource: res://.godot/imported/leaf_broad.png-d86ecf7113faae42f9ba3e84818383b8.ctex remapped: res://.godot/imported/leaf_broad.png-d86ecf7113faae42f9ba3e84818383b8.ctex
Completed load for: 'res://assets/props/story/leaf_broad.png' remapped 'res://assets/props/story/leaf_broad.png' at thread -1
Loading resource: res://assets/props/story/fruit_apple.png remapped: res://assets/props/story/fruit_apple.png
Loading resource: res://.godot/imported/fruit_apple.png-46091d771c1aa8cdaaba23b91d87aec7.ctex remapped: res://.godot/imported/fruit_apple.png-46091d771c1aa8cdaaba23b91d87aec7.ctex
Completed load for: 'res://assets/props/story/fruit_apple.png' remapped 'res://assets/props/story/fruit_apple.png' at thread -1
Loading resource: res://assets/art35/cards/mg/snowman_snowman.png remapped: res://assets/art35/cards/mg/snowman_snowman.png
Loading resource: res://.godot/imported/snowman_snowman.png-1cef753f4581ce79ec9cfa3a3e4d44c5.s3tc.ctex remapped: res://.godot/imported/snowman_snowman.png-1cef753f4581ce79ec9cfa3a3e4d44c5.s3tc.ctex
Completed load for: 'res://assets/art35/cards/mg/snowman_snowman.png' remapped 'res://assets/art35/cards/mg/snowman_snowman.png' at thread -1
Loading resource: res://assets/props/gen2/smallfanshell_Image_0_flat.png remapped: res://assets/props/gen2/smallfanshell_Image_0_flat.png
Loading resource: res://.godot/imported/smallfanshell_Image_0_flat.png-62abb8804c373dd276aa38c633ca3f52.s3tc.ctex remapped: res://.godot/imported/smallfanshell_Image_0_flat.png-62abb8804c373dd276aa38c633ca3f52.s3tc.ctex
Completed load for: 'res://assets/props/gen2/smallfanshell_Image_0_flat.png' remapped 'res://assets/props/gen2/smallfanshell_Image_0_flat.png' at thread -1
Loading resource: res://assets/props/gen2/starfish_decal.png remapped: res://assets/props/gen2/starfish_decal.png
Loading resource: res://.godot/imported/starfish_decal.png-5db15fc6116eda353ed8bd7562c43e2c.s3tc.ctex remapped: res://.godot/imported/starfish_decal.png-5db15fc6116eda353ed8bd7562c43e2c.s3tc.ctex
Completed load for: 'res://assets/props/gen2/starfish_decal.png' remapped 'res://assets/props/gen2/starfish_decal.png' at thread -1
Loading resource: res://assets/art35/cards/mg/sprout_sprout.png remapped: res://assets/art35/cards/mg/sprout_sprout.png
Loading resource: res://.godot/imported/sprout_sprout.png-97993a28abaaccd9eeafe17e68982c41.s3tc.ctex remapped: res://.godot/imported/sprout_sprout.png-97993a28abaaccd9eeafe17e68982c41.s3tc.ctex
Completed load for: 'res://assets/art35/cards/mg/sprout_sprout.png' remapped 'res://assets/art35/cards/mg/sprout_sprout.png' at thread -1
Loading resource: res://assets/props/story/leaf_fern.png remapped: res://assets/props/story/leaf_fern.png
Loading resource: res://.godot/imported/leaf_fern.png-a8dea4f5b46c2a585fb0444ae6c9d98f.ctex remapped: res://.godot/imported/leaf_fern.png-a8dea4f5b46c2a585fb0444ae6c9d98f.ctex
Completed load for: 'res://assets/props/story/leaf_fern.png' remapped 'res://assets/props/story/leaf_fern.png' at thread -1
Loading resource: res://assets/props/story/leaf_broad.png remapped: res://assets/props/story/leaf_broad.png
Loading resource: res://.godot/imported/leaf_broad.png-d86ecf7113faae42f9ba3e84818383b8.ctex remapped: res://.godot/imported/leaf_broad.png-d86ecf7113faae42f9ba3e84818383b8.ctex
Completed load for: 'res://assets/props/story/leaf_broad.png' remapped 'res://assets/props/story/leaf_broad.png' at thread -1
Loading resource: res://assets/props/story/fruit_apple.png remapped: res://assets/props/story/fruit_apple.png
Loading resource: res://.godot/imported/fruit_apple.png-46091d771c1aa8cdaaba23b91d87aec7.ctex remapped: res://.godot/imported/fruit_apple.png-46091d771c1aa8cdaaba23b91d87aec7.ctex
Completed load for: 'res://assets/props/story/fruit_apple.png' remapped 'res://assets/props/story/fruit_apple.png' at thread -1
Loading resource: res://assets/props/gen2/smallfanshell_Image_0_flat.png remapped: res://assets/props/gen2/smallfanshell_Image_0_flat.png
Loading resource: res://.godot/imported/smallfanshell_Image_0_flat.png-62abb8804c373dd276aa38c633ca3f52.s3tc.ctex remapped: res://.godot/imported/smallfanshell_Image_0_flat.png-62abb8804c373dd276aa38c633ca3f52.s3tc.ctex
Completed load for: 'res://assets/props/gen2/smallfanshell_Image_0_flat.png' remapped 'res://assets/props/gen2/smallfanshell_Image_0_flat.png' at thread -1
Loading resource: res://assets/props/gen2/starfish_decal.png remapped: res://assets/props/gen2/starfish_decal.png
Loading resource: res://.godot/imported/starfish_decal.png-5db15fc6116eda353ed8bd7562c43e2c.s3tc.ctex remapped: res://.godot/imported/starfish_decal.png-5db15fc6116eda353ed8bd7562c43e2c.s3tc.ctex
Completed load for: 'res://assets/props/gen2/starfish_decal.png' remapped 'res://assets/props/gen2/starfish_decal.png' at thread -1
Loading resource: res://assets/art35/cards/mg/sprout_sprout.png remapped: res://assets/art35/cards/mg/sprout_sprout.png
Loading resource: res://.godot/imported/sprout_sprout.png-97993a28abaaccd9eeafe17e68982c41.s3tc.ctex remapped: res://.godot/imported/sprout_sprout.png-97993a28abaaccd9eeafe17e68982c41.s3tc.ctex
Completed load for: 'res://assets/art35/cards/mg/sprout_sprout.png' remapped 'res://assets/art35/cards/mg/sprout_sprout.png' at thread -1
Loading resource: res://assets/props/story/leaf_fern.png remapped: res://assets/props/story/leaf_fern.png
Loading resource: res://.godot/imported/leaf_fern.png-a8dea4f5b46c2a585fb0444ae6c9d98f.ctex remapped: res://.godot/imported/leaf_fern.png-a8dea4f5b46c2a585fb0444ae6c9d98f.ctex
Completed load for: 'res://assets/props/story/leaf_fern.png' remapped 'res://assets/props/story/leaf_fern.png' at thread -1
Loading resource: res://assets/props/story/leaf_broad.png remapped: res://assets/props/story/leaf_broad.png
Loading resource: res://.godot/imported/leaf_broad.png-d86ecf7113faae42f9ba3e84818383b8.ctex remapped: res://.godot/imported/leaf_broad.png-d86ecf7113faae42f9ba3e84818383b8.ctex
Completed load for: 'res://assets/props/story/leaf_broad.png' remapped 'res://assets/props/story/leaf_broad.png' at thread -1
Loading resource: res://assets/props/story/fruit_apple.png remapped: res://assets/props/story/fruit_apple.png
Loading resource: res://.godot/imported/fruit_apple.png-46091d771c1aa8cdaaba23b91d87aec7.ctex remapped: res://.godot/imported/fruit_apple.png-46091d771c1aa8cdaaba23b91d87aec7.ctex
Completed load for: 'res://assets/props/story/fruit_apple.png' remapped 'res://assets/props/story/fruit_apple.png' at thread -1
Loading resource: res://assets/props/gen2/smallfanshell_Image_0_flat.png remapped: res://assets/props/gen2/smallfanshell_Image_0_flat.png
Loading resource: res://.godot/imported/smallfanshell_Image_0_flat.png-62abb8804c373dd276aa38c633ca3f52.s3tc.ctex remapped: res://.godot/imported/smallfanshell_Image_0_flat.png-62abb8804c373dd276aa38c633ca3f52.s3tc.ctex
Completed load for: 'res://assets/props/gen2/smallfanshell_Image_0_flat.png' remapped 'res://assets/props/gen2/smallfanshell_Image_0_flat.png' at thread -1
Loading resource: res://assets/props/gen2/starfish_decal.png remapped: res://assets/props/gen2/starfish_decal.png
Loading resource: res://.godot/imported/starfish_decal.png-5db15fc6116eda353ed8bd7562c43e2c.s3tc.ctex remapped: res://.godot/imported/starfish_decal.png-5db15fc6116eda353ed8bd7562c43e2c.s3tc.ctex
Completed load for: 'res://assets/props/gen2/starfish_decal.png' remapped 'res://assets/props/gen2/starfish_decal.png' at thread -1
Loading resource: res://assets/art35/cards/mg/sprout_sprout.png remapped: res://assets/art35/cards/mg/sprout_sprout.png
Loading resource: res://.godot/imported/sprout_sprout.png-97993a28abaaccd9eeafe17e68982c41.s3tc.ctex remapped: res://.godot/imported/sprout_sprout.png-97993a28abaaccd9eeafe17e68982c41.s3tc.ctex
Completed load for: 'res://assets/art35/cards/mg/sprout_sprout.png' remapped 'res://assets/art35/cards/mg/sprout_sprout.png' at thread -1
Loading resource: res://assets/props/story/leaf_fern.png remapped: res://assets/props/story/leaf_fern.png
Loading resource: res://.godot/imported/leaf_fern.png-a8dea4f5b46c2a585fb0444ae6c9d98f.ctex remapped: res://.godot/imported/leaf_fern.png-a8dea4f5b46c2a585fb0444ae6c9d98f.ctex
Completed load for: 'res://assets/props/story/leaf_fern.png' remapped 'res://assets/props/story/leaf_fern.png' at thread -1
Loading resource: res://assets/props/story/leaf_broad.png remapped: res://assets/props/story/leaf_broad.png
Loading resource: res://.godot/imported/leaf_broad.png-d86ecf7113faae42f9ba3e84818383b8.ctex remapped: res://.godot/imported/leaf_broad.png-d86ecf7113faae42f9ba3e84818383b8.ctex
Completed load for: 'res://assets/props/story/leaf_broad.png' remapped 'res://assets/props/story/leaf_broad.png' at thread -1
Loading resource: res://assets/props/story/fruit_apple.png remapped: res://assets/props/story/fruit_apple.png
Loading resource: res://.godot/imported/fruit_apple.png-46091d771c1aa8cdaaba23b91d87aec7.ctex remapped: res://.godot/imported/fruit_apple.png-46091d771c1aa8cdaaba23b91d87aec7.ctex
Completed load for: 'res://assets/props/story/fruit_apple.png' remapped 'res://assets/props/story/fruit_apple.png' at thread -1
Loading resource: res://assets/props/gen2/smallfanshell_Image_0_flat.png remapped: res://assets/props/gen2/smallfanshell_Image_0_flat.png
Loading resource: res://.godot/imported/smallfanshell_Image_0_flat.png-62abb8804c373dd276aa38c633ca3f52.s3tc.ctex remapped: res://.godot/imported/smallfanshell_Image_0_flat.png-62abb8804c373dd276aa38c633ca3f52.s3tc.ctex
Completed load for: 'res://assets/props/gen2/smallfanshell_Image_0_flat.png' remapped 'res://assets/props/gen2/smallfanshell_Image_0_flat.png' at thread -1
Loading resource: res://assets/props/gen2/starfish_decal.png remapped: res://assets/props/gen2/starfish_decal.png
Loading resource: res://.godot/imported/starfish_decal.png-5db15fc6116eda353ed8bd7562c43e2c.s3tc.ctex remapped: res://.godot/imported/starfish_decal.png-5db15fc6116eda353ed8bd7562c43e2c.s3tc.ctex
Completed load for: 'res://assets/props/gen2/starfish_decal.png' remapped 'res://assets/props/gen2/starfish_decal.png' at thread -1
Loading resource: res://assets/art35/cards/mg/sprout_sprout.png remapped: res://assets/art35/cards/mg/sprout_sprout.png
Loading resource: res://.godot/imported/sprout_sprout.png-97993a28abaaccd9eeafe17e68982c41.s3tc.ctex remapped: res://.godot/imported/sprout_sprout.png-97993a28abaaccd9eeafe17e68982c41.s3tc.ctex
Completed load for: 'res://assets/art35/cards/mg/sprout_sprout.png' remapped 'res://assets/art35/cards/mg/sprout_sprout.png' at thread -1
Loading resource: res://assets/props/story/leaf_fern.png remapped: res://assets/props/story/leaf_fern.png
Loading resource: res://.godot/imported/leaf_fern.png-a8dea4f5b46c2a585fb0444ae6c9d98f.ctex remapped: res://.godot/imported/leaf_fern.png-a8dea4f5b46c2a585fb0444ae6c9d98f.ctex
Completed load for: 'res://assets/props/story/leaf_fern.png' remapped 'res://assets/props/story/leaf_fern.png' at thread -1
Loading resource: res://assets/props/story/leaf_broad.png remapped: res://assets/props/story/leaf_broad.png
Loading resource: res://.godot/imported/leaf_broad.png-d86ecf7113faae42f9ba3e84818383b8.ctex remapped: res://.godot/imported/leaf_broad.png-d86ecf7113faae42f9ba3e84818383b8.ctex
Completed load for: 'res://assets/props/story/leaf_broad.png' remapped 'res://assets/props/story/leaf_broad.png' at thread -1
Loading resource: res://assets/props/story/fruit_apple.png remapped: res://assets/props/story/fruit_apple.png
Loading resource: res://.godot/imported/fruit_apple.png-46091d771c1aa8cdaaba23b91d87aec7.ctex remapped: res://.godot/imported/fruit_apple.png-46091d771c1aa8cdaaba23b91d87aec7.ctex
Completed load for: 'res://assets/props/story/fruit_apple.png' remapped 'res://assets/props/story/fruit_apple.png' at thread -1
Loading resource: res://assets/props/gen2/smallfanshell_Image_0_flat.png remapped: res://assets/props/gen2/smallfanshell_Image_0_flat.png
Loading resource: res://.godot/imported/smallfanshell_Image_0_flat.png-62abb8804c373dd276aa38c633ca3f52.s3tc.ctex remapped: res://.godot/imported/smallfanshell_Image_0_flat.png-62abb8804c373dd276aa38c633ca3f52.s3tc.ctex
Completed load for: 'res://assets/props/gen2/smallfanshell_Image_0_flat.png' remapped 'res://assets/props/gen2/smallfanshell_Image_0_flat.png' at thread -1
Loading resource: res://assets/props/gen2/starfish_decal.png remapped: res://assets/props/gen2/starfish_decal.png
Loading resource: res://.godot/imported/starfish_decal.png-5db15fc6116eda353ed8bd7562c43e2c.s3tc.ctex remapped: res://.godot/imported/starfish_decal.png-5db15fc6116eda353ed8bd7562c43e2c.s3tc.ctex
Completed load for: 'res://assets/props/gen2/starfish_decal.png' remapped 'res://assets/props/gen2/starfish_decal.png' at thread -1
Loading resource: res://assets/art35/cards/mg/sprout_sprout.png remapped: res://assets/art35/cards/mg/sprout_sprout.png
Loading resource: res://.godot/imported/sprout_sprout.png-97993a28abaaccd9eeafe17e68982c41.s3tc.ctex remapped: res://.godot/imported/sprout_sprout.png-97993a28abaaccd9eeafe17e68982c41.s3tc.ctex
Completed load for: 'res://assets/art35/cards/mg/sprout_sprout.png' remapped 'res://assets/art35/cards/mg/sprout_sprout.png' at thread -1
Loading resource: res://assets/props/story/leaf_fern.png remapped: res://assets/props/story/leaf_fern.png
Loading resource: res://.godot/imported/leaf_fern.png-a8dea4f5b46c2a585fb0444ae6c9d98f.ctex remapped: res://.godot/imported/leaf_fern.png-a8dea4f5b46c2a585fb0444ae6c9d98f.ctex
Completed load for: 'res://assets/props/story/leaf_fern.png' remapped 'res://assets/props/story/leaf_fern.png' at thread -1
Loading resource: res://assets/props/story/leaf_broad.png remapped: res://assets/props/story/leaf_broad.png
Loading resource: res://.godot/imported/leaf_broad.png-d86ecf7113faae42f9ba3e84818383b8.ctex remapped: res://.godot/imported/leaf_broad.png-d86ecf7113faae42f9ba3e84818383b8.ctex
Completed load for: 'res://assets/props/story/leaf_broad.png' remapped 'res://assets/props/story/leaf_broad.png' at thread -1
Loading resource: res://assets/props/story/fruit_apple.png remapped: res://assets/props/story/fruit_apple.png
Loading resource: res://.godot/imported/fruit_apple.png-46091d771c1aa8cdaaba23b91d87aec7.ctex remapped: res://.godot/imported/fruit_apple.png-46091d771c1aa8cdaaba23b91d87aec7.ctex
Completed load for: 'res://assets/props/story/fruit_apple.png' remapped 'res://assets/props/story/fruit_apple.png' at thread -1
Loading resource: res://assets/props/gen2/smallfanshell_Image_0_flat.png remapped: res://assets/props/gen2/smallfanshell_Image_0_flat.png
Loading resource: res://.godot/imported/smallfanshell_Image_0_flat.png-62abb8804c373dd276aa38c633ca3f52.s3tc.ctex remapped: res://.godot/imported/smallfanshell_Image_0_flat.png-62abb8804c373dd276aa38c633ca3f52.s3tc.ctex
Completed load for: 'res://assets/props/gen2/smallfanshell_Image_0_flat.png' remapped 'res://assets/props/gen2/smallfanshell_Image_0_flat.png' at thread -1
Loading resource: res://assets/props/gen2/starfish_decal.png remapped: res://assets/props/gen2/starfish_decal.png
Loading resource: res://.godot/imported/starfish_decal.png-5db15fc6116eda353ed8bd7562c43e2c.s3tc.ctex remapped: res://.godot/imported/starfish_decal.png-5db15fc6116eda353ed8bd7562c43e2c.s3tc.ctex
Completed load for: 'res://assets/props/gen2/starfish_decal.png' remapped 'res://assets/props/gen2/starfish_decal.png' at thread -1
Loading resource: res://assets/art35/cards/mg/sprout_sprout.png remapped: res://assets/art35/cards/mg/sprout_sprout.png
Loading resource: res://.godot/imported/sprout_sprout.png-97993a28abaaccd9eeafe17e68982c41.s3tc.ctex remapped: res://.godot/imported/sprout_sprout.png-97993a28abaaccd9eeafe17e68982c41.s3tc.ctex
Completed load for: 'res://assets/art35/cards/mg/sprout_sprout.png' remapped 'res://assets/art35/cards/mg/sprout_sprout.png' at thread -1
Loading resource: res://assets/props/story/leaf_fern.png remapped: res://assets/props/story/leaf_fern.png
Loading resource: res://.godot/imported/leaf_fern.png-a8dea4f5b46c2a585fb0444ae6c9d98f.ctex remapped: res://.godot/imported/leaf_fern.png-a8dea4f5b46c2a585fb0444ae6c9d98f.ctex
Completed load for: 'res://assets/props/story/leaf_fern.png' remapped 'res://assets/props/story/leaf_fern.png' at thread -1
Loading resource: res://assets/props/story/leaf_broad.png remapped: res://assets/props/story/leaf_broad.png
Loading resource: res://.godot/imported/leaf_broad.png-d86ecf7113faae42f9ba3e84818383b8.ctex remapped: res://.godot/imported/leaf_broad.png-d86ecf7113faae42f9ba3e84818383b8.ctex
Completed load for: 'res://assets/props/story/leaf_broad.png' remapped 'res://assets/props/story/leaf_broad.png' at thread -1
Loading resource: res://assets/props/story/fruit_apple.png remapped: res://assets/props/story/fruit_apple.png
Loading resource: res://.godot/imported/fruit_apple.png-46091d771c1aa8cdaaba23b91d87aec7.ctex remapped: res://.godot/imported/fruit_apple.png-46091d771c1aa8cdaaba23b91d87aec7.ctex
Completed load for: 'res://assets/props/story/fruit_apple.png' remapped 'res://assets/props/story/fruit_apple.png' at thread -1
EMBER|fortress room 5 uses puzzle engine: OK
Loading resource: res://assets/audio/voices/filler_v1/roshan_dungeon_door_open.ogg remapped: res://assets/audio/voices/filler_v1/roshan_dungeon_door_open.ogg
Loading resource: res://.godot/imported/roshan_dungeon_door_open.ogg-2fa0f4842074fe07d89428588f231a04.oggvorbisstr remapped: res://.godot/imported/roshan_dungeon_door_open.ogg-2fa0f4842074fe07d89428588f231a04.oggvorbisstr
Completed load for: 'res://assets/audio/voices/filler_v1/roshan_dungeon_door_open.ogg' remapped 'res://assets/audio/voices/filler_v1/roshan_dungeon_door_open.ogg' at thread -1
EMBER|puzzle solution physically opens door: OK
Loading resource: res://assets/props/gen2/sponge_barrel_Image_0_flat.png remapped: res://assets/props/gen2/sponge_barrel_Image_0_flat.png
Loading resource: res://.godot/imported/sponge_barrel_Image_0_flat.png-81fc2b53bbe87a12aa25705bcb1bb641.s3tc.ctex remapped: res://.godot/imported/sponge_barrel_Image_0_flat.png-81fc2b53bbe87a12aa25705bcb1bb641.s3tc.ctex
Completed load for: 'res://assets/props/gen2/sponge_barrel_Image_0_flat.png' remapped 'res://assets/props/gen2/sponge_barrel_Image_0_flat.png' at thread -1
Loading resource: res://assets/props/gen2/spiralshell_Image_0_flat.png remapped: res://assets/props/gen2/spiralshell_Image_0_flat.png
Loading resource: res://.godot/imported/spiralshell_Image_0_flat.png-ab836eade8c2d513cc758fcb5b199dd0.s3tc.ctex remapped: res://.godot/imported/spiralshell_Image_0_flat.png-ab836eade8c2d513cc758fcb5b199dd0.s3tc.ctex
Completed load for: 'res://assets/props/gen2/spiralshell_Image_0_flat.png' remapped 'res://assets/props/gen2/spiralshell_Image_0_flat.png' at thread -1
Loading resource: res://assets/audio/voices/filler_v1/roshan_combat_ice_start.ogg remapped: res://assets/audio/voices/filler_v1/roshan_combat_ice_start.ogg
Loading resource: res://.godot/imported/roshan_combat_ice_start.ogg-48c045e1930e3b2184dc6fb8c2784acd.oggvorbisstr remapped: res://.godot/imported/roshan_combat_ice_start.ogg-48c045e1930e3b2184dc6fb8c2784acd.oggvorbisstr
Completed load for: 'res://assets/audio/voices/filler_v1/roshan_combat_ice_start.ogg' remapped 'res://assets/audio/voices/filler_v1/roshan_combat_ice_start.ogg' at thread -1
Loading resource: res://assets/audio/voices/filler_v1/roshan_dungeon_room_enter.ogg remapped: res://assets/audio/voices/filler_v1/roshan_dungeon_room_enter.ogg
Loading resource: res://.godot/imported/roshan_dungeon_room_enter.ogg-6e85f18acb4b400d47dfe748f5630f60.oggvorbisstr remapped: res://.godot/imported/roshan_dungeon_room_enter.ogg-6e85f18acb4b400d47dfe748f5630f60.oggvorbisstr
Completed load for: 'res://assets/audio/voices/filler_v1/roshan_dungeon_room_enter.ogg' remapped 'res://assets/audio/voices/filler_v1/roshan_dungeon_room_enter.ogg' at thread -1
EMBER|fortress room 6 uses combat engine: OK
EMBER|the Molten Throne opens with the ice shell phase: OK
EMBER|movement earns the Molten Throne counter: OK
Loading resource: res://assets/audio/sfx/combat_freeze.wav remapped: res://assets/audio/sfx/combat_freeze.wav
Loading resource: res://.godot/imported/combat_freeze.wav-59f9d8a9f2b11c2f0ee6557ed47250b0.sample remapped: res://.godot/imported/combat_freeze.wav-59f9d8a9f2b11c2f0ee6557ed47250b0.sample
Completed load for: 'res://assets/audio/sfx/combat_freeze.wav' remapped 'res://assets/audio/sfx/combat_freeze.wav' at thread -1
Loading resource: res://assets/audio/voices/filler_v1/roshan_combat_fire_start.ogg remapped: res://assets/audio/voices/filler_v1/roshan_combat_fire_start.ogg
Loading resource: res://.godot/imported/roshan_combat_fire_start.ogg-68184a024615bf6031709d032aed62ed.oggvorbisstr remapped: res://.godot/imported/roshan_combat_fire_start.ogg-68184a024615bf6031709d032aed62ed.oggvorbisstr
Completed load for: 'res://assets/audio/voices/filler_v1/roshan_combat_fire_start.ogg' remapped 'res://assets/audio/voices/filler_v1/roshan_combat_fire_start.ogg' at thread -1
Loading resource: res://assets/audio/sfx/combat_pop.wav remapped: res://assets/audio/sfx/combat_pop.wav
Loading resource: res://.godot/imported/combat_pop.wav-983cacca1a488f0fcdf84cd6214798c6.sample remapped: res://.godot/imported/combat_pop.wav-983cacca1a488f0fcdf84cd6214798c6.sample
Completed load for: 'res://assets/audio/sfx/combat_pop.wav' remapped 'res://assets/audio/sfx/combat_pop.wav' at thread -1
EMBER|movement earns the Molten Throne counter: OK
EMBER|movement earns the Molten Throne counter: OK
EMBER|movement earns the Molten Throne counter: OK
Loading resource: res://assets/audio/voices/filler_v1/roshan_combat_fire_done.ogg remapped: res://assets/audio/voices/filler_v1/roshan_combat_fire_done.ogg
Loading resource: res://.godot/imported/roshan_combat_fire_done.ogg-fb90f2e161f98de311257228473704e8.oggvorbisstr remapped: res://.godot/imported/roshan_combat_fire_done.ogg-fb90f2e161f98de311257228473704e8.oggvorbisstr
Completed load for: 'res://assets/audio/voices/filler_v1/roshan_combat_fire_done.ogg' remapped 'res://assets/audio/voices/filler_v1/roshan_combat_fire_done.ogg' at thread -1
EMBER|dual-element throne resolves: OK
Loading resource: res://assets/audio/voices/filler_v1/roshan_dungeon_done.ogg remapped: res://assets/audio/voices/filler_v1/roshan_dungeon_done.ogg
Loading resource: res://.godot/imported/roshan_dungeon_done.ogg-51d016a2cf844f6ec3442ac2438556f1.oggvorbisstr remapped: res://.godot/imported/roshan_dungeon_done.ogg-51d016a2cf844f6ec3442ac2438556f1.oggvorbisstr
Completed load for: 'res://assets/audio/voices/filler_v1/roshan_dungeon_done.ogg' remapped 'res://assets/audio/voices/filler_v1/roshan_dungeon_done.ogg' at thread -1
EMBER|all six fortress checkpoints persist: OK
EMBER|final room completes the fortress: OK
Loading resource: res://assets/audio/music/ember.ogg remapped: res://assets/audio/music/ember.ogg
Loading resource: res://.godot/imported/ember.ogg-4534fc618a8c6f5914424ecc9ba3afcc.oggvorbisstr remapped: res://.godot/imported/ember.ogg-4534fc618a8c6f5914424ecc9ba3afcc.oggvorbisstr
Completed load for: 'res://assets/audio/music/ember.ogg' remapped 'res://assets/audio/music/ember.ogg' at thread -1
Loading resource: res://assets/audio/voices/filler_v1/roshan_win.ogg remapped: res://assets/audio/voices/filler_v1/roshan_win.ogg
Loading resource: res://.godot/imported/roshan_win.ogg-79c28198cd5b762bc412de4609bf2f1d.oggvorbisstr remapped: res://.godot/imported/roshan_win.ogg-79c28198cd5b762bc412de4609bf2f1d.oggvorbisstr
Completed load for: 'res://assets/audio/voices/filler_v1/roshan_win.ogg' remapped 'res://assets/audio/voices/filler_v1/roshan_win.ogg' at thread -1
EMBER|completion returns outside the Great Gate: OK
EMBER|the Fortress Hero sticker is awarded: OK
EMBER|the save carries the fortress keys: OK
EMBER|castle dungeon still untouched after the finale: OK
Loading resource: res://assets/audio/music/level2.ogg remapped: res://assets/audio/music/level2.ogg
Loading resource: res://.godot/imported/level2.ogg-b8046f808a9b0bfedb2cfe8030063143.oggvorbisstr remapped: res://.godot/imported/level2.ogg-b8046f808a9b0bfedb2cfe8030063143.oggvorbisstr
Completed load for: 'res://assets/audio/music/level2.ogg' remapped 'res://assets/audio/music/level2.ogg' at thread -1
Loading resource: res://assets/flats/sky_lagoon/main/flat_sky_lagoon_main_panorama_v5_tile_r0_c0.png remapped: res://assets/flats/sky_lagoon/main/flat_sky_lagoon_main_panorama_v5_tile_r0_c0.png
Loading resource: res://.godot/imported/flat_sky_lagoon_main_panorama_v5_tile_r0_c0.png-7319183c8376a5d32c3f8a9496db5c0c.s3tc.ctex remapped: res://.godot/imported/flat_sky_lagoon_main_panorama_v5_tile_r0_c0.png-7319183c8376a5d32c3f8a9496db5c0c.s3tc.ctex
Completed load for: 'res://assets/flats/sky_lagoon/main/flat_sky_lagoon_main_panorama_v5_tile_r0_c0.png' remapped 'res://assets/flats/sky_lagoon/main/flat_sky_lagoon_main_panorama_v5_tile_r0_c0.png' at thread -1
Loading resource: res://assets/flats/sky_lagoon/main/flat_sky_lagoon_main_panorama_v5_tile_r0_c1.png remapped: res://assets/flats/sky_lagoon/main/flat_sky_lagoon_main_panorama_v5_tile_r0_c1.png
Loading resource: res://.godot/imported/flat_sky_lagoon_main_panorama_v5_tile_r0_c1.png-a6c1a5c5b9d6882304056bf6376f961f.s3tc.ctex remapped: res://.godot/imported/flat_sky_lagoon_main_panorama_v5_tile_r0_c1.png-a6c1a5c5b9d6882304056bf6376f961f.s3tc.ctex
Completed load for: 'res://assets/flats/sky_lagoon/main/flat_sky_lagoon_main_panorama_v5_tile_r0_c1.png' remapped 'res://assets/flats/sky_lagoon/main/flat_sky_lagoon_main_panorama_v5_tile_r0_c1.png' at thread -1
Loading resource: res://assets/flats/sky_lagoon/main/flat_sky_lagoon_main_panorama_v5_tile_r0_c2.png remapped: res://assets/flats/sky_lagoon/main/flat_sky_lagoon_main_panorama_v5_tile_r0_c2.png
Loading resource: res://.godot/imported/flat_sky_lagoon_main_panorama_v5_tile_r0_c2.png-707b7c1249db60c277ba18a5a90d2606.s3tc.ctex remapped: res://.godot/imported/flat_sky_lagoon_main_panorama_v5_tile_r0_c2.png-707b7c1249db60c277ba18a5a90d2606.s3tc.ctex
Completed load for: 'res://assets/flats/sky_lagoon/main/flat_sky_lagoon_main_panorama_v5_tile_r0_c2.png' remapped 'res://assets/flats/sky_lagoon/main/flat_sky_lagoon_main_panorama_v5_tile_r0_c2.png' at thread -1
Loading resource: res://assets/flats/sky_lagoon/main/flat_sky_lagoon_main_panorama_v5_tile_r0_c3.png remapped: res://assets/flats/sky_lagoon/main/flat_sky_lagoon_main_panorama_v5_tile_r0_c3.png
Loading resource: res://.godot/imported/flat_sky_lagoon_main_panorama_v5_tile_r0_c3.png-f5a0de2cacbf855b5537bfa011fb414f.s3tc.ctex remapped: res://.godot/imported/flat_sky_lagoon_main_panorama_v5_tile_r0_c3.png-f5a0de2cacbf855b5537bfa011fb414f.s3tc.ctex
Completed load for: 'res://assets/flats/sky_lagoon/main/flat_sky_lagoon_main_panorama_v5_tile_r0_c3.png' remapped 'res://assets/flats/sky_lagoon/main/flat_sky_lagoon_main_panorama_v5_tile_r0_c3.png' at thread -1
Loading resource: res://assets/flats/sky_lagoon/main/flat_sky_lagoon_main_panorama_v5_tile_r0_c4.png remapped: res://assets/flats/sky_lagoon/main/flat_sky_lagoon_main_panorama_v5_tile_r0_c4.png
Loading resource: res://.godot/imported/flat_sky_lagoon_main_panorama_v5_tile_r0_c4.png-6999927701c9b5b3f31c766b824f236f.s3tc.ctex remapped: res://.godot/imported/flat_sky_lagoon_main_panorama_v5_tile_r0_c4.png-6999927701c9b5b3f31c766b824f236f.s3tc.ctex
Completed load for: 'res://assets/flats/sky_lagoon/main/flat_sky_lagoon_main_panorama_v5_tile_r0_c4.png' remapped 'res://assets/flats/sky_lagoon/main/flat_sky_lagoon_main_panorama_v5_tile_r0_c4.png' at thread -1
Loading resource: res://assets/flats/sky_lagoon/main/flat_sky_lagoon_main_panorama_v5_tile_r0_c5.png remapped: res://assets/flats/sky_lagoon/main/flat_sky_lagoon_main_panorama_v5_tile_r0_c5.png
Loading resource: res://.godot/imported/flat_sky_lagoon_main_panorama_v5_tile_r0_c5.png-b9e6854ab45a6d7567258f9511f51de7.s3tc.ctex remapped: res://.godot/imported/flat_sky_lagoon_main_panorama_v5_tile_r0_c5.png-b9e6854ab45a6d7567258f9511f51de7.s3tc.ctex
Completed load for: 'res://assets/flats/sky_lagoon/main/flat_sky_lagoon_main_panorama_v5_tile_r0_c5.png' remapped 'res://assets/flats/sky_lagoon/main/flat_sky_lagoon_main_panorama_v5_tile_r0_c5.png' at thread -1
Loading resource: res://assets/flats/sky_lagoon/main/flat_sky_lagoon_main_panorama_v5_tile_r1_c0.png remapped: res://assets/flats/sky_lagoon/main/flat_sky_lagoon_main_panorama_v5_tile_r1_c0.png
Loading resource: res://.godot/imported/flat_sky_lagoon_main_panorama_v5_tile_r1_c0.png-f213172c1a85fc3d9cd1cb8a62b11e61.s3tc.ctex remapped: res://.godot/imported/flat_sky_lagoon_main_panorama_v5_tile_r1_c0.png-f213172c1a85fc3d9cd1cb8a62b11e61.s3tc.ctex
Completed load for: 'res://assets/flats/sky_lagoon/main/flat_sky_lagoon_main_panorama_v5_tile_r1_c0.png' remapped 'res://assets/flats/sky_lagoon/main/flat_sky_lagoon_main_panorama_v5_tile_r1_c0.png' at thread -1
Loading resource: res://assets/flats/sky_lagoon/main/flat_sky_lagoon_main_panorama_v5_tile_r1_c1.png remapped: res://assets/flats/sky_lagoon/main/flat_sky_lagoon_main_panorama_v5_tile_r1_c1.png
Loading resource: res://.godot/imported/flat_sky_lagoon_main_panorama_v5_tile_r1_c1.png-e3959803f8dda52d94b3b458d159f503.s3tc.ctex remapped: res://.godot/imported/flat_sky_lagoon_main_panorama_v5_tile_r1_c1.png-e3959803f8dda52d94b3b458d159f503.s3tc.ctex
Completed load for: 'res://assets/flats/sky_lagoon/main/flat_sky_lagoon_main_panorama_v5_tile_r1_c1.png' remapped 'res://assets/flats/sky_lagoon/main/flat_sky_lagoon_main_panorama_v5_tile_r1_c1.png' at thread -1
Loading resource: res://assets/flats/sky_lagoon/main/flat_sky_lagoon_main_panorama_v5_tile_r1_c2.png remapped: res://assets/flats/sky_lagoon/main/flat_sky_lagoon_main_panorama_v5_tile_r1_c2.png
Loading resource: res://.godot/imported/flat_sky_lagoon_main_panorama_v5_tile_r1_c2.png-0c556d40124fed4dea38c25d4997f920.s3tc.ctex remapped: res://.godot/imported/flat_sky_lagoon_main_panorama_v5_tile_r1_c2.png-0c556d40124fed4dea38c25d4997f920.s3tc.ctex
Completed load for: 'res://assets/flats/sky_lagoon/main/flat_sky_lagoon_main_panorama_v5_tile_r1_c2.png' remapped 'res://assets/flats/sky_lagoon/main/flat_sky_lagoon_main_panorama_v5_tile_r1_c2.png' at thread -1
Loading resource: res://assets/flats/sky_lagoon/main/flat_sky_lagoon_main_panorama_v5_tile_r1_c3.png remapped: res://assets/flats/sky_lagoon/main/flat_sky_lagoon_main_panorama_v5_tile_r1_c3.png
Loading resource: res://.godot/imported/flat_sky_lagoon_main_panorama_v5_tile_r1_c3.png-f8ce0e5f490964960eec056604b88fb0.s3tc.ctex remapped: res://.godot/imported/flat_sky_lagoon_main_panorama_v5_tile_r1_c3.png-f8ce0e5f490964960eec056604b88fb0.s3tc.ctex
Completed load for: 'res://assets/flats/sky_lagoon/main/flat_sky_lagoon_main_panorama_v5_tile_r1_c3.png' remapped 'res://assets/flats/sky_lagoon/main/flat_sky_lagoon_main_panorama_v5_tile_r1_c3.png' at thread -1
Loading resource: res://assets/flats/sky_lagoon/main/flat_sky_lagoon_main_panorama_v5_tile_r1_c4.png remapped: res://assets/flats/sky_lagoon/main/flat_sky_lagoon_main_panorama_v5_tile_r1_c4.png
Loading resource: res://.godot/imported/flat_sky_lagoon_main_panorama_v5_tile_r1_c4.png-7797a4393fb38901583f2658ad8ab140.s3tc.ctex remapped: res://.godot/imported/flat_sky_lagoon_main_panorama_v5_tile_r1_c4.png-7797a4393fb38901583f2658ad8ab140.s3tc.ctex
Completed load for: 'res://assets/flats/sky_lagoon/main/flat_sky_lagoon_main_panorama_v5_tile_r1_c4.png' remapped 'res://assets/flats/sky_lagoon/main/flat_sky_lagoon_main_panorama_v5_tile_r1_c4.png' at thread -1
Loading resource: res://assets/flats/sky_lagoon/main/flat_sky_lagoon_main_panorama_v5_tile_r1_c5.png remapped: res://assets/flats/sky_lagoon/main/flat_sky_lagoon_main_panorama_v5_tile_r1_c5.png
Loading resource: res://.godot/imported/flat_sky_lagoon_main_panorama_v5_tile_r1_c5.png-8c97f92f934f9637c71efb000f19c0ba.s3tc.ctex remapped: res://.godot/imported/flat_sky_lagoon_main_panorama_v5_tile_r1_c5.png-8c97f92f934f9637c71efb000f19c0ba.s3tc.ctex
Completed load for: 'res://assets/flats/sky_lagoon/main/flat_sky_lagoon_main_panorama_v5_tile_r1_c5.png' remapped 'res://assets/flats/sky_lagoon/main/flat_sky_lagoon_main_panorama_v5_tile_r1_c5.png' at thread -1
Loading resource: res://assets/sprites/sky_lagoon/sky_lagoon_smoke_wisp_v2.png remapped: res://assets/sprites/sky_lagoon/sky_lagoon_smoke_wisp_v2.png
Loading resource: res://.godot/imported/sky_lagoon_smoke_wisp_v2.png-0ce85fbfadefcb57be3728144f8353d9.ctex remapped: res://.godot/imported/sky_lagoon_smoke_wisp_v2.png-0ce85fbfadefcb57be3728144f8353d9.ctex
Completed load for: 'res://assets/sprites/sky_lagoon/sky_lagoon_smoke_wisp_v2.png' remapped 'res://assets/sprites/sky_lagoon/sky_lagoon_smoke_wisp_v2.png' at thread -1
Loading resource: res://assets/sprites/sky_lagoon/sky_lagoon_tree_sticker_slender_v1.png remapped: res://assets/sprites/sky_lagoon/sky_lagoon_tree_sticker_slender_v1.png
Loading resource: res://.godot/imported/sky_lagoon_tree_sticker_slender_v1.png-a4ec95b33d54b21f816c4be0231544dc.ctex remapped: res://.godot/imported/sky_lagoon_tree_sticker_slender_v1.png-a4ec95b33d54b21f816c4be0231544dc.ctex
Completed load for: 'res://assets/sprites/sky_lagoon/sky_lagoon_tree_sticker_slender_v1.png' remapped 'res://assets/sprites/sky_lagoon/sky_lagoon_tree_sticker_slender_v1.png' at thread -1
Loading resource: res://assets/sprites/sky_lagoon/sky_lagoon_plane_v5_hd_grade.png remapped: res://assets/sprites/sky_lagoon/sky_lagoon_plane_v5_hd_grade.png
Loading resource: res://.godot/imported/sky_lagoon_plane_v5_hd_grade.png-f5eca59469450d715dd2655bcca07838.ctex remapped: res://.godot/imported/sky_lagoon_plane_v5_hd_grade.png-f5eca59469450d715dd2655bcca07838.ctex
Completed load for: 'res://assets/sprites/sky_lagoon/sky_lagoon_plane_v5_hd_grade.png' remapped 'res://assets/sprites/sky_lagoon/sky_lagoon_plane_v5_hd_grade.png' at thread -1
Loading resource: res://assets/sprites/sky_lagoon/sky_lagoon_slide_v3_compact.png remapped: res://assets/sprites/sky_lagoon/sky_lagoon_slide_v3_compact.png
Loading resource: res://.godot/imported/sky_lagoon_slide_v3_compact.png-f6d8acb2ed44659ff9330d247dbe2f4a.ctex remapped: res://.godot/imported/sky_lagoon_slide_v3_compact.png-f6d8acb2ed44659ff9330d247dbe2f4a.ctex
Completed load for: 'res://assets/sprites/sky_lagoon/sky_lagoon_slide_v3_compact.png' remapped 'res://assets/sprites/sky_lagoon/sky_lagoon_slide_v3_compact.png' at thread -1
Loading resource: res://assets/sprites/sky_lagoon/sky_lagoon_seesaw_v5_fitted.png remapped: res://assets/sprites/sky_lagoon/sky_lagoon_seesaw_v5_fitted.png
Loading resource: res://.godot/imported/sky_lagoon_seesaw_v5_fitted.png-05e6419057f04aacb784c637164d80db.ctex remapped: res://.godot/imported/sky_lagoon_seesaw_v5_fitted.png-05e6419057f04aacb784c637164d80db.ctex
Completed load for: 'res://assets/sprites/sky_lagoon/sky_lagoon_seesaw_v5_fitted.png' remapped 'res://assets/sprites/sky_lagoon/sky_lagoon_seesaw_v5_fitted.png' at thread -1
Loading resource: res://assets/sprites/sky_lagoon/sky_lagoon_contact_shadow.png remapped: res://assets/sprites/sky_lagoon/sky_lagoon_contact_shadow.png
Loading resource: res://.godot/imported/sky_lagoon_contact_shadow.png-5822a958a724d638078d258beb4b6c09.s3tc.ctex remapped: res://.godot/imported/sky_lagoon_contact_shadow.png-5822a958a724d638078d258beb4b6c09.s3tc.ctex
Completed load for: 'res://assets/sprites/sky_lagoon/sky_lagoon_contact_shadow.png' remapped 'res://assets/sprites/sky_lagoon/sky_lagoon_contact_shadow.png' at thread -1
Loading resource: res://assets/sprites/sky_lagoon/sky_lagoon_castle_door_focus_v1.png remapped: res://assets/sprites/sky_lagoon/sky_lagoon_castle_door_focus_v1.png
Loading resource: res://.godot/imported/sky_lagoon_castle_door_focus_v1.png-2701a9f7f47dfc7727deae7894179758.ctex remapped: res://.godot/imported/sky_lagoon_castle_door_focus_v1.png-2701a9f7f47dfc7727deae7894179758.ctex
Completed load for: 'res://assets/sprites/sky_lagoon/sky_lagoon_castle_door_focus_v1.png' remapped 'res://assets/sprites/sky_lagoon/sky_lagoon_castle_door_focus_v1.png' at thread -1
Loading resource: res://assets/sprites/sky_lagoon/animals/raccoon_idle_atlas.png remapped: res://assets/sprites/sky_lagoon/animals/raccoon_idle_atlas.png
Loading resource: res://.godot/imported/raccoon_idle_atlas.png-964762d72f005c56eb7719e777deea16.s3tc.ctex remapped: res://.godot/imported/raccoon_idle_atlas.png-964762d72f005c56eb7719e777deea16.s3tc.ctex
Completed load for: 'res://assets/sprites/sky_lagoon/animals/raccoon_idle_atlas.png' remapped 'res://assets/sprites/sky_lagoon/animals/raccoon_idle_atlas.png' at thread -1
EMBER|home ring returns to the lagoon: OK
EMBER|result: ALL OK
XR: Clearing primary interface
XR: Removed interface "Native mobile"
XR: Removed interface "OpenXR"
Leaked instance: OggPacketSequence:9223372154228180824 - Reference count: 3
Leaked instance: AudioStreamOggVorbis:9223372154244958041 - Reference count: 1
Leaked instance: OggPacketSequence:9223372154463061852 - Reference count: 3
Leaked instance: AudioStreamOggVorbis:9223372154479839069 - Reference count: 1
Leaked instance: AudioStreamPlaybackOggVorbis:9223372178504813540 - Reference count: 1
Leaked instance: OggPacketSequencePlayback:9223372178521590757 - Reference count: 1
Leaked instance: OggPacketSequence:9223372178420927462 - Reference count: 3
Leaked instance: AudioStreamOggVorbis:9223372178437704679 - Reference count: 1
Leaked instance: AudioStreamPlaybackOggVorbis:9223372334516145132 - Reference count: 1
Leaked instance: OggPacketSequencePlayback:9223372334532922350 - Reference count: 1
Leaked instance: AudioStreamOggVorbis:9223372334449036271 - Reference count: 1
Leaked instance: OggPacketSequence:9223372334432259056 - Reference count: 3
Leaked instance: AudioStreamPlaybackOggVorbis:9223372340639828991 - Reference count: 1
Leaked instance: AudioStreamPlaybackOggVorbis:9223372334197378884 - Reference count: 1
Leaked instance: OggPacketSequencePlayback:9223372340656607104 - Reference count: 1
Leaked instance: OggPacketSequencePlayback:9223372334214156275 - Reference count: 1
Hint: Leaked instances typically happen when nodes are removed from the scene tree (with `remove_child()`) but not freed (with `free()` or `queue_free()`).
Resource still in use: res://assets/audio/voices/filler_v1/yay.ogg::OggPacketSequence_go7oj (OggPacketSequence)
Resource still in use: res://assets/audio/voices/filler_v1/yay.ogg (AudioStreamOggVorbis)
Resource still in use: res://assets/audio/chime.ogg::OggPacketSequence_ynud5 (OggPacketSequence)
Resource still in use: res://assets/audio/chime.ogg (AudioStreamOggVorbis)
Resource still in use: res://assets/audio/ambience_lagoon.ogg::OggPacketSequence_vmlxg (OggPacketSequence)
Resource still in use: res://assets/audio/ambience_lagoon.ogg (AudioStreamOggVorbis)
Resource still in use: res://assets/audio/music/level2.ogg::OggPacketSequence_nl8dh (OggPacketSequence)
Resource still in use: res://assets/audio/music/level2.ogg (AudioStreamOggVorbis)
Orphan StringName: Ambience (static: 0, total: 2)
Orphan StringName: SFX (static: 0, total: 2)
Orphan StringName: Music (static: 0, total: 2)
Orphan StringName: Voice (static: 0, total: 2)
StringName: 4 unclaimed string names at exit.
WARNING: 16 ObjectDB instances were leaked at exit (run with `--verbose` for details).
   at: cleanup (core/object/object.cpp:2536)
ERROR: 8 resources still in use at exit.
   at: clear (core/io/resource.cpp:817)
