Godot Engine v4.7.2.stable.official.ed1daf0bf - https://godotengine.org

[   0% ] [90m[1mfirst_scan_filesystem[22m | Started Project initialization (5 steps)[39m[0m
[   0% ] [90m[1mfirst_scan_filesystem[22m | Scanning file structure...[39m[0m
WARNING: Detected another project.godot at res://tmp/day2_svg_review. The folder will be ignored.
   at: _should_skip_directory (editor/file_system/editor_file_system.cpp:3497)
[  16% ] [90m[1mfirst_scan_filesystem[22m | Loading global class names...[39m[0m
[  33% ] [90m[1mfirst_scan_filesystem[22m | Verifying GDExtensions...[39m[0m
[  50% ] [90m[1mfirst_scan_filesystem[22m | Creating autoload scripts...[39m[0m
[  66% ] [90m[1mfirst_scan_filesystem[22m | Initializing plugins...[39m[0m
[  83% ] [90m[1mfirst_scan_filesystem[22m | Starting file scan...[39m[0m
[92m[ DONE ][39m [1mfirst_scan_filesystem[22m
[0m
[   0% ] [90m[1mupdate_scripts_classes[22m | Started Registering global classes... (3 steps)[39m[0m
[   0% ] [90m[1mupdate_scripts_classes[22m | DollsGame[39m[0m
[  25% ] [90m[1mupdate_scripts_classes[22m | OperaCareerWorld2D[39m[0m
[  50% ] [90m[1mupdate_scripts_classes[22m | OperaNurseryCatch[39m[0m
[92m[ DONE ][39m [1mupdate_scripts_classes[22m
[0m
[   0% ] [90m[1mloading_editor_layout[22m | Started Loading editor (5 steps)[39m[0m
[   0% ] [90m[1mloading_editor_layout[22m | Loading editor layout...[39m[0m
[  16% ] [90m[1mloading_editor_layout[22m | Loading docks...[39m[0m
[92m[ DONE ][39m [1mloading_editor_layout[22m
[0m
GAME2D| DEBT| model_files=0| model_scan_coverage_files=0| active_export_model_files=0| model_import_sidecars=0| active_untracked_model_import_sidecars=0| model_archive_files=0| production_3d_files=52| probe_3d_files=61| scene_3d_files=1| configuration_3d_files=1| archive_now_model_files=0
GAME2D| STATUS| UNSATISFIED
GAME2D| RESULT| NO_REGRESSION - exact shrinking baseline; migration debt remains UNSATISFIED
=== probe_audit ===
Godot Engine v4.7.2.stable.official.ed1daf0bf - https://godotengine.org

AUDIT|Day One lock and progressive room contract: OK
AUDIT|Storybook UI contract: OK
AUDIT|boot OK, seed=
AUDIT|Slide Canvas|approved panorama master remains exact 6144x2048 source: OK
WARNING: Loaded resource as image file, this will not work on export: 'res://assets/flats/sky_lagoon/main/flat_sky_lagoon_main_panorama_v5_tile_r0_c2.png'. Instead, import the image file as an Image resource and load it normally as a resource.
   at: load_from_file (core/io/image.cpp:2780)
   GDScript backtrace (most recent call first):
       [0] _slide_check_assets (res://scripts/probe_audit.gd:820)
       [1] _audit_slide_canvas (res://scripts/probe_audit.gd:386)
       [2] _init (res://scripts/probe_audit.gd:141)
WARNING: Loaded resource as image file, this will not work on export: 'res://assets/flats/sky_lagoon/main/flat_sky_lagoon_main_panorama_v5_tile_r0_c3.png'. Instead, import the image file as an Image resource and load it normally as a resource.
   at: load_from_file (core/io/image.cpp:2780)
   GDScript backtrace (most recent call first):
       [0] _slide_check_assets (res://scripts/probe_audit.gd:820)
       [1] _audit_slide_canvas (res://scripts/probe_audit.gd:386)
       [2] _init (res://scripts/probe_audit.gd:141)
WARNING: Loaded resource as image file, this will not work on export: 'res://assets/flats/sky_lagoon/main/flat_sky_lagoon_main_panorama_v5_tile_r1_c2.png'. Instead, import the image file as an Image resource and load it normally as a resource.
   at: load_from_file (core/io/image.cpp:2780)
   GDScript backtrace (most recent call first):
       [0] _slide_check_assets (res://scripts/probe_audit.gd:820)
       [1] _audit_slide_canvas (res://scripts/probe_audit.gd:386)
       [2] _init (res://scripts/probe_audit.gd:141)
WARNING: Loaded resource as image file, this will not work on export: 'res://assets/flats/sky_lagoon/main/flat_sky_lagoon_main_panorama_v5_tile_r1_c3.png'. Instead, import the image file as an Image resource and load it normally as a resource.
   at: load_from_file (core/io/image.cpp:2780)
   GDScript backtrace (most recent call first):
       [0] _slide_check_assets (res://scripts/probe_audit.gd:820)
       [1] _audit_slide_canvas (res://scripts/probe_audit.gd:386)
       [2] _init (res://scripts/probe_audit.gd:141)
AUDIT|Slide Canvas|four lossless center tiles pixel-reconstruct one native screen: OK
WARNING: Loaded resource as image file, this will not work on export: 'res://assets/sprites/sky_lagoon/sky_lagoon_slide_v3_compact.png'. Instead, import the image file as an Image resource and load it normally as a resource.
   at: load_from_file (core/io/image.cpp:2780)
   GDScript backtrace (most recent call first):
       [0] _slide_check_assets (res://scripts/probe_audit.gd:835)
       [1] _audit_slide_canvas (res://scripts/probe_audit.gd:386)
       [2] _init (res://scripts/probe_audit.gd:141)
WARNING: Loaded resource as image file, this will not work on export: 'res://assets/characters/friends/two_friends.png'. Instead, import the image file as an Image resource and load it normally as a resource.
   at: load_from_file (core/io/image.cpp:2780)
   GDScript backtrace (most recent call first):
       [0] _slide_check_assets (res://scripts/probe_audit.gd:835)
       [1] _audit_slide_canvas (res://scripts/probe_audit.gd:386)
       [2] _init (res://scripts/probe_audit.gd:141)
WARNING: Loaded resource as image file, this will not work on export: 'res://assets/props/gen2/clownfish_side.png'. Instead, import the image file as an Image resource and load it normally as a resource.
   at: load_from_file (core/io/image.cpp:2780)
   GDScript backtrace (most recent call first):
       [0] _slide_check_assets (res://scripts/probe_audit.gd:835)
       [1] _audit_slide_canvas (res://scripts/probe_audit.gd:386)
       [2] _init (res://scripts/probe_audit.gd:141)
WARNING: Loaded resource as image file, this will not work on export: 'res://assets/sprites/sky_lagoon/roshan_playground/roshan_slide_0.png'. Instead, import the image file as an Image resource and load it normally as a resource.
   at: load_from_file (core/io/image.cpp:2780)
   GDScript backtrace (most recent call first):
       [0] _slide_check_assets (res://scripts/probe_audit.gd:835)
       [1] _audit_slide_canvas (res://scripts/probe_audit.gd:386)
       [2] _init (res://scripts/probe_audit.gd:141)
WARNING: Loaded resource as image file, this will not work on export: 'res://assets/sprites/sky_lagoon/roshan_playground/roshan_slide_1.png'. Instead, import the image file as an Image resource and load it normally as a resource.
   at: load_from_file (core/io/image.cpp:2780)
   GDScript backtrace (most recent call first):
       [0] _slide_check_assets (res://scripts/probe_audit.gd:835)
       [1] _audit_slide_canvas (res://scripts/probe_audit.gd:386)
       [2] _init (res://scripts/probe_audit.gd:141)
WARNING: Loaded resource as image file, this will not work on export: 'res://assets/sprites/sky_lagoon/roshan_playground/roshan_slide_2_v2.png'. Instead, import the image file as an Image resource and load it normally as a resource.
   at: load_from_file (core/io/image.cpp:2780)
   GDScript backtrace (most recent call first):
       [0] _slide_check_assets (res://scripts/probe_audit.gd:835)
       [1] _audit_slide_canvas (res://scripts/probe_audit.gd:386)
       [2] _init (res://scripts/probe_audit.gd:141)
WARNING: Loaded resource as image file, this will not work on export: 'res://assets/sprites/sky_lagoon/roshan_playground/roshan_slide_3_v2.png'. Instead, import the image file as an Image resource and load it normally as a resource.
   at: load_from_file (core/io/image.cpp:2780)
   GDScript backtrace (most recent call first):
       [0] _slide_check_assets (res://scripts/probe_audit.gd:835)
       [1] _audit_slide_canvas (res://scripts/probe_audit.gd:386)
       [2] _init (res://scripts/probe_audit.gd:141)
AUDIT|Slide Canvas|slide, protected friends, fish, and four Roshan frames are immutable: OK
AUDIT|Slide Canvas|controller runtime census names only the approved reused art: OK
AUDIT|Slide Canvas|all reused art families retain repository provenance: OK
AUDIT|Slide Canvas|one Harper/Fiona fish route is present and initially unawarded: OK
AUDIT|Slide Canvas|real nondefault camera peek is live before fish entry: OK
AUDIT|Slide Canvas|neutral fixture starts from an exact nondefault chime context: OK
AUDIT|Slide Canvas|living-world layer is genuinely live before fish entry: OK
AUDIT|Slide Canvas|retired Critter Book corner stays absent before fish entry: OK
AUDIT|Slide Canvas|unmapped axis and d-pad fallback is genuinely live before Canvas entry: OK
AUDIT|Slide Canvas|direct launch synchronously enters only fish Canvas: OK
AUDIT|Slide Canvas|fish entry and real terminal pad events retire every raw fallback: OK
AUDIT|Slide Canvas|entry owns one stable Canvas layer below pause and above HUD: OK
AUDIT|Slide Canvas|entry snapshots the exact nondefault lens and clears viewport ownership: OK
AUDIT|Slide Canvas|entry keeps the retired Critter corner absent with no extra persistent click target: OK
AUDIT|Slide Canvas|entry snapshots and removes the living-world layer from lower drawing: OK
AUDIT|Slide Canvas|stage tree contains only the exact backdrop, actors, fish, pips, and dual steer cues: OK
AUDIT|Slide Canvas|controller route and mercy semantics are exact: OK
AUDIT|Slide Canvas|post-Canvas census maps every touch, mouse, key, pad, and axis terminal exactly: OK
AUDIT|Slide Canvas|opening objective is exact voice plus persistent non-reader steer cues: OK
AUDIT|Slide Canvas|runtime binds exact native tiles through one common transform: OK
AUDIT|Slide Canvas|runtime binds protected friends, slide, Roshan, five fish and five pips: OK
AUDIT|Slide Canvas|live Canvas owns exactly eleven reused texture resources within 24 MiB: OK
AUDIT|Slide Canvas|opening black cover owns the exact 1280x720 viewport above fish Canvas: OK
AUDIT|Slide Canvas|controller exposes the exact completion-reward chime handoff seam: OK
AUDIT|Slide Canvas|live fish Canvas can hold unclaimed real raw RIGHT_X and A fallback: OK
AUDIT|Slide Canvas|entry OS-loss fixture begins before the real fade callback: OK
AUDIT|Slide Canvas|entry focus-out plus app-paused nests both reasons under black: OK
AUDIT|Slide Canvas|entry partial restore cannot override remaining focus loss: OK
AUDIT|Slide Canvas|entry full restore retains a guard while fade still owns input: OK
AUDIT|Slide Canvas|opening black cover swallows a complete touch neutrally: OK
AUDIT|Slide Canvas|first restored frame retires only context guard under black: OK
AUDIT|Slide Canvas|fade reveal restores input only at the real callback boundary: OK
AUDIT|Slide Canvas|opening restore holds ride progress through the fade callback: OK
AUDIT|Slide Canvas|first active boundary after callback is still source-free at the shell: OK
AUDIT|Slide Canvas|bounded first active tick retires the startup release guard: OK
AUDIT|Slide Canvas|startup becomes ready only after the fade callback boundary: OK
AUDIT|Slide Canvas|revealed cover remains full-viewport and input-transparent at 1280x720: OK
AUDIT|Slide Canvas|return poll vocabulary owns Enter, keypad Enter, X, and Y: OK
AUDIT|Slide Canvas|first live fish Canvas frame disables hidden 3D camera rendering: OK
AUDIT|Slide Canvas|1280x720 visible sprite texture coverage 1.473 screens; estimated painter coverage 3.473 screens includes exactly two ColorRects; native Mobile fill/FPS capture remains authoritative: OK
AUDIT|Slide Canvas|actual 1280x720 stage is opaque, readable, and fully contained: OK
AUDIT|Slide Canvas|1280x800 visible sprite texture coverage 1.422 screens; estimated Canvas painter coverage 3.422 screens: OK
AUDIT|Slide Canvas|same live stage reflows safely to 1280x800: OK
AUDIT|Slide Canvas|clear fade cover reflows to the exact 1280x800 viewport without rebuilding: OK
AUDIT|Slide Canvas|restored 1280x720 visible sprite texture coverage 1.470 screens; estimated Canvas painter coverage 3.470 screens: OK
AUDIT|Slide Canvas|1280x720 restore needs no rebuild and retains all semantics: OK
AUDIT|Slide Canvas|clear fade cover restores the exact 1280x720 viewport without rebuilding: OK
AUDIT|Slide Canvas|viewport resize remains gameplay-frozen while nested OS loss owns input: OK
AUDIT|Slide Canvas|full resize restore starts with the source-free controller guard: OK
AUDIT|Slide Canvas|first restored resize boundary is fully laid out at 1280x800 without advancing the course: OK
PROBE probe_audit process exit: 127
=== probe_passive ===
Godot Engine v4.7.2.stable.official.ed1daf0bf - https://godotengine.org

PASSIVE|boot OK
PASSIVE|Chapter Two snapshot mutation contract: OK all 26 fields detected
PASSIVE|Day One snapshot contract: OK serialized fields covered
PASSIVE|Critter Book: OK not collected
PASSIVE|Evie and Lamb-a' [seek]: OK active and unrewarded at 60s
PASSIVE|Harper and Fiona [slide]: OK active and unrewarded at 60s
PASSIVE|Faron [dolls]: OK active and unrewarded at 60s
PASSIVE|Daddy Mermaid [melody]: OK active and unrewarded at 60s
PASSIVE|Wacky and Chuck [fetch]: OK active and unrewarded at 60s
PASSIVE|Pearl Shop agency: OK idle/held safe; fresh press buys once
PASSIVE|Penguin Slide agency: OK passive restarts; exits are neutral
PASSIVE|Fairy agency: OK terminal bloom waits for a fresh verb
PASSIVE|Toy Castle agency: OK Huluu stuns, only Roshan's tap pops
PASSIVE|Stuffie patient care: OK present, unchanged, and optional after 181s
PASSIVE|Water FX: OK ambient channels proc nothing
PASSIVE|result: ALL OK
PROBE probe_passive process exit: 0
=== probe_dolls ===
Godot Engine v4.7.2.stable.official.ed1daf0bf - https://godotengine.org

DOLLS|OK|Faron's Dolls friend exists
DOLLS|OK|fresh isolated save has not pre-won Dolls
DOLLS|OK|unowned close preserves another control owner's block
DOLLS|OK|foreign fixture cleanup restores the exact control baseline
DOLLS|OK|entry adds exactly one direct Dolls Canvas child
DOLLS|OK|stage is exactly five nodes with no per-baby scene children
DOLLS|OK|Dolls sits above hidden HUD and below speech and pause
DOLLS|OK|approved 2x2 nursery world tiles are the only backdrop art
DOLLS|OK|known P3 widget placeholders are neither loaded nor displayed
DOLLS|OK|all three approved baby cutouts are active
DOLLS|OK|goal, no-fail and two-second live-input gate are unchanged
DOLLS|OK|picture-first pointer remains while the exact goal clip is missing
DOLLS|OK|cradle focus visibly bobs and pulses without a tween or node
DOLLS|OK|focus and bowl leave Roshan and the falling target unobscured
DOLLS|OK|native nursery panel stays centered, bounded and never upscaled
DOLLS|OK|opaque backing covers the viewport behind the authored panel
DOLLS|OK|selected skin follows the catcher behind every gameplay draw
DOLLS|OK|entry neither mutates game_nodes nor constructs a hidden arena
DOLLS|OK|Dolls exclusively owns and blocks world controls while active
DOLLS|OK|passive fixture uses a center-lane falling baby
DOLLS|OK|center-lane miss rests below every active target and sling
DOLLS|OK|zero input makes two pillow-safe misses and no catch
DOLLS|OK|passive play leaves all persistent progress unchanged
DOLLS|OK|runtime mirrors the exact miss metric and picture pip count
DOLLS|OK|passive dictionaries stay bounded without child growth
DOLLS|OK|a safe miss invokes the exact rate-limited Faron cue
DOLLS|OK|after two misses the next baby is nearer and slower
DOLLS|OK|neutral exit synchronously detaches Dolls only
DOLLS|OK|neutral exit frees the complete five-node subtree
DOLLS|OK|neutral exit is neither a win nor an award
DOLLS|OK|rapid rebuild replaces, rather than duplicates, the Canvas layer
DOLLS|OK|rapidly replaced layer is freed on the next frame
DOLLS|OK|entry adds exactly one direct Dolls Canvas child
DOLLS|OK|stage is exactly five nodes with no per-baby scene children
DOLLS|OK|Dolls sits above hidden HUD and below speech and pause
DOLLS|OK|approved 2x2 nursery world tiles are the only backdrop art
DOLLS|OK|known P3 widget placeholders are neither loaded nor displayed
DOLLS|OK|all three approved baby cutouts are active
DOLLS|OK|goal, no-fail and two-second live-input gate are unchanged
DOLLS|OK|picture-first pointer remains while the exact goal clip is missing
DOLLS|OK|cradle focus visibly bobs and pulses without a tween or node
DOLLS|OK|focus and bowl leave Roshan and the falling target unobscured
DOLLS|OK|native nursery panel stays centered, bounded and never upscaled
DOLLS|OK|opaque backing covers the viewport behind the authored panel
DOLLS|OK|selected skin follows the catcher behind every gameplay draw
DOLLS|OK|entry neither mutates game_nodes nor constructs a hidden arena
DOLLS|OK|Dolls exclusively owns and blocks world controls while active
DOLLS|OK|real press, drag, and release completes the three-doll verb
DOLLS|OK|missed count flows into the exact saved medal tier
DOLLS|OK|first win awards exactly one trophy and persists Faron
DOLLS|OK|win removes Dolls and restores controls without game-node mutation
DOLLS|OK|win teardown frees its layer and surface
DOLLS|OK|post-win re-entry starts one fresh zeroed surface
DOLLS|OK|fresh one-finger replay catches three with no miss
DOLLS|OK|better replay upgrades to gold without duplicating the trophy
DOLLS|OK|replay teardown is clean and leaves no duplicate Dolls layer
DOLLS|result: ALL OK
PROBE probe_dolls process exit: 0
=== probe_l2_reenter ===
Godot Engine v4.7.2.stable.official.ed1daf0bf - https://godotengine.org

REENTER|canvas_first: OK
REENTER|canvas_rebuild_no_stack: OK
REENTER|ALL OK
PROBE probe_l2_reenter process exit: 0
=== probe_opera_2d ===
Godot Engine v4.7.2.stable.official.ed1daf0bf - https://godotengine.org

OPERA2D|OK|all cataloged diegetic object art passes resource, alpha, and aspect QA
OPERA2D|OK|all 61 shipping phases resolve through aliases to hotspot art specs
TREE_BOOK|exact cue available tree: OK
TREE_BOOK|exact cue available leaf: OK
TREE_BOOK|exact cue available medicine: OK
TREE_BOOK|exact cue available carry: OK
TREE_BOOK|exact cue available spray: OK
TREE_BOOK|exact cue available done: OK
TREE_BOOK|exact cue available try_tree: OK
TREE_BOOK|exact cue available try_spots: OK
TREE_BOOK|four distinct choices at step 0: OK
TREE_BOOK|5-second glow, no passive win 0: OK
TREE_BOOK|10-second hand, no passive win 0: OK
TREE_BOOK|second finger cannot answer 0: OK
TREE_BOOK|canceled touch cannot answer 0: OK
TREE_BOOK|wrong answer preserves earned work 0: OK
TREE_BOOK|focus loss drops old touch 0: OK
TREE_BOOK|intentional answer advances exactly once 0: OK
TREE_BOOK|JSON round trip retains step 0: OK
TREE_BOOK|four distinct choices at step 1: OK
TREE_BOOK|5-second glow, no passive win 1: OK
TREE_BOOK|10-second hand, no passive win 1: OK
TREE_BOOK|second finger cannot answer 1: OK
TREE_BOOK|canceled touch cannot answer 1: OK
TREE_BOOK|wrong answer preserves earned work 1: OK
TREE_BOOK|focus loss drops old touch 1: OK
TREE_BOOK|intentional answer advances exactly once 1: OK
TREE_BOOK|JSON round trip retains step 1: OK
TREE_BOOK|four distinct choices at step 2: OK
TREE_BOOK|5-second glow, no passive win 2: OK
TREE_BOOK|10-second hand, no passive win 2: OK
TREE_BOOK|second finger cannot answer 2: OK
TREE_BOOK|canceled touch cannot answer 2: OK
TREE_BOOK|wrong answer preserves earned work 2: OK
TREE_BOOK|focus loss drops old touch 2: OK
TREE_BOOK|intentional answer advances exactly once 2: OK
TREE_BOOK|JSON round trip retains step 2: OK
TREE_BOOK|carry arrives without healing: OK
TREE_BOOK|treatment also requires input: OK
TREE_BOOK|nested focus loss remains suspended: OK
TREE_BOOK|pause cancels held spray: OK
TREE_BOOK|partial medicine survives resume: OK
TREE_BOOK|deliberate medicine heals same patient: OK
TREE_BOOK|completed sticker survives resume: OK
TREE_BOOK|replay starts a fresh optional practice: OK
TREE_BOOK|malformed checkpoint defaults safely: OK
TREE_BOOK|malformed checkpoint defaults safely: OK
TREE_BOOK|malformed checkpoint defaults safely: OK
TREE_BOOK|malformed checkpoint defaults safely: OK
TREE_BOOK|malformed checkpoint defaults safely: OK
TREE_BOOK|closed activity has no pending action: OK
TREE_BOOK|painted Opera House book opens level: OK
TREE_BOOK|real viewport touch reaches book without world controls: OK
TREE_BOOK|exit restores foyer and preserves stars: OK
TREE_BOOK|exit writes checkpoint to the actual save file: OK
TREE_BOOK|reentry uses saved step: OK
TREE_BOOK|venue close tears down child activity: OK
TREE_BOOK|room route teardown releases practice input and navigation: OK
OPERA2D|OK|Tree Book optional practice input and lifecycle
OPERA2D|OK|kitchen route uses its exact diegetic entrances and approved art
OPERA2D|OK|kitchen highlights exactly its preferred career atlas
OPERA2D|OK|opera_hall route uses its exact diegetic entrances and approved art
OPERA2D|OK|Opera Hall guides the physical portal on Roshan's floor
OPERA2D|OK|library route uses its exact diegetic entrances and approved art
OPERA2D|OK|library highlights exactly its preferred career atlas
OPERA2D|OK|craft_room route uses its exact diegetic entrances and approved art
OPERA2D|OK|craft_room highlights exactly its preferred career atlas
OPERA2D|OK|playroom route uses its exact diegetic entrances and approved art
OPERA2D|OK|playroom highlights exactly its preferred career atlas
OPERA2D|OK|bubble_bath route uses its exact diegetic entrances and approved art
OPERA2D|OK|bubble_bath highlights exactly its preferred career atlas
OPERA2D|OK|mermaid_pool route uses its exact diegetic entrances and approved art
OPERA2D|OK|mermaid_pool highlights exactly its preferred career atlas
OPERA2D|OK|dining_room route uses its exact diegetic entrances and approved art
OPERA2D|OK|dining_room highlights exactly its preferred career atlas
OPERA2D|OK|movie_lounge route uses its exact diegetic entrances and approved art
OPERA2D|OK|movie_lounge highlights exactly its preferred career atlas
OPERA2D|OK|nine room route sets cover all fifteen live sparse slots once
OPERA2D|OK|Opera Hall has only Ballerina, Pop Star and Magician
OPERA2D|OK|the removed all-career lobby cannot load or appear
OPERA2D|OK|OperaHouse starts one requested Canvas career with no picker
OPERA2D|OK|direct career cancel restores its caller's touch state
OPERA2D|OK|boxer keeps stable Opera save bit 128
OPERA2D|OK|only the three approved Opera Hall careers have a two-act performance
OPERA2D|OK|chef enters Canvas career world
OPERA2D|OK|chef uses no 3D children in career play
OPERA2D|OK|chef builds a scalable code-native career world
OPERA2D|OK|chef loads Mermaid Roshan's outfit actor
OPERA2D|OK|chef loads its dressed rival or care partner
OPERA2D|OK|chef keeps the rival hidden during earlier minigames
OPERA2D|OK|chef pauses competition scoring before the finale
OPERA2D|OK|chef has a multi-phase job game
OPERA2D|OK|chef applies the performance plan only to the three freeplay acts
OPERA2D|OK|chef starts without passive progress
OPERA2D|OK|chef opens with its job verb, not the shared brawl
OPERA2D|OK|chef waits at the room entrance in its costume idle
OPERA2D|OK|chef costume atlas advances frames
OPERA2D|OK|chef contains its signature mechanic
OPERA2D|OK|chef STIR finishes in 1.5 to 2.2 rotations
OPERA2D|OK|chef retains its thematic rotation verb
OPERA2D|OK|chef avoids copied combat phases
OPERA2D|OK|twenty rapid reactions return Roshan to her exact rest transform
OPERA2D|OK|chef keeps the stage finale for the job contest
OPERA2D|OK|chef starts in its job world, off the proscenium
OPERA2D|OK|chef paints the supplied codex career world
OPERA2D|OK|chef owns complete stage art
OPERA2D|OK|chef TOP places pieces on authored surface anchors
OPERA2D|OK|chef loads every diegetic phase widget
OPERA2D|OK|chef widgets remain input-causal with owner-gated completion
OPERA2D|OK|chef suppresses every retired framed widget backdrop
OPERA2D|OK|chef keeps a persistent borderless play affordance
OPERA2D|OK|chef replaces clipboard and beacon textures with the room itself
OPERA2D|OK|chef exposes one full-room constrained touch layer
OPERA2D|OK|chef starts with the room available and its task closed
OPERA2D|OK|chef builds only named physical ActivityHotspot objects
OPERA2D|OK|chef hotspot invitations are pictorial and never reading-dependent
OPERA2D|OK|chef MIX arms exactly its themed room object
OPERA2D|OK|chef MIX hotspot art, glow, and touch target do not clip
OPERA2D|OK|chef MIX keeps its idle object clear of Roshan's body
OPERA2D|OK|chef STIR arms exactly its themed room object
OPERA2D|OK|chef STIR hotspot art, glow, and touch target do not clip
OPERA2D|OK|chef STIR keeps its idle object clear of Roshan's body
OPERA2D|OK|chef BAKE arms exactly its themed room object
OPERA2D|OK|chef BAKE hotspot art, glow, and touch target do not clip
OPERA2D|OK|chef BAKE keeps its idle object clear of Roshan's body
OPERA2D|OK|chef FROST arms exactly its themed room object
OPERA2D|OK|chef FROST hotspot art, glow, and touch target do not clip
OPERA2D|OK|chef FROST keeps its idle object clear of Roshan's body
OPERA2D|OK|chef TOP arms exactly its themed room object
OPERA2D|OK|chef TOP hotspot art, glow, and touch target do not clip
OPERA2D|OK|chef TOP keeps its idle object clear of Roshan's body
OPERA2D|OK|chef re-arms only the next phase object and blocks all others
OPERA2D|OK|chef safely returns the phase-one invitation after rearm audit
OPERA2D|OK|chef blocks every inactive room object
OPERA2D|OK|chef animates its invitation without passive game progress
OPERA2D|OK|chef cannot open or score a closed task with real gestures
OPERA2D|OK|chef emulated mouse cannot steal the active touch
OPERA2D|OK|chef touch drag does not act before release/arrival
OPERA2D|OK|chef foreign finger cannot commit travel intent
OPERA2D|OK|chef touch release queues object approach without opening remotely
OPERA2D|OK|chef cancelled touch clears pending action and movement
OPERA2D|OK|chef canceled vertical step settles at its clean floor coordinate
OPERA2D|OK|chef mouse drag release shares touch object approach
OPERA2D|OK|chef floor retarget cancels previous object intent
OPERA2D|OK|chef hotspot tap starts an authored route, never the task
OPERA2D|OK|chef hotspot tap cannot award immediate progress
OPERA2D|OK|chef stays on authored walkways from tap through arrival
OPERA2D|OK|chef arrives, plays one object opening, then opens the task
OPERA2D|OK|chef ignores an extra touch during the object opening flourish
OPERA2D|OK|chef approach and opening remain passive-safe
OPERA2D|OK|chef hands input safely from the room to the minigame
OPERA2D|OK|chef uses a transparent borderless activity focus
OPERA2D|OK|chef keeps the opened activity and full Mermaid Roshan onscreen
OPERA2D|OK|chef keeps every visible partner clear of Roshan and the activity
OPERA2D|OK|chef returns from activity staging to the approached floor socket
OPERA2D|OK|chef loads the authored magnifier prop
OPERA2D|OK|chef borderless activity focus never covers animated Roshan
OPERA2D|OK|chef keeps the rival hidden before its stage contest
OPERA2D|OK|chef brings in its dressed finale partner
OPERA2D|OK|chef stages the room-finale partner clear of Roshan and the activity
OPERA2D|OK|chef finishes on the proscenium stage
OPERA2D|OK|chef can complete through one-finger phases
OPERA2D|OK|chef awards a graded crowd reaction
OPERA2D|OK|chef gives the curtain-call cast distinct stage-local rests
OPERA2D|OK|chef restores the touch layer on exit
OPERA2D|OK|detective enters Canvas career world
OPERA2D|OK|detective uses no 3D children in career play
OPERA2D|OK|detective builds a scalable code-native career world
OPERA2D|OK|detective loads Mermaid Roshan's outfit actor
OPERA2D|OK|detective loads its dressed rival or care partner
OPERA2D|OK|detective keeps the rival hidden during earlier minigames
OPERA2D|OK|detective pauses competition scoring before the finale
OPERA2D|OK|detective has a multi-phase job game
OPERA2D|OK|detective applies the performance plan only to the three freeplay acts
OPERA2D|OK|detective starts without passive progress
OPERA2D|OK|detective opens with its job verb, not the shared brawl
OPERA2D|OK|detective waits at the room entrance in its costume idle
OPERA2D|OK|detective costume atlas advances frames
OPERA2D|OK|detective contains its signature mechanic
OPERA2D|OK|detective CASE BOARD uses its direct specialist surface
OPERA2D|OK|detective CROWN uses its direct specialist surface
OPERA2D|OK|detective exposes every declared direct specialist phase
OPERA2D|OK|detective CASE BOARD reuses the exact matching voice cue
OPERA2D|OK|detective CROWN uses its exact spotlight voice cue
OPERA2D|OK|detective opens with theft then search voice recordings
OPERA2D|OK|detective avoids copied combat phases
OPERA2D|OK|detective keeps the stage finale for the job contest
OPERA2D|OK|detective starts in its job world, off the proscenium
OPERA2D|OK|detective paints the supplied codex career world
OPERA2D|OK|detective owns complete stage art
OPERA2D|OK|detective loads every diegetic phase widget
OPERA2D|OK|detective widgets remain input-causal with owner-gated completion
OPERA2D|OK|detective suppresses every retired framed widget backdrop
OPERA2D|OK|detective keeps a persistent borderless play affordance
OPERA2D|OK|detective replaces clipboard and beacon textures with the room itself
OPERA2D|OK|detective exposes one full-room constrained touch layer
OPERA2D|OK|detective starts with the room available and its task closed
OPERA2D|OK|detective builds only named physical ActivityHotspot objects
OPERA2D|OK|detective hotspot invitations are pictorial and never reading-dependent
OPERA2D|OK|detective SEARCH arms exactly its themed room object
OPERA2D|OK|detective SEARCH hotspot art, glow, and touch target do not clip
OPERA2D|OK|detective SEARCH keeps its idle object clear of Roshan's body
OPERA2D|OK|detective CASE BOARD arms exactly its themed room object
OPERA2D|OK|detective CASE BOARD hotspot art, glow, and touch target do not clip
OPERA2D|OK|detective CASE BOARD keeps its idle object clear of Roshan's body
OPERA2D|OK|detective CROWN arms exactly its themed room object
OPERA2D|OK|detective CROWN hotspot art, glow, and touch target do not clip
OPERA2D|OK|detective CROWN keeps its idle object clear of Roshan's body
OPERA2D|OK|detective re-arms only the next phase object and blocks all others
OPERA2D|OK|detective safely returns the phase-one invitation after rearm audit
OPERA2D|OK|detective blocks every inactive room object
OPERA2D|OK|detective animates its invitation without passive game progress
OPERA2D|OK|detective cannot open or score a closed task with real gestures
OPERA2D|OK|detective emulated mouse cannot steal the active touch
OPERA2D|OK|detective touch drag does not act before release/arrival
OPERA2D|OK|detective foreign finger cannot commit travel intent
OPERA2D|OK|detective touch release queues object approach without opening remotely
OPERA2D|OK|detective cancelled touch clears pending action and movement
OPERA2D|OK|detective canceled vertical step settles at its clean floor coordinate
OPERA2D|OK|detective mouse drag release shares touch object approach
OPERA2D|OK|detective floor retarget cancels previous object intent
OPERA2D|OK|detective hotspot tap starts an authored route, never the task
OPERA2D|OK|detective hotspot tap cannot award immediate progress
OPERA2D|OK|detective stays on authored walkways from tap through arrival
OPERA2D|OK|detective arrives, plays one object opening, then opens the task
OPERA2D|OK|detective ignores an extra touch during the object opening flourish
OPERA2D|OK|detective approach and opening remain passive-safe
OPERA2D|OK|detective hands input safely from the room to the minigame
OPERA2D|OK|detective uses a transparent borderless activity focus
OPERA2D|OK|detective keeps the opened activity and full Mermaid Roshan onscreen
OPERA2D|OK|detective keeps every visible partner clear of Roshan and the activity
OPERA2D|OK|detective returns from activity staging to the approached floor socket
OPERA2D|OK|detective loads the authored magnifier prop
OPERA2D|OK|detective lens is enlarged around its real glass centre
OPERA2D|OK|detective lens samples the painted room at true magnification
OPERA2D|OK|detective room exposes many safe inspection targets
OPERA2D|OK|detective clamp keeps the complete functional glass onscreen
OPERA2D|OK|detective glass clamp reaches every shipping clue
OPERA2D|OK|detective wordless demo travels toward the next unresolved clue
OPERA2D|OK|ordinary detective props react without solving the case
OPERA2D|OK|detective glistens one unfound clue after twelve quiet seconds
OPERA2D|OK|detective imp enters only for the final shared mystery
OPERA2D|OK|2D detective rival can solve at the 40-second clock
OPERA2D|OK|2D detective shows the answer then restarts the same guided case
OPERA2D|OK|detective keeps the rival hidden before its stage contest
OPERA2D|OK|detective brings in its dressed finale partner
OPERA2D|OK|detective stages the room-finale partner clear of Roshan and the activity
OPERA2D|OK|detective finishes on the proscenium stage
OPERA2D|OK|detective can complete through one-finger phases
OPERA2D|OK|detective awards a graded crowd reaction
OPERA2D|OK|detective gives the curtain-call cast distinct stage-local rests
OPERA2D|OK|detective restores the touch layer on exit
OPERA2D|OK|ballerina enters Canvas career world
OPERA2D|OK|ballerina uses no 3D children in career play
OPERA2D|OK|ballerina builds a scalable code-native career world
OPERA2D|OK|ballerina loads Mermaid Roshan's outfit actor
OPERA2D|OK|ballerina loads its dressed rival or care partner
OPERA2D|OK|ballerina keeps the rival hidden during earlier minigames
OPERA2D|OK|ballerina pauses competition scoring before the finale
OPERA2D|OK|ballerina has a multi-phase job game
OPERA2D|OK|ballerina applies the performance plan only to the three freeplay acts
OPERA2D|OK|ballerina prepends three practice lessons then repeats its full show
OPERA2D|OK|ballerina starts without passive progress
OPERA2D|OK|ballerina opens with its job verb, not the shared brawl
OPERA2D|OK|ballerina repeats all three specialist lessons from practice on stage
OPERA2D|OK|ballerina waits at the room entrance in its costume idle
OPERA2D|OK|ballerina idle is a deliberate held atlas pose
OPERA2D|OK|ballerina work is a deliberate held atlas pose
OPERA2D|OK|ballerina show_pose holds the exact requested atlas cell
OPERA2D|OK|ballerina cheer bows once, rises, and holds its arms-up frame
OPERA2D|OK|ballerina contains its signature mechanic
OPERA2D|OK|ballerina PEARL MIRROR uses its direct specialist surface
OPERA2D|OK|ballerina RIBBON TRAIL uses its direct specialist surface
OPERA2D|OK|ballerina GRAND TWIRL uses its direct specialist surface
OPERA2D|OK|ballerina PEARL MIRROR uses its direct specialist surface
OPERA2D|OK|ballerina RIBBON TRAIL uses its direct specialist surface
OPERA2D|OK|ballerina GRAND TWIRL uses its direct specialist surface
OPERA2D|OK|ballerina exposes every declared direct specialist phase
OPERA2D|OK|ballerina watch cue belongs only to the specialist pearl mirror
OPERA2D|OK|ballerina clears any lobby voice before its watch instruction
OPERA2D|OK|ballerina lets each your-turn cue finish before the next phase
OPERA2D|OK|ballerina avoids copied combat phases
OPERA2D|OK|ballerina keeps the stage finale for the job contest
OPERA2D|OK|ballerina begins in its navigable rehearsal room with finale art ready
OPERA2D|OK|ballerina maps every recital lesson to a painted room object
OPERA2D|OK|ballerina arms one dedicated surface while its room object waits
OPERA2D|OK|ballerina recital maps heart, open, and crown atlas poses in order
OPERA2D|OK|ballerina idle replay waits until Mirror hands the turn back
OPERA2D|OK|ballerina hides progress chrome, race bars, and the rival in practice
OPERA2D|OK|ballerina paints the supplied codex career world
OPERA2D|OK|ballerina owns complete stage art
OPERA2D|OK|ballerina loads every diegetic phase widget
OPERA2D|OK|ballerina widgets remain input-causal with owner-gated completion
OPERA2D|OK|ballerina suppresses every retired framed widget backdrop
OPERA2D|OK|ballerina keeps a persistent borderless play affordance
OPERA2D|OK|ballerina replaces clipboard and beacon textures with the room itself
OPERA2D|OK|ballerina exposes one full-room constrained touch layer
OPERA2D|OK|ballerina starts with the room available and its task closed
OPERA2D|OK|ballerina builds only named physical ActivityHotspot objects
OPERA2D|OK|ballerina hotspot invitations are pictorial and never reading-dependent
OPERA2D|OK|ballerina PEARL MIRROR arms exactly its themed room object
OPERA2D|OK|ballerina PEARL MIRROR hotspot art, glow, and touch target do not clip
OPERA2D|OK|ballerina PEARL MIRROR keeps its idle object clear of Roshan's body
OPERA2D|OK|ballerina RIBBON TRAIL arms exactly its themed room object
OPERA2D|OK|ballerina RIBBON TRAIL hotspot art, glow, and touch target do not clip
OPERA2D|OK|ballerina RIBBON TRAIL keeps its idle object clear of Roshan's body
OPERA2D|OK|ballerina GRAND TWIRL arms exactly its themed room object
OPERA2D|OK|ballerina GRAND TWIRL hotspot art, glow, and touch target do not clip
OPERA2D|OK|ballerina GRAND TWIRL keeps its idle object clear of Roshan's body
OPERA2D|OK|ballerina PEARL MIRROR auto-opens on the painted Opera stage
OPERA2D|OK|ballerina PEARL MIRROR removes every rehearsal-room hotspot from the stage
OPERA2D|OK|ballerina RIBBON TRAIL auto-opens on the painted Opera stage
OPERA2D|OK|ballerina RIBBON TRAIL removes every rehearsal-room hotspot from the stage
OPERA2D|OK|ballerina GRAND TWIRL auto-opens on the painted Opera stage
OPERA2D|OK|ballerina GRAND TWIRL removes every rehearsal-room hotspot from the stage
OPERA2D|OK|ballerina re-arms only the next phase object and blocks all others
OPERA2D|OK|ballerina safely returns the phase-one invitation after rearm audit
OPERA2D|OK|ballerina blocks every inactive room object
OPERA2D|OK|ballerina animates its invitation without passive game progress
OPERA2D|OK|ballerina cannot open or score a closed task with real gestures
OPERA2D|OK|ballerina emulated mouse cannot steal the active touch
OPERA2D|OK|ballerina touch drag does not act before release/arrival
OPERA2D|OK|ballerina foreign finger cannot commit travel intent
OPERA2D|OK|ballerina touch release queues object approach without opening remotely
OPERA2D|OK|ballerina cancelled touch clears pending action and movement
OPERA2D|OK|ballerina canceled vertical step settles at its clean floor coordinate
OPERA2D|OK|ballerina mouse drag release shares touch object approach
OPERA2D|OK|ballerina floor retarget cancels previous object intent
OPERA2D|OK|ballerina hotspot tap starts an authored route, never the task
OPERA2D|OK|ballerina hotspot tap cannot award immediate progress
OPERA2D|OK|ballerina stays on authored walkways from tap through arrival
OPERA2D|OK|ballerina arrives, plays one object opening, then opens the task
OPERA2D|OK|ballerina ignores an extra touch during the object opening flourish
OPERA2D|OK|ballerina approach and opening remain passive-safe
OPERA2D|OK|ballerina hands input safely from the room to the minigame
OPERA2D|OK|ballerina uses a transparent borderless activity focus
OPERA2D|OK|ballerina keeps the opened activity and full Mermaid Roshan onscreen
OPERA2D|OK|ballerina keeps every visible partner clear of Roshan and the activity
OPERA2D|OK|ballerina returns from activity staging to the approached floor socket
OPERA2D|OK|ballerina object opens its large borderless recital surface
OPERA2D|OK|ballerina loads the authored magnifier prop
OPERA2D|OK|ballerina borderless activity focus never covers animated Roshan
OPERA2D|OK|ballerina keeps the rival hidden before its stage contest
OPERA2D|OK|ballerina stages its actual recital rival for the performance
OPERA2D|OK|ballerina finishes on the proscenium stage
OPERA2D|OK|ballerina can complete through one-finger phases
OPERA2D|OK|ballerina awards a graded crowd reaction
OPERA2D|OK|ballerina gives the curtain-call cast distinct stage-local rests
OPERA2D|OK|ballerina restores the touch layer on exit
OPERA2D|OK|candymaker enters Canvas career world
OPERA2D|OK|candymaker uses no 3D children in career play
OPERA2D|OK|candymaker builds a scalable code-native career world
OPERA2D|OK|candymaker loads Mermaid Roshan's outfit actor
OPERA2D|OK|candymaker loads its dressed rival or care partner
OPERA2D|OK|candymaker keeps the rival hidden during earlier minigames
OPERA2D|OK|candymaker pauses competition scoring before the finale
OPERA2D|OK|candymaker has a multi-phase job game
OPERA2D|OK|candymaker applies the performance plan only to the three freeplay acts
OPERA2D|OK|candymaker starts without passive progress
OPERA2D|OK|candymaker opens with its job verb, not the shared brawl
OPERA2D|OK|candymaker waits at the room entrance in its costume idle
OPERA2D|OK|candymaker costume atlas advances frames
OPERA2D|OK|candymaker contains its signature mechanic
OPERA2D|OK|candymaker WRAP finishes in 1.5 to 2.2 rotations
OPERA2D|OK|candymaker retains its thematic rotation verb
OPERA2D|OK|candymaker SYRUP requires the full five-point pour
OPERA2D|OK|Pixel 10 keeps candymaker SYRUP card and grab inside the fitted stage
OPERA2D|OK|candymaker remains an empty-mold pour until the actual brim
OPERA2D|OK|candymaker SYRUP selects its authored completion picture
OPERA2D|OK|candymaker real SYRUP hold completes its connected world
OPERA2D|OK|candymaker authored completion spawns no shared abstract burst
OPERA2D|OK|candymaker success hold rights its visibly empty ladle
OPERA2D|OK|candymaker brim advances cleanly to SORT without a stale ladle
OPERA2D|OK|candymaker avoids copied combat phases
OPERA2D|OK|candymaker keeps the stage finale for the job contest
OPERA2D|OK|candymaker starts in its job world, off the proscenium
OPERA2D|OK|candymaker paints the supplied codex career world
OPERA2D|OK|candymaker owns complete stage art
OPERA2D|OK|candymaker SHARE places pieces on authored surface anchors
OPERA2D|OK|candymaker loads every diegetic phase widget
OPERA2D|OK|candymaker widgets remain input-causal with owner-gated completion
OPERA2D|OK|candymaker suppresses every retired framed widget backdrop
OPERA2D|OK|candymaker keeps a persistent borderless play affordance
OPERA2D|OK|candymaker replaces clipboard and beacon textures with the room itself
OPERA2D|OK|candymaker exposes one full-room constrained touch layer
OPERA2D|OK|candymaker starts with the room available and its task closed
OPERA2D|OK|candymaker builds only named physical ActivityHotspot objects
OPERA2D|OK|candymaker hotspot invitations are pictorial and never reading-dependent
OPERA2D|OK|candymaker SYRUP arms exactly its themed room object
OPERA2D|OK|candymaker SYRUP hotspot art, glow, and touch target do not clip
OPERA2D|OK|candymaker SYRUP keeps its idle object clear of Roshan's body
OPERA2D|OK|candymaker SORT arms exactly its themed room object
OPERA2D|OK|candymaker SORT hotspot art, glow, and touch target do not clip
OPERA2D|OK|candymaker SORT keeps its idle object clear of Roshan's body
OPERA2D|OK|candymaker WRAP arms exactly its themed room object
OPERA2D|OK|candymaker WRAP hotspot art, glow, and touch target do not clip
OPERA2D|OK|candymaker WRAP keeps its idle object clear of Roshan's body
OPERA2D|OK|candymaker SHARE arms exactly its themed room object
OPERA2D|OK|candymaker SHARE hotspot art, glow, and touch target do not clip
OPERA2D|OK|candymaker SHARE keeps its idle object clear of Roshan's body
OPERA2D|OK|candymaker re-arms only the next phase object and blocks all others
OPERA2D|OK|candymaker safely returns the phase-one invitation after rearm audit
OPERA2D|OK|candymaker blocks every inactive room object
OPERA2D|OK|candymaker animates its invitation without passive game progress
OPERA2D|OK|candymaker cannot open or score a closed task with real gestures
OPERA2D|OK|candymaker emulated mouse cannot steal the active touch
OPERA2D|OK|candymaker touch drag does not act before release/arrival
OPERA2D|OK|candymaker foreign finger cannot commit travel intent
OPERA2D|OK|candymaker touch release queues object approach without opening remotely
OPERA2D|OK|candymaker cancelled touch clears pending action and movement
OPERA2D|OK|candymaker canceled vertical step settles at its clean floor coordinate
OPERA2D|OK|candymaker mouse drag release shares touch object approach
OPERA2D|OK|candymaker floor retarget cancels previous object intent
OPERA2D|OK|candymaker hotspot tap starts an authored route, never the task
OPERA2D|OK|candymaker hotspot tap cannot award immediate progress
OPERA2D|OK|candymaker stays on authored walkways from tap through arrival
OPERA2D|OK|candymaker arrives, plays one object opening, then opens the task
OPERA2D|OK|candymaker ignores an extra touch during the object opening flourish
OPERA2D|OK|candymaker approach and opening remain passive-safe
OPERA2D|OK|candymaker hands input safely from the room to the minigame
OPERA2D|OK|candymaker uses a transparent borderless activity focus
OPERA2D|OK|candymaker keeps the opened activity and full Mermaid Roshan onscreen
OPERA2D|OK|candymaker keeps every visible partner clear of Roshan and the activity
OPERA2D|OK|candymaker returns from activity staging to the approached floor socket
OPERA2D|OK|candymaker loads the authored magnifier prop
OPERA2D|OK|candymaker borderless activity focus never covers animated Roshan
OPERA2D|OK|candymaker keeps the rival hidden before its stage contest
OPERA2D|OK|candymaker brings in its dressed finale partner
OPERA2D|OK|candymaker stages the room-finale partner clear of Roshan and the activity
OPERA2D|OK|candymaker finishes on the proscenium stage
OPERA2D|OK|candymaker can complete through one-finger phases
OPERA2D|OK|candymaker awards a graded crowd reaction
OPERA2D|OK|candymaker gives the curtain-call cast distinct stage-local rests
OPERA2D|OK|candymaker restores the touch layer on exit
OPERA2D|OK|doctor enters Canvas career world
OPERA2D|OK|doctor uses no 3D children in career play
OPERA2D|OK|doctor builds a scalable code-native career world
OPERA2D|OK|doctor loads Mermaid Roshan's outfit actor
OPERA2D|OK|doctor loads its dressed rival or care partner
OPERA2D|OK|doctor keeps the rival hidden during earlier minigames
OPERA2D|OK|doctor pauses competition scoring before the finale
OPERA2D|OK|doctor has a multi-phase job game
OPERA2D|OK|doctor applies the performance plan only to the three freeplay acts
OPERA2D|OK|doctor starts without passive progress
OPERA2D|OK|doctor opens with its job verb, not the shared brawl
OPERA2D|OK|doctor waits at the room entrance in its costume idle
OPERA2D|OK|doctor costume atlas advances frames
OPERA2D|OK|doctor contains its signature mechanic
OPERA2D|OK|doctor CAST finishes in 1.5 to 2.2 rotations
OPERA2D|OK|doctor retains its thematic rotation verb
OPERA2D|OK|doctor FIND visibly cues its next correct choice
OPERA2D|OK|doctor X-RAY resolves to the thematic exam_booth landmark
OPERA2D|OK|doctor avoids copied combat phases
OPERA2D|OK|doctor keeps the stage finale for the job contest
OPERA2D|OK|doctor starts in its job world, off the proscenium
OPERA2D|OK|doctor paints the supplied codex career world
OPERA2D|OK|doctor owns complete stage art
OPERA2D|OK|doctor loads every diegetic phase widget
OPERA2D|OK|doctor widgets remain input-causal with owner-gated completion
OPERA2D|OK|doctor suppresses every retired framed widget backdrop
OPERA2D|OK|doctor keeps a persistent borderless play affordance
OPERA2D|OK|doctor replaces clipboard and beacon textures with the room itself
OPERA2D|OK|doctor exposes one full-room constrained touch layer
OPERA2D|OK|doctor starts with the room available and its task closed
OPERA2D|OK|doctor builds only named physical ActivityHotspot objects
OPERA2D|OK|doctor hotspot invitations are pictorial and never reading-dependent
OPERA2D|OK|doctor WASH arms exactly its themed room object
OPERA2D|OK|doctor WASH hotspot art, glow, and touch target do not clip
OPERA2D|OK|doctor WASH keeps its idle object clear of Roshan's body
OPERA2D|OK|doctor FIND arms exactly its themed room object
OPERA2D|OK|doctor FIND hotspot art, glow, and touch target do not clip
OPERA2D|OK|doctor FIND keeps its idle object clear of Roshan's body
OPERA2D|OK|doctor X-RAY arms exactly its themed room object
OPERA2D|OK|doctor X-RAY hotspot art, glow, and touch target do not clip
OPERA2D|OK|doctor X-RAY keeps its idle object clear of Roshan's body
OPERA2D|OK|doctor CAST arms exactly its themed room object
OPERA2D|OK|doctor CAST hotspot art, glow, and touch target do not clip
OPERA2D|OK|doctor CAST keeps its idle object clear of Roshan's body
OPERA2D|OK|doctor BANDAGE arms exactly its themed room object
OPERA2D|OK|doctor BANDAGE hotspot art, glow, and touch target do not clip
OPERA2D|OK|doctor BANDAGE keeps its idle object clear of Roshan's body
OPERA2D|OK|doctor re-arms only the next phase object and blocks all others
OPERA2D|OK|doctor safely returns the phase-one invitation after rearm audit
OPERA2D|OK|doctor blocks every inactive room object
OPERA2D|OK|doctor animates its invitation without passive game progress
OPERA2D|OK|doctor cannot open or score a closed task with real gestures
OPERA2D|OK|doctor emulated mouse cannot steal the active touch
OPERA2D|OK|doctor touch drag does not act before release/arrival
OPERA2D|OK|doctor foreign finger cannot commit travel intent
OPERA2D|OK|doctor touch release queues object approach without opening remotely
OPERA2D|OK|doctor cancelled touch clears pending action and movement
OPERA2D|OK|doctor canceled vertical step settles at its clean floor coordinate
OPERA2D|OK|doctor mouse drag release shares touch object approach
OPERA2D|OK|doctor floor retarget cancels previous object intent
OPERA2D|OK|doctor hotspot tap starts an authored route, never the task
OPERA2D|OK|doctor hotspot tap cannot award immediate progress
OPERA2D|OK|doctor stays on authored walkways from tap through arrival
OPERA2D|OK|doctor arrives, plays one object opening, then opens the task
OPERA2D|OK|doctor ignores an extra touch during the object opening flourish
OPERA2D|OK|doctor approach and opening remain passive-safe
OPERA2D|OK|doctor hands input safely from the room to the minigame
OPERA2D|OK|doctor uses a transparent borderless activity focus
OPERA2D|OK|doctor keeps the opened activity and full Mermaid Roshan onscreen
OPERA2D|OK|doctor keeps every visible partner clear of Roshan and the activity
OPERA2D|OK|doctor returns from activity staging to the approached floor socket
OPERA2D|OK|doctor loads the authored magnifier prop
OPERA2D|OK|doctor borderless activity focus never covers animated Roshan
OPERA2D|OK|doctor WASH retains its reviewed work prop across input and time
OPERA2D|OK|doctor FIND retains its reviewed work prop across input and time
OPERA2D|OK|doctor X-RAY retains its reviewed work prop across input and time
OPERA2D|OK|doctor CAST retains its reviewed work prop across input and time
OPERA2D|OK|doctor BANDAGE retains its reviewed work prop across input and time
OPERA2D|OK|doctor keeps the rival hidden before its stage contest
OPERA2D|OK|doctor brings in its dressed finale partner
OPERA2D|OK|doctor stages the room-finale partner clear of Roshan and the activity
OPERA2D|OK|doctor finishes on the proscenium stage
OPERA2D|OK|doctor can complete through one-finger phases
OPERA2D|OK|doctor awards a graded crowd reaction
OPERA2D|OK|doctor gives the curtain-call cast distinct stage-local rests
OPERA2D|OK|doctor restores the touch layer on exit
OPERA2D|OK|farmer enters Canvas career world
OPERA2D|OK|farmer uses no 3D children in career play
OPERA2D|OK|farmer builds a scalable code-native career world
OPERA2D|OK|farmer loads Mermaid Roshan's outfit actor
OPERA2D|OK|farmer loads its dressed rival or care partner
OPERA2D|OK|farmer keeps the rival hidden during earlier minigames
OPERA2D|OK|farmer pauses competition scoring before the finale
OPERA2D|OK|farmer has a multi-phase job game
OPERA2D|OK|farmer applies the performance plan only to the three freeplay acts
OPERA2D|OK|farmer starts without passive progress
OPERA2D|OK|farmer opens with its job verb, not the shared brawl
OPERA2D|OK|farmer waits at the room entrance in its costume idle
OPERA2D|OK|farmer costume atlas advances frames
OPERA2D|OK|farmer contains its signature mechanic
OPERA2D|OK|farmer PICNIC gives one unique snack to each of three piggies
OPERA2D|OK|farmer PLANT uses its direct specialist surface
OPERA2D|OK|farmer exposes every declared direct specialist phase
OPERA2D|OK|farmer TOSS resolves to the thematic hay_bales landmark
OPERA2D|OK|farmer avoids copied combat phases
OPERA2D|OK|farmer keeps the stage finale for the job contest
OPERA2D|OK|farmer starts in its job world, off the proscenium
OPERA2D|OK|farmer paints the supplied codex career world
OPERA2D|OK|farmer owns complete stage art
OPERA2D|OK|farmer PICNIC places pieces on authored surface anchors
OPERA2D|OK|farmer loads every diegetic phase widget
OPERA2D|OK|farmer widgets remain input-causal with owner-gated completion
OPERA2D|OK|farmer suppresses every retired framed widget backdrop
OPERA2D|OK|farmer keeps a persistent borderless play affordance
OPERA2D|OK|farmer replaces clipboard and beacon textures with the room itself
OPERA2D|OK|farmer exposes one full-room constrained touch layer
OPERA2D|OK|farmer starts with the room available and its task closed
OPERA2D|OK|farmer builds only named physical ActivityHotspot objects
OPERA2D|OK|farmer hotspot invitations are pictorial and never reading-dependent
OPERA2D|OK|farmer PLANT arms exactly its themed room object
OPERA2D|OK|farmer PLANT hotspot art, glow, and touch target do not clip
OPERA2D|OK|farmer PLANT keeps its idle object clear of Roshan's body
OPERA2D|OK|farmer TOSS arms exactly its themed room object
OPERA2D|OK|farmer TOSS hotspot art, glow, and touch target do not clip
OPERA2D|OK|farmer TOSS keeps its idle object clear of Roshan's body
OPERA2D|OK|farmer HERD arms exactly its themed room object
OPERA2D|OK|farmer HERD hotspot art, glow, and touch target do not clip
OPERA2D|OK|farmer HERD keeps its idle object clear of Roshan's body
OPERA2D|OK|farmer PICNIC arms exactly its themed room object
OPERA2D|OK|farmer PICNIC hotspot art, glow, and touch target do not clip
OPERA2D|OK|farmer PICNIC keeps its idle object clear of Roshan's body
OPERA2D|OK|farmer re-arms only the next phase object and blocks all others
OPERA2D|OK|farmer safely returns the phase-one invitation after rearm audit
OPERA2D|OK|farmer blocks every inactive room object
OPERA2D|OK|farmer animates its invitation without passive game progress
OPERA2D|OK|farmer cannot open or score a closed task with real gestures
OPERA2D|OK|farmer emulated mouse cannot steal the active touch
OPERA2D|OK|farmer touch drag does not act before release/arrival
OPERA2D|OK|farmer foreign finger cannot commit travel intent
OPERA2D|OK|farmer touch release queues object approach without opening remotely
OPERA2D|OK|farmer cancelled touch clears pending action and movement
OPERA2D|OK|farmer canceled vertical step settles at its clean floor coordinate
OPERA2D|OK|farmer mouse drag release shares touch object approach
OPERA2D|OK|farmer floor retarget cancels previous object intent
OPERA2D|OK|farmer hotspot tap starts an authored route, never the task
OPERA2D|OK|farmer hotspot tap cannot award immediate progress
OPERA2D|OK|farmer stays on authored walkways from tap through arrival
OPERA2D|OK|farmer arrives, plays one object opening, then opens the task
OPERA2D|OK|farmer ignores an extra touch during the object opening flourish
OPERA2D|OK|farmer approach and opening remain passive-safe
OPERA2D|OK|farmer hands input safely from the room to the minigame
OPERA2D|OK|farmer uses a transparent borderless activity focus
OPERA2D|OK|farmer keeps the opened activity and full Mermaid Roshan onscreen
OPERA2D|OK|farmer keeps every visible partner clear of Roshan and the activity
OPERA2D|OK|farmer returns from activity staging to the approached floor socket
OPERA2D|OK|farmer loads the authored magnifier prop
OPERA2D|OK|farmer borderless activity focus never covers animated Roshan
OPERA2D|OK|farmer PLANT retains its reviewed work prop across input and time
OPERA2D|OK|farmer TOSS retains its reviewed work prop across input and time
OPERA2D|OK|farmer HERD retains its reviewed work prop across input and time
OPERA2D|OK|farmer PICNIC retains its reviewed work prop across input and time
OPERA2D|OK|farmer keeps the rival hidden before its stage contest
OPERA2D|OK|farmer brings in its dressed finale partner
OPERA2D|OK|farmer stages the room-finale partner clear of Roshan and the activity
OPERA2D|OK|farmer finishes on the proscenium stage
OPERA2D|OK|farmer can complete through one-finger phases
OPERA2D|OK|farmer awards a graded crowd reaction
OPERA2D|OK|farmer gives the curtain-call cast distinct stage-local rests
OPERA2D|OK|farmer restores the touch layer on exit
OPERA2D|OK|boxer enters Canvas career world
OPERA2D|OK|boxer uses no 3D children in career play
OPERA2D|OK|boxer builds a scalable code-native career world
OPERA2D|OK|boxer loads Mermaid Roshan's outfit actor
OPERA2D|OK|boxer loads its dressed rival or care partner
OPERA2D|OK|boxer keeps the rival hidden during earlier minigames
OPERA2D|OK|boxer pauses competition scoring before the finale
OPERA2D|OK|boxer has a multi-phase job game
OPERA2D|OK|boxer applies the performance plan only to the three freeplay acts
OPERA2D|OK|boxer starts without passive progress
OPERA2D|OK|boxer opens with its job verb, not the shared brawl
OPERA2D|OK|boxer waits at the room entrance in its costume idle
OPERA2D|OK|boxer costume atlas advances frames
OPERA2D|OK|boxer contains its signature mechanic
OPERA2D|OK|boxer replaces every generic card and brawl with five glove modes
OPERA2D|OK|boxer phase goals match every specialist glove round
OPERA2D|OK|boxer preserves the exact five recorded instruction cues
OPERA2D|OK|boxer waits in its room with a dedicated two-glove surface armed
OPERA2D|OK|boxer teaches three drills before its one-imp finale
OPERA2D|OK|every boxer drill and finale has recorded and visible instruction
OPERA2D|OK|thirty idle seconds never land a glove or finish a boxing mode
OPERA2D|OK|crossed fingers keep independent left and right glove ownership
OPERA2D|OK|releasing one glove leaves the other finger in control
OPERA2D|OK|one finger can alternate and finish both floating glove lessons
OPERA2D|OK|one forward extension latches to exactly one accepted jab
OPERA2D|OK|friendly hits are cosmetic across surface, career, contest, and save state
OPERA2D|OK|boxing cancellation returns both gloves to guard with no owner
OPERA2D|OK|boxer avoids copied combat phases
OPERA2D|OK|boxer keeps the stage finale for the job contest
OPERA2D|OK|boxer starts in its job world, off the proscenium
OPERA2D|OK|boxer paints the supplied codex career world
OPERA2D|OK|boxer owns complete stage art
OPERA2D|OK|boxer loads every diegetic phase widget
OPERA2D|OK|boxer widgets remain input-causal with owner-gated completion
OPERA2D|OK|boxer suppresses every retired framed widget backdrop
OPERA2D|OK|boxer keeps a persistent borderless play affordance
OPERA2D|OK|boxer replaces clipboard and beacon textures with the room itself
OPERA2D|OK|boxer exposes one full-room constrained touch layer
OPERA2D|OK|boxer starts with the room available and its task closed
OPERA2D|OK|boxer builds only named physical ActivityHotspot objects
OPERA2D|OK|boxer hotspot invitations are pictorial and never reading-dependent
OPERA2D|OK|boxer GLOVE GUIDE arms exactly its themed room object
OPERA2D|OK|boxer GLOVE GUIDE hotspot art, glow, and touch target do not clip
OPERA2D|OK|boxer GLOVE GUIDE keeps its idle object clear of Roshan's body
OPERA2D|OK|boxer JAB PRACTICE arms exactly its themed room object
OPERA2D|OK|boxer JAB PRACTICE hotspot art, glow, and touch target do not clip
OPERA2D|OK|boxer JAB PRACTICE keeps its idle object clear of Roshan's body
OPERA2D|OK|boxer SOFT GUARD arms exactly its themed room object
OPERA2D|OK|boxer SOFT GUARD hotspot art, glow, and touch target do not clip
OPERA2D|OK|boxer SOFT GUARD keeps its idle object clear of Roshan's body
OPERA2D|OK|boxer TITLE IMP arms exactly its themed room object
OPERA2D|OK|boxer TITLE IMP hotspot art, glow, and touch target do not clip
OPERA2D|OK|boxer TITLE IMP keeps its idle object clear of Roshan's body
OPERA2D|OK|boxer BELT arms exactly its themed room object
OPERA2D|OK|boxer BELT hotspot art, glow, and touch target do not clip
OPERA2D|OK|boxer BELT keeps its idle object clear of Roshan's body
OPERA2D|OK|boxer re-arms only the next phase object and blocks all others
OPERA2D|OK|boxer safely returns the phase-one invitation after rearm audit
OPERA2D|OK|boxer blocks every inactive room object
OPERA2D|OK|boxer animates its invitation without passive game progress
OPERA2D|OK|boxer cannot open or score a closed task with real gestures
OPERA2D|OK|boxer emulated mouse cannot steal the active touch
OPERA2D|OK|boxer touch drag does not act before release/arrival
OPERA2D|OK|boxer foreign finger cannot commit travel intent
OPERA2D|OK|boxer touch release queues object approach without opening remotely
OPERA2D|OK|boxer cancelled touch clears pending action and movement
OPERA2D|OK|boxer canceled vertical step settles at its clean floor coordinate
OPERA2D|OK|boxer mouse drag release shares touch object approach
OPERA2D|OK|boxer floor retarget cancels previous object intent
OPERA2D|OK|boxer hotspot tap starts an authored route, never the task
OPERA2D|OK|boxer hotspot tap cannot award immediate progress
OPERA2D|OK|boxer stays on authored walkways from tap through arrival
OPERA2D|OK|boxer arrives, plays one object opening, then opens the task
OPERA2D|OK|boxer ignores an extra touch during the object opening flourish
OPERA2D|OK|boxer approach and opening remain passive-safe
OPERA2D|OK|boxer hands input safely from the room to the minigame
OPERA2D|OK|boxer uses a transparent borderless activity focus
OPERA2D|OK|boxer keeps the opened activity and full Mermaid Roshan onscreen
OPERA2D|OK|boxer keeps every visible partner clear of Roshan and the activity
OPERA2D|OK|boxer returns from activity staging to the approached floor socket
OPERA2D|OK|boxer object opens its full-room two-glove view
OPERA2D|OK|boxer loads the authored magnifier prop
OPERA2D|OK|boxer keeps the rival hidden before its stage contest
OPERA2D|OK|boxer finale uses one specialist padded imp, then a safe curtain call
OPERA2D|OK|boxer finishes on the proscenium stage
OPERA2D|OK|boxer can complete through one-finger phases
OPERA2D|OK|boxer awards a graded crowd reaction
OPERA2D|OK|boxer gives the curtain-call cast distinct stage-local rests
OPERA2D|OK|boxer close clears live finger claims before freeing its surface
OPERA2D|OK|boxer restores the touch layer on exit
OPERA2D|OK|magician enters Canvas career world
OPERA2D|OK|magician uses no 3D children in career play
OPERA2D|OK|magician builds a scalable code-native career world
OPERA2D|OK|magician loads Mermaid Roshan's outfit actor
OPERA2D|OK|magician loads its dressed rival or care partner
OPERA2D|OK|magician keeps the rival hidden during earlier minigames
OPERA2D|OK|magician pauses competition scoring before the finale
OPERA2D|OK|magician has a multi-phase job game
OPERA2D|OK|magician applies the performance plan only to the three freeplay acts
OPERA2D|OK|magician prepends three practice lessons then repeats its full show
OPERA2D|OK|magician starts without passive progress
OPERA2D|OK|magician opens with its job verb, not the shared brawl
OPERA2D|OK|magician waits at the room entrance in its costume idle
OPERA2D|OK|magician costume atlas advances frames
OPERA2D|OK|magician contains its signature mechanic
OPERA2D|OK|magician VANISH uses its direct specialist surface
OPERA2D|OK|magician VANISH uses its direct specialist surface
OPERA2D|OK|magician CABINET uses its direct specialist surface
OPERA2D|OK|magician exposes every declared direct specialist phase
OPERA2D|OK|magician PORTAL finishes in 1.5 to 2.2 rotations
OPERA2D|OK|magician retains its thematic rotation verb
OPERA2D|OK|magician TRACK visibly cues its next correct choice
OPERA2D|OK|magician TRACK starts a fresh shuffle after every accepted hat
OPERA2D|OK|magician TRACK visibly cues its next correct choice
OPERA2D|OK|magician TRACK starts a fresh shuffle after every accepted hat
OPERA2D|OK|magician avoids copied combat phases
OPERA2D|OK|magician keeps the stage finale for the job contest
OPERA2D|OK|magician starts in its job world, off the proscenium
OPERA2D|OK|magician paints the supplied codex career world
OPERA2D|OK|magician owns complete stage art
OPERA2D|OK|magician loads every diegetic phase widget
OPERA2D|OK|magician widgets remain input-causal with owner-gated completion
OPERA2D|OK|magician suppresses every retired framed widget backdrop
OPERA2D|OK|magician keeps a persistent borderless play affordance
OPERA2D|OK|magician replaces clipboard and beacon textures with the room itself
OPERA2D|OK|magician exposes one full-room constrained touch layer
OPERA2D|OK|magician starts with the room available and its task closed
OPERA2D|OK|magician builds only named physical ActivityHotspot objects
OPERA2D|OK|magician hotspot invitations are pictorial and never reading-dependent
OPERA2D|OK|magician VANISH arms exactly its themed room object
OPERA2D|OK|magician VANISH hotspot art, glow, and touch target do not clip
OPERA2D|OK|magician VANISH keeps its idle object clear of Roshan's body
OPERA2D|OK|magician TRACK arms exactly its themed room object
OPERA2D|OK|magician TRACK hotspot art, glow, and touch target do not clip
OPERA2D|OK|magician TRACK keeps its idle object clear of Roshan's body
OPERA2D|OK|magician ROPE arms exactly its themed room object
OPERA2D|OK|magician ROPE hotspot art, glow, and touch target do not clip
OPERA2D|OK|magician ROPE keeps its idle object clear of Roshan's body
OPERA2D|OK|magician VANISH auto-opens on the painted Opera stage
OPERA2D|OK|magician VANISH removes every rehearsal-room hotspot from the stage
OPERA2D|OK|magician TRACK auto-opens on the painted Opera stage
OPERA2D|OK|magician TRACK removes every rehearsal-room hotspot from the stage
OPERA2D|OK|magician ROPE auto-opens on the painted Opera stage
OPERA2D|OK|magician ROPE removes every rehearsal-room hotspot from the stage
OPERA2D|OK|magician CABINET auto-opens on the painted Opera stage
OPERA2D|OK|magician CABINET removes every rehearsal-room hotspot from the stage
OPERA2D|OK|magician PORTAL auto-opens on the painted Opera stage
OPERA2D|OK|magician PORTAL removes every rehearsal-room hotspot from the stage
OPERA2D|OK|magician re-arms only the next phase object and blocks all others
OPERA2D|OK|magician safely returns the phase-one invitation after rearm audit
OPERA2D|OK|magician blocks every inactive room object
OPERA2D|OK|magician animates its invitation without passive game progress
OPERA2D|OK|magician cannot open or score a closed task with real gestures
OPERA2D|OK|magician emulated mouse cannot steal the active touch
OPERA2D|OK|magician touch drag does not act before release/arrival
OPERA2D|OK|magician foreign finger cannot commit travel intent
OPERA2D|OK|magician touch release queues object approach without opening remotely
OPERA2D|OK|magician cancelled touch clears pending action and movement
OPERA2D|OK|magician canceled vertical step settles at its clean floor coordinate
OPERA2D|OK|magician mouse drag release shares touch object approach
OPERA2D|OK|magician floor retarget cancels previous object intent
OPERA2D|OK|magician hotspot tap starts an authored route, never the task
OPERA2D|OK|magician hotspot tap cannot award immediate progress
OPERA2D|OK|magician stays on authored walkways from tap through arrival
OPERA2D|OK|magician arrives, plays one object opening, then opens the task
OPERA2D|OK|magician ignores an extra touch during the object opening flourish
OPERA2D|OK|magician approach and opening remain passive-safe
OPERA2D|OK|magician hands input safely from the room to the minigame
OPERA2D|OK|magician uses a transparent borderless activity focus
OPERA2D|OK|magician keeps the opened activity and full Mermaid Roshan onscreen
OPERA2D|OK|magician keeps every visible partner clear of Roshan and the activity
OPERA2D|OK|magician returns from activity staging to the approached floor socket
OPERA2D|OK|magician loads the authored magnifier prop
OPERA2D|OK|magician borderless activity focus never covers animated Roshan
OPERA2D|OK|magician practice VANISH holds its semantic Hall pose without credit
OPERA2D|OK|magician practice TRACK holds its semantic Hall pose without credit
OPERA2D|OK|magician practice ROPE holds its semantic Hall pose without credit
OPERA2D|OK|magician stage VANISH holds its semantic Hall pose without credit
OPERA2D|OK|magician stage TRACK holds its semantic Hall pose without credit
OPERA2D|OK|magician stage ROPE holds its semantic Hall pose without credit
OPERA2D|OK|magician stage CABINET holds its semantic Hall pose without credit
OPERA2D|OK|magician stage PORTAL holds its semantic Hall pose without credit
OPERA2D|OK|magician keeps the rival hidden before its stage contest
OPERA2D|OK|magician brings in its dressed finale partner
OPERA2D|OK|magician stages the room-finale partner clear of Roshan and the activity
OPERA2D|OK|magician finishes on the proscenium stage
OPERA2D|OK|magician can complete through one-finger phases
OPERA2D|OK|magician awards a graded crowd reaction
OPERA2D|OK|magician gives the curtain-call cast distinct stage-local rests
OPERA2D|OK|magician restores the touch layer on exit
OPERA2D|OK|painter enters Canvas career world
OPERA2D|OK|painter uses no 3D children in career play
OPERA2D|OK|painter builds a scalable code-native career world
OPERA2D|OK|painter loads Mermaid Roshan's outfit actor
OPERA2D|OK|painter loads its dressed rival or care partner
OPERA2D|OK|painter keeps the rival hidden during earlier minigames
OPERA2D|OK|painter pauses competition scoring before the finale
OPERA2D|OK|painter has a multi-phase job game
OPERA2D|OK|painter applies the performance plan only to the three freeplay acts
OPERA2D|OK|painter starts without passive progress
OPERA2D|OK|painter opens with its job verb, not the shared brawl
OPERA2D|OK|painter waits at the room entrance in its costume idle
OPERA2D|OK|painter costume atlas advances frames
OPERA2D|OK|painter contains its signature mechanic
OPERA2D|OK|painter GALLERY visibly cues its next correct choice
OPERA2D|OK|painter avoids copied combat phases
OPERA2D|OK|painter keeps the stage finale for the job contest
OPERA2D|OK|painter starts in its job world, off the proscenium
OPERA2D|OK|painter paints the supplied codex career world
OPERA2D|OK|painter owns complete stage art
OPERA2D|OK|painter STAMPS preserves true free finger placement
OPERA2D|OK|painter loads every diegetic phase widget
OPERA2D|OK|painter widgets remain input-causal with owner-gated completion
OPERA2D|OK|painter suppresses every retired framed widget backdrop
OPERA2D|OK|painter keeps a persistent borderless play affordance
OPERA2D|OK|painter replaces clipboard and beacon textures with the room itself
OPERA2D|OK|painter exposes one full-room constrained touch layer
OPERA2D|OK|painter starts with the room available and its task closed
OPERA2D|OK|painter builds only named physical ActivityHotspot objects
OPERA2D|OK|painter hotspot invitations are pictorial and never reading-dependent
OPERA2D|OK|painter PAINT arms exactly its themed room object
OPERA2D|OK|painter PAINT hotspot art, glow, and touch target do not clip
OPERA2D|OK|painter PAINT keeps its idle object clear of Roshan's body
OPERA2D|OK|painter STAMPS arms exactly its themed room object
OPERA2D|OK|painter STAMPS hotspot art, glow, and touch target do not clip
OPERA2D|OK|painter STAMPS keeps its idle object clear of Roshan's body
OPERA2D|OK|painter GALLERY arms exactly its themed room object
OPERA2D|OK|painter GALLERY hotspot art, glow, and touch target do not clip
OPERA2D|OK|painter GALLERY keeps its idle object clear of Roshan's body
OPERA2D|OK|painter re-arms only the next phase object and blocks all others
OPERA2D|OK|painter safely returns the phase-one invitation after rearm audit
OPERA2D|OK|painter blocks every inactive room object
OPERA2D|OK|painter animates its invitation without passive game progress
OPERA2D|OK|painter cannot open or score a closed task with real gestures
OPERA2D|OK|painter emulated mouse cannot steal the active touch
OPERA2D|OK|painter touch drag does not act before release/arrival
OPERA2D|OK|painter foreign finger cannot commit travel intent
OPERA2D|OK|painter touch release queues object approach without opening remotely
OPERA2D|OK|painter cancelled touch clears pending action and movement
OPERA2D|OK|painter canceled vertical step settles at its clean floor coordinate
OPERA2D|OK|painter mouse drag release shares touch object approach
OPERA2D|OK|painter floor retarget cancels previous object intent
OPERA2D|OK|painter hotspot tap starts an authored route, never the task
OPERA2D|OK|painter hotspot tap cannot award immediate progress
OPERA2D|OK|painter stays on authored walkways from tap through arrival
OPERA2D|OK|painter arrives, plays one object opening, then opens the task
OPERA2D|OK|painter ignores an extra touch during the object opening flourish
OPERA2D|OK|painter approach and opening remain passive-safe
OPERA2D|OK|painter hands input safely from the room to the minigame
OPERA2D|OK|painter uses a transparent borderless activity focus
OPERA2D|OK|painter keeps the opened activity and full Mermaid Roshan onscreen
OPERA2D|OK|painter keeps every visible partner clear of Roshan and the activity
OPERA2D|OK|painter returns from activity staging to the approached floor socket
OPERA2D|OK|painter loads the authored magnifier prop
OPERA2D|OK|painter borderless activity focus never covers animated Roshan
OPERA2D|OK|painter keeps the rival hidden before its stage contest
OPERA2D|OK|painter brings in its dressed finale partner
OPERA2D|OK|painter stages the room-finale partner clear of Roshan and the activity
OPERA2D|OK|painter finishes on the proscenium stage
OPERA2D|OK|painter can complete through one-finger phases
OPERA2D|OK|painter awards a graded crowd reaction
OPERA2D|OK|painter gives the curtain-call cast distinct stage-local rests
OPERA2D|OK|painter restores the touch layer on exit
OPERA2D|OK|astronaut enters Canvas career world
OPERA2D|OK|astronaut uses no 3D children in career play
OPERA2D|OK|astronaut builds a scalable code-native career world
OPERA2D|OK|astronaut loads Mermaid Roshan's outfit actor
OPERA2D|OK|astronaut loads its dressed rival or care partner
OPERA2D|OK|astronaut keeps the rival hidden during earlier minigames
OPERA2D|OK|astronaut pauses competition scoring before the finale
OPERA2D|OK|astronaut has a multi-phase job game
OPERA2D|OK|astronaut applies the performance plan only to the three freeplay acts
OPERA2D|OK|astronaut starts without passive progress
OPERA2D|OK|astronaut opens with its job verb, not the shared brawl
OPERA2D|OK|astronaut waits at the room entrance in its costume idle
OPERA2D|OK|astronaut costume atlas advances frames
OPERA2D|OK|astronaut contains its signature mechanic
OPERA2D|OK|astronaut VALVE finishes in 1.5 to 2.2 rotations
OPERA2D|OK|astronaut retains its thematic rotation verb
OPERA2D|OK|astronaut avoids copied combat phases
OPERA2D|OK|astronaut keeps the stage finale for the job contest
OPERA2D|OK|astronaut starts in its job world, off the proscenium
OPERA2D|OK|astronaut paints the supplied codex career world
OPERA2D|OK|astronaut owns complete stage art
OPERA2D|OK|astronaut PATCH places pieces on authored surface anchors
OPERA2D|OK|astronaut loads every diegetic phase widget
OPERA2D|OK|astronaut widgets remain input-causal with owner-gated completion
OPERA2D|OK|astronaut suppresses every retired framed widget backdrop
OPERA2D|OK|astronaut keeps a persistent borderless play affordance
OPERA2D|OK|astronaut replaces clipboard and beacon textures with the room itself
OPERA2D|OK|astronaut exposes one full-room constrained touch layer
OPERA2D|OK|astronaut starts with the room available and its task closed
OPERA2D|OK|astronaut builds only named physical ActivityHotspot objects
OPERA2D|OK|astronaut hotspot invitations are pictorial and never reading-dependent
OPERA2D|OK|astronaut PIPES arms exactly its themed room object
OPERA2D|OK|astronaut PIPES hotspot art, glow, and touch target do not clip
OPERA2D|OK|astronaut PIPES keeps its idle object clear of Roshan's body
OPERA2D|OK|astronaut PATCH arms exactly its themed room object
OPERA2D|OK|astronaut PATCH hotspot art, glow, and touch target do not clip
OPERA2D|OK|astronaut PATCH keeps its idle object clear of Roshan's body
OPERA2D|OK|astronaut VALVE arms exactly its themed room object
OPERA2D|OK|astronaut VALVE hotspot art, glow, and touch target do not clip
OPERA2D|OK|astronaut VALVE keeps its idle object clear of Roshan's body
OPERA2D|OK|astronaut LAUNCH arms exactly its themed room object
OPERA2D|OK|astronaut LAUNCH hotspot art, glow, and touch target do not clip
OPERA2D|OK|astronaut LAUNCH keeps its idle object clear of Roshan's body
OPERA2D|OK|astronaut re-arms only the next phase object and blocks all others
OPERA2D|OK|astronaut safely returns the phase-one invitation after rearm audit
OPERA2D|OK|astronaut blocks every inactive room object
OPERA2D|OK|astronaut animates its invitation without passive game progress
OPERA2D|OK|astronaut cannot open or score a closed task with real gestures
OPERA2D|OK|astronaut emulated mouse cannot steal the active touch
OPERA2D|OK|astronaut touch drag does not act before release/arrival
OPERA2D|OK|astronaut foreign finger cannot commit travel intent
OPERA2D|OK|astronaut touch release queues object approach without opening remotely
OPERA2D|OK|astronaut cancelled touch clears pending action and movement
OPERA2D|OK|astronaut canceled vertical step settles at its clean floor coordinate
OPERA2D|OK|astronaut mouse drag release shares touch object approach
OPERA2D|OK|astronaut floor retarget cancels previous object intent
OPERA2D|OK|astronaut hotspot tap starts an authored route, never the task
OPERA2D|OK|astronaut hotspot tap cannot award immediate progress
OPERA2D|OK|astronaut stays on authored walkways from tap through arrival
OPERA2D|OK|astronaut arrives, plays one object opening, then opens the task
OPERA2D|OK|astronaut ignores an extra touch during the object opening flourish
OPERA2D|OK|astronaut approach and opening remain passive-safe
OPERA2D|OK|astronaut hands input safely from the room to the minigame
OPERA2D|OK|astronaut uses a transparent borderless activity focus
OPERA2D|OK|astronaut keeps the opened activity and full Mermaid Roshan onscreen
OPERA2D|OK|astronaut keeps every visible partner clear of Roshan and the activity
OPERA2D|OK|astronaut returns from activity staging to the approached floor socket
OPERA2D|OK|astronaut loads the authored magnifier prop
OPERA2D|OK|astronaut borderless activity focus never covers animated Roshan
OPERA2D|OK|astronaut keeps the rival hidden before its stage contest
OPERA2D|OK|astronaut brings in its dressed finale partner
OPERA2D|OK|astronaut stages the room-finale partner clear of Roshan and the activity
OPERA2D|OK|astronaut finishes on the proscenium stage
OPERA2D|OK|astronaut can complete through one-finger phases
OPERA2D|OK|astronaut awards a graded crowd reaction
OPERA2D|OK|astronaut gives the curtain-call cast distinct stage-local rests
OPERA2D|OK|astronaut restores the touch layer on exit
OPERA2D|OK|racer enters Canvas career world
OPERA2D|OK|racer Canvas world has a bounded post-build subtree
OPERA2D|OK|racer uses the current animated Roshan atlas, rival and trophy art
OPERA2D|OK|racer uses no 3D children in career play
OPERA2D|OK|racer builds a scalable code-native career world
OPERA2D|OK|racer loads Mermaid Roshan's outfit actor
OPERA2D|OK|racer loads its dressed rival or care partner
OPERA2D|OK|racer keeps the rival hidden during earlier minigames
OPERA2D|OK|racer pauses competition scoring before the finale
OPERA2D|OK|racer has a multi-phase job game
OPERA2D|OK|racer applies the performance plan only to the three freeplay acts
OPERA2D|OK|racer starts without passive progress
OPERA2D|OK|racer opens with its job verb, not the shared brawl
OPERA2D|OK|racer waits at the room entrance in its costume idle
OPERA2D|OK|racer costume atlas advances frames
OPERA2D|OK|racer contains its signature mechanic
OPERA2D|OK|racer RACE uses its direct specialist surface
OPERA2D|OK|racer exposes every declared direct specialist phase
OPERA2D|OK|racer TUNE finishes in 1.5 to 2.2 rotations
OPERA2D|OK|racer retains its thematic rotation verb
OPERA2D|OK|racer avoids copied combat phases
OPERA2D|OK|racer keeps the stage finale for the job contest
OPERA2D|OK|racer starts in its job world, off the proscenium
OPERA2D|OK|racer paints the supplied codex career world
OPERA2D|OK|racer owns complete stage art
OPERA2D|OK|racer loads every diegetic phase widget
OPERA2D|OK|racer widgets remain input-causal with owner-gated completion
OPERA2D|OK|racer suppresses every retired framed widget backdrop
OPERA2D|OK|racer keeps a persistent borderless play affordance
OPERA2D|OK|racer replaces clipboard and beacon textures with the room itself
OPERA2D|OK|racer exposes one full-room constrained touch layer
OPERA2D|OK|racer starts with the room available and its task closed
OPERA2D|OK|racer builds only named physical ActivityHotspot objects
OPERA2D|OK|racer hotspot invitations are pictorial and never reading-dependent
OPERA2D|OK|racer TUNE arms exactly its themed room object
OPERA2D|OK|racer TUNE hotspot art, glow, and touch target do not clip
OPERA2D|OK|racer TUNE keeps its idle object clear of Roshan's body
OPERA2D|OK|racer TO THE LINE arms exactly its themed room object
OPERA2D|OK|racer TO THE LINE hotspot art, glow, and touch target do not clip
OPERA2D|OK|racer TO THE LINE keeps its idle object clear of Roshan's body
OPERA2D|OK|racer RACE arms exactly its themed room object
OPERA2D|OK|racer RACE hotspot art, glow, and touch target do not clip
OPERA2D|OK|racer RACE keeps its idle object clear of Roshan's body
OPERA2D|OK|racer re-arms only the next phase object and blocks all others
OPERA2D|OK|racer safely returns the phase-one invitation after rearm audit
OPERA2D|OK|racer blocks every inactive room object
OPERA2D|OK|racer animates its invitation without passive game progress
OPERA2D|OK|racer cannot open or score a closed task with real gestures
OPERA2D|OK|racer emulated mouse cannot steal the active touch
OPERA2D|OK|racer touch drag does not act before release/arrival
OPERA2D|OK|racer foreign finger cannot commit travel intent
OPERA2D|OK|racer touch release queues object approach without opening remotely
OPERA2D|OK|racer cancelled touch clears pending action and movement
OPERA2D|OK|racer canceled vertical step settles at its clean floor coordinate
OPERA2D|OK|racer mouse drag release shares touch object approach
OPERA2D|OK|racer floor retarget cancels previous object intent
OPERA2D|OK|racer hotspot tap starts an authored route, never the task
OPERA2D|OK|racer hotspot tap cannot award immediate progress
OPERA2D|OK|racer stays on authored walkways from tap through arrival
OPERA2D|OK|racer arrives, plays one object opening, then opens the task
OPERA2D|OK|racer ignores an extra touch during the object opening flourish
OPERA2D|OK|racer approach and opening remain passive-safe
OPERA2D|OK|racer hands input safely from the room to the minigame
OPERA2D|OK|racer uses a transparent borderless activity focus
OPERA2D|OK|racer keeps the opened activity and full Mermaid Roshan onscreen
OPERA2D|OK|racer keeps every visible partner clear of Roshan and the activity
OPERA2D|OK|racer returns from activity staging to the approached floor socket
OPERA2D|OK|racer loads the authored magnifier prop
OPERA2D|OK|racer borderless activity focus never covers animated Roshan
OPERA2D|OK|racer TUNE retains its reviewed work prop across input and time
OPERA2D|OK|racer TO THE LINE retains its reviewed work prop across input and time
OPERA2D|OK|racer keeps the current three-beat career arc
OPERA2D|OK|racer finale uses the exact recorded steering instruction
OPERA2D|OK|racer finale is a code-native two-lap one-finger race
OPERA2D|OK|racer race replaces both static actors with its drawn kart cast
OPERA2D|OK|racer finale makes one exact pooled speech request
OPERA2D|OK|recorded racer instruction needs no caption or yay fallback
OPERA2D|OK|ten quiet racer seconds award no progress or curtain call
OPERA2D|OK|racer finale stays visible inside the Opera Canvas world
OPERA2D|OK|racer steering surface owns the contained 1280x720 stage
OPERA2D|OK|racer finale adds no nodes beyond its post-build Canvas bound
OPERA2D|OK|racer owns exactly one active Canvas career world
OPERA2D|OK|racer finale launches no external main child
OPERA2D|OK|cancelled racer touch freezes distance, then a fresh touch resumes
OPERA2D|OK|racer keeps steering ownership while a second finger fires turbo
OPERA2D|OK|genuine steering touches finish two laps within the frame bound
OPERA2D|OK|racer race returns the trophy with no placement fail branch
OPERA2D|OK|racer completion never leaves Opera or adds an external runtime
OPERA2D|OK|racer keeps the rival hidden before its stage contest
OPERA2D|OK|racer brings in its dressed finale partner
OPERA2D|OK|racer stages the room-finale partner clear of Roshan and the activity
OPERA2D|OK|racer finale was completed only through the real steering surface
OPERA2D|OK|racer finishes on the proscenium stage
OPERA2D|OK|racer can complete through one-finger phases
OPERA2D|OK|racer awards a graded crowd reaction
OPERA2D|OK|racer gives the curtain-call cast distinct stage-local rests
OPERA2D|OK|racer restores the touch layer on exit
OPERA2D|OK|popstar enters Canvas career world
OPERA2D|OK|popstar uses no 3D children in career play
OPERA2D|OK|popstar builds a scalable code-native career world
OPERA2D|OK|popstar loads Mermaid Roshan's outfit actor
OPERA2D|OK|popstar loads its dressed rival or care partner
OPERA2D|OK|popstar keeps the rival hidden during earlier minigames
OPERA2D|OK|popstar pauses competition scoring before the finale
OPERA2D|OK|popstar has a multi-phase job game
OPERA2D|OK|popstar applies the performance plan only to the three freeplay acts
OPERA2D|OK|popstar prepends three practice lessons then repeats its full show
OPERA2D|OK|popstar starts without passive progress
OPERA2D|OK|popstar opens with its job verb, not the shared brawl
OPERA2D|OK|popstar waits at the room entrance in its costume idle
OPERA2D|OK|popstar costume atlas advances frames
OPERA2D|OK|popstar contains its signature mechanic
OPERA2D|OK|popstar ENCORE finishes in 1.5 to 2.2 rotations
OPERA2D|OK|popstar retains its thematic rotation verb
OPERA2D|OK|popstar DANCE visibly cues its next correct choice
OPERA2D|OK|popstar DANCE visibly cues its next correct choice
OPERA2D|OK|popstar avoids copied combat phases
OPERA2D|OK|popstar keeps the stage finale for the job contest
OPERA2D|OK|popstar starts in its job world, off the proscenium
OPERA2D|OK|popstar paints the supplied codex career world
OPERA2D|OK|popstar owns complete stage art
OPERA2D|OK|popstar loads every diegetic phase widget
OPERA2D|OK|popstar widgets remain input-causal with owner-gated completion
OPERA2D|OK|popstar suppresses every retired framed widget backdrop
OPERA2D|OK|popstar keeps a persistent borderless play affordance
OPERA2D|OK|popstar replaces clipboard and beacon textures with the room itself
OPERA2D|OK|popstar exposes one full-room constrained touch layer
OPERA2D|OK|popstar starts with the room available and its task closed
OPERA2D|OK|popstar builds only named physical ActivityHotspot objects
OPERA2D|OK|popstar hotspot invitations are pictorial and never reading-dependent
OPERA2D|OK|popstar SOUND CHECK arms exactly its themed room object
OPERA2D|OK|popstar SOUND CHECK hotspot art, glow, and touch target do not clip
OPERA2D|OK|popstar SOUND CHECK keeps its idle object clear of Roshan's body
OPERA2D|OK|popstar DANCE arms exactly its themed room object
OPERA2D|OK|popstar DANCE hotspot art, glow, and touch target do not clip
OPERA2D|OK|popstar DANCE keeps its idle object clear of Roshan's body
OPERA2D|OK|popstar RHYTHM arms exactly its themed room object
OPERA2D|OK|popstar RHYTHM hotspot art, glow, and touch target do not clip
OPERA2D|OK|popstar RHYTHM keeps its idle object clear of Roshan's body
OPERA2D|OK|popstar SOUND CHECK auto-opens on the painted Opera stage
OPERA2D|OK|popstar SOUND CHECK removes every rehearsal-room hotspot from the stage
OPERA2D|OK|popstar DANCE auto-opens on the painted Opera stage
OPERA2D|OK|popstar DANCE removes every rehearsal-room hotspot from the stage
OPERA2D|OK|popstar RHYTHM auto-opens on the painted Opera stage
OPERA2D|OK|popstar RHYTHM removes every rehearsal-room hotspot from the stage
OPERA2D|OK|popstar ENCORE auto-opens on the painted Opera stage
OPERA2D|OK|popstar ENCORE removes every rehearsal-room hotspot from the stage
OPERA2D|OK|popstar re-arms only the next phase object and blocks all others
OPERA2D|OK|popstar safely returns the phase-one invitation after rearm audit
OPERA2D|OK|popstar blocks every inactive room object
OPERA2D|OK|popstar animates its invitation without passive game progress
OPERA2D|OK|popstar cannot open or score a closed task with real gestures
OPERA2D|OK|popstar emulated mouse cannot steal the active touch
OPERA2D|OK|popstar touch drag does not act before release/arrival
OPERA2D|OK|popstar foreign finger cannot commit travel intent
OPERA2D|OK|popstar touch release queues object approach without opening remotely
OPERA2D|OK|popstar cancelled touch clears pending action and movement
OPERA2D|OK|popstar canceled vertical step settles at its clean floor coordinate
OPERA2D|OK|popstar mouse drag release shares touch object approach
OPERA2D|OK|popstar floor retarget cancels previous object intent
OPERA2D|OK|popstar hotspot tap starts an authored route, never the task
OPERA2D|OK|popstar hotspot tap cannot award immediate progress
OPERA2D|OK|popstar stays on authored walkways from tap through arrival
OPERA2D|OK|popstar arrives, plays one object opening, then opens the task
OPERA2D|OK|popstar ignores an extra touch during the object opening flourish
OPERA2D|OK|popstar approach and opening remain passive-safe
OPERA2D|OK|popstar hands input safely from the room to the minigame
OPERA2D|OK|popstar uses a transparent borderless activity focus
OPERA2D|OK|popstar keeps the opened activity and full Mermaid Roshan onscreen
OPERA2D|OK|popstar keeps every visible partner clear of Roshan and the activity
OPERA2D|OK|popstar returns from activity staging to the approached floor socket
OPERA2D|OK|popstar loads the authored magnifier prop
OPERA2D|OK|popstar borderless activity focus never covers animated Roshan
OPERA2D|OK|popstar keeps the rival hidden before its stage contest
OPERA2D|OK|popstar brings in its dressed finale partner
OPERA2D|OK|popstar stages the room-finale partner clear of Roshan and the activity
OPERA2D|OK|popstar finishes on the proscenium stage
OPERA2D|OK|popstar can complete through one-finger phases
OPERA2D|OK|popstar awards a graded crowd reaction
OPERA2D|OK|popstar gives the curtain-call cast distinct stage-local rests
OPERA2D|OK|popstar restores the touch layer on exit
OPERA2D|OK|nursery enters Canvas career world
OPERA2D|OK|nursery uses no 3D children in career play
OPERA2D|OK|nursery builds a scalable code-native career world
OPERA2D|OK|nursery loads Mermaid Roshan's outfit actor
OPERA2D|OK|nursery loads its dressed rival or care partner
OPERA2D|OK|nursery keeps its care partner beside Roshan from the first beat
OPERA2D|OK|nursery pauses competition scoring before the finale
OPERA2D|OK|nursery has a multi-phase job game
OPERA2D|OK|nursery applies the performance plan only to the three freeplay acts
OPERA2D|OK|nursery starts without passive progress
OPERA2D|OK|nursery opens with its job verb, not the shared brawl
OPERA2D|OK|nursery waits at the room entrance in its costume idle
OPERA2D|OK|nursery costume atlas advances frames
OPERA2D|OK|nursery contains its signature mechanic
OPERA2D|OK|nursery WASH HANDS uses its direct specialist surface
OPERA2D|OK|nursery FEED uses its direct specialist surface
OPERA2D|OK|nursery BURP uses its direct specialist surface
OPERA2D|OK|nursery BEDTIME uses its direct specialist surface
OPERA2D|OK|nursery exposes every declared direct specialist phase
OPERA2D|OK|nursery catch surface stays above and clear of its progress bar
OPERA2D|OK|nursery avoids copied combat phases
OPERA2D|OK|nursery keeps the stage finale for the job contest
OPERA2D|OK|nursery starts in its job world, off the proscenium
OPERA2D|OK|nursery paints the supplied codex career world
OPERA2D|OK|nursery owns complete stage art
OPERA2D|OK|nursery loads every diegetic phase widget
OPERA2D|OK|nursery widgets remain input-causal with owner-gated completion
OPERA2D|OK|nursery suppresses every retired framed widget backdrop
OPERA2D|OK|nursery keeps a persistent borderless play affordance
OPERA2D|OK|nursery replaces clipboard and beacon textures with the room itself
OPERA2D|OK|nursery exposes one full-room constrained touch layer
OPERA2D|OK|nursery starts with the room available and its task closed
OPERA2D|OK|nursery builds only named physical ActivityHotspot objects
OPERA2D|OK|nursery hotspot invitations are pictorial and never reading-dependent
OPERA2D|OK|nursery WASH HANDS arms exactly its themed room object
OPERA2D|OK|nursery WASH HANDS hotspot art, glow, and touch target do not clip
OPERA2D|OK|nursery WASH HANDS keeps its idle object clear of Roshan's body
OPERA2D|OK|nursery CATCH BABIES arms exactly its themed room object
OPERA2D|OK|nursery CATCH BABIES hotspot art, glow, and touch target do not clip
OPERA2D|OK|nursery CATCH BABIES keeps its idle object clear of Roshan's body
OPERA2D|OK|nursery FEED arms exactly its themed room object
OPERA2D|OK|nursery FEED hotspot art, glow, and touch target do not clip
OPERA2D|OK|nursery FEED keeps its idle object clear of Roshan's body
OPERA2D|OK|nursery BURP arms exactly its themed room object
OPERA2D|OK|nursery BURP hotspot art, glow, and touch target do not clip
OPERA2D|OK|nursery BURP keeps its idle object clear of Roshan's body
OPERA2D|OK|nursery BEDTIME arms exactly its themed room object
OPERA2D|OK|nursery BEDTIME hotspot art, glow, and touch target do not clip
OPERA2D|OK|nursery BEDTIME keeps its idle object clear of Roshan's body
OPERA2D|OK|nursery re-arms only the next phase object and blocks all others
OPERA2D|OK|nursery safely returns the phase-one invitation after rearm audit
OPERA2D|OK|nursery blocks every inactive room object
OPERA2D|OK|nursery animates its invitation without passive game progress
OPERA2D|OK|nursery cannot open or score a closed task with real gestures
OPERA2D|OK|nursery emulated mouse cannot steal the active touch
OPERA2D|OK|nursery touch drag does not act before release/arrival
OPERA2D|OK|nursery foreign finger cannot commit travel intent
OPERA2D|OK|nursery touch release queues object approach without opening remotely
OPERA2D|OK|nursery cancelled touch clears pending action and movement
OPERA2D|OK|nursery canceled vertical step settles at its clean floor coordinate
OPERA2D|OK|nursery mouse drag release shares touch object approach
OPERA2D|OK|nursery floor retarget cancels previous object intent
OPERA2D|OK|nursery hotspot tap starts an authored route, never the task
OPERA2D|OK|nursery hotspot tap cannot award immediate progress
OPERA2D|OK|nursery stays on authored walkways from tap through arrival
OPERA2D|OK|nursery arrives, plays one object opening, then opens the task
OPERA2D|OK|nursery ignores an extra touch during the object opening flourish
OPERA2D|OK|nursery approach and opening remain passive-safe
OPERA2D|OK|nursery hands input safely from the room to the minigame
OPERA2D|OK|nursery uses a transparent borderless activity focus
OPERA2D|OK|nursery keeps the opened activity and full Mermaid Roshan onscreen
OPERA2D|OK|nursery keeps every visible partner clear of Roshan and the activity
OPERA2D|OK|nursery returns from activity staging to the approached floor socket
OPERA2D|OK|nursery loads the authored magnifier prop
OPERA2D|OK|nursery borderless activity focus never covers animated Roshan
OPERA2D|OK|nursery keeps the rival hidden before its stage contest
OPERA2D|OK|nursery brings in its dressed finale partner
OPERA2D|OK|nursery stages the room-finale partner clear of Roshan and the activity
OPERA2D|OK|nursery curtain call records cooperative care
OPERA2D|OK|nursery finishes on the proscenium stage
OPERA2D|OK|nursery can complete through one-finger phases
OPERA2D|OK|nursery awards a graded crowd reaction
OPERA2D|OK|nursery gives the curtain-call cast distinct stage-local rests
OPERA2D|OK|nursery restores the touch layer on exit
OPERA2D|OK|geologist enters Canvas career world
OPERA2D|OK|geologist uses no 3D children in career play
OPERA2D|OK|geologist builds a scalable code-native career world
OPERA2D|OK|geologist loads Mermaid Roshan's outfit actor
OPERA2D|OK|geologist loads its dressed rival or care partner
OPERA2D|OK|geologist keeps its care partner beside Roshan from the first beat
OPERA2D|OK|geologist pauses competition scoring before the finale
OPERA2D|OK|geologist has a multi-phase job game
OPERA2D|OK|geologist applies the performance plan only to the three freeplay acts
OPERA2D|OK|geologist starts without passive progress
OPERA2D|OK|geologist opens with its job verb, not the shared brawl
OPERA2D|OK|geologist waits at the room entrance in its costume idle
OPERA2D|OK|geologist idle does not cycle unrelated gesture keys
OPERA2D|OK|geologist travel does not cycle unrelated gesture keys
OPERA2D|OK|geologist work does not cycle unrelated gesture keys
OPERA2D|OK|geologist idle and menu preserve the complete tail-fin pose
OPERA2D|OK|geologist celebration settles without repeating
OPERA2D|OK|geologist contains its signature mechanic
OPERA2D|OK|geologist has exactly RIVER, FOSSIL, PAN, and GEODE at one goal each
OPERA2D|OK|geologist uses its dedicated full-canvas one-finger surface
OPERA2D|OK|thirty idle seconds never excavate, wash, or open geology material
OPERA2D|OK|a second finger and cancellation cannot steal or advance a river stroke
OPERA2D|OK|river keeps disconnected digging dry but accepts a new connected channel
OPERA2D|OK|river checkpoint is JSON-safe and restores released partial material
OPERA2D|OK|malformed geology checkpoint fields grant no phantom progress
OPERA2D|OK|geology restore derives stage, wash, and finds from earned primitives
OPERA2D|OK|fully earned restore awards once after opening and never while armed
OPERA2D|OK|each physical geology task emits exactly one award with no duplicates
OPERA2D|OK|geologist RIVER uses its direct specialist surface
OPERA2D|OK|geologist FOSSIL uses its direct specialist surface
OPERA2D|OK|geologist PAN uses its direct specialist surface
OPERA2D|OK|geologist GEODE uses its direct specialist surface
OPERA2D|OK|geologist exposes every declared direct specialist phase
OPERA2D|OK|geologist avoids copied combat phases
OPERA2D|OK|geologist keeps the stage finale for the job contest
OPERA2D|OK|geologist starts in its job world, off the proscenium
OPERA2D|OK|geologist paints the supplied codex career world
OPERA2D|OK|geologist owns complete stage art
OPERA2D|OK|geologist loads every diegetic phase widget
OPERA2D|OK|geologist widgets remain input-causal with owner-gated completion
OPERA2D|OK|geologist suppresses every retired framed widget backdrop
OPERA2D|OK|geologist keeps a persistent borderless play affordance
OPERA2D|OK|geologist replaces clipboard and beacon textures with the room itself
OPERA2D|OK|geologist exposes one full-room constrained touch layer
OPERA2D|OK|geologist starts with the room available and its task closed
OPERA2D|OK|geologist builds only named physical ActivityHotspot objects
OPERA2D|OK|geologist hotspot invitations are pictorial and never reading-dependent
OPERA2D|OK|geologist RIVER arms exactly its themed room object
OPERA2D|OK|geologist RIVER hotspot art, glow, and touch target do not clip
OPERA2D|OK|geologist RIVER keeps its idle object clear of Roshan's body
OPERA2D|OK|geologist FOSSIL arms exactly its themed room object
OPERA2D|OK|geologist FOSSIL hotspot art, glow, and touch target do not clip
OPERA2D|OK|geologist FOSSIL keeps its idle object clear of Roshan's body
OPERA2D|OK|geologist PAN arms exactly its themed room object
OPERA2D|OK|geologist PAN hotspot art, glow, and touch target do not clip
OPERA2D|OK|geologist PAN keeps its idle object clear of Roshan's body
OPERA2D|OK|geologist GEODE arms exactly its themed room object
OPERA2D|OK|geologist GEODE hotspot art, glow, and touch target do not clip
OPERA2D|OK|geologist GEODE keeps its idle object clear of Roshan's body
OPERA2D|OK|geologist re-arms only the next phase object and blocks all others
OPERA2D|OK|geologist safely returns the phase-one invitation after rearm audit
OPERA2D|OK|geologist blocks every inactive room object
OPERA2D|OK|geologist animates its invitation without passive game progress
OPERA2D|OK|geologist cannot open or score a closed task with real gestures
OPERA2D|OK|geologist emulated mouse cannot steal the active touch
OPERA2D|OK|geologist touch drag does not act before release/arrival
OPERA2D|OK|geologist foreign finger cannot commit travel intent
OPERA2D|OK|geologist touch release queues object approach without opening remotely
OPERA2D|OK|geologist cancelled touch clears pending action and movement
OPERA2D|OK|geologist canceled vertical step settles at its clean floor coordinate
OPERA2D|OK|geologist mouse drag release shares touch object approach
OPERA2D|OK|geologist floor retarget cancels previous object intent
OPERA2D|OK|geologist hotspot tap starts an authored route, never the task
OPERA2D|OK|geologist hotspot tap cannot award immediate progress
OPERA2D|OK|geologist stays on authored walkways from tap through arrival
OPERA2D|OK|geologist arrives, plays one object opening, then opens the task
OPERA2D|OK|geologist ignores an extra touch during the object opening flourish
OPERA2D|OK|geologist approach and opening remain passive-safe
OPERA2D|OK|geologist hands input safely from the room to the minigame
OPERA2D|OK|geologist uses a transparent borderless activity focus
OPERA2D|OK|geologist keeps the opened activity and full Mermaid Roshan onscreen
OPERA2D|OK|geologist keeps every visible partner clear of Roshan and the activity
OPERA2D|OK|geologist returns from activity staging to the approached floor socket
OPERA2D|OK|geologist object opens its full-canvas material workspace
OPERA2D|OK|geologist loads the authored magnifier prop
OPERA2D|OK|geologist borderless activity focus never covers animated Roshan
OPERA2D|OK|geologist keeps the rival hidden before its stage contest
OPERA2D|OK|geologist brings in its dressed finale partner
OPERA2D|OK|geologist stages the room-finale partner clear of Roshan and the activity
OPERA2D|OK|geologist finishes on the proscenium stage
OPERA2D|OK|geologist can complete through one-finger phases
OPERA2D|OK|geologist awards a graded crowd reaction
OPERA2D|OK|geologist gives the curtain-call cast distinct stage-local rests
OPERA2D|OK|geologist restores the touch layer on exit
OPERA2D|OK|teacher enters Canvas career world
OPERA2D|OK|teacher uses Roshan's current teacher atlas and the existing doctor buddy
OPERA2D|OK|teacher resolves every lesson, help, choice, and number recording
OPERA2D|OK|teacher uses no 3D children in career play
OPERA2D|OK|teacher builds a scalable code-native career world
OPERA2D|OK|teacher loads Mermaid Roshan's outfit actor
OPERA2D|OK|teacher loads its dressed rival or care partner
OPERA2D|OK|teacher keeps the rival hidden during earlier minigames
OPERA2D|OK|teacher pauses competition scoring before the finale
OPERA2D|OK|teacher has a multi-phase job game
OPERA2D|OK|teacher applies the performance plan only to the three freeplay acts
OPERA2D|OK|teacher starts without passive progress
OPERA2D|OK|teacher opens with its job verb, not the shared brawl
OPERA2D|OK|teacher waits at the room entrance in its costume idle
OPERA2D|OK|teacher idle does not cycle unrelated gesture keys
OPERA2D|OK|teacher travel does not cycle unrelated gesture keys
OPERA2D|OK|teacher work does not cycle unrelated gesture keys
OPERA2D|OK|teacher celebration settles without repeating
OPERA2D|OK|teacher contains its signature mechanic
OPERA2D|OK|teacher rejects malformed JSON progress without phantom mastery
OPERA2D|OK|teacher lessons deterministically grow AB, count, sum, and shape difficulty
OPERA2D|OK|three clean wins promote only that subject while help never costs mastery
OPERA2D|OK|teacher has exactly PATTERN, COUNT, ADD, and MATCH at one goal each
OPERA2D|OK|teacher waits with a dedicated full-canvas learning surface armed
OPERA2D|OK|thirty quiet seconds cannot answer or award a teacher lesson
OPERA2D|OK|a wrong answer teaches the target, marks help, and grants no mastery
OPERA2D|OK|count requires one touch per object and survives cancel plus JSON restore
OPERA2D|OK|addition joins both groups, then counts every object before answering
OPERA2D|OK|matching lays out four exact shapes and emits no duplicate win
OPERA2D|OK|completed current lesson restore awards once only after its board opens
OPERA2D|OK|teacher PATTERN uses its direct specialist surface
OPERA2D|OK|teacher COUNT uses its direct specialist surface
OPERA2D|OK|teacher ADD uses its direct specialist surface
OPERA2D|OK|teacher MATCH uses its direct specialist surface
OPERA2D|OK|teacher exposes every declared direct specialist phase
OPERA2D|OK|teacher avoids copied combat phases
OPERA2D|OK|teacher keeps the stage finale for the job contest
OPERA2D|OK|teacher starts in its job world, off the proscenium
OPERA2D|OK|teacher paints the supplied codex career world
OPERA2D|OK|teacher owns complete stage art
OPERA2D|OK|teacher loads every diegetic phase widget
OPERA2D|OK|teacher widgets remain input-causal with owner-gated completion
OPERA2D|OK|teacher suppresses every retired framed widget backdrop
OPERA2D|OK|teacher keeps a persistent borderless play affordance
OPERA2D|OK|teacher replaces clipboard and beacon textures with the room itself
OPERA2D|OK|teacher exposes one full-room constrained touch layer
OPERA2D|OK|teacher starts with the room available and its task closed
OPERA2D|OK|teacher builds only named physical ActivityHotspot objects
OPERA2D|OK|teacher hotspot invitations are pictorial and never reading-dependent
OPERA2D|OK|teacher PATTERN arms exactly its themed room object
OPERA2D|OK|teacher PATTERN hotspot art, glow, and touch target do not clip
OPERA2D|OK|teacher PATTERN keeps its idle object clear of Roshan's body
OPERA2D|OK|teacher COUNT arms exactly its themed room object
OPERA2D|OK|teacher COUNT hotspot art, glow, and touch target do not clip
OPERA2D|OK|teacher COUNT keeps its idle object clear of Roshan's body
OPERA2D|OK|teacher ADD arms exactly its themed room object
OPERA2D|OK|teacher ADD hotspot art, glow, and touch target do not clip
OPERA2D|OK|teacher ADD keeps its idle object clear of Roshan's body
OPERA2D|OK|teacher MATCH arms exactly its themed room object
OPERA2D|OK|teacher MATCH hotspot art, glow, and touch target do not clip
OPERA2D|OK|teacher MATCH keeps its idle object clear of Roshan's body
OPERA2D|OK|teacher re-arms only the next phase object and blocks all others
OPERA2D|OK|teacher safely returns the phase-one invitation after rearm audit
OPERA2D|OK|teacher blocks every inactive room object
OPERA2D|OK|teacher animates its invitation without passive game progress
OPERA2D|OK|teacher cannot open or score a closed task with real gestures
OPERA2D|OK|teacher emulated mouse cannot steal the active touch
OPERA2D|OK|teacher touch drag does not act before release/arrival
OPERA2D|OK|teacher foreign finger cannot commit travel intent
OPERA2D|OK|teacher touch release queues object approach without opening remotely
OPERA2D|OK|teacher cancelled touch clears pending action and movement
OPERA2D|OK|teacher canceled vertical step settles at its clean floor coordinate
OPERA2D|OK|teacher mouse drag release shares touch object approach
OPERA2D|OK|teacher floor retarget cancels previous object intent
OPERA2D|OK|teacher hotspot tap starts an authored route, never the task
OPERA2D|OK|teacher hotspot tap cannot award immediate progress
OPERA2D|OK|teacher stays on authored walkways from tap through arrival
OPERA2D|OK|teacher arrives, plays one object opening, then opens the task
OPERA2D|OK|teacher ignores an extra touch during the object opening flourish
OPERA2D|OK|teacher approach and opening remain passive-safe
OPERA2D|OK|teacher hands input safely from the room to the minigame
OPERA2D|OK|teacher uses a transparent borderless activity focus
OPERA2D|OK|teacher keeps the opened activity and full Mermaid Roshan onscreen
OPERA2D|OK|teacher keeps every visible partner clear of Roshan and the activity
OPERA2D|OK|teacher returns from activity staging to the approached floor socket
OPERA2D|OK|teacher object opens its full-canvas learning board
OPERA2D|OK|teacher loads the authored magnifier prop
OPERA2D|OK|teacher borderless activity focus never covers animated Roshan
OPERA2D|OK|quick counting queues every spoken number then choice in FIFO order
OPERA2D|OK|teacher keeps the rival hidden before its stage contest
OPERA2D|OK|teacher keeps the borrowed doctor buddy hidden through its lesson finale
OPERA2D|OK|connected wrong-then-help records a round without false mastery
OPERA2D|OK|teacher finishes on the proscenium stage
OPERA2D|OK|teacher can complete through one-finger phases
OPERA2D|OK|teacher awards a graded crowd reaction
OPERA2D|OK|teacher gives the curtain-call cast distinct stage-local rests
OPERA2D|OK|teacher restores the touch layer on exit
OPERA2D|OK|racer lifecycle fixture exists
OPERA2D|OK|racer lifecycle enters one Canvas world
OPERA2D|OK|racer can be cancelled during a live one-finger turn
OPERA2D|OK|mid-turn cancel frees the act, world and steering surface
OPERA2D|OK|mid-turn cancel restores touch and leaves no Opera world
OPERA2D|OK|mid-turn cancel changes no direct main children
OPERA2D|OK|racer immediately re-enters one fresh Canvas world
OPERA2D|OK|fresh racer re-entry resets steering and progress
OPERA2D|OK|fresh racer re-entry can win and recover the approved trophy
OPERA2D|OK|fresh racer award adds no direct main child
OPERA2D|OK|completed racer re-entry tears down cleanly and restores touch
OPERA2D|OK|inside-line steering has causal pace and pearl payoff
OPERA2D|OK|held Turbo drives past three seconds and scene-tree pause cancels it
OPERA2D|OK|five early exits and re-entries free every Opera world and restore touch
OPERA2D|OK|all fifteen career jobs were exercised
OPERA2D|OK|the current fifteen careers expose exactly seventy playable phase units
OPERA2D|OK|all shared art-family career widget contracts were exercised
OPERA2D|OK|every declared direct specialist surface was exercised
OPERA2D|OK|every retained generic rotation uses the shortened pacing
OPERA2D|OK|reviewed pose coverage: doctor/WASH
OPERA2D|OK|reviewed pose coverage: doctor/FIND
OPERA2D|OK|reviewed pose coverage: doctor/X-RAY
OPERA2D|OK|reviewed pose coverage: doctor/CAST
OPERA2D|OK|reviewed pose coverage: doctor/BANDAGE
OPERA2D|OK|reviewed pose coverage: farmer/PLANT
OPERA2D|OK|reviewed pose coverage: farmer/TOSS
OPERA2D|OK|reviewed pose coverage: farmer/HERD
OPERA2D|OK|reviewed pose coverage: farmer/PICNIC
OPERA2D|OK|reviewed pose coverage: racer/TUNE
OPERA2D|OK|reviewed pose coverage: racer/TO THE LINE
OPERA2D|OK|Hall semantic pose coverage: magician/practice/VANISH
OPERA2D|OK|Hall semantic pose coverage: magician/practice/TRACK
OPERA2D|OK|Hall semantic pose coverage: magician/practice/ROPE
OPERA2D|OK|Hall semantic pose coverage: magician/stage/VANISH
OPERA2D|OK|Hall semantic pose coverage: magician/stage/TRACK
OPERA2D|OK|Hall semantic pose coverage: magician/stage/ROPE
OPERA2D|OK|Hall semantic pose coverage: magician/stage/CABINET
OPERA2D|OK|Hall semantic pose coverage: magician/stage/PORTAL
OPERA2D|result: ALL OK
PROBE probe_opera_2d process exit: 0
=== probe_opera_nursery ===
Godot Engine v4.7.2.stable.official.ed1daf0bf - https://godotengine.org

NURSERY|OK|old Opera saves preserve retired bits without counting them playable
NURSERY|OK|job twelve opens the dedicated Canvas nursery
NURSERY|OK|nursery has no clinic or Stuffie Surgeon engine
NURSERY|OK|Roshan and Faron use authored nursery actors
NURSERY|OK|Nurse Faron stays beside Roshan as a cooperative partner
NURSERY|OK|the care story keeps its beats inside the five-beat arc
NURSERY|OK|hand washing opens with no passive progress or copied combat
NURSERY|OK|WASH HANDS re-prompt preserves speaker and cue
NURSERY|OK|CATCH BABIES re-prompt preserves speaker and cue
NURSERY|OK|CATCH BABIES re-prompt selects exact Faron clip
NURSERY|OK|FEED re-prompt preserves speaker and cue
NURSERY|OK|FEED re-prompt selects exact Faron clip
NURSERY|OK|BURP re-prompt preserves speaker and cue
NURSERY|OK|BEDTIME re-prompt preserves speaker and cue
NURSERY|OK|BEDTIME re-prompt selects exact Faron clip
NURSERY|OK|open-task re-prompt exercises the intended idle branch
NURSERY|OK|open-task re-prompt uses active phase identity and exact cue
NURSERY|OK|catch phase reuses and expands the falling-baby grammar
NURSERY|OK|catch phase keeps the painted nursery visible behind its mobile
NURSERY|OK|falling babies never catch themselves without fresh touch
NURSERY|OK|misses remain safe and invoke the mercy path
NURSERY|OK|one-finger steering catches all five babies after safe misses
NURSERY|OK|feeding waits at its painted station before the bottle opens
NURSERY|OK|waiting-at-station re-prompt exercises the intended idle branch
NURSERY|OK|waiting-at-station re-prompt uses active phase identity and exact cue
NURSERY|OK|feeding uses the approved bottle hold tableau
NURSERY|OK|feeding clears into the gentle burp-pat beat without an imp chase
NURSERY|OK|four gentle pats advance to the direct blanket scene
NURSERY|OK|three one-use blanket tucks complete bedtime
NURSERY|OK|blanket tuck completes the cooperative nursery show
NURSERY|OK|curtain call celebrates cozy babies, not beating Faron
NURSERY|OK|nursery restores the touch layer on exit
NURSERY|result: ALL OK
PROBE probe_opera_nursery process exit: 0
=== probe_opera_diegetic_paths ===
Godot Engine v4.7.2.stable.official.ed1daf0bf - https://godotengine.org

OPERA_DIEGETIC_PATHS|result: ALL OK (2432 checks, 14 careers, 68 stations, 57 playable phases, 52 authored spurs)
PROBE probe_opera_diegetic_paths process exit: 0
=== probe_chapter2 ===
Godot Engine v4.7.2.stable.official.ed1daf0bf - https://godotengine.org

CHAPTER2|boss defeat is blocked before the boss trigger: OK
CHAPTER2|the four clean rooms arm the boss door: OK
CHAPTER2|boss defeat starts Chapter 2: OK
CHAPTER2|Detective telemetry names the accepted unlit candle asset: OK
CHAPTER2|there is no standalone tutorial prelude: OK
CHAPTER2|chapter starts at Farmer, not Detective: OK
CHAPTER2|foyer cards resolve to truthful Castle launch owners: OK
CHAPTER2|foyer rejects a non-Opera career from hardcoded opera_hall: OK
CHAPTER2|plot-only Ballerina and Detective keep their room owners: OK
CHAPTER2|Farmer hands the same five visible strawberries to the kitchen: OK
CHAPTER2|Chef visibly builds one persistent cake through five distinct states: OK
CHAPTER2|Candy Maker keeps the frosted cake and stages five glazed berries: OK
CHAPTER2|Candy placement reveals the selected runtime cake without a candle: OK
CHAPTER2|Chef and Candy Maker phase data names the actual resulting art: OK
CHAPTER2|the Chapter 2 party roster is exactly eight stable Opera bits: OK
CHAPTER2|Chef cannot precede Farmer: OK
CHAPTER2|stale phase callbacks cannot award the wrong act: OK
CHAPTER2|Farmer phase callback fills exactly five strawberries: OK
CHAPTER2|ordered party act 6 completes: OK
CHAPTER2|Chef phase callback records the bottom cake piece: OK
CHAPTER2|ordered party act 0 completes: OK
CHAPTER2|ordered party act 3 completes: OK
CHAPTER2|ordered party act 10 completes: OK
CHAPTER2|Farmer ingredient and Chef cake milestones persist: OK
CHAPTER2|Painter unlocks the second four story careers: OK
CHAPTER2|Ballerina remains a plot-owned room action: OK
CHAPTER2|Ballerina completes after Painter: OK
CHAPTER2|Pop Star sound check follows Ballerina: OK
CHAPTER2|Astronaut parks the rocket before the final candle search: OK
CHAPTER2|all eight Chapter 2 careers teach a nonempty truthful skill: OK
CHAPTER2|export-safe caption matches generated speech chapter2_chef_stack: OK
CHAPTER2|export-safe caption matches generated speech chapter2_detective_unlit_rainbow_candle_reveal: OK
CHAPTER2|export-safe caption matches generated speech chapter2_ballerina_stuffies_mirror: OK
CHAPTER2|export-safe caption matches generated speech chapter2_candymaker_coat_strawberries: OK
CHAPTER2|export-safe caption matches generated speech chapter2_candymaker_sort_strawberries: OK
CHAPTER2|export-safe caption matches generated speech chapter2_candymaker_glaze_strawberries: OK
CHAPTER2|export-safe caption matches generated speech chapter2_candymaker_place_candied_strawberries: OK
CHAPTER2|export-safe caption matches generated speech chapter2_farmer_gather_strawberries: OK
CHAPTER2|export-safe caption matches generated speech chapter2_farmer_fill_basket: OK
CHAPTER2|export-safe caption matches generated speech chapter2_farmer_deliver_to_kitchen: OK
CHAPTER2|export-safe caption matches generated speech chapter2_painter_paint_banner: OK
CHAPTER2|export-safe caption matches generated speech chapter2_painter_hang_banner: OK
CHAPTER2|export-safe caption matches generated speech chapter2_astronaut_ready_park: OK
CHAPTER2|export-safe caption matches generated speech chapter2_route_farmer: OK
CHAPTER2|export-safe caption matches generated speech chapter2_route_chef: OK
CHAPTER2|export-safe caption matches generated speech chapter2_route_candy_maker: OK
CHAPTER2|export-safe caption matches generated speech chapter2_route_painter: OK
CHAPTER2|export-safe caption matches generated speech chapter2_route_ballerina: OK
CHAPTER2|export-safe caption matches generated speech chapter2_route_popstar: OK
CHAPTER2|export-safe caption matches generated speech chapter2_route_astronaut: OK
CHAPTER2|export-safe caption matches generated speech chapter2_route_detective: OK
CHAPTER2|export-safe caption matches generated speech chapter2_party_ready: OK
CHAPTER2|export-safe caption matches generated speech chapter2_ember_clue: OK
CHAPTER2|exact phase audio farmer/GATHER STRAWBERRIES: OK
CHAPTER2|exact phase audio farmer/FILL BASKET: OK
CHAPTER2|exact phase audio farmer/DELIVER TO KITCHEN: OK
CHAPTER2|exact door guidance farmer: OK
CHAPTER2|exact phase audio chef/MIX: OK
CHAPTER2|exact phase audio chef/STIR: OK
CHAPTER2|exact phase audio chef/BAKE: OK
CHAPTER2|exact phase audio chef/STACK: OK
CHAPTER2|exact phase audio chef/FROST: OK
CHAPTER2|exact door guidance chef: OK
CHAPTER2|exact phase audio candymaker/COAT STRAWBERRIES: OK
CHAPTER2|exact phase audio candymaker/SORT STRAWBERRIES: OK
CHAPTER2|exact phase audio candymaker/GLAZE STRAWBERRIES: OK
CHAPTER2|exact phase audio candymaker/PLACE ON CAKE: OK
CHAPTER2|exact door guidance candymaker: OK
CHAPTER2|exact phase audio painter/PAINT: OK
CHAPTER2|exact phase audio painter/STAMP: OK
CHAPTER2|exact phase audio painter/HANG: OK
CHAPTER2|exact door guidance painter: OK
CHAPTER2|exact phase audio ballerina/STUFFIES MIRROR: OK
CHAPTER2|exact phase audio ballerina/STUFFIES TWIRL: OK
CHAPTER2|exact phase audio ballerina/STUFFIES BOW: OK
CHAPTER2|exact door guidance ballerina: OK
CHAPTER2|exact phase audio popstar/SOUND CHECK: OK
CHAPTER2|exact phase audio popstar/STAGE RUMI: OK
CHAPTER2|exact phase audio popstar/RHYTHM: OK
CHAPTER2|exact phase audio popstar/ENCORE: OK
CHAPTER2|exact door guidance popstar: OK
CHAPTER2|exact phase audio astronaut/BUILD ROCKET: OK
CHAPTER2|exact phase audio astronaut/PATCH: OK
CHAPTER2|exact phase audio astronaut/VALVE: OK
CHAPTER2|exact phase audio astronaut/READY PARK: OK
CHAPTER2|exact door guidance astronaut: OK
CHAPTER2|exact phase audio detective/LENS: OK
CHAPTER2|exact phase audio detective/STORYBOOK BOARD: OK
CHAPTER2|exact phase audio detective/UNLIT RAINBOW CANDLE: OK
CHAPTER2|exact door guidance detective: OK
CHAPTER2|all 29 required Day Two phases covered: OK
CHAPTER2|Detective waits until every earlier preparation is ready: OK
CHAPTER2|Detective finds the last missing candle unlit: OK
CHAPTER2|party event phase stays at candle-found until ignition: OK
CHAPTER2|party cannot start in unrelated rooms: OK
CHAPTER2|party ignition starts only after all eight milestones: OK
CHAPTER2|Main Hall offers the lawn route without advancing the story on a timer: OK
CHAPTER2|leaving Main Hall cancels party beat timing without progress: OK
CHAPTER2|the safe ember scout beat precedes the King take: OK
CHAPTER2|King theft rejects missing protection and Main Hall callers: OK
CHAPTER2|Ember King takes the lit candle for his birthday: OK
CHAPTER2|Main Hall does not reintroduce the departed Prince placeholder: OK
CHAPTER2|Ember take removes only the candle and leaves the cake: OK
CHAPTER2|save healing rejects skipped milestones and early crash: OK
CHAPTER2|save normalization retains all eight milestones: OK
CHAPTER2|new milestone fields have strict boolean validation: OK
CHAPTER2|new masks are fixed, typed, and heal future bits: OK
CHAPTER2|save healing stores the same contiguous cake rendered after load: OK
CHAPTER2|phase healing preserves the current job and prunes later jobs: OK
CHAPTER2|Ember protection uses valid shared boss rules: OK
CHAPTER2|Ember round 0 offers a counter after safe dodges: OK
CHAPTER2|held and off-target input cannot protect a round: OK
CHAPTER2|one visible fresh counter saves exactly one protection round: OK
CHAPTER2|Ember re-entry preserves completed rounds: OK
CHAPTER2|Ember round 1 offers a counter after safe dodges: OK
CHAPTER2|held and off-target input cannot protect a round: OK
CHAPTER2|one visible fresh counter saves exactly one protection round: OK
CHAPTER2|Ember re-entry preserves completed rounds: OK
CHAPTER2|Ember round 2 offers a counter after safe dodges: OK
CHAPTER2|held and off-target input cannot protect a round: OK
CHAPTER2|one visible fresh counter saves exactly one protection round: OK
CHAPTER2|Ember re-entry preserves completed rounds: OK
CHAPTER2|protecting friends does not itself steal the candle or finish the story: OK
CHAPTER2|Ember checkpoint rejects malformed types: OK
CHAPTER2|Ember cannot pre-win before party preparation: OK
CHAPTER2|RESULT: PASS checks_failed=0
PROBE probe_chapter2 process exit: 0
